run_id,seed,floor,floor_type,steps_moved,encounters,battles,battles_won,battles_fled,hp_before,hp_after,mp_before,mp_after,xp_gained,gold_gained,level_before,level_after,medicinal_herb_use_count,potion_use_count,dawn_chalice_use_count,medicinal_herb_remain_after,potion_remain_after,chalice_remain_after,skill_use_count,recovery_skill_use_count,total_damage_dealt,total_damage_taken,total_battle_turns,win_turns_sum,avg_turns_per_win,death_flag,clear_flag,next_floor_flag,floor1_town_uses_cumulative,last_battle_enemy_count,sum_enemy_monsters_in_battles,max_enemy_monsters_single_battle,death_ai_equip,skill_activation_breakdown,companion_joins,companions_joined_cumulative,notes
1,12345,1,Normal,38,4,4,4,0,37,93,0,0,80,0,1,1,2,11,3,0,3,3,0,0,448,16,20,20,5,0,1,1,5,4,16,4,,,2,Rat|Rat,floor1_town;companion_join:Rat;companion_join:Rat
1,12345,2,Normal,25,0,0,0,0,93,93,0,0,0,0,1,1,0,0,0,0,3,3,0,0,0,0,0,0,0,0,1,1,5,0,0,0,,,0,Rat|Rat,
1,12345,3,Normal,5,1,1,0,0,93,0,0,0,0,0,1,1,0,3,3,0,0,0,0,0,158,93,5,0,0,1,0,0,5,4,4,4,RH=Crude Sword|LH=Crude Sword|BD=Crude Armour|A1=Crude Bracelet|A2=Crude Bracelet,,0,Rat|Rat,party wiped
2,12346,1,Normal,36,6,6,5,1,37,128,0,1,100,0,1,2,0,18,6,0,3,3,0,0,616,63,32,27,5.4,0,1,1,7,4,24,4,,,3,Rat|Rat|Rat,floor1_town;companion_join:Rat;companion_join:Rat;companion_join:Rat; +1 levelup; flee×1
2,12346,2,Normal,40,5,5,5,0,128,46,1,1,100,0,2,2,0,3,3,0,0,0,1,0,560,89,19,19,3.8,0,1,1,7,4,20,4,,Swords_T1_03=1,0,Rat|Rat|Rat,companion_join_skip:party_full;companion_join_skip:party_full;companion_join_skip:party_full;companion_join_skip:party_full
2,12346,3,Normal,4,1,1,0,0,46,0,1,1,0,0,2,2,1,0,0,1,0,0,0,0,51,46,3,0,0,1,0,0,7,4,4,4,RH=Crude Sword|LH=Crude Sword|BD=Crude Armour|A1=Crude Bracelet|A2=Crude Bracelet,,0,Rat|Rat|Rat,party wiped
3,12347,1,Normal,34,5,5,5,0,37,45,0,2,100,0,1,2,2,15,10,0,3,3,0,0,560,24,32,32,6.4,0,1,1,6,4,20,4,,,0,-,floor1_town; +1 levelup
3,12347,2,Normal,27,2,2,2,0,45,45,2,2,40,0,2,2,0,3,2,2,0,1,1,0,224,-1,9,9,4.5,0,1,1,6,4,8,4,,Swords_T1_03=1,0,-,
3,12347,3,Normal,9,1,1,0,0,45,0,2,2,0,0,2,2,3,0,1,0,0,0,2,0,145,43,4,0,0,1,0,0,6,4,4,4,RH=Crude Sword|LH=Crude Sword|BD=Crude Armour|A1=Crude Bracelet|A2=Crude Bracelet,Swords_T1_03=2,0,-,party wiped
4,12348,1,Normal,32,2,2,2,0,37,37,0,0,40,0,1,1,0,6,2,0,3,3,0,0,224,16,13,13,6.5,0,1,1,3,4,8,4,,,0,-,floor1_town
4,12348,2,Normal,40,3,3,2,1,37,29,0,0,40,0,1,1,0,6,6,0,0,0,0,0,280,37,16,14,7,0,1,1,4,4,12,4,,,0,-,flee×1
4,12348,3,Normal,4,1,1,0,0,29,0,0,0,0,0,1,1,1,3,3,0,0,0,0,0,78,37,3,0,0,1,0,0,10,4,4,4,RH=Crude Sword|LH=Crude Sword|BD=Crude Armour|A1=Crude Bracelet|A2=Crude Bracelet,,0,-,party wiped
5,12349,1,Normal,30,2,2,2,0,37,65,0,0,40,0,1,1,0,6,3,1,3,3,0,0,224,8,10,10,5,0,1,1,3,4,8,4,,,1,Rat,floor1_town;companion_join:Rat
5,12349,2,Normal,13,3,3,2,0,65,0,0,0,40,0,1,1,3,3,3,0,0,0,0,0,321,73,15,11,5.5,1,0,0,3,4,12,4,RH=Crude Sword|LH=Crude Sword|BD=Crude Armour|A1=Crude Bracelet|A2=Crude Bracelet,,0,Rat,party wiped
6,12350,1,Normal,28,0,0,0,0,37,37,0,0,0,0,1,1,0,0,0,0,3,3,0,0,0,0,0,0,0,0,1,1,1,0,0,0,,,0,-,floor1_town
6,12350,2,Normal,34,4,4,4,0,37,65,0,0,80,0,1,1,0,12,9,1,0,0,0,0,448,29,24,24,6,0,1,1,4,4,16,4,,,1,Rat,companion_join:Rat
6,12350,3,Normal,11,1,1,0,0,65,0,0,0,0,0,1,1,3,0,0,0,0,0,0,0,102,65,3,0,0,1,0,0,4,4,4,4,RH=Crude Sword|LH=Crude Sword|BD=Crude Armour|A1=Crude Bracelet|A2=Crude Bracelet,,0,Rat,party wiped
7,12351,1,Normal,26,4,4,4,0,37,65,0,0,80,0,1,1,0,12,6,1,3,3,0,0,448,16,18,18,4.5,0,1,1,5,4,16,4,,,1,Rat,floor1_town;companion_join:Rat
7,12351,2,Normal,32,2,2,2,0,65,46,0,1,40,0,1,2,1,3,3,0,0,0,0,0,224,44,9,9,4.5,0,1,1,5,4,8,4,,,0,Rat,+1 levelup
7,12351,3,Normal,22,2,2,0,1,46,0,1,1,0,0,2,2,1,3,3,0,0,0,2,0,224,85,6,0,0,1,0,0,6,4,8,4,RH=Crude Sword|LH=Crude Sword|BD=Crude Armour|A1=Crude Bracelet|A2=Crude Bracelet,Swords_T1_03=2,0,Rat,party wiped; flee×1
8,12352,1,Normal,40,7,7,7,0,37,100,0,3,140,0,1,2,2,19,7,0,3,3,1,0,784,50,32,32,4.571,0,1,1,8,4,28,4,,Swords_T1_03=1,2,Rat|Rat,floor1_town;companion_join:Rat;companion_join:Rat; +1 levelup
8,12352,2,Normal,39,4,4,4,0,100,74,3,3,80,0,2,2,1,3,3,0,0,0,2,0,448,62,14,14,3.5,0,1,1,8,4,16,4,,Swords_T1_03=2,1,Rat|Rat|Rat,companion_join:Rat
8,12352,3,Normal,13,1,1,0,0,74,0,3,3,0,0,2,2,1,0,0,0,0,0,1,0,209,73,7,0,0,1,0,0,8,4,4,4,RH=Crude Sword|LH=Crude Sword|BD=Crude Armour|A1=Crude Bracelet|A2=Crude Bracelet,Swords_T1_03=1,0,Rat|Rat|Rat,party wiped
9,12353,1,Normal,38,3,3,3,0,37,65,0,0,60,0,1,1,1,8,5,0,3,3,0,0,336,8,18,18,6,0,1,1,4,4,12,4,,,1,Rat,floor1_town;companion_join:Rat
9,12353,2,Normal,38,4,4,3,1,65,45,0,2,60,0,1,2,0,6,6,0,0,0,1,0,420,61,22,18,6,0,1,1,5,4,16,4,,Swords_T1_03=1,0,Rat,+1 levelup; flee×1
9,12353,3,Normal,8,1,1,0,0,45,0,2,2,0,0,2,2,1,0,0,0,0,0,1,0,89,44,3,0,0,1,0,0,5,4,4,4,RH=Crude Sword|LH=Crude Sword|BD=Crude Armour|A1=Crude Bracelet|A2=Crude Bracelet,Swords_T1_03=1,0,Rat,party wiped
10,12354,1,Normal,36,1,1,1,0,37,37,0,0,20,0,1,1,0,3,2,2,3,3,0,0,112,8,7,7,7,0,1,1,2,4,4,4,,,0,-,floor1_town
10,12354,2,Normal,29,0,0,0,0,37,37,0,0,0,0,1,1,0,0,0,3,3,3,0,0,0,0,0,0,0,0,1,1,2,0,0,0,,,0,-,
10,12354,3,Normal,3,1,1,0,0,37,0,0,0,0,0,1,1,0,3,3,3,0,0,0,0,88,37,3,0,0,1,0,0,8,4,4,4,RH=Crude Sword|LH=Crude Sword|BD=Crude Armour|A1=Crude Bracelet|A2=Crude Bracelet,,0,-,party wiped
11,12355,1,Normal,34,3,3,3,0,37,65,0,0,60,0,1,1,0,9,4,0,3,3,0,0,336,3,18,18,6,0,1,1,4,4,12,4,,,1,Rat,floor1_town;companion_join:Rat
11,12355,2,Normal,32,3,3,3,0,65,61,0,1,60,0,1,2,1,3,3,0,0,0,1,0,336,83,14,14,4.667,0,1,1,4,4,12,4,,Swords_T1_03=1,2,Rat|Rat|Rat,companion_join:Rat;companion_join:Rat; +1 levelup
11,12355,3,Normal,9,1,1,0,0,61,0,1,1,0,0,2,2,1,0,0,0,0,0,0,0,103,91,3,0,0,1,0,0,4,4,4,4,RH=Crude Sword|LH=Crude Sword|BD=Crude Armour|A1=Crude Bracelet|A2=Crude Bracelet,,0,Rat|Rat|Rat,party wiped
12,12356,1,Normal,32,5,5,5,0,37,44,0,3,100,0,1,2,2,15,11,0,3,3,0,0,560,50,34,34,6.8,0,1,1,6,4,20,4,,,0,-,floor1_town; +1 levelup
12,12356,2,Normal,26,3,3,3,0,44,37,3,3,60,0,2,2,2,6,3,0,0,3,3,0,336,17,20,20,6.667,0,1,1,7,4,12,4,,Swords_T1_03=3,0,-,
12,12356,3,Normal,1,1,1,0,0,37,0,3,3,0,0,2,2,1,3,3,0,0,0,1,0,208,43,7,0,0,1,0,0,8,4,4,4,RH=Crude Sword|LH=Crude Sword|BD=Crude Armour|A1=Crude Bracelet|A2=Crude Bracelet,Swords_T1_03=1,0,-,party wiped
13,12357,1,Normal,30,2,2,2,0,37,37,0,0,40,0,1,1,0,6,2,0,3,3,0,0,224,0,13,13,6.5,0,1,1,3,4,8,4,,,0,-,floor1_town
13,12357,2,Normal,21,3,3,2,0,37,0,0,0,40,0,1,1,2,3,3,0,0,0,0,0,302,65,15,13,6.5,1,0,0,3,4,12,4,RH=Crude Sword|LH=Crude Sword|BD=Crude Armour|A1=Crude Bracelet|A2=Crude Bracelet,,1,Rat,companion_join:Rat; party wiped
14,12358,1,Normal,28,2,2,2,0,37,65,0,0,40,0,1,1,0,5,3,2,3,3,0,0,224,13,9,9,4.5,0,1,1,3,4,8,4,,,1,Rat,floor1_town;companion_join:Rat
14,12358,2,Normal,27,2,2,2,0,65,44,0,0,40,0,1,1,1,3,3,2,0,0,0,0,224,21,10,10,5,0,1,1,3,4,8,4,,,0,Rat,
14,12358,3,Normal,3,1,1,0,0,44,0,0,0,0,0,1,1,2,0,0,0,0,0,0,0,104,44,2,0,0,1,0,0,3,4,4,4,RH=Crude Sword|LH=Crude Sword|BD=Crude Armour|A1=Crude Bracelet|A2=Crude Bracelet,,0,Rat,party wiped
15,12359,1,Normal,25,1,1,1,0,37,37,0,0,20,0,1,1,0,3,1,0,3,3,0,0,112,1,6,6,6,0,1,1,2,4,4,4,,,0,-,floor1_town
15,12359,2,Normal,33,3,3,2,0,37,0,0,0,40,0,1,1,1,3,3,0,0,0,0,0,305,65,15,11,5.5,1,0,0,2,4,12,4,RH=Crude Sword|LH=Crude Sword|BD=Crude Armour|A1=Crude Bracelet|A2=Crude Bracelet,,1,Rat,companion_join:Rat; party wiped
16,12360,1,Normal,39,3,3,3,0,37,37,0,0,60,0,1,1,0,8,4,1,3,3,0,0,336,8,17,17,5.667,0,1,1,4,4,12,4,,,0,-,floor1_town
16,12360,2,Normal,28,3,3,3,0,37,74,0,1,60,0,1,2,1,6,4,1,0,0,1,0,336,7,16,16,5.333,0,1,1,5,4,12,4,,Swords_T1_03=1,1,Rat,companion_join:Rat; +1 levelup
16,12360,3,Normal,3,1,1,0,0,74,0,1,1,0,0,2,2,1,0,0,0,0,0,0,0,60,74,3,0,0,1,0,0,5,4,4,4,RH=Crude Sword|LH=Crude Sword|BD=Crude Armour|A1=Crude Bracelet|A2=Crude Bracelet,,0,Rat,party wiped
17,12361,1,Normal,20,2,2,1,0,37,0,0,0,20,0,1,1,0,6,4,0,0,0,0,0,164,37,11,5,5,1,0,0,2,4,8,4,RH=Crude Sword|LH=Crude Sword|BD=Crude Armour|A1=Crude Bracelet|A2=Crude Bracelet,,0,-,floor1_town; party wiped
18,12362,1,Normal,35,3,3,3,0,37,65,0,0,60,0,1,1,1,8,5,0,3,3,0,0,336,17,16,16,5.333,0,1,1,4,4,12,4,,,1,Rat,floor1_town;companion_join:Rat
18,12362,2,Normal,13,3,3,2,0,65,0,0,2,40,0,1,2,2,3,3,0,0,0,0,0,240,85,11,9,4.5,1,0,0,4,4,12,4,RH=Crude Sword|LH=Crude Sword|BD=Crude Armour|A1=Crude Bracelet|A2=Crude Bracelet,,0,Rat,party wiped; +1 levelup
19,12363,1,Normal,33,4,4,4,0,37,121,0,0,80,0,1,1,2,12,3,0,3,3,0,0,448,14,20,20,5,0,1,1,5,4,16,4,,,3,Rat|Rat|Rat,floor1_town;companion_join:Rat;companion_join:Rat;companion_join:Rat
19,12363,2,Normal,27,3,3,3,0,121,116,0,1,60,0,1,2,1,3,3,0,0,0,1,0,336,21,10,10,3.333,0,1,1,5,4,12,4,,Swords_T1_03=1,0,Rat|Rat|Rat,companion_join_skip:party_full;companion_join_skip:party_full; +1 levelup
19,12363,3,Normal,25,2,2,1,0,116,0,1,1,48,0,2,2,1,0,0,0,0,0,1,0,283,115,7,5,5,1,0,0,5,4,8,4,RH=Crude Sword|LH=Crude Sword|BD=Crude Armour|A1=Crude Bracelet|A2=Crude Bracelet,Swords_T1_03=1,0,Rat|Rat|Rat,party wiped
20,12364,1,Normal,31,2,2,2,0,37,37,0,0,40,0,1,1,0,6,2,1,3,3,0,0,224,0,9,9,4.5,0,1,1,3,4,8,4,,,0,-,floor1_town
20,12364,2,Normal,25,5,5,4,0,37,0,0,1,80,0,1,2,3,6,4,0,0,0,1,0,514,89,24,20,5,1,0,0,4,4,20,4,RH=Crude Sword|LH=Crude Sword|BD=Crude Armour|A1=Crude Bracelet|A2=Crude Bracelet,Swords_T1_03=1,1,Rat,companion_join:Rat; party wiped; +1 levelup
21,12365,1,Normal,29,2,2,2,0,37,65,0,0,40,0,1,1,1,6,0,1,3,3,0,0,224,0,9,9,4.5,0,1,1,3,4,8,4,,,1,Rat,floor1_town;companion_join:Rat
21,12365,2,Normal,34,2,2,2,0,65,57,0,0,40,0,1,1,1,3,1,2,0,2,0,0,224,8,9,9,4.5,0,1,1,3,4,8,4,,,0,Rat,
21,12365,3,Normal,3,1,1,0,0,57,0,0,0,0,0,1,1,4,0,2,0,0,0,0,0,180,57,6,0,0,1,0,0,3,4,4,4,RH=Crude Sword|LH=Crude Sword|BD=Crude Armour|A1=Crude Bracelet|A2=Crude Bracelet,,0,Rat,party wiped
22,12366,1,Normal,27,3,3,3,0,37,65,0,0,60,0,1,1,0,9,5,0,3,3,0,0,336,8,16,16,5.333,0,1,1,4,4,12,4,,,1,Rat,floor1_town;companion_join:Rat
22,12366,2,Normal,31,2,2,2,0,65,45,0,2,40,0,1,2,1,3,3,0,0,0,0,0,224,44,11,11,5.5,0,1,1,4,4,8,4,,,0,Rat,+1 levelup
22,12366,3,Normal,9,1,1,0,0,45,0,2,2,0,0,2,2,0,0,0,0,0,0,1,0,60,44,1,0,0,1,0,0,4,4,4,4,RH=Crude Sword|LH=Crude Sword|BD=Crude Armour|A1=Crude Bracelet|A2=Crude Bracelet,Swords_T1_03=1,0,Rat,party wiped
23,12367,1,Normal,25,2,2,2,0,37,37,0,0,40,0,1,1,1,6,4,1,3,3,0,0,224,16,13,13,6.5,0,1,1,3,4,8,4,,,0,-,floor1_town
23,12367,2,Normal,38,3,3,3,0,37,73,0,2,60,0,1,2,2,3,3,0,0,0,0,0,336,24,14,14,4.667,0,1,1,3,4,12,4,,,1,Rat,companion_join:Rat; +1 levelup
23,12367,3,Normal,7,1,1,0,0,73,0,2,2,0,0,2,2,1,0,0,0,0,0,1,0,60,72,2,0,0,1,0,0,3,4,4,4,RH=Crude Sword|LH=Crude Sword|BD=Crude Armour|A1=Crude Bracelet|A2=Crude Bracelet,Swords_T1_03=1,0,Rat,party wiped
24,12368,1,Normal,39,3,3,3,0,37,65,0,0,60,0,1,1,0,9,3,0,3,3,0,0,336,10,17,17,5.667,0,1,1,4,4,12,4,,,1,Rat,floor1_town;companion_join:Rat
24,12368,2,Normal,34,2,2,2,0,65,100,0,2,40,0,1,2,2,3,3,0,0,0,0,0,224,16,10,10,5,0,1,1,4,4,8,4,,,1,Rat|Rat,companion_join:Rat; +1 levelup
24,12368,3,Normal,3,1,1,0,0,100,0,2,2,0,0,2,2,2,0,0,0,0,0,0,0,94,100,4,0,0,1,0,0,4,4,4,4,RH=Crude Sword|LH=Crude Sword|BD=Crude Armour|A1=Crude Bracelet|A2=Crude Bracelet,,0,Rat|Rat,party wiped
25,12369,1,Normal,37,4,4,4,0,37,65,0,0,80,0,1,1,1,11,6,0,3,3,0,0,448,0,23,23,5.75,0,1,1,5,4,16,4,,,1,Rat,floor1_town;companion_join:Rat
25,12369,2,Normal,27,2,2,2,0,65,75,0,1,40,0,1,2,0,3,3,0,0,0,1,0,224,32,8,8,4,0,1,1,5,4,8,4,,Swords_T1_03=1,1,Rat|Rat,companion_join:Rat; +1 levelup
25,12369,3,Normal,4,1,1,0,0,75,0,1,1,0,0,2,2,2,0,0,0,0,0,1,0,236,74,7,0,0,1,0,0,5,4,4,4,RH=Crude Sword|LH=Crude Sword|BD=Crude Armour|A1=Crude Bracelet|A2=Crude Bracelet,Swords_T1_03=1,0,Rat|Rat,party wiped
26,12370,1,Normal,4,1,1,0,0,37,0,0,0,0,0,1,1,0,3,3,0,0,0,0,0,106,37,7,0,0,1,0,0,1,4,4,4,RH=Crude Sword|LH=Crude Sword|BD=Crude Armour|A1=Crude Bracelet|A2=Crude Bracelet,,0,-,floor1_town; party wiped
27,12371,1,Normal,33,5,5,5,0,37,45,0,2,100,0,1,2,1,15,10,0,3,3,0,0,560,8,29,29,5.8,0,1,1,6,4,20,4,,,0,-,floor1_town; +1 levelup
27,12371,2,Normal,30,4,4,4,0,45,8,2,2,80,0,2,2,0,9,7,0,0,0,4,0,448,83,25,25,6.25,0,1,1,8,4,16,4,,Swords_T1_03=4,0,-,
27,12371,3,Normal,3,1,1,0,0,8,0,2,2,0,0,2,2,2,0,0,0,0,0,1,0,90,42,2,0,0,1,0,0,8,4,4,4,RH=Crude Sword|LH=Crude Sword|BD=Crude Armour|A1=Crude Bracelet|A2=Crude Bracelet,Swords_T1_03=1,0,-,party wiped
28,12372,1,Normal,31,4,4,4,0,37,65,0,0,80,0,1,1,2,12,7,0,3,3,0,0,448,60,24,24,6,0,1,1,5,4,16,4,,,1,Rat,floor1_town;companion_join:Rat
28,12372,2,Normal,29,0,0,0,0,65,65,0,0,0,0,1,1,0,0,0,1,3,3,0,0,0,0,0,0,0,0,1,1,5,0,0,0,,,0,Rat,
28,12372,3,Normal,15,1,1,0,0,65,0,0,0,0,0,1,1,2,3,3,1,0,0,0,0,120,65,5,0,0,1,0,0,5,4,4,4,RH=Crude Sword|LH=Crude Sword|BD=Crude Armour|A1=Crude Bracelet|A2=Crude Bracelet,,0,Rat,party wiped
29,12373,1,Normal,29,2,2,2,0,37,37,0,0,40,0,1,1,0,6,4,1,3,3,0,0,224,0,12,12,6,0,1,1,3,4,8,4,,,0,-,floor1_town
29,12373,2,Normal,31,5,5,4,0,37,0,0,2,80,0,1,2,3,3,3,0,0,0,1,0,503,108,20,18,4.5,1,0,0,3,4,20,4,RH=Crude Sword|LH=Crude Sword|BD=Crude Armour|A1=Crude Bracelet|A2=Crude Bracelet,Swords_T1_03=1,2,Rat|Rat,companion_join:Rat;companion_join:Rat; party wiped; +1 levelup
30,12374,1,Normal,27,2,2,2,0,37,37,0,0,40,0,1,1,0,6,6,2,3,3,0,0,224,8,13,13,6.5,0,1,1,3,4,8,4,,,0,-,floor1_town
30,12374,2,Normal,26,2,2,2,0,37,24,0,0,40,0,1,1,4,3,3,0,0,0,0,0,224,41,17,17,8.5,0,1,1,3,4,8,4,,,1,Rat,companion_join:Rat
30,12374,3,Normal,2,1,1,0,0,24,0,0,0,0,0,1,1,0,3,3,0,0,0,0,0,132,37,3,0,0,1,0,0,9,4,4,4,RH=Crude Sword|LH=Crude Sword|BD=Crude Armour|A1=Crude Bracelet|A2=Crude Bracelet,,0,Rat,party wiped
31,12375,1,Normal,25,3,3,3,0,37,93,0,0,60,0,1,1,1,9,4,0,3,3,0,0,336,8,13,13,4.333,0,1,1,4,4,12,4,,,2,Rat|Rat,floor1_town;companion_join:Rat;companion_join:Rat
31,12375,2,Normal,28,4,4,4,0,93,59,0,3,80,0,1,2,0,3,3,0,0,0,2,0,448,76,14,14,3.5,0,1,1,4,4,16,4,,Swords_T1_03=2,1,Rat|Rat|Rat,companion_join:Rat;companion_join_skip:party_full; +1 levelup
31,12375,3,Normal,4,1,1,0,0,59,0,3,3,0,0,2,2,1,0,0,0,0,0,0,0,134,85,4,0,0,1,0,0,4,4,4,4,RH=Crude Sword|LH=Crude Sword|BD=Crude Armour|A1=Crude Bracelet|A2=Crude Bracelet,,0,Rat|Rat|Rat,party wiped
32,12376,1,Normal,39,4,4,4,0,37,121,0,0,80,0,1,1,0,12,3,2,3,3,0,0,448,24,24,24,6,0,1,1,5,4,16,4,,,3,Rat|Rat|Rat,floor1_town;companion_join:Rat;companion_join:Rat;companion_join:Rat
32,12376,2,Normal,25,2,2,2,0,121,119,0,2,40,0,1,2,2,3,1,2,0,2,1,0,224,18,8,8,4,0,1,1,5,4,8,4,,Swords_T1_03=1,0,Rat|Rat|Rat,+1 levelup
32,12376,3,Normal,17,2,2,1,0,119,0,2,2,48,0,2,2,2,0,2,0,0,0,2,0,448,127,8,4,4,1,0,0,5,4,8,4,RH=Crude Sword|LH=Crude Sword|BD=Crude Armour|A1=Crude Bracelet|A2=Crude Bracelet,Swords_T1_03=2,0,Rat|Rat|Rat,party wiped
33,12377,1,Normal,37,4,4,4,0,37,93,0,0,80,0,1,1,0,11,3,0,3,3,0,0,448,8,21,21,5.25,0,1,1,5,4,16,4,,,2,Rat|Rat,floor1_town;companion_join:Rat;companion_join:Rat
33,12377,2,Normal,38,3,3,3,0,93,85,0,1,60,0,1,2,0,3,3,0,0,0,2,0,336,41,10,10,3.333,0,1,1,5,4,12,4,,Swords_T1_03=2,1,Rat|Rat|Rat,companion_join:Rat; +1 levelup
33,12377,3,Normal,26,1,1,0,0,85,0,1,1,0,0,2,2,0,0,0,0,0,0,1,0,91,84,2,0,0,1,0,0,5,4,4,4,RH=Crude Sword|LH=Crude Sword|BD=Crude Armour|A1=Crude Bracelet|A2=Crude Bracelet,Swords_T1_03=1,0,Rat|Rat|Rat,party wiped
34,12378,1,Normal,35,4,4,4,0,37,65,0,0,80,0,1,1,1,11,4,1,3,3,0,0,448,16,19,19,4.75,0,1,1,5,4,16,4,,,1,Rat,floor1_town;companion_join:Rat
34,12378,2,Normal,33,5,5,5,0,65,33,0,2,100,0,1,2,3,9,7,0,0,2,4,0,560,95,29,29,5.8,0,1,1,7,4,20,4,,Swords_T1_03=4,0,Rat,+1 levelup
34,12378,3,Normal,26,1,1,1,0,33,40,2,2,48,0,2,2,2,3,3,0,0,0,1,0,240,18,7,7,7,0,1,1,8,4,4,4,,Swords_T1_03=1,0,Rat,
34,12378,4,Normal,2,1,1,0,0,40,0,2,2,0,0,2,2,0,0,0,0,0,0,0,0,53,40,2,0,0,1,0,0,8,4,4,4,RH=Crude Sword|LH=Crude Sword|BD=Crude Armour|A1=Crude Bracelet|A2=Crude Bracelet,,0,Rat,party wiped
35,12379,1,Normal,2,1,1,0,0,37,0,0,0,0,0,1,1,0,3,3,0,0,0,0,0,109,37,6,0,0,1,0,0,1,4,4,4,RH=Crude Sword|LH=Crude Sword|BD=Crude Armour|A1=Crude Bracelet|A2=Crude Bracelet,,0,-,floor1_town; party wiped
36,12380,1,Normal,31,3,3,3,0,37,65,0,0,60,0,1,1,1,9,2,0,3,3,0,0,336,8,15,15,5,0,1,1,4,4,12,4,,,1,Rat,floor1_town;companion_join:Rat
36,12380,2,Normal,21,3,3,2,0,65,0,0,2,40,0,1,2,1,3,3,0,0,0,1,0,280,95,11,9,4.5,1,0,0,4,4,12,4,RH=Crude Sword|LH=Crude Sword|BD=Crude Armour|A1=Crude Bracelet|A2=Crude Bracelet,Swords_T1_03=1,0,Rat,party wiped; +1 levelup
37,12381,1,Normal,29,3,3,3,0,37,65,0,0,60,0,1,1,0,9,8,0,3,3,0,0,336,27,15,15,5,0,1,1,4,4,12,4,,,1,Rat,floor1_town;companion_join:Rat
37,12381,2,Normal,32,4,4,3,1,65,85,0,2,60,0,1,2,0,6,6,0,0,0,1,0,420,103,19,16,5.333,0,1,1,5,4,16,4,,Swords_T1_03=1,2,Rat|Rat|Rat,companion_join:Rat;companion_join:Rat; +1 levelup; flee×1
37,12381,3,Normal,8,1,1,0,0,85,0,2,2,0,0,2,2,0,0,0,0,0,0,1,0,157,84,3,0,0,1,0,0,5,4,4,4,RH=Crude Sword|LH=Crude Sword|BD=Crude Armour|A1=Crude Bracelet|A2=Crude Bracelet,Swords_T1_03=1,0,Rat|Rat|Rat,party wiped
38,12382,1,Normal,27,2,2,2,0,37,37,0,0,40,0,1,1,0,6,4,1,3,3,0,0,224,16,13,13,6.5,0,1,1,3,4,8,4,,,0,-,floor1_town
38,12382,2,Normal,27,3,3,2,0,37,0,0,0,40,0,1,1,2,3,3,0,0,0,0,0,305,65,15,11,5.5,1,0,0,3,4,12,4,RH=Crude Sword|LH=Crude Sword|BD=Crude Armour|A1=Crude Bracelet|A2=Crude Bracelet,,1,Rat,companion_join:Rat; party wiped
39,12383,1,Normal,25,3,3,3,0,37,65,0,0,60,0,1,1,0,8,2,2,3,3,0,0,336,8,17,17,5.667,0,1,1,4,4,12,4,,,1,Rat,floor1_town;companion_join:Rat
39,12383,2,Normal,35,5,5,5,0,65,33,0,3,100,0,1,2,4,3,3,0,0,0,0,0,560,76,21,21,4.2,0,1,1,4,4,20,4,,,1,Rat|Rat,companion_join:Rat; +1 levelup
39,12383,3,Normal,8,2,2,1,0,33,0,3,3,48,0,2,2,0,3,3,0,0,0,2,0,402,159,13,5,5,1,0,0,5,4,8,4,RH=Crude Sword|LH=Crude Sword|BD=Crude Armour|A1=Crude Bracelet|A2=Crude Bracelet,Swords_T1_03=2,1,Rat|Rat|Goblin,companion_join:Goblin; party wiped
40,12384,1,Normal,39,5,5,5,0,37,44,0,2,100,0,1,2,0,15,3,1,3,3,0,0,560,8,24,24,4.8,0,1,1,6,4,20,4,,,0,-,floor1_town; +1 levelup
40,12384,2,Normal,35,5,5,4,1,44,72,2,2,80,0,2,2,2,9,4,0,0,2,4,0,476,65,24,23,5.75,0,1,1,8,4,20,4,,Swords_T1_03=4,1,Rat,companion_join:Rat; flee×1
40,12384,3,Normal,12,2,2,0,1,72,0,2,2,0,0,2,2,1,3,5,0,0,0,2,0,237,109,7,0,0,1,0,0,9,4,8,4,RH=Crude Sword|LH=Crude Sword|BD=Crude Armour|A1=Crude Bracelet|A2=Crude Bracelet,Swords_T1_03=2,0,Rat,party wiped; flee×1
41,12385,1,Normal,37,3,3,3,0,37,37,0,0,60,0,1,1,0,9,7,2,3,3,0,0,336,21,19,19,6.333,0,1,1,4,4,12,4,,,0,-,floor1_town
41,12385,2,Normal,30,2,2,1,0,37,0,0,0,20,0,1,1,3,3,3,0,0,0,0,0,221,37,14,7,7,1,0,0,4,4,8,4,RH=Crude Sword|LH=Crude Sword|BD=Crude Armour|A1=Crude Bracelet|A2=Crude Bracelet,,0,-,party wiped
42,12386,1,Normal,35,4,4,4,0,37,37,0,0,80,0,1,1,0,12,5,0,3,3,0,0,448,8,21,21,5.25,0,1,1,5,4,16,4,,,0,-,floor1_town
42,12386,2,Normal,24,3,3,2,0,37,0,0,3,40,0,1,2,2,3,3,0,0,0,1,0,307,43,15,11,5.5,1,0,0,5,4,12,4,RH=Crude Sword|LH=Crude Sword|BD=Crude Armour|A1=Crude Bracelet|A2=Crude Bracelet,Swords_T1_03=1,0,-,party wiped; +1 levelup
43,12387,1,Normal,33,2,2,2,0,37,65,0,0,40,0,1,1,0,6,3,2,3,3,0,0,224,8,12,12,6,0,1,1,3,4,8,4,,,1,Rat,floor1_town;companion_join:Rat
43,12387,2,Normal,27,5,5,5,0,65,28,0,1,100,0,1,2,4,3,3,0,0,0,2,0,560,79,21,21,4.2,0,1,1,3,4,20,4,,Swords_T1_03=2,1,Rat|Rat,companion_join:Rat; +1 levelup
43,12387,3,Normal,14,1,1,0,0,28,0,1,1,0,0,2,2,1,0,0,1,0,0,0,0,56,46,1,0,0,1,0,0,3,4,4,4,RH=Crude Sword|LH=Crude Sword|BD=Crude Armour|A1=Crude Bracelet|A2=Crude Bracelet,,0,Rat|Rat,party wiped
44,12388,1,Normal,31,4,4,4,0,37,65,0,0,80,0,1,1,0,12,7,0,3,3,0,0,448,8,24,24,6,0,1,1,5,4,16,4,,,1,Rat,floor1_town;companion_join:Rat
44,12388,2,Normal,27,1,1,1,0,65,100,0,2,20,0,1,2,1,3,1,1,0,2,0,0,112,0,5,5,5,0,1,1,5,4,4,4,,,1,Rat|Rat,companion_join:Rat; +1 levelup
44,12388,3,Normal,7,2,2,1,0,100,0,2,2,48,0,2,2,2,0,2,0,0,0,2,0,338,98,7,5,5,1,0,0,5,4,8,4,RH=Crude Sword|LH=Crude Sword|BD=Crude Armour|A1=Crude Bracelet|A2=Crude Bracelet,Swords_T1_03=2,0,Rat|Rat,party wiped
45,12389,1,Normal,29,2,2,2,0,37,37,0,0,40,0,1,1,0,6,4,1,3,3,0,0,224,8,10,10,5,0,1,1,3,4,8,4,,,0,-,floor1_town
45,12389,2,Normal,33,4,4,4,0,37,24,0,2,80,0,1,2,1,6,6,0,0,0,1,0,448,28,20,20,5,0,1,1,4,4,16,4,,Swords_T1_03=1,0,-,+1 levelup
45,12389,3,Normal,1,1,1,0,0,24,0,2,2,0,0,2,2,1,3,3,0,0,0,0,0,139,45,5,0,0,1,0,0,5,4,4,4,RH=Crude Sword|LH=Crude Sword|BD=Crude Armour|A1=Crude Bracelet|A2=Crude Bracelet,,0,-,party wiped
46,12390,1,Normal,27,3,3,3,0,37,65,0,0,60,0,1,1,0,9,3,0,3,3,0,0,336,11,18,18,6,0,1,1,4,4,12,4,,,1,Rat,floor1_town;companion_join:Rat
46,12390,2,Normal,28,5,5,4,0,65,0,0,1,80,0,1,2,0,6,6,0,0,0,0,0,542,171,25,21,5.25,1,0,0,5,4,20,4,RH=Crude Sword|LH=Crude Sword|BD=Crude Armour|A1=Crude Bracelet|A2=Crude Bracelet,,1,Rat|Rat,companion_join:Rat; party wiped; +1 levelup
47,12391,1,Normal,25,0,0,0,0,37,37,0,0,0,0,1,1,0,0,0,1,3,3,0,0,0,0,0,0,0,0,1,1,1,0,0,0,,,0,-,floor1_town
47,12391,2,Normal,27,2,2,2,0,37,57,0,0,40,0,1,1,0,6,4,2,0,1,0,0,224,16,13,13,6.5,0,1,1,2,4,8,4,,,1,Rat,companion_join:Rat
47,12391,3,Normal,7,1,1,0,0,57,0,0,0,0,0,1,1,2,0,1,0,0,0,0,0,155,57,4,0,0,1,0,0,2,4,4,4,RH=Crude Sword|LH=Crude Sword|BD=Crude Armour|A1=Crude Bracelet|A2=Crude Bracelet,,0,Rat,party wiped
48,12392,1,Normal,39,4,4,4,0,37,65,0,0,80,0,1,1,0,12,4,0,3,3,0,0,448,24,22,22,5.5,0,1,1,5,4,16,4,,,1,Rat,floor1_town;companion_join:Rat
48,12392,2,Normal,28,4,4,4,0,65,44,0,2,80,0,1,2,2,3,3,0,0,0,2,0,448,63,18,18,4.5,0,1,1,5,4,16,4,,Swords_T1_03=2,1,Rat|Rat,companion_join:Rat; +1 levelup
48,12392,3,Normal,3,1,1,0,0,44,0,2,2,0,0,2,2,0,0,0,0,0,0,1,0,50,43,1,0,0,1,0,0,5,4,4,4,RH=Crude Sword|LH=Crude Sword|BD=Crude Armour|A1=Crude Bracelet|A2=Crude Bracelet,Swords_T1_03=1,0,Rat|Rat,party wiped
49,12393,1,Normal,37,0,0,0,0,37,37,0,0,0,0,1,1,0,0,0,1,3,3,0,0,0,0,0,0,0,0,1,1,1,0,0,0,,,0,-,floor1_town
49,12393,2,Normal,22,3,3,2,0,37,0,0,0,40,0,1,1,3,3,3,0,0,0,0,0,290,65,13,11,5.5,1,0,0,1,4,12,4,RH=Crude Sword|LH=Crude Sword|BD=Crude Armour|A1=Crude Bracelet|A2=Crude Bracelet,,1,Rat,companion_join:Rat; party wiped
50,12394,1,Normal,35,4,4,4,0,37,65,0,0,80,0,1,1,0,11,3,2,3,3,0,0,448,16,22,22,5.5,0,1,1,5,4,16,4,,,1,Rat,floor1_town;companion_join:Rat
50,12394,2,Normal,23,4,4,3,0,65,0,0,0,60,0,1,2,2,6,6,0,0,0,2,0,359,115,20,16,5.333,1,0,0,11,4,16,4,RH=Crude Sword|LH=Crude Sword|BD=Crude Armour|A1=Crude Bracelet|A2=Crude Bracelet,Swords_T1_03=2,1,Rat|Rat,companion_join:Rat; party wiped; +1 levelup
51,12395,1,Normal,33,3,3,3,0,37,65,0,0,60,0,1,1,0,9,7,1,3,3,0,0,336,0,17,17,5.667,0,1,1,4,4,12,4,,,1,Rat,floor1_town;companion_join:Rat
51,12395,2,Normal,26,3,3,3,0,65,63,0,2,60,0,1,2,1,3,3,0,0,0,1,0,336,78,14,14,4.667,0,1,1,4,4,12,4,,Swords_T1_03=1,1,Rat|Rat,companion_join:Rat; +1 levelup
51,12395,3,Normal,2,1,1,0,0,63,0,2,2,0,0,2,2,2,0,0,0,0,0,1,0,125,62,4,0,0,1,0,0,4,4,4,4,RH=Crude Sword|LH=Crude Sword|BD=Crude Armour|A1=Crude Bracelet|A2=Crude Bracelet,Swords_T1_03=1,0,Rat|Rat,party wiped
52,12396,1,Normal,31,4,4,4,0,37,93,0,0,80,0,1,1,2,11,4,0,3,3,0,0,448,24,18,18,4.5,0,1,1,5,4,16,4,,,2,Rat|Rat,floor1_town;companion_join:Rat;companion_join:Rat
52,12396,2,Normal,34,4,4,4,0,93,108,0,2,80,0,1,2,2,3,3,0,0,0,2,0,448,29,13,13,3.25,0,1,1,5,4,16,4,,Swords_T1_03=2,1,Rat|Rat|Rat,companion_join:Rat;companion_join_skip:party_full;companion_join_skip:party_full; +1 levelup
52,12396,3,Normal,6,1,1,0,0,108,0,2,2,0,0,2,2,1,0,0,0,0,0,0,0,88,108,3,0,0,1,0,0,5,4,4,4,RH=Crude Sword|LH=Crude Sword|BD=Crude Armour|A1=Crude Bracelet|A2=Crude Bracelet,,0,Rat|Rat|Rat,party wiped
53,12397,1,Normal,29,3,3,3,0,37,37,0,0,60,0,1,1,0,9,1,0,3,3,0,0,336,8,13,13,4.333,0,1,1,4,4,12,4,,,0,-,floor1_town
53,12397,2,Normal,38,4,4,4,0,37,114,0,2,80,0,1,2,2,3,3,0,0,0,2,0,448,14,18,18,4.5,0,1,1,4,4,16,4,,Swords_T1_03=2,3,Rat|Rat|Rat,companion_join:Rat;companion_join:Rat;companion_join:Rat; +1 levelup
53,12397,3,Normal,3,1,1,0,0,114,0,2,2,0,0,2,2,2,0,0,0,0,0,1,0,176,113,5,0,0,1,0,0,4,4,4,4,RH=Crude Sword|LH=Crude Sword|BD=Crude Armour|A1=Crude Bracelet|A2=Crude Bracelet,Swords_T1_03=1,0,Rat|Rat|Rat,party wiped
54,12398,1,Normal,27,3,3,3,0,37,37,0,0,60,0,1,1,0,9,6,2,3,3,0,0,336,8,19,19,6.333,0,1,1,4,4,12,4,,,0,-,floor1_town
54,12398,2,Normal,29,2,2,2,0,37,73,0,2,40,0,1,2,0,6,3,4,0,2,0,0,224,14,13,13,6.5,0,1,1,5,4,8,4,,,1,Rat,companion_join:Rat; +1 levelup
54,12398,3,Normal,14,2,2,1,0,73,0,2,2,48,0,2,2,4,0,2,0,0,0,1,0,283,72,8,7,7,1,0,0,5,4,8,4,RH=Crude Sword|LH=Crude Sword|BD=Crude Armour|A1=Crude Bracelet|A2=Crude Bracelet,Swords_T1_03=1,0,Rat,party wiped
55,12399,1,Normal,25,2,2,2,0,37,65,0,0,40,0,1,1,0,6,3,0,3,3,0,0,224,16,12,12,6,0,1,1,3,4,8,4,,,1,Rat,floor1_town;companion_join:Rat
55,12399,2,Normal,29,2,2,2,0,65,62,0,0,40,0,1,1,0,3,3,2,0,0,0,0,224,39,8,8,4,0,1,1,3,4,8,4,,,1,Rat|Rat,companion_join:Rat
55,12399,3,Normal,14,1,1,0,0,62,0,0,0,0,0,1,1,3,0,0,0,0,0,0,0,223,62,9,0,0,1,0,0,3,4,4,4,RH=Crude Sword|LH=Crude Sword|BD=Crude Armour|A1=Crude Bracelet|A2=Crude Bracelet,,0,Rat|Rat,party wiped
56,12400,1,Normal,39,4,4,4,0,37,65,0,0,80,0,1,1,0,12,4,1,3,3,0,0,448,0,22,22,5.5,0,1,1,5,4,16,4,,,1,Rat,floor1_town;companion_join:Rat
56,12400,2,Normal,28,4,4,4,0,65,16,0,2,80,0,1,2,3,6,6,0,0,0,4,0,448,118,23,23,5.75,0,1,1,6,4,16,4,,Swords_T1_03=4,0,Rat,+1 levelup
56,12400,3,Normal,4,1,1,0,0,16,0,2,2,0,0,2,2,1,0,0,0,0,0,1,0,148,50,3,0,0,1,0,0,6,4,4,4,RH=Crude Sword|LH=Crude Sword|BD=Crude Armour|A1=Crude Bracelet|A2=Crude Bracelet,Swords_T1_03=1,0,Rat,party wiped
57,12401,1,Normal,14,2,2,1,0,37,0,0,0,20,0,1,1,0,6,3,0,0,0,0,0,193,45,13,6,6,1,0,0,2,4,8,4,RH=Crude Sword|LH=Crude Sword|BD=Crude Armour|A1=Crude Bracelet|A2=Crude Bracelet,,0,-,floor1_town; party wiped
58,12402,1,Normal,35,4,4,4,0,37,93,0,0,80,0,1,1,1,12,1,0,3,3,0,0,448,16,19,19,4.75,0,1,1,5,4,16,4,,,2,Rat|Rat,floor1_town;companion_join:Rat;companion_join:Rat
58,12402,2,Normal,38,4,4,4,0,93,46,0,0,80,0,1,2,1,6,6,0,0,0,0,0,448,124,27,27,6.75,0,1,1,6,4,16,4,,,1,Rat|Rat|Rat,companion_join:Rat; +1 levelup
58,12402,3,Normal,2,1,1,0,0,46,0,0,0,0,0,2,2,0,0,0,0,0,0,0,0,14,46,1,0,0,1,0,0,6,4,4,4,RH=Crude Sword|LH=Crude Sword|BD=Crude Armour|A1=Crude Bracelet|A2=Crude Bracelet,,0,Rat|Rat|Rat,party wiped
59,12403,1,Normal,33,4,4,4,0,37,121,0,0,80,0,1,1,1,12,5,1,3,3,0,0,448,8,19,19,4.75,0,1,1,5,4,16,4,,,3,Rat|Rat|Rat,floor1_town;companion_join:Rat;companion_join:Rat;companion_join:Rat
59,12403,2,Normal,26,3,3,3,0,121,122,0,2,60,0,1,2,1,3,1,0,0,2,2,0,336,8,11,11,3.667,0,1,1,5,4,12,4,,Swords_T1_03=2,0,Rat|Rat|Rat,+1 levelup
59,12403,3,Normal,26,1,1,1,0,122,64,2,2,48,0,2,2,1,0,2,1,0,0,1,0,240,57,7,7,7,0,1,1,5,4,4,4,,Swords_T1_03=1,0,Rat|Rat|Rat,
59,12403,4,Normal,40,4,4,3,1,64,102,2,2,60,0,2,2,1,3,2,0,0,1,3,0,336,34,13,12,4,0,1,1,6,4,16,4,,Swords_T1_03=3,0,Rat|Rat|Rat,companion_join_skip:party_full;companion_join_skip:party_full; flee×1
59,12403,5,Normal,29,2,2,2,0,102,60,2,2,40,0,2,2,0,0,1,0,0,0,1,0,224,41,8,8,4,0,1,1,6,4,8,4,,Swords_T1_03=1,0,Rat|Rat|Rat,companion_join_skip:party_full
59,12403,6,Normal,6,1,1,0,0,60,0,2,2,0,0,2,2,0,3,3,0,0,0,1,0,304,101,9,0,0,1,0,0,7,4,4,4,RH=Crude Sword|LH=Crude Sword|BD=Crude Armour|A1=Crude Bracelet|A2=Crude Bracelet,Swords_T1_03=1,0,Rat|Rat|Rat,party wiped
60,12404,1,Normal,31,2,2,2,0,37,65,0,0,40,0,1,1,1,6,1,0,3,3,0,0,224,0,10,10,5,0,1,1,3,4,8,4,,,1,Rat,floor1_town;companion_join:Rat
60,12404,2,Normal,12,2,2,1,0,65,0,0,0,20,0,1,1,2,3,3,0,0,0,0,0,166,65,10,7,7,1,0,0,3,4,8,4,RH=Crude Sword|LH=Crude Sword|BD=Crude Armour|A1=Crude Bracelet|A2=Crude Bracelet,,0,Rat,party wiped
61,12405,1,Normal,29,3,3,3,0,37,65,0,0,60,0,1,1,0,9,3,2,3,3,0,0,336,8,16,16,5.333,0,1,1,4,4,12,4,,,1,Rat,floor1_town;companion_join:Rat
61,12405,2,Normal,31,3,3,3,0,65,57,0,1,60,0,1,2,2,3,3,0,0,0,0,0,336,58,12,12,4,0,1,1,4,4,12,4,,,1,Rat|Rat,companion_join:Rat; +1 levelup
61,12405,3,Normal,2,1,1,0,0,57,0,1,1,0,0,2,2,0,0,0,0,0,0,1,0,74,56,3,0,0,1,0,0,4,4,4,4,RH=Crude Sword|LH=Crude Sword|BD=Crude Armour|A1=Crude Bracelet|A2=Crude Bracelet,Swords_T1_03=1,0,Rat|Rat,party wiped
62,12406,1,Normal,27,4,4,4,0,37,65,0,0,80,0,1,1,1,12,9,0,3,3,0,0,448,92,28,28,7,0,1,1,5,4,16,4,,,1,Rat,floor1_town;companion_join:Rat
62,12406,2,Normal,15,4,4,3,0,65,0,0,2,60,0,1,2,1,3,3,0,0,0,3,0,392,93,16,14,4.667,1,0,0,5,4,16,4,RH=Crude Sword|LH=Crude Sword|BD=Crude Armour|A1=Crude Bracelet|A2=Crude Bracelet,Swords_T1_03=3,0,Rat,party wiped; +1 levelup
63,12407,1,Normal,25,3,3,3,0,37,93,0,0,60,0,1,1,2,8,4,0,3,3,0,0,336,16,18,18,6,0,1,1,4,4,12,4,,,2,Rat|Rat,floor1_town;companion_join:Rat;companion_join:Rat
63,12407,2,Normal,40,4,4,4,0,93,83,0,2,80,0,1,2,1,3,3,0,0,0,1,0,448,53,14,14,3.5,0,1,1,4,4,16,4,,Swords_T1_03=1,1,Rat|Rat|Rat,companion_join:Rat;companion_join_skip:party_full;companion_join_skip:party_full; +1 levelup
63,12407,3,Normal,8,1,1,0,0,83,0,2,2,0,0,2,2,0,0,0,0,0,0,0,0,98,83,3,0,0,1,0,0,4,4,4,4,RH=Crude Sword|LH=Crude Sword|BD=Crude Armour|A1=Crude Bracelet|A2=Crude Bracelet,,0,Rat|Rat|Rat,party wiped
64,12408,1,Normal,39,3,3,3,0,37,65,0,0,60,0,1,1,0,9,2,0,3,3,0,0,336,26,16,16,5.333,0,1,1,4,4,12,4,,,1,Rat,floor1_town;companion_join:Rat
64,12408,2,Normal,21,4,4,3,0,65,0,0,2,60,0,1,2,1,3,3,0,0,0,2,0,428,79,18,12,4,1,0,0,4,4,16,4,RH=Crude Sword|LH=Crude Sword|BD=Crude Armour|A1=Crude Bracelet|A2=Crude Bracelet,Swords_T1_03=2,0,Rat,party wiped; +1 levelup
65,12409,1,Normal,37,5,5,5,0,37,45,0,2,100,0,1,2,0,15,9,2,3,3,0,0,560,30,30,30,6,0,1,1,6,4,20,4,,,0,-,floor1_town; +1 levelup
65,12409,2,Normal,32,3,3,3,0,45,60,2,2,60,0,2,2,2,3,3,2,0,0,2,0,336,11,15,15,5,0,1,1,6,4,12,4,,Swords_T1_03=2,1,Rat,companion_join:Rat
65,12409,3,Normal,6,2,2,1,0,60,0,2,2,48,0,2,2,4,3,3,0,0,0,2,0,429,101,11,6,6,1,0,0,7,4,8,4,RH=Crude Sword|LH=Crude Sword|BD=Crude Armour|A1=Crude Bracelet|A2=Crude Bracelet,Swords_T1_03=2,0,Rat,party wiped
66,12410,1,Normal,35,4,4,4,0,37,93,0,0,80,0,1,1,0,12,1,0,3,3,0,0,448,24,20,20,5,0,1,1,5,4,16,4,,,2,Rat|Rat,floor1_town;companion_join:Rat;companion_join:Rat
66,12410,2,Normal,27,1,1,1,0,93,101,0,1,20,0,1,2,0,2,0,0,1,3,0,0,112,8,3,3,3,0,1,1,5,4,4,4,,,0,Rat|Rat,+1 levelup
66,12410,3,Normal,11,2,2,1,0,101,0,1,1,48,0,2,2,1,1,3,0,0,0,1,0,337,160,9,6,6,1,0,0,5,4,8,4,RH=Crude Sword|LH=Crude Sword|BD=Crude Armour|A1=Crude Bracelet|A2=Crude Bracelet,Swords_T1_03=1,1,Rat|Rat|Goblin,companion_join:Goblin; party wiped
67,12411,1,Normal,33,3,3,3,0,37,37,0,0,60,0,1,1,0,8,1,1,3,3,0,0,336,8,13,13,4.333,0,1,1,4,4,12,4,,,0,-,floor1_town
67,12411,2,Normal,32,1,1,1,0,37,65,0,0,20,0,1,1,0,3,0,3,0,3,0,0,112,0,4,4,4,0,1,1,4,4,4,4,,,1,Rat,companion_join:Rat
67,12411,3,Normal,6,1,1,0,0,65,0,0,0,0,0,1,1,3,0,3,0,0,0,0,0,129,65,4,0,0,1,0,0,4,4,4,4,RH=Crude Sword|LH=Crude Sword|BD=Crude Armour|A1=Crude Bracelet|A2=Crude Bracelet,,0,Rat,party wiped
68,12412,1,Normal,31,5,5,5,0,37,128,0,3,100,0,1,2,0,15,7,0,3,3,0,0,560,49,23,23,4.6,0,1,1,6,4,20,4,,,3,Rat|Rat|Rat,floor1_town;companion_join:Rat;companion_join:Rat;companion_join:Rat; +1 levelup
68,12412,2,Normal,30,1,1,1,0,128,119,3,3,20,0,2,2,0,1,0,2,2,3,1,0,112,8,3,3,3,0,1,1,6,4,4,4,,Swords_T1_03=1,0,Rat|Rat|Rat,
68,12412,3,Normal,29,2,2,1,0,119,0,3,3,48,0,2,2,4,2,3,0,0,0,2,0,360,117,9,4,4,1,0,0,6,4,8,4,RH=Crude Sword|LH=Crude Sword|BD=Crude Armour|A1=Crude Bracelet|A2=Crude Bracelet,Swords_T1_03=2,0,Rat|Rat|Rat,party wiped
69,12413,1,Normal,29,3,3,3,0,37,93,0,0,60,0,1,1,1,9,6,0,3,3,0,0,336,6,16,16,5.333,0,1,1,4,4,12,4,,,2,Rat|Rat,floor1_town;companion_join:Rat;companion_join:Rat
69,12413,2,Normal,23,3,3,2,0,93,0,0,2,40,0,1,2,0,3,3,0,0,0,0,0,324,109,14,8,4,1,0,0,4,4,12,4,RH=Crude Sword|LH=Crude Sword|BD=Crude Armour|A1=Crude Bracelet|A2=Crude Bracelet,,0,Rat|Rat,party wiped; +1 levelup
70,12414,1,Normal,27,2,2,2,0,37,65,0,0,40,0,1,1,2,6,3,0,3,3,0,0,224,16,16,16,8,0,1,1,3,4,8,4,,,1,Rat,floor1_town;companion_join:Rat
70,12414,2,Normal,31,4,4,4,0,65,55,0,2,80,0,1,2,0,3,3,0,0,0,0,0,448,106,18,18,4.5,0,1,1,3,4,16,4,,,2,Rat|Rat|Rat,companion_join:Rat;companion_join:Rat; +1 levelup
70,12414,3,Normal,2,1,1,0,0,55,0,2,2,0,0,2,2,2,0,0,0,0,0,0,0,177,88,5,0,0,1,0,0,3,4,4,4,RH=Crude Sword|LH=Crude Sword|BD=Crude Armour|A1=Crude Bracelet|A2=Crude Bracelet,,0,Rat|Rat|Rat,party wiped
71,12415,1,Normal,25,4,4,4,0,37,121,0,0,80,0,1,1,1,10,3,0,3,3,0,0,448,8,18,18,4.5,0,1,1,5,4,16,4,,,3,Rat|Rat|Rat,floor1_town;companion_join:Rat;companion_join:Rat;companion_join:Rat
71,12415,2,Normal,32,5,5,5,0,121,61,0,2,100,0,1,2,1,3,3,0,0,0,1,0,560,92,20,20,4,0,1,1,5,4,20,4,,Swords_T1_03=1,0,Rat|Rat|Rat,companion_join_skip:party_full;companion_join_skip:party_full;companion_join_skip:party_full; +1 levelup
71,12415,3,Normal,2,1,1,0,0,61,0,2,2,0,0,2,2,0,0,0,0,0,0,0,0,17,61,3,0,0,1,0,0,5,4,4,4,RH=Crude Sword|LH=Crude Sword|BD=Crude Armour|A1=Crude Bracelet|A2=Crude Bracelet,,0,Rat|Rat|Rat,party wiped
72,12416,1,Normal,38,4,4,4,0,37,65,0,0,80,0,1,1,0,12,6,2,3,3,0,0,448,21,25,25,6.25,0,1,1,5,4,16,4,,,1,Rat,floor1_town;companion_join:Rat
72,12416,2,Normal,30,4,4,3,1,65,14,0,3,60,0,1,2,4,3,3,0,0,0,1,0,392,99,18,16,5.333,0,1,1,5,4,16,4,,Swords_T1_03=1,1,Rat|Rat,companion_join:Rat; +1 levelup; flee×1
72,12416,3,Normal,7,1,1,0,0,14,0,3,3,0,0,2,2,0,3,3,0,0,0,1,0,222,72,6,0,0,1,0,0,6,4,4,4,RH=Crude Sword|LH=Crude Sword|BD=Crude Armour|A1=Crude Bracelet|A2=Crude Bracelet,Swords_T1_03=1,0,Rat|Rat,party wiped
73,12417,1,Normal,36,2,2,2,0,37,65,0,0,40,0,1,1,0,6,4,0,3,3,0,0,224,29,12,12,6,0,1,1,3,4,8,4,,,1,Rat,floor1_town;companion_join:Rat
73,12417,2,Normal,5,2,2,1,0,65,0,0,0,20,0,1,1,0,3,3,0,0,0,0,0,191,73,9,5,5,1,0,0,3,4,8,4,RH=Crude Sword|LH=Crude Sword|BD=Crude Armour|A1=Crude Bracelet|A2=Crude Bracelet,,0,Rat,party wiped
74,12418,1,Normal,34,3,3,3,0,37,65,0,0,60,0,1,1,0,8,4,2,3,3,0,0,336,0,16,16,5.333,0,1,1,4,4,12,4,,,1,Rat,floor1_town;companion_join:Rat
74,12418,2,Normal,32,4,4,3,0,65,0,0,1,60,0,1,2,3,3,3,0,0,0,0,0,408,130,17,13,4.333,1,0,0,4,4,16,4,RH=Crude Sword|LH=Crude Sword|BD=Crude Armour|A1=Crude Bracelet|A2=Crude Bracelet,,2,Rat|Rat|Rat,companion_join:Rat;companion_join:Rat; party wiped; +1 levelup
75,12419,1,Normal,32,3,3,3,0,37,65,0,0,60,0,1,1,0,9,7,0,3,3,0,0,336,21,22,22,7.333,0,1,1,4,4,12,4,,,1,Rat,floor1_town;companion_join:Rat
75,12419,2,Normal,37,2,2,2,0,65,74,0,2,40,0,1,2,0,3,3,0,0,0,0,0,224,58,9,9,4.5,0,1,1,4,4,8,4,,,1,Rat|Rat,companion_join:Rat; +1 levelup
75,12419,3,Normal,10,1,1,0,0,74,0,2,2,0,0,2,2,1,0,0,0,0,0,1,0,180,99,4,0,0,1,0,0,4,4,4,4,RH=Crude Sword|LH=Crude Sword|BD=Crude Armour|A1=Crude Bracelet|A2=Crude Bracelet,Swords_T1_03=1,0,Rat|Rat,party wiped
76,12420,1,Normal,30,4,4,4,0,37,65,0,0,80,0,1,1,1,12,3,0,3,3,0,0,448,13,19,19,4.75,0,1,1,5,4,16,4,,,1,Rat,floor1_town;companion_join:Rat
76,12420,2,Normal,31,4,4,4,0,65,45,0,2,80,0,1,2,1,6,6,0,0,0,2,0,448,39,17,17,4.25,0,1,1,6,4,16,4,,Swords_T1_03=2,0,Rat,+1 levelup
76,12420,3,Normal,5,1,1,0,0,45,0,2,2,0,0,2,2,0,0,0,0,0,0,1,0,60,44,1,0,0,1,0,0,6,4,4,4,RH=Crude Sword|LH=Crude Sword|BD=Crude Armour|A1=Crude Bracelet|A2=Crude Bracelet,Swords_T1_03=1,0,Rat,party wiped
77,12421,1,Normal,28,3,3,3,0,37,65,0,0,60,0,1,1,0,9,4,0,3,3,0,0,336,22,19,19,6.333,0,1,1,4,4,12,4,,,1,Rat,floor1_town;companion_join:Rat
77,12421,2,Normal,36,5,5,4,1,65,37,0,2,80,0,1,2,2,7,3,0,1,3,1,0,532,108,27,22,5.5,0,1,1,6,4,20,4,,Swords_T1_03=1,0,Rat,+1 levelup; flee×1
77,12421,3,Normal,23,1,1,0,0,37,0,2,2,0,0,2,2,0,3,3,0,0,0,1,0,135,44,5,0,0,1,0,0,7,4,4,4,RH=Crude Sword|LH=Crude Sword|BD=Crude Armour|A1=Crude Bracelet|A2=Crude Bracelet,Swords_T1_03=1,0,Rat,party wiped
78,12422,1,Normal,26,3,3,3,0,37,37,0,0,60,0,1,1,0,8,5,1,3,3,0,0,336,24,19,19,6.333,0,1,1,4,4,12,4,,,0,-,floor1_town
78,12422,2,Normal,32,6,6,6,0,37,42,0,2,120,0,1,2,3,6,4,0,0,0,2,0,672,103,28,28,4.667,0,1,1,5,4,24,4,,Swords_T1_03=2,3,Rat|Rat|Rat,companion_join:Rat;companion_join:Rat;companion_join:Rat; +1 levelup
78,12422,3,Normal,22,1,1,0,0,42,0,2,2,0,0,2,2,0,0,0,0,0,0,1,0,77,41,2,0,0,1,0,0,5,4,4,4,RH=Crude Sword|LH=Crude Sword|BD=Crude Armour|A1=Crude Bracelet|A2=Crude Bracelet,Swords_T1_03=1,0,Rat|Rat|Rat,party wiped
79,12423,1,Normal,33,3,3,2,0,37,0,0,0,40,0,1,1,0,9,6,0,0,0,0,0,302,45,17,12,6,1,0,0,3,4,12,4,RH=Crude Sword|LH=Crude Sword|BD=Crude Armour|A1=Crude Bracelet|A2=Crude Bracelet,,0,-,floor1_town; party wiped
80,12424,1,Normal,38,4,4,4,0,37,93,0,0,80,0,1,1,1,12,10,0,3,3,0,0,448,41,25,25,6.25,0,1,1,5,4,16,4,,,2,Rat|Rat,floor1_town;companion_join:Rat;companion_join:Rat
80,12424,2,Normal,34,4,4,3,0,93,0,0,2,60,0,1,2,0,3,3,0,0,0,1,0,400,123,17,14,4.667,1,0,0,5,4,16,4,RH=Crude Sword|LH=Crude Sword|BD=Crude Armour|A1=Crude Bracelet|A2=Crude Bracelet,Swords_T1_03=1,0,Rat|Rat,party wiped; +1 levelup
81,12425,1,Normal,36,5,5,5,0,37,101,0,2,100,0,1,2,1,15,7,1,3,3,0,0,560,8,30,30,6,0,1,1,6,4,20,4,,,2,Rat|Rat,floor1_town;companion_join:Rat;companion_join:Rat; +1 levelup
81,12425,2,Normal,35,4,4,4,0,101,121,2,2,80,0,2,2,2,3,2,0,0,1,2,0,448,6,13,13,3.25,0,1,1,6,4,16,4,,Swords_T1_03=2,1,Rat|Rat|Rat,companion_join:Rat
81,12425,3,Normal,15,2,2,1,0,121,0,2,2,48,0,2,2,1,0,1,0,0,0,0,0,278,121,5,4,4,1,0,0,6,4,8,4,RH=Crude Sword|LH=Crude Sword|BD=Crude Armour|A1=Crude Bracelet|A2=Crude Bracelet,,0,Rat|Rat|Rat,companion_join_skip:party_full; party wiped
82,12426,1,Normal,34,1,1,1,0,37,37,0,0,20,0,1,1,1,3,3,0,3,3,0,0,112,0,8,8,8,0,1,1,2,4,4,4,,,0,-,floor1_town
82,12426,2,Normal,2,1,1,0,0,37,0,0,0,0,0,1,1,0,3,3,0,0,0,0,0,109,37,9,0,0,1,0,0,2,4,4,4,RH=Crude Sword|LH=Crude Sword|BD=Crude Armour|A1=Crude Bracelet|A2=Crude Bracelet,,0,-,party wiped
83,12427,1,Normal,32,2,2,2,0,37,37,0,0,40,0,1,1,0,6,4,2,3,3,0,0,224,0,12,12,6,0,1,1,3,4,8,4,,,0,-,floor1_town
83,12427,2,Normal,26,5,5,5,0,37,32,0,3,100,0,1,2,1,9,6,2,0,3,1,0,560,91,27,27,5.4,0,1,1,5,4,20,4,,Swords_T1_03=1,1,Rat,companion_join:Rat; +1 levelup
83,12427,3,Normal,1,1,1,0,0,32,0,3,3,0,0,2,2,2,3,3,0,0,0,0,0,120,45,4,0,0,1,0,0,6,4,4,4,RH=Crude Sword|LH=Crude Sword|BD=Crude Armour|A1=Crude Bracelet|A2=Crude Bracelet,,0,Rat,party wiped
84,12428,1,Normal,30,5,5,5,0,37,73,0,1,100,0,1,2,0,13,3,0,3,3,0,0,560,16,20,20,4,0,1,1,6,4,20,4,,,1,Rat,floor1_town;companion_join:Rat; +1 levelup
84,12428,2,Normal,20,4,4,3,0,73,0,1,1,60,0,2,2,2,3,3,0,0,0,1,0,387,100,16,14,4.667,1,0,0,6,4,16,4,RH=Crude Sword|LH=Crude Sword|BD=Crude Armour|A1=Crude Bracelet|A2=Crude Bracelet,Swords_T1_03=1,1,Rat|Rat,companion_join:Rat; party wiped
85,12429,1,Normal,28,4,4,4,0,37,65,0,0,80,0,1,1,2,12,5,0,3,3,0,0,448,52,22,22,5.5,0,1,1,5,4,16,4,,,2,Rat|Rat,floor1_town;companion_join:Rat;companion_join:Rat
85,12429,2,Normal,30,3,3,2,0,65,0,0,2,40,0,1,2,0,3,3,0,0,0,1,0,252,108,11,9,4.5,1,0,0,5,4,12,4,RH=Crude Sword|LH=Crude Sword|BD=Crude Armour|A1=Crude Bracelet|A2=Crude Bracelet,Swords_T1_03=1,1,Rat|Rat|Rat,companion_join:Rat; party wiped; +1 levelup
86,12430,1,Normal,26,1,1,1,0,37,65,0,0,20,0,1,1,0,3,3,0,3,3,0,0,112,16,7,7,7,0,1,1,2,4,4,4,,,1,Rat,floor1_town;companion_join:Rat
86,12430,2,Normal,30,2,2,2,0,65,65,0,0,40,0,1,1,2,3,3,0,0,0,0,0,224,8,9,9,4.5,0,1,1,2,4,8,4,,,0,Rat,
86,12430,3,Normal,9,1,1,0,0,65,0,0,0,0,0,1,1,2,0,0,0,0,0,0,0,56,65,3,0,0,1,0,0,2,4,4,4,RH=Crude Sword|LH=Crude Sword|BD=Crude Armour|A1=Crude Bracelet|A2=Crude Bracelet,,0,Rat,party wiped
87,12431,1,Normal,40,4,4,4,0,37,121,0,0,80,0,1,1,1,11,4,0,3,3,0,0,448,8,20,20,5,0,1,1,5,4,16,4,,,3,Rat|Rat|Rat,floor1_town;companion_join:Rat;companion_join:Rat;companion_join:Rat
87,12431,2,Normal,26,4,4,4,0,121,110,0,2,80,0,1,2,2,3,3,0,0,0,3,0,448,23,14,14,3.5,0,1,1,5,4,16,4,,Swords_T1_03=3,0,Rat|Rat|Rat,companion_join_skip:party_full;companion_join_skip:party_full; +1 levelup
87,12431,3,Normal,13,2,2,1,0,110,0,2,2,48,0,2,2,2,0,0,0,0,0,1,0,432,109,11,5,5,1,0,0,5,4,8,4,RH=Crude Sword|LH=Crude Sword|BD=Crude Armour|A1=Crude Bracelet|A2=Crude Bracelet,Swords_T1_03=1,0,Rat|Rat|Rat,party wiped
88,12432,1,Normal,38,4,4,4,0,37,65,0,0,80,0,1,1,0,12,6,0,3,3,0,0,448,30,24,24,6,0,1,1,5,4,16,4,,,1,Rat,floor1_town;companion_join:Rat
88,12432,2,Normal,32,4,4,4,0,65,22,0,2,80,0,1,2,2,3,3,0,0,0,3,0,448,104,18,18,4.5,0,1,1,5,4,16,4,,Swords_T1_03=3,2,Rat|Rat|Rat,companion_join:Rat;companion_join:Rat; +1 levelup
88,12432,3,Normal,1,1,1,0,0,22,0,2,0,0,0,2,2,0,3,3,0,0,0,0,0,85,56,6,0,0,1,0,0,6,4,4,4,RH=Crude Sword|LH=Crude Sword|BD=Crude Armour|A1=Crude Bracelet|A2=Crude Bracelet,,0,Rat|Rat|Rat,party wiped
89,12433,1,Normal,36,5,5,5,0,37,73,0,3,100,0,1,2,1,15,6,0,3,3,0,0,560,14,29,29,5.8,0,1,1,6,4,20,4,,,1,Rat,floor1_town;companion_join:Rat; +1 levelup
89,12433,2,Normal,35,3,3,3,0,73,85,3,3,60,0,2,2,1,3,3,1,0,0,3,0,336,22,11,11,3.667,0,1,1,6,4,12,4,,Swords_T1_03=3,1,Rat|Rat,companion_join:Rat
89,12433,3,Normal,2,1,1,0,0,85,0,3,3,0,0,2,2,2,0,0,0,0,0,1,0,222,84,6,0,0,1,0,0,6,4,4,4,RH=Crude Sword|LH=Crude Sword|BD=Crude Armour|A1=Crude Bracelet|A2=Crude Bracelet,Swords_T1_03=1,0,Rat|Rat,party wiped
90,12434,1,Normal,34,5,5,5,0,37,72,0,3,100,0,1,2,0,15,7,2,3,3,0,0,560,29,28,28,5.6,0,1,1,6,4,20,4,,,1,Rat,floor1_town;companion_join:Rat; +1 levelup
90,12434,2,Normal,27,3,3,2,0,72,0,3,3,40,0,2,2,2,3,3,0,0,0,2,0,333,86,15,9,4.5,1,0,0,6,4,12,4,RH=Crude Sword|LH=Crude Sword|BD=Crude Armour|A1=Crude Bracelet|A2=Crude Bracelet,Swords_T1_03=2,0,Rat,party wiped
91,12435,1,Normal,32,3,3,3,0,37,65,0,0,60,0,1,1,1,9,8,0,3,3,0,0,336,21,21,21,7,0,1,1,4,4,12,4,,,1,Rat,floor1_town;companion_join:Rat
91,12435,2,Normal,23,4,4,3,0,65,0,0,1,60,0,1,2,0,3,3,0,0,0,1,0,417,72,15,12,4,1,0,0,4,4,16,4,RH=Crude Sword|LH=Crude Sword|BD=Crude Armour|A1=Crude Bracelet|A2=Crude Bracelet,Swords_T1_03=1,0,Rat,party wiped; +1 levelup
92,12436,1,Normal,30,4,4,4,0,37,65,0,0,80,0,1,1,2,12,6,0,3,3,0,0,448,0,19,19,4.75,0,1,1,5,4,16,4,,,1,Rat,floor1_town;companion_join:Rat
92,12436,2,Normal,31,2,2,2,0,65,102,0,2,40,0,1,2,0,3,3,2,0,0,0,0,224,16,9,9,4.5,0,1,1,5,4,8,4,,,1,Rat|Rat,companion_join:Rat; +1 levelup
92,12436,3,Normal,11,1,1,0,0,102,0,2,2,0,0,2,2,3,0,0,0,0,0,1,0,183,101,4,0,0,1,0,0,5,4,4,4,RH=Crude Sword|LH=Crude Sword|BD=Crude Armour|A1=Crude Bracelet|A2=Crude Bracelet,Swords_T1_03=1,0,Rat|Rat,party wiped
93,12437,1,Normal,28,2,2,2,0,37,65,0,0,40,0,1,1,0,6,3,1,3,3,0,0,224,0,12,12,6,0,1,1,3,4,8,4,,,1,Rat,floor1_town;companion_join:Rat
93,12437,2,Normal,40,3,3,3,0,65,81,0,2,60,0,1,2,3,3,3,0,0,0,0,0,336,82,17,17,5.667,0,1,1,3,4,12,4,,,2,Rat|Rat|Rat,companion_join:Rat;companion_join:Rat; +1 levelup
93,12437,3,Normal,19,2,2,1,0,81,0,2,0,48,0,2,2,2,3,3,0,0,0,0,0,338,143,15,10,10,1,0,0,4,4,8,4,RH=Crude Sword|LH=Crude Sword|BD=Crude Armour|A1=Crude Bracelet|A2=Crude Bracelet,,0,Rat|Rat|Rat,companion_join_skip:party_full; party wiped
94,12438,1,Normal,26,2,2,2,0,37,65,0,0,40,0,1,1,1,6,2,1,3,3,0,0,224,24,11,11,5.5,0,1,1,3,4,8,4,,,1,Rat,floor1_town;companion_join:Rat
94,12438,2,Normal,35,4,4,4,0,65,76,0,2,80,0,1,2,3,3,3,0,0,0,1,0,448,48,21,21,5.25,0,1,1,3,4,16,4,,Swords_T1_03=1,1,Rat|Rat,companion_join:Rat; +1 levelup
94,12438,3,Normal,2,1,1,0,0,76,0,2,2,0,0,2,2,1,0,0,0,0,0,0,0,154,76,5,0,0,1,0,0,3,4,4,4,RH=Crude Sword|LH=Crude Sword|BD=Crude Armour|A1=Crude Bracelet|A2=Crude Bracelet,,0,Rat|Rat,party wiped
95,12439,1,Normal,40,3,3,3,0,37,65,0,0,60,0,1,1,0,8,3,0,3,3,0,0,336,8,14,14,4.667,0,1,1,4,4,12,4,,,1,Rat,floor1_town;companion_join:Rat
95,12439,2,Normal,21,3,3,2,0,65,0,0,2,40,0,1,2,0,3,3,0,0,0,1,0,301,101,11,8,4,1,0,0,4,4,12,4,RH=Crude Sword|LH=Crude Sword|BD=Crude Armour|A1=Crude Bracelet|A2=Crude Bracelet,Swords_T1_03=1,0,Rat,party wiped; +1 levelup
96,12440,1,Normal,38,4,4,4,0,37,93,0,0,80,0,1,1,1,12,7,1,3,3,0,0,448,35,22,22,5.5,0,1,1,5,4,16,4,,,2,Rat|Rat,floor1_town;companion_join:Rat;companion_join:Rat
96,12440,2,Normal,27,4,4,4,0,93,85,0,3,80,0,1,2,1,3,3,2,0,0,0,0,448,32,15,15,3.75,0,1,1,5,4,16,4,,,0,Rat|Rat,+1 levelup
96,12440,3,Normal,5,1,1,0,0,85,0,3,3,0,0,2,2,3,0,0,0,0,0,0,0,141,85,5,0,0,1,0,0,5,4,4,4,RH=Crude Sword|LH=Crude Sword|BD=Crude Armour|A1=Crude Bracelet|A2=Crude Bracelet,,0,Rat|Rat,party wiped
97,12441,1,Normal,36,4,4,4,0,37,65,0,0,80,0,1,1,0,12,6,0,3,3,0,0,448,8,21,21,5.25,0,1,1,5,4,16,4,,,1,Rat,floor1_town;companion_join:Rat
97,12441,2,Normal,31,4,4,3,1,65,64,0,3,60,0,1,2,0,6,3,0,0,3,2,0,392,65,14,12,4,0,1,1,6,4,16,4,,Swords_T1_03=2,0,Rat,+1 levelup; flee×1
97,12441,3,Normal,19,2,2,0,1,64,0,3,3,0,0,2,2,2,3,6,0,0,0,1,0,296,98,8,0,0,1,0,0,7,4,8,4,RH=Crude Sword|LH=Crude Sword|BD=Crude Armour|A1=Crude Bracelet|A2=Crude Bracelet,Swords_T1_03=1,0,Rat,party wiped; flee×1
98,12442,1,Normal,34,5,5,5,0,37,46,0,2,100,0,1,2,0,15,10,1,3,3,0,0,560,37,28,28,5.6,0,1,1,6,4,20,4,,,0,-,floor1_town; +1 levelup
98,12442,2,Normal,27,4,4,4,0,46,74,2,2,80,0,2,2,1,6,6,1,0,0,3,0,448,47,21,21,5.25,0,1,1,7,4,16,4,,Swords_T1_03=3,2,Rat|Rat,companion_join:Rat;companion_join:Rat
98,12442,3,Normal,25,2,2,1,1,74,4,2,2,48,0,2,2,3,0,0,0,0,0,2,0,360,128,13,9,9,0,1,1,7,4,8,4,,Swords_T1_03=2,1,Rat|Rat|Goblin,companion_join:Goblin; flee×1
98,12442,4,Normal,15,1,1,0,0,4,0,2,0,0,0,2,2,0,3,3,0,0,0,0,0,50,60,7,0,0,1,0,0,8,4,4,4,RH=Crude Sword|LH=Crude Sword|BD=Crude Armour|A1=Crude Bracelet|A2=Crude Bracelet,,0,Rat|Rat|Goblin,party wiped
99,12443,1,Normal,32,3,3,3,0,37,37,0,0,60,0,1,1,0,8,0,0,3,3,0,0,336,8,15,15,5,0,1,1,4,4,12,4,,,0,-,floor1_town
99,12443,2,Normal,12,3,3,2,0,37,0,0,2,40,0,1,2,0,6,6,0,0,0,1,0,252,60,15,13,6.5,1,0,0,5,4,12,4,RH=Crude Sword|LH=Crude Sword|BD=Crude Armour|A1=Crude Bracelet|A2=Crude Bracelet,Swords_T1_03=1,0,-,party wiped; +1 levelup
100,12444,1,Normal,30,3,3,3,0,37,65,0,0,60,0,1,1,0,9,2,1,3,3,0,0,336,8,15,15,5,0,1,1,4,4,12,4,,,1,Rat,floor1_town;companion_join:Rat
100,12444,2,Normal,23,5,5,3,1,65,0,0,1,60,0,1,2,3,6,6,0,0,0,2,0,420,138,22,17,5.667,1,0,0,5,4,20,4,RH=Crude Sword|LH=Crude Sword|BD=Crude Armour|A1=Crude Bracelet|A2=Crude Bracelet,Swords_T1_03=2,0,Rat,party wiped; +1 levelup; flee×1
101,12445,1,Normal,28,3,3,3,0,37,65,0,0,60,0,1,1,0,9,3,2,3,3,0,0,336,8,16,16,5.333,0,1,1,4,4,12,4,,,1,Rat,floor1_town;companion_join:Rat
101,12445,2,Normal,26,2,2,2,0,65,72,0,2,40,0,1,2,1,3,3,3,0,0,0,0,224,0,9,9,4.5,0,1,1,4,4,8,4,,,0,Rat,+1 levelup
101,12445,3,Normal,20,2,2,0,1,72,0,2,2,0,0,2,2,5,3,3,0,0,0,1,0,273,106,10,0,0,1,0,0,5,4,8,4,RH=Crude Sword|LH=Crude Sword|BD=Crude Armour|A1=Crude Bracelet|A2=Crude Bracelet,Swords_T1_03=1,0,Rat,party wiped; flee×1
102,12446,1,Normal,26,2,2,2,0,37,65,0,0,40,0,1,1,1,6,1,0,3,3,0,0,224,16,10,10,5,0,1,1,3,4,8,4,,,1,Rat,floor1_town;companion_join:Rat
102,12446,2,Normal,28,3,3,3,0,65,129,0,3,60,0,1,2,1,3,3,1,0,0,0,0,336,16,10,10,3.333,0,1,1,3,4,12,4,,,2,Rat|Rat|Rat,companion_join:Rat;companion_join:Rat; +1 levelup
102,12446,3,Normal,14,2,2,1,0,129,0,3,3,48,0,2,2,2,0,0,0,0,0,2,0,335,127,6,4,4,1,0,0,3,4,8,4,RH=Crude Sword|LH=Crude Sword|BD=Crude Armour|A1=Crude Bracelet|A2=Crude Bracelet,Swords_T1_03=2,0,Rat|Rat|Rat,party wiped
103,12447,1,Normal,40,6,6,6,0,37,101,0,2,120,0,1,2,1,15,5,1,3,3,1,0,672,31,32,32,5.333,0,1,1,7,4,24,4,,Swords_T1_03=1,2,Rat|Rat,floor1_town;companion_join:Rat;companion_join:Rat; +1 levelup
103,12447,2,Normal,32,4,4,4,0,101,52,2,2,80,0,2,2,3,3,3,0,0,0,2,0,448,83,16,16,4,0,1,1,7,4,16,4,,Swords_T1_03=2,1,Rat|Rat|Rat,companion_join:Rat
103,12447,3,Normal,7,2,2,0,1,52,0,2,0,0,0,2,2,0,3,3,0,0,0,0,0,82,100,6,0,0,1,0,0,8,4,8,4,RH=Crude Sword|LH=Crude Sword|BD=Crude Armour|A1=Crude Bracelet|A2=Crude Bracelet,,0,Rat|Rat|Rat,party wiped; flee×1
104,12448,1,Normal,38,5,5,5,0,37,100,0,3,100,0,1,2,0,15,9,0,3,3,0,0,560,27,25,25,5,0,1,1,6,4,20,4,,,2,Rat|Rat,floor1_town;companion_join:Rat;companion_join:Rat; +1 levelup
104,12448,2,Normal,27,3,3,3,0,100,30,3,3,60,0,2,2,0,3,3,0,0,0,0,0,336,70,13,13,4.333,0,1,1,6,4,12,4,,,0,Rat|Rat,
104,12448,3,Normal,1,1,1,0,0,30,0,3,0,0,0,2,2,0,3,3,0,0,0,0,0,17,56,5,0,0,1,0,0,7,4,4,4,RH=Crude Sword|LH=Crude Sword|BD=Crude Armour|A1=Crude Bracelet|A2=Crude Bracelet,,0,Rat|Rat,party wiped
105,12449,1,Normal,36,4,4,4,0,37,37,0,0,80,0,1,1,0,12,4,2,3,3,0,0,448,24,24,24,6,0,1,1,5,4,16,4,,,0,-,floor1_town
105,12449,2,Normal,37,4,4,3,0,37,0,0,2,60,0,1,2,3,6,6,0,0,0,3,0,389,67,23,20,6.667,1,0,0,6,4,16,4,RH=Crude Sword|LH=Crude Sword|BD=Crude Armour|A1=Crude Bracelet|A2=Crude Bracelet,Swords_T1_03=3,0,-,party wiped; +1 levelup
106,12450,1,Normal,34,5,5,5,0,37,128,0,1,100,0,1,2,0,13,6,0,3,3,0,0,560,3,24,24,4.8,0,1,1,6,4,20,4,,,3,Rat|Rat|Rat,floor1_town;companion_join:Rat;companion_join:Rat;companion_join:Rat; +1 levelup
106,12450,2,Normal,35,3,3,3,0,128,104,1,1,60,0,2,2,0,3,3,0,0,0,2,0,336,38,9,9,3,0,1,1,6,4,12,4,,Swords_T1_03=2,0,Rat|Rat|Rat,
106,12450,3,Normal,18,2,2,1,0,104,0,1,1,48,0,2,2,2,0,0,0,0,0,2,0,355,102,9,4,4,1,0,0,6,4,8,4,RH=Crude Sword|LH=Crude Sword|BD=Crude Armour|A1=Crude Bracelet|A2=Crude Bracelet,Swords_T1_03=2,0,Rat|Rat|Rat,party wiped
107,12451,1,Normal,32,1,1,1,0,37,37,0,0,20,0,1,1,0,3,0,1,3,3,0,0,112,0,6,6,6,0,1,1,2,4,4,4,,,0,-,floor1_town
107,12451,2,Normal,33,2,2,2,0,37,30,0,0,40,0,1,1,1,3,3,0,0,0,0,0,224,35,13,13,6.5,0,1,1,2,4,8,4,,,1,Rat,companion_join:Rat
107,12451,3,Normal,7,1,1,0,0,30,0,0,0,0,0,1,1,1,0,0,0,0,0,0,0,103,64,2,0,0,1,0,0,2,4,4,4,RH=Crude Sword|LH=Crude Sword|BD=Crude Armour|A1=Crude Bracelet|A2=Crude Bracelet,,0,Rat,party wiped
108,12452,1,Normal,30,2,2,2,0,37,93,0,0,40,0,1,1,0,6,2,0,3,3,0,0,224,0,11,11,5.5,0,1,1,3,4,8,4,,,2,Rat|Rat,floor1_town;companion_join:Rat;companion_join:Rat
108,12452,2,Normal,25,4,4,4,0,93,30,0,2,80,0,1,2,1,3,3,0,0,0,1,0,448,101,15,15,3.75,0,1,1,3,4,16,4,,Swords_T1_03=1,0,Rat|Rat,+1 levelup
108,12452,3,Normal,7,1,1,0,0,30,0,2,2,0,0,2,2,1,0,0,0,0,0,0,0,86,63,2,0,0,1,0,0,3,4,4,4,RH=Crude Sword|LH=Crude Sword|BD=Crude Armour|A1=Crude Bracelet|A2=Crude Bracelet,,0,Rat|Rat,party wiped
109,12453,1,Normal,28,1,1,1,0,37,65,0,0,20,0,1,1,0,3,0,1,3,3,0,0,112,8,5,5,5,0,1,1,2,4,4,4,,,1,Rat,floor1_town;companion_join:Rat
109,12453,2,Normal,37,3,3,3,0,65,62,0,0,60,0,1,1,0,3,3,2,0,0,0,0,336,31,13,13,4.333,0,1,1,2,4,12,4,,,1,Rat|Rat,companion_join:Rat
109,12453,3,Normal,15,1,1,0,0,62,0,0,0,0,0,1,1,4,0,0,0,0,0,0,0,228,62,8,0,0,1,0,0,2,4,4,4,RH=Crude Sword|LH=Crude Sword|BD=Crude Armour|A1=Crude Bracelet|A2=Crude Bracelet,,0,Rat|Rat,party wiped
110,12454,1,Normal,26,3,3,3,0,37,37,0,0,60,0,1,1,0,9,4,0,3,3,0,0,336,39,17,17,5.667,0,1,1,4,4,12,4,,,0,-,floor1_town
110,12454,2,Normal,25,1,1,1,0,37,37,0,0,20,0,1,1,0,3,2,1,0,1,0,0,112,0,7,7,7,0,1,1,4,4,4,4,,,0,-,
110,12454,3,Normal,5,1,1,0,0,37,0,0,0,0,0,1,1,2,3,3,0,0,0,0,0,160,37,5,0,0,1,0,0,10,4,4,4,RH=Crude Sword|LH=Crude Sword|BD=Crude Armour|A1=Crude Bracelet|A2=Crude Bracelet,,0,-,party wiped
111,12455,1,Normal,40,5,5,5,0,37,44,0,2,100,0,1,2,0,15,6,1,3,3,0,0,560,28,28,28,5.6,0,1,1,6,4,20,4,,,0,-,floor1_town; +1 levelup
111,12455,2,Normal,27,2,2,2,0,44,59,2,2,40,0,2,2,0,3,3,1,0,0,1,0,224,12,9,9,4.5,0,1,1,6,4,8,4,,Swords_T1_03=1,1,Rat,companion_join:Rat
111,12455,3,Normal,5,1,1,0,0,59,0,2,2,0,0,2,2,1,0,0,0,0,0,1,0,77,58,2,0,0,1,0,0,6,4,4,4,RH=Crude Sword|LH=Crude Sword|BD=Crude Armour|A1=Crude Bracelet|A2=Crude Bracelet,Swords_T1_03=1,0,Rat,party wiped
112,12456,1,Normal,38,2,2,2,0,37,37,0,0,40,0,1,1,0,6,2,2,3,3,0,0,224,16,12,12,6,0,1,1,3,4,8,4,,,0,-,floor1_town
112,12456,2,Normal,30,3,3,3,0,37,64,0,2,60,0,1,2,3,3,3,0,0,0,0,0,336,59,15,15,5,0,1,1,3,4,12,4,,,2,Rat|Rat,companion_join:Rat;companion_join:Rat; +1 levelup
112,12456,3,Normal,3,1,1,0,0,64,0,2,2,0,0,2,2,1,0,0,0,0,0,1,0,180,63,5,0,0,1,0,0,3,4,4,4,RH=Crude Sword|LH=Crude Sword|BD=Crude Armour|A1=Crude Bracelet|A2=Crude Bracelet,Swords_T1_03=1,0,Rat|Rat,party wiped
113,12457,1,Normal,36,3,3,3,0,37,65,0,0,60,0,1,1,1,9,3,0,3,3,0,0,336,0,14,14,4.667,0,1,1,4,4,12,4,,,1,Rat,floor1_town;companion_join:Rat
113,12457,2,Normal,25,2,2,2,0,65,60,0,2,40,0,1,2,0,3,3,2,0,0,0,0,224,34,9,9,4.5,0,1,1,4,4,8,4,,,0,Rat,+1 levelup
113,12457,3,Normal,29,1,1,1,0,60,42,2,2,48,0,2,2,4,0,0,0,0,0,1,0,240,17,6,6,6,0,1,1,4,4,4,4,,Swords_T1_03=1,0,Rat,
113,12457,4,Normal,15,1,1,0,0,42,0,2,2,0,0,2,2,0,0,0,0,0,0,0,0,56,42,2,0,0,1,0,0,4,4,4,4,RH=Crude Sword|LH=Crude Sword|BD=Crude Armour|A1=Crude Bracelet|A2=Crude Bracelet,,0,Rat,party wiped
114,12458,1,Normal,34,4,4,4,0,37,65,0,0,80,0,1,1,2,12,2,0,3,3,0,0,448,38,17,17,4.25,0,1,1,5,4,16,4,,,1,Rat,floor1_town;companion_join:Rat
114,12458,2,Normal,28,5,5,4,0,65,0,0,2,80,0,1,2,2,3,3,0,0,0,2,0,505,135,22,19,4.75,1,0,0,5,4,20,4,RH=Crude Sword|LH=Crude Sword|BD=Crude Armour|A1=Crude Bracelet|A2=Crude Bracelet,Swords_T1_03=2,2,Rat|Rat|Rat,companion_join:Rat;companion_join:Rat; party wiped; +1 levelup
115,12459,1,Normal,32,4,4,4,0,37,65,0,0,80,0,1,1,0,10,5,0,3,3,0,0,448,8,21,21,5.25,0,1,1,5,4,16,4,,,1,Rat,floor1_town;companion_join:Rat
115,12459,2,Normal,40,3,3,3,0,65,53,0,1,60,0,1,2,1,3,3,0,0,0,2,0,336,47,14,14,4.667,0,1,1,5,4,12,4,,Swords_T1_03=2,1,Rat|Rat,companion_join:Rat; +1 levelup
115,12459,3,Normal,2,1,1,0,0,53,0,1,1,0,0,2,2,2,0,0,0,0,0,1,0,60,52,3,0,0,1,0,0,5,4,4,4,RH=Crude Sword|LH=Crude Sword|BD=Crude Armour|A1=Crude Bracelet|A2=Crude Bracelet,Swords_T1_03=1,0,Rat|Rat,party wiped
116,12460,1,Normal,30,3,3,3,0,37,65,0,0,60,0,1,1,2,8,6,0,3,3,0,0,336,24,16,16,5.333,0,1,1,4,4,12,4,,,1,Rat,floor1_town;companion_join:Rat
116,12460,2,Normal,25,3,3,2,1,65,10,0,1,40,0,1,2,1,3,3,0,0,0,0,0,252,99,11,9,4.5,0,1,1,4,4,12,4,,,1,Rat|Rat,companion_join:Rat; +1 levelup; flee×1
116,12460,3,Normal,2,1,1,0,0,10,0,1,1,0,0,2,2,0,3,3,0,0,0,0,0,117,45,3,0,0,1,0,0,5,4,4,4,RH=Crude Sword|LH=Crude Sword|BD=Crude Armour|A1=Crude Bracelet|A2=Crude Bracelet,,0,Rat|Rat,party wiped
117,12461,1,Normal,28,1,1,1,0,37,37,0,0,20,0,1,1,0,3,0,0,3,3,0,0,112,8,5,5,5,0,1,1,2,4,4,4,,,0,-,floor1_town
117,12461,2,Normal,35,6,6,5,1,37,37,0,3,100,0,1,2,1,11,3,0,0,3,2,0,626,93,29,26,5.2,0,1,1,5,4,24,4,,Swords_T1_03=2,1,Rat,companion_join:Rat; +1 levelup; flee×1
117,12461,3,Normal,1,1,1,0,0,37,0,3,3,0,0,2,2,2,3,3,0,0,0,1,0,204,44,6,0,0,1,0,0,6,4,4,4,RH=Crude Sword|LH=Crude Sword|BD=Crude Armour|A1=Crude Bracelet|A2=Crude Bracelet,Swords_T1_03=1,0,Rat,party wiped
118,12462,1,Normal,26,3,3,3,0,37,65,0,0,60,0,1,1,1,9,8,0,3,3,0,0,336,65,20,20,6.667,0,1,1,4,4,12,4,,,2,Rat|Rat,floor1_town;companion_join:Rat;companion_join:Rat
118,12462,2,Normal,34,7,7,6,0,65,0,0,0,120,0,1,2,1,9,9,0,0,0,3,0,739,167,34,27,4.5,1,0,0,11,4,28,4,RH=Crude Sword|LH=Crude Sword|BD=Crude Armour|A1=Crude Bracelet|A2=Crude Bracelet,Swords_T1_03=3,1,Rat|Rat|Rat,companion_join:Rat; party wiped; +1 levelup
119,12463,1,Normal,40,5,5,5,0,37,74,0,2,100,0,1,2,0,14,7,0,3,3,0,0,560,49,26,26,5.2,0,1,1,6,4,20,4,,,1,Rat,floor1_town;companion_join:Rat; +1 levelup
119,12463,2,Normal,31,4,4,4,0,74,94,2,2,80,0,2,2,1,3,3,1,0,0,1,0,448,7,15,15,3.75,0,1,1,6,4,16,4,,Swords_T1_03=1,1,Rat|Rat,companion_join:Rat
119,12463,3,Normal,15,1,1,0,0,94,0,2,2,0,0,2,2,1,0,0,0,0,0,1,0,229,93,7,0,0,1,0,0,6,4,4,4,RH=Crude Sword|LH=Crude Sword|BD=Crude Armour|A1=Crude Bracelet|A2=Crude Bracelet,Swords_T1_03=1,0,Rat|Rat,party wiped
120,12464,1,Normal,38,3,3,3,0,37,37,0,0,60,0,1,1,0,9,2,1,3,3,0,0,336,0,17,17,5.667,0,1,1,4,4,12,4,,,0,-,floor1_town
120,12464,2,Normal,29,3,3,2,1,37,74,0,2,40,0,1,2,1,9,9,0,0,0,0,0,308,49,21,14,7,0,1,1,6,4,12,4,,,1,Rat,companion_join:Rat; +1 levelup; flee×1
120,12464,3,Normal,16,1,1,0,0,74,0,2,2,0,0,2,2,1,0,0,0,0,0,0,0,97,74,2,0,0,1,0,0,6,4,4,4,RH=Crude Sword|LH=Crude Sword|BD=Crude Armour|A1=Crude Bracelet|A2=Crude Bracelet,,0,Rat,party wiped
121,12465,1,Normal,36,3,3,3,0,37,65,0,0,60,0,1,1,2,8,3,0,3,3,0,0,336,16,16,16,5.333,0,1,1,4,4,12,4,,,1,Rat,floor1_town;companion_join:Rat
121,12465,2,Normal,33,1,1,1,0,65,93,0,0,20,0,1,1,1,3,1,1,0,2,0,0,112,0,5,5,5,0,1,1,4,4,4,4,,,1,Rat|Rat,companion_join:Rat
121,12465,3,Normal,13,2,2,1,0,93,0,0,1,48,0,1,2,1,0,2,0,0,0,0,0,292,128,8,7,7,1,0,0,4,4,8,4,RH=Crude Sword|LH=Crude Sword|BD=Crude Armour|A1=Crude Bracelet|A2=Crude Bracelet,,0,Rat|Rat,party wiped; +1 levelup
122,12466,1,Normal,34,3,3,3,0,37,93,0,0,60,0,1,1,1,8,2,0,3,3,0,0,336,16,14,14,4.667,0,1,1,4,4,12,4,,,2,Rat|Rat,floor1_town;companion_join:Rat;companion_join:Rat
122,12466,2,Normal,39,5,5,5,0,93,99,0,1,100,0,1,2,1,3,3,1,0,0,1,0,560,37,18,18,3.6,0,1,1,4,4,20,4,,Swords_T1_03=1,1,Rat|Rat|Rat,companion_join:Rat;companion_join_skip:party_full;companion_join_skip:party_full; +1 levelup
122,12466,3,Normal,14,2,2,1,0,99,0,1,0,48,0,2,2,2,3,3,0,0,0,0,0,266,114,11,8,8,1,0,0,10,4,8,4,RH=Crude Sword|LH=Crude Sword|BD=Crude Armour|A1=Crude Bracelet|A2=Crude Bracelet,,0,Rat|Rat|Rat,party wiped
123,12467,1,Normal,32,3,3,3,0,37,65,0,0,60,0,1,1,0,9,4,2,3,3,0,0,336,8,14,14,4.667,0,1,1,4,4,12,4,,,1,Rat,floor1_town;companion_join:Rat
123,12467,2,Normal,36,5,5,5,0,65,73,0,1,100,0,1,2,2,6,3,0,0,3,3,0,560,84,25,25,5,0,1,1,5,4,20,4,,Swords_T1_03=3,1,Rat|Rat,companion_join:Rat; +1 levelup
123,12467,3,Normal,3,1,1,0,0,73,0,1,1,0,0,2,2,0,0,3,0,0,0,1,0,179,72,4,0,0,1,0,0,5,4,4,4,RH=Crude Sword|LH=Crude Sword|BD=Crude Armour|A1=Crude Bracelet|A2=Crude Bracelet,Swords_T1_03=1,0,Rat|Rat,party wiped
124,12468,1,Normal,30,3,3,3,0,37,65,0,0,60,0,1,1,0,9,2,0,3,3,0,0,336,16,13,13,4.333,0,1,1,4,4,12,4,,,1,Rat,floor1_town;companion_join:Rat
124,12468,2,Normal,16,2,2,1,0,65,0,0,0,20,0,1,1,0,3,3,0,0,0,0,0,201,73,10,5,5,1,0,0,4,4,8,4,RH=Crude Sword|LH=Crude Sword|BD=Crude Armour|A1=Crude Bracelet|A2=Crude Bracelet,,0,Rat,party wiped
125,12469,1,Normal,28,2,2,2,0,37,37,0,0,40,0,1,1,1,6,4,1,3,3,0,0,224,16,13,13,6.5,0,1,1,3,4,8,4,,,0,-,floor1_town
125,12469,2,Normal,14,2,2,1,0,37,0,0,0,20,0,1,1,1,3,3,0,0,0,0,0,221,37,16,8,8,1,0,0,3,4,8,4,RH=Crude Sword|LH=Crude Sword|BD=Crude Armour|A1=Crude Bracelet|A2=Crude Bracelet,,0,-,party wiped
126,12470,1,Normal,26,2,2,2,0,37,37,0,0,40,0,1,1,0,6,5,0,3,3,0,0,224,8,15,15,7.5,0,1,1,3,4,8,4,,,0,-,floor1_town
126,12470,2,Normal,31,4,4,3,1,37,17,0,1,60,0,1,2,0,6,4,0,0,0,1,0,420,87,19,16,5.333,0,1,1,4,4,16,4,,Swords_T1_03=1,1,Rat,companion_join:Rat; +1 levelup; flee×1
126,12470,3,Normal,21,1,1,0,0,17,0,1,1,0,0,2,2,1,0,0,0,0,0,0,0,17,51,1,0,0,1,0,0,4,4,4,4,RH=Crude Sword|LH=Crude Sword|BD=Crude Armour|A1=Crude Bracelet|A2=Crude Bracelet,,0,Rat,party wiped
127,12471,1,Normal,40,4,4,4,0,37,37,0,0,80,0,1,1,0,12,6,2,3,3,0,0,448,16,24,24,6,0,1,1,5,4,16,4,,,0,-,floor1_town
127,12471,2,Normal,29,3,3,3,0,37,44,0,2,60,0,1,2,2,6,3,1,0,3,2,0,336,22,17,17,5.667,0,1,1,6,4,12,4,,Swords_T1_03=2,0,-,+1 levelup
127,12471,3,Normal,10,1,1,0,0,44,0,2,2,0,0,2,2,1,0,3,2,0,0,0,0,95,44,3,0,0,1,0,0,6,4,4,4,RH=Crude Sword|LH=Crude Sword|BD=Crude Armour|A1=Crude Bracelet|A2=Crude Bracelet,,0,-,party wiped
128,12472,1,Normal,37,6,6,6,0,37,101,0,1,120,0,1,2,0,17,6,0,3,3,0,0,672,40,35,35,5.833,0,1,1,7,4,24,4,,,2,Rat|Rat,floor1_town;companion_join:Rat;companion_join:Rat; +1 levelup
128,12472,2,Normal,35,4,4,3,0,101,0,1,1,60,0,2,2,2,3,3,0,0,0,4,0,430,97,18,13,4.333,1,0,0,7,4,16,4,RH=Crude Sword|LH=Crude Sword|BD=Crude Armour|A1=Crude Bracelet|A2=Crude Bracelet,Swords_T1_03=4,0,Rat|Rat,party wiped
129,12473,1,Normal,35,4,4,4,0,37,65,0,0,80,0,1,1,1,12,2,0,3,3,0,0,448,8,22,22,5.5,0,1,1,5,4,16,4,,,1,Rat,floor1_town;companion_join:Rat
129,12473,2,Normal,38,1,1,1,0,65,74,0,2,20,0,1,2,0,3,3,2,0,0,0,0,112,48,8,8,8,0,1,1,5,4,4,4,,,1,Rat|Rat,companion_join:Rat; +1 levelup
129,12473,3,Normal,3,1,1,0,0,74,0,2,2,0,0,2,2,2,0,0,0,0,0,1,0,164,73,4,0,0,1,0,0,5,4,4,4,RH=Crude Sword|LH=Crude Sword|BD=Crude Armour|A1=Crude Bracelet|A2=Crude Bracelet,Swords_T1_03=1,0,Rat|Rat,party wiped
130,12474,1,Normal,33,4,4,4,0,37,93,0,0,80,0,1,1,0,12,7,0,3,3,0,0,448,37,19,19,4.75,0,1,1,5,4,16,4,,,2,Rat|Rat,floor1_town;companion_join:Rat;companion_join:Rat
130,12474,2,Normal,40,2,2,2,0,93,125,0,3,40,0,1,2,0,3,3,0,0,0,1,0,224,11,8,8,4,0,1,1,5,4,8,4,,Swords_T1_03=1,1,Rat|Rat|Rat,companion_join:Rat; +1 levelup
130,12474,3,Normal,15,2,2,1,0,125,0,3,3,48,0,2,2,2,0,0,0,0,0,1,0,437,124,9,4,4,1,0,0,5,4,8,4,RH=Crude Sword|LH=Crude Sword|BD=Crude Armour|A1=Crude Bracelet|A2=Crude Bracelet,Swords_T1_03=1,0,Rat|Rat|Rat,party wiped
131,12475,1,Normal,31,5,5,5,0,37,74,0,1,100,0,1,2,0,12,6,1,3,3,0,0,560,24,25,25,5,0,1,1,6,4,20,4,,,1,Rat,floor1_town;companion_join:Rat; +1 levelup
131,12475,2,Normal,35,4,4,4,0,74,107,1,1,80,0,2,2,2,3,3,1,0,0,3,0,448,43,15,15,3.75,0,1,1,6,4,16,4,,Swords_T1_03=3,2,Rat|Rat|Rat,companion_join:Rat;companion_join:Rat;companion_join_skip:party_full
131,12475,3,Normal,25,1,1,0,0,107,0,1,1,0,0,2,2,2,0,0,0,0,0,0,0,204,107,7,0,0,1,0,0,6,4,4,4,RH=Crude Sword|LH=Crude Sword|BD=Crude Armour|A1=Crude Bracelet|A2=Crude Bracelet,,0,Rat|Rat|Rat,party wiped
132,12476,1,Normal,29,3,3,3,0,37,65,0,0,60,0,1,1,0,9,4,2,3,3,0,0,336,22,16,16,5.333,0,1,1,4,4,12,4,,,1,Rat,floor1_town;companion_join:Rat
132,12476,2,Normal,28,3,3,3,0,65,63,0,3,60,0,1,2,2,3,3,0,0,0,1,0,336,61,12,12,4,0,1,1,4,4,12,4,,Swords_T1_03=1,1,Rat|Rat,companion_join:Rat; +1 levelup
132,12476,3,Normal,15,2,2,0,1,63,0,3,0,0,0,2,2,1,3,3,0,0,0,1,0,151,106,5,0,0,1,0,0,10,4,8,4,RH=Crude Sword|LH=Crude Sword|BD=Crude Armour|A1=Crude Bracelet|A2=Crude Bracelet,Swords_T1_03=1,0,Rat|Rat,party wiped; flee×1
133,12477,1,Normal,27,1,1,1,0,37,37,0,0,20,0,1,1,1,3,3,0,3,3,0,0,112,19,8,8,8,0,1,1,2,4,4,4,,,0,-,floor1_town
133,12477,2,Normal,26,3,3,3,0,37,49,0,0,60,0,1,1,0,6,6,0,0,0,0,0,336,24,17,17,5.667,0,1,1,3,4,12,4,,,1,Rat,companion_join:Rat
133,12477,3,Normal,9,1,1,0,0,49,0,0,0,0,0,1,1,0,0,0,0,0,0,0,0,60,49,2,0,0,1,0,0,3,4,4,4,RH=Crude Sword|LH=Crude Sword|BD=Crude Armour|A1=Crude Bracelet|A2=Crude Bracelet,,0,Rat,party wiped
134,12478,1,Normal,25,2,2,2,0,37,93,0,0,40,0,1,1,1,6,3,1,3,3,0,0,224,8,11,11,5.5,0,1,1,3,4,8,4,,,2,Rat|Rat,floor1_town;companion_join:Rat;companion_join:Rat
134,12478,2,Normal,32,4,4,3,0,93,0,0,1,60,0,1,2,2,3,3,0,0,0,1,0,419,108,18,12,4,1,0,0,3,4,16,4,RH=Crude Sword|LH=Crude Sword|BD=Crude Armour|A1=Crude Bracelet|A2=Crude Bracelet,Swords_T1_03=1,0,Rat|Rat,party wiped; +1 levelup
135,12479,1,Normal,39,5,5,5,0,37,74,0,3,100,0,1,2,0,15,6,0,3,3,0,0,560,22,30,30,6,0,1,1,6,4,20,4,,,1,Rat,floor1_town;companion_join:Rat; +1 levelup
135,12479,2,Normal,11,3,3,2,0,74,0,3,3,40,0,2,2,0,3,3,0,0,0,1,0,328,129,19,11,5.5,1,0,0,6,4,12,4,RH=Crude Sword|LH=Crude Sword|BD=Crude Armour|A1=Crude Bracelet|A2=Crude Bracelet,Swords_T1_03=1,2,Rat|Rat|Rat,companion_join:Rat;companion_join:Rat; party wiped
136,12480,1,Normal,37,4,4,4,0,37,121,0,0,80,0,1,1,1,12,5,1,3,3,0,0,448,24,21,21,5.25,0,1,1,5,4,16,4,,,3,Rat|Rat|Rat,floor1_town;companion_join:Rat;companion_join:Rat;companion_join:Rat
136,12480,2,Normal,31,3,3,3,0,121,91,0,2,60,0,1,2,2,3,3,0,0,0,1,0,336,58,11,11,3.667,0,1,1,5,4,12,4,,Swords_T1_03=1,0,Rat|Rat|Rat,+1 levelup
136,12480,3,Normal,16,2,2,1,0,91,0,2,2,48,0,2,2,2,0,0,0,0,0,1,0,280,90,9,7,7,1,0,0,5,4,8,4,RH=Crude Sword|LH=Crude Sword|BD=Crude Armour|A1=Crude Bracelet|A2=Crude Bracelet,Swords_T1_03=1,0,Rat|Rat|Rat,party wiped
137,12481,1,Normal,7,1,1,0,0,37,0,0,0,0,0,1,1,0,3,3,0,0,0,0,0,109,37,8,0,0,1,0,0,1,4,4,4,RH=Crude Sword|LH=Crude Sword|BD=Crude Armour|A1=Crude Bracelet|A2=Crude Bracelet,,0,-,floor1_town; party wiped
138,12482,1,Normal,33,5,5,5,0,37,74,0,1,100,0,1,2,1,14,9,0,3,3,0,0,560,84,29,29,5.8,0,1,1,6,4,20,4,,,2,Rat|Rat,floor1_town;companion_join:Rat;companion_join:Rat; +1 levelup
138,12482,2,Normal,32,4,4,4,0,74,83,1,1,80,0,2,2,2,3,3,0,0,0,4,0,448,15,16,16,4,0,1,1,6,4,16,4,,Swords_T1_03=4,1,Rat|Rat|Rat,companion_join:Rat
138,12482,3,Normal,13,2,2,1,0,83,0,1,1,48,0,2,2,2,0,0,0,0,0,1,0,415,82,8,5,5,1,0,0,6,4,8,4,RH=Crude Sword|LH=Crude Sword|BD=Crude Armour|A1=Crude Bracelet|A2=Crude Bracelet,Swords_T1_03=1,0,Rat|Rat|Rat,companion_join_skip:party_full; party wiped
139,12483,1,Normal,31,5,5,5,0,37,129,0,2,100,0,1,2,0,14,10,0,3,3,0,0,560,34,24,24,4.8,0,1,1,6,4,20,4,,,3,Rat|Rat|Rat,floor1_town;companion_join:Rat;companion_join:Rat;companion_join:Rat; +1 levelup
139,12483,2,Normal,25,3,3,3,0,129,119,2,2,60,0,2,2,0,3,3,1,0,0,3,0,336,23,10,10,3.333,0,1,1,6,4,12,4,,Swords_T1_03=3,0,Rat|Rat|Rat,
139,12483,3,Normal,11,2,2,1,0,119,0,2,0,48,0,2,2,1,3,3,0,0,0,1,0,333,150,11,6,6,1,0,0,7,4,8,4,RH=Crude Sword|LH=Crude Sword|BD=Crude Armour|A1=Crude Bracelet|A2=Crude Bracelet,Swords_T1_03=1,0,Rat|Rat|Rat,party wiped
140,12484,1,Normal,29,4,4,4,0,37,93,0,0,80,0,1,1,1,11,6,0,3,3,0,0,448,35,21,21,5.25,0,1,1,5,4,16,4,,,2,Rat|Rat,floor1_town;companion_join:Rat;companion_join:Rat
140,12484,2,Normal,25,4,4,3,0,93,0,0,3,60,0,1,2,0,3,3,0,0,0,1,0,408,139,15,11,3.667,1,0,0,5,4,16,4,RH=Crude Sword|LH=Crude Sword|BD=Crude Armour|A1=Crude Bracelet|A2=Crude Bracelet,Swords_T1_03=1,1,Rat|Rat|Rat,companion_join:Rat; party wiped; +1 levelup
141,12485,1,Normal,27,2,2,2,0,37,65,0,0,40,0,1,1,0,6,5,0,3,3,0,0,224,16,12,12,6,0,1,1,3,4,8,4,,,1,Rat,floor1_town;companion_join:Rat
141,12485,2,Normal,26,1,1,1,0,65,65,0,0,20,0,1,1,0,3,1,0,0,2,0,0,112,8,5,5,5,0,1,1,3,4,4,4,,,0,Rat,
141,12485,3,Normal,7,1,1,0,0,65,0,0,0,0,0,1,1,1,0,2,1,0,0,0,0,77,76,3,0,0,1,0,0,3,4,4,4,RH=Crude Sword|LH=Crude Sword|BD=Crude Armour|A1=Crude Bracelet|A2=Crude Bracelet,,0,Rat,party wiped
142,12486,1,Normal,25,3,3,3,0,37,121,0,0,60,0,1,1,0,9,5,1,3,3,0,0,336,0,16,16,5.333,0,1,1,4,4,12,4,,,3,Rat|Rat|Rat,floor1_town;companion_join:Rat;companion_join:Rat;companion_join:Rat
142,12486,2,Normal,31,2,2,2,0,121,130,0,2,40,0,1,2,1,3,1,0,0,2,0,0,224,0,8,8,4,0,1,1,4,4,8,4,,,0,Rat|Rat|Rat,companion_join_skip:party_full; +1 levelup
142,12486,3,Normal,21,2,2,1,0,130,0,2,2,48,0,2,2,0,0,2,0,0,0,1,0,283,129,9,7,7,1,0,0,4,4,8,4,RH=Crude Sword|LH=Crude Sword|BD=Crude Armour|A1=Crude Bracelet|A2=Crude Bracelet,Swords_T1_03=1,0,Rat|Rat|Rat,party wiped
143,12487,1,Normal,39,4,4,4,0,37,65,0,0,80,0,1,1,0,12,6,2,3,3,0,0,448,29,24,24,6,0,1,1,5,4,16,4,,,1,Rat,floor1_town;companion_join:Rat
143,12487,2,Normal,38,5,5,5,0,65,42,0,2,100,0,1,2,2,3,3,0,0,0,3,0,560,98,23,23,4.6,0,1,1,5,4,20,4,,Swords_T1_03=3,2,Rat|Rat|Rat,companion_join:Rat;companion_join:Rat; +1 levelup
143,12487,3,Normal,13,1,1,0,0,42,0,2,2,0,0,2,2,1,0,0,0,0,0,1,0,91,67,3,0,0,1,0,0,5,4,4,4,RH=Crude Sword|LH=Crude Sword|BD=Crude Armour|A1=Crude Bracelet|A2=Crude Bracelet,Swords_T1_03=1,0,Rat|Rat|Rat,party wiped
144,12488,1,Normal,37,5,5,5,0,37,46,0,1,100,0,1,2,0,15,2,1,3,3,0,0,560,8,25,25,5,0,1,1,6,4,20,4,,,0,-,floor1_town; +1 levelup
144,12488,2,Normal,28,2,2,2,0,46,23,1,1,40,0,2,2,0,3,3,1,0,0,2,0,224,21,13,13,6.5,0,1,1,6,4,8,4,,Swords_T1_03=2,0,-,
144,12488,3,Normal,1,1,1,0,0,23,0,1,1,0,0,2,2,1,3,3,0,0,0,1,0,150,45,4,0,0,1,0,0,7,4,4,4,RH=Crude Sword|LH=Crude Sword|BD=Crude Armour|A1=Crude Bracelet|A2=Crude Bracelet,Swords_T1_03=1,0,-,party wiped
145,12489,1,Normal,35,4,4,4,0,37,93,0,0,80,0,1,1,1,12,5,1,3,3,0,0,448,18,20,20,5,0,1,1,5,4,16,4,,,2,Rat|Rat,floor1_town;companion_join:Rat;companion_join:Rat
145,12489,2,Normal,35,6,6,6,0,93,66,0,1,120,0,1,2,2,3,3,0,0,0,3,0,672,68,20,20,3.333,0,1,1,5,4,24,4,,Swords_T1_03=3,1,Rat|Rat|Rat,companion_join:Rat;companion_join_skip:party_full; +1 levelup
145,12489,3,Normal,3,1,1,0,0,66,0,1,1,0,0,2,2,1,0,0,0,0,0,1,0,168,65,3,0,0,1,0,0,5,4,4,4,RH=Crude Sword|LH=Crude Sword|BD=Crude Armour|A1=Crude Bracelet|A2=Crude Bracelet,Swords_T1_03=1,0,Rat|Rat|Rat,party wiped
146,12490,1,Normal,33,2,2,2,0,37,37,0,0,40,0,1,1,0,6,5,0,3,3,0,0,224,8,11,11,5.5,0,1,1,3,4,8,4,,,0,-,floor1_town
146,12490,2,Normal,13,3,3,2,0,37,0,0,0,40,0,1,1,2,3,3,0,0,0,0,0,265,93,14,12,6,1,0,0,3,4,12,4,RH=Crude Sword|LH=Crude Sword|BD=Crude Armour|A1=Crude Bracelet|A2=Crude Bracelet,,2,Rat|Rat,companion_join:Rat;companion_join:Rat; party wiped
147,12491,1,Normal,31,3,3,3,0,37,37,0,0,60,0,1,1,0,9,2,2,3,3,0,0,336,0,15,15,5,0,1,1,4,4,12,4,,,0,-,floor1_town
147,12491,2,Normal,35,4,4,3,1,37,65,0,2,60,0,1,2,2,6,5,0,0,1,1,0,364,42,20,18,6,0,1,1,5,4,16,4,,Swords_T1_03=1,1,Rat,companion_join:Rat; +1 levelup; flee×1
147,12491,3,Normal,9,1,1,0,0,65,0,2,2,0,0,2,2,1,0,1,0,0,0,0,0,169,65,4,0,0,1,0,0,5,4,4,4,RH=Crude Sword|LH=Crude Sword|BD=Crude Armour|A1=Crude Bracelet|A2=Crude Bracelet,,0,Rat,party wiped
148,12492,1,Normal,29,2,2,2,0,37,37,0,0,40,0,1,1,0,6,6,0,3,3,0,0,224,18,14,14,7,0,1,1,3,4,8,4,,,0,-,floor1_town
148,12492,2,Normal,33,5,5,4,1,37,25,0,1,80,0,1,2,0,9,7,0,0,0,1,0,448,70,24,22,5.5,0,1,1,5,4,20,4,,Swords_T1_03=1,0,-,+1 levelup; flee×1
148,12492,3,Normal,1,1,1,0,0,25,0,1,1,0,0,2,2,1,3,3,0,0,0,1,0,140,45,4,0,0,1,0,0,6,4,4,4,RH=Crude Sword|LH=Crude Sword|BD=Crude Armour|A1=Crude Bracelet|A2=Crude Bracelet,Swords_T1_03=1,0,-,party wiped
149,12493,1,Normal,27,3,3,3,0,37,37,0,0,60,0,1,1,0,9,5,1,3,3,0,0,336,8,18,18,6,0,1,1,4,4,12,4,,,0,-,floor1_town
149,12493,2,Normal,31,4,4,4,0,37,45,0,2,80,0,1,2,2,9,7,0,0,1,2,0,448,42,25,25,6.25,0,1,1,6,4,16,4,,Swords_T1_03=2,0,-,+1 levelup
149,12493,3,Normal,3,1,1,0,0,45,0,2,2,0,0,2,2,2,0,1,0,0,0,1,0,123,44,3,0,0,1,0,0,6,4,4,4,RH=Crude Sword|LH=Crude Sword|BD=Crude Armour|A1=Crude Bracelet|A2=Crude Bracelet,Swords_T1_03=1,0,-,party wiped
150,12494,1,Normal,25,3,3,3,0,37,93,0,0,60,0,1,1,0,9,5,0,3,3,0,0,336,8,16,16,5.333,0,1,1,4,4,12,4,,,2,Rat|Rat,floor1_town;companion_join:Rat;companion_join:Rat
150,12494,2,Normal,26,2,2,2,0,93,130,0,2,40,0,1,2,0,3,3,0,0,0,0,0,224,18,9,9,4.5,0,1,1,4,4,8,4,,,1,Rat|Rat|Rat,companion_join:Rat; +1 levelup
150,12494,3,Normal,21,2,2,1,0,130,0,2,0,48,0,2,2,2,3,3,0,0,0,1,0,356,174,10,5,5,1,0,0,5,4,8,4,RH=Crude Sword|LH=Crude Sword|BD=Crude Armour|A1=Crude Bracelet|A2=Crude Bracelet,Swords_T1_03=1,0,Rat|Rat|Rat,party wiped
151,12495,1,Normal,39,3,3,3,0,37,65,0,0,60,0,1,1,1,8,4,0,3,3,0,0,336,31,15,15,5,0,1,1,4,4,12,4,,,1,Rat,floor1_town;companion_join:Rat
151,12495,2,Normal,27,2,2,2,0,65,91,0,3,40,0,1,2,0,3,3,0,0,0,0,0,224,13,9,9,4.5,0,1,1,4,4,8,4,,,1,Rat|Rat,companion_join:Rat; +1 levelup
151,12495,3,Normal,3,1,1,0,0,91,0,3,3,0,0,2,2,1,0,0,0,0,0,1,0,179,90,5,0,0,1,0,0,4,4,4,4,RH=Crude Sword|LH=Crude Sword|BD=Crude Armour|A1=Crude Bracelet|A2=Crude Bracelet,Swords_T1_03=1,0,Rat|Rat,party wiped
152,12496,1,Normal,37,6,6,6,0,37,100,0,3,120,0,1,2,0,14,4,2,3,3,1,0,672,23,30,30,5,0,1,1,7,4,24,4,,Swords_T1_03=1,2,Rat|Rat,floor1_town;companion_join:Rat;companion_join:Rat; +1 levelup
152,12496,2,Normal,40,4,4,4,0,100,97,3,3,80,0,2,2,3,3,3,0,0,0,3,0,448,0,16,16,4,0,1,1,7,4,16,4,,Swords_T1_03=3,0,Rat|Rat,
152,12496,3,Normal,16,2,2,1,0,97,0,3,3,48,0,2,2,1,0,0,0,0,0,1,0,257,96,8,6,6,1,0,0,7,4,8,4,RH=Crude Sword|LH=Crude Sword|BD=Crude Armour|A1=Crude Bracelet|A2=Crude Bracelet,Swords_T1_03=1,0,Rat|Rat,party wiped
153,12497,1,Normal,35,2,2,2,0,37,65,0,0,40,0,1,1,1,6,6,0,3,3,0,0,224,28,16,16,8,0,1,1,3,4,8,4,,,1,Rat,floor1_town;companion_join:Rat
153,12497,2,Normal,39,5,5,4,1,65,46,0,2,80,0,1,2,1,6,6,0,0,0,1,0,476,149,22,21,5.25,0,1,1,4,4,20,4,,Swords_T1_03=1,2,Rat|Rat|Rat,companion_join:Rat;companion_join:Rat; +1 levelup; flee×1
153,12497,3,Normal,3,1,1,0,0,46,0,2,2,0,0,2,2,1,0,0,1,0,0,0,0,26,46,2,0,0,1,0,0,4,4,4,4,RH=Crude Sword|LH=Crude Sword|BD=Crude Armour|A1=Crude Bracelet|A2=Crude Bracelet,,0,Rat|Rat|Rat,party wiped
154,12498,1,Normal,33,3,3,3,0,37,65,0,0,60,0,1,1,1,9,7,1,3,3,0,0,336,0,20,20,6.667,0,1,1,4,4,12,4,,,1,Rat,floor1_town;companion_join:Rat
154,12498,2,Normal,26,2,2,2,0,65,100,0,2,40,0,1,2,0,3,3,2,0,0,0,0,224,8,8,8,4,0,1,1,4,4,8,4,,,1,Rat|Rat,companion_join:Rat; +1 levelup
154,12498,3,Normal,3,1,1,0,0,100,0,2,2,0,0,2,2,3,0,0,0,0,0,1,0,222,99,5,0,0,1,0,0,4,4,4,4,RH=Crude Sword|LH=Crude Sword|BD=Crude Armour|A1=Crude Bracelet|A2=Crude Bracelet,Swords_T1_03=1,0,Rat|Rat,party wiped
155,12499,1,Normal,31,3,3,3,0,37,37,0,0,60,0,1,1,0,9,4,0,3,3,0,0,336,8,18,18,6,0,1,1,4,4,12,4,,,0,-,floor1_town
155,12499,2,Normal,32,0,0,0,0,37,37,0,0,0,0,1,1,0,0,0,0,3,3,0,0,0,0,0,0,0,0,1,1,4,0,0,0,,,0,-,
155,12499,3,Normal,21,2,2,0,1,37,0,0,0,0,0,1,1,1,6,6,0,0,0,0,0,218,73,7,0,0,1,0,0,16,4,8,4,RH=Crude Sword|LH=Crude Sword|BD=Crude Armour|A1=Crude Bracelet|A2=Crude Bracelet,,0,-,party wiped; flee×1
156,12500,1,Normal,29,2,2,2,0,37,65,0,0,40,0,1,1,1,5,3,1,3,3,0,0,224,16,12,12,6,0,1,1,3,4,8,4,,,1,Rat,floor1_town;companion_join:Rat
156,12500,2,Normal,37,4,4,2,2,65,8,0,0,40,0,1,1,2,6,6,0,0,0,0,0,364,130,20,9,4.5,0,1,1,4,4,16,4,,,1,Rat|Rat,companion_join:Rat; flee×2
156,12500,3,Normal,17,1,1,0,0,8,0,0,0,0,0,1,1,1,3,2,0,0,1,0,0,69,28,4,0,0,1,0,0,10,4,4,4,RH=Crude Sword|LH=Crude Sword|BD=Crude Armour|A1=Crude Bracelet|A2=Crude Bracelet,,0,Rat|Rat,party wiped
157,12501,1,Normal,27,3,3,3,0,37,65,0,0,60,0,1,1,0,8,4,0,3,3,0,0,336,16,15,15,5,0,1,1,4,4,12,4,,,1,Rat,floor1_town;companion_join:Rat
157,12501,2,Normal,36,5,5,5,0,65,2,0,2,100,0,1,2,1,3,3,0,0,0,3,0,560,145,24,24,4.8,0,1,1,4,4,20,4,,Swords_T1_03=3,2,Rat|Rat|Rat,companion_join:Rat;companion_join:Rat; +1 levelup
157,12501,3,Normal,17,2,2,0,1,2,0,2,0,0,0,2,2,1,6,6,0,0,0,0,0,91,48,9,0,0,1,0,0,16,4,8,4,RH=Crude Sword|LH=Crude Sword|BD=Crude Armour|A1=Crude Bracelet|A2=Crude Bracelet,,0,Rat|Rat|Rat,party wiped; flee×1
158,12502,1,Normal,25,1,1,1,0,37,37,0,0,20,0,1,1,0,3,3,2,3,3,0,0,112,0,7,7,7,0,1,1,2,4,4,4,,,0,-,floor1_town
158,12502,2,Normal,37,3,3,3,0,37,67,0,0,60,0,1,1,3,3,3,1,0,0,0,0,336,34,13,13,4.333,0,1,1,2,4,12,4,,,2,Rat|Rat,companion_join:Rat;companion_join:Rat
158,12502,3,Normal,3,1,1,0,0,67,0,0,0,0,0,1,1,3,0,0,0,0,0,0,0,100,67,4,0,0,1,0,0,2,4,4,4,RH=Crude Sword|LH=Crude Sword|BD=Crude Armour|A1=Crude Bracelet|A2=Crude Bracelet,,0,Rat|Rat,party wiped
159,12503,1,Normal,39,4,4,4,0,37,93,0,0,80,0,1,1,0,12,7,0,3,3,0,0,448,11,21,21,5.25,0,1,1,5,4,16,4,,,2,Rat|Rat,floor1_town;companion_join:Rat;companion_join:Rat
159,12503,2,Normal,39,2,2,2,0,93,99,0,2,40,0,1,2,0,2,0,2,1,3,1,0,224,8,6,6,3,0,1,1,5,4,8,4,,Swords_T1_03=1,0,Rat|Rat,+1 levelup
159,12503,3,Normal,25,2,2,1,1,99,6,2,2,48,0,2,2,2,1,3,0,0,0,2,0,360,92,7,4,4,0,1,1,5,4,8,4,,Swords_T1_03=2,0,Rat|Rat,flee×1
159,12503,4,Normal,8,1,1,0,0,6,0,2,0,0,0,2,2,0,3,3,0,0,0,0,0,42,28,5,0,0,1,0,0,11,4,4,4,RH=Crude Sword|LH=Crude Sword|BD=Crude Armour|A1=Crude Bracelet|A2=Crude Bracelet,,0,Rat|Rat,party wiped
160,12504,1,Normal,37,4,4,4,0,37,93,0,0,80,0,1,1,1,12,9,0,3,3,0,0,448,27,22,22,5.5,0,1,1,5,4,16,4,,,2,Rat|Rat,floor1_town;companion_join:Rat;companion_join:Rat
160,12504,2,Normal,28,5,5,4,0,93,0,0,3,80,0,1,2,1,3,3,0,0,0,1,0,488,128,20,17,4.25,1,0,0,5,4,20,4,RH=Crude Sword|LH=Crude Sword|BD=Crude Armour|A1=Crude Bracelet|A2=Crude Bracelet,Swords_T1_03=1,1,Rat|Rat|Rat,companion_join:Rat;companion_join_skip:party_full;companion_join_skip:party_full; party wiped; +1 levelup
161,12505,1,Normal,35,6,6,6,0,37,102,0,2,120,0,1,2,0,16,6,0,3,3,1,0,672,34,27,27,4.5,0,1,1,7,4,24,4,,Swords_T1_03=1,2,Rat|Rat,floor1_town;companion_join:Rat;companion_join:Rat; +1 levelup
161,12505,2,Normal,37,6,6,5,0,102,0,2,0,100,0,2,2,1,6,6,0,0,0,3,0,632,155,29,21,4.2,1,0,0,8,4,24,4,RH=Crude Sword|LH=Crude Sword|BD=Crude Armour|A1=Crude Bracelet|A2=Crude Bracelet,Swords_T1_03=3,1,Rat|Rat|Rat,companion_join:Rat;companion_join_skip:party_full;companion_join_skip:party_full; party wiped
162,12506,1,Normal,33,3,3,3,0,37,93,0,0,60,0,1,1,1,9,1,0,3,3,0,0,336,18,14,14,4.667,0,1,1,4,4,12,4,,,2,Rat|Rat,floor1_town;companion_join:Rat;companion_join:Rat
162,12506,2,Normal,26,2,2,2,0,93,101,0,3,40,0,1,2,1,3,1,1,0,2,0,0,224,0,7,7,3.5,0,1,1,4,4,8,4,,,0,Rat|Rat,+1 levelup
162,12506,3,Normal,19,2,2,1,0,101,0,3,0,48,0,2,2,1,3,5,0,0,0,1,0,300,116,10,7,7,1,0,0,10,4,8,4,RH=Crude Sword|LH=Crude Sword|BD=Crude Armour|A1=Crude Bracelet|A2=Crude Bracelet,Swords_T1_03=1,0,Rat|Rat,party wiped
163,12507,1,Normal,31,5,5,5,0,37,129,0,1,100,0,1,2,1,15,6,1,3,3,0,0,560,24,22,22,4.4,0,1,1,6,4,20,4,,,3,Rat|Rat|Rat,floor1_town;companion_join:Rat;companion_join:Rat;companion_join:Rat; +1 levelup
163,12507,2,Normal,34,5,5,5,0,129,106,1,1,100,0,2,2,2,3,3,0,0,0,3,0,560,55,17,17,3.4,0,1,1,6,4,20,4,,Swords_T1_03=3,0,Rat|Rat|Rat,companion_join_skip:party_full;companion_join_skip:party_full;companion_join_skip:party_full;companion_join_skip:party_full
163,12507,3,Normal,2,1,1,0,0,106,0,1,1,0,0,2,2,1,0,0,0,0,0,0,0,98,106,4,0,0,1,0,0,6,4,4,4,RH=Crude Sword|LH=Crude Sword|BD=Crude Armour|A1=Crude Bracelet|A2=Crude Bracelet,,0,Rat|Rat|Rat,party wiped
164,12508,1,Normal,29,4,4,4,0,37,65,0,0,80,0,1,1,0,12,8,1,3,3,0,0,448,21,21,21,5.25,0,1,1,5,4,16,4,,,1,Rat,floor1_town;companion_join:Rat
164,12508,2,Normal,33,3,3,3,0,65,12,0,1,60,0,1,2,1,3,3,0,0,0,2,0,336,60,14,14,4.667,0,1,1,5,4,12,4,,Swords_T1_03=2,0,Rat,+1 levelup
164,12508,3,Normal,5,1,1,0,0,12,0,1,1,0,0,2,2,0,3,3,0,0,0,1,0,138,45,4,0,0,1,0,0,6,4,4,4,RH=Crude Sword|LH=Crude Sword|BD=Crude Armour|A1=Crude Bracelet|A2=Crude Bracelet,Swords_T1_03=1,0,Rat,party wiped
165,12509,1,Normal,27,2,2,2,0,37,65,0,0,40,0,1,1,0,6,4,2,3,3,0,0,224,21,12,12,6,0,1,1,3,4,8,4,,,1,Rat,floor1_town;companion_join:Rat
165,12509,2,Normal,36,5,5,5,0,65,69,0,2,100,0,1,2,4,3,3,0,0,0,1,0,560,59,21,21,4.2,0,1,1,3,4,20,4,,Swords_T1_03=1,2,Rat|Rat|Rat,companion_join:Rat;companion_join:Rat; +1 levelup
165,12509,3,Normal,1,1,1,0,0,69,0,2,2,0,0,2,2,1,0,0,0,0,0,0,0,77,101,4,0,0,1,0,0,3,4,4,4,RH=Crude Sword|LH=Crude Sword|BD=Crude Armour|A1=Crude Bracelet|A2=Crude Bracelet,,0,Rat|Rat|Rat,party wiped
166,12510,1,Normal,25,2,2,2,0,37,37,0,0,40,0,1,1,0,6,4,0,3,3,0,0,224,8,12,12,6,0,1,1,3,4,8,4,,,0,-,floor1_town
166,12510,2,Normal,14,3,3,2,0,37,0,0,0,40,0,1,1,0,3,3,0,0,0,0,0,271,65,13,11,5.5,1,0,0,3,4,12,4,RH=Crude Sword|LH=Crude Sword|BD=Crude Armour|A1=Crude Bracelet|A2=Crude Bracelet,,1,Rat,companion_join:Rat; party wiped
167,12511,1,Normal,39,4,4,4,0,37,93,0,0,80,0,1,1,0,12,1,2,3,3,0,0,448,16,19,19,4.75,0,1,1,5,4,16,4,,,2,Rat|Rat,floor1_town;companion_join:Rat;companion_join:Rat
167,12511,2,Normal,32,2,2,2,0,93,115,0,2,40,0,1,2,1,3,0,2,0,3,1,0,224,20,7,7,3.5,0,1,1,5,4,8,4,,Swords_T1_03=1,1,Rat|Rat|Rat,companion_join:Rat;companion_join_skip:party_full; +1 levelup
167,12511,3,Normal,13,3,3,2,0,115,0,2,2,96,0,2,2,4,3,6,0,0,0,2,0,714,178,17,11,5.5,1,0,0,6,4,12,4,RH=Crude Sword|LH=Crude Sword|BD=Crude Armour|A1=Crude Bracelet|A2=Crude Bracelet,Swords_T1_03=2,0,Rat|Rat|Rat,party wiped
168,12512,1,Normal,37,4,4,4,0,37,65,0,0,80,0,1,1,0,12,8,0,3,3,0,0,448,62,23,23,5.75,0,1,1,5,4,16,4,,,1,Rat,floor1_town;companion_join:Rat
168,12512,2,Normal,32,3,3,2,0,65,0,0,2,40,0,1,2,2,3,3,0,0,0,2,0,308,85,13,9,4.5,1,0,0,5,4,12,4,RH=Crude Sword|LH=Crude Sword|BD=Crude Armour|A1=Crude Bracelet|A2=Crude Bracelet,Swords_T1_03=2,0,Rat,party wiped; +1 levelup
169,12513,1,Normal,35,3,3,3,0,37,37,0,0,60,0,1,1,0,9,2,1,3,3,0,0,336,24,16,16,5.333,0,1,1,4,4,12,4,,,0,-,floor1_town
169,12513,2,Normal,26,3,3,3,0,37,36,0,2,60,0,1,2,2,6,5,0,0,0,1,0,336,44,20,20,6.667,0,1,1,5,4,12,4,,Swords_T1_03=1,1,Rat,companion_join:Rat; +1 levelup
169,12513,3,Normal,7,1,1,0,0,36,0,2,2,0,0,2,2,1,0,0,0,0,0,1,0,86,69,2,0,0,1,0,0,5,4,4,4,RH=Crude Sword|LH=Crude Sword|BD=Crude Armour|A1=Crude Bracelet|A2=Crude Bracelet,Swords_T1_03=1,0,Rat,party wiped
170,12514,1,Normal,33,2,2,2,0,37,37,0,0,40,0,1,1,0,6,5,0,3,3,0,0,224,0,12,12,6,0,1,1,3,4,8,4,,,0,-,floor1_town
170,12514,2,Normal,23,3,3,2,0,37,0,0,0,40,0,1,1,2,3,3,0,0,0,0,0,274,65,13,11,5.5,1,0,0,3,4,12,4,RH=Crude Sword|LH=Crude Sword|BD=Crude Armour|A1=Crude Bracelet|A2=Crude Bracelet,,1,Rat,companion_join:Rat; party wiped
171,12515,1,Normal,31,3,3,3,0,37,93,0,0,60,0,1,1,1,9,4,0,3,3,0,0,336,8,15,15,5,0,1,1,4,4,12,4,,,2,Rat|Rat,floor1_town;companion_join:Rat;companion_join:Rat
171,12515,2,Normal,30,4,4,4,0,93,52,0,3,80,0,1,2,1,3,3,0,0,0,1,0,448,76,19,19,4.75,0,1,1,4,4,16,4,,Swords_T1_03=1,1,Rat|Rat|Rat,companion_join:Rat; +1 levelup
171,12515,3,Normal,17,1,1,0,0,52,0,3,3,0,0,2,2,2,0,0,0,0,0,1,0,126,97,4,0,0,1,0,0,4,4,4,4,RH=Crude Sword|LH=Crude Sword|BD=Crude Armour|A1=Crude Bracelet|A2=Crude Bracelet,Swords_T1_03=1,0,Rat|Rat|Rat,party wiped
172,12516,1,Normal,29,2,2,2,0,37,37,0,0,40,0,1,1,0,6,2,0,3,3,0,0,224,0,12,12,6,0,1,1,3,4,8,4,,,0,-,floor1_town
172,12516,2,Normal,28,3,3,2,0,37,0,0,0,40,0,1,1,0,6,5,0,0,0,0,0,252,45,14,12,6,1,0,0,4,4,12,4,RH=Crude Sword|LH=Crude Sword|BD=Crude Armour|A1=Crude Bracelet|A2=Crude Bracelet,,0,-,party wiped
173,12517,1,Normal,27,3,3,3,0,37,37,0,0,60,0,1,1,0,8,4,1,3,3,0,0,336,8,16,16,5.333,0,1,1,4,4,12,4,,,0,-,floor1_town
173,12517,2,Normal,29,4,4,3,0,37,0,0,2,60,0,1,2,3,3,3,0,0,0,2,0,417,78,18,14,4.667,1,0,0,4,4,16,4,RH=Crude Sword|LH=Crude Sword|BD=Crude Armour|A1=Crude Bracelet|A2=Crude Bracelet,Swords_T1_03=2,1,Rat,companion_join:Rat; party wiped; +1 levelup
174,12518,1,Normal,25,4,4,4,0,37,65,0,0,80,0,1,1,2,12,7,0,3,3,0,0,448,28,23,23,5.75,0,1,1,5,4,16,4,,,1,Rat,floor1_town;companion_join:Rat
174,12518,2,Normal,34,3,3,3,0,65,68,0,2,60,0,1,2,2,3,3,0,0,0,2,0,336,32,13,13,4.333,0,1,1,5,4,12,4,,Swords_T1_03=2,1,Rat|Rat,companion_join:Rat; +1 levelup
174,12518,3,Normal,10,1,1,0,0,68,0,2,2,0,0,2,2,0,0,0,0,0,0,0,0,104,68,2,0,0,1,0,0,5,4,4,4,RH=Crude Sword|LH=Crude Sword|BD=Crude Armour|A1=Crude Bracelet|A2=Crude Bracelet,,0,Rat|Rat,party wiped
175,12519,1,Normal,39,3,3,3,0,37,37,0,0,60,0,1,1,0,9,1,1,3,3,0,0,336,16,20,20,6.667,0,1,1,4,4,12,4,,,0,-,floor1_town
175,12519,2,Normal,20,2,2,1,0,37,0,0,0,20,0,1,1,1,3,3,0,0,0,0,0,196,65,11,7,7,1,0,0,4,4,8,4,RH=Crude Sword|LH=Crude Sword|BD=Crude Armour|A1=Crude Bracelet|A2=Crude Bracelet,,1,Rat,companion_join:Rat; party wiped
176,12520,1,Normal,37,5,5,5,0,37,46,0,2,100,0,1,2,2,15,9,0,3,3,0,0,560,64,35,35,7,0,1,1,6,4,20,4,,,0,-,floor1_town; +1 levelup
176,12520,2,Normal,37,5,5,4,1,46,22,2,2,80,0,2,2,1,6,6,0,0,0,1,0,504,57,27,25,6.25,0,1,1,7,4,20,4,,Swords_T1_03=1,0,-,flee×1
176,12520,3,Normal,13,2,2,1,0,22,0,2,2,48,0,2,2,0,6,6,0,0,0,2,0,403,103,12,7,7,1,0,0,9,4,8,4,RH=Crude Sword|LH=Crude Sword|BD=Crude Armour|A1=Crude Bracelet|A2=Crude Bracelet,Swords_T1_03=2,0,-,party wiped
177,12521,1,Normal,35,2,2,2,0,37,65,0,0,40,0,1,1,0,6,1,0,3,3,0,0,224,0,10,10,5,0,1,1,3,4,8,4,,,1,Rat,floor1_town;companion_join:Rat
177,12521,2,Normal,14,3,3,2,0,65,0,0,0,40,0,1,1,2,3,3,0,0,0,0,0,291,101,12,10,5,1,0,0,3,4,12,4,RH=Crude Sword|LH=Crude Sword|BD=Crude Armour|A1=Crude Bracelet|A2=Crude Bracelet,,1,Rat|Rat,companion_join:Rat; party wiped
178,12522,1,Normal,33,5,5,5,0,37,72,0,2,100,0,1,2,1,13,9,1,3,3,0,0,560,37,28,28,5.6,0,1,1,6,4,20,4,,,1,Rat,floor1_town;companion_join:Rat; +1 levelup
178,12522,2,Normal,39,4,4,4,0,72,43,2,2,80,0,2,2,3,3,3,0,0,0,2,0,448,69,17,17,4.25,0,1,1,6,4,16,4,,Swords_T1_03=2,1,Rat|Rat,companion_join:Rat
178,12522,3,Normal,13,1,1,0,0,43,0,2,2,0,0,2,2,2,0,0,0,0,0,1,0,150,71,3,0,0,1,0,0,6,4,4,4,RH=Crude Sword|LH=Crude Sword|BD=Crude Armour|A1=Crude Bracelet|A2=Crude Bracelet,Swords_T1_03=1,0,Rat|Rat,party wiped
179,12523,1,Normal,31,1,1,1,0,37,65,0,0,20,0,1,1,0,3,1,0,3,3,0,0,112,0,5,5,5,0,1,1,2,4,4,4,,,1,Rat,floor1_town;companion_join:Rat
179,12523,2,Normal,36,3,3,2,1,65,9,0,0,40,0,1,1,2,3,3,0,0,0,0,0,308,64,13,9,4.5,0,1,1,2,4,12,4,,,0,Rat,flee×1
179,12523,3,Normal,9,1,1,0,0,9,0,0,0,0,0,1,1,2,3,3,0,0,0,0,0,88,37,4,0,0,1,0,0,8,4,4,4,RH=Crude Sword|LH=Crude Sword|BD=Crude Armour|A1=Crude Bracelet|A2=Crude Bracelet,,0,Rat,party wiped
180,12524,1,Normal,29,4,4,4,0,37,65,0,0,80,0,1,1,1,12,10,0,3,3,0,0,448,16,23,23,5.75,0,1,1,5,4,16,4,,,1,Rat,floor1_town;companion_join:Rat
180,12524,2,Normal,19,3,3,2,0,65,0,0,2,40,0,1,2,2,3,3,0,0,0,0,0,292,81,12,9,4.5,1,0,0,5,4,12,4,RH=Crude Sword|LH=Crude Sword|BD=Crude Armour|A1=Crude Bracelet|A2=Crude Bracelet,,0,Rat,party wiped; +1 levelup
181,12525,1,Normal,27,3,3,3,0,37,93,0,0,60,0,1,1,0,9,2,0,3,3,0,0,336,16,15,15,5,0,1,1,4,4,12,4,,,2,Rat|Rat,floor1_town;companion_join:Rat;companion_join:Rat
181,12525,2,Normal,39,4,4,4,0,93,84,0,2,80,0,1,2,1,3,3,0,0,0,1,0,448,61,14,14,3.5,0,1,1,4,4,16,4,,Swords_T1_03=1,1,Rat|Rat|Rat,companion_join:Rat;companion_join_skip:party_full; +1 levelup
181,12525,3,Normal,1,1,1,0,0,84,0,2,2,0,0,2,2,1,0,0,0,0,0,1,0,176,102,5,0,0,1,0,0,4,4,4,4,RH=Crude Sword|LH=Crude Sword|BD=Crude Armour|A1=Crude Bracelet|A2=Crude Bracelet,Swords_T1_03=1,0,Rat|Rat|Rat,party wiped
182,12526,1,Normal,25,3,3,3,0,37,37,0,0,60,0,1,1,0,9,5,1,3,3,0,0,336,8,20,20,6.667,0,1,1,4,4,12,4,,,0,-,floor1_town
182,12526,2,Normal,30,2,2,2,0,37,45,0,2,40,0,1,2,2,3,3,0,0,0,0,0,224,0,12,12,6,0,1,1,4,4,8,4,,,0,-,+1 levelup
182,12526,3,Normal,2,1,1,0,0,45,0,2,2,0,0,2,2,2,0,0,0,0,0,1,0,105,44,2,0,0,1,0,0,4,4,4,4,RH=Crude Sword|LH=Crude Sword|BD=Crude Armour|A1=Crude Bracelet|A2=Crude Bracelet,Swords_T1_03=1,0,-,party wiped
183,12527,1,Normal,39,6,6,6,0,37,73,0,2,120,0,1,2,2,18,7,0,3,3,0,0,672,36,34,34,5.667,0,1,1,7,4,24,4,,,1,Rat,floor1_town;companion_join:Rat; +1 levelup
183,12527,2,Normal,34,3,3,3,0,73,35,2,2,60,0,2,2,2,3,3,0,0,0,2,0,336,77,15,15,5,0,1,1,7,4,12,4,,Swords_T1_03=2,1,Rat|Rat,companion_join:Rat
183,12527,3,Normal,7,1,1,0,0,35,0,2,2,0,0,2,2,2,0,0,0,0,0,0,0,56,67,2,0,0,1,0,0,7,4,4,4,RH=Crude Sword|LH=Crude Sword|BD=Crude Armour|A1=Crude Bracelet|A2=Crude Bracelet,,0,Rat|Rat,party wiped
184,12528,1,Normal,37,5,5,5,0,37,101,0,2,100,0,1,2,1,14,10,0,3,3,0,0,560,17,27,27,5.4,0,1,1,6,4,20,4,,,2,Rat|Rat,floor1_town;companion_join:Rat;companion_join:Rat; +1 levelup
184,12528,2,Normal,26,2,2,2,0,101,101,2,2,40,0,2,2,0,3,2,0,0,1,1,0,224,7,8,8,4,0,1,1,6,4,8,4,,Swords_T1_03=1,0,Rat|Rat,
184,12528,3,Normal,5,1,1,0,0,101,0,2,2,0,0,2,2,0,0,1,0,0,0,0,0,147,101,4,0,0,1,0,0,6,4,4,4,RH=Crude Sword|LH=Crude Sword|BD=Crude Armour|A1=Crude Bracelet|A2=Crude Bracelet,,0,Rat|Rat,party wiped
185,12529,1,Normal,34,5,5,5,0,37,129,0,3,100,0,1,2,2,15,4,0,3,3,0,0,560,24,22,22,4.4,0,1,1,6,4,20,4,,,3,Rat|Rat|Rat,floor1_town;companion_join:Rat;companion_join:Rat;companion_join:Rat; +1 levelup
185,12529,2,Normal,33,6,6,5,0,129,0,3,3,100,0,2,2,2,3,3,0,0,0,3,0,586,126,18,16,3.2,1,0,0,6,4,24,4,RH=Crude Sword|LH=Crude Sword|BD=Crude Armour|A1=Crude Bracelet|A2=Crude Bracelet,Swords_T1_03=3,0,Rat|Rat|Rat,companion_join_skip:party_full; party wiped
186,12530,1,Normal,32,3,3,3,0,37,65,0,0,60,0,1,1,0,9,7,0,3,3,0,0,336,16,14,14,4.667,0,1,1,4,4,12,4,,,1,Rat,floor1_town;companion_join:Rat
186,12530,2,Normal,19,3,3,2,0,65,0,0,0,40,0,1,2,0,3,3,0,0,0,0,0,252,109,16,14,7,1,0,0,4,4,12,4,RH=Crude Sword|LH=Crude Sword|BD=Crude Armour|A1=Crude Bracelet|A2=Crude Bracelet,,1,Rat|Rat,companion_join:Rat; party wiped; +1 levelup
187,12531,1,Normal,30,4,4,4,0,37,93,0,0,80,0,1,1,0,11,4,2,3,3,0,0,448,0,19,19,4.75,0,1,1,5,4,16,4,,,2,Rat|Rat,floor1_town;companion_join:Rat;companion_join:Rat
187,12531,2,Normal,28,3,3,3,0,93,129,0,2,60,0,1,2,2,3,2,2,0,1,2,0,336,15,11,11,3.667,0,1,1,5,4,12,4,,Swords_T1_03=2,1,Rat|Rat|Rat,companion_join:Rat; +1 levelup
187,12531,3,Normal,18,2,2,1,0,129,0,2,2,48,0,2,2,4,0,1,0,0,0,0,0,372,129,8,5,5,1,0,0,5,4,8,4,RH=Crude Sword|LH=Crude Sword|BD=Crude Armour|A1=Crude Bracelet|A2=Crude Bracelet,,0,Rat|Rat|Rat,companion_join_skip:party_full; party wiped
188,12532,1,Normal,28,4,4,4,0,37,121,0,0,80,0,1,1,0,12,4,0,3,3,0,0,448,16,20,20,5,0,1,1,5,4,16,4,,,3,Rat|Rat|Rat,floor1_town;companion_join:Rat;companion_join:Rat;companion_join:Rat
188,12532,2,Normal,26,3,3,3,0,121,115,0,2,60,0,1,2,0,3,3,1,0,0,2,0,336,31,10,10,3.333,0,1,1,5,4,12,4,,Swords_T1_03=2,0,Rat|Rat|Rat,companion_join_skip:party_full; +1 levelup
188,12532,3,Normal,14,2,2,1,0,115,0,2,2,48,0,2,2,2,3,3,0,0,0,1,0,348,129,10,6,6,1,0,0,6,4,8,4,RH=Crude Sword|LH=Crude Sword|BD=Crude Armour|A1=Crude Bracelet|A2=Crude Bracelet,Swords_T1_03=1,0,Rat|Rat|Rat,party wiped
189,12533,1,Normal,26,3,3,3,0,37,65,0,0,60,0,1,1,2,8,6,0,3,3,0,0,336,19,15,15,5,0,1,1,4,4,12,4,,,1,Rat,floor1_town;companion_join:Rat
189,12533,2,Normal,37,4,4,4,0,65,39,0,2,80,0,1,2,1,3,3,0,0,0,1,0,448,69,16,16,4,0,1,1,4,4,16,4,,Swords_T1_03=1,1,Rat|Rat,companion_join:Rat; +1 levelup
189,12533,3,Normal,5,1,1,0,0,39,0,2,2,0,0,2,2,1,0,0,0,0,0,1,0,134,64,3,0,0,1,0,0,4,4,4,4,RH=Crude Sword|LH=Crude Sword|BD=Crude Armour|A1=Crude Bracelet|A2=Crude Bracelet,Swords_T1_03=1,0,Rat|Rat,party wiped
190,12534,1,Normal,40,4,4,4,0,37,65,0,0,80,0,1,1,0,12,5,0,3,3,0,0,448,27,18,18,4.5,0,1,1,5,4,16,4,,,1,Rat,floor1_town;companion_join:Rat
190,12534,2,Normal,26,4,4,3,1,65,8,0,2,60,0,1,2,0,3,3,0,0,0,1,0,392,94,16,13,4.333,0,1,1,5,4,16,4,,Swords_T1_03=1,1,Rat|Rat,companion_join:Rat; +1 levelup; flee×1
190,12534,3,Normal,7,1,1,0,0,8,0,2,0,0,0,2,2,0,3,3,0,0,0,0,0,64,28,3,0,0,1,0,0,11,4,4,4,RH=Crude Sword|LH=Crude Sword|BD=Crude Armour|A1=Crude Bracelet|A2=Crude Bracelet,,0,Rat|Rat,party wiped
191,12535,1,Normal,38,3,3,3,0,37,37,0,0,60,0,1,1,0,9,6,1,3,3,0,0,336,0,18,18,6,0,1,1,4,4,12,4,,,0,-,floor1_town
191,12535,2,Normal,6,2,2,1,0,37,0,0,0,20,0,1,1,2,3,3,0,0,0,0,0,221,37,14,8,8,1,0,0,4,4,8,4,RH=Crude Sword|LH=Crude Sword|BD=Crude Armour|A1=Crude Bracelet|A2=Crude Bracelet,,0,-,party wiped
192,12536,1,Normal,36,3,3,3,0,37,37,0,0,60,0,1,1,0,9,4,0,3,3,0,0,336,0,17,17,5.667,0,1,1,4,4,12,4,,,0,-,floor1_town
192,12536,2,Normal,26,3,3,2,0,37,0,0,1,40,0,1,2,2,3,3,0,0,0,1,0,290,79,14,10,5,1,0,0,4,4,12,4,RH=Crude Sword|LH=Crude Sword|BD=Crude Armour|A1=Crude Bracelet|A2=Crude Bracelet,Swords_T1_03=1,1,Rat,companion_join:Rat; party wiped; +1 levelup
193,12537,1,Normal,34,2,2,2,0,37,37,0,0,40,0,1,1,0,5,3,1,3,3,0,0,224,0,9,9,4.5,0,1,1,3,4,8,4,,,0,-,floor1_town
193,12537,2,Normal,39,4,4,4,0,37,60,0,2,80,0,1,2,2,5,3,0,0,0,1,0,448,71,24,24,6,0,1,1,4,4,16,4,,Swords_T1_03=1,2,Rat|Rat,companion_join:Rat;companion_join:Rat; +1 levelup
193,12537,3,Normal,3,1,1,0,0,60,0,2,2,0,0,2,2,2,0,0,0,0,0,1,0,154,59,6,0,0,1,0,0,4,4,4,4,RH=Crude Sword|LH=Crude Sword|BD=Crude Armour|A1=Crude Bracelet|A2=Crude Bracelet,Swords_T1_03=1,0,Rat|Rat,party wiped
194,12538,1,Normal,32,3,3,3,0,37,65,0,0,60,0,1,1,1,9,6,1,3,3,0,0,336,8,19,19,6.333,0,1,1,4,4,12,4,,,1,Rat,floor1_town;companion_join:Rat
194,12538,2,Normal,18,3,3,2,0,65,0,0,3,40,0,1,2,3,3,3,0,0,0,1,0,333,104,15,10,5,1,0,0,4,4,12,4,RH=Crude Sword|LH=Crude Sword|BD=Crude Armour|A1=Crude Bracelet|A2=Crude Bracelet,Swords_T1_03=1,0,Rat,party wiped; +1 levelup
195,12539,1,Normal,30,4,4,4,0,37,93,0,0,80,0,1,1,0,10,6,1,3,3,0,0,448,28,21,21,5.25,0,1,1,5,4,16,4,,,2,Rat|Rat,floor1_town;companion_join:Rat;companion_join:Rat
195,12539,2,Normal,26,4,4,4,0,93,95,0,3,80,0,1,2,2,3,3,0,0,0,2,0,448,58,13,13,3.25,0,1,1,5,4,16,4,,Swords_T1_03=2,1,Rat|Rat|Rat,companion_join:Rat; +1 levelup
195,12539,3,Normal,29,3,3,1,1,95,0,3,0,48,0,2,2,1,3,3,0,0,0,2,0,335,117,10,5,5,1,0,0,11,4,12,4,RH=Crude Sword|LH=Crude Sword|BD=Crude Armour|A1=Crude Bracelet|A2=Crude Bracelet,Swords_T1_03=2,0,Rat|Rat|Rat,party wiped; flee×1
196,12540,1,Normal,28,1,1,1,0,37,37,0,0,20,0,1,1,0,3,2,2,3,3,0,0,112,6,8,8,8,0,1,1,2,4,4,4,,,0,-,floor1_town
196,12540,2,Normal,35,3,3,3,0,37,21,0,0,60,0,1,1,1,6,6,2,0,0,0,0,336,37,19,19,6.333,0,1,1,3,4,12,4,,,0,-,
196,12540,3,Normal,13,2,2,1,0,21,0,0,1,48,0,1,2,4,3,3,0,0,0,0,0,296,81,9,8,8,1,0,0,9,4,8,4,RH=Crude Sword|LH=Crude Sword|BD=Crude Armour|A1=Crude Bracelet|A2=Crude Bracelet,,0,-,party wiped; +1 levelup
197,12541,1,Normal,26,3,3,3,0,37,65,0,0,60,0,1,1,0,9,3,0,3,3,0,0,336,44,17,17,5.667,0,1,1,4,4,12,4,,,2,Rat|Rat,floor1_town;companion_join:Rat;companion_join:Rat
197,12541,2,Normal,31,1,1,1,0,65,85,0,0,20,0,1,1,0,3,2,0,0,1,0,0,112,8,5,5,5,0,1,1,4,4,4,4,,,1,Rat|Rat|Rat,companion_join:Rat
197,12541,3,Normal,14,1,1,0,0,85,0,0,0,0,0,1,1,0,0,1,0,0,0,0,0,59,85,3,0,0,1,0,0,4,4,4,4,RH=Crude Sword|LH=Crude Sword|BD=Crude Armour|A1=Crude Bracelet|A2=Crude Bracelet,,0,Rat|Rat|Rat,party wiped
198,12542,1,Normal,40,3,3,3,0,37,37,0,0,60,0,1,1,0,9,6,2,3,3,0,0,336,0,18,18,6,0,1,1,4,4,12,4,,,0,-,floor1_town
198,12542,2,Normal,29,2,2,2,0,37,46,0,2,40,0,1,2,1,3,3,1,0,0,0,0,224,21,11,11,5.5,0,1,1,4,4,8,4,,,0,-,+1 levelup
198,12542,3,Normal,2,1,1,0,0,46,0,2,2,0,0,2,2,1,0,0,0,0,0,1,0,95,45,2,0,0,1,0,0,4,4,4,4,RH=Crude Sword|LH=Crude Sword|BD=Crude Armour|A1=Crude Bracelet|A2=Crude Bracelet,Swords_T1_03=1,0,-,party wiped
199,12543,1,Normal,38,4,4,3,1,37,65,0,0,60,0,1,1,0,12,9,0,3,3,0,0,420,50,24,18,6,0,1,1,5,4,16,4,,,1,Rat,floor1_town;companion_join:Rat; flee×1
199,12543,2,Normal,13,2,2,1,0,65,0,0,0,20,0,1,1,0,3,3,0,0,0,0,0,193,73,9,5,5,1,0,0,5,4,8,4,RH=Crude Sword|LH=Crude Sword|BD=Crude Armour|A1=Crude Bracelet|A2=Crude Bracelet,,0,Rat,party wiped
200,12544,1,Normal,36,6,6,6,0,37,100,0,1,120,0,1,2,1,15,6,0,3,3,0,0,672,21,28,28,4.667,0,1,1,7,4,24,4,,,2,Rat|Rat,floor1_town;companion_join:Rat;companion_join:Rat; +1 levelup
200,12544,2,Normal,39,5,5,5,0,100,87,1,1,100,0,2,2,2,6,6,0,0,0,3,0,560,96,24,24,4.8,0,1,1,8,4,20,4,,Swords_T1_03=3,1,Rat|Rat|Rat,companion_join:Rat
200,12544,3,Normal,13,2,2,1,0,87,0,1,1,48,0,2,2,2,0,0,0,0,0,2,0,338,85,7,5,5,1,0,0,8,4,8,4,RH=Crude Sword|LH=Crude Sword|BD=Crude Armour|A1=Crude Bracelet|A2=Crude Bracelet,Swords_T1_03=2,0,Rat|Rat|Rat,party wiped
201,12545,1,Normal,34,4,4,4,0,37,65,0,0,80,0,1,1,0,12,2,0,3,3,0,0,448,8,19,19,4.75,0,1,1,5,4,16,4,,,1,Rat,floor1_town;companion_join:Rat
201,12545,2,Normal,36,3,3,3,0,65,43,0,2,60,0,1,2,1,3,3,0,0,0,2,0,336,50,13,13,4.333,0,1,1,5,4,12,4,,Swords_T1_03=2,0,Rat,+1 levelup
201,12545,3,Normal,4,1,1,0,0,43,0,2,2,0,0,2,2,1,0,0,0,0,0,0,0,55,65,1,0,0,1,0,0,5,4,4,4,RH=Crude Sword|LH=Crude Sword|BD=Crude Armour|A1=Crude Bracelet|A2=Crude Bracelet,,0,Rat,party wiped
202,12546,1,Normal,32,2,2,2,0,37,37,0,0,40,0,1,1,0,6,3,1,3,3,0,0,224,0,11,11,5.5,0,1,1,3,4,8,4,,,0,-,floor1_town
202,12546,2,Normal,30,4,4,3,0,37,0,0,3,60,0,1,2,2,6,5,0,0,0,0,0,399,122,22,19,6.333,1,0,0,4,4,16,4,RH=Crude Sword|LH=Crude Sword|BD=Crude Armour|A1=Crude Bracelet|A2=Crude Bracelet,,1,Rat,companion_join:Rat; party wiped; +1 levelup
203,12547,1,Normal,30,5,5,5,0,37,102,0,3,100,0,1,2,1,13,4,1,3,3,0,0,560,48,26,26,5.2,0,1,1,6,4,20,4,,,2,Rat|Rat,floor1_town;companion_join:Rat;companion_join:Rat; +1 levelup
203,12547,2,Normal,27,4,4,4,0,102,43,3,3,80,0,2,2,3,3,3,0,0,0,3,0,448,69,16,16,4,0,1,1,6,4,16,4,,Swords_T1_03=3,0,Rat|Rat,
203,12547,3,Normal,3,1,1,0,0,43,0,3,3,0,0,2,2,2,0,0,0,0,0,1,0,123,42,3,0,0,1,0,0,6,4,4,4,RH=Crude Sword|LH=Crude Sword|BD=Crude Armour|A1=Crude Bracelet|A2=Crude Bracelet,Swords_T1_03=1,0,Rat|Rat,party wiped
204,12548,1,Normal,28,1,1,1,0,37,37,0,0,20,0,1,1,0,3,2,1,3,3,0,0,112,8,6,6,6,0,1,1,2,4,4,4,,,0,-,floor1_town
204,12548,2,Normal,33,5,5,4,1,37,73,0,1,80,0,1,2,3,9,7,0,0,0,0,0,489,76,25,23,5.75,0,1,1,4,4,20,4,,,2,Rat|Rat,companion_join:Rat;companion_join:Rat; +1 levelup; flee×1
204,12548,3,Normal,10,1,1,0,0,73,0,1,1,0,0,2,2,0,0,0,0,0,0,1,0,112,72,2,0,0,1,0,0,4,4,4,4,RH=Crude Sword|LH=Crude Sword|BD=Crude Armour|A1=Crude Bracelet|A2=Crude Bracelet,Swords_T1_03=1,0,Rat|Rat,party wiped
205,12549,1,Normal,26,2,2,2,0,37,37,0,0,40,0,1,1,0,6,3,2,3,3,0,0,224,6,13,13,6.5,0,1,1,3,4,8,4,,,0,-,floor1_town
205,12549,2,Normal,23,4,4,3,0,37,0,0,2,60,0,1,2,3,6,6,0,0,0,1,0,420,97,27,22,7.333,1,0,0,4,4,16,4,RH=Crude Sword|LH=Crude Sword|BD=Crude Armour|A1=Crude Bracelet|A2=Crude Bracelet,Swords_T1_03=1,1,Rat,companion_join:Rat; party wiped; +1 levelup
206,12550,1,Normal,40,6,6,6,0,37,101,0,3,120,0,1,2,1,18,11,0,3,3,1,0,672,24,35,35,5.833,0,1,1,7,4,24,4,,Swords_T1_03=1,2,Rat|Rat,floor1_town;companion_join:Rat;companion_join:Rat; +1 levelup
206,12550,2,Normal,27,1,1,1,0,101,93,3,3,20,0,2,2,0,2,0,0,1,3,0,0,112,8,4,4,4,0,1,1,7,4,4,4,,,0,Rat|Rat,
206,12550,3,Normal,3,1,1,0,0,93,0,3,3,0,0,2,2,2,1,3,0,0,0,0,0,104,103,4,0,0,1,0,0,7,4,4,4,RH=Crude Sword|LH=Crude Sword|BD=Crude Armour|A1=Crude Bracelet|A2=Crude Bracelet,,0,Rat|Rat,party wiped
207,12551,1,Normal,38,4,4,4,0,37,65,0,0,80,0,1,1,1,11,4,1,3,3,0,0,448,40,24,24,6,0,1,1,5,4,16,4,,,1,Rat,floor1_town;companion_join:Rat
207,12551,2,Normal,33,5,5,4,1,65,37,0,2,80,0,1,2,1,9,8,0,0,1,3,0,532,94,27,23,5.75,0,1,1,7,4,20,4,,Swords_T1_03=3,0,Rat,+1 levelup; flee×1
207,12551,3,Normal,27,0,0,0,0,37,37,2,2,0,0,2,2,0,0,0,1,0,1,0,0,0,0,0,0,0,0,1,1,7,0,0,0,,,0,Rat,
207,12551,4,Normal,2,1,1,0,0,37,0,2,2,0,0,2,2,1,0,1,0,0,0,1,0,81,36,6,0,0,1,0,0,7,4,4,4,RH=Crude Sword|LH=Crude Sword|BD=Crude Armour|A1=Crude Bracelet|A2=Crude Bracelet,Swords_T1_03=1,0,Rat,party wiped
208,12552,1,Normal,5,1,1,0,0,37,0,0,0,0,0,1,1,0,3,3,0,0,0,0,0,81,37,6,0,0,1,0,0,1,4,4,4,RH=Crude Sword|LH=Crude Sword|BD=Crude Armour|A1=Crude Bracelet|A2=Crude Bracelet,,0,-,floor1_town; party wiped
209,12553,1,Normal,34,5,5,5,0,37,74,0,3,100,0,1,2,2,14,9,0,3,3,0,0,560,22,30,30,6,0,1,1,6,4,20,4,,,1,Rat,floor1_town;companion_join:Rat; +1 levelup
209,12553,2,Normal,27,2,2,2,0,74,89,3,3,40,0,2,2,1,3,3,0,0,0,2,0,224,11,10,10,5,0,1,1,6,4,8,4,,Swords_T1_03=2,1,Rat|Rat,companion_join:Rat
209,12553,3,Normal,2,1,1,0,0,89,0,3,3,0,0,2,2,0,0,0,0,0,0,0,0,120,89,3,0,0,1,0,0,6,4,4,4,RH=Crude Sword|LH=Crude Sword|BD=Crude Armour|A1=Crude Bracelet|A2=Crude Bracelet,,0,Rat|Rat,party wiped
210,12554,1,Normal,27,2,2,1,0,37,0,0,0,20,0,1,1,0,6,5,0,0,0,0,0,193,37,10,5,5,1,0,0,2,4,8,4,RH=Crude Sword|LH=Crude Sword|BD=Crude Armour|A1=Crude Bracelet|A2=Crude Bracelet,,0,-,floor1_town; party wiped
211,12555,1,Normal,30,3,3,3,0,37,93,0,0,60,0,1,1,0,9,4,1,3,3,0,0,336,30,17,17,5.667,0,1,1,4,4,12,4,,,2,Rat|Rat,floor1_town;companion_join:Rat;companion_join:Rat
211,12555,2,Normal,35,6,6,5,0,93,0,0,0,100,0,1,2,1,6,6,0,0,0,1,0,573,127,22,18,3.6,1,0,0,10,4,24,4,RH=Crude Sword|LH=Crude Sword|BD=Crude Armour|A1=Crude Bracelet|A2=Crude Bracelet,Swords_T1_03=1,1,Rat|Rat|Rat,companion_join:Rat;companion_join_skip:party_full; party wiped; +1 levelup
212,12556,1,Normal,28,4,4,4,0,37,121,0,0,80,0,1,1,0,10,1,0,3,3,0,0,448,16,17,17,4.25,0,1,1,5,4,16,4,,,3,Rat|Rat|Rat,floor1_town;companion_join:Rat;companion_join:Rat;companion_join:Rat
212,12556,2,Normal,31,4,4,4,0,121,84,0,1,80,0,1,2,0,3,3,0,0,0,1,0,448,68,12,12,3,0,1,1,5,4,16,4,,Swords_T1_03=1,0,Rat|Rat|Rat,companion_join_skip:party_full; +1 levelup
212,12556,3,Normal,10,1,1,0,0,84,0,1,1,0,0,2,2,1,0,0,0,0,0,0,0,143,84,4,0,0,1,0,0,5,4,4,4,RH=Crude Sword|LH=Crude Sword|BD=Crude Armour|A1=Crude Bracelet|A2=Crude Bracelet,,0,Rat|Rat|Rat,party wiped
213,12557,1,Normal,26,4,4,4,0,37,65,0,0,80,0,1,1,0,11,5,1,3,3,0,0,448,28,21,21,5.25,0,1,1,5,4,16,4,,,1,Rat,floor1_town;companion_join:Rat
213,12557,2,Normal,27,3,3,2,0,65,0,0,2,40,0,1,2,2,3,3,0,0,0,2,0,333,78,15,8,4,1,0,0,5,4,12,4,RH=Crude Sword|LH=Crude Sword|BD=Crude Armour|A1=Crude Bracelet|A2=Crude Bracelet,Swords_T1_03=2,0,Rat,party wiped; +1 levelup
214,12558,1,Normal,40,6,6,6,0,37,44,0,2,120,0,1,2,1,18,13,1,3,3,1,0,672,45,37,37,6.167,0,1,1,7,4,24,4,,Swords_T1_03=1,0,-,floor1_town; +1 levelup
214,12558,2,Normal,35,4,4,4,0,44,36,2,2,80,0,2,2,2,5,3,0,1,3,1,0,448,62,21,21,5.25,0,1,1,8,4,16,4,,Swords_T1_03=1,1,Rat,companion_join:Rat
214,12558,3,Normal,5,1,1,0,0,36,0,2,2,0,0,2,2,1,3,3,0,0,0,1,0,157,43,4,0,0,1,0,0,9,4,4,4,RH=Crude Sword|LH=Crude Sword|BD=Crude Armour|A1=Crude Bracelet|A2=Crude Bracelet,Swords_T1_03=1,0,Rat,party wiped
215,12559,1,Normal,38,4,4,4,0,37,37,0,0,80,0,1,1,0,11,6,1,3,3,0,0,448,22,24,24,6,0,1,1,5,4,16,4,,,0,-,floor1_town
215,12559,2,Normal,37,6,6,6,0,37,66,0,2,120,0,1,2,1,9,8,2,0,0,5,0,672,69,32,32,5.333,0,1,1,7,4,24,4,,Swords_T1_03=5,2,Rat|Rat,companion_join:Rat;companion_join:Rat; +1 levelup
215,12559,3,Normal,1,1,1,0,0,66,0,2,2,0,0,2,2,2,0,0,2,0,0,0,0,69,66,3,0,0,1,0,0,7,4,4,4,RH=Crude Sword|LH=Crude Sword|BD=Crude Armour|A1=Crude Bracelet|A2=Crude Bracelet,,0,Rat|Rat,party wiped
216,12560,1,Normal,36,6,6,6,0,37,102,0,2,120,0,1,2,2,17,8,0,3,3,1,0,672,39,33,33,5.5,0,1,1,7,4,24,4,,Swords_T1_03=1,2,Rat|Rat,floor1_town;companion_join:Rat;companion_join:Rat; +1 levelup
216,12560,2,Normal,10,2,2,1,0,102,0,2,2,20,0,2,2,1,3,3,0,0,0,2,0,194,100,13,5,5,1,0,0,7,4,8,4,RH=Crude Sword|LH=Crude Sword|BD=Crude Armour|A1=Crude Bracelet|A2=Crude Bracelet,Swords_T1_03=2,0,Rat|Rat,party wiped
217,12561,1,Normal,34,5,5,5,0,37,101,0,3,100,0,1,2,0,14,8,0,3,3,0,0,560,61,29,29,5.8,0,1,1,6,4,20,4,,,2,Rat|Rat,floor1_town;companion_join:Rat;companion_join:Rat; +1 levelup
217,12561,2,Normal,20,3,3,2,0,101,0,3,3,40,0,2,2,0,3,3,0,0,0,2,0,306,99,14,11,5.5,1,0,0,6,4,12,4,RH=Crude Sword|LH=Crude Sword|BD=Crude Armour|A1=Crude Bracelet|A2=Crude Bracelet,Swords_T1_03=2,0,Rat|Rat,party wiped
218,12562,1,Normal,32,4,4,4,0,37,65,0,0,80,0,1,1,0,12,5,2,3,3,0,0,448,16,24,24,6,0,1,1,5,4,16,4,,,1,Rat,floor1_town;companion_join:Rat
218,12562,2,Normal,28,3,3,3,0,65,40,0,2,60,0,1,2,3,3,3,0,0,0,2,0,336,53,16,16,5.333,0,1,1,5,4,12,4,,Swords_T1_03=2,0,Rat,+1 levelup
218,12562,3,Normal,16,1,1,0,0,40,0,2,2,0,0,2,2,1,3,3,0,0,0,1,0,151,44,5,0,0,1,0,0,6,4,4,4,RH=Crude Sword|LH=Crude Sword|BD=Crude Armour|A1=Crude Bracelet|A2=Crude Bracelet,Swords_T1_03=1,0,Rat,party wiped
219,12563,1,Normal,30,4,4,4,0,37,93,0,0,80,0,1,1,0,12,6,0,3,3,0,0,448,0,20,20,5,0,1,1,5,4,16,4,,,2,Rat|Rat,floor1_town;companion_join:Rat;companion_join:Rat
219,12563,2,Normal,35,2,2,2,0,93,101,0,1,40,0,1,2,0,3,3,2,0,0,1,0,224,16,9,9,4.5,0,1,1,5,4,8,4,,Swords_T1_03=1,0,Rat|Rat,+1 levelup
219,12563,3,Normal,8,2,2,1,0,101,0,1,1,48,0,2,2,4,0,0,0,0,0,2,0,317,99,7,4,4,1,0,0,5,4,8,4,RH=Crude Sword|LH=Crude Sword|BD=Crude Armour|A1=Crude Bracelet|A2=Crude Bracelet,Swords_T1_03=2,0,Rat|Rat,party wiped
220,12564,1,Normal,28,1,1,1,0,37,37,0,0,20,0,1,1,0,3,2,2,3,3,0,0,112,0,5,5,5,0,1,1,2,4,4,4,,,0,-,floor1_town
220,12564,2,Normal,23,3,3,2,0,37,0,0,0,40,0,1,1,2,6,4,0,0,0,0,0,325,45,18,12,6,1,0,0,3,4,12,4,RH=Crude Sword|LH=Crude Sword|BD=Crude Armour|A1=Crude Bracelet|A2=Crude Bracelet,,0,-,party wiped
221,12565,1,Normal,26,2,2,2,0,37,65,0,0,40,0,1,1,0,6,1,0,3,3,0,0,224,16,11,11,5.5,0,1,1,3,4,8,4,,,1,Rat,floor1_town;companion_join:Rat
221,12565,2,Normal,10,2,2,1,0,65,0,0,0,20,0,1,1,0,3,3,0,0,0,0,0,122,65,7,5,5,1,0,0,3,4,8,4,RH=Crude Sword|LH=Crude Sword|BD=Crude Armour|A1=Crude Bracelet|A2=Crude Bracelet,,0,Rat,party wiped
222,12566,1,Normal,40,3,3,3,0,37,37,0,0,60,0,1,1,0,8,6,1,3,3,0,0,336,32,18,18,6,0,1,1,4,4,12,4,,,0,-,floor1_town
222,12566,2,Normal,39,4,4,4,0,37,65,0,2,80,0,1,2,3,5,3,0,1,3,1,0,448,21,22,22,5.5,0,1,1,5,4,16,4,,Swords_T1_03=1,1,Rat,companion_join:Rat; +1 levelup
222,12566,3,Normal,11,1,1,0,0,65,0,2,2,0,0,2,2,0,1,3,0,0,0,0,0,104,65,3,0,0,1,0,0,5,4,4,4,RH=Crude Sword|LH=Crude Sword|BD=Crude Armour|A1=Crude Bracelet|A2=Crude Bracelet,,0,Rat,party wiped
223,12567,1,Normal,38,5,5,5,0,37,45,0,1,100,0,1,2,0,14,9,0,3,3,0,0,560,22,31,31,6.2,0,1,1,6,4,20,4,,,0,-,floor1_town; +1 levelup
223,12567,2,Normal,29,3,3,3,0,45,35,1,1,60,0,2,2,1,3,3,0,0,0,1,0,336,9,12,12,4,0,1,1,6,4,12,4,,Swords_T1_03=1,0,-,
223,12567,3,Normal,16,2,2,0,1,35,0,1,1,0,0,2,2,2,6,6,0,0,0,2,0,300,85,9,0,0,1,0,0,8,4,8,4,RH=Crude Sword|LH=Crude Sword|BD=Crude Armour|A1=Crude Bracelet|A2=Crude Bracelet,Swords_T1_03=2,0,-,party wiped; flee×1
224,12568,1,Normal,36,4,4,4,0,37,93,0,0,80,0,1,1,1,12,10,0,3,3,0,0,448,9,26,26,6.5,0,1,1,5,4,16,4,,,2,Rat|Rat,floor1_town;companion_join:Rat;companion_join:Rat
224,12568,2,Normal,18,3,3,2,0,93,0,0,2,40,0,1,2,0,3,3,0,0,0,1,0,331,108,12,9,4.5,1,0,0,5,4,12,4,RH=Crude Sword|LH=Crude Sword|BD=Crude Armour|A1=Crude Bracelet|A2=Crude Bracelet,Swords_T1_03=1,0,Rat|Rat,party wiped; +1 levelup
225,12569,1,Normal,34,3,3,3,0,37,65,0,0,60,0,1,1,0,9,4,2,3,3,0,0,336,16,18,18,6,0,1,1,4,4,12,4,,,1,Rat,floor1_town;companion_join:Rat
225,12569,2,Normal,37,3,3,3,0,65,64,0,3,60,0,1,2,2,3,3,0,0,0,1,0,336,50,12,12,4,0,1,1,4,4,12,4,,Swords_T1_03=1,1,Rat|Rat,companion_join:Rat; +1 levelup
225,12569,3,Normal,10,1,1,0,0,64,0,3,3,0,0,2,2,0,0,0,2,0,0,1,0,112,63,2,0,0,1,0,0,4,4,4,4,RH=Crude Sword|LH=Crude Sword|BD=Crude Armour|A1=Crude Bracelet|A2=Crude Bracelet,Swords_T1_03=1,0,Rat|Rat,party wiped
226,12570,1,Normal,32,3,3,3,0,37,65,0,0,60,0,1,1,1,9,3,0,3,3,0,0,336,10,16,16,5.333,0,1,1,4,4,12,4,,,1,Rat,floor1_town;companion_join:Rat
226,12570,2,Normal,25,0,0,0,0,65,65,0,0,0,0,1,1,0,0,0,1,3,3,0,0,0,0,0,0,0,0,1,1,4,0,0,0,,,0,Rat,
226,12570,3,Normal,37,0,0,0,0,65,65,0,0,0,0,1,1,0,0,0,3,3,3,0,0,0,0,0,0,0,0,1,1,4,0,0,0,,,0,Rat,
226,12570,4,Normal,31,5,5,5,0,65,64,0,3,100,0,1,2,3,3,3,0,0,0,2,0,560,62,19,19,3.8,0,1,1,4,4,20,4,,Swords_T1_03=2,2,Rat|Rat|Rat,companion_join:Rat;companion_join:Rat;companion_join_skip:party_full; +1 levelup
226,12570,5,Normal,15,1,1,0,0,64,0,3,3,0,0,2,2,0,0,0,0,0,0,0,0,76,64,4,0,0,1,0,0,4,4,4,4,RH=Crude Sword|LH=Crude Sword|BD=Crude Armour|A1=Crude Bracelet|A2=Crude Bracelet,,0,Rat|Rat|Rat,party wiped
227,12571,1,Normal,30,4,4,4,0,37,121,0,0,80,0,1,1,1,9,3,1,3,3,0,0,448,45,16,16,4,0,1,1,5,4,16,4,,,3,Rat|Rat|Rat,floor1_town;companion_join:Rat;companion_join:Rat;companion_join:Rat
227,12571,2,Normal,38,4,4,4,0,121,64,0,2,80,0,1,2,0,3,3,3,0,0,2,0,448,71,13,13,3.25,0,1,1,5,4,16,4,,Swords_T1_03=2,0,Rat|Rat|Rat,companion_join_skip:party_full; +1 levelup
227,12571,3,Normal,9,1,1,0,0,64,0,2,2,0,0,2,2,3,0,0,0,0,0,1,0,108,63,3,0,0,1,0,0,5,4,4,4,RH=Crude Sword|LH=Crude Sword|BD=Crude Armour|A1=Crude Bracelet|A2=Crude Bracelet,Swords_T1_03=1,0,Rat|Rat|Rat,party wiped
228,12572,1,Normal,28,2,2,2,0,37,37,0,0,40,0,1,1,0,6,4,0,3,3,0,0,224,10,13,13,6.5,0,1,1,3,4,8,4,,,0,-,floor1_town
228,12572,2,Normal,10,2,2,1,0,37,0,0,0,20,0,1,1,0,3,3,0,0,0,0,0,196,65,11,7,7,1,0,0,3,4,8,4,RH=Crude Sword|LH=Crude Sword|BD=Crude Armour|A1=Crude Bracelet|A2=Crude Bracelet,,1,Rat,companion_join:Rat; party wiped
229,12573,1,Normal,26,2,2,2,0,37,65,0,0,40,0,1,1,0,6,2,2,3,3,0,0,224,0,10,10,5,0,1,1,3,4,8,4,,,1,Rat,floor1_town;companion_join:Rat
229,12573,2,Normal,40,6,6,4,2,65,65,0,1,80,0,1,2,2,9,7,0,0,2,1,0,588,118,27,19,4.75,0,1,1,5,4,24,4,,Swords_T1_03=1,1,Rat|Rat,companion_join:Rat; +1 levelup; flee×2
229,12573,3,Normal,2,1,1,0,0,65,0,1,1,0,0,2,2,0,0,2,0,0,0,1,0,154,64,3,0,0,1,0,0,5,4,4,4,RH=Crude Sword|LH=Crude Sword|BD=Crude Armour|A1=Crude Bracelet|A2=Crude Bracelet,Swords_T1_03=1,0,Rat|Rat,party wiped
230,12574,1,Normal,40,4,4,4,0,37,93,0,0,80,0,1,1,0,12,7,0,3,3,0,0,448,24,23,23,5.75,0,1,1,5,4,16,4,,,2,Rat|Rat,floor1_town;companion_join:Rat;companion_join:Rat
230,12574,2,Normal,37,3,3,3,0,93,100,0,2,60,0,1,2,0,3,3,2,0,0,1,0,336,35,11,11,3.667,0,1,1,5,4,12,4,,Swords_T1_03=1,1,Rat|Rat|Rat,companion_join:Rat;companion_join_skip:party_full; +1 levelup
230,12574,3,Normal,2,1,1,0,0,100,0,2,2,0,0,2,2,2,0,0,0,0,0,1,0,180,99,8,0,0,1,0,0,5,4,4,4,RH=Crude Sword|LH=Crude Sword|BD=Crude Armour|A1=Crude Bracelet|A2=Crude Bracelet,Swords_T1_03=1,0,Rat|Rat|Rat,party wiped
231,12575,1,Normal,38,3,3,3,0,37,37,0,0,60,0,1,1,0,9,5,1,3,3,0,0,336,0,16,16,5.333,0,1,1,4,4,12,4,,,0,-,floor1_town
231,12575,2,Normal,32,3,3,3,0,37,36,0,3,60,0,1,2,2,5,3,0,0,0,0,0,336,18,16,16,5.333,0,1,1,5,4,12,4,,,0,-,+1 levelup
231,12575,3,Normal,3,1,1,0,0,36,0,3,3,0,0,2,2,2,3,3,0,0,0,0,0,144,44,5,0,0,1,0,0,6,4,4,4,RH=Crude Sword|LH=Crude Sword|BD=Crude Armour|A1=Crude Bracelet|A2=Crude Bracelet,,0,-,party wiped
232,12576,1,Normal,36,6,6,6,0,37,102,0,2,120,0,1,2,0,18,8,0,3,3,1,0,672,47,32,32,5.333,0,1,1,7,4,24,4,,Swords_T1_03=1,2,Rat|Rat,floor1_town;companion_join:Rat;companion_join:Rat; +1 levelup
232,12576,2,Normal,32,4,4,4,0,102,91,2,2,80,0,2,2,0,3,3,0,0,0,2,0,448,59,14,14,3.5,0,1,1,7,4,16,4,,Swords_T1_03=2,1,Rat|Rat|Rat,companion_join:Rat;companion_join_skip:party_full;companion_join_skip:party_full
232,12576,3,Normal,6,1,1,0,0,91,0,2,2,0,0,2,2,0,0,0,0,0,0,0,0,115,91,5,0,0,1,0,0,7,4,4,4,RH=Crude Sword|LH=Crude Sword|BD=Crude Armour|A1=Crude Bracelet|A2=Crude Bracelet,,0,Rat|Rat|Rat,party wiped
233,12577,1,Normal,34,2,2,2,0,37,65,0,0,40,0,1,1,1,6,6,0,3,3,0,0,224,13,12,12,6,0,1,1,3,4,8,4,,,1,Rat,floor1_town;companion_join:Rat
233,12577,2,Normal,12,2,2,1,0,65,0,0,0,20,0,1,1,0,3,3,0,0,0,0,0,189,65,8,5,5,1,0,0,3,4,8,4,RH=Crude Sword|LH=Crude Sword|BD=Crude Armour|A1=Crude Bracelet|A2=Crude Bracelet,,0,Rat,party wiped
234,12578,1,Normal,32,3,3,3,0,37,65,0,0,60,0,1,1,1,9,7,1,3,3,0,0,336,58,23,23,7.667,0,1,1,4,4,12,4,,,1,Rat,floor1_town;companion_join:Rat
234,12578,2,Normal,27,2,2,2,0,65,74,0,3,40,0,1,2,2,3,3,0,0,0,0,0,224,66,11,11,5.5,0,1,1,4,4,8,4,,,1,Rat|Rat,companion_join:Rat; +1 levelup
234,12578,3,Normal,13,1,1,0,0,74,0,3,3,0,0,2,2,0,0,0,0,0,0,0,0,51,74,2,0,0,1,0,0,4,4,4,4,RH=Crude Sword|LH=Crude Sword|BD=Crude Armour|A1=Crude Bracelet|A2=Crude Bracelet,,0,Rat|Rat,party wiped
235,12579,1,Normal,30,3,3,3,0,37,93,0,0,60,0,1,1,0,8,5,1,3,3,0,0,336,16,16,16,5.333,0,1,1,4,4,12,4,,,2,Rat|Rat,floor1_town;companion_join:Rat;companion_join:Rat
235,12579,2,Normal,37,4,4,4,0,93,128,0,2,80,0,1,2,1,3,2,0,0,1,2,0,448,8,13,13,3.25,0,1,1,4,4,16,4,,Swords_T1_03=2,1,Rat|Rat|Rat,companion_join:Rat;companion_join_skip:party_full; +1 levelup
235,12579,3,Normal,17,1,1,0,0,128,0,2,2,0,0,2,2,0,0,1,0,0,0,1,0,178,128,8,0,0,1,0,0,4,4,4,4,RH=Crude Sword|LH=Crude Sword|BD=Crude Armour|A1=Crude Bracelet|A2=Crude Bracelet,Swords_T1_03=1,0,Rat|Rat|Rat,party wiped
236,12580,1,Normal,28,1,1,1,0,37,37,0,0,20,0,1,1,0,3,2,2,3,3,0,0,112,8,5,5,5,0,1,1,2,4,4,4,,,0,-,floor1_town
236,12580,2,Normal,29,2,2,2,0,37,65,0,0,40,0,1,1,0,6,4,3,0,0,0,0,224,8,12,12,6,0,1,1,3,4,8,4,,,1,Rat,companion_join:Rat
236,12580,3,Normal,28,2,2,1,0,65,0,0,2,48,0,1,2,4,0,0,0,0,0,0,0,275,86,8,6,6,1,0,0,3,4,8,4,RH=Crude Sword|LH=Crude Sword|BD=Crude Armour|A1=Crude Bracelet|A2=Crude Bracelet,,0,Rat,party wiped; +1 levelup
237,12581,1,Normal,26,5,5,5,0,37,100,0,2,100,0,1,2,1,15,7,0,3,3,0,0,560,16,25,25,5,0,1,1,6,4,20,4,,,2,Rat|Rat,floor1_town;companion_join:Rat;companion_join:Rat; +1 levelup
237,12581,2,Normal,29,3,3,3,0,100,52,2,2,60,0,2,2,1,3,3,0,0,0,2,0,336,72,13,13,4.333,0,1,1,6,4,12,4,,Swords_T1_03=2,0,Rat|Rat,
237,12581,3,Normal,8,2,2,0,1,52,0,2,2,0,0,2,2,2,3,3,0,0,0,2,0,264,114,7,0,0,1,0,0,7,4,8,4,RH=Crude Sword|LH=Crude Sword|BD=Crude Armour|A1=Crude Bracelet|A2=Crude Bracelet,Swords_T1_03=2,0,Rat|Rat,party wiped; flee×1
238,12582,1,Normal,40,4,4,4,0,37,93,0,0,80,0,1,1,2,12,8,0,3,3,0,0,448,24,23,23,5.75,0,1,1,5,4,16,4,,,2,Rat|Rat,floor1_town;companion_join:Rat;companion_join:Rat
238,12582,2,Normal,31,2,2,2,0,93,127,0,1,40,0,1,2,0,3,3,0,0,0,1,0,224,13,7,7,3.5,0,1,1,5,4,8,4,,Swords_T1_03=1,1,Rat|Rat|Rat,companion_join:Rat; +1 levelup
238,12582,3,Normal,25,2,2,1,0,127,0,1,0,48,0,2,2,0,3,3,0,0,0,0,0,327,163,11,7,7,1,0,0,6,4,8,4,RH=Crude Sword|LH=Crude Sword|BD=Crude Armour|A1=Crude Bracelet|A2=Crude Bracelet,,0,Rat|Rat|Rat,party wiped
239,12583,1,Normal,38,3,3,3,0,37,121,0,0,60,0,1,1,0,7,3,0,3,3,0,0,336,29,13,13,4.333,0,1,1,4,4,12,4,,,3,Rat|Rat|Rat,floor1_town;companion_join:Rat;companion_join:Rat;companion_join:Rat
239,12583,2,Normal,36,2,2,2,0,121,128,0,1,40,0,1,2,1,3,3,0,0,0,0,0,224,8,7,7,3.5,0,1,1,4,4,8,4,,,0,Rat|Rat|Rat,+1 levelup
239,12583,3,Normal,18,2,2,1,0,128,0,1,0,48,0,2,2,1,3,2,0,0,1,1,0,300,127,9,6,6,1,0,0,10,4,8,4,RH=Crude Sword|LH=Crude Sword|BD=Crude Armour|A1=Crude Bracelet|A2=Crude Bracelet,Swords_T1_03=1,0,Rat|Rat|Rat,party wiped
240,12584,1,Normal,36,3,3,3,0,37,65,0,0,60,0,1,1,0,9,6,2,3,3,0,0,336,0,17,17,5.667,0,1,1,4,4,12,4,,,1,Rat,floor1_town;companion_join:Rat
240,12584,2,Normal,26,3,3,3,0,65,114,0,3,60,0,1,2,1,3,3,1,0,0,0,0,336,24,11,11,3.667,0,1,1,4,4,12,4,,,2,Rat|Rat|Rat,companion_join:Rat;companion_join:Rat; +1 levelup
240,12584,3,Normal,7,2,2,1,0,114,0,3,3,48,0,2,2,3,0,0,0,0,0,1,0,409,113,9,5,5,1,0,0,4,4,8,4,RH=Crude Sword|LH=Crude Sword|BD=Crude Armour|A1=Crude Bracelet|A2=Crude Bracelet,Swords_T1_03=1,0,Rat|Rat|Rat,companion_join_skip:party_full; party wiped
241,12585,1,Normal,34,5,5,5,0,37,101,0,1,100,0,1,2,0,14,5,0,3,3,0,0,560,26,24,24,4.8,0,1,1,6,4,20,4,,,2,Rat|Rat,floor1_town;companion_join:Rat;companion_join:Rat; +1 levelup
241,12585,2,Normal,31,3,3,3,0,101,88,1,1,60,0,2,2,1,3,3,0,0,0,1,0,336,20,11,11,3.667,0,1,1,6,4,12,4,,Swords_T1_03=1,0,Rat|Rat,
241,12585,3,Normal,9,2,2,1,0,88,0,1,1,48,0,2,2,2,0,0,0,0,0,2,0,343,86,6,4,4,1,0,0,6,4,8,4,RH=Crude Sword|LH=Crude Sword|BD=Crude Armour|A1=Crude Bracelet|A2=Crude Bracelet,Swords_T1_03=2,0,Rat|Rat,party wiped
242,12586,1,Normal,31,4,4,4,0,37,93,0,0,80,0,1,1,0,11,3,1,3,3,0,0,448,8,19,19,4.75,0,1,1,5,4,16,4,,,2,Rat|Rat,floor1_town;companion_join:Rat;companion_join:Rat
242,12586,2,Normal,28,4,4,4,0,93,71,0,2,80,0,1,2,2,3,3,0,0,0,2,0,448,40,14,14,3.5,0,1,1,5,4,16,4,,Swords_T1_03=2,0,Rat|Rat,+1 levelup
242,12586,3,Normal,5,1,1,0,0,71,0,2,2,0,0,2,2,2,0,0,0,0,0,1,0,171,70,5,0,0,1,0,0,5,4,4,4,RH=Crude Sword|LH=Crude Sword|BD=Crude Armour|A1=Crude Bracelet|A2=Crude Bracelet,Swords_T1_03=1,0,Rat|Rat,party wiped
243,12587,1,Normal,29,3,3,3,0,37,65,0,0,60,0,1,1,0,9,5,0,3,3,0,0,336,8,18,18,6,0,1,1,4,4,12,4,,,1,Rat,floor1_town;companion_join:Rat
243,12587,2,Normal,27,2,2,2,0,65,88,0,1,40,0,1,2,2,3,3,0,0,0,0,0,224,21,9,9,4.5,0,1,1,4,4,8,4,,,1,Rat|Rat,companion_join:Rat; +1 levelup
243,12587,3,Normal,2,1,1,0,0,88,0,1,1,0,0,2,2,2,0,0,0,0,0,1,0,163,87,4,0,0,1,0,0,4,4,4,4,RH=Crude Sword|LH=Crude Sword|BD=Crude Armour|A1=Crude Bracelet|A2=Crude Bracelet,Swords_T1_03=1,0,Rat|Rat,party wiped
244,12588,1,Normal,27,3,3,3,0,37,65,0,0,60,0,1,1,0,8,2,1,3,3,0,0,336,0,13,13,4.333,0,1,1,4,4,12,4,,,1,Rat,floor1_town;companion_join:Rat
244,12588,2,Normal,29,2,2,2,0,65,102,0,2,40,0,1,2,2,3,3,0,0,0,0,0,224,0,9,9,4.5,0,1,1,4,4,8,4,,,1,Rat|Rat,companion_join:Rat; +1 levelup
244,12588,3,Normal,5,1,1,0,0,102,0,2,2,0,0,2,2,1,0,0,0,0,0,1,0,199,101,6,0,0,1,0,0,4,4,4,4,RH=Crude Sword|LH=Crude Sword|BD=Crude Armour|A1=Crude Bracelet|A2=Crude Bracelet,Swords_T1_03=1,0,Rat|Rat,party wiped
245,12589,1,Normal,25,4,4,4,0,37,93,0,0,80,0,1,1,2,10,3,0,3,3,0,0,448,8,19,19,4.75,0,1,1,5,4,16,4,,,2,Rat|Rat,floor1_town;companion_join:Rat;companion_join:Rat
245,12589,2,Normal,35,5,5,4,0,93,0,0,2,80,0,1,2,2,3,3,0,0,0,2,0,502,143,18,15,3.75,1,0,0,5,4,20,4,RH=Crude Sword|LH=Crude Sword|BD=Crude Armour|A1=Crude Bracelet|A2=Crude Bracelet,Swords_T1_03=2,1,Rat|Rat|Rat,companion_join:Rat;companion_join_skip:party_full; party wiped; +1 levelup
246,12590,1,Normal,39,3,3,3,0,37,65,0,0,60,0,1,1,1,9,7,0,3,3,0,0,336,0,18,18,6,0,1,1,4,4,12,4,,,1,Rat,floor1_town;companion_join:Rat
246,12590,2,Normal,25,2,2,2,0,65,102,0,1,40,0,1,2,0,3,2,1,0,1,0,0,224,0,8,8,4,0,1,1,4,4,8,4,,,1,Rat|Rat,companion_join:Rat; +1 levelup
246,12590,3,Normal,8,2,2,1,0,102,0,1,1,48,0,2,2,3,0,1,0,0,0,1,0,402,161,13,7,7,1,0,0,4,4,8,4,RH=Crude Sword|LH=Crude Sword|BD=Crude Armour|A1=Crude Bracelet|A2=Crude Bracelet,Swords_T1_03=1,1,Rat|Rat|Goblin,companion_join:Goblin; party wiped
247,12591,1,Normal,37,5,5,5,0,37,45,0,1,100,0,1,2,0,14,5,2,3,3,0,0,560,30,28,28,5.6,0,1,1,6,4,20,4,,,0,-,floor1_town; +1 levelup
247,12591,2,Normal,26,1,1,1,0,45,45,1,1,20,0,2,2,0,3,1,3,0,2,1,0,112,-1,5,5,5,0,1,1,6,4,4,4,,Swords_T1_03=1,0,-,
247,12591,3,Normal,3,1,1,0,0,45,0,1,1,0,0,2,2,4,0,2,0,0,0,1,0,148,44,5,0,0,1,0,0,6,4,4,4,RH=Crude Sword|LH=Crude Sword|BD=Crude Armour|A1=Crude Bracelet|A2=Crude Bracelet,Swords_T1_03=1,0,-,party wiped
248,12592,1,Normal,35,3,3,3,0,37,121,0,0,60,0,1,1,0,9,2,0,3,3,0,0,336,16,16,16,5.333,0,1,1,4,4,12,4,,,3,Rat|Rat|Rat,floor1_town;companion_join:Rat;companion_join:Rat;companion_join:Rat
248,12592,2,Normal,37,3,3,3,0,121,98,0,3,60,0,1,2,0,3,3,0,0,0,1,0,336,43,12,12,4,0,1,1,4,4,12,4,,Swords_T1_03=1,0,Rat|Rat|Rat,companion_join_skip:party_full; +1 levelup
248,12592,3,Normal,5,2,2,1,0,98,0,3,3,48,0,2,2,1,0,0,0,0,0,1,0,317,97,8,5,5,1,0,0,4,4,8,4,RH=Crude Sword|LH=Crude Sword|BD=Crude Armour|A1=Crude Bracelet|A2=Crude Bracelet,Swords_T1_03=1,0,Rat|Rat|Rat,party wiped
249,12593,1,Normal,33,5,5,5,0,37,46,0,3,100,0,1,2,0,15,8,2,3,3,0,0,560,8,30,30,6,0,1,1,6,4,20,4,,,0,-,floor1_town; +1 levelup
249,12593,2,Normal,31,4,4,4,0,46,83,3,3,80,0,2,2,3,3,3,0,0,0,2,0,448,17,19,19,4.75,0,1,1,6,4,16,4,,Swords_T1_03=2,2,Rat|Rat,companion_join:Rat;companion_join:Rat
249,12593,3,Normal,2,1,1,0,0,83,0,3,3,0,0,2,2,0,0,0,0,0,0,0,0,38,83,2,0,0,1,0,0,6,4,4,4,RH=Crude Sword|LH=Crude Sword|BD=Crude Armour|A1=Crude Bracelet|A2=Crude Bracelet,,0,Rat|Rat,party wiped
250,12594,1,Normal,31,4,4,4,0,37,121,0,0,80,0,1,1,0,10,5,0,3,3,0,0,448,35,19,19,4.75,0,1,1,5,4,16,4,,,3,Rat|Rat|Rat,floor1_town;companion_join:Rat;companion_join:Rat;companion_join:Rat;companion_join_skip:party_full
250,12594,2,Normal,32,5,5,4,0,121,0,0,3,80,0,1,2,2,3,3,0,0,0,1,0,548,149,18,14,3.5,1,0,0,5,4,20,4,RH=Crude Sword|LH=Crude Sword|BD=Crude Armour|A1=Crude Bracelet|A2=Crude Bracelet,Swords_T1_03=1,0,Rat|Rat|Rat,companion_join_skip:party_full;companion_join_skip:party_full;companion_join_skip:party_full;companion_join_skip:party_full; party wiped; +1 levelup
251,12595,1,Normal,29,5,5,5,0,37,101,0,3,100,0,1,2,2,13,4,0,3,3,0,0,560,16,25,25,5,0,1,1,6,4,20,4,,,2,Rat|Rat,floor1_town;companion_join:Rat;companion_join:Rat; +1 levelup
251,12595,2,Normal,37,3,3,3,0,101,101,3,3,60,0,2,2,1,3,3,1,0,0,2,0,336,26,12,12,4,0,1,1,6,4,12,4,,Swords_T1_03=2,1,Rat|Rat|Rat,companion_join:Rat
251,12595,3,Normal,12,1,1,0,0,101,0,3,3,0,0,2,2,1,0,0,1,0,0,1,0,121,100,4,0,0,1,0,0,6,4,4,4,RH=Crude Sword|LH=Crude Sword|BD=Crude Armour|A1=Crude Bracelet|A2=Crude Bracelet,Swords_T1_03=1,0,Rat|Rat|Rat,party wiped
252,12596,1,Normal,27,3,3,3,0,37,93,0,0,60,0,1,1,0,9,1,0,3,3,0,0,336,16,17,17,5.667,0,1,1,4,4,12,4,,,2,Rat|Rat,floor1_town;companion_join:Rat;companion_join:Rat
252,12596,2,Normal,37,2,2,2,0,93,129,0,1,40,0,1,2,1,3,2,0,0,1,0,0,224,8,6,6,3,0,1,1,4,4,8,4,,,1,Rat|Rat|Rat,companion_join:Rat; +1 levelup
252,12596,3,Normal,18,2,2,1,0,129,0,1,1,48,0,2,2,2,0,1,0,0,0,2,0,385,127,9,6,6,1,0,0,4,4,8,4,RH=Crude Sword|LH=Crude Sword|BD=Crude Armour|A1=Crude Bracelet|A2=Crude Bracelet,Swords_T1_03=2,0,Rat|Rat|Rat,party wiped
253,12597,1,Normal,25,4,4,4,0,37,121,0,0,80,0,1,1,1,12,8,0,3,3,0,0,448,25,24,24,6,0,1,1,5,4,16,4,,,3,Rat|Rat|Rat,floor1_town;companion_join:Rat;companion_join:Rat;companion_join:Rat
253,12597,2,Normal,33,4,4,4,0,121,85,0,3,80,0,1,2,0,3,3,0,0,0,2,0,448,57,13,13,3.25,0,1,1,5,4,16,4,,Swords_T1_03=2,0,Rat|Rat|Rat,companion_join_skip:party_full;companion_join_skip:party_full; +1 levelup
253,12597,3,Normal,2,1,1,0,0,85,0,3,3,0,0,2,2,1,0,0,0,0,0,1,0,190,84,4,0,0,1,0,0,5,4,4,4,RH=Crude Sword|LH=Crude Sword|BD=Crude Armour|A1=Crude Bracelet|A2=Crude Bracelet,Swords_T1_03=1,0,Rat|Rat|Rat,party wiped
254,12598,1,Normal,39,4,4,4,0,37,121,0,0,80,0,1,1,0,10,6,0,3,3,0,0,448,0,20,20,5,0,1,1,5,4,16,4,,,3,Rat|Rat|Rat,floor1_town;companion_join:Rat;companion_join:Rat;companion_join:Rat
254,12598,2,Normal,33,2,2,2,0,121,120,0,1,40,0,1,2,2,2,0,0,1,3,0,0,224,16,7,7,3.5,0,1,1,5,4,8,4,,,0,Rat|Rat|Rat,+1 levelup
254,12598,3,Normal,20,2,2,1,0,120,0,1,1,48,0,2,2,0,1,3,0,0,0,1,0,392,130,8,5,5,1,0,0,5,4,8,4,RH=Crude Sword|LH=Crude Sword|BD=Crude Armour|A1=Crude Bracelet|A2=Crude Bracelet,Swords_T1_03=1,0,Rat|Rat|Rat,companion_join_skip:party_full; party wiped
255,12599,1,Normal,37,4,4,4,0,37,65,0,0,80,0,1,1,0,11,7,1,3,3,0,0,448,34,20,20,5,0,1,1,5,4,16,4,,,1,Rat,floor1_town;companion_join:Rat
255,12599,2,Normal,29,2,2,2,0,65,46,0,3,40,0,1,2,2,3,3,0,0,0,0,0,224,26,9,9,4.5,0,1,1,5,4,8,4,,,0,Rat,+1 levelup
255,12599,3,Normal,6,1,1,0,0,46,0,3,3,0,0,2,2,2,0,0,0,0,0,0,0,88,65,2,0,0,1,0,0,5,4,4,4,RH=Crude Sword|LH=Crude Sword|BD=Crude Armour|A1=Crude Bracelet|A2=Crude Bracelet,,0,Rat,party wiped
256,12600,1,Normal,35,2,2,2,0,37,37,0,0,40,0,1,1,0,6,4,2,3,3,0,0,224,16,11,11,5.5,0,1,1,3,4,8,4,,,0,-,floor1_town
256,12600,2,Normal,31,3,3,3,0,37,44,0,3,60,0,1,2,2,6,6,1,0,0,0,0,336,16,19,19,6.333,0,1,1,4,4,12,4,,,0,-,+1 levelup
256,12600,3,Normal,3,1,1,0,0,44,0,3,3,0,0,2,2,2,0,0,0,0,0,1,0,60,70,2,0,0,1,0,0,4,4,4,4,RH=Crude Sword|LH=Crude Sword|BD=Crude Armour|A1=Crude Bracelet|A2=Crude Bracelet,Swords_T1_03=1,0,-,party wiped
257,12601,1,Normal,33,2,2,2,0,37,37,0,0,40,0,1,1,0,6,1,1,3,3,0,0,224,16,11,11,5.5,0,1,1,3,4,8,4,,,0,-,floor1_town
257,12601,2,Normal,34,6,6,4,2,37,45,0,2,80,0,1,2,1,12,8,0,0,1,0,0,532,79,30,25,6.25,0,1,1,6,4,24,4,,,0,-,+1 levelup; flee×2
257,12601,3,Normal,3,1,1,0,0,45,0,2,2,0,0,2,2,0,0,1,0,0,0,1,0,60,44,2,0,0,1,0,0,6,4,4,4,RH=Crude Sword|LH=Crude Sword|BD=Crude Armour|A1=Crude Bracelet|A2=Crude Bracelet,Swords_T1_03=1,0,-,party wiped
258,12602,1,Normal,31,4,4,4,0,37,65,0,0,80,0,1,1,1,9,1,1,3,3,0,0,448,16,17,17,4.25,0,1,1,5,4,16,4,,,1,Rat,floor1_town;companion_join:Rat
258,12602,2,Normal,27,5,5,4,0,65,0,0,1,80,0,1,2,3,3,3,0,0,0,3,0,524,136,21,15,3.75,1,0,0,5,4,20,4,RH=Crude Sword|LH=Crude Sword|BD=Crude Armour|A1=Crude Bracelet|A2=Crude Bracelet,Swords_T1_03=3,2,Rat|Rat|Rat,companion_join:Rat;companion_join:Rat; party wiped; +1 levelup
259,12603,1,Normal,29,2,2,2,0,37,65,0,0,40,0,1,1,0,6,5,0,3,3,0,0,224,0,12,12,6,0,1,1,3,4,8,4,,,1,Rat,floor1_town;companion_join:Rat
259,12603,2,Normal,7,2,2,1,0,65,0,0,0,20,0,1,1,0,3,3,0,0,0,0,0,173,73,9,5,5,1,0,0,3,4,8,4,RH=Crude Sword|LH=Crude Sword|BD=Crude Armour|A1=Crude Bracelet|A2=Crude Bracelet,,0,Rat,party wiped
260,12604,1,Normal,27,4,4,4,0,37,93,0,0,80,0,1,1,2,10,2,0,3,3,0,0,448,32,19,19,4.75,0,1,1,5,4,16,4,,,2,Rat|Rat,floor1_town;companion_join:Rat;companion_join:Rat
260,12604,2,Normal,13,3,3,2,0,93,0,0,3,40,0,1,2,2,3,3,0,0,0,0,0,333,101,15,8,4,1,0,0,5,4,12,4,RH=Crude Sword|LH=Crude Sword|BD=Crude Armour|A1=Crude Bracelet|A2=Crude Bracelet,,0,Rat|Rat,party wiped; +1 levelup
261,12605,1,Normal,25,2,2,2,0,37,65,0,0,40,0,1,1,0,6,2,0,3,3,0,0,224,22,9,9,4.5,0,1,1,3,4,8,4,,,1,Rat,floor1_town;companion_join:Rat
261,12605,2,Normal,22,3,3,2,0,65,0,0,0,40,0,1,1,1,3,3,0,0,0,0,0,280,65,13,11,5.5,1,0,0,3,4,12,4,RH=Crude Sword|LH=Crude Sword|BD=Crude Armour|A1=Crude Bracelet|A2=Crude Bracelet,,0,Rat,party wiped
262,12606,1,Normal,39,3,3,3,0,37,37,0,0,60,0,1,1,0,9,6,1,3,3,0,0,336,8,19,19,6.333,0,1,1,4,4,12,4,,,0,-,floor1_town
262,12606,2,Normal,25,4,4,4,0,37,73,0,2,80,0,1,2,0,9,7,3,0,2,1,0,448,60,24,24,6,0,1,1,6,4,16,4,,Swords_T1_03=1,2,Rat|Rat,companion_join:Rat;companion_join:Rat; +1 levelup
262,12606,3,Normal,11,2,2,1,0,73,0,2,2,48,0,2,2,3,0,2,0,0,0,2,0,374,72,10,7,7,1,0,0,6,4,8,4,RH=Crude Sword|LH=Crude Sword|BD=Crude Armour|A1=Crude Bracelet|A2=Crude Bracelet,Swords_T1_03=2,0,Rat|Rat,party wiped
263,12607,1,Normal,37,5,5,5,0,37,73,0,1,100,0,1,2,0,15,4,0,3,3,0,0,560,16,26,26,5.2,0,1,1,6,4,20,4,,,1,Rat,floor1_town;companion_join:Rat; +1 levelup
263,12607,2,Normal,26,1,1,1,0,73,93,1,1,20,0,2,2,0,3,0,1,0,3,1,0,112,7,4,4,4,0,1,1,6,4,4,4,,Swords_T1_03=1,1,Rat|Rat,companion_join:Rat
263,12607,3,Normal,1,1,1,0,0,93,0,1,1,0,0,2,2,2,0,3,0,0,0,1,0,236,92,6,0,0,1,0,0,6,4,4,4,RH=Crude Sword|LH=Crude Sword|BD=Crude Armour|A1=Crude Bracelet|A2=Crude Bracelet,Swords_T1_03=1,0,Rat|Rat,party wiped
264,12608,1,Normal,35,3,3,3,0,37,37,0,0,60,0,1,1,0,9,2,1,3,3,0,0,336,16,17,17,5.667,0,1,1,4,4,12,4,,,0,-,floor1_town
264,12608,2,Normal,33,4,4,3,1,37,37,0,2,60,0,1,2,1,6,5,0,0,1,1,0,392,48,22,20,6.667,0,1,1,5,4,16,4,,Swords_T1_03=1,0,-,+1 levelup; flee×1
264,12608,3,Normal,7,2,2,0,1,37,0,2,2,0,0,2,2,0,6,6,0,0,0,2,0,296,86,10,0,0,1,0,0,7,4,8,4,RH=Crude Sword|LH=Crude Sword|BD=Crude Armour|A1=Crude Bracelet|A2=Crude Bracelet,Swords_T1_03=2,0,-,party wiped; flee×1
265,12609,1,Normal,33,4,4,4,0,37,37,0,0,80,0,1,1,1,11,9,1,3,3,0,0,448,16,24,24,6,0,1,1,5,4,16,4,,,0,-,floor1_town
265,12609,2,Normal,34,5,5,4,1,37,16,0,3,80,0,1,2,1,6,6,0,0,0,4,0,504,66,24,22,5.5,0,1,1,6,4,20,4,,Swords_T1_03=4,0,-,+1 levelup; flee×1
265,12609,3,Normal,10,1,1,0,0,16,0,3,3,0,0,2,2,2,0,0,0,0,0,1,0,116,44,2,0,0,1,0,0,6,4,4,4,RH=Crude Sword|LH=Crude Sword|BD=Crude Armour|A1=Crude Bracelet|A2=Crude Bracelet,Swords_T1_03=1,0,-,party wiped
266,12610,1,Normal,31,3,3,3,0,37,37,0,0,60,0,1,1,1,9,6,0,3,3,0,0,336,31,21,21,7,0,1,1,4,4,12,4,,,0,-,floor1_town
266,12610,2,Normal,34,1,1,1,0,37,37,0,0,20,0,1,1,0,3,1,1,0,2,0,0,112,0,6,6,6,0,1,1,4,4,4,4,,,0,-,
266,12610,3,Normal,6,1,1,0,0,37,0,0,0,0,0,1,1,2,3,3,0,0,0,0,0,140,37,4,0,0,1,0,0,10,4,4,4,RH=Crude Sword|LH=Crude Sword|BD=Crude Armour|A1=Crude Bracelet|A2=Crude Bracelet,,0,-,party wiped
267,12611,1,Normal,29,2,2,2,0,37,37,0,0,40,0,1,1,0,6,4,2,3,3,0,0,224,8,13,13,6.5,0,1,1,3,4,8,4,,,0,-,floor1_town
267,12611,2,Normal,30,3,3,2,0,37,0,0,0,40,0,1,1,4,3,3,0,0,0,0,0,305,65,15,10,5,1,0,0,3,4,12,4,RH=Crude Sword|LH=Crude Sword|BD=Crude Armour|A1=Crude Bracelet|A2=Crude Bracelet,,1,Rat,companion_join:Rat; party wiped
268,12612,1,Normal,27,4,4,4,0,37,37,0,0,80,0,1,1,0,11,3,1,3,3,0,0,448,8,21,21,5.25,0,1,1,5,4,16,4,,,0,-,floor1_town
268,12612,2,Normal,29,3,3,3,0,37,73,0,2,60,0,1,2,0,6,5,2,0,1,1,0,336,21,19,19,6.333,0,1,1,6,4,12,4,,Swords_T1_03=1,1,Rat,companion_join:Rat; +1 levelup
268,12612,3,Normal,28,1,1,0,0,73,0,2,2,0,0,2,2,2,0,1,0,0,0,1,0,120,72,3,0,0,1,0,0,6,4,4,4,RH=Crude Sword|LH=Crude Sword|BD=Crude Armour|A1=Crude Bracelet|A2=Crude Bracelet,Swords_T1_03=1,0,Rat,party wiped
269,12613,1,Normal,25,3,3,3,0,37,37,0,0,60,0,1,1,0,9,6,2,3,3,0,0,336,16,19,19,6.333,0,1,1,4,4,12,4,,,0,-,floor1_town
269,12613,2,Normal,27,3,3,3,0,37,15,0,2,60,0,1,2,2,3,3,0,0,0,1,0,336,71,17,17,5.667,0,1,1,4,4,12,4,,Swords_T1_03=1,1,Rat,companion_join:Rat; +1 levelup
269,12613,3,Normal,4,1,1,0,0,15,0,2,2,0,0,2,2,2,0,0,0,0,0,0,0,35,45,2,0,0,1,0,0,4,4,4,4,RH=Crude Sword|LH=Crude Sword|BD=Crude Armour|A1=Crude Bracelet|A2=Crude Bracelet,,0,Rat,party wiped
270,12614,1,Normal,39,4,4,4,0,37,37,0,0,80,0,1,1,0,12,6,0,3,3,0,0,448,8,24,24,6,0,1,1,5,4,16,4,,,0,-,floor1_town
270,12614,2,Normal,36,4,4,3,1,37,4,0,2,60,0,1,2,2,3,3,0,0,0,2,0,364,46,17,16,5.333,0,1,1,5,4,16,4,,Swords_T1_03=2,0,-,+1 levelup; flee×1
270,12614,3,Normal,4,1,1,0,0,4,0,2,2,0,0,2,2,1,3,3,0,0,0,0,0,116,44,3,0,0,1,0,0,6,4,4,4,RH=Crude Sword|LH=Crude Sword|BD=Crude Armour|A1=Crude Bracelet|A2=Crude Bracelet,,0,-,party wiped
271,12615,1,Normal,37,4,4,4,0,37,65,0,0,80,0,1,1,2,10,6,0,3,3,0,0,448,8,20,20,5,0,1,1,5,4,16,4,,,1,Rat,floor1_town;companion_join:Rat
271,12615,2,Normal,26,2,2,1,1,65,12,0,2,20,0,1,2,0,3,3,0,0,0,0,0,168,83,8,5,5,0,1,1,5,4,8,4,,,0,Rat,+1 levelup; flee×1
271,12615,3,Normal,1,1,1,0,0,12,0,2,2,0,0,2,2,0,3,3,0,0,0,0,0,110,73,3,0,0,1,0,0,6,4,4,4,RH=Crude Sword|LH=Crude Sword|BD=Crude Armour|A1=Crude Bracelet|A2=Crude Bracelet,,0,Rat,party wiped
272,12616,1,Normal,35,6,6,6,0,37,74,0,3,120,0,1,2,0,17,10,0,3,3,1,0,672,43,30,30,5,0,1,1,7,4,24,4,,Swords_T1_03=1,1,Rat,floor1_town;companion_join:Rat; +1 levelup
272,12616,2,Normal,29,2,2,2,0,74,130,3,3,40,0,2,2,1,3,2,0,0,1,2,0,224,-2,9,9,4.5,0,1,1,7,4,8,4,,Swords_T1_03=2,2,Rat|Rat|Rat,companion_join:Rat;companion_join:Rat
272,12616,3,Normal,29,2,2,1,0,130,0,3,3,48,0,2,2,2,0,1,0,0,0,0,0,289,130,7,6,6,1,0,0,7,4,8,4,RH=Crude Sword|LH=Crude Sword|BD=Crude Armour|A1=Crude Bracelet|A2=Crude Bracelet,,0,Rat|Rat|Rat,party wiped
273,12617,1,Normal,33,3,3,3,0,37,121,0,0,60,0,1,1,1,9,3,0,3,3,0,0,336,24,15,15,5,0,1,1,4,4,12,4,,,3,Rat|Rat|Rat,floor1_town;companion_join:Rat;companion_join:Rat;companion_join:Rat
273,12617,2,Normal,30,1,1,1,0,121,113,0,0,20,0,1,1,0,3,0,0,0,3,0,0,112,8,3,3,3,0,1,1,4,4,4,4,,,0,Rat|Rat|Rat,companion_join_skip:party_full
273,12617,3,Normal,7,1,1,0,0,113,0,0,0,0,0,1,1,0,0,3,0,0,0,0,0,154,121,4,0,0,1,0,0,4,4,4,4,RH=Crude Sword|LH=Crude Sword|BD=Crude Armour|A1=Crude Bracelet|A2=Crude Bracelet,,0,Rat|Rat|Rat,party wiped
274,12618,1,Normal,31,3,3,3,0,37,65,0,0,60,0,1,1,0,9,7,0,3,3,0,0,336,24,17,17,5.667,0,1,1,4,4,12,4,,,1,Rat,floor1_town;companion_join:Rat
274,12618,2,Normal,35,4,4,3,1,65,97,0,2,60,0,1,2,0,6,6,0,0,0,1,0,392,93,19,17,5.667,0,1,1,5,4,16,4,,Swords_T1_03=1,1,Rat|Rat,companion_join:Rat; +1 levelup; flee×1
274,12618,3,Normal,3,1,1,0,0,97,0,2,2,0,0,2,2,0,0,0,0,0,0,1,0,134,96,4,0,0,1,0,0,5,4,4,4,RH=Crude Sword|LH=Crude Sword|BD=Crude Armour|A1=Crude Bracelet|A2=Crude Bracelet,Swords_T1_03=1,0,Rat|Rat,party wiped
275,12619,1,Normal,29,2,2,2,0,37,93,0,0,40,0,1,1,0,6,2,1,3,3,0,0,224,8,10,10,5,0,1,1,3,4,8,4,,,2,Rat|Rat,floor1_town;companion_join:Rat;companion_join:Rat
275,12619,2,Normal,28,2,2,2,0,93,111,0,0,40,0,1,1,0,3,3,2,0,0,0,0,224,10,7,7,3.5,0,1,1,3,4,8,4,,,1,Rat|Rat|Rat,companion_join:Rat
275,12619,3,Normal,13,1,1,0,0,111,0,0,0,0,0,1,1,2,0,0,0,0,0,0,0,201,111,7,0,0,1,0,0,3,4,4,4,RH=Crude Sword|LH=Crude Sword|BD=Crude Armour|A1=Crude Bracelet|A2=Crude Bracelet,,0,Rat|Rat|Rat,party wiped
276,12620,1,Normal,27,4,4,4,0,37,65,0,0,80,0,1,1,2,12,10,0,3,3,0,0,448,24,23,23,5.75,0,1,1,5,4,16,4,,,1,Rat,floor1_town;companion_join:Rat
276,12620,2,Normal,25,3,3,3,0,65,76,0,3,60,0,1,2,2,3,3,0,0,0,1,0,336,26,12,12,4,0,1,1,5,4,12,4,,Swords_T1_03=1,1,Rat|Rat,companion_join:Rat; +1 levelup
276,12620,3,Normal,9,1,1,0,0,76,0,3,3,0,0,2,2,1,0,0,0,0,0,1,0,149,75,3,0,0,1,0,0,5,4,4,4,RH=Crude Sword|LH=Crude Sword|BD=Crude Armour|A1=Crude Bracelet|A2=Crude Bracelet,Swords_T1_03=1,0,Rat|Rat,party wiped
277,12621,1,Normal,25,3,3,3,0,37,37,0,0,60,0,1,1,0,9,8,1,3,3,0,0,336,0,19,19,6.333,0,1,1,4,4,12,4,,,0,-,floor1_town
277,12621,2,Normal,25,3,3,3,0,37,54,0,1,60,0,1,2,0,3,3,2,0,0,0,0,336,55,16,16,5.333,0,1,1,4,4,12,4,,,2,Rat|Rat,companion_join:Rat;companion_join:Rat; +1 levelup
277,12621,3,Normal,10,2,2,1,0,54,0,1,1,48,0,2,2,3,0,0,0,0,0,1,0,263,113,10,8,8,1,0,0,4,4,8,4,RH=Crude Sword|LH=Crude Sword|BD=Crude Armour|A1=Crude Bracelet|A2=Crude Bracelet,Swords_T1_03=1,1,Rat|Rat|Goblin,companion_join:Goblin; party wiped
278,12622,1,Normal,39,5,5,5,0,37,45,0,2,100,0,1,2,1,15,9,1,3,3,0,0,560,24,33,33,6.6,0,1,1,6,4,20,4,,,0,-,floor1_town; +1 levelup
278,12622,2,Normal,32,2,2,2,0,45,45,2,2,40,0,2,2,0,6,0,1,0,3,1,0,224,26,8,8,4,0,1,1,7,4,8,4,,Swords_T1_03=1,0,-,
278,12622,3,Normal,19,2,2,0,1,45,0,2,2,0,0,2,2,3,3,6,0,0,0,2,0,240,78,8,0,0,1,0,0,8,4,8,4,RH=Crude Sword|LH=Crude Sword|BD=Crude Armour|A1=Crude Bracelet|A2=Crude Bracelet,Swords_T1_03=2,0,-,party wiped; flee×1
279,12623,1,Normal,37,5,5,5,0,37,130,0,3,100,0,1,2,0,15,4,0,3,3,0,0,560,24,26,26,5.2,0,1,1,6,4,20,4,,,3,Rat|Rat|Rat,floor1_town;companion_join:Rat;companion_join:Rat;companion_join:Rat; +1 levelup
279,12623,2,Normal,29,2,2,2,0,130,130,3,3,40,0,2,2,0,3,0,2,0,3,1,0,224,-1,7,7,3.5,0,1,1,6,4,8,4,,Swords_T1_03=1,0,Rat|Rat|Rat,companion_join_skip:party_full
279,12623,3,Normal,24,2,2,1,0,130,0,3,3,48,0,2,2,3,0,3,0,0,0,2,0,402,128,9,5,5,1,0,0,6,4,8,4,RH=Crude Sword|LH=Crude Sword|BD=Crude Armour|A1=Crude Bracelet|A2=Crude Bracelet,Swords_T1_03=2,0,Rat|Rat|Rat,party wiped
280,12624,1,Normal,35,2,2,2,0,37,65,0,0,40,0,1,1,0,6,3,2,3,3,0,0,224,0,11,11,5.5,0,1,1,3,4,8,4,,,1,Rat,floor1_town;companion_join:Rat
280,12624,2,Normal,36,5,5,5,0,65,112,0,1,100,0,1,2,4,3,3,0,0,0,2,0,560,30,19,19,3.8,0,1,1,3,4,20,4,,Swords_T1_03=2,2,Rat|Rat|Rat,companion_join:Rat;companion_join:Rat;companion_join_skip:party_full;companion_join_skip:party_full; +1 levelup
280,12624,3,Normal,1,1,1,0,0,112,0,1,1,0,0,2,2,0,0,0,0,0,0,1,0,225,111,7,0,0,1,0,0,3,4,4,4,RH=Crude Sword|LH=Crude Sword|BD=Crude Armour|A1=Crude Bracelet|A2=Crude Bracelet,Swords_T1_03=1,0,Rat|Rat|Rat,party wiped
281,12625,1,Normal,33,2,2,2,0,37,65,0,0,40,0,1,1,0,6,3,0,3,3,0,0,224,8,12,12,6,0,1,1,3,4,8,4,,,1,Rat,floor1_town;companion_join:Rat
281,12625,2,Normal,35,3,3,3,0,65,86,0,2,60,0,1,2,2,3,3,0,0,0,0,0,336,52,14,14,4.667,0,1,1,3,4,12,4,,,1,Rat|Rat,companion_join:Rat; +1 levelup
281,12625,3,Normal,2,1,1,0,0,86,0,2,2,0,0,2,2,1,0,0,0,0,0,0,0,89,86,2,0,0,1,0,0,3,4,4,4,RH=Crude Sword|LH=Crude Sword|BD=Crude Armour|A1=Crude Bracelet|A2=Crude Bracelet,,0,Rat|Rat,party wiped
282,12626,1,Normal,31,3,3,3,0,37,93,0,0,60,0,1,1,1,8,3,0,3,3,0,0,336,8,14,14,4.667,0,1,1,4,4,12,4,,,2,Rat|Rat,floor1_town;companion_join:Rat;companion_join:Rat
282,12626,2,Normal,29,4,4,4,0,93,73,0,2,80,0,1,2,1,3,3,1,0,0,2,0,448,70,16,16,4,0,1,1,4,4,16,4,,Swords_T1_03=2,1,Rat|Rat|Rat,companion_join:Rat;companion_join_skip:party_full;companion_join_skip:party_full; +1 levelup
282,12626,3,Normal,2,1,1,0,0,73,0,2,2,0,0,2,2,1,0,0,0,0,0,1,0,238,72,8,0,0,1,0,0,4,4,4,4,RH=Crude Sword|LH=Crude Sword|BD=Crude Armour|A1=Crude Bracelet|A2=Crude Bracelet,Swords_T1_03=1,0,Rat|Rat|Rat,party wiped
283,12627,1,Normal,29,2,2,2,0,37,65,0,0,40,0,1,1,0,6,2,0,3,3,0,0,224,8,10,10,5,0,1,1,3,4,8,4,,,1,Rat,floor1_town;companion_join:Rat
283,12627,2,Normal,24,4,4,3,0,65,0,0,0,60,0,1,2,1,3,3,0,0,0,0,0,349,121,21,18,6,1,0,0,3,4,16,4,RH=Crude Sword|LH=Crude Sword|BD=Crude Armour|A1=Crude Bracelet|A2=Crude Bracelet,,2,Rat|Rat|Rat,companion_join:Rat;companion_join:Rat; party wiped; +1 levelup
284,12628,1,Normal,27,3,3,3,0,37,93,0,0,60,0,1,1,1,9,7,0,3,3,0,0,336,32,15,15,5,0,1,1,4,4,12,4,,,2,Rat|Rat,floor1_town;companion_join:Rat;companion_join:Rat
284,12628,2,Normal,40,5,5,5,0,93,14,0,1,100,0,1,2,2,3,3,0,0,0,3,0,560,120,19,19,3.8,0,1,1,4,4,20,4,,Swords_T1_03=3,1,Rat|Rat|Rat,companion_join:Rat; +1 levelup
284,12628,3,Normal,12,1,1,0,0,14,0,1,0,0,0,2,2,1,3,3,0,0,0,0,0,60,61,5,0,0,1,0,0,5,4,4,4,RH=Crude Sword|LH=Crude Sword|BD=Crude Armour|A1=Crude Bracelet|A2=Crude Bracelet,,0,Rat|Rat|Rat,party wiped
285,12629,1,Normal,13,3,3,2,0,37,0,0,0,40,0,1,1,0,9,5,0,0,0,0,0,333,53,19,11,5.5,1,0,0,3,4,12,4,RH=Crude Sword|LH=Crude Sword|BD=Crude Armour|A1=Crude Bracelet|A2=Crude Bracelet,,0,-,floor1_town; party wiped
286,12630,1,Normal,39,3,3,3,0,37,37,0,0,60,0,1,1,0,8,6,1,3,3,0,0,336,16,18,18,6,0,1,1,4,4,12,4,,,0,-,floor1_town
286,12630,2,Normal,34,5,5,4,1,37,39,0,2,80,0,1,2,1,9,8,0,0,0,1,0,532,137,27,23,5.75,0,1,1,6,4,20,4,,Swords_T1_03=1,2,Rat|Rat,companion_join:Rat;companion_join:Rat; +1 levelup; flee×1
286,12630,3,Normal,15,2,2,1,0,39,0,2,2,48,0,2,2,0,3,3,0,0,0,1,0,313,101,7,5,5,1,0,0,7,4,8,4,RH=Crude Sword|LH=Crude Sword|BD=Crude Armour|A1=Crude Bracelet|A2=Crude Bracelet,Swords_T1_03=1,0,Rat|Rat,party wiped
287,12631,1,Normal,37,5,5,5,0,37,130,0,2,100,0,1,2,1,14,5,1,3,3,0,0,560,37,22,22,4.4,0,1,1,6,4,20,4,,,3,Rat|Rat|Rat,floor1_town;companion_join:Rat;companion_join:Rat;companion_join:Rat; +1 levelup
287,12631,2,Normal,26,4,4,4,0,130,24,2,2,80,0,2,2,1,3,3,0,0,0,1,0,448,105,21,21,5.25,0,1,1,6,4,16,4,,Swords_T1_03=1,0,Rat|Rat|Rat,companion_join_skip:party_full
287,12631,3,Normal,3,1,1,0,0,24,0,2,2,0,0,2,2,1,0,0,1,0,0,0,0,17,46,1,0,0,1,0,0,6,4,4,4,RH=Crude Sword|LH=Crude Sword|BD=Crude Armour|A1=Crude Bracelet|A2=Crude Bracelet,,0,Rat|Rat|Rat,party wiped
288,12632,1,Normal,35,3,3,3,0,37,65,0,0,60,0,1,1,1,8,3,0,3,3,0,0,336,3,16,16,5.333,0,1,1,4,4,12,4,,,1,Rat,floor1_town;companion_join:Rat
288,12632,2,Normal,31,2,2,2,0,65,78,0,3,40,0,1,2,2,3,3,0,0,0,0,0,224,31,9,9,4.5,0,1,1,4,4,8,4,,,1,Rat|Rat,companion_join:Rat; +1 levelup
288,12632,3,Normal,4,1,1,0,0,78,0,3,3,0,0,2,2,2,0,0,0,0,0,0,0,169,101,5,0,0,1,0,0,4,4,4,4,RH=Crude Sword|LH=Crude Sword|BD=Crude Armour|A1=Crude Bracelet|A2=Crude Bracelet,,0,Rat|Rat,party wiped
289,12633,1,Normal,33,3,3,3,0,37,37,0,0,60,0,1,1,1,9,7,1,3,3,0,0,336,8,22,22,7.333,0,1,1,4,4,12,4,,,0,-,floor1_town
289,12633,2,Normal,30,4,4,2,1,37,0,0,1,40,0,1,2,1,6,6,0,0,0,0,0,279,91,16,14,7,1,0,0,5,4,16,4,RH=Crude Sword|LH=Crude Sword|BD=Crude Armour|A1=Crude Bracelet|A2=Crude Bracelet,,0,-,party wiped; +1 levelup; flee×1
290,12634,1,Normal,31,4,4,4,0,37,121,0,0,80,0,1,1,0,9,3,0,3,3,0,0,448,16,17,17,4.25,0,1,1,5,4,16,4,,,3,Rat|Rat|Rat,floor1_town;companion_join:Rat;companion_join:Rat;companion_join:Rat
290,12634,2,Normal,35,4,4,4,0,121,97,0,2,80,0,1,2,1,3,3,0,0,0,3,0,448,52,13,13,3.25,0,1,1,5,4,16,4,,Swords_T1_03=3,0,Rat|Rat|Rat,companion_join_skip:party_full;companion_join_skip:party_full; +1 levelup
290,12634,3,Normal,26,1,1,0,0,97,0,2,2,0,0,2,2,0,0,0,0,0,0,0,0,108,97,3,0,0,1,0,0,5,4,4,4,RH=Crude Sword|LH=Crude Sword|BD=Crude Armour|A1=Crude Bracelet|A2=Crude Bracelet,,0,Rat|Rat|Rat,party wiped
291,12635,1,Normal,29,1,1,1,0,37,37,0,0,20,0,1,1,0,3,2,2,3,3,0,0,112,8,6,6,6,0,1,1,2,4,4,4,,,0,-,floor1_town
291,12635,2,Normal,25,2,2,2,0,37,37,0,0,40,0,1,1,0,6,3,3,0,2,0,0,224,8,11,11,5.5,0,1,1,3,4,8,4,,,0,-,
291,12635,3,Normal,9,2,2,1,0,37,0,0,1,48,0,1,2,5,3,3,0,0,0,0,0,296,69,11,10,10,1,0,0,9,4,8,4,RH=Crude Sword|LH=Crude Sword|BD=Crude Armour|A1=Crude Bracelet|A2=Crude Bracelet,,0,-,party wiped; +1 levelup
292,12636,1,Normal,27,3,3,3,0,37,65,0,0,60,0,1,1,0,9,7,0,3,3,0,0,336,16,19,19,6.333,0,1,1,4,4,12,4,,,1,Rat,floor1_town;companion_join:Rat
292,12636,2,Normal,2,1,1,0,0,65,0,0,0,0,0,1,1,0,3,3,0,0,0,0,0,91,68,5,0,0,1,0,0,4,4,4,4,RH=Crude Sword|LH=Crude Sword|BD=Crude Armour|A1=Crude Bracelet|A2=Crude Bracelet,,0,Rat,party wiped
293,12637,1,Normal,25,2,2,2,0,37,37,0,0,40,0,1,1,0,6,3,1,3,3,0,0,224,0,11,11,5.5,0,1,1,3,4,8,4,,,0,-,floor1_town
293,12637,2,Normal,39,5,5,4,1,37,72,0,2,80,0,1,2,3,9,6,0,0,3,1,0,532,38,26,22,5.5,0,1,1,5,4,20,4,,Swords_T1_03=1,1,Rat,companion_join:Rat; +1 levelup; flee×1
293,12637,3,Normal,3,1,1,0,0,72,0,2,2,0,0,2,2,0,0,3,0,0,0,1,0,198,72,4,0,0,1,0,0,5,4,4,4,RH=Crude Sword|LH=Crude Sword|BD=Crude Armour|A1=Crude Bracelet|A2=Crude Bracelet,Swords_T1_03=1,0,Rat,party wiped
294,12638,1,Normal,39,3,3,3,0,37,37,0,0,60,0,1,1,0,9,5,0,3,3,0,0,336,8,15,15,5,0,1,1,4,4,12,4,,,0,-,floor1_town
294,12638,2,Normal,26,4,4,3,0,37,0,0,1,60,0,1,2,1,3,3,0,0,0,0,0,402,109,19,16,5.333,1,0,0,4,4,16,4,RH=Crude Sword|LH=Crude Sword|BD=Crude Armour|A1=Crude Bracelet|A2=Crude Bracelet,,2,Rat|Rat,companion_join:Rat;companion_join:Rat; party wiped; +1 levelup
295,12639,1,Normal,37,5,5,5,0,37,46,0,1,100,0,1,2,0,15,6,1,3,3,0,0,560,32,32,32,6.4,0,1,1,6,4,20,4,,,0,-,floor1_town; +1 levelup
295,12639,2,Normal,34,4,4,4,0,46,74,1,1,80,0,2,2,2,6,4,0,0,2,4,0,448,20,24,24,6,0,1,1,7,4,16,4,,Swords_T1_03=4,1,Rat,companion_join:Rat
295,12639,3,Normal,7,1,1,0,0,74,0,1,1,0,0,2,2,0,0,2,0,0,0,1,0,138,75,3,0,0,1,0,0,7,4,4,4,RH=Crude Sword|LH=Crude Sword|BD=Crude Armour|A1=Crude Bracelet|A2=Crude Bracelet,Swords_T1_03=1,0,Rat,party wiped
296,12640,1,Normal,35,2,2,2,0,37,65,0,0,40,0,1,1,2,6,1,0,3,3,0,0,224,16,10,10,5,0,1,1,3,4,8,4,,,1,Rat,floor1_town;companion_join:Rat
296,12640,2,Normal,29,2,2,2,0,65,53,0,0,40,0,1,1,1,3,3,0,0,0,0,0,224,40,9,9,4.5,0,1,1,3,4,8,4,,,1,Rat|Rat,companion_join:Rat
296,12640,3,Normal,1,1,1,0,0,53,0,0,0,0,0,1,1,0,0,0,0,0,0,0,0,49,53,2,0,0,1,0,0,3,4,4,4,RH=Crude Sword|LH=Crude Sword|BD=Crude Armour|A1=Crude Bracelet|A2=Crude Bracelet,,0,Rat|Rat,party wiped
297,12641,1,Normal,33,3,3,3,0,37,65,0,0,60,0,1,1,1,8,3,0,3,3,0,0,336,21,16,16,5.333,0,1,1,4,4,12,4,,,1,Rat,floor1_town;companion_join:Rat
297,12641,2,Normal,37,3,3,3,0,65,19,0,3,60,0,1,2,0,3,3,0,0,0,1,0,336,53,12,12,4,0,1,1,4,4,12,4,,Swords_T1_03=1,0,Rat,+1 levelup
297,12641,3,Normal,1,1,1,0,0,19,0,3,3,0,0,2,2,1,0,0,0,0,0,0,0,60,52,2,0,0,1,0,0,4,4,4,4,RH=Crude Sword|LH=Crude Sword|BD=Crude Armour|A1=Crude Bracelet|A2=Crude Bracelet,,0,Rat,party wiped
298,12642,1,Normal,30,3,3,3,0,37,65,0,0,60,0,1,1,1,8,1,1,3,3,0,0,336,16,15,15,5,0,1,1,4,4,12,4,,,1,Rat,floor1_town;companion_join:Rat
298,12642,2,Normal,27,4,4,3,0,65,0,0,0,60,0,1,2,3,6,6,0,0,0,0,0,387,134,19,15,5,1,0,0,10,4,16,4,RH=Crude Sword|LH=Crude Sword|BD=Crude Armour|A1=Crude Bracelet|A2=Crude Bracelet,,1,Rat|Rat,companion_join:Rat; party wiped; +1 levelup
299,12643,1,Normal,28,5,5,5,0,37,72,0,2,100,0,1,2,0,15,5,1,3,3,0,0,560,41,30,30,6,0,1,1,6,4,20,4,,,1,Rat,floor1_town;companion_join:Rat; +1 levelup
299,12643,2,Normal,31,4,4,4,0,72,100,2,2,80,0,2,2,1,6,4,0,0,2,2,0,448,57,18,18,4.5,0,1,1,7,4,16,4,,Swords_T1_03=2,1,Rat|Rat,companion_join:Rat
299,12643,3,Normal,2,1,1,0,0,100,0,2,2,0,0,2,2,1,0,2,0,0,0,1,0,177,99,5,0,0,1,0,0,7,4,4,4,RH=Crude Sword|LH=Crude Sword|BD=Crude Armour|A1=Crude Bracelet|A2=Crude Bracelet,Swords_T1_03=1,0,Rat|Rat,party wiped
300,12644,1,Normal,26,3,3,3,0,37,65,0,0,60,0,1,1,2,9,8,0,3,3,0,0,336,0,23,23,7.667,0,1,1,4,4,12,4,,,1,Rat,floor1_town;companion_join:Rat
300,12644,2,Normal,17,3,3,2,0,65,0,0,3,40,0,1,2,1,3,3,0,0,0,1,0,307,80,14,9,4.5,1,0,0,4,4,12,4,RH=Crude Sword|LH=Crude Sword|BD=Crude Armour|A1=Crude Bracelet|A2=Crude Bracelet,Swords_T1_03=1,0,Rat,party wiped; +1 levelup
301,12645,1,Normal,40,6,6,5,1,37,101,0,2,100,0,1,2,0,17,6,0,3,3,0,0,644,40,29,23,4.6,0,1,1,7,4,24,4,,,2,Rat|Rat,floor1_town;companion_join:Rat;companion_join:Rat; +1 levelup; flee×1
301,12645,2,Normal,29,2,2,2,0,101,115,2,2,40,0,2,2,1,3,2,0,0,1,1,0,224,13,6,6,3,0,1,1,7,4,8,4,,Swords_T1_03=1,1,Rat|Rat|Rat,companion_join:Rat;companion_join_skip:party_full
301,12645,3,Normal,7,1,1,0,0,115,0,2,2,0,0,2,2,0,0,1,0,0,0,0,0,234,121,10,0,0,1,0,0,7,4,4,4,RH=Crude Sword|LH=Crude Sword|BD=Crude Armour|A1=Crude Bracelet|A2=Crude Bracelet,,0,Rat|Rat|Rat,party wiped
302,12646,1,Normal,38,4,4,4,0,37,65,0,0,80,0,1,1,1,12,8,1,3,3,0,0,448,13,25,25,6.25,0,1,1,5,4,16,4,,,1,Rat,floor1_town;companion_join:Rat
302,12646,2,Normal,31,2,2,2,0,65,51,0,2,40,0,1,2,0,3,3,1,0,0,1,0,224,29,8,8,4,0,1,1,5,4,8,4,,Swords_T1_03=1,0,Rat,+1 levelup
302,12646,3,Normal,1,1,1,0,0,51,0,2,2,0,0,2,2,2,0,0,0,0,0,1,0,121,50,3,0,0,1,0,0,5,4,4,4,RH=Crude Sword|LH=Crude Sword|BD=Crude Armour|A1=Crude Bracelet|A2=Crude Bracelet,Swords_T1_03=1,0,Rat,party wiped
303,12647,1,Normal,36,4,4,4,0,37,65,0,0,80,0,1,1,0,11,4,0,3,3,0,0,448,32,22,22,5.5,0,1,1,5,4,16,4,,,1,Rat,floor1_town;companion_join:Rat
303,12647,2,Normal,32,5,5,3,1,65,0,0,0,60,0,1,2,2,6,6,0,0,0,2,0,398,140,21,14,4.667,1,0,0,11,4,20,4,RH=Crude Sword|LH=Crude Sword|BD=Crude Armour|A1=Crude Bracelet|A2=Crude Bracelet,Swords_T1_03=2,1,Rat|Rat,companion_join:Rat; party wiped; +1 levelup; flee×1
304,12648,1,Normal,34,2,2,2,0,37,65,0,0,40,0,1,1,0,6,2,1,3,3,0,0,224,0,12,12,6,0,1,1,3,4,8,4,,,1,Rat,floor1_town;companion_join:Rat
304,12648,2,Normal,27,4,4,3,0,65,0,0,2,60,0,1,2,2,3,3,0,0,0,1,0,445,88,17,13,4.333,1,0,0,3,4,16,4,RH=Crude Sword|LH=Crude Sword|BD=Crude Armour|A1=Crude Bracelet|A2=Crude Bracelet,Swords_T1_03=1,0,Rat,party wiped; +1 levelup
305,12649,1,Normal,32,1,1,1,0,37,65,0,0,20,0,1,1,0,3,2,0,3,3,0,0,112,8,9,9,9,0,1,1,2,4,4,4,,,1,Rat,floor1_town;companion_join:Rat
305,12649,2,Normal,12,2,2,1,0,65,0,0,0,20,0,1,1,1,3,3,0,0,0,0,0,193,73,8,5,5,1,0,0,2,4,8,4,RH=Crude Sword|LH=Crude Sword|BD=Crude Armour|A1=Crude Bracelet|A2=Crude Bracelet,,0,Rat,party wiped
306,12650,1,Normal,30,3,3,3,0,37,93,0,0,60,0,1,1,1,9,7,0,3,3,0,0,336,19,19,19,6.333,0,1,1,4,4,12,4,,,2,Rat|Rat,floor1_town;companion_join:Rat;companion_join:Rat
306,12650,2,Normal,37,4,4,4,0,93,91,0,2,80,0,1,2,0,3,3,1,0,0,1,0,448,37,13,13,3.25,0,1,1,4,4,16,4,,Swords_T1_03=1,1,Rat|Rat|Rat,companion_join:Rat; +1 levelup
306,12650,3,Normal,11,1,1,0,0,91,0,2,2,0,0,2,2,1,0,0,0,0,0,0,0,218,91,8,0,0,1,0,0,4,4,4,4,RH=Crude Sword|LH=Crude Sword|BD=Crude Armour|A1=Crude Bracelet|A2=Crude Bracelet,,0,Rat|Rat|Rat,party wiped
307,12651,1,Normal,28,3,3,3,0,37,37,0,0,60,0,1,1,0,9,5,2,3,3,0,0,336,16,16,16,5.333,0,1,1,4,4,12,4,,,0,-,floor1_town
307,12651,2,Normal,12,3,3,2,0,37,0,0,2,40,0,1,2,2,3,3,0,0,0,0,0,305,75,15,12,6,1,0,0,4,4,12,4,RH=Crude Sword|LH=Crude Sword|BD=Crude Armour|A1=Crude Bracelet|A2=Crude Bracelet,,0,-,party wiped; +1 levelup
308,12652,1,Normal,26,2,2,2,0,37,37,0,0,40,0,1,1,0,6,1,1,3,3,0,0,224,8,9,9,4.5,0,1,1,3,4,8,4,,,0,-,floor1_town
308,12652,2,Normal,9,2,2,1,0,37,0,0,0,20,0,1,1,1,3,3,0,0,0,0,0,193,37,10,6,6,1,0,0,3,4,8,4,RH=Crude Sword|LH=Crude Sword|BD=Crude Armour|A1=Crude Bracelet|A2=Crude Bracelet,,0,-,party wiped
309,12653,1,Normal,40,5,5,5,0,37,74,0,1,100,0,1,2,1,15,8,1,3,3,0,0,560,22,26,26,5.2,0,1,1,6,4,20,4,,,1,Rat,floor1_town;companion_join:Rat; +1 levelup
309,12653,2,Normal,36,4,4,3,0,74,0,1,0,60,0,2,2,2,6,6,0,0,0,1,0,365,112,19,16,5.333,1,0,0,12,4,16,4,RH=Crude Sword|LH=Crude Sword|BD=Crude Armour|A1=Crude Bracelet|A2=Crude Bracelet,Swords_T1_03=1,1,Rat|Rat,companion_join:Rat; party wiped
310,12654,1,Normal,38,4,4,4,0,37,65,0,0,80,0,1,1,0,12,3,0,3,3,0,0,448,32,21,21,5.25,0,1,1,5,4,16,4,,,1,Rat,floor1_town;companion_join:Rat
310,12654,2,Normal,26,2,2,2,0,65,88,0,3,40,0,1,2,1,3,3,0,0,0,1,0,224,13,9,9,4.5,0,1,1,5,4,8,4,,Swords_T1_03=1,1,Rat|Rat,companion_join:Rat; +1 levelup
310,12654,3,Normal,9,1,1,0,0,88,0,3,3,0,0,2,2,0,0,0,0,0,0,0,0,80,88,3,0,0,1,0,0,5,4,4,4,RH=Crude Sword|LH=Crude Sword|BD=Crude Armour|A1=Crude Bracelet|A2=Crude Bracelet,,0,Rat|Rat,party wiped
311,12655,1,Normal,36,5,5,5,0,37,73,0,2,100,0,1,2,2,14,9,0,3,3,0,0,560,40,27,27,5.4,0,1,1,6,4,20,4,,,1,Rat,floor1_town;companion_join:Rat; +1 levelup
311,12655,2,Normal,38,3,3,3,0,73,99,2,2,60,0,2,2,1,3,3,1,0,0,3,0,336,34,13,13,4.333,0,1,1,6,4,12,4,,Swords_T1_03=3,2,Rat|Rat|Rat,companion_join:Rat;companion_join:Rat;companion_join_skip:party_full
311,12655,3,Normal,7,2,2,1,0,99,0,2,2,48,0,2,2,2,0,0,0,0,0,2,0,416,97,11,5,5,1,0,0,6,4,8,4,RH=Crude Sword|LH=Crude Sword|BD=Crude Armour|A1=Crude Bracelet|A2=Crude Bracelet,Swords_T1_03=2,0,Rat|Rat|Rat,companion_join_skip:party_full; party wiped
312,12656,1,Normal,34,2,2,2,0,37,65,0,0,40,0,1,1,0,6,4,0,3,3,0,0,224,0,12,12,6,0,1,1,3,4,8,4,,,1,Rat,floor1_town;companion_join:Rat
312,12656,2,Normal,25,3,3,2,0,65,0,0,0,40,0,1,1,0,3,3,0,0,0,0,0,315,101,12,8,4,1,0,0,3,4,12,4,RH=Crude Sword|LH=Crude Sword|BD=Crude Armour|A1=Crude Bracelet|A2=Crude Bracelet,,1,Rat|Rat,companion_join:Rat; party wiped
313,12657,1,Normal,32,3,3,3,0,37,93,0,0,60,0,1,1,1,9,2,0,3,3,0,0,336,11,16,16,5.333,0,1,1,4,4,12,4,,,2,Rat|Rat,floor1_town;companion_join:Rat;companion_join:Rat
313,12657,2,Normal,24,4,4,3,0,93,0,0,1,60,0,1,2,0,3,3,0,0,0,2,0,413,154,21,14,4.667,1,0,0,4,4,16,4,RH=Crude Sword|LH=Crude Sword|BD=Crude Armour|A1=Crude Bracelet|A2=Crude Bracelet,Swords_T1_03=2,1,Rat|Rat|Rat,companion_join:Rat; party wiped; +1 levelup
314,12658,1,Normal,30,3,3,3,0,37,93,0,0,60,0,1,1,0,9,5,0,3,3,0,0,336,0,14,14,4.667,0,1,1,4,4,12,4,,,2,Rat|Rat,floor1_town;companion_join:Rat;companion_join:Rat
314,12658,2,Normal,28,2,2,2,0,93,101,0,2,40,0,1,2,0,3,3,2,0,0,0,0,224,0,7,7,3.5,0,1,1,4,4,8,4,,,0,Rat|Rat,+1 levelup
314,12658,3,Normal,18,2,2,1,0,101,0,2,2,48,0,2,2,2,3,3,0,0,0,1,0,388,139,10,6,6,1,0,0,5,4,8,4,RH=Crude Sword|LH=Crude Sword|BD=Crude Armour|A1=Crude Bracelet|A2=Crude Bracelet,Swords_T1_03=1,0,Rat|Rat,party wiped
315,12659,1,Normal,28,4,4,4,0,37,65,0,0,80,0,1,1,0,12,4,1,3,3,0,0,448,24,23,23,5.75,0,1,1,5,4,16,4,,,1,Rat,floor1_town;companion_join:Rat
315,12659,2,Normal,33,4,4,4,0,65,8,0,2,80,0,1,2,1,3,3,0,0,0,2,0,448,119,25,25,6.25,0,1,1,5,4,16,4,,Swords_T1_03=2,2,Rat|Rat|Rat,companion_join:Rat;companion_join:Rat; +1 levelup
315,12659,3,Normal,2,1,1,0,0,8,0,2,0,0,0,2,2,2,3,3,0,0,0,0,0,54,28,6,0,0,1,0,0,11,4,4,4,RH=Crude Sword|LH=Crude Sword|BD=Crude Armour|A1=Crude Bracelet|A2=Crude Bracelet,,0,Rat|Rat|Rat,party wiped
316,12660,1,Normal,26,0,0,0,0,37,37,0,0,0,0,1,1,0,0,0,0,3,3,0,0,0,0,0,0,0,0,1,1,1,0,0,0,,,0,-,floor1_town
316,12660,2,Normal,37,4,4,3,1,37,13,0,0,60,0,1,1,0,6,6,0,0,0,0,0,420,54,21,16,5.333,0,1,1,2,4,16,4,,,0,-,flee×1
316,12660,3,Normal,5,1,1,0,0,13,0,0,0,0,0,1,1,1,3,3,0,0,0,0,0,88,37,3,0,0,1,0,0,8,4,4,4,RH=Crude Sword|LH=Crude Sword|BD=Crude Armour|A1=Crude Bracelet|A2=Crude Bracelet,,0,-,party wiped
317,12661,1,Normal,40,5,5,5,0,37,102,0,3,100,0,1,2,1,15,5,0,3,3,0,0,560,18,25,25,5,0,1,1,6,4,20,4,,,2,Rat|Rat,floor1_town;companion_join:Rat;companion_join:Rat; +1 levelup
317,12661,2,Normal,39,2,2,2,0,102,30,3,3,40,0,2,2,0,3,3,0,0,0,1,0,224,79,9,9,4.5,0,1,1,6,4,8,4,,Swords_T1_03=1,0,Rat|Rat,
317,12661,3,Normal,1,1,1,0,0,30,0,3,3,0,0,2,2,2,0,0,0,0,0,1,0,97,57,4,0,0,1,0,0,6,4,4,4,RH=Crude Sword|LH=Crude Sword|BD=Crude Armour|A1=Crude Bracelet|A2=Crude Bracelet,Swords_T1_03=1,0,Rat|Rat,party wiped
318,12662,1,Normal,38,5,5,5,0,37,72,0,1,100,0,1,2,1,14,4,1,3,3,0,0,560,24,22,22,4.4,0,1,1,6,4,20,4,,,1,Rat,floor1_town;companion_join:Rat; +1 levelup
318,12662,2,Normal,30,5,5,3,1,72,0,1,0,60,0,2,2,1,6,6,0,0,0,4,0,418,94,18,12,4,1,0,0,12,4,20,4,RH=Crude Sword|LH=Crude Sword|BD=Crude Armour|A1=Crude Bracelet|A2=Crude Bracelet,Swords_T1_03=4,0,Rat,party wiped; flee×1
319,12663,1,Normal,36,5,5,5,0,37,101,0,1,100,0,1,2,1,14,3,0,3,3,0,0,560,24,25,25,5,0,1,1,6,4,20,4,,,2,Rat|Rat,floor1_town;companion_join:Rat;companion_join:Rat; +1 levelup
319,12663,2,Normal,35,6,6,6,0,101,39,1,1,120,0,2,2,2,3,3,0,0,0,2,0,672,101,22,22,3.667,0,1,1,6,4,24,4,,Swords_T1_03=2,1,Rat|Rat|Rat,companion_join:Rat;companion_join_skip:party_full
319,12663,3,Normal,8,2,2,1,0,39,0,1,1,48,0,2,2,0,6,6,0,0,0,1,0,441,150,12,6,6,1,0,0,8,4,8,4,RH=Crude Sword|LH=Crude Sword|BD=Crude Armour|A1=Crude Bracelet|A2=Crude Bracelet,Swords_T1_03=1,0,Rat|Rat|Rat,companion_join_skip:party_full; party wiped
320,12664,1,Normal,34,5,5,5,0,37,101,0,1,100,0,1,2,1,15,9,1,3,3,0,0,560,24,27,27,5.4,0,1,1,6,4,20,4,,,2,Rat|Rat,floor1_town;companion_join:Rat;companion_join:Rat; +1 levelup
320,12664,2,Normal,29,3,3,3,0,101,67,1,1,60,0,2,2,0,3,3,1,0,0,2,0,336,54,13,13,4.333,0,1,1,6,4,12,4,,Swords_T1_03=2,0,Rat|Rat,
320,12664,3,Normal,3,1,1,0,0,67,0,1,1,0,0,2,2,1,0,0,0,0,0,0,0,54,67,2,0,0,1,0,0,6,4,4,4,RH=Crude Sword|LH=Crude Sword|BD=Crude Armour|A1=Crude Bracelet|A2=Crude Bracelet,,0,Rat|Rat,party wiped
321,12665,1,Normal,32,4,4,4,0,37,37,0,0,80,0,1,1,0,12,9,0,3,3,0,0,448,16,24,24,6,0,1,1,5,4,16,4,,,0,-,floor1_town
321,12665,2,Normal,38,3,3,3,0,37,5,0,2,60,0,1,2,2,3,3,0,0,0,2,0,336,83,15,15,5,0,1,1,5,4,12,4,,Swords_T1_03=2,1,Rat,companion_join:Rat; +1 levelup
321,12665,3,Normal,11,1,1,0,0,5,0,2,2,0,0,2,2,1,3,3,0,0,0,1,0,97,44,3,0,0,1,0,0,6,4,4,4,RH=Crude Sword|LH=Crude Sword|BD=Crude Armour|A1=Crude Bracelet|A2=Crude Bracelet,Swords_T1_03=1,0,Rat,party wiped
322,12666,1,Normal,30,5,5,5,0,37,102,0,2,100,0,1,2,0,13,3,2,3,3,0,0,560,24,24,24,4.8,0,1,1,6,4,20,4,,,2,Rat|Rat,floor1_town;companion_join:Rat;companion_join:Rat; +1 levelup
322,12666,2,Normal,32,3,3,3,0,102,38,2,2,60,0,2,2,4,3,3,0,0,0,1,0,336,91,15,15,5,0,1,1,6,4,12,4,,Swords_T1_03=1,1,Rat|Rat|Rat,companion_join:Rat
322,12666,3,Normal,12,1,1,0,0,38,0,2,2,0,0,2,2,1,0,0,0,0,0,0,0,17,56,1,0,0,1,0,0,6,4,4,4,RH=Crude Sword|LH=Crude Sword|BD=Crude Armour|A1=Crude Bracelet|A2=Crude Bracelet,,0,Rat|Rat|Rat,party wiped
323,12667,1,Normal,28,3,3,3,0,37,65,0,0,60,0,1,1,0,8,4,0,3,3,0,0,336,8,18,18,6,0,1,1,4,4,12,4,,,1,Rat,floor1_town;companion_join:Rat
323,12667,2,Normal,31,4,4,3,0,65,0,0,2,60,0,1,2,0,3,3,0,0,0,1,0,385,130,16,13,4.333,1,0,0,4,4,16,4,RH=Crude Sword|LH=Crude Sword|BD=Crude Armour|A1=Crude Bracelet|A2=Crude Bracelet,Swords_T1_03=1,1,Rat|Rat,companion_join:Rat; party wiped; +1 levelup
324,12668,1,Normal,26,1,1,1,0,37,65,0,0,20,0,1,1,0,3,1,1,3,3,0,0,112,8,6,6,6,0,1,1,2,4,4,4,,,1,Rat,floor1_town;companion_join:Rat
324,12668,2,Normal,29,3,3,2,0,65,0,0,0,40,0,1,1,2,3,3,0,0,0,0,0,328,65,13,9,4.5,1,0,0,2,4,12,4,RH=Crude Sword|LH=Crude Sword|BD=Crude Armour|A1=Crude Bracelet|A2=Crude Bracelet,,0,Rat,party wiped
325,12669,1,Normal,5,1,1,0,0,37,0,0,0,0,0,1,1,0,3,3,0,0,0,0,0,81,37,6,0,0,1,0,0,1,4,4,4,RH=Crude Sword|LH=Crude Sword|BD=Crude Armour|A1=Crude Bracelet|A2=Crude Bracelet,,0,-,floor1_town; party wiped
326,12670,1,Normal,38,5,5,5,0,37,73,0,3,100,0,1,2,1,15,7,0,3,3,0,0,560,16,24,24,4.8,0,1,1,6,4,20,4,,,1,Rat,floor1_town;companion_join:Rat; +1 levelup
326,12670,2,Normal,23,3,3,2,0,73,0,3,3,40,0,2,2,1,3,3,0,0,0,3,0,333,70,13,9,4.5,1,0,0,6,4,12,4,RH=Crude Sword|LH=Crude Sword|BD=Crude Armour|A1=Crude Bracelet|A2=Crude Bracelet,Swords_T1_03=3,0,Rat,party wiped
327,12671,1,Normal,36,5,5,5,0,37,101,0,1,100,0,1,2,2,14,5,0,3,3,0,0,560,9,27,27,5.4,0,1,1,6,4,20,4,,,2,Rat|Rat,floor1_town;companion_join:Rat;companion_join:Rat; +1 levelup
327,12671,2,Normal,31,2,2,2,0,101,88,1,1,40,0,2,2,0,3,2,0,0,1,1,0,224,13,9,9,4.5,0,1,1,6,4,8,4,,Swords_T1_03=1,0,Rat|Rat,
327,12671,3,Normal,13,2,2,1,0,88,0,1,0,48,0,2,2,2,3,2,0,0,2,1,0,240,101,8,6,6,1,0,0,12,4,8,4,RH=Crude Sword|LH=Crude Sword|BD=Crude Armour|A1=Crude Bracelet|A2=Crude Bracelet,Swords_T1_03=1,0,Rat|Rat,party wiped
328,12672,1,Normal,34,3,3,3,0,37,37,0,0,60,0,1,1,0,9,5,1,3,3,0,0,336,8,17,17,5.667,0,1,1,4,4,12,4,,,0,-,floor1_town
328,12672,2,Normal,29,3,3,2,0,37,0,0,2,40,0,1,2,2,3,3,0,0,0,1,0,308,72,15,11,5.5,1,0,0,4,4,12,4,RH=Crude Sword|LH=Crude Sword|BD=Crude Armour|A1=Crude Bracelet|A2=Crude Bracelet,Swords_T1_03=1,1,Rat,companion_join:Rat; party wiped; +1 levelup
329,12673,1,Normal,32,5,5,5,0,37,72,0,2,100,0,1,2,1,14,6,1,3,3,0,0,560,14,23,23,4.6,0,1,1,6,4,20,4,,,1,Rat,floor1_town;companion_join:Rat; +1 levelup
329,12673,2,Normal,40,3,3,3,0,72,50,2,2,60,0,2,2,3,3,3,0,0,0,3,0,336,20,15,15,5,0,1,1,6,4,12,4,,Swords_T1_03=3,0,Rat,
329,12673,3,Normal,12,2,2,0,1,50,0,2,2,0,0,2,2,0,3,3,0,0,0,2,0,193,86,4,0,0,1,0,0,7,4,8,4,RH=Crude Sword|LH=Crude Sword|BD=Crude Armour|A1=Crude Bracelet|A2=Crude Bracelet,Swords_T1_03=2,0,Rat,party wiped; flee×1
330,12674,1,Normal,30,4,4,4,0,37,93,0,0,80,0,1,1,0,12,3,1,3,3,0,0,448,16,22,22,5.5,0,1,1,5,4,16,4,,,2,Rat|Rat,floor1_town;companion_join:Rat;companion_join:Rat
330,12674,2,Normal,27,4,4,4,0,93,128,0,3,80,0,1,2,1,3,3,0,0,0,2,0,448,1,17,17,4.25,0,1,1,5,4,16,4,,Swords_T1_03=2,1,Rat|Rat|Rat,companion_join:Rat;companion_join_skip:party_full; +1 levelup
330,12674,3,Normal,8,2,2,1,0,128,0,3,3,48,0,2,2,1,0,0,0,0,0,1,0,352,127,7,5,5,1,0,0,5,4,8,4,RH=Crude Sword|LH=Crude Sword|BD=Crude Armour|A1=Crude Bracelet|A2=Crude Bracelet,Swords_T1_03=1,0,Rat|Rat|Rat,party wiped
331,12675,1,Normal,28,4,4,4,0,37,65,0,0,80,0,1,1,0,12,7,2,3,3,0,0,448,18,24,24,6,0,1,1,5,4,16,4,,,1,Rat,floor1_town;companion_join:Rat
331,12675,2,Normal,31,2,2,2,0,65,51,0,2,40,0,1,2,1,3,3,1,0,0,1,0,224,21,9,9,4.5,0,1,1,5,4,8,4,,Swords_T1_03=1,0,Rat,+1 levelup
331,12675,3,Normal,5,1,1,0,0,51,0,2,2,0,0,2,2,1,0,0,0,0,0,1,0,105,50,2,0,0,1,0,0,5,4,4,4,RH=Crude Sword|LH=Crude Sword|BD=Crude Armour|A1=Crude Bracelet|A2=Crude Bracelet,Swords_T1_03=1,0,Rat,party wiped
332,12676,1,Normal,26,1,1,1,0,37,37,0,0,20,0,1,1,0,3,3,0,3,3,0,0,112,0,7,7,7,0,1,1,2,4,4,4,,,0,-,floor1_town
332,12676,2,Normal,30,3,3,3,0,37,37,0,0,60,0,1,1,2,6,6,0,0,0,0,0,336,8,21,21,7,0,1,1,3,4,12,4,,,0,-,
332,12676,3,Normal,10,1,1,0,0,37,0,0,0,0,0,1,1,1,3,3,0,0,0,0,0,116,37,4,0,0,1,0,0,9,4,4,4,RH=Crude Sword|LH=Crude Sword|BD=Crude Armour|A1=Crude Bracelet|A2=Crude Bracelet,,0,-,party wiped
333,12677,1,Normal,40,6,6,6,0,37,101,0,3,120,0,1,2,1,17,9,1,3,3,0,0,672,61,30,30,5,0,1,1,7,4,24,4,,,2,Rat|Rat,floor1_town;companion_join:Rat;companion_join:Rat; +1 levelup
333,12677,2,Normal,34,5,5,5,0,101,42,3,3,100,0,2,2,2,3,3,0,0,0,4,0,560,107,21,21,4.2,0,1,1,7,4,20,4,,Swords_T1_03=4,1,Rat|Rat|Rat,companion_join:Rat;companion_join_skip:party_full
333,12677,3,Normal,3,1,1,0,0,42,0,3,3,0,0,2,2,1,0,0,0,0,0,0,0,98,68,3,0,0,1,0,0,7,4,4,4,RH=Crude Sword|LH=Crude Sword|BD=Crude Armour|A1=Crude Bracelet|A2=Crude Bracelet,,0,Rat|Rat|Rat,party wiped
334,12678,1,Normal,34,3,3,2,0,37,0,0,0,40,0,1,1,0,9,6,0,0,0,0,0,333,37,18,11,5.5,1,0,0,3,4,12,4,RH=Crude Sword|LH=Crude Sword|BD=Crude Armour|A1=Crude Bracelet|A2=Crude Bracelet,,0,-,floor1_town; party wiped
335,12679,1,Normal,36,6,6,6,0,37,100,0,3,120,0,1,2,0,13,2,1,3,3,0,0,672,16,25,25,4.167,0,1,1,7,4,24,4,,,2,Rat|Rat,floor1_town;companion_join:Rat;companion_join:Rat; +1 levelup
335,12679,2,Normal,15,4,4,3,0,100,0,3,3,60,0,2,2,3,3,3,0,0,0,3,0,420,112,15,11,3.667,1,0,0,7,4,16,4,RH=Crude Sword|LH=Crude Sword|BD=Crude Armour|A1=Crude Bracelet|A2=Crude Bracelet,Swords_T1_03=3,0,Rat|Rat,party wiped
336,12680,1,Normal,34,3,3,3,0,37,121,0,0,60,0,1,1,0,9,3,0,3,3,0,0,336,35,14,14,4.667,0,1,1,4,4,12,4,,,3,Rat|Rat|Rat,floor1_town;companion_join:Rat;companion_join:Rat;companion_join:Rat
336,12680,2,Normal,29,6,6,6,0,121,71,0,2,120,0,1,2,2,3,3,0,0,0,2,0,672,81,20,20,3.333,0,1,1,4,4,24,4,,Swords_T1_03=2,0,Rat|Rat|Rat,companion_join_skip:party_full; +1 levelup
336,12680,3,Normal,2,1,1,0,0,71,0,2,2,0,0,2,2,0,0,0,0,0,0,1,0,141,70,6,0,0,1,0,0,4,4,4,4,RH=Crude Sword|LH=Crude Sword|BD=Crude Armour|A1=Crude Bracelet|A2=Crude Bracelet,Swords_T1_03=1,0,Rat|Rat|Rat,party wiped
337,12681,1,Normal,32,4,4,4,0,37,65,0,0,80,0,1,1,0,12,5,1,3,3,0,0,448,39,22,22,5.5,0,1,1,5,4,16,4,,,1,Rat,floor1_town;companion_join:Rat
337,12681,2,Normal,33,2,2,2,0,65,73,0,3,40,0,1,2,1,3,3,0,0,0,1,0,224,15,9,9,4.5,0,1,1,5,4,8,4,,Swords_T1_03=1,0,Rat,+1 levelup
337,12681,3,Normal,2,1,1,0,0,73,0,3,3,0,0,2,2,1,0,0,0,0,0,1,0,150,72,4,0,0,1,0,0,5,4,4,4,RH=Crude Sword|LH=Crude Sword|BD=Crude Armour|A1=Crude Bracelet|A2=Crude Bracelet,Swords_T1_03=1,0,Rat,party wiped
338,12682,1,Normal,30,3,3,3,0,37,37,0,0,60,0,1,1,0,9,7,2,3,3,0,0,336,8,18,18,6,0,1,1,4,4,12,4,,,0,-,floor1_town
338,12682,2,Normal,17,3,3,2,0,37,0,0,1,40,0,1,2,2,3,3,0,0,0,0,0,305,53,15,12,6,1,0,0,4,4,12,4,RH=Crude Sword|LH=Crude Sword|BD=Crude Armour|A1=Crude Bracelet|A2=Crude Bracelet,,0,-,party wiped; +1 levelup
339,12683,1,Normal,28,3,3,3,0,37,65,0,0,60,0,1,1,1,9,4,0,3,3,0,0,336,21,16,16,5.333,0,1,1,4,4,12,4,,,1,Rat,floor1_town;companion_join:Rat
339,12683,2,Normal,28,2,2,2,0,65,102,0,1,40,0,1,2,0,3,2,0,0,1,0,0,224,0,7,7,3.5,0,1,1,4,4,8,4,,,1,Rat|Rat,companion_join:Rat; +1 levelup
339,12683,3,Normal,4,1,1,0,0,102,0,1,1,0,0,2,2,1,0,1,0,0,0,1,0,145,101,5,0,0,1,0,0,4,4,4,4,RH=Crude Sword|LH=Crude Sword|BD=Crude Armour|A1=Crude Bracelet|A2=Crude Bracelet,Swords_T1_03=1,0,Rat|Rat,party wiped
340,12684,1,Normal,26,4,4,4,0,37,93,0,0,80,0,1,1,2,12,8,0,3,3,0,0,448,8,21,21,5.25,0,1,1,5,4,16,4,,,2,Rat|Rat,floor1_town;companion_join:Rat;companion_join:Rat
340,12684,2,Normal,34,1,1,1,0,93,98,0,1,20,0,1,2,0,3,1,0,0,2,0,0,112,3,4,4,4,0,1,1,5,4,4,4,,,0,Rat|Rat,+1 levelup
340,12684,3,Normal,29,1,1,1,0,98,101,1,1,48,0,2,2,1,0,2,0,0,0,1,0,240,60,6,6,6,0,1,1,5,4,4,4,,Swords_T1_03=1,1,Rat|Rat|Goblin,companion_join:Goblin
340,12684,4,Normal,24,2,2,1,0,101,0,1,1,20,0,2,2,0,0,0,0,0,0,0,0,196,101,7,3,3,1,0,0,5,4,8,4,RH=Crude Sword|LH=Crude Sword|BD=Crude Armour|A1=Crude Bracelet|A2=Crude Bracelet,,0,Rat|Rat|Goblin,companion_join_skip:party_full; party wiped
341,12685,1,Normal,40,4,4,4,0,37,93,0,0,80,0,1,1,0,10,3,0,3,3,0,0,448,8,19,19,4.75,0,1,1,5,4,16,4,,,2,Rat|Rat,floor1_town;companion_join:Rat;companion_join:Rat
341,12685,2,Normal,31,3,3,3,0,93,52,0,2,60,0,1,2,1,3,3,1,0,0,0,0,336,69,13,13,4.333,0,1,1,5,4,12,4,,,0,Rat|Rat,+1 levelup
341,12685,3,Normal,9,1,1,0,0,52,0,2,2,0,0,2,2,2,0,0,0,0,0,0,0,95,52,3,0,0,1,0,0,5,4,4,4,RH=Crude Sword|LH=Crude Sword|BD=Crude Armour|A1=Crude Bracelet|A2=Crude Bracelet,,0,Rat|Rat,party wiped
342,12686,1,Normal,38,2,2,2,0,37,37,0,0,40,0,1,1,1,6,5,1,3,3,0,0,224,0,13,13,6.5,0,1,1,3,4,8,4,,,0,-,floor1_town
342,12686,2,Normal,33,4,4,4,0,37,52,0,2,80,0,1,2,3,6,6,0,0,0,1,0,448,42,23,23,5.75,0,1,1,4,4,16,4,,Swords_T1_03=1,1,Rat,companion_join:Rat; +1 levelup
342,12686,3,Normal,3,1,1,0,0,52,0,2,2,0,0,2,2,0,0,0,0,0,0,0,0,28,52,1,0,0,1,0,0,4,4,4,4,RH=Crude Sword|LH=Crude Sword|BD=Crude Armour|A1=Crude Bracelet|A2=Crude Bracelet,,0,Rat,party wiped
343,12687,1,Normal,36,2,2,2,0,37,37,0,0,40,0,1,1,0,6,4,0,3,3,0,0,224,0,12,12,6,0,1,1,3,4,8,4,,,0,-,floor1_town
343,12687,2,Normal,32,3,3,3,0,37,74,0,3,60,0,1,2,0,9,5,0,0,0,0,0,336,29,18,18,6,0,1,1,5,4,12,4,,,1,Rat,companion_join:Rat; +1 levelup
343,12687,3,Normal,4,1,1,0,0,74,0,3,3,0,0,2,2,1,0,0,0,0,0,0,0,93,74,2,0,0,1,0,0,5,4,4,4,RH=Crude Sword|LH=Crude Sword|BD=Crude Armour|A1=Crude Bracelet|A2=Crude Bracelet,,0,Rat,party wiped
344,12688,1,Normal,34,3,3,3,0,37,65,0,0,60,0,1,1,0,9,8,1,3,3,0,0,336,32,17,17,5.667,0,1,1,4,4,12,4,,,1,Rat,floor1_town;companion_join:Rat
344,12688,2,Normal,29,0,0,0,0,65,65,0,0,0,0,1,1,0,0,0,1,3,3,0,0,0,0,0,0,0,0,1,1,4,0,0,0,,,0,Rat,
344,12688,3,Normal,5,1,1,0,0,65,0,0,0,0,0,1,1,1,3,3,0,0,0,0,0,168,65,4,0,0,1,0,0,4,4,4,4,RH=Crude Sword|LH=Crude Sword|BD=Crude Armour|A1=Crude Bracelet|A2=Crude Bracelet,,0,Rat,party wiped
345,12689,1,Normal,32,2,2,2,0,37,37,0,0,40,0,1,1,0,6,3,0,3,3,0,0,224,0,12,12,6,0,1,1,3,4,8,4,,,0,-,floor1_town
345,12689,2,Normal,34,4,4,4,0,37,74,0,2,80,0,1,2,0,6,6,2,0,0,0,0,448,30,21,21,5.25,0,1,1,4,4,16,4,,,1,Rat,companion_join:Rat; +1 levelup
345,12689,3,Normal,3,1,1,0,0,74,0,2,2,0,0,2,2,3,0,0,0,0,0,1,0,160,73,3,0,0,1,0,0,4,4,4,4,RH=Crude Sword|LH=Crude Sword|BD=Crude Armour|A1=Crude Bracelet|A2=Crude Bracelet,Swords_T1_03=1,0,Rat,party wiped
346,12690,1,Normal,30,3,3,3,0,37,121,0,0,60,0,1,1,1,9,2,0,3,3,0,0,336,24,14,14,4.667,0,1,1,4,4,12,4,,,3,Rat|Rat|Rat,floor1_town;companion_join:Rat;companion_join:Rat;companion_join:Rat
346,12690,2,Normal,29,2,2,2,0,121,129,0,1,40,0,1,2,1,3,0,1,0,3,0,0,224,8,6,6,3,0,1,1,4,4,8,4,,,0,Rat|Rat|Rat,companion_join_skip:party_full; +1 levelup
346,12690,3,Normal,9,2,2,1,0,129,0,1,1,48,0,2,2,1,0,3,0,0,0,2,0,445,138,13,5,5,1,0,0,4,4,8,4,RH=Crude Sword|LH=Crude Sword|BD=Crude Armour|A1=Crude Bracelet|A2=Crude Bracelet,Swords_T1_03=2,0,Rat|Rat|Rat,companion_join_skip:party_full; party wiped
347,12691,1,Normal,28,3,3,3,0,37,65,0,0,60,0,1,1,0,8,4,0,3,3,0,0,336,19,17,17,5.667,0,1,1,4,4,12,4,,,1,Rat,floor1_town;companion_join:Rat
347,12691,2,Normal,21,3,3,2,0,65,0,0,1,40,0,1,2,2,3,3,0,0,0,1,0,280,79,12,9,4.5,1,0,0,4,4,12,4,RH=Crude Sword|LH=Crude Sword|BD=Crude Armour|A1=Crude Bracelet|A2=Crude Bracelet,Swords_T1_03=1,0,Rat,party wiped; +1 levelup
348,12692,1,Normal,26,3,3,3,0,37,65,0,0,60,0,1,1,1,9,4,0,3,3,0,0,336,16,16,16,5.333,0,1,1,4,4,12,4,,,1,Rat,floor1_town;companion_join:Rat
348,12692,2,Normal,29,3,3,2,0,65,0,0,1,40,0,1,2,2,3,3,0,0,0,0,0,280,111,13,9,4.5,1,0,0,4,4,12,4,RH=Crude Sword|LH=Crude Sword|BD=Crude Armour|A1=Crude Bracelet|A2=Crude Bracelet,,0,Rat,party wiped; +1 levelup
349,12693,1,Normal,40,2,2,2,0,37,93,0,0,40,0,1,1,2,6,0,0,3,3,0,0,224,8,10,10,5,0,1,1,3,4,8,4,,,2,Rat|Rat,floor1_town;companion_join:Rat;companion_join:Rat
349,12693,2,Normal,33,3,3,3,0,93,117,0,3,60,0,1,2,0,3,3,0,0,0,0,0,336,29,11,11,3.667,0,1,1,3,4,12,4,,,1,Rat|Rat|Rat,companion_join:Rat;companion_join_skip:party_full; +1 levelup
349,12693,3,Normal,4,1,1,0,0,117,0,3,3,0,0,2,2,0,0,0,0,0,0,1,0,139,116,5,0,0,1,0,0,3,4,4,4,RH=Crude Sword|LH=Crude Sword|BD=Crude Armour|A1=Crude Bracelet|A2=Crude Bracelet,Swords_T1_03=1,0,Rat|Rat|Rat,party wiped
350,12694,1,Normal,38,5,5,5,0,37,73,0,2,100,0,1,2,1,14,6,0,3,3,0,0,560,16,24,24,4.8,0,1,1,6,4,20,4,,,1,Rat,floor1_town;companion_join:Rat; +1 levelup
350,12694,2,Normal,25,3,3,3,0,73,49,2,2,60,0,2,2,0,3,3,0,0,0,1,0,336,59,11,11,3.667,0,1,1,6,4,12,4,,Swords_T1_03=1,1,Rat|Rat,companion_join:Rat
350,12694,3,Normal,9,1,1,0,0,49,0,2,2,0,0,2,2,1,0,0,0,0,0,2,0,60,47,2,0,0,1,0,0,6,4,4,4,RH=Crude Sword|LH=Crude Sword|BD=Crude Armour|A1=Crude Bracelet|A2=Crude Bracelet,Swords_T1_03=2,0,Rat|Rat,party wiped
351,12695,1,Normal,36,2,2,2,0,37,37,0,0,40,0,1,1,0,6,5,2,3,3,0,0,224,0,12,12,6,0,1,1,3,4,8,4,,,0,-,floor1_town
351,12695,2,Normal,25,1,1,1,0,37,37,0,0,20,0,1,1,0,3,2,4,0,1,0,0,112,0,6,6,6,0,1,1,3,4,4,4,,,0,-,
351,12695,3,Normal,3,1,1,0,0,37,0,0,0,0,0,1,1,4,3,3,0,0,0,0,0,151,37,5,0,0,1,0,0,9,4,4,4,RH=Crude Sword|LH=Crude Sword|BD=Crude Armour|A1=Crude Bracelet|A2=Crude Bracelet,,0,-,party wiped
352,12696,1,Normal,34,3,3,3,0,37,37,0,0,60,0,1,1,0,8,2,0,3,3,0,0,336,24,16,16,5.333,0,1,1,4,4,12,4,,,0,-,floor1_town
352,12696,2,Normal,28,1,1,1,0,37,65,0,0,20,0,1,1,0,3,1,0,0,2,0,0,112,0,4,4,4,0,1,1,4,4,4,4,,,1,Rat,companion_join:Rat
352,12696,3,Normal,4,1,1,0,0,65,0,0,0,0,0,1,1,2,0,2,0,0,0,0,0,91,65,3,0,0,1,0,0,4,4,4,4,RH=Crude Sword|LH=Crude Sword|BD=Crude Armour|A1=Crude Bracelet|A2=Crude Bracelet,,0,Rat,party wiped
353,12697,1,Normal,32,5,5,5,0,37,73,0,3,100,0,1,2,2,15,8,0,3,3,0,0,560,30,27,27,5.4,0,1,1,6,4,20,4,,,1,Rat,floor1_town;companion_join:Rat; +1 levelup
353,12697,2,Normal,39,4,4,4,0,73,93,3,3,80,0,2,2,1,5,3,0,1,3,1,0,448,110,18,18,4.5,0,1,1,7,4,16,4,,Swords_T1_03=1,2,Rat|Rat|Rat,companion_join:Rat;companion_join:Rat
353,12697,3,Normal,8,2,2,1,0,93,0,3,3,48,0,2,2,1,1,3,0,0,0,2,0,328,99,8,6,6,1,0,0,7,4,8,4,RH=Crude Sword|LH=Crude Sword|BD=Crude Armour|A1=Crude Bracelet|A2=Crude Bracelet,Swords_T1_03=2,0,Rat|Rat|Rat,party wiped
354,12698,1,Normal,30,4,4,4,0,37,65,0,0,80,0,1,1,0,12,6,0,3,3,0,0,448,43,21,21,5.25,0,1,1,5,4,16,4,,,1,Rat,floor1_town;companion_join:Rat
354,12698,2,Normal,37,1,1,1,0,65,61,0,2,20,0,1,2,1,3,3,0,0,0,0,0,112,13,6,6,6,0,1,1,5,4,4,4,,,0,Rat,+1 levelup
354,12698,3,Normal,8,1,1,0,0,61,0,2,2,0,0,2,2,2,0,0,0,0,0,0,0,88,61,3,0,0,1,0,0,5,4,4,4,RH=Crude Sword|LH=Crude Sword|BD=Crude Armour|A1=Crude Bracelet|A2=Crude Bracelet,,0,Rat,party wiped
355,12699,1,Normal,27,4,4,4,0,37,93,0,0,80,0,1,1,0,12,4,1,3,3,0,0,448,32,21,21,5.25,0,1,1,5,4,16,4,,,2,Rat|Rat,floor1_town;companion_join:Rat;companion_join:Rat
355,12699,2,Normal,30,3,3,3,0,93,101,0,2,60,0,1,2,1,3,3,0,0,0,1,0,336,42,12,12,4,0,1,1,5,4,12,4,,Swords_T1_03=1,1,Rat|Rat|Rat,companion_join:Rat; +1 levelup
355,12699,3,Normal,7,1,1,0,0,101,0,2,2,0,0,2,2,1,0,0,0,0,0,1,0,204,100,7,0,0,1,0,0,5,4,4,4,RH=Crude Sword|LH=Crude Sword|BD=Crude Armour|A1=Crude Bracelet|A2=Crude Bracelet,Swords_T1_03=1,0,Rat|Rat|Rat,party wiped
356,12700,1,Normal,25,1,1,1,0,37,65,0,0,20,0,1,1,0,3,2,0,3,3,0,0,112,0,6,6,6,0,1,1,2,4,4,4,,,1,Rat,floor1_town;companion_join:Rat
356,12700,2,Normal,27,5,5,4,0,65,0,0,0,80,0,1,2,1,6,6,0,0,0,0,0,483,141,28,23,5.75,1,0,0,8,4,20,4,RH=Crude Sword|LH=Crude Sword|BD=Crude Armour|A1=Crude Bracelet|A2=Crude Bracelet,,2,Rat|Rat|Rat,companion_join:Rat;companion_join:Rat; party wiped; +1 levelup
357,12701,1,Normal,39,5,5,5,0,37,46,0,3,100,0,1,2,0,14,4,1,3,3,0,0,560,36,28,28,5.6,0,1,1,6,4,20,4,,,0,-,floor1_town; +1 levelup
357,12701,2,Normal,32,5,5,4,1,46,55,3,3,80,0,2,2,1,6,6,0,0,0,4,0,489,103,20,18,4.5,0,1,1,7,4,20,4,,Swords_T1_03=4,1,Rat,companion_join:Rat; flee×1
357,12701,3,Normal,1,1,1,0,0,55,0,3,3,0,0,2,2,0,0,0,0,0,0,0,0,74,55,2,0,0,1,0,0,7,4,4,4,RH=Crude Sword|LH=Crude Sword|BD=Crude Armour|A1=Crude Bracelet|A2=Crude Bracelet,,0,Rat,party wiped
358,12702,1,Normal,37,6,6,6,0,37,129,0,3,120,0,1,2,2,17,8,0,3,3,1,0,672,16,34,34,5.667,0,1,1,7,4,24,4,,Swords_T1_03=1,3,Rat|Rat|Rat,floor1_town;companion_join:Rat;companion_join:Rat;companion_join:Rat; +1 levelup
358,12702,2,Normal,38,3,3,3,0,129,129,3,3,60,0,2,2,1,3,2,0,0,1,2,0,336,-2,11,11,3.667,0,1,1,7,4,12,4,,Swords_T1_03=2,0,Rat|Rat|Rat,companion_join_skip:party_full
358,12702,3,Normal,26,2,2,1,0,129,0,3,3,48,0,2,2,0,0,1,0,0,0,1,0,303,129,7,5,5,1,0,0,7,4,8,4,RH=Crude Sword|LH=Crude Sword|BD=Crude Armour|A1=Crude Bracelet|A2=Crude Bracelet,Swords_T1_03=1,0,Rat|Rat|Rat,companion_join_skip:party_full; party wiped
359,12703,1,Normal,35,2,2,2,0,37,37,0,0,40,0,1,1,0,6,1,1,3,3,0,0,224,8,11,11,5.5,0,1,1,3,4,8,4,,,0,-,floor1_town
359,12703,2,Normal,37,3,3,2,1,37,52,0,0,40,0,1,1,1,6,6,0,0,0,0,0,308,42,16,12,6,0,1,1,4,4,12,4,,,1,Rat,companion_join:Rat; flee×1
359,12703,3,Normal,5,1,1,0,0,52,0,0,0,0,0,1,1,0,0,0,0,0,0,0,0,14,52,2,0,0,1,0,0,4,4,4,4,RH=Crude Sword|LH=Crude Sword|BD=Crude Armour|A1=Crude Bracelet|A2=Crude Bracelet,,0,Rat,party wiped
360,12704,1,Normal,33,3,3,3,0,37,37,0,0,60,0,1,1,0,9,7,2,3,3,0,0,336,24,20,20,6.667,0,1,1,4,4,12,4,,,0,-,floor1_town
360,12704,2,Normal,25,3,3,3,0,37,46,0,1,60,0,1,2,2,3,3,1,0,0,1,0,336,36,15,15,5,0,1,1,4,4,12,4,,Swords_T1_03=1,1,Rat,companion_join:Rat; +1 levelup
360,12704,3,Normal,2,1,1,0,0,46,0,1,1,0,0,2,2,1,0,0,0,0,0,0,0,77,46,2,0,0,1,0,0,4,4,4,4,RH=Crude Sword|LH=Crude Sword|BD=Crude Armour|A1=Crude Bracelet|A2=Crude Bracelet,,0,Rat,party wiped
361,12705,1,Normal,31,4,4,4,0,37,37,0,0,80,0,1,1,0,11,6,0,3,3,0,0,448,40,25,25,6.25,0,1,1,5,4,16,4,,,0,-,floor1_town
361,12705,2,Normal,35,5,5,5,0,37,23,0,2,100,0,1,2,1,6,6,1,0,0,3,0,560,36,21,21,4.2,0,1,1,6,4,20,4,,Swords_T1_03=3,0,-,+1 levelup
361,12705,3,Normal,5,1,1,0,0,23,0,2,2,0,0,2,2,1,3,3,2,0,0,1,0,151,45,5,0,0,1,0,0,7,4,4,4,RH=Crude Sword|LH=Crude Sword|BD=Crude Armour|A1=Crude Bracelet|A2=Crude Bracelet,Swords_T1_03=1,0,-,party wiped
362,12706,1,Normal,29,4,4,4,0,37,37,0,0,80,0,1,1,0,12,7,2,3,3,0,0,448,16,25,25,6.25,0,1,1,5,4,16,4,,,0,-,floor1_town
362,12706,2,Normal,30,4,4,3,1,37,37,0,3,60,0,1,2,2,6,5,0,0,1,3,0,420,54,24,19,6.333,0,1,1,6,4,16,4,,Swords_T1_03=3,0,-,+1 levelup; flee×1
362,12706,3,Normal,1,1,1,0,0,37,0,3,3,0,0,2,2,1,3,3,0,0,0,1,0,105,44,3,0,0,1,0,0,7,4,4,4,RH=Crude Sword|LH=Crude Sword|BD=Crude Armour|A1=Crude Bracelet|A2=Crude Bracelet,Swords_T1_03=1,0,-,party wiped
363,12707,1,Normal,27,2,2,2,0,37,65,0,0,40,0,1,1,0,6,2,0,3,3,0,0,224,6,12,12,6,0,1,1,3,4,8,4,,,1,Rat,floor1_town;companion_join:Rat
363,12707,2,Normal,20,3,3,2,0,65,0,0,0,40,0,1,1,2,3,3,0,0,0,0,0,290,65,13,10,5,1,0,0,3,4,12,4,RH=Crude Sword|LH=Crude Sword|BD=Crude Armour|A1=Crude Bracelet|A2=Crude Bracelet,,0,Rat,party wiped
364,12708,1,Normal,25,3,3,3,0,37,65,0,0,60,0,1,1,1,9,5,1,3,3,0,0,336,8,16,16,5.333,0,1,1,4,4,12,4,,,1,Rat,floor1_town;companion_join:Rat
364,12708,2,Normal,25,2,2,1,1,65,10,0,0,20,0,1,1,1,3,3,0,0,0,0,0,196,63,8,4,4,0,1,1,4,4,8,4,,,0,Rat,flee×1
364,12708,3,Normal,15,1,1,0,0,10,0,0,0,0,0,1,1,1,3,3,0,0,0,0,0,120,67,4,0,0,1,0,0,5,4,4,4,RH=Crude Sword|LH=Crude Sword|BD=Crude Armour|A1=Crude Bracelet|A2=Crude Bracelet,,0,Rat,party wiped
365,12709,1,Normal,39,6,6,6,0,37,101,0,1,120,0,1,2,0,18,11,0,3,3,0,0,672,6,34,34,5.667,0,1,1,7,4,24,4,,,2,Rat|Rat,floor1_town;companion_join:Rat;companion_join:Rat; +1 levelup
365,12709,2,Normal,25,3,3,3,0,101,129,1,1,60,0,2,2,2,3,2,0,0,1,2,0,336,6,10,10,3.333,0,1,1,7,4,12,4,,Swords_T1_03=2,1,Rat|Rat|Rat,companion_join:Rat
365,12709,3,Normal,7,2,2,1,0,129,0,1,1,48,0,2,2,1,0,1,0,0,0,1,0,300,128,10,8,8,1,0,0,7,4,8,4,RH=Crude Sword|LH=Crude Sword|BD=Crude Armour|A1=Crude Bracelet|A2=Crude Bracelet,Swords_T1_03=1,0,Rat|Rat|Rat,party wiped
366,12710,1,Normal,37,4,4,4,0,37,65,0,0,80,0,1,1,1,12,5,0,3,3,0,0,448,11,20,20,5,0,1,1,5,4,16,4,,,1,Rat,floor1_town;companion_join:Rat
366,12710,2,Normal,28,3,3,2,1,65,8,0,3,40,0,1,2,0,3,3,0,0,0,2,0,308,109,14,10,5,0,1,1,5,4,12,4,,Swords_T1_03=2,1,Rat|Rat,companion_join:Rat; +1 levelup; flee×1
366,12710,3,Normal,17,1,1,0,0,8,0,3,0,0,0,2,2,1,3,1,1,0,2,0,0,26,28,2,0,0,1,0,0,11,4,4,4,RH=Crude Sword|LH=Crude Sword|BD=Crude Armour|A1=Crude Bracelet|A2=Crude Bracelet,,0,Rat|Rat,party wiped
367,12711,1,Normal,10,2,2,1,0,37,0,0,0,20,0,1,1,0,6,4,0,0,0,0,0,213,37,11,5,5,1,0,0,2,4,8,4,RH=Crude Sword|LH=Crude Sword|BD=Crude Armour|A1=Crude Bracelet|A2=Crude Bracelet,,0,-,floor1_town; party wiped
368,12712,1,Normal,33,3,3,3,0,37,37,0,0,60,0,1,1,0,9,4,1,3,3,0,0,336,16,17,17,5.667,0,1,1,4,4,12,4,,,0,-,floor1_town
368,12712,2,Normal,11,2,2,1,0,37,0,0,0,20,0,1,1,1,3,3,0,0,0,0,0,190,37,10,7,7,1,0,0,4,4,8,4,RH=Crude Sword|LH=Crude Sword|BD=Crude Armour|A1=Crude Bracelet|A2=Crude Bracelet,,0,-,party wiped
369,12713,1,Normal,31,3,3,3,0,37,65,0,0,60,0,1,1,1,8,4,1,3,3,0,0,336,16,19,19,6.333,0,1,1,4,4,12,4,,,1,Rat,floor1_town;companion_join:Rat
369,12713,2,Normal,7,2,2,1,0,65,0,0,0,20,0,1,1,1,3,3,0,0,0,0,0,194,65,11,5,5,1,0,0,4,4,8,4,RH=Crude Sword|LH=Crude Sword|BD=Crude Armour|A1=Crude Bracelet|A2=Crude Bracelet,,0,Rat,party wiped
370,12714,1,Normal,29,2,2,2,0,37,37,0,0,40,0,1,1,0,6,2,1,3,3,0,0,224,18,12,12,6,0,1,1,3,4,8,4,,,0,-,floor1_town
370,12714,2,Normal,28,3,3,3,0,37,100,0,2,60,0,1,2,0,6,3,1,0,0,0,0,336,32,15,15,5,0,1,1,4,4,12,4,,,2,Rat|Rat,companion_join:Rat;companion_join:Rat; +1 levelup
370,12714,3,Normal,7,1,1,0,0,100,0,2,2,0,0,2,2,1,0,0,0,0,0,1,0,210,99,6,0,0,1,0,0,4,4,4,4,RH=Crude Sword|LH=Crude Sword|BD=Crude Armour|A1=Crude Bracelet|A2=Crude Bracelet,Swords_T1_03=1,0,Rat|Rat,party wiped
371,12715,1,Normal,27,3,3,3,0,37,93,0,0,60,0,1,1,1,9,5,1,3,3,0,0,336,16,16,16,5.333,0,1,1,4,4,12,4,,,2,Rat|Rat,floor1_town;companion_join:Rat;companion_join:Rat
371,12715,2,Normal,29,3,3,3,0,93,100,0,2,60,0,1,2,1,3,3,0,0,0,1,0,336,49,13,13,4.333,0,1,1,4,4,12,4,,Swords_T1_03=1,1,Rat|Rat|Rat,companion_join:Rat; +1 levelup
371,12715,3,Normal,4,1,1,0,0,100,0,2,2,0,0,2,2,0,0,0,0,0,0,1,0,162,99,4,0,0,1,0,0,4,4,4,4,RH=Crude Sword|LH=Crude Sword|BD=Crude Armour|A1=Crude Bracelet|A2=Crude Bracelet,Swords_T1_03=1,0,Rat|Rat|Rat,party wiped
372,12716,1,Normal,25,4,4,4,0,37,37,0,0,80,0,1,1,0,12,8,0,3,3,0,0,448,8,24,24,6,0,1,1,5,4,16,4,,,0,-,floor1_town
372,12716,2,Normal,27,2,2,2,0,37,25,0,1,40,0,1,2,1,3,3,0,0,0,0,0,224,21,11,11,5.5,0,1,1,5,4,8,4,,,0,-,+1 levelup
372,12716,3,Normal,15,1,1,0,0,25,0,1,1,0,0,2,2,1,3,3,0,0,0,1,0,127,45,4,0,0,1,0,0,6,4,4,4,RH=Crude Sword|LH=Crude Sword|BD=Crude Armour|A1=Crude Bracelet|A2=Crude Bracelet,Swords_T1_03=1,0,-,party wiped
373,12717,1,Normal,39,5,5,5,0,37,72,0,1,100,0,1,2,2,12,3,0,3,3,0,0,560,19,26,26,5.2,0,1,1,6,4,20,4,,,1,Rat,floor1_town;companion_join:Rat; +1 levelup
373,12717,2,Normal,28,2,2,2,0,72,118,1,1,40,0,2,2,1,3,3,0,0,0,2,0,224,21,10,10,5,0,1,1,6,4,8,4,,Swords_T1_03=2,2,Rat|Rat|Rat,companion_join:Rat;companion_join:Rat
373,12717,3,Normal,18,1,1,0,0,118,0,1,1,0,0,2,2,2,0,0,0,0,0,1,0,222,117,8,0,0,1,0,0,6,4,4,4,RH=Crude Sword|LH=Crude Sword|BD=Crude Armour|A1=Crude Bracelet|A2=Crude Bracelet,Swords_T1_03=1,0,Rat|Rat|Rat,party wiped
374,12718,1,Normal,37,4,4,4,0,37,65,0,0,80,0,1,1,0,10,1,0,3,3,0,0,448,16,18,18,4.5,0,1,1,5,4,16,4,,,1,Rat,floor1_town;companion_join:Rat
374,12718,2,Normal,29,2,2,2,0,65,73,0,2,40,0,1,2,2,3,2,0,0,1,0,0,224,8,10,10,5,0,1,1,5,4,8,4,,,0,Rat,+1 levelup
374,12718,3,Normal,6,1,1,0,0,73,0,2,2,0,0,2,2,1,0,1,0,0,0,0,0,103,73,4,0,0,1,0,0,5,4,4,4,RH=Crude Sword|LH=Crude Sword|BD=Crude Armour|A1=Crude Bracelet|A2=Crude Bracelet,,0,Rat,party wiped
375,12719,1,Normal,35,1,1,1,0,37,37,0,0,20,0,1,1,0,3,0,1,3,3,0,0,112,8,6,6,6,0,1,1,2,4,4,4,,,0,-,floor1_town
375,12719,2,Normal,35,2,2,1,0,37,0,0,0,20,0,1,1,1,3,3,0,0,0,0,0,221,37,12,7,7,1,0,0,2,4,8,4,RH=Crude Sword|LH=Crude Sword|BD=Crude Armour|A1=Crude Bracelet|A2=Crude Bracelet,,0,-,party wiped
376,12720,1,Normal,33,3,3,3,0,37,65,0,0,60,0,1,1,0,7,2,0,3,3,0,0,336,16,16,16,5.333,0,1,1,4,4,12,4,,,1,Rat,floor1_town;companion_join:Rat
376,12720,2,Normal,22,3,3,2,0,65,0,0,3,40,0,1,2,0,3,3,0,0,0,1,0,305,102,12,9,4.5,1,0,0,4,4,12,4,RH=Crude Sword|LH=Crude Sword|BD=Crude Armour|A1=Crude Bracelet|A2=Crude Bracelet,Swords_T1_03=1,0,Rat,party wiped; +1 levelup
377,12721,1,Normal,31,4,4,4,0,37,93,0,0,80,0,1,1,1,12,10,0,3,3,0,0,448,27,21,21,5.25,0,1,1,5,4,16,4,,,2,Rat|Rat,floor1_town;companion_join:Rat;companion_join:Rat
377,12721,2,Normal,33,2,2,2,0,93,88,0,2,40,0,1,2,1,3,3,0,0,0,0,0,224,46,9,9,4.5,0,1,1,5,4,8,4,,,1,Rat|Rat|Rat,companion_join:Rat; +1 levelup
377,12721,3,Normal,1,1,1,0,0,88,0,2,2,0,0,2,2,0,0,0,0,0,0,0,0,169,88,4,0,0,1,0,0,5,4,4,4,RH=Crude Sword|LH=Crude Sword|BD=Crude Armour|A1=Crude Bracelet|A2=Crude Bracelet,,0,Rat|Rat|Rat,party wiped
378,12722,1,Normal,8,1,1,0,0,37,0,0,0,0,0,1,1,0,3,3,0,0,0,0,0,81,37,5,0,0,1,0,0,1,4,4,4,RH=Crude Sword|LH=Crude Sword|BD=Crude Armour|A1=Crude Bracelet|A2=Crude Bracelet,,0,-,floor1_town; party wiped
379,12723,1,Normal,27,2,2,2,0,37,37,0,0,40,0,1,1,0,6,5,1,3,3,0,0,224,21,14,14,7,0,1,1,3,4,8,4,,,0,-,floor1_town
379,12723,2,Normal,26,3,3,2,0,37,0,0,0,40,0,1,1,1,3,3,0,0,0,0,0,271,65,13,11,5.5,1,0,0,3,4,12,4,RH=Crude Sword|LH=Crude Sword|BD=Crude Armour|A1=Crude Bracelet|A2=Crude Bracelet,,1,Rat,companion_join:Rat; party wiped
380,12724,1,Normal,25,2,2,2,0,37,37,0,0,40,0,1,1,0,6,2,2,3,3,0,0,224,0,10,10,5,0,1,1,3,4,8,4,,,0,-,floor1_town
380,12724,2,Normal,31,3,3,3,0,37,45,0,1,60,0,1,2,2,6,3,2,0,0,0,0,336,8,16,16,5.333,0,1,1,4,4,12,4,,,0,-,+1 levelup
380,12724,3,Normal,14,2,2,0,1,45,0,1,1,0,0,2,2,3,3,3,0,0,0,2,0,196,85,6,0,0,1,0,0,5,4,8,4,RH=Crude Sword|LH=Crude Sword|BD=Crude Armour|A1=Crude Bracelet|A2=Crude Bracelet,Swords_T1_03=2,0,-,party wiped; flee×1
381,12725,1,Normal,39,5,5,5,0,37,73,0,2,100,0,1,2,1,15,7,0,3,3,0,0,560,41,27,27,5.4,0,1,1,6,4,20,4,,,1,Rat,floor1_town;companion_join:Rat; +1 levelup
381,12725,2,Normal,26,2,2,2,0,73,129,2,2,40,0,2,2,2,3,3,0,0,0,2,0,224,-1,8,8,4,0,1,1,6,4,8,4,,Swords_T1_03=2,2,Rat|Rat|Rat,companion_join:Rat;companion_join:Rat
381,12725,3,Normal,30,2,2,1,1,129,6,2,2,48,0,2,2,0,0,0,0,0,0,1,0,254,122,6,5,5,0,1,1,6,4,8,4,,Swords_T1_03=1,0,Rat|Rat|Rat,flee×1
381,12725,4,Normal,2,1,1,0,0,6,0,2,0,0,0,2,2,0,3,3,0,0,0,0,0,39,28,5,0,0,1,0,0,12,4,4,4,RH=Crude Sword|LH=Crude Sword|BD=Crude Armour|A1=Crude Bracelet|A2=Crude Bracelet,,0,Rat|Rat|Rat,party wiped
382,12726,1,Normal,37,2,2,2,0,37,65,0,0,40,0,1,1,0,6,4,2,3,3,0,0,224,8,14,14,7,0,1,1,3,4,8,4,,,1,Rat,floor1_town;companion_join:Rat
382,12726,2,Normal,31,4,4,4,0,65,75,0,1,80,0,1,2,1,3,3,3,0,0,0,0,448,46,17,17,4.25,0,1,1,3,4,16,4,,,1,Rat|Rat,companion_join:Rat; +1 levelup
382,12726,3,Normal,20,2,2,1,0,75,0,1,1,48,0,2,2,4,0,0,0,0,0,3,0,334,132,12,10,10,1,0,0,3,4,8,4,RH=Crude Sword|LH=Crude Sword|BD=Crude Armour|A1=Crude Bracelet|A2=Crude Bracelet,Swords_T1_03=3,1,Rat|Rat|Goblin,companion_join:Goblin; party wiped
383,12727,1,Normal,35,3,3,3,0,37,37,0,0,60,0,1,1,0,9,7,0,3,3,0,0,336,32,19,19,6.333,0,1,1,4,4,12,4,,,0,-,floor1_town
383,12727,2,Normal,40,5,5,4,1,37,15,0,2,80,0,1,2,2,6,6,0,0,0,2,0,532,71,25,21,5.25,0,1,1,5,4,20,4,,Swords_T1_03=2,0,-,+1 levelup; flee×1
383,12727,3,Normal,1,1,1,0,0,15,0,2,2,0,0,2,2,1,0,0,0,0,0,0,0,60,45,2,0,0,1,0,0,5,4,4,4,RH=Crude Sword|LH=Crude Sword|BD=Crude Armour|A1=Crude Bracelet|A2=Crude Bracelet,,0,-,party wiped
384,12728,1,Normal,33,3,3,3,0,37,65,0,0,60,0,1,1,0,9,4,2,3,3,0,0,336,13,17,17,5.667,0,1,1,4,4,12,4,,,1,Rat,floor1_town;companion_join:Rat
384,12728,2,Normal,28,3,3,2,0,65,0,0,3,40,0,1,2,2,3,3,0,0,0,0,0,308,80,14,9,4.5,1,0,0,4,4,12,4,RH=Crude Sword|LH=Crude Sword|BD=Crude Armour|A1=Crude Bracelet|A2=Crude Bracelet,,0,Rat,party wiped; +1 levelup
385,12729,1,Normal,31,3,3,3,0,37,65,0,0,60,0,1,1,0,9,5,0,3,3,0,0,336,19,16,16,5.333,0,1,1,4,4,12,4,,,1,Rat,floor1_town;companion_join:Rat
385,12729,2,Normal,31,3,3,3,0,65,12,0,3,60,0,1,2,0,3,3,0,0,0,0,0,336,70,13,13,4.333,0,1,1,4,4,12,4,,,0,Rat,+1 levelup
385,12729,3,Normal,11,2,2,0,1,12,0,3,3,0,0,2,2,0,6,6,0,0,0,2,0,247,86,7,0,0,1,0,0,6,4,8,4,RH=Crude Sword|LH=Crude Sword|BD=Crude Armour|A1=Crude Bracelet|A2=Crude Bracelet,Swords_T1_03=2,0,Rat,party wiped; flee×1
386,12730,1,Normal,29,4,4,4,0,37,65,0,0,80,0,1,1,1,12,6,0,3,3,0,0,448,8,20,20,5,0,1,1,5,4,16,4,,,1,Rat,floor1_town;companion_join:Rat
386,12730,2,Normal,7,2,2,1,0,65,0,0,2,20,0,1,2,0,3,3,0,0,0,0,0,219,85,10,5,5,1,0,0,5,4,8,4,RH=Crude Sword|LH=Crude Sword|BD=Crude Armour|A1=Crude Bracelet|A2=Crude Bracelet,,0,Rat,party wiped; +1 levelup
387,12731,1,Normal,12,1,1,0,0,37,0,0,0,0,0,1,1,0,3,3,0,0,0,0,0,97,37,6,0,0,1,0,0,1,4,4,4,RH=Crude Sword|LH=Crude Sword|BD=Crude Armour|A1=Crude Bracelet|A2=Crude Bracelet,,0,-,floor1_town; party wiped
388,12732,1,Normal,25,2,2,2,0,37,37,0,0,40,0,1,1,0,6,3,1,3,3,0,0,224,0,10,10,5,0,1,1,3,4,8,4,,,0,-,floor1_town
388,12732,2,Normal,25,3,3,3,0,37,73,0,3,60,0,1,2,2,6,6,0,0,0,0,0,336,21,19,19,6.333,0,1,1,4,4,12,4,,,1,Rat,companion_join:Rat; +1 levelup
388,12732,3,Normal,38,1,1,0,1,73,3,3,3,0,0,2,2,1,0,0,0,0,0,0,0,82,70,2,0,0,0,1,1,4,4,4,4,,,0,Rat,flee×1
388,12732,4,Normal,37,2,2,2,0,3,32,3,3,40,0,2,2,0,3,3,0,0,0,2,0,224,11,11,11,5.5,0,1,1,5,4,8,4,,Swords_T1_03=2,0,Rat,
388,12732,5,Normal,26,2,2,2,0,32,41,3,3,40,0,2,2,0,3,3,0,0,0,2,0,224,30,12,12,6,0,1,1,6,4,8,4,,Swords_T1_03=2,1,Rat|Rat,companion_join:Rat
388,12732,6,Normal,7,1,1,0,0,41,0,3,3,0,0,2,2,0,3,3,0,0,0,3,0,293,102,10,0,0,1,0,0,7,4,4,4,RH=Crude Sword|LH=Crude Sword|BD=Crude Armour|A1=Crude Bracelet|A2=Crude Bracelet,FireMagic_01=1|Swords_T1_03=2,0,Rat|Rat,party wiped
389,12733,1,Normal,39,3,3,3,0,37,37,0,0,60,0,1,1,0,9,2,2,3,3,0,0,336,8,15,15,5,0,1,1,4,4,12,4,,,0,-,floor1_town
389,12733,2,Normal,31,5,5,4,0,37,0,0,2,80,0,1,2,2,9,7,0,0,0,0,0,503,102,27,24,6,1,0,0,6,4,20,4,RH=Crude Sword|LH=Crude Sword|BD=Crude Armour|A1=Crude Bracelet|A2=Crude Bracelet,,1,Rat,companion_join:Rat; party wiped; +1 levelup
390,12734,1,Normal,37,4,4,4,0,37,65,0,0,80,0,1,1,0,12,7,1,3,3,0,0,448,0,24,24,6,0,1,1,5,4,16,4,,,1,Rat,floor1_town;companion_join:Rat
390,12734,2,Normal,35,5,5,5,0,65,94,0,1,100,0,1,2,3,3,3,0,0,0,4,0,560,34,19,19,3.8,0,1,1,5,4,20,4,,Swords_T1_03=4,2,Rat|Rat|Rat,companion_join:Rat;companion_join:Rat; +1 levelup
390,12734,3,Normal,13,2,2,1,0,94,0,1,1,48,0,2,2,2,0,0,0,0,0,2,0,366,92,8,5,5,1,0,0,5,4,8,4,RH=Crude Sword|LH=Crude Sword|BD=Crude Armour|A1=Crude Bracelet|A2=Crude Bracelet,Swords_T1_03=2,0,Rat|Rat|Rat,party wiped
391,12735,1,Normal,35,1,1,1,0,37,65,0,0,20,0,1,1,0,3,3,2,3,3,0,0,112,0,8,8,8,0,1,1,2,4,4,4,,,1,Rat,floor1_town;companion_join:Rat
391,12735,2,Normal,25,3,3,3,0,65,44,0,0,60,0,1,1,3,3,3,0,0,0,0,0,336,57,14,14,4.667,0,1,1,2,4,12,4,,,1,Rat|Rat,companion_join:Rat
391,12735,3,Normal,3,1,1,0,0,44,0,0,0,0,0,1,1,2,0,0,0,0,0,0,0,113,44,3,0,0,1,0,0,2,4,4,4,RH=Crude Sword|LH=Crude Sword|BD=Crude Armour|A1=Crude Bracelet|A2=Crude Bracelet,,0,Rat|Rat,party wiped
392,12736,1,Normal,33,2,2,2,0,37,65,0,0,40,0,1,1,0,6,4,0,3,3,0,0,224,0,11,11,5.5,0,1,1,3,4,8,4,,,1,Rat,floor1_town;companion_join:Rat
392,12736,2,Normal,34,2,2,2,0,65,28,0,0,40,0,1,1,0,3,3,0,0,0,0,0,224,37,9,9,4.5,0,1,1,3,4,8,4,,,0,Rat,
392,12736,3,Normal,1,1,1,0,0,28,0,0,0,0,0,1,1,0,3,3,0,0,0,0,0,26,28,3,0,0,1,0,0,9,4,4,4,RH=Crude Sword|LH=Crude Sword|BD=Crude Armour|A1=Crude Bracelet|A2=Crude Bracelet,,0,Rat,party wiped
393,12737,1,Normal,31,5,5,5,0,37,73,0,2,100,0,1,2,0,14,1,2,3,3,0,0,560,24,22,22,4.4,0,1,1,6,4,20,4,,,1,Rat,floor1_town;companion_join:Rat; +1 levelup
393,12737,2,Normal,35,5,5,4,1,73,13,2,2,80,0,2,2,3,3,3,0,0,0,3,0,461,113,18,17,4.25,0,1,1,6,4,20,4,,Swords_T1_03=3,1,Rat|Rat,companion_join:Rat; flee×1
393,12737,3,Normal,5,1,1,0,0,13,0,2,2,0,0,2,2,1,3,3,0,0,0,1,0,168,72,6,0,0,1,0,0,7,4,4,4,RH=Crude Sword|LH=Crude Sword|BD=Crude Armour|A1=Crude Bracelet|A2=Crude Bracelet,Swords_T1_03=1,0,Rat|Rat,party wiped
394,12738,1,Normal,29,3,3,3,0,37,37,0,0,60,0,1,1,0,9,6,0,3,3,0,0,336,0,19,19,6.333,0,1,1,4,4,12,4,,,0,-,floor1_town
394,12738,2,Normal,35,3,3,3,0,37,59,0,3,60,0,1,2,2,3,3,0,0,0,0,0,336,64,16,16,5.333,0,1,1,4,4,12,4,,,2,Rat|Rat,companion_join:Rat;companion_join:Rat; +1 levelup
394,12738,3,Normal,7,1,1,0,0,59,0,3,3,0,0,2,2,1,0,0,0,0,0,1,0,122,58,3,0,0,1,0,0,4,4,4,4,RH=Crude Sword|LH=Crude Sword|BD=Crude Armour|A1=Crude Bracelet|A2=Crude Bracelet,Swords_T1_03=1,0,Rat|Rat,party wiped
395,12739,1,Normal,27,2,2,2,0,37,65,0,0,40,0,1,1,1,6,2,1,3,3,0,0,224,8,10,10,5,0,1,1,3,4,8,4,,,1,Rat,floor1_town;companion_join:Rat
395,12739,2,Normal,35,2,2,2,0,65,44,0,0,40,0,1,1,0,3,3,1,0,0,0,0,224,29,9,9,4.5,0,1,1,3,4,8,4,,,0,Rat,
395,12739,3,Normal,9,1,1,0,0,44,0,0,0,0,0,1,1,0,0,0,3,0,0,0,0,35,44,1,0,0,1,0,0,3,4,4,4,RH=Crude Sword|LH=Crude Sword|BD=Crude Armour|A1=Crude Bracelet|A2=Crude Bracelet,,0,Rat,party wiped
396,12740,1,Normal,25,2,2,2,0,37,37,0,0,40,0,1,1,0,5,3,0,3,3,0,0,224,8,11,11,5.5,0,1,1,3,4,8,4,,,0,-,floor1_town
396,12740,2,Normal,40,5,5,5,0,37,65,0,3,100,0,1,2,2,9,3,0,0,3,0,0,560,56,25,25,5,0,1,1,5,4,20,4,,,1,Rat,companion_join:Rat; +1 levelup
396,12740,3,Normal,8,1,1,0,0,65,0,3,3,0,0,2,2,1,0,3,0,0,0,0,0,82,65,3,0,0,1,0,0,5,4,4,4,RH=Crude Sword|LH=Crude Sword|BD=Crude Armour|A1=Crude Bracelet|A2=Crude Bracelet,,0,Rat,party wiped
397,12741,1,Normal,39,3,3,3,0,37,65,0,0,60,0,1,1,0,9,5,1,3,3,0,0,336,10,17,17,5.667,0,1,1,4,4,12,4,,,1,Rat,floor1_town;companion_join:Rat
397,12741,2,Normal,27,4,4,4,0,65,80,0,3,80,0,1,2,3,3,3,0,0,0,0,0,448,37,15,15,3.75,0,1,1,4,4,16,4,,,1,Rat|Rat,companion_join:Rat; +1 levelup
397,12741,3,Normal,18,1,1,0,0,80,0,3,3,0,0,2,2,1,0,0,0,0,0,1,0,120,79,3,0,0,1,0,0,4,4,4,4,RH=Crude Sword|LH=Crude Sword|BD=Crude Armour|A1=Crude Bracelet|A2=Crude Bracelet,Swords_T1_03=1,0,Rat|Rat,party wiped
398,12742,1,Normal,37,2,2,2,0,37,93,0,0,40,0,1,1,0,6,3,0,3,3,0,0,224,0,11,11,5.5,0,1,1,3,4,8,4,,,2,Rat|Rat,floor1_town;companion_join:Rat;companion_join:Rat
398,12742,2,Normal,9,2,2,1,0,93,0,0,0,20,0,1,1,0,3,3,0,0,0,0,0,216,93,14,6,6,1,0,0,3,4,8,4,RH=Crude Sword|LH=Crude Sword|BD=Crude Armour|A1=Crude Bracelet|A2=Crude Bracelet,,0,Rat|Rat,party wiped
399,12743,1,Normal,35,4,4,4,0,37,121,0,0,80,0,1,1,1,10,5,0,3,3,0,0,448,37,21,21,5.25,0,1,1,5,4,16,4,,,3,Rat|Rat|Rat,floor1_town;companion_join:Rat;companion_join:Rat;companion_join:Rat
399,12743,2,Normal,40,6,6,6,0,121,70,0,3,120,0,1,2,2,3,3,0,0,0,5,0,672,78,20,20,3.333,0,1,1,5,4,24,4,,Swords_T1_03=5,0,Rat|Rat|Rat,companion_join_skip:party_full;companion_join_skip:party_full;companion_join_skip:party_full;companion_join_skip:party_full; +1 levelup
399,12743,3,Normal,2,1,1,0,0,70,0,3,3,0,0,2,2,0,0,0,0,0,0,1,0,162,69,4,0,0,1,0,0,5,4,4,4,RH=Crude Sword|LH=Crude Sword|BD=Crude Armour|A1=Crude Bracelet|A2=Crude Bracelet,Swords_T1_03=1,0,Rat|Rat|Rat,party wiped
400,12744,1,Normal,33,3,3,3,0,37,121,0,0,60,0,1,1,1,9,1,1,3,3,0,0,336,8,15,15,5,0,1,1,4,4,12,4,,,3,Rat|Rat|Rat,floor1_town;companion_join:Rat;companion_join:Rat;companion_join:Rat
400,12744,2,Normal,32,4,4,4,0,121,69,0,3,80,0,1,2,1,3,3,0,0,0,1,0,448,65,16,16,4,0,1,1,4,4,16,4,,Swords_T1_03=1,0,Rat|Rat|Rat,+1 levelup
400,12744,3,Normal,4,1,1,0,0,69,0,3,3,0,0,2,2,1,0,0,0,0,0,1,0,190,86,5,0,0,1,0,0,4,4,4,4,RH=Crude Sword|LH=Crude Sword|BD=Crude Armour|A1=Crude Bracelet|A2=Crude Bracelet,Swords_T1_03=1,0,Rat|Rat|Rat,party wiped
401,12745,1,Normal,31,4,4,4,0,37,37,0,0,80,0,1,1,0,12,5,1,3,3,0,0,448,6,23,23,5.75,0,1,1,5,4,16,4,,,0,-,floor1_town
401,12745,2,Normal,26,3,3,2,0,37,0,0,2,40,0,1,2,3,3,3,0,0,0,2,0,250,71,15,13,6.5,1,0,0,5,4,12,4,RH=Crude Sword|LH=Crude Sword|BD=Crude Armour|A1=Crude Bracelet|A2=Crude Bracelet,Swords_T1_03=2,1,Rat,companion_join:Rat; party wiped; +1 levelup
402,12746,1,Normal,29,3,3,3,0,37,37,0,0,60,0,1,1,0,9,6,2,3,3,0,0,336,8,18,18,6,0,1,1,4,4,12,4,,,0,-,floor1_town
402,12746,2,Normal,34,4,4,3,0,37,0,0,2,60,0,1,2,2,3,3,0,0,0,2,0,392,88,21,18,6,1,0,0,4,4,16,4,RH=Crude Sword|LH=Crude Sword|BD=Crude Armour|A1=Crude Bracelet|A2=Crude Bracelet,Swords_T1_03=2,1,Rat,companion_join:Rat; party wiped; +1 levelup
403,12747,1,Normal,27,3,3,3,0,37,37,0,0,60,0,1,1,0,9,9,0,3,3,0,0,336,0,18,18,6,0,1,1,4,4,12,4,,,0,-,floor1_town
403,12747,2,Normal,36,4,4,4,0,37,62,0,1,80,0,1,2,2,6,4,0,0,0,2,0,448,53,24,24,6,0,1,1,5,4,16,4,,Swords_T1_03=2,2,Rat|Rat,companion_join:Rat;companion_join:Rat; +1 levelup
403,12747,3,Normal,12,1,1,0,0,62,0,1,1,0,0,2,2,1,0,0,0,0,0,1,0,120,61,3,0,0,1,0,0,5,4,4,4,RH=Crude Sword|LH=Crude Sword|BD=Crude Armour|A1=Crude Bracelet|A2=Crude Bracelet,Swords_T1_03=1,0,Rat|Rat,party wiped
404,12748,1,Normal,25,1,1,1,0,37,37,0,0,20,0,1,1,0,3,1,2,3,3,0,0,112,8,6,6,6,0,1,1,2,4,4,4,,,0,-,floor1_town
404,12748,2,Normal,25,5,5,5,0,37,16,0,2,100,0,1,2,2,8,4,0,0,0,0,0,560,81,25,25,5,0,1,1,4,4,20,4,,,1,Rat,companion_join:Rat; +1 levelup
404,12748,3,Normal,12,1,1,0,0,16,0,2,2,0,0,2,2,2,0,0,0,0,0,1,0,97,44,2,0,0,1,0,0,4,4,4,4,RH=Crude Sword|LH=Crude Sword|BD=Crude Armour|A1=Crude Bracelet|A2=Crude Bracelet,Swords_T1_03=1,0,Rat,party wiped
405,12749,1,Normal,39,6,6,6,0,37,128,0,1,120,0,1,2,0,17,7,0,3,3,1,0,672,33,26,26,4.333,0,1,1,7,4,24,4,,Swords_T1_03=1,3,Rat|Rat|Rat,floor1_town;companion_join:Rat;companion_join:Rat;companion_join:Rat; +1 levelup
405,12749,2,Normal,40,3,3,3,0,128,100,1,1,60,0,2,2,2,3,3,0,0,0,1,0,336,28,11,11,3.667,0,1,1,7,4,12,4,,Swords_T1_03=1,0,Rat|Rat|Rat,
405,12749,3,Normal,25,2,2,2,0,100,28,1,1,96,0,2,2,2,3,3,0,0,0,2,0,480,125,11,11,5.5,0,1,1,8,4,8,4,,Swords_T1_03=2,0,Rat|Rat|Rat,
405,12749,4,Normal,11,1,1,0,0,28,0,1,0,0,0,2,2,0,3,3,0,0,0,0,0,41,28,4,0,0,1,0,0,14,4,4,4,RH=Crude Sword|LH=Crude Sword|BD=Crude Armour|A1=Crude Bracelet|A2=Crude Bracelet,,0,Rat|Rat|Rat,party wiped
406,12750,1,Normal,37,3,3,3,0,37,65,0,0,60,0,1,1,1,9,4,0,3,3,0,0,336,0,17,17,5.667,0,1,1,4,4,12,4,,,1,Rat,floor1_town;companion_join:Rat
406,12750,2,Normal,27,3,3,3,0,65,121,0,1,60,0,1,2,1,3,2,0,0,1,1,0,336,16,13,13,4.333,0,1,1,4,4,12,4,,Swords_T1_03=1,2,Rat|Rat|Rat,companion_join:Rat;companion_join:Rat; +1 levelup
406,12750,3,Normal,23,2,2,1,0,121,0,1,1,48,0,2,2,2,0,1,0,0,0,2,0,388,129,8,5,5,1,0,0,4,4,8,4,RH=Crude Sword|LH=Crude Sword|BD=Crude Armour|A1=Crude Bracelet|A2=Crude Bracelet,Swords_T1_03=2,0,Rat|Rat|Rat,party wiped
407,12751,1,Normal,35,4,4,4,0,37,37,0,0,80,0,1,1,0,12,3,0,3,3,0,0,448,8,22,22,5.5,0,1,1,5,4,16,4,,,0,-,floor1_town
407,12751,2,Normal,34,3,3,3,0,37,39,0,2,60,0,1,2,0,3,3,0,0,0,1,0,336,69,15,15,5,0,1,1,5,4,12,4,,Swords_T1_03=1,2,Rat|Rat,companion_join:Rat;companion_join:Rat; +1 levelup
407,12751,3,Normal,6,2,2,1,0,39,0,2,2,48,0,2,2,0,3,3,0,0,0,1,0,386,106,9,5,5,1,0,0,6,4,8,4,RH=Crude Sword|LH=Crude Sword|BD=Crude Armour|A1=Crude Bracelet|A2=Crude Bracelet,Swords_T1_03=1,0,Rat|Rat,party wiped
408,12752,1,Normal,33,4,4,4,0,37,93,0,0,80,0,1,1,1,12,4,0,3,3,0,0,448,24,20,20,5,0,1,1,5,4,16,4,,,2,Rat|Rat,floor1_town;companion_join:Rat;companion_join:Rat
408,12752,2,Normal,36,5,5,4,0,93,0,0,2,80,0,1,2,2,3,3,0,0,0,3,0,534,133,19,15,3.75,1,0,0,5,4,20,4,RH=Crude Sword|LH=Crude Sword|BD=Crude Armour|A1=Crude Bracelet|A2=Crude Bracelet,Swords_T1_03=3,1,Rat|Rat|Rat,companion_join:Rat; party wiped; +1 levelup
409,12753,1,Normal,31,4,4,4,0,37,93,0,0,80,0,1,1,0,12,11,0,3,3,0,0,448,129,24,24,6,0,1,1,5,4,16,4,,,2,Rat|Rat,floor1_town;companion_join:Rat;companion_join:Rat
409,12753,2,Normal,33,4,4,3,0,93,0,0,2,60,0,1,2,2,3,3,0,0,0,2,0,446,99,16,12,4,1,0,0,5,4,16,4,RH=Crude Sword|LH=Crude Sword|BD=Crude Armour|A1=Crude Bracelet|A2=Crude Bracelet,Swords_T1_03=2,0,Rat|Rat,party wiped; +1 levelup
410,12754,1,Normal,29,1,1,1,0,37,37,0,0,20,0,1,1,0,3,3,1,3,3,0,0,112,0,5,5,5,0,1,1,2,4,4,4,,,0,-,floor1_town
410,12754,2,Normal,11,2,2,1,0,37,0,0,0,20,0,1,1,1,3,3,0,0,0,0,0,206,65,13,6,6,1,0,0,2,4,8,4,RH=Crude Sword|LH=Crude Sword|BD=Crude Armour|A1=Crude Bracelet|A2=Crude Bracelet,,1,Rat,companion_join:Rat; party wiped
411,12755,1,Normal,27,4,4,4,0,37,37,0,0,80,0,1,1,0,12,6,2,3,3,0,0,448,16,22,22,5.5,0,1,1,5,4,16,4,,,0,-,floor1_town
411,12755,2,Normal,26,3,3,3,0,37,24,0,1,60,0,1,2,2,3,3,0,0,0,2,0,336,48,18,18,6,0,1,1,5,4,12,4,,Swords_T1_03=2,1,Rat,companion_join:Rat; +1 levelup
411,12755,3,Normal,2,1,1,0,0,24,0,1,1,0,0,2,2,1,3,3,0,0,0,1,0,165,45,5,0,0,1,0,0,6,4,4,4,RH=Crude Sword|LH=Crude Sword|BD=Crude Armour|A1=Crude Bracelet|A2=Crude Bracelet,Swords_T1_03=1,0,Rat,party wiped
412,12756,1,Normal,40,4,4,4,0,37,121,0,0,80,0,1,1,1,12,5,0,3,3,0,0,448,21,19,19,4.75,0,1,1,5,4,16,4,,,3,Rat|Rat|Rat,floor1_town;companion_join:Rat;companion_join:Rat;companion_join:Rat
412,12756,2,Normal,27,3,3,3,0,121,115,0,2,60,0,1,2,0,3,2,0,0,1,2,0,336,20,11,11,3.667,0,1,1,5,4,12,4,,Swords_T1_03=2,0,Rat|Rat|Rat,companion_join_skip:party_full; +1 levelup
412,12756,3,Normal,32,2,2,1,1,115,1,2,2,48,0,2,2,2,0,1,0,0,0,0,0,301,127,8,6,6,0,1,1,5,4,8,4,,,0,Rat|Rat|Rat,flee×1
412,12756,4,Normal,5,1,1,0,0,1,0,2,0,0,0,2,2,0,3,3,0,0,0,0,0,39,28,7,0,0,1,0,0,11,4,4,4,RH=Crude Sword|LH=Crude Sword|BD=Crude Armour|A1=Crude Bracelet|A2=Crude Bracelet,,0,Rat|Rat|Rat,party wiped
413,12757,1,Normal,38,4,4,4,0,37,93,0,0,80,0,1,1,1,11,7,1,3,3,0,0,448,16,19,19,4.75,0,1,1,5,4,16,4,,,2,Rat|Rat,floor1_town;companion_join:Rat;companion_join:Rat
413,12757,2,Normal,27,2,2,2,0,93,93,0,3,40,0,1,2,1,3,3,1,0,0,1,0,224,16,8,8,4,0,1,1,5,4,8,4,,Swords_T1_03=1,0,Rat|Rat,+1 levelup
413,12757,3,Normal,5,1,1,0,0,93,0,3,3,0,0,2,2,1,0,0,0,0,0,1,0,180,92,5,0,0,1,0,0,5,4,4,4,RH=Crude Sword|LH=Crude Sword|BD=Crude Armour|A1=Crude Bracelet|A2=Crude Bracelet,Swords_T1_03=1,0,Rat|Rat,party wiped
414,12758,1,Normal,36,2,2,2,0,37,93,0,0,40,0,1,1,0,6,1,0,3,3,0,0,224,16,9,9,4.5,0,1,1,3,4,8,4,,,2,Rat|Rat,floor1_town;companion_join:Rat;companion_join:Rat
414,12758,2,Normal,21,3,3,2,0,93,0,0,0,40,0,1,1,2,3,3,0,0,0,0,0,291,121,14,10,5,1,0,0,3,4,12,4,RH=Crude Sword|LH=Crude Sword|BD=Crude Armour|A1=Crude Bracelet|A2=Crude Bracelet,,1,Rat|Rat|Rat,companion_join:Rat; party wiped
415,12759,1,Normal,34,4,4,4,0,37,93,0,0,80,0,1,1,2,11,2,0,3,3,0,0,448,24,22,22,5.5,0,1,1,5,4,16,4,,,2,Rat|Rat,floor1_town;companion_join:Rat;companion_join:Rat
415,12759,2,Normal,37,3,3,3,0,93,130,0,2,60,0,1,2,0,3,1,2,0,2,2,0,336,6,10,10,3.333,0,1,1,5,4,12,4,,Swords_T1_03=2,1,Rat|Rat|Rat,companion_join:Rat;companion_join_skip:party_full; +1 levelup
415,12759,3,Normal,23,2,2,1,0,130,0,2,2,48,0,2,2,3,0,2,0,0,0,2,0,359,128,7,4,4,1,0,0,5,4,8,4,RH=Crude Sword|LH=Crude Sword|BD=Crude Armour|A1=Crude Bracelet|A2=Crude Bracelet,Swords_T1_03=2,0,Rat|Rat|Rat,party wiped
416,12760,1,Normal,32,5,5,5,0,37,101,0,2,100,0,1,2,0,15,10,0,3,3,0,0,560,11,24,24,4.8,0,1,1,6,4,20,4,,,2,Rat|Rat,floor1_town;companion_join:Rat;companion_join:Rat; +1 levelup
416,12760,2,Normal,32,3,3,3,0,101,92,2,2,60,0,2,2,0,3,3,0,0,0,1,0,336,36,10,10,3.333,0,1,1,6,4,12,4,,Swords_T1_03=1,1,Rat|Rat|Rat,companion_join:Rat;companion_join_skip:party_full
416,12760,3,Normal,8,1,1,0,0,92,0,2,2,0,0,2,2,2,0,0,0,0,0,1,0,219,91,7,0,0,1,0,0,6,4,4,4,RH=Crude Sword|LH=Crude Sword|BD=Crude Armour|A1=Crude Bracelet|A2=Crude Bracelet,Swords_T1_03=1,0,Rat|Rat|Rat,party wiped
417,12761,1,Normal,30,3,3,3,0,37,93,0,0,60,0,1,1,1,9,4,0,3,3,0,0,336,8,16,16,5.333,0,1,1,4,4,12,4,,,2,Rat|Rat,floor1_town;companion_join:Rat;companion_join:Rat
417,12761,2,Normal,21,4,4,3,0,93,0,0,1,60,0,1,2,1,3,3,0,0,0,1,0,391,128,16,13,4.333,1,0,0,4,4,16,4,RH=Crude Sword|LH=Crude Sword|BD=Crude Armour|A1=Crude Bracelet|A2=Crude Bracelet,Swords_T1_03=1,1,Rat|Rat|Rat,companion_join:Rat; party wiped; +1 levelup
418,12762,1,Normal,28,4,4,4,0,37,65,0,0,80,0,1,1,0,12,8,0,3,3,0,0,448,11,24,24,6,0,1,1,5,4,16,4,,,1,Rat,floor1_town;companion_join:Rat
418,12762,2,Normal,29,3,3,3,0,65,96,0,1,60,0,1,2,1,3,3,0,0,0,1,0,336,40,13,13,4.333,0,1,1,5,4,12,4,,Swords_T1_03=1,2,Rat|Rat|Rat,companion_join:Rat;companion_join:Rat; +1 levelup
418,12762,3,Normal,18,2,2,1,0,96,0,1,1,48,0,2,2,1,0,0,0,0,0,1,0,317,121,7,5,5,1,0,0,5,4,8,4,RH=Crude Sword|LH=Crude Sword|BD=Crude Armour|A1=Crude Bracelet|A2=Crude Bracelet,Swords_T1_03=1,0,Rat|Rat|Rat,companion_join_skip:party_full; party wiped
419,12763,1,Normal,26,4,4,4,0,37,65,0,0,80,0,1,1,0,12,5,1,3,3,0,0,448,22,23,23,5.75,0,1,1,5,4,16,4,,,1,Rat,floor1_town;companion_join:Rat
419,12763,2,Normal,29,3,3,1,1,65,0,0,0,20,0,1,2,1,6,6,0,0,0,0,0,222,105,13,6,6,1,0,0,11,4,12,4,RH=Crude Sword|LH=Crude Sword|BD=Crude Armour|A1=Crude Bracelet|A2=Crude Bracelet,,0,Rat,party wiped; +1 levelup; flee×1
420,12764,1,Normal,40,3,3,3,0,37,37,0,0,60,0,1,1,0,9,3,2,3,3,0,0,336,8,18,18,6,0,1,1,4,4,12,4,,,0,-,floor1_town
420,12764,2,Normal,28,4,4,4,0,37,66,0,2,80,0,1,2,2,6,5,0,0,0,2,0,448,55,20,20,5,0,1,1,5,4,16,4,,Swords_T1_03=2,2,Rat|Rat,companion_join:Rat;companion_join:Rat; +1 levelup
420,12764,3,Normal,7,1,1,0,0,66,0,2,2,0,0,2,2,1,0,0,0,0,0,0,0,83,89,3,0,0,1,0,0,5,4,4,4,RH=Crude Sword|LH=Crude Sword|BD=Crude Armour|A1=Crude Bracelet|A2=Crude Bracelet,,0,Rat|Rat,party wiped
421,12765,1,Normal,38,5,5,5,0,37,100,0,1,100,0,1,2,1,15,12,0,3,3,0,0,560,32,30,30,6,0,1,1,6,4,20,4,,,2,Rat|Rat,floor1_town;companion_join:Rat;companion_join:Rat; +1 levelup
421,12765,2,Normal,40,4,4,4,0,100,92,1,1,80,0,2,2,0,4,3,0,2,3,2,0,448,75,15,15,3.75,0,1,1,7,4,16,4,,Swords_T1_03=2,0,Rat|Rat,
421,12765,3,Normal,15,2,2,1,0,92,0,1,1,48,0,2,2,1,5,6,0,0,0,2,0,343,140,11,6,6,1,0,0,8,4,8,4,RH=Crude Sword|LH=Crude Sword|BD=Crude Armour|A1=Crude Bracelet|A2=Crude Bracelet,Swords_T1_03=2,0,Rat|Rat,party wiped
422,12766,1,Normal,36,5,5,5,0,37,128,0,2,100,0,1,2,2,13,1,0,3,3,0,0,560,8,20,20,4,0,1,1,6,4,20,4,,,3,Rat|Rat|Rat,floor1_town;companion_join:Rat;companion_join:Rat;companion_join:Rat; +1 levelup
422,12766,2,Normal,39,5,5,5,0,128,56,2,2,100,0,2,2,1,3,3,0,0,0,3,0,560,69,18,18,3.6,0,1,1,6,4,20,4,,Swords_T1_03=3,0,Rat|Rat|Rat,companion_join_skip:party_full;companion_join_skip:party_full
422,12766,3,Normal,2,1,1,0,0,56,0,2,2,0,0,2,2,0,0,0,0,0,0,0,0,68,56,5,0,0,1,0,0,6,4,4,4,RH=Crude Sword|LH=Crude Sword|BD=Crude Armour|A1=Crude Bracelet|A2=Crude Bracelet,,0,Rat|Rat|Rat,party wiped
423,12767,1,Normal,34,4,4,4,0,37,37,0,0,80,0,1,1,0,12,5,0,3,3,0,0,448,8,21,21,5.25,0,1,1,5,4,16,4,,,0,-,floor1_town
423,12767,2,Normal,28,1,1,1,0,37,46,0,2,20,0,1,2,0,3,3,0,0,0,0,0,112,13,6,6,6,0,1,1,5,4,4,4,,,0,-,+1 levelup
423,12767,3,Normal,2,1,1,0,0,46,0,2,2,0,0,2,2,1,0,0,0,0,0,1,0,103,45,3,0,0,1,0,0,5,4,4,4,RH=Crude Sword|LH=Crude Sword|BD=Crude Armour|A1=Crude Bracelet|A2=Crude Bracelet,Swords_T1_03=1,0,-,party wiped
424,12768,1,Normal,32,3,3,3,0,37,37,0,0,60,0,1,1,0,9,4,2,3,3,0,0,336,31,20,20,6.667,0,1,1,4,4,12,4,,,0,-,floor1_town
424,12768,2,Normal,38,5,5,5,0,37,29,0,2,100,0,1,2,4,3,3,0,0,0,0,0,560,60,24,24,4.8,0,1,1,4,4,20,4,,,1,Rat,companion_join:Rat; +1 levelup
424,12768,3,Normal,3,1,1,0,0,29,0,2,2,0,0,2,2,1,3,3,0,0,0,1,0,120,44,5,0,0,1,0,0,5,4,4,4,RH=Crude Sword|LH=Crude Sword|BD=Crude Armour|A1=Crude Bracelet|A2=Crude Bracelet,Swords_T1_03=1,0,Rat,party wiped
425,12769,1,Normal,30,3,3,3,0,37,37,0,0,60,0,1,1,0,9,6,0,3,3,0,0,336,8,18,18,6,0,1,1,4,4,12,4,,,0,-,floor1_town
425,12769,2,Normal,38,2,2,2,0,37,46,0,3,40,0,1,2,0,6,3,2,0,1,0,0,224,8,11,11,5.5,0,1,1,5,4,8,4,,,0,-,+1 levelup
425,12769,3,Normal,8,1,1,0,0,46,0,3,3,0,0,2,2,3,0,1,0,0,0,1,0,112,45,3,0,0,1,0,0,5,4,4,4,RH=Crude Sword|LH=Crude Sword|BD=Crude Armour|A1=Crude Bracelet|A2=Crude Bracelet,Swords_T1_03=1,0,-,party wiped
426,12770,1,Normal,28,5,5,5,0,37,128,0,3,100,0,1,2,2,15,4,0,3,3,0,0,560,24,21,21,4.2,0,1,1,6,4,20,4,,,3,Rat|Rat|Rat,floor1_town;companion_join:Rat;companion_join:Rat;companion_join:Rat; +1 levelup
426,12770,2,Normal,33,2,2,2,0,128,128,3,3,40,0,2,2,2,3,2,0,0,1,1,0,224,20,8,8,4,0,1,1,6,4,8,4,,Swords_T1_03=1,0,Rat|Rat|Rat,companion_join_skip:party_full
426,12770,3,Normal,2,1,1,0,0,128,0,3,3,0,0,2,2,0,0,1,0,0,0,1,0,232,127,5,0,0,1,0,0,6,4,4,4,RH=Crude Sword|LH=Crude Sword|BD=Crude Armour|A1=Crude Bracelet|A2=Crude Bracelet,Swords_T1_03=1,0,Rat|Rat|Rat,party wiped
427,12771,1,Normal,26,4,4,4,0,37,37,0,0,80,0,1,1,0,11,5,0,3,3,0,0,448,24,23,23,5.75,0,1,1,5,4,16,4,,,0,-,floor1_town
427,12771,2,Normal,39,3,3,3,0,37,45,0,2,60,0,1,2,1,6,4,0,0,2,1,0,336,48,18,18,6,0,1,1,6,4,12,4,,Swords_T1_03=1,1,Rat,companion_join:Rat; +1 levelup
427,12771,3,Normal,16,2,2,1,0,45,0,2,2,48,0,2,2,2,3,5,0,0,0,1,0,328,87,11,8,8,1,0,0,7,4,8,4,RH=Crude Sword|LH=Crude Sword|BD=Crude Armour|A1=Crude Bracelet|A2=Crude Bracelet,Swords_T1_03=1,0,Rat,party wiped
428,12772,1,Normal,40,3,3,3,0,37,65,0,0,60,0,1,1,1,9,4,0,3,3,0,0,336,11,15,15,5,0,1,1,4,4,12,4,,,1,Rat,floor1_town;companion_join:Rat
428,12772,2,Normal,30,5,5,4,1,65,2,0,1,80,0,1,2,2,3,3,0,0,0,2,0,495,125,20,18,4.5,0,1,1,4,4,20,4,,Swords_T1_03=2,2,Rat|Rat|Rat,companion_join:Rat;companion_join:Rat;companion_join_skip:party_full; +1 levelup; flee×1
428,12772,3,Normal,16,2,2,0,1,2,0,1,0,0,0,2,2,0,6,6,0,0,0,0,0,51,55,6,0,0,1,0,0,16,4,8,4,RH=Crude Sword|LH=Crude Sword|BD=Crude Armour|A1=Crude Bracelet|A2=Crude Bracelet,,0,Rat|Rat|Rat,party wiped; flee×1
429,12773,1,Normal,38,4,4,4,0,37,65,0,0,80,0,1,1,0,11,6,0,3,3,0,0,448,16,23,23,5.75,0,1,1,5,4,16,4,,,1,Rat,floor1_town;companion_join:Rat
429,12773,2,Normal,25,1,1,1,0,65,74,0,3,20,0,1,2,1,3,1,1,0,2,0,0,112,0,4,4,4,0,1,1,5,4,4,4,,,0,Rat,+1 levelup
429,12773,3,Normal,22,1,1,0,0,74,0,3,3,0,0,2,2,3,0,2,0,0,0,1,0,208,73,6,0,0,1,0,0,5,4,4,4,RH=Crude Sword|LH=Crude Sword|BD=Crude Armour|A1=Crude Bracelet|A2=Crude Bracelet,Swords_T1_03=1,0,Rat,party wiped
430,12774,1,Normal,36,4,4,4,0,37,37,0,0,80,0,1,1,0,12,4,1,3,3,0,0,448,6,24,24,6,0,1,1,5,4,16,4,,,0,-,floor1_town
430,12774,2,Normal,34,5,5,4,0,37,0,0,2,80,0,1,2,3,6,6,0,0,0,3,0,504,91,27,23,5.75,1,0,0,6,4,20,4,RH=Crude Sword|LH=Crude Sword|BD=Crude Armour|A1=Crude Bracelet|A2=Crude Bracelet,Swords_T1_03=3,1,Rat,companion_join:Rat; party wiped; +1 levelup
431,12775,1,Normal,34,5,5,5,0,37,73,0,2,100,0,1,2,2,13,5,0,3,3,0,0,560,16,24,24,4.8,0,1,1,6,4,20,4,,,1,Rat,floor1_town;companion_join:Rat; +1 levelup
431,12775,2,Normal,27,3,3,3,0,73,92,2,2,60,0,2,2,0,6,3,0,0,3,1,0,336,55,15,15,5,0,1,1,7,4,12,4,,Swords_T1_03=1,1,Rat|Rat,companion_join:Rat
431,12775,3,Normal,9,2,2,1,0,92,0,2,2,48,0,2,2,1,0,3,0,0,0,1,0,335,155,9,6,6,1,0,0,7,4,8,4,RH=Crude Sword|LH=Crude Sword|BD=Crude Armour|A1=Crude Bracelet|A2=Crude Bracelet,Swords_T1_03=1,1,Rat|Rat|Goblin,companion_join:Goblin; party wiped
432,12776,1,Normal,32,2,2,2,0,37,65,0,0,40,0,1,1,0,6,4,1,3,3,0,0,224,6,12,12,6,0,1,1,3,4,8,4,,,1,Rat,floor1_town;companion_join:Rat
432,12776,2,Normal,27,3,3,2,0,65,0,0,0,40,0,1,1,2,3,3,0,0,0,0,0,306,93,13,10,5,1,0,0,3,4,12,4,RH=Crude Sword|LH=Crude Sword|BD=Crude Armour|A1=Crude Bracelet|A2=Crude Bracelet,,1,Rat|Rat,companion_join:Rat; party wiped
433,12777,1,Normal,30,2,2,2,0,37,65,0,0,40,0,1,1,1,6,5,1,3,3,0,0,224,8,12,12,6,0,1,1,3,4,8,4,,,1,Rat,floor1_town;companion_join:Rat
433,12777,2,Normal,29,3,3,3,0,65,45,0,3,60,0,1,2,2,3,3,0,0,0,0,0,336,47,14,14,4.667,0,1,1,3,4,12,4,,,0,Rat,+1 levelup
433,12777,3,Normal,2,1,1,0,0,45,0,3,3,0,0,2,2,2,0,0,0,0,0,0,0,29,45,3,0,0,1,0,0,3,4,4,4,RH=Crude Sword|LH=Crude Sword|BD=Crude Armour|A1=Crude Bracelet|A2=Crude Bracelet,,0,Rat,party wiped
434,12778,1,Normal,15,2,2,1,0,37,0,0,0,20,0,1,1,0,6,6,0,0,0,0,0,221,37,13,6,6,1,0,0,2,4,8,4,RH=Crude Sword|LH=Crude Sword|BD=Crude Armour|A1=Crude Bracelet|A2=Crude Bracelet,,0,-,floor1_town; party wiped
435,12779,1,Normal,26,3,3,3,0,37,93,0,0,60,0,1,1,2,9,4,0,3,3,0,0,336,6,17,17,5.667,0,1,1,4,4,12,4,,,2,Rat|Rat,floor1_town;companion_join:Rat;companion_join:Rat
435,12779,2,Normal,28,2,2,2,0,93,85,0,3,40,0,1,2,1,3,3,1,0,0,0,0,224,32,9,9,4.5,0,1,1,4,4,8,4,,,0,Rat|Rat,+1 levelup
435,12779,3,Normal,21,2,2,0,1,85,0,3,3,0,0,2,2,1,3,3,0,0,0,2,0,318,127,8,0,0,1,0,0,5,4,8,4,RH=Crude Sword|LH=Crude Sword|BD=Crude Armour|A1=Crude Bracelet|A2=Crude Bracelet,Swords_T1_03=2,0,Rat|Rat,party wiped; flee×1
436,12780,1,Normal,24,1,1,0,0,37,0,0,0,0,0,1,1,0,3,3,0,0,0,0,0,56,37,5,0,0,1,0,0,1,4,4,4,RH=Crude Sword|LH=Crude Sword|BD=Crude Armour|A1=Crude Bracelet|A2=Crude Bracelet,,0,-,floor1_town; party wiped
437,12781,1,Normal,38,6,6,6,0,37,73,0,3,120,0,1,2,0,17,9,1,3,3,0,0,672,40,36,36,6,0,1,1,7,4,24,4,,,1,Rat,floor1_town;companion_join:Rat; +1 levelup
437,12781,2,Normal,30,6,6,5,0,73,0,3,0,100,0,2,2,2,6,6,0,0,0,2,0,606,175,25,20,4,1,0,0,8,4,24,4,RH=Crude Sword|LH=Crude Sword|BD=Crude Armour|A1=Crude Bracelet|A2=Crude Bracelet,Swords_T1_03=2,2,Rat|Rat|Rat,companion_join:Rat;companion_join:Rat; party wiped
438,12782,1,Normal,36,2,2,2,0,37,37,0,0,40,0,1,1,0,6,4,0,3,3,0,0,224,39,14,14,7,0,1,1,3,4,8,4,,,0,-,floor1_town
438,12782,2,Normal,17,3,3,2,0,37,0,0,0,40,0,1,1,1,3,3,0,0,0,0,0,262,65,15,13,6.5,1,0,0,3,4,12,4,RH=Crude Sword|LH=Crude Sword|BD=Crude Armour|A1=Crude Bracelet|A2=Crude Bracelet,,1,Rat,companion_join:Rat; party wiped
439,12783,1,Normal,34,3,3,3,0,37,65,0,0,60,0,1,1,0,9,1,1,3,3,0,0,336,16,16,16,5.333,0,1,1,4,4,12,4,,,1,Rat,floor1_town;companion_join:Rat
439,12783,2,Normal,12,3,3,2,0,65,0,0,2,40,0,1,2,2,3,3,0,0,0,0,0,305,105,13,10,5,1,0,0,4,4,12,4,RH=Crude Sword|LH=Crude Sword|BD=Crude Armour|A1=Crude Bracelet|A2=Crude Bracelet,,0,Rat,party wiped; +1 levelup
440,12784,1,Normal,32,4,4,4,0,37,65,0,0,80,0,1,1,2,12,5,0,3,3,0,0,448,11,23,23,5.75,0,1,1,5,4,16,4,,,1,Rat,floor1_town;companion_join:Rat
440,12784,2,Normal,37,4,4,4,0,65,74,0,2,80,0,1,2,1,5,3,0,1,3,2,0,448,64,20,20,5,0,1,1,6,4,16,4,,Swords_T1_03=2,1,Rat|Rat,companion_join:Rat; +1 levelup
440,12784,3,Normal,31,1,1,1,0,74,29,2,2,48,0,2,2,1,1,3,0,0,0,1,0,240,51,7,7,7,0,1,1,6,4,4,4,,Swords_T1_03=1,0,Rat|Rat,
440,12784,4,Normal,23,3,3,2,0,29,0,2,2,40,0,2,2,0,3,3,0,0,0,2,0,333,72,13,8,4,1,0,0,7,4,12,4,RH=Crude Sword|LH=Crude Sword|BD=Crude Armour|A1=Crude Bracelet|A2=Crude Bracelet,Swords_T1_03=2,0,Rat|Rat,party wiped
441,12785,1,Normal,30,1,1,1,0,37,37,0,0,20,0,1,1,0,3,1,1,3,3,0,0,112,8,6,6,6,0,1,1,2,4,4,4,,,0,-,floor1_town
441,12785,2,Normal,40,5,5,5,0,37,102,0,2,100,0,1,2,1,6,6,0,0,0,1,0,560,59,23,23,4.6,0,1,1,3,4,20,4,,Swords_T1_03=1,2,Rat|Rat,companion_join:Rat;companion_join:Rat; +1 levelup
441,12785,3,Normal,15,1,1,0,0,102,0,2,2,0,0,2,2,0,0,0,0,0,0,0,0,94,102,2,0,0,1,0,0,3,4,4,4,RH=Crude Sword|LH=Crude Sword|BD=Crude Armour|A1=Crude Bracelet|A2=Crude Bracelet,,0,Rat|Rat,party wiped
442,12786,1,Normal,28,3,3,3,0,37,65,0,0,60,0,1,1,1,9,2,1,3,3,0,0,336,16,14,14,4.667,0,1,1,4,4,12,4,,,1,Rat,floor1_town;companion_join:Rat
442,12786,2,Normal,21,3,3,2,0,65,0,0,0,40,0,1,2,1,3,3,0,0,0,0,0,237,101,15,13,6.5,1,0,0,4,4,12,4,RH=Crude Sword|LH=Crude Sword|BD=Crude Armour|A1=Crude Bracelet|A2=Crude Bracelet,,1,Rat|Rat,companion_join:Rat; party wiped; +1 levelup
443,12787,1,Normal,26,2,2,2,0,37,93,0,0,40,0,1,1,1,6,2,0,3,3,0,0,224,8,12,12,6,0,1,1,3,4,8,4,,,2,Rat|Rat,floor1_town;companion_join:Rat;companion_join:Rat
443,12787,2,Normal,38,4,4,4,0,93,122,0,3,80,0,1,2,1,3,3,1,0,0,0,0,448,36,14,14,3.5,0,1,1,3,4,16,4,,,1,Rat|Rat|Rat,companion_join:Rat;companion_join_skip:party_full; +1 levelup
443,12787,3,Normal,23,3,3,2,0,122,0,3,3,96,0,2,2,2,0,0,0,0,0,2,0,532,120,11,10,5,1,0,0,3,4,12,4,RH=Crude Sword|LH=Crude Sword|BD=Crude Armour|A1=Crude Bracelet|A2=Crude Bracelet,Swords_T1_03=2,0,Rat|Rat|Rat,companion_join_skip:party_full;companion_join_skip:party_full; party wiped
444,12788,1,Normal,40,5,5,5,0,37,74,0,3,100,0,1,2,2,14,7,0,3,3,0,0,560,8,29,29,5.8,0,1,1,6,4,20,4,,,1,Rat,floor1_town;companion_join:Rat; +1 levelup
444,12788,2,Normal,32,4,4,4,0,74,41,3,3,80,0,2,2,2,3,3,0,0,0,2,0,448,59,20,20,5,0,1,1,6,4,16,4,,Swords_T1_03=2,1,Rat|Rat,companion_join:Rat
444,12788,3,Normal,7,1,1,0,0,41,0,3,3,0,0,2,2,2,0,0,0,0,0,0,0,60,74,2,0,0,1,0,0,6,4,4,4,RH=Crude Sword|LH=Crude Sword|BD=Crude Armour|A1=Crude Bracelet|A2=Crude Bracelet,,0,Rat|Rat,party wiped
445,12789,1,Normal,30,5,5,4,0,37,0,0,0,80,0,1,1,0,14,6,0,0,0,0,0,554,65,25,20,5,1,0,0,5,4,20,4,RH=Crude Sword|LH=Crude Sword|BD=Crude Armour|A1=Crude Bracelet|A2=Crude Bracelet,,1,Rat,floor1_town;companion_join:Rat; party wiped
446,12790,1,Normal,36,3,3,3,0,37,37,0,0,60,0,1,1,0,9,5,2,3,3,0,0,336,14,18,18,6,0,1,1,4,4,12,4,,,0,-,floor1_town
446,12790,2,Normal,34,4,4,4,0,37,21,0,1,80,0,1,2,2,6,4,1,0,0,0,0,448,40,23,23,5.75,0,1,1,5,4,16,4,,,0,-,+1 levelup
446,12790,3,Normal,4,1,1,0,0,21,0,1,1,0,0,2,2,3,3,3,0,0,0,1,0,210,44,8,0,0,1,0,0,6,4,4,4,RH=Crude Sword|LH=Crude Sword|BD=Crude Armour|A1=Crude Bracelet|A2=Crude Bracelet,Swords_T1_03=1,0,-,party wiped
447,12791,1,Normal,34,5,5,5,0,37,100,0,2,100,0,1,2,0,15,4,0,3,3,0,0,560,40,26,26,5.2,0,1,1,6,4,20,4,,,2,Rat|Rat,floor1_town;companion_join:Rat;companion_join:Rat; +1 levelup
447,12791,2,Normal,38,3,3,3,0,100,105,2,2,60,0,2,2,0,3,3,1,0,0,3,0,336,44,9,9,3,0,1,1,6,4,12,4,,Swords_T1_03=3,1,Rat|Rat|Rat,companion_join:Rat
447,12791,3,Normal,24,3,3,1,1,105,0,2,0,48,0,2,2,3,3,3,0,0,0,2,0,368,128,11,5,5,1,0,0,12,4,12,4,RH=Crude Sword|LH=Crude Sword|BD=Crude Armour|A1=Crude Bracelet|A2=Crude Bracelet,Swords_T1_03=2,0,Rat|Rat|Rat,companion_join_skip:party_full; party wiped; flee×1
448,12792,1,Normal,32,3,3,3,0,37,37,0,0,60,0,1,1,0,9,7,1,3,3,0,0,336,8,22,22,7.333,0,1,1,4,4,12,4,,,0,-,floor1_town
448,12792,2,Normal,39,4,4,4,0,37,79,0,1,80,0,1,2,1,6,4,0,0,0,1,0,448,39,22,22,5.5,0,1,1,5,4,16,4,,Swords_T1_03=1,2,Rat|Rat,companion_join:Rat;companion_join:Rat; +1 levelup
448,12792,3,Normal,23,1,1,0,0,79,0,1,1,0,0,2,2,1,0,0,0,0,0,1,0,190,78,4,0,0,1,0,0,5,4,4,4,RH=Crude Sword|LH=Crude Sword|BD=Crude Armour|A1=Crude Bracelet|A2=Crude Bracelet,Swords_T1_03=1,0,Rat|Rat,party wiped
449,12793,1,Normal,30,3,3,3,0,37,37,0,0,60,0,1,1,0,9,5,0,3,3,0,0,336,16,17,17,5.667,0,1,1,4,4,12,4,,,0,-,floor1_town
449,12793,2,Normal,30,3,3,2,0,37,0,0,2,40,0,1,2,1,3,3,0,0,0,1,0,252,57,13,11,5.5,1,0,0,4,4,12,4,RH=Crude Sword|LH=Crude Sword|BD=Crude Armour|A1=Crude Bracelet|A2=Crude Bracelet,Swords_T1_03=1,0,-,party wiped; +1 levelup
450,12794,1,Normal,28,3,3,3,0,37,65,0,0,60,0,1,1,0,9,6,1,3,3,0,0,336,8,17,17,5.667,0,1,1,4,4,12,4,,,1,Rat,floor1_town;companion_join:Rat
450,12794,2,Normal,33,2,2,2,0,65,73,0,2,40,0,1,2,2,3,3,1,0,0,0,0,224,8,10,10,5,0,1,1,4,4,8,4,,,0,Rat,+1 levelup
450,12794,3,Normal,2,1,1,0,0,73,0,2,2,0,0,2,2,2,0,0,0,0,0,1,0,208,72,5,0,0,1,0,0,4,4,4,4,RH=Crude Sword|LH=Crude Sword|BD=Crude Armour|A1=Crude Bracelet|A2=Crude Bracelet,Swords_T1_03=1,0,Rat,party wiped
451,12795,1,Normal,26,3,3,3,0,37,37,0,0,60,0,1,1,1,9,6,1,3,3,0,0,336,30,20,20,6.667,0,1,1,4,4,12,4,,,0,-,floor1_town
451,12795,2,Normal,36,3,3,3,0,37,35,0,3,60,0,1,2,0,6,6,1,0,0,1,0,336,16,15,15,5,0,1,1,5,4,12,4,,Swords_T1_03=1,0,-,+1 levelup
451,12795,3,Normal,2,1,1,0,0,35,0,3,3,0,0,2,2,2,3,3,0,0,0,1,0,182,43,5,0,0,1,0,0,6,4,4,4,RH=Crude Sword|LH=Crude Sword|BD=Crude Armour|A1=Crude Bracelet|A2=Crude Bracelet,Swords_T1_03=1,0,-,party wiped
452,12796,1,Normal,40,4,4,4,0,37,65,0,0,80,0,1,1,0,12,10,1,3,3,0,0,448,21,24,24,6,0,1,1,5,4,16,4,,,1,Rat,floor1_town;companion_join:Rat
452,12796,2,Normal,20,4,4,3,0,65,0,0,1,60,0,1,2,2,3,3,0,0,0,2,0,392,113,16,13,4.333,1,0,0,5,4,16,4,RH=Crude Sword|LH=Crude Sword|BD=Crude Armour|A1=Crude Bracelet|A2=Crude Bracelet,Swords_T1_03=2,1,Rat|Rat,companion_join:Rat; party wiped; +1 levelup
453,12797,1,Normal,38,4,4,4,0,37,65,0,0,80,0,1,1,0,12,6,2,3,3,0,0,448,8,25,25,6.25,0,1,1,5,4,16,4,,,1,Rat,floor1_town;companion_join:Rat
453,12797,2,Normal,30,3,3,3,0,65,100,0,1,60,0,1,2,2,3,3,0,0,0,1,0,336,28,11,11,3.667,0,1,1,5,4,12,4,,Swords_T1_03=1,2,Rat|Rat|Rat,companion_join:Rat;companion_join:Rat; +1 levelup
453,12797,3,Normal,19,2,2,1,0,100,0,1,1,48,0,2,2,1,3,3,0,0,0,2,0,441,157,14,7,7,1,0,0,6,4,8,4,RH=Crude Sword|LH=Crude Sword|BD=Crude Armour|A1=Crude Bracelet|A2=Crude Bracelet,Swords_T1_03=2,0,Rat|Rat|Rat,party wiped
454,12798,1,Normal,36,3,3,3,0,37,37,0,0,60,0,1,1,0,9,7,0,3,3,0,0,336,24,18,18,6,0,1,1,4,4,12,4,,,0,-,floor1_town
454,12798,2,Normal,30,5,5,4,1,37,13,0,2,80,0,1,2,1,6,6,0,0,0,2,0,532,90,26,22,5.5,0,1,1,5,4,20,4,,Swords_T1_03=2,1,Rat,companion_join:Rat; +1 levelup; flee×1
454,12798,3,Normal,8,1,1,0,0,13,0,2,2,0,0,2,2,0,3,3,0,0,0,1,0,97,44,3,0,0,1,0,0,6,4,4,4,RH=Crude Sword|LH=Crude Sword|BD=Crude Armour|A1=Crude Bracelet|A2=Crude Bracelet,Swords_T1_03=1,0,Rat,party wiped
455,12799,1,Normal,34,3,3,3,0,37,65,0,0,60,0,1,1,2,9,5,0,3,3,0,0,336,29,17,17,5.667,0,1,1,4,4,12,4,,,1,Rat,floor1_town;companion_join:Rat
455,12799,2,Normal,29,2,2,2,0,65,101,0,3,40,0,1,2,1,3,3,1,0,0,0,0,224,16,11,11,5.5,0,1,1,4,4,8,4,,,1,Rat|Rat,companion_join:Rat; +1 levelup
455,12799,3,Normal,2,1,1,0,0,101,0,3,3,0,0,2,2,2,0,0,0,0,0,1,0,161,100,5,0,0,1,0,0,4,4,4,4,RH=Crude Sword|LH=Crude Sword|BD=Crude Armour|A1=Crude Bracelet|A2=Crude Bracelet,Swords_T1_03=1,0,Rat|Rat,party wiped
456,12800,1,Normal,32,5,5,5,0,37,102,0,2,100,0,1,2,0,15,6,0,3,3,0,0,560,24,23,23,4.6,0,1,1,6,4,20,4,,,2,Rat|Rat,floor1_town;companion_join:Rat;companion_join:Rat; +1 levelup
456,12800,2,Normal,30,5,5,4,0,102,0,2,2,80,0,2,2,0,3,3,0,0,0,3,0,540,128,20,15,3.75,1,0,0,6,4,20,4,RH=Crude Sword|LH=Crude Sword|BD=Crude Armour|A1=Crude Bracelet|A2=Crude Bracelet,Swords_T1_03=3,1,Rat|Rat|Rat,companion_join:Rat;companion_join_skip:party_full; party wiped
457,12801,1,Normal,30,2,2,2,0,37,65,0,0,40,0,1,1,0,5,3,2,3,3,0,0,224,16,9,9,4.5,0,1,1,3,4,8,4,,,1,Rat,floor1_town;companion_join:Rat
457,12801,2,Normal,39,6,6,5,1,65,37,0,2,100,0,1,2,3,9,9,0,0,0,2,0,644,173,28,23,4.6,0,1,1,5,4,24,4,,Swords_T1_03=2,0,Rat,+1 levelup; flee×1
457,12801,3,Normal,15,1,1,0,0,37,0,2,2,0,0,2,2,0,3,3,0,0,0,1,0,90,44,3,0,0,1,0,0,6,4,4,4,RH=Crude Sword|LH=Crude Sword|BD=Crude Armour|A1=Crude Bracelet|A2=Crude Bracelet,Swords_T1_03=1,0,Rat,party wiped
458,12802,1,Normal,28,5,5,5,0,37,102,0,3,100,0,1,2,0,14,8,0,3,3,0,0,560,46,23,23,4.6,0,1,1,6,4,20,4,,,2,Rat|Rat,floor1_town;companion_join:Rat;companion_join:Rat; +1 levelup
458,12802,2,Normal,37,4,4,4,0,102,56,3,3,80,0,2,2,0,3,3,0,0,0,4,0,448,70,13,13,3.25,0,1,1,6,4,16,4,,Swords_T1_03=4,1,Rat|Rat|Rat,companion_join:Rat
458,12802,3,Normal,6,1,1,0,0,56,0,3,3,0,0,2,2,0,0,0,0,0,0,0,0,74,56,2,0,0,1,0,0,6,4,4,4,RH=Crude Sword|LH=Crude Sword|BD=Crude Armour|A1=Crude Bracelet|A2=Crude Bracelet,,0,Rat|Rat|Rat,party wiped
459,12803,1,Normal,26,1,1,1,0,37,37,0,0,20,0,1,1,0,3,1,1,3,3,0,0,112,0,6,6,6,0,1,1,2,4,4,4,,,0,-,floor1_town
459,12803,2,Normal,16,2,2,1,0,37,0,0,0,20,0,1,1,1,3,3,0,0,0,0,0,168,37,9,7,7,1,0,0,2,4,8,4,RH=Crude Sword|LH=Crude Sword|BD=Crude Armour|A1=Crude Bracelet|A2=Crude Bracelet,,0,-,party wiped
460,12804,1,Normal,40,6,6,6,0,37,101,0,2,120,0,1,2,0,17,7,0,3,3,1,0,672,39,29,29,4.833,0,1,1,7,4,24,4,,Swords_T1_03=1,2,Rat|Rat,floor1_town;companion_join:Rat;companion_join:Rat; +1 levelup
460,12804,2,Normal,27,2,2,2,0,101,93,2,2,40,0,2,2,1,3,0,0,0,3,1,0,224,7,6,6,3,0,1,1,7,4,8,4,,Swords_T1_03=1,0,Rat|Rat,
460,12804,3,Normal,29,2,2,2,0,93,98,2,2,96,0,2,2,2,0,3,0,0,0,2,0,480,53,11,11,5.5,0,1,1,7,4,8,4,,Swords_T1_03=2,1,Rat|Rat|Goblin,companion_join:Goblin
460,12804,4,Normal,15,2,2,1,0,98,0,2,2,20,0,2,2,0,0,0,0,0,0,0,0,127,98,6,5,5,1,0,0,7,4,8,4,RH=Crude Sword|LH=Crude Sword|BD=Crude Armour|A1=Crude Bracelet|A2=Crude Bracelet,,0,Rat|Rat|Goblin,party wiped
461,12805,1,Normal,38,4,4,4,0,37,65,0,0,80,0,1,1,1,12,8,0,3,3,0,0,448,16,22,22,5.5,0,1,1,5,4,16,4,,,1,Rat,floor1_town;companion_join:Rat
461,12805,2,Normal,19,4,4,3,0,65,0,0,3,60,0,1,2,1,3,3,0,0,0,2,0,419,84,17,14,4.667,1,0,0,5,4,16,4,RH=Crude Sword|LH=Crude Sword|BD=Crude Armour|A1=Crude Bracelet|A2=Crude Bracelet,Swords_T1_03=2,0,Rat,party wiped; +1 levelup
462,12806,1,Normal,36,3,3,3,0,37,65,0,0,60,0,1,1,1,7,3,1,3,3,0,0,336,16,16,16,5.333,0,1,1,4,4,12,4,,,1,Rat,floor1_town;companion_join:Rat
462,12806,2,Normal,11,2,2,1,0,65,0,0,0,20,0,1,1,1,3,3,0,0,0,0,0,208,96,17,6,6,1,0,0,4,4,8,4,RH=Crude Sword|LH=Crude Sword|BD=Crude Armour|A1=Crude Bracelet|A2=Crude Bracelet,,1,Rat|Rat,companion_join:Rat; party wiped
463,12807,1,Normal,34,5,5,5,0,37,46,0,2,100,0,1,2,0,14,7,1,3,3,0,0,560,42,30,30,6,0,1,1,6,4,20,4,,,0,-,floor1_town; +1 levelup
463,12807,2,Normal,39,5,5,5,0,46,20,2,2,100,0,2,2,2,6,6,1,0,0,4,0,560,37,26,26,5.2,0,1,1,7,4,20,4,,Swords_T1_03=4,0,-,
463,12807,3,Normal,10,2,2,1,0,20,0,2,2,48,0,2,2,3,6,3,0,0,0,2,0,380,57,13,8,8,1,0,0,9,4,8,4,RH=Crude Sword|LH=Crude Sword|BD=Crude Armour|A1=Crude Bracelet|A2=Crude Bracelet,Swords_T1_03=2,0,-,party wiped
464,12808,1,Normal,32,7,7,7,0,37,101,0,3,140,0,1,2,1,20,9,1,3,3,2,0,784,29,39,39,5.571,0,1,1,8,4,28,4,,Swords_T1_03=2,2,Rat|Rat,floor1_town;companion_join:Rat;companion_join:Rat; +1 levelup
464,12808,2,Normal,33,2,2,2,0,101,129,3,3,40,0,2,2,0,3,3,3,0,0,2,0,224,-2,8,8,4,0,1,1,8,4,8,4,,Swords_T1_03=2,1,Rat|Rat|Rat,companion_join:Rat;companion_join_skip:party_full
464,12808,3,Normal,35,1,1,1,0,129,63,3,3,48,0,2,2,2,0,0,1,0,0,1,0,240,65,7,7,7,0,1,1,8,4,4,4,,Swords_T1_03=1,0,Rat|Rat|Rat,
464,12808,4,Normal,14,2,2,1,0,63,0,3,3,20,0,2,2,1,0,0,0,0,0,1,0,166,62,7,4,4,1,0,0,8,4,8,4,RH=Crude Sword|LH=Crude Sword|BD=Crude Armour|A1=Crude Bracelet|A2=Crude Bracelet,Swords_T1_03=1,0,Rat|Rat|Rat,party wiped
465,12809,1,Normal,7,1,1,0,0,37,0,0,0,0,0,1,1,0,3,3,0,0,0,0,0,109,37,7,0,0,1,0,0,1,4,4,4,RH=Crude Sword|LH=Crude Sword|BD=Crude Armour|A1=Crude Bracelet|A2=Crude Bracelet,,0,-,floor1_town; party wiped
466,12810,1,Normal,28,3,3,3,0,37,65,0,0,60,0,1,1,0,9,6,2,3,3,0,0,336,8,19,19,6.333,0,1,1,4,4,12,4,,,1,Rat,floor1_town;companion_join:Rat
466,12810,2,Normal,30,4,4,4,0,65,65,0,2,80,0,1,2,3,5,3,0,1,3,2,0,448,51,19,19,4.75,0,1,1,5,4,16,4,,Swords_T1_03=2,1,Rat|Rat,companion_join:Rat; +1 levelup
466,12810,3,Normal,3,1,1,0,0,65,0,2,2,0,0,2,2,2,1,3,0,0,0,1,0,224,64,7,0,0,1,0,0,5,4,4,4,RH=Crude Sword|LH=Crude Sword|BD=Crude Armour|A1=Crude Bracelet|A2=Crude Bracelet,Swords_T1_03=1,0,Rat|Rat,party wiped
467,12811,1,Normal,26,2,2,2,0,37,65,0,0,40,0,1,1,0,6,4,0,3,3,0,0,224,24,12,12,6,0,1,1,3,4,8,4,,,1,Rat,floor1_town;companion_join:Rat
467,12811,2,Normal,35,3,3,2,0,65,0,0,0,40,0,1,1,2,3,3,0,0,0,0,0,280,79,14,12,6,1,0,0,3,4,12,4,RH=Crude Sword|LH=Crude Sword|BD=Crude Armour|A1=Crude Bracelet|A2=Crude Bracelet,,0,Rat,party wiped
468,12812,1,Normal,40,5,5,5,0,37,100,0,1,100,0,1,2,0,15,11,1,3,3,0,0,560,8,29,29,5.8,0,1,1,6,4,20,4,,,2,Rat|Rat,floor1_town;companion_join:Rat;companion_join:Rat; +1 levelup
468,12812,2,Normal,28,3,3,3,0,100,106,1,1,60,0,2,2,1,3,3,0,0,0,3,0,336,19,10,10,3.333,0,1,1,6,4,12,4,,Swords_T1_03=3,1,Rat|Rat|Rat,companion_join:Rat
468,12812,3,Normal,18,2,2,1,0,106,0,1,1,48,0,2,2,1,0,0,0,0,0,1,0,292,127,6,4,4,1,0,0,6,4,8,4,RH=Crude Sword|LH=Crude Sword|BD=Crude Armour|A1=Crude Bracelet|A2=Crude Bracelet,Swords_T1_03=1,0,Rat|Rat|Rat,party wiped
469,12813,1,Normal,37,1,1,1,0,37,37,0,0,20,0,1,1,0,3,3,0,3,3,0,0,112,8,7,7,7,0,1,1,2,4,4,4,,,0,-,floor1_town
469,12813,2,Normal,26,4,4,4,0,37,8,0,0,80,0,1,2,1,6,6,0,0,0,0,0,448,101,27,27,6.75,0,1,1,3,4,16,4,,,2,Rat|Rat,companion_join:Rat;companion_join:Rat; +1 levelup
469,12813,3,Normal,4,1,1,0,0,8,0,0,0,0,0,2,2,2,3,3,0,0,0,0,0,48,28,5,0,0,1,0,0,9,4,4,4,RH=Crude Sword|LH=Crude Sword|BD=Crude Armour|A1=Crude Bracelet|A2=Crude Bracelet,,0,Rat|Rat,party wiped
470,12814,1,Normal,35,4,4,4,0,37,65,0,0,80,0,1,1,1,12,8,0,3,3,0,0,448,32,25,25,6.25,0,1,1,5,4,16,4,,,1,Rat,floor1_town;companion_join:Rat
470,12814,2,Normal,40,5,5,5,0,65,45,0,3,100,0,1,2,1,6,6,0,0,0,4,0,560,108,22,22,4.4,0,1,1,6,4,20,4,,Swords_T1_03=4,1,Rat|Rat,companion_join:Rat; +1 levelup
470,12814,3,Normal,7,1,1,0,0,45,0,3,3,0,0,2,2,1,0,0,0,0,0,0,0,71,74,2,0,0,1,0,0,6,4,4,4,RH=Crude Sword|LH=Crude Sword|BD=Crude Armour|A1=Crude Bracelet|A2=Crude Bracelet,,0,Rat|Rat,party wiped
471,12815,1,Normal,33,3,3,3,0,37,65,0,0,60,0,1,1,0,8,5,2,3,3,0,0,336,24,17,17,5.667,0,1,1,4,4,12,4,,,1,Rat,floor1_town;companion_join:Rat
471,12815,2,Normal,26,4,4,4,0,65,82,0,2,80,0,1,2,4,3,3,0,0,0,1,0,448,54,15,15,3.75,0,1,1,4,4,16,4,,Swords_T1_03=1,2,Rat|Rat|Rat,companion_join:Rat;companion_join:Rat;companion_join_skip:party_full; +1 levelup
471,12815,3,Normal,1,1,1,0,0,82,0,2,2,0,0,2,2,0,0,0,0,0,0,0,0,76,82,3,0,0,1,0,0,4,4,4,4,RH=Crude Sword|LH=Crude Sword|BD=Crude Armour|A1=Crude Bracelet|A2=Crude Bracelet,,0,Rat|Rat|Rat,party wiped
472,12816,1,Normal,31,4,4,4,0,37,65,0,0,80,0,1,1,0,12,6,1,3,3,0,0,448,24,23,23,5.75,0,1,1,5,4,16,4,,,1,Rat,floor1_town;companion_join:Rat
472,12816,2,Normal,40,2,2,2,0,65,89,0,3,40,0,1,2,2,3,3,1,0,0,1,0,224,28,11,11,5.5,0,1,1,5,4,8,4,,Swords_T1_03=1,1,Rat|Rat,companion_join:Rat; +1 levelup
472,12816,3,Normal,9,1,1,0,0,89,0,3,3,0,0,2,2,3,0,0,0,0,0,1,0,176,88,5,0,0,1,0,0,5,4,4,4,RH=Crude Sword|LH=Crude Sword|BD=Crude Armour|A1=Crude Bracelet|A2=Crude Bracelet,Swords_T1_03=1,0,Rat|Rat,party wiped
473,12817,1,Normal,29,2,2,2,0,37,37,0,0,40,0,1,1,0,6,6,2,3,3,0,0,224,0,14,14,7,0,1,1,3,4,8,4,,,0,-,floor1_town
473,12817,2,Normal,16,3,3,2,0,37,0,0,0,40,0,1,1,2,3,3,0,0,0,0,0,274,37,15,13,6.5,1,0,0,3,4,12,4,RH=Crude Sword|LH=Crude Sword|BD=Crude Armour|A1=Crude Bracelet|A2=Crude Bracelet,,0,-,party wiped
474,12818,1,Normal,27,4,4,4,0,37,37,0,0,80,0,1,1,0,12,4,1,3,3,0,0,448,8,20,20,5,0,1,1,5,4,16,4,,,0,-,floor1_town
474,12818,2,Normal,31,2,2,2,0,37,29,0,1,40,0,1,2,0,3,3,1,0,0,0,0,224,16,10,10,5,0,1,1,5,4,8,4,,,0,-,+1 levelup
474,12818,3,Normal,18,1,1,0,0,29,0,1,1,0,0,2,2,1,3,3,1,0,0,1,0,120,44,4,0,0,1,0,0,6,4,4,4,RH=Crude Sword|LH=Crude Sword|BD=Crude Armour|A1=Crude Bracelet|A2=Crude Bracelet,Swords_T1_03=1,0,-,party wiped
475,12819,1,Normal,25,2,2,2,0,37,65,0,0,40,0,1,1,0,6,4,2,3,3,0,0,224,8,12,12,6,0,1,1,3,4,8,4,,,1,Rat,floor1_town;companion_join:Rat
475,12819,2,Normal,29,3,3,3,0,65,128,0,1,60,0,1,2,3,3,3,1,0,0,0,0,336,8,12,12,4,0,1,1,3,4,12,4,,,2,Rat|Rat|Rat,companion_join:Rat;companion_join:Rat; +1 levelup
475,12819,3,Normal,5,2,2,1,0,128,0,1,0,48,0,2,2,1,3,3,0,0,0,1,0,325,142,16,10,10,1,0,0,9,4,8,4,RH=Crude Sword|LH=Crude Sword|BD=Crude Armour|A1=Crude Bracelet|A2=Crude Bracelet,Swords_T1_03=1,0,Rat|Rat|Rat,party wiped
476,12820,1,Normal,39,4,4,4,0,37,93,0,0,80,0,1,1,0,11,5,0,3,3,0,0,448,32,19,19,4.75,0,1,1,5,4,16,4,,,2,Rat|Rat,floor1_town;companion_join:Rat;companion_join:Rat
476,12820,2,Normal,27,3,3,3,0,93,25,0,2,60,0,1,2,0,3,3,0,0,0,1,0,336,84,14,14,4.667,0,1,1,5,4,12,4,,Swords_T1_03=1,0,Rat|Rat,+1 levelup
476,12820,3,Normal,11,1,1,0,0,25,0,2,2,0,0,2,2,1,0,0,0,0,0,0,0,60,49,2,0,0,1,0,0,5,4,4,4,RH=Crude Sword|LH=Crude Sword|BD=Crude Armour|A1=Crude Bracelet|A2=Crude Bracelet,,0,Rat|Rat,party wiped
477,12821,1,Normal,37,6,6,6,0,37,72,0,2,120,0,1,2,2,16,7,0,3,3,1,0,672,60,29,29,4.833,0,1,1,7,4,24,4,,Swords_T1_03=1,1,Rat,floor1_town;companion_join:Rat; +1 levelup
477,12821,2,Normal,10,2,2,1,0,72,0,2,2,20,0,2,2,0,3,3,0,0,0,2,0,196,70,10,6,6,1,0,0,7,4,8,4,RH=Crude Sword|LH=Crude Sword|BD=Crude Armour|A1=Crude Bracelet|A2=Crude Bracelet,Swords_T1_03=2,0,Rat,party wiped
478,12822,1,Normal,35,6,6,6,0,37,74,0,2,120,0,1,2,0,18,11,0,3,3,1,0,672,65,39,39,6.5,0,1,1,7,4,24,4,,Swords_T1_03=1,1,Rat,floor1_town;companion_join:Rat; +1 levelup
478,12822,2,Normal,25,3,3,3,0,74,52,2,2,60,0,2,2,1,3,3,1,0,0,2,0,336,56,15,15,5,0,1,1,7,4,12,4,,Swords_T1_03=2,1,Rat|Rat,companion_join:Rat
478,12822,3,Normal,15,1,1,0,0,52,0,2,2,0,0,2,2,3,0,0,0,0,0,2,0,110,50,4,0,0,1,0,0,7,4,4,4,RH=Crude Sword|LH=Crude Sword|BD=Crude Armour|A1=Crude Bracelet|A2=Crude Bracelet,Swords_T1_03=2,0,Rat|Rat,party wiped
479,12823,1,Normal,33,1,1,1,0,37,37,0,0,20,0,1,1,0,3,2,1,3,3,0,0,112,0,7,7,7,0,1,1,2,4,4,4,,,0,-,floor1_town
479,12823,2,Normal,15,3,3,2,0,37,0,0,0,40,0,1,1,1,3,3,0,0,0,0,0,289,65,13,11,5.5,1,0,0,2,4,12,4,RH=Crude Sword|LH=Crude Sword|BD=Crude Armour|A1=Crude Bracelet|A2=Crude Bracelet,,1,Rat,companion_join:Rat; party wiped
480,12824,1,Normal,27,4,4,3,0,37,0,0,0,60,0,1,1,0,12,6,0,0,0,0,0,417,45,21,17,5.667,1,0,0,4,4,16,4,RH=Crude Sword|LH=Crude Sword|BD=Crude Armour|A1=Crude Bracelet|A2=Crude Bracelet,,0,-,floor1_town; party wiped
481,12825,1,Normal,29,4,4,4,0,37,93,0,0,80,0,1,1,1,10,4,0,3,3,0,0,448,16,18,18,4.5,0,1,1,5,4,16,4,,,2,Rat|Rat,floor1_town;companion_join:Rat;companion_join:Rat
481,12825,2,Normal,28,3,3,3,0,93,83,0,1,60,0,1,2,0,3,3,0,0,0,2,0,336,51,11,11,3.667,0,1,1,5,4,12,4,,Swords_T1_03=2,1,Rat|Rat|Rat,companion_join:Rat; +1 levelup
481,12825,3,Normal,4,1,1,0,0,83,0,1,1,0,0,2,2,0,0,0,0,0,0,1,0,114,82,3,0,0,1,0,0,5,4,4,4,RH=Crude Sword|LH=Crude Sword|BD=Crude Armour|A1=Crude Bracelet|A2=Crude Bracelet,Swords_T1_03=1,0,Rat|Rat|Rat,party wiped
482,12826,1,Normal,27,3,3,3,0,37,65,0,0,60,0,1,1,0,9,3,2,3,3,0,0,336,6,18,18,6,0,1,1,4,4,12,4,,,1,Rat,floor1_town;companion_join:Rat
482,12826,2,Normal,29,5,5,5,0,65,101,0,2,100,0,1,2,3,5,3,0,1,3,2,0,560,50,22,22,4.4,0,1,1,5,4,20,4,,Swords_T1_03=2,1,Rat|Rat,companion_join:Rat; +1 levelup
482,12826,3,Normal,9,2,2,1,0,101,0,2,2,48,0,2,2,2,1,3,0,0,0,1,0,327,100,9,6,6,1,0,0,5,4,8,4,RH=Crude Sword|LH=Crude Sword|BD=Crude Armour|A1=Crude Bracelet|A2=Crude Bracelet,Swords_T1_03=1,0,Rat|Rat,party wiped
483,12827,1,Normal,25,2,2,2,0,37,37,0,0,40,0,1,1,0,6,4,1,3,3,0,0,224,22,13,13,6.5,0,1,1,3,4,8,4,,,0,-,floor1_town
483,12827,2,Normal,37,3,3,3,0,37,45,0,2,60,0,1,2,0,9,3,3,0,3,0,0,336,16,16,16,5.333,0,1,1,5,4,12,4,,,0,-,+1 levelup
483,12827,3,Normal,5,1,1,0,0,45,0,2,2,0,0,2,2,5,0,3,0,0,0,1,0,146,44,5,0,0,1,0,0,5,4,4,4,RH=Crude Sword|LH=Crude Sword|BD=Crude Armour|A1=Crude Bracelet|A2=Crude Bracelet,Swords_T1_03=1,0,-,party wiped
484,12828,1,Normal,39,5,5,5,0,37,128,0,2,100,0,1,2,1,14,3,1,3,3,0,0,560,16,24,24,4.8,0,1,1,6,4,20,4,,,3,Rat|Rat|Rat,floor1_town;companion_join:Rat;companion_join:Rat;companion_join:Rat; +1 levelup
484,12828,2,Normal,35,4,4,4,0,128,108,2,2,80,0,2,2,2,3,3,1,0,0,3,0,448,24,14,14,3.5,0,1,1,6,4,16,4,,Swords_T1_03=3,0,Rat|Rat|Rat,companion_join_skip:party_full;companion_join_skip:party_full
484,12828,3,Normal,2,1,1,0,0,108,0,2,2,0,0,2,2,1,0,0,0,0,0,1,0,100,107,5,0,0,1,0,0,6,4,4,4,RH=Crude Sword|LH=Crude Sword|BD=Crude Armour|A1=Crude Bracelet|A2=Crude Bracelet,Swords_T1_03=1,0,Rat|Rat|Rat,party wiped
485,12829,1,Normal,37,4,4,4,0,37,65,0,0,80,0,1,1,0,12,9,0,3,3,0,0,448,32,23,23,5.75,0,1,1,5,4,16,4,,,1,Rat,floor1_town;companion_join:Rat
485,12829,2,Normal,19,4,4,3,0,65,0,0,3,60,0,1,2,1,3,3,0,0,0,2,0,415,120,23,16,5.333,1,0,0,5,4,16,4,RH=Crude Sword|LH=Crude Sword|BD=Crude Armour|A1=Crude Bracelet|A2=Crude Bracelet,Swords_T1_03=2,1,Rat|Rat,companion_join:Rat; party wiped; +1 levelup
486,12830,1,Normal,35,4,4,4,0,37,93,0,0,80,0,1,1,1,10,5,1,3,3,0,0,448,32,21,21,5.25,0,1,1,5,4,16,4,,,2,Rat|Rat,floor1_town;companion_join:Rat;companion_join:Rat
486,12830,2,Normal,32,5,5,4,0,93,0,0,2,80,0,1,2,3,3,3,0,0,0,3,0,536,143,19,14,3.5,1,0,0,5,4,20,4,RH=Crude Sword|LH=Crude Sword|BD=Crude Armour|A1=Crude Bracelet|A2=Crude Bracelet,Swords_T1_03=3,1,Rat|Rat|Rat,companion_join:Rat; party wiped; +1 levelup
487,12831,1,Normal,33,2,2,2,0,37,37,0,0,40,0,1,1,0,5,1,0,3,3,0,0,224,18,12,12,6,0,1,1,3,4,8,4,,,0,-,floor1_town
487,12831,2,Normal,31,3,3,2,0,37,0,0,0,40,0,1,1,1,3,3,0,0,0,0,0,265,65,14,12,6,1,0,0,3,4,12,4,RH=Crude Sword|LH=Crude Sword|BD=Crude Armour|A1=Crude Bracelet|A2=Crude Bracelet,,1,Rat,companion_join:Rat; party wiped
488,12832,1,Normal,31,6,6,6,0,37,74,0,3,120,0,1,2,0,16,6,2,3,3,1,0,672,65,35,35,5.833,0,1,1,7,4,24,4,,Swords_T1_03=1,1,Rat,floor1_town;companion_join:Rat; +1 levelup
488,12832,2,Normal,33,3,3,2,1,74,9,3,3,40,0,2,2,2,3,3,0,0,0,1,0,280,64,13,10,5,0,1,1,7,4,12,4,,Swords_T1_03=1,0,Rat,flee×1
488,12832,3,Normal,1,1,1,0,0,9,0,3,3,0,0,2,2,0,3,3,0,0,0,1,0,165,45,4,0,0,1,0,0,8,4,4,4,RH=Crude Sword|LH=Crude Sword|BD=Crude Armour|A1=Crude Bracelet|A2=Crude Bracelet,Swords_T1_03=1,0,Rat,party wiped
489,12833,1,Normal,29,3,3,3,0,37,65,0,0,60,0,1,1,0,9,4,0,3,3,0,0,336,0,13,13,4.333,0,1,1,4,4,12,4,,,1,Rat,floor1_town;companion_join:Rat
489,12833,2,Normal,22,3,3,2,0,65,0,0,2,40,0,1,2,2,3,3,0,0,0,0,0,268,122,13,10,5,1,0,0,4,4,12,4,RH=Crude Sword|LH=Crude Sword|BD=Crude Armour|A1=Crude Bracelet|A2=Crude Bracelet,,1,Rat|Rat,companion_join:Rat; party wiped; +1 levelup
490,12834,1,Normal,27,3,3,3,0,37,37,0,0,60,0,1,1,0,9,8,1,3,3,0,0,336,0,17,17,5.667,0,1,1,4,4,12,4,,,0,-,floor1_town
490,12834,2,Normal,23,4,4,3,0,37,0,0,2,60,0,1,2,2,3,3,0,0,0,1,0,364,65,17,15,5,1,0,0,4,4,16,4,RH=Crude Sword|LH=Crude Sword|BD=Crude Armour|A1=Crude Bracelet|A2=Crude Bracelet,Swords_T1_03=1,0,-,party wiped; +1 levelup
491,12835,1,Normal,25,2,2,2,0,37,37,0,0,40,0,1,1,0,6,4,0,3,3,0,0,224,29,13,13,6.5,0,1,1,3,4,8,4,,,0,-,floor1_town
491,12835,2,Normal,29,3,3,2,0,37,0,0,0,40,0,1,1,2,3,3,0,0,0,0,0,252,65,14,12,6,1,0,0,3,4,12,4,RH=Crude Sword|LH=Crude Sword|BD=Crude Armour|A1=Crude Bracelet|A2=Crude Bracelet,,1,Rat,companion_join:Rat; party wiped
492,12836,1,Normal,39,5,5,5,0,37,129,0,1,100,0,1,2,1,13,3,0,3,3,0,0,560,18,21,21,4.2,0,1,1,6,4,20,4,,,3,Rat|Rat|Rat,floor1_town;companion_join:Rat;companion_join:Rat;companion_join:Rat; +1 levelup
492,12836,2,Normal,26,2,2,2,0,129,123,1,1,40,0,2,2,0,3,1,0,0,2,2,0,224,4,7,7,3.5,0,1,1,6,4,8,4,,Swords_T1_03=2,0,Rat|Rat|Rat,companion_join_skip:party_full
492,12836,3,Normal,12,1,1,0,0,123,0,1,1,0,0,2,2,0,0,2,0,0,0,0,0,175,131,4,0,0,1,0,0,6,4,4,4,RH=Crude Sword|LH=Crude Sword|BD=Crude Armour|A1=Crude Bracelet|A2=Crude Bracelet,,0,Rat|Rat|Rat,party wiped
493,12837,1,Normal,37,3,3,3,0,37,37,0,0,60,0,1,1,1,9,7,1,3,3,0,0,336,1,19,19,6.333,0,1,1,4,4,12,4,,,0,-,floor1_town
493,12837,2,Normal,33,3,3,3,0,37,31,0,2,60,0,1,2,2,6,3,0,0,0,0,0,336,32,21,21,7,0,1,1,5,4,12,4,,,0,-,+1 levelup
493,12837,3,Normal,25,2,2,1,0,31,0,2,2,48,0,2,2,2,6,6,0,0,0,2,0,421,86,12,8,8,1,0,0,7,4,8,4,RH=Crude Sword|LH=Crude Sword|BD=Crude Armour|A1=Crude Bracelet|A2=Crude Bracelet,Swords_T1_03=2,0,-,party wiped
494,12838,1,Normal,35,3,3,3,0,37,93,0,0,60,0,1,1,1,7,3,0,3,3,0,0,336,8,15,15,5,0,1,1,4,4,12,4,,,2,Rat|Rat,floor1_town;companion_join:Rat;companion_join:Rat
494,12838,2,Normal,40,4,4,4,0,93,41,0,1,80,0,1,2,0,3,3,0,0,0,1,0,448,87,15,15,3.75,0,1,1,4,4,16,4,,Swords_T1_03=1,1,Rat|Rat|Rat,companion_join:Rat; +1 levelup
494,12838,3,Normal,13,2,2,1,0,41,0,1,1,48,0,2,2,0,3,3,0,0,0,2,0,391,99,8,5,5,1,0,0,5,4,8,4,RH=Crude Sword|LH=Crude Sword|BD=Crude Armour|A1=Crude Bracelet|A2=Crude Bracelet,Swords_T1_03=2,0,Rat|Rat|Rat,party wiped
495,12839,1,Normal,33,4,4,4,0,37,65,0,0,80,0,1,1,2,12,7,0,3,3,0,0,448,24,24,24,6,0,1,1,5,4,16,4,,,1,Rat,floor1_town;companion_join:Rat
495,12839,2,Normal,38,2,2,2,0,65,83,0,3,40,0,1,2,1,3,3,0,0,0,0,0,224,19,7,7,3.5,0,1,1,5,4,8,4,,,1,Rat|Rat,companion_join:Rat; +1 levelup
495,12839,3,Normal,8,1,1,0,0,83,0,3,3,0,0,2,2,2,0,0,0,0,0,0,0,117,102,3,0,0,1,0,0,5,4,4,4,RH=Crude Sword|LH=Crude Sword|BD=Crude Armour|A1=Crude Bracelet|A2=Crude Bracelet,,0,Rat|Rat,party wiped
496,12840,1,Normal,31,6,6,6,0,37,130,0,1,120,0,1,2,0,17,5,0,3,3,0,0,672,42,25,25,4.167,0,1,1,7,4,24,4,,,3,Rat|Rat|Rat,floor1_town;companion_join:Rat;companion_join:Rat;companion_join:Rat;companion_join_skip:party_full;companion_join_skip:party_full; +1 levelup
496,12840,2,Normal,25,5,5,5,0,130,106,1,1,100,0,2,2,1,3,3,1,0,0,2,0,560,37,16,16,3.2,0,1,1,7,4,20,4,,Swords_T1_03=2,0,Rat|Rat|Rat,companion_join_skip:party_full
496,12840,3,Normal,5,1,1,0,0,106,0,1,1,0,0,2,2,1,0,0,0,0,0,1,0,120,105,4,0,0,1,0,0,7,4,4,4,RH=Crude Sword|LH=Crude Sword|BD=Crude Armour|A1=Crude Bracelet|A2=Crude Bracelet,Swords_T1_03=1,0,Rat|Rat|Rat,party wiped
497,12841,1,Normal,29,5,5,5,0,37,73,0,3,100,0,1,2,2,15,8,0,3,3,0,0,560,46,25,25,5,0,1,1,6,4,20,4,,,1,Rat,floor1_town;companion_join:Rat; +1 levelup
497,12841,2,Normal,37,3,3,2,1,73,65,3,3,40,0,2,2,0,5,3,0,1,3,3,0,280,77,14,11,5.5,0,1,1,7,4,12,4,,Swords_T1_03=3,0,Rat,flee×1
497,12841,3,Normal,3,1,1,0,0,65,0,3,3,0,0,2,2,1,1,3,0,0,0,1,0,103,92,4,0,0,1,0,0,7,4,4,4,RH=Crude Sword|LH=Crude Sword|BD=Crude Armour|A1=Crude Bracelet|A2=Crude Bracelet,Swords_T1_03=1,0,Rat,party wiped
498,12842,1,Normal,27,3,3,3,0,37,65,0,0,60,0,1,1,0,9,6,0,3,3,0,0,336,32,22,22,7.333,0,1,1,4,4,12,4,,,1,Rat,floor1_town;companion_join:Rat
498,12842,2,Normal,16,2,2,1,0,65,0,0,0,20,0,1,1,0,3,3,0,0,0,0,0,193,81,9,5,5,1,0,0,4,4,8,4,RH=Crude Sword|LH=Crude Sword|BD=Crude Armour|A1=Crude Bracelet|A2=Crude Bracelet,,0,Rat,party wiped
499,12843,1,Normal,25,2,2,2,0,37,37,0,0,40,0,1,1,0,6,2,1,3,3,0,0,224,8,11,11,5.5,0,1,1,3,4,8,4,,,0,-,floor1_town
499,12843,2,Normal,12,3,3,2,0,37,0,0,0,40,0,1,1,1,6,6,0,0,0,0,0,330,61,19,11,5.5,1,0,0,4,4,12,4,RH=Crude Sword|LH=Crude Sword|BD=Crude Armour|A1=Crude Bracelet|A2=Crude Bracelet,,0,-,party wiped
500,12844,1,Normal,22,3,3,2,0,37,0,0,0,40,0,1,1,0,9,7,0,0,0,0,0,308,45,18,10,5,1,0,0,3,4,12,4,RH=Crude Sword|LH=Crude Sword|BD=Crude Armour|A1=Crude Bracelet|A2=Crude Bracelet,,0,-,floor1_town; party wiped
501,12845,1,Normal,37,3,3,3,0,37,65,0,0,60,0,1,1,0,8,4,1,3,3,0,0,336,27,17,17,5.667,0,1,1,4,4,12,4,,,1,Rat,floor1_town;companion_join:Rat
501,12845,2,Normal,34,4,4,4,0,65,79,0,3,80,0,1,2,1,3,3,0,0,0,0,0,448,81,14,14,3.5,0,1,1,4,4,16,4,,,2,Rat|Rat|Rat,companion_join:Rat;companion_join:Rat;companion_join_skip:party_full;companion_join_skip:party_full; +1 levelup
501,12845,3,Normal,1,1,1,0,0,79,0,3,3,0,0,2,2,0,0,0,0,0,0,1,0,171,78,5,0,0,1,0,0,4,4,4,4,RH=Crude Sword|LH=Crude Sword|BD=Crude Armour|A1=Crude Bracelet|A2=Crude Bracelet,Swords_T1_03=1,0,Rat|Rat|Rat,party wiped
502,12846,1,Normal,35,6,6,6,0,37,129,0,3,120,0,1,2,2,17,8,0,3,3,1,0,672,37,26,26,4.333,0,1,1,7,4,24,4,,Swords_T1_03=1,3,Rat|Rat|Rat,floor1_town;companion_join:Rat;companion_join:Rat;companion_join:Rat; +1 levelup
502,12846,2,Normal,27,2,2,2,0,129,87,3,3,40,0,2,2,0,3,3,2,0,0,1,0,224,50,9,9,4.5,0,1,1,7,4,8,4,,Swords_T1_03=1,0,Rat|Rat|Rat,
502,12846,3,Normal,17,2,2,1,0,87,0,3,3,48,0,2,2,4,0,0,0,0,0,1,0,360,86,8,4,4,1,0,0,7,4,8,4,RH=Crude Sword|LH=Crude Sword|BD=Crude Armour|A1=Crude Bracelet|A2=Crude Bracelet,Swords_T1_03=1,0,Rat|Rat|Rat,party wiped
503,12847,1,Normal,33,2,2,2,0,37,37,0,0,40,0,1,1,0,6,3,1,3,3,0,0,224,8,11,11,5.5,0,1,1,3,4,8,4,,,0,-,floor1_town
503,12847,2,Normal,37,6,6,5,1,37,9,0,1,100,0,1,2,3,6,6,0,0,0,3,0,616,93,32,30,6,0,1,1,4,4,24,4,,Swords_T1_03=3,1,Rat,companion_join:Rat; +1 levelup; flee×1
503,12847,3,Normal,4,1,1,0,0,9,0,1,1,0,0,2,2,0,3,3,0,0,0,1,0,195,43,5,0,0,1,0,0,5,4,4,4,RH=Crude Sword|LH=Crude Sword|BD=Crude Armour|A1=Crude Bracelet|A2=Crude Bracelet,Swords_T1_03=1,0,Rat,party wiped
504,12848,1,Normal,31,3,3,3,0,37,65,0,0,60,0,1,1,2,8,5,0,3,3,0,0,336,19,17,17,5.667,0,1,1,4,4,12,4,,,1,Rat,floor1_town;companion_join:Rat
504,12848,2,Normal,40,2,2,2,0,65,129,0,1,40,0,1,2,1,3,0,0,0,3,0,0,224,8,7,7,3.5,0,1,1,4,4,8,4,,,2,Rat|Rat|Rat,companion_join:Rat;companion_join:Rat; +1 levelup
504,12848,3,Normal,18,2,2,1,0,129,0,1,1,48,0,2,2,0,0,3,0,0,0,1,0,311,128,7,5,5,1,0,0,4,4,8,4,RH=Crude Sword|LH=Crude Sword|BD=Crude Armour|A1=Crude Bracelet|A2=Crude Bracelet,Swords_T1_03=1,0,Rat|Rat|Rat,party wiped
505,12849,1,Normal,29,2,2,2,0,37,37,0,0,40,0,1,1,0,5,0,1,3,3,0,0,224,16,10,10,5,0,1,1,3,4,8,4,,,0,-,floor1_town
505,12849,2,Normal,29,2,2,2,0,37,29,0,0,40,0,1,1,0,3,1,1,0,2,0,0,224,8,10,10,5,0,1,1,3,4,8,4,,,0,-,
505,12849,3,Normal,3,1,1,0,0,29,0,0,0,0,0,1,1,3,3,3,0,0,0,0,0,158,37,4,0,0,1,0,0,9,4,4,4,RH=Crude Sword|LH=Crude Sword|BD=Crude Armour|A1=Crude Bracelet|A2=Crude Bracelet,,0,-,party wiped
506,12850,1,Normal,27,4,4,4,0,37,65,0,0,80,0,1,1,2,12,4,0,3,3,0,0,448,43,21,21,5.25,0,1,1,5,4,16,4,,,1,Rat,floor1_town;companion_join:Rat
506,12850,2,Normal,26,4,4,3,0,65,0,0,3,60,0,1,2,1,3,3,0,0,0,3,0,430,77,19,14,4.667,1,0,0,5,4,16,4,RH=Crude Sword|LH=Crude Sword|BD=Crude Armour|A1=Crude Bracelet|A2=Crude Bracelet,Swords_T1_03=3,0,Rat,party wiped; +1 levelup
507,12851,1,Normal,25,4,4,4,0,37,37,0,0,80,0,1,1,0,12,9,0,3,3,0,0,448,45,25,25,6.25,0,1,1,5,4,16,4,,,0,-,floor1_town
507,12851,2,Normal,26,3,3,2,1,37,4,0,3,40,0,1,2,1,3,3,0,0,0,1,0,252,41,12,11,5.5,0,1,1,5,4,12,4,,Swords_T1_03=1,0,-,+1 levelup; flee×1
507,12851,3,Normal,1,1,1,0,0,4,0,3,3,0,0,2,2,0,3,3,0,0,0,1,0,127,45,3,0,0,1,0,0,6,4,4,4,RH=Crude Sword|LH=Crude Sword|BD=Crude Armour|A1=Crude Bracelet|A2=Crude Bracelet,Swords_T1_03=1,0,-,party wiped
508,12852,1,Normal,39,5,5,5,0,37,45,0,2,100,0,1,2,0,15,8,2,3,3,0,0,560,29,27,27,5.4,0,1,1,6,4,20,4,,,0,-,floor1_town; +1 levelup
508,12852,2,Normal,28,4,4,4,0,45,73,2,2,80,0,2,2,3,3,3,0,0,0,3,0,448,-3,17,17,4.25,0,1,1,6,4,16,4,,Swords_T1_03=3,1,Rat,companion_join:Rat
508,12852,3,Normal,1,1,1,0,0,73,0,2,2,0,0,2,2,0,0,0,0,0,0,1,0,86,72,2,0,0,1,0,0,6,4,4,4,RH=Crude Sword|LH=Crude Sword|BD=Crude Armour|A1=Crude Bracelet|A2=Crude Bracelet,Swords_T1_03=1,0,Rat,party wiped
509,12853,1,Normal,37,5,5,5,0,37,46,0,1,100,0,1,2,0,15,3,0,3,3,0,0,560,22,29,29,5.8,0,1,1,6,4,20,4,,,0,-,floor1_town; +1 levelup
509,12853,2,Normal,39,4,4,3,1,46,66,1,1,60,0,2,2,1,6,3,0,0,3,3,0,420,87,18,15,5,0,1,1,7,4,16,4,,Swords_T1_03=3,2,Rat|Rat,companion_join:Rat;companion_join:Rat; flee×1
509,12853,3,Normal,5,1,1,0,0,66,0,1,1,0,0,2,2,1,0,3,0,0,0,0,0,80,72,3,0,0,1,0,0,7,4,4,4,RH=Crude Sword|LH=Crude Sword|BD=Crude Armour|A1=Crude Bracelet|A2=Crude Bracelet,,0,Rat|Rat,party wiped
510,12854,1,Normal,35,3,3,3,0,37,65,0,0,60,0,1,1,0,9,6,1,3,3,0,0,336,18,20,20,6.667,0,1,1,4,4,12,4,,,1,Rat,floor1_town;companion_join:Rat
510,12854,2,Normal,25,2,2,2,0,65,115,0,2,40,0,1,2,1,3,3,1,0,0,0,0,224,23,10,10,5,0,1,1,4,4,8,4,,,2,Rat|Rat|Rat,companion_join:Rat;companion_join:Rat; +1 levelup
510,12854,3,Normal,4,1,1,0,0,115,0,2,2,0,0,2,2,1,0,0,0,0,0,1,0,157,114,4,0,0,1,0,0,4,4,4,4,RH=Crude Sword|LH=Crude Sword|BD=Crude Armour|A1=Crude Bracelet|A2=Crude Bracelet,Swords_T1_03=1,0,Rat|Rat|Rat,party wiped
511,12855,1,Normal,19,3,3,2,0,37,0,0,0,40,0,1,1,0,9,8,0,0,0,0,0,237,65,15,12,6,1,0,0,9,4,12,4,RH=Crude Sword|LH=Crude Sword|BD=Crude Armour|A1=Crude Bracelet|A2=Crude Bracelet,,1,Rat,floor1_town;companion_join:Rat; party wiped
512,12856,1,Normal,31,5,5,5,0,37,74,0,2,100,0,1,2,1,13,7,0,3,3,0,0,560,59,29,29,5.8,0,1,1,6,4,20,4,,,1,Rat,floor1_town;companion_join:Rat; +1 levelup
512,12856,2,Normal,33,4,4,3,1,74,13,2,2,60,0,2,2,2,3,3,0,0,0,2,0,364,67,16,15,5,0,1,1,6,4,16,4,,Swords_T1_03=2,0,Rat,flee×1
512,12856,3,Normal,11,1,1,0,0,13,0,2,2,0,0,2,2,1,0,0,0,0,0,0,0,37,46,1,0,0,1,0,0,6,4,4,4,RH=Crude Sword|LH=Crude Sword|BD=Crude Armour|A1=Crude Bracelet|A2=Crude Bracelet,,0,Rat,party wiped
513,12857,1,Normal,29,4,4,4,0,37,37,0,0,80,0,1,1,0,12,6,2,3,3,0,0,448,21,22,22,5.5,0,1,1,5,4,16,4,,,0,-,floor1_town
513,12857,2,Normal,31,1,1,1,0,37,44,0,1,20,0,1,2,0,3,0,3,0,3,0,0,112,8,5,5,5,0,1,1,5,4,4,4,,,0,-,+1 levelup
513,12857,3,Normal,15,1,1,0,0,44,0,1,1,0,0,2,2,2,0,3,1,0,0,0,0,148,44,5,0,0,1,0,0,5,4,4,4,RH=Crude Sword|LH=Crude Sword|BD=Crude Armour|A1=Crude Bracelet|A2=Crude Bracelet,,0,-,party wiped
514,12858,1,Normal,27,4,4,4,0,37,65,0,0,80,0,1,1,1,12,8,0,3,3,0,0,448,55,22,22,5.5,0,1,1,5,4,16,4,,,1,Rat,floor1_town;companion_join:Rat
514,12858,2,Normal,26,4,4,3,0,65,0,0,1,60,0,1,2,0,6,6,0,0,0,3,0,417,99,25,19,6.333,1,0,0,6,4,16,4,RH=Crude Sword|LH=Crude Sword|BD=Crude Armour|A1=Crude Bracelet|A2=Crude Bracelet,Swords_T1_03=3,0,Rat,party wiped; +1 levelup
515,12859,1,Normal,25,4,4,4,0,37,37,0,0,80,0,1,1,2,12,10,0,3,3,0,0,448,16,27,27,6.75,0,1,1,5,4,16,4,,,0,-,floor1_town
515,12859,2,Normal,31,3,3,3,0,37,64,0,1,60,0,1,2,0,6,4,1,0,2,2,0,336,35,18,18,6,0,1,1,6,4,12,4,,Swords_T1_03=2,1,Rat,companion_join:Rat; +1 levelup
515,12859,3,Normal,3,1,1,0,0,64,0,1,1,0,0,2,2,2,0,2,0,0,0,0,0,103,64,4,0,0,1,0,0,6,4,4,4,RH=Crude Sword|LH=Crude Sword|BD=Crude Armour|A1=Crude Bracelet|A2=Crude Bracelet,,0,Rat,party wiped
516,12860,1,Normal,39,4,4,4,0,37,65,0,0,80,0,1,1,0,12,7,0,3,3,0,0,448,13,22,22,5.5,0,1,1,5,4,16,4,,,1,Rat,floor1_town;companion_join:Rat
516,12860,2,Normal,34,3,3,2,1,65,2,0,1,40,0,1,2,1,3,3,0,0,0,0,0,252,105,11,10,5,0,1,1,5,4,12,4,,,1,Rat|Rat,companion_join:Rat; +1 levelup; flee×1
516,12860,3,Normal,13,1,1,0,0,2,0,1,0,0,0,2,2,0,3,3,0,0,0,0,0,68,28,4,0,0,1,0,0,11,4,4,4,RH=Crude Sword|LH=Crude Sword|BD=Crude Armour|A1=Crude Bracelet|A2=Crude Bracelet,,0,Rat|Rat,party wiped
517,12861,1,Normal,37,4,4,4,0,37,37,0,0,80,0,1,1,0,12,5,2,3,3,0,0,448,16,24,24,6,0,1,1,5,4,16,4,,,0,-,floor1_town
517,12861,2,Normal,37,3,3,3,0,37,75,0,2,60,0,1,2,3,3,3,0,0,0,1,0,336,33,16,16,5.333,0,1,1,5,4,12,4,,Swords_T1_03=1,2,Rat|Rat,companion_join:Rat;companion_join:Rat; +1 levelup
517,12861,3,Normal,2,1,1,0,0,75,0,2,2,0,0,2,2,1,0,0,0,0,0,1,0,174,74,4,0,0,1,0,0,5,4,4,4,RH=Crude Sword|LH=Crude Sword|BD=Crude Armour|A1=Crude Bracelet|A2=Crude Bracelet,Swords_T1_03=1,0,Rat|Rat,party wiped
518,12862,1,Normal,35,5,5,5,0,37,101,0,1,100,0,1,2,0,14,2,0,3,3,0,0,560,32,23,23,4.6,0,1,1,6,4,20,4,,,2,Rat|Rat,floor1_town;companion_join:Rat;companion_join:Rat; +1 levelup
518,12862,2,Normal,26,3,3,3,0,101,115,1,1,60,0,2,2,0,3,3,0,0,0,2,0,336,12,10,10,3.333,0,1,1,6,4,12,4,,Swords_T1_03=2,1,Rat|Rat|Rat,companion_join:Rat
518,12862,3,Normal,12,2,2,1,0,115,0,1,1,48,0,2,2,2,0,0,0,0,0,1,0,374,114,12,6,6,1,0,0,6,4,8,4,RH=Crude Sword|LH=Crude Sword|BD=Crude Armour|A1=Crude Bracelet|A2=Crude Bracelet,Swords_T1_03=1,0,Rat|Rat|Rat,party wiped
519,12863,1,Normal,33,3,3,3,0,37,37,0,0,60,0,1,1,0,8,4,2,3,3,0,0,336,8,17,17,5.667,0,1,1,4,4,12,4,,,0,-,floor1_town
519,12863,2,Normal,34,3,3,2,1,37,11,0,2,40,0,1,2,2,3,3,0,0,0,1,0,252,34,12,11,5.5,0,1,1,4,4,12,4,,Swords_T1_03=1,0,-,+1 levelup; flee×1
519,12863,3,Normal,2,1,1,0,0,11,0,2,2,0,0,2,2,1,0,0,0,0,0,0,0,35,44,1,0,0,1,0,0,4,4,4,4,RH=Crude Sword|LH=Crude Sword|BD=Crude Armour|A1=Crude Bracelet|A2=Crude Bracelet,,0,-,party wiped
520,12864,1,Normal,31,3,3,3,0,37,65,0,0,60,0,1,1,0,9,6,0,3,3,0,0,336,69,19,19,6.333,0,1,1,4,4,12,4,,,1,Rat,floor1_town;companion_join:Rat
520,12864,2,Normal,31,4,4,4,0,65,89,0,3,80,0,1,2,2,3,3,0,0,0,1,0,448,68,15,15,3.75,0,1,1,4,4,16,4,,Swords_T1_03=1,2,Rat|Rat|Rat,companion_join:Rat;companion_join:Rat; +1 levelup
520,12864,3,Normal,3,1,1,0,0,89,0,3,3,0,0,2,2,2,0,0,0,0,0,1,0,224,88,9,0,0,1,0,0,4,4,4,4,RH=Crude Sword|LH=Crude Sword|BD=Crude Armour|A1=Crude Bracelet|A2=Crude Bracelet,Swords_T1_03=1,0,Rat|Rat|Rat,party wiped
521,12865,1,Normal,29,3,3,3,0,37,37,0,0,60,0,1,1,0,9,4,1,3,3,0,0,336,22,19,19,6.333,0,1,1,4,4,12,4,,,0,-,floor1_town
521,12865,2,Normal,29,4,4,3,1,37,66,0,2,60,0,1,2,1,8,5,0,1,3,2,0,420,59,22,17,5.667,0,1,1,6,4,16,4,,Swords_T1_03=2,1,Rat,companion_join:Rat; +1 levelup; flee×1
521,12865,3,Normal,1,1,1,0,0,66,0,2,2,0,0,2,2,1,1,3,0,0,0,1,0,60,65,4,0,0,1,0,0,6,4,4,4,RH=Crude Sword|LH=Crude Sword|BD=Crude Armour|A1=Crude Bracelet|A2=Crude Bracelet,Swords_T1_03=1,0,Rat,party wiped
522,12866,1,Normal,27,2,2,2,0,37,37,0,0,40,0,1,1,0,6,3,0,3,3,0,0,224,16,11,11,5.5,0,1,1,3,4,8,4,,,0,-,floor1_town
522,12866,2,Normal,21,3,3,2,0,37,0,0,0,40,0,1,1,0,5,3,0,0,0,0,0,305,45,14,10,5,1,0,0,4,4,12,4,RH=Crude Sword|LH=Crude Sword|BD=Crude Armour|A1=Crude Bracelet|A2=Crude Bracelet,,0,-,party wiped
523,12867,1,Normal,25,2,2,2,0,37,37,0,0,40,0,1,1,0,6,3,1,3,3,0,0,224,14,16,16,8,0,1,1,3,4,8,4,,,0,-,floor1_town
523,12867,2,Normal,25,1,1,1,0,37,29,0,0,20,0,1,1,0,3,2,1,0,1,0,0,112,8,5,5,5,0,1,1,3,4,4,4,,,0,-,
523,12867,3,Normal,7,1,1,0,0,29,0,0,0,0,0,1,1,1,3,3,0,0,0,0,0,104,37,3,0,0,1,0,0,9,4,4,4,RH=Crude Sword|LH=Crude Sword|BD=Crude Armour|A1=Crude Bracelet|A2=Crude Bracelet,,0,-,party wiped
524,12868,1,Normal,39,4,4,4,0,37,65,0,0,80,0,1,1,1,12,5,1,3,3,0,0,448,8,23,23,5.75,0,1,1,5,4,16,4,,,1,Rat,floor1_town;companion_join:Rat
524,12868,2,Normal,27,3,3,2,1,65,9,0,1,40,0,1,2,1,3,3,0,0,0,1,0,252,71,9,8,4,0,1,1,5,4,12,4,,Swords_T1_03=1,0,Rat,+1 levelup; flee×1
524,12868,3,Normal,17,1,1,0,0,9,0,1,1,0,0,2,2,0,3,3,0,0,0,0,0,63,72,3,0,0,1,0,0,6,4,4,4,RH=Crude Sword|LH=Crude Sword|BD=Crude Armour|A1=Crude Bracelet|A2=Crude Bracelet,,0,Rat,party wiped
525,12869,1,Normal,36,4,4,4,0,37,93,0,0,80,0,1,1,1,12,2,0,3,3,0,0,448,19,19,19,4.75,0,1,1,5,4,16,4,,,2,Rat|Rat,floor1_town;companion_join:Rat;companion_join:Rat
525,12869,2,Normal,31,4,4,4,0,93,59,0,2,80,0,1,2,2,3,3,0,0,0,2,0,448,78,15,15,3.75,0,1,1,5,4,16,4,,Swords_T1_03=2,1,Rat|Rat|Rat,companion_join:Rat; +1 levelup
525,12869,3,Normal,4,1,1,0,0,59,0,2,2,0,0,2,2,2,0,0,0,0,0,1,0,181,90,5,0,0,1,0,0,5,4,4,4,RH=Crude Sword|LH=Crude Sword|BD=Crude Armour|A1=Crude Bracelet|A2=Crude Bracelet,Swords_T1_03=1,0,Rat|Rat|Rat,party wiped
526,12870,1,Normal,34,4,4,4,0,37,93,0,0,80,0,1,1,1,12,7,1,3,3,0,0,448,29,23,23,5.75,0,1,1,5,4,16,4,,,2,Rat|Rat,floor1_town;companion_join:Rat;companion_join:Rat
526,12870,2,Normal,25,4,4,4,0,93,129,0,3,80,0,1,2,2,3,3,0,0,0,1,0,448,8,16,16,4,0,1,1,5,4,16,4,,Swords_T1_03=1,1,Rat|Rat|Rat,companion_join:Rat;companion_join_skip:party_full; +1 levelup
526,12870,3,Normal,15,2,2,1,0,129,0,3,0,48,0,2,2,0,3,3,0,0,0,1,0,266,128,12,9,9,1,0,0,11,4,8,4,RH=Crude Sword|LH=Crude Sword|BD=Crude Armour|A1=Crude Bracelet|A2=Crude Bracelet,Swords_T1_03=1,0,Rat|Rat|Rat,party wiped
527,12871,1,Normal,32,4,4,4,0,37,93,0,0,80,0,1,1,0,12,4,0,3,3,0,0,448,16,20,20,5,0,1,1,5,4,16,4,,,2,Rat|Rat,floor1_town;companion_join:Rat;companion_join:Rat
527,12871,2,Normal,28,2,2,2,0,93,106,0,3,40,0,1,2,0,3,3,0,0,0,0,0,224,23,7,7,3.5,0,1,1,5,4,8,4,,,1,Rat|Rat|Rat,companion_join:Rat;companion_join_skip:party_full; +1 levelup
527,12871,3,Normal,6,2,2,1,0,106,0,3,0,48,0,2,2,2,3,3,0,0,0,1,0,300,120,12,8,8,1,0,0,6,4,8,4,RH=Crude Sword|LH=Crude Sword|BD=Crude Armour|A1=Crude Bracelet|A2=Crude Bracelet,Swords_T1_03=1,0,Rat|Rat|Rat,party wiped
528,12872,1,Normal,30,4,4,4,0,37,93,0,0,80,0,1,1,2,10,3,0,3,3,0,0,448,16,19,19,4.75,0,1,1,5,4,16,4,,,2,Rat|Rat,floor1_town;companion_join:Rat;companion_join:Rat
528,12872,2,Normal,35,3,3,3,0,93,85,0,2,60,0,1,2,0,3,3,0,0,0,1,0,336,51,11,11,3.667,0,1,1,5,4,12,4,,Swords_T1_03=1,1,Rat|Rat|Rat,companion_join:Rat; +1 levelup
528,12872,3,Normal,6,1,1,0,0,85,0,2,2,0,0,2,2,0,0,0,0,0,0,0,0,132,85,5,0,0,1,0,0,5,4,4,4,RH=Crude Sword|LH=Crude Sword|BD=Crude Armour|A1=Crude Bracelet|A2=Crude Bracelet,,0,Rat|Rat|Rat,party wiped
529,12873,1,Normal,28,3,3,3,0,37,37,0,0,60,0,1,1,0,9,3,0,3,3,0,0,336,24,17,17,5.667,0,1,1,4,4,12,4,,,0,-,floor1_town
529,12873,2,Normal,34,2,2,1,1,37,1,0,0,20,0,1,1,0,3,3,0,0,0,0,0,140,36,8,6,6,0,1,1,4,4,8,4,,,0,-,flee×1
529,12873,3,Normal,1,1,1,0,0,1,0,0,0,0,0,1,1,2,3,3,0,0,0,0,0,140,37,4,0,0,1,0,0,10,4,4,4,RH=Crude Sword|LH=Crude Sword|BD=Crude Armour|A1=Crude Bracelet|A2=Crude Bracelet,,0,-,party wiped
530,12874,1,Normal,26,2,2,2,0,37,37,0,0,40,0,1,1,0,5,2,1,3,3,0,0,224,16,11,11,5.5,0,1,1,3,4,8,4,,,0,-,floor1_town
530,12874,2,Normal,17,3,3,2,0,37,0,0,0,40,0,1,1,1,3,3,0,0,0,0,0,290,81,13,10,5,1,0,0,3,4,12,4,RH=Crude Sword|LH=Crude Sword|BD=Crude Armour|A1=Crude Bracelet|A2=Crude Bracelet,,1,Rat,companion_join:Rat; party wiped
531,12875,1,Normal,40,4,4,4,0,37,65,0,0,80,0,1,1,0,12,5,0,3,3,0,0,448,18,21,21,5.25,0,1,1,5,4,16,4,,,1,Rat,floor1_town;companion_join:Rat
531,12875,2,Normal,31,1,1,1,0,65,70,0,3,20,0,1,2,0,3,1,0,0,2,0,0,112,3,4,4,4,0,1,1,5,4,4,4,,,0,Rat,+1 levelup
531,12875,3,Normal,3,1,1,0,0,70,0,3,3,0,0,2,2,2,0,2,0,0,0,1,0,123,69,4,0,0,1,0,0,5,4,4,4,RH=Crude Sword|LH=Crude Sword|BD=Crude Armour|A1=Crude Bracelet|A2=Crude Bracelet,Swords_T1_03=1,0,Rat,party wiped
532,12876,1,Normal,38,3,3,3,0,37,37,0,0,60,0,1,1,0,9,3,1,3,3,0,0,336,8,16,16,5.333,0,1,1,4,4,12,4,,,0,-,floor1_town
532,12876,2,Normal,35,4,4,4,0,37,50,0,2,80,0,1,2,2,6,5,0,0,0,2,0,448,37,23,23,5.75,0,1,1,5,4,16,4,,Swords_T1_03=2,1,Rat,companion_join:Rat; +1 levelup
532,12876,3,Normal,8,1,1,0,0,50,0,2,2,0,0,2,2,1,0,0,0,0,0,1,0,77,49,2,0,0,1,0,0,5,4,4,4,RH=Crude Sword|LH=Crude Sword|BD=Crude Armour|A1=Crude Bracelet|A2=Crude Bracelet,Swords_T1_03=1,0,Rat,party wiped
533,12877,1,Normal,36,5,5,5,0,37,130,0,3,100,0,1,2,2,15,4,0,3,3,0,0,560,8,22,22,4.4,0,1,1,6,4,20,4,,,3,Rat|Rat|Rat,floor1_town;companion_join:Rat;companion_join:Rat;companion_join:Rat; +1 levelup
533,12877,2,Normal,31,4,4,4,0,130,106,3,3,80,0,2,2,0,3,3,2,0,0,2,0,448,36,12,12,3,0,1,1,6,4,16,4,,Swords_T1_03=2,0,Rat|Rat|Rat,
533,12877,3,Normal,3,1,1,0,0,106,0,3,3,0,0,2,2,2,0,0,0,0,0,0,0,120,106,3,0,0,1,0,0,6,4,4,4,RH=Crude Sword|LH=Crude Sword|BD=Crude Armour|A1=Crude Bracelet|A2=Crude Bracelet,,0,Rat|Rat|Rat,party wiped
534,12878,1,Normal,34,3,3,3,0,37,37,0,0,60,0,1,1,0,9,5,1,3,3,0,0,336,8,17,17,5.667,0,1,1,4,4,12,4,,,0,-,floor1_town
534,12878,2,Normal,36,5,5,4,1,37,72,0,2,80,0,1,2,3,6,3,0,0,3,2,0,476,81,22,20,5,0,1,1,5,4,20,4,,Swords_T1_03=2,1,Rat,companion_join:Rat; +1 levelup; flee×1
534,12878,3,Normal,7,2,2,1,0,72,0,2,2,48,0,2,2,2,3,6,0,0,0,2,0,405,131,12,7,7,1,0,0,6,4,8,4,RH=Crude Sword|LH=Crude Sword|BD=Crude Armour|A1=Crude Bracelet|A2=Crude Bracelet,Swords_T1_03=2,0,Rat,party wiped
535,12879,1,Normal,32,2,2,2,0,37,65,0,0,40,0,1,1,0,6,4,2,3,3,0,0,224,8,12,12,6,0,1,1,3,4,8,4,,,1,Rat,floor1_town;companion_join:Rat
535,12879,2,Normal,37,4,4,3,1,65,46,0,1,60,0,1,2,3,6,4,0,0,2,0,0,420,63,20,16,5.333,0,1,1,4,4,16,4,,,0,Rat,+1 levelup; flee×1
535,12879,3,Normal,3,1,1,0,0,46,0,1,1,0,0,2,2,1,0,2,0,0,0,1,0,120,45,3,0,0,1,0,0,4,4,4,4,RH=Crude Sword|LH=Crude Sword|BD=Crude Armour|A1=Crude Bracelet|A2=Crude Bracelet,Swords_T1_03=1,0,Rat,party wiped
536,12880,1,Normal,30,3,3,3,0,37,93,0,0,60,0,1,1,1,9,6,0,3,3,0,0,336,21,18,18,6,0,1,1,4,4,12,4,,,2,Rat|Rat,floor1_town;companion_join:Rat;companion_join:Rat
536,12880,2,Normal,28,4,4,4,0,93,100,0,2,80,0,1,2,2,3,3,0,0,0,2,0,448,48,17,17,4.25,0,1,1,4,4,16,4,,Swords_T1_03=2,1,Rat|Rat|Rat,companion_join:Rat;companion_join_skip:party_full; +1 levelup
536,12880,3,Normal,7,1,1,0,0,100,0,2,2,0,0,2,2,1,0,0,0,0,0,1,0,239,99,7,0,0,1,0,0,4,4,4,4,RH=Crude Sword|LH=Crude Sword|BD=Crude Armour|A1=Crude Bracelet|A2=Crude Bracelet,Swords_T1_03=1,0,Rat|Rat|Rat,party wiped
537,12881,1,Normal,28,3,3,3,0,37,37,0,0,60,0,1,1,0,9,6,2,3,3,0,0,336,0,19,19,6.333,0,1,1,4,4,12,4,,,0,-,floor1_town
537,12881,2,Normal,28,3,3,3,0,37,72,0,2,60,0,1,2,2,3,3,2,0,0,0,0,336,25,12,12,4,0,1,1,4,4,12,4,,,1,Rat,companion_join:Rat; +1 levelup
537,12881,3,Normal,2,1,1,0,0,72,0,2,2,0,0,2,2,0,0,0,3,0,0,0,0,52,72,1,0,0,1,0,0,4,4,4,4,RH=Crude Sword|LH=Crude Sword|BD=Crude Armour|A1=Crude Bracelet|A2=Crude Bracelet,,0,Rat,party wiped
538,12882,1,Normal,26,4,4,4,0,37,65,0,0,80,0,1,1,0,12,5,0,3,3,0,0,448,24,24,24,6,0,1,1,5,4,16,4,,,1,Rat,floor1_town;companion_join:Rat
538,12882,2,Normal,30,3,3,2,0,65,0,0,2,40,0,1,2,2,3,3,0,0,0,1,0,305,84,11,8,4,1,0,0,5,4,12,4,RH=Crude Sword|LH=Crude Sword|BD=Crude Armour|A1=Crude Bracelet|A2=Crude Bracelet,Swords_T1_03=1,0,Rat,party wiped; +1 levelup
539,12883,1,Normal,40,3,3,3,0,37,37,0,0,60,0,1,1,0,9,6,2,3,3,0,0,336,0,18,18,6,0,1,1,4,4,12,4,,,0,-,floor1_town
539,12883,2,Normal,37,4,4,3,1,37,15,0,2,60,0,1,2,3,3,3,0,0,0,1,0,420,66,18,14,4.667,0,1,1,4,4,16,4,,Swords_T1_03=1,1,Rat,companion_join:Rat; +1 levelup; flee×1
539,12883,3,Normal,2,1,1,0,0,15,0,2,2,0,0,2,2,2,0,0,0,0,0,0,0,56,73,1,0,0,1,0,0,4,4,4,4,RH=Crude Sword|LH=Crude Sword|BD=Crude Armour|A1=Crude Bracelet|A2=Crude Bracelet,,0,Rat,party wiped
540,12884,1,Normal,38,4,4,4,0,37,65,0,0,80,0,1,1,0,11,7,0,3,3,0,0,448,83,23,23,5.75,0,1,1,5,4,16,4,,,2,Rat|Rat,floor1_town;companion_join:Rat;companion_join:Rat
540,12884,2,Normal,31,4,4,3,1,65,72,0,3,60,0,1,2,1,5,3,0,1,3,2,0,364,68,17,16,5.333,0,1,1,6,4,16,4,,Swords_T1_03=2,0,Rat|Rat,+1 levelup; flee×1
540,12884,3,Normal,2,1,1,0,0,72,0,3,3,0,0,2,2,0,1,3,0,0,0,1,0,169,71,5,0,0,1,0,0,6,4,4,4,RH=Crude Sword|LH=Crude Sword|BD=Crude Armour|A1=Crude Bracelet|A2=Crude Bracelet,Swords_T1_03=1,0,Rat|Rat,party wiped
541,12885,1,Normal,36,3,3,3,0,37,37,0,0,60,0,1,1,1,9,5,0,3,3,0,0,336,8,20,20,6.667,0,1,1,4,4,12,4,,,0,-,floor1_town
541,12885,2,Normal,40,4,4,4,0,37,85,0,2,80,0,1,2,2,3,3,0,0,0,1,0,448,66,18,18,4.5,0,1,1,4,4,16,4,,Swords_T1_03=1,3,Rat|Rat|Rat,companion_join:Rat;companion_join:Rat;companion_join:Rat; +1 levelup
541,12885,3,Normal,11,1,1,0,0,85,0,2,2,0,0,2,2,1,0,0,0,0,0,0,0,134,85,4,0,0,1,0,0,4,4,4,4,RH=Crude Sword|LH=Crude Sword|BD=Crude Armour|A1=Crude Bracelet|A2=Crude Bracelet,,0,Rat|Rat|Rat,party wiped
542,12886,1,Normal,34,3,3,3,0,37,93,0,0,60,0,1,1,0,9,3,0,3,3,0,0,336,16,16,16,5.333,0,1,1,4,4,12,4,,,2,Rat|Rat,floor1_town;companion_join:Rat;companion_join:Rat
542,12886,2,Normal,27,3,3,2,0,93,0,0,2,40,0,1,2,0,3,3,0,0,0,1,0,290,108,12,9,4.5,1,0,0,4,4,12,4,RH=Crude Sword|LH=Crude Sword|BD=Crude Armour|A1=Crude Bracelet|A2=Crude Bracelet,Swords_T1_03=1,0,Rat|Rat,party wiped; +1 levelup
543,12887,1,Normal,32,4,4,4,0,37,37,0,0,80,0,1,1,0,12,5,1,3,3,0,0,448,22,25,25,6.25,0,1,1,5,4,16,4,,,0,-,floor1_town
543,12887,2,Normal,30,2,2,2,0,37,46,0,2,40,0,1,2,2,3,3,0,0,0,0,0,224,8,11,11,5.5,0,1,1,5,4,8,4,,,0,-,+1 levelup
543,12887,3,Normal,6,1,1,0,0,46,0,2,2,0,0,2,2,1,0,0,0,0,0,0,0,95,46,2,0,0,1,0,0,5,4,4,4,RH=Crude Sword|LH=Crude Sword|BD=Crude Armour|A1=Crude Bracelet|A2=Crude Bracelet,,0,-,party wiped
544,12888,1,Normal,30,2,2,2,0,37,65,0,0,40,0,1,1,0,6,5,2,3,3,0,0,224,0,13,13,6.5,0,1,1,3,4,8,4,,,1,Rat,floor1_town;companion_join:Rat
544,12888,2,Normal,32,2,2,2,0,65,80,0,0,40,0,1,1,1,3,3,2,0,0,0,0,224,13,9,9,4.5,0,1,1,3,4,8,4,,,1,Rat|Rat,companion_join:Rat
544,12888,3,Normal,6,1,1,0,0,80,0,0,0,0,0,1,1,2,0,0,0,0,0,0,0,180,80,5,0,0,1,0,0,3,4,4,4,RH=Crude Sword|LH=Crude Sword|BD=Crude Armour|A1=Crude Bracelet|A2=Crude Bracelet,,0,Rat|Rat,party wiped
545,12889,1,Normal,28,3,3,3,0,37,37,0,0,60,0,1,1,1,9,8,0,3,3,0,0,336,0,20,20,6.667,0,1,1,4,4,12,4,,,0,-,floor1_town
545,12889,2,Normal,27,5,5,4,0,37,0,0,1,80,0,1,2,2,6,6,0,0,0,3,0,558,127,32,26,6.5,1,0,0,5,4,20,4,RH=Crude Sword|LH=Crude Sword|BD=Crude Armour|A1=Crude Bracelet|A2=Crude Bracelet,Swords_T1_03=3,1,Rat,companion_join:Rat; party wiped; +1 levelup
546,12890,1,Normal,26,2,2,2,0,37,65,0,0,40,0,1,1,1,6,4,1,3,3,0,0,224,28,15,15,7.5,0,1,1,3,4,8,4,,,1,Rat,floor1_town;companion_join:Rat
546,12890,2,Normal,36,3,3,3,0,65,118,0,3,60,0,1,2,3,3,3,0,0,0,0,0,336,10,11,11,3.667,0,1,1,3,4,12,4,,,2,Rat|Rat|Rat,companion_join:Rat;companion_join:Rat; +1 levelup
546,12890,3,Normal,30,1,1,1,0,118,63,3,3,48,0,2,2,1,0,0,0,0,0,0,0,240,55,4,4,4,0,1,1,3,4,4,4,,,0,Rat|Rat|Rat,
546,12890,4,Normal,2,1,1,0,0,63,0,3,3,0,0,2,2,0,0,0,0,0,0,1,0,81,62,4,0,0,1,0,0,3,4,4,4,RH=Crude Sword|LH=Crude Sword|BD=Crude Armour|A1=Crude Bracelet|A2=Crude Bracelet,Swords_T1_03=1,0,Rat|Rat|Rat,party wiped
547,12891,1,Normal,40,4,4,4,0,37,37,0,0,80,0,1,1,0,11,7,0,3,3,0,0,448,61,23,23,5.75,0,1,1,5,4,16,4,,,0,-,floor1_town
547,12891,2,Normal,36,5,5,4,1,37,46,0,2,80,0,1,2,1,9,6,0,0,3,4,0,532,86,27,22,5.5,0,1,1,7,4,20,4,,Swords_T1_03=4,0,-,+1 levelup; flee×1
547,12891,3,Normal,8,1,1,0,0,46,0,2,2,0,0,2,2,0,0,3,0,0,0,1,0,97,45,3,0,0,1,0,0,7,4,4,4,RH=Crude Sword|LH=Crude Sword|BD=Crude Armour|A1=Crude Bracelet|A2=Crude Bracelet,Swords_T1_03=1,0,-,party wiped
548,12892,1,Normal,38,3,3,3,0,37,121,0,0,60,0,1,1,2,9,6,0,3,3,0,0,336,8,15,15,5,0,1,1,4,4,12,4,,,3,Rat|Rat|Rat,floor1_town;companion_join:Rat;companion_join:Rat;companion_join:Rat
548,12892,2,Normal,31,4,4,4,0,121,105,0,1,80,0,1,2,1,3,3,1,0,0,0,0,448,31,13,13,3.25,0,1,1,4,4,16,4,,,0,Rat|Rat|Rat,companion_join_skip:party_full; +1 levelup
548,12892,3,Normal,11,2,2,1,0,105,0,1,1,48,0,2,2,2,0,0,0,0,0,2,0,338,103,8,6,6,1,0,0,4,4,8,4,RH=Crude Sword|LH=Crude Sword|BD=Crude Armour|A1=Crude Bracelet|A2=Crude Bracelet,Swords_T1_03=2,0,Rat|Rat|Rat,companion_join_skip:party_full; party wiped
549,12893,1,Normal,36,4,4,4,0,37,93,0,0,80,0,1,1,0,11,3,0,3,3,0,0,448,21,20,20,5,0,1,1,5,4,16,4,,,2,Rat|Rat,floor1_town;companion_join:Rat;companion_join:Rat
549,12893,2,Normal,37,5,5,5,0,93,60,0,3,100,0,1,2,2,3,3,0,0,0,1,0,560,75,17,17,3.4,0,1,1,5,4,20,4,,Swords_T1_03=1,1,Rat|Rat|Rat,companion_join:Rat; +1 levelup
549,12893,3,Normal,15,1,1,0,0,60,0,3,3,0,0,2,2,0,0,0,0,0,0,1,0,148,59,4,0,0,1,0,0,5,4,4,4,RH=Crude Sword|LH=Crude Sword|BD=Crude Armour|A1=Crude Bracelet|A2=Crude Bracelet,Swords_T1_03=1,0,Rat|Rat|Rat,party wiped
550,12894,1,Normal,34,2,2,2,0,37,37,0,0,40,0,1,1,1,6,4,0,3,3,0,0,224,8,12,12,6,0,1,1,3,4,8,4,,,0,-,floor1_town
550,12894,2,Normal,33,5,5,3,1,37,0,0,0,60,0,1,2,2,6,6,0,0,0,0,0,372,127,20,15,5,1,0,0,9,4,20,4,RH=Crude Sword|LH=Crude Sword|BD=Crude Armour|A1=Crude Bracelet|A2=Crude Bracelet,,2,Rat|Rat,companion_join:Rat;companion_join:Rat; party wiped; +1 levelup; flee×1
551,12895,1,Normal,32,1,1,1,0,37,37,0,0,20,0,1,1,0,3,0,0,3,3,0,0,112,8,6,6,6,0,1,1,2,4,4,4,,,0,-,floor1_town
551,12895,2,Normal,19,3,3,2,0,37,0,0,0,40,0,1,1,2,3,3,0,0,0,0,0,318,65,14,9,4.5,1,0,0,2,4,12,4,RH=Crude Sword|LH=Crude Sword|BD=Crude Armour|A1=Crude Bracelet|A2=Crude Bracelet,,1,Rat,companion_join:Rat; party wiped
552,12896,1,Normal,30,3,3,3,0,37,65,0,0,60,0,1,1,0,8,1,1,3,3,0,0,336,24,16,16,5.333,0,1,1,4,4,12,4,,,1,Rat,floor1_town;companion_join:Rat
552,12896,2,Normal,25,2,2,2,0,65,101,0,2,40,0,1,2,2,3,3,0,0,0,0,0,224,14,10,10,5,0,1,1,4,4,8,4,,,1,Rat|Rat,companion_join:Rat; +1 levelup
552,12896,3,Normal,19,3,3,2,0,101,0,2,2,96,0,2,2,1,3,3,0,0,0,2,0,600,142,15,12,6,1,0,0,5,4,12,4,RH=Crude Sword|LH=Crude Sword|BD=Crude Armour|A1=Crude Bracelet|A2=Crude Bracelet,Swords_T1_03=2,0,Rat|Rat,party wiped
553,12897,1,Normal,28,5,5,5,0,37,74,0,1,100,0,1,2,0,13,5,0,3,3,0,0,560,25,28,28,5.6,0,1,1,6,4,20,4,,,1,Rat,floor1_town;companion_join:Rat; +1 levelup
553,12897,2,Normal,31,3,3,3,0,74,77,1,1,60,0,2,2,1,3,3,0,0,0,1,0,336,52,13,13,4.333,0,1,1,6,4,12,4,,Swords_T1_03=1,2,Rat|Rat|Rat,companion_join:Rat;companion_join:Rat
553,12897,3,Normal,3,1,1,0,0,77,0,1,1,0,0,2,2,1,0,0,0,0,0,1,0,173,102,6,0,0,1,0,0,6,4,4,4,RH=Crude Sword|LH=Crude Sword|BD=Crude Armour|A1=Crude Bracelet|A2=Crude Bracelet,Swords_T1_03=1,0,Rat|Rat|Rat,party wiped
554,12898,1,Normal,26,2,2,2,0,37,65,0,0,40,0,1,1,0,6,3,1,3,3,0,0,224,16,11,11,5.5,0,1,1,3,4,8,4,,,1,Rat,floor1_town;companion_join:Rat
554,12898,2,Normal,38,4,4,3,1,65,13,0,1,60,0,1,2,3,3,3,0,0,0,1,0,392,82,16,14,4.667,0,1,1,3,4,16,4,,Swords_T1_03=1,0,Rat,+1 levelup; flee×1
554,12898,3,Normal,13,1,1,0,0,13,0,1,1,0,0,2,2,2,0,0,0,0,0,0,0,56,46,2,0,0,1,0,0,3,4,4,4,RH=Crude Sword|LH=Crude Sword|BD=Crude Armour|A1=Crude Bracelet|A2=Crude Bracelet,,0,Rat,party wiped
555,12899,1,Normal,40,3,3,3,0,37,65,0,0,60,0,1,1,0,9,3,2,3,3,0,0,336,16,16,16,5.333,0,1,1,4,4,12,4,,,1,Rat,floor1_town;companion_join:Rat
555,12899,2,Normal,33,4,4,4,0,65,71,0,2,80,0,1,2,1,3,3,2,0,0,2,0,448,80,15,15,3.75,0,1,1,4,4,16,4,,Swords_T1_03=2,2,Rat|Rat|Rat,companion_join:Rat;companion_join:Rat;companion_join_skip:party_full; +1 levelup
555,12899,3,Normal,4,1,1,0,0,71,0,2,2,0,0,2,2,1,0,0,3,0,0,1,0,112,70,3,0,0,1,0,0,4,4,4,4,RH=Crude Sword|LH=Crude Sword|BD=Crude Armour|A1=Crude Bracelet|A2=Crude Bracelet,Swords_T1_03=1,0,Rat|Rat|Rat,party wiped
556,12900,1,Normal,38,3,3,3,0,37,65,0,0,60,0,1,1,1,9,7,0,3,3,0,0,336,16,18,18,6,0,1,1,4,4,12,4,,,1,Rat,floor1_town;companion_join:Rat
556,12900,2,Normal,25,2,2,1,0,65,0,0,0,20,0,1,1,0,3,3,0,0,0,0,0,194,65,10,4,4,1,0,0,4,4,8,4,RH=Crude Sword|LH=Crude Sword|BD=Crude Armour|A1=Crude Bracelet|A2=Crude Bracelet,,0,Rat,party wiped
557,12901,1,Normal,36,2,2,2,0,37,93,0,0,40,0,1,1,1,5,1,1,3,3,0,0,224,16,10,10,5,0,1,1,3,4,8,4,,,2,Rat|Rat,floor1_town;companion_join:Rat;companion_join:Rat
557,12901,2,Normal,32,4,4,4,0,93,30,0,1,80,0,1,2,3,3,3,0,0,0,1,0,448,70,16,16,4,0,1,1,3,4,16,4,,Swords_T1_03=1,0,Rat|Rat,+1 levelup
557,12901,3,Normal,3,1,1,0,0,30,0,1,1,0,0,2,2,2,0,0,0,0,0,1,0,128,63,2,0,0,1,0,0,3,4,4,4,RH=Crude Sword|LH=Crude Sword|BD=Crude Armour|A1=Crude Bracelet|A2=Crude Bracelet,Swords_T1_03=1,0,Rat|Rat,party wiped
558,12902,1,Normal,34,4,4,4,0,37,37,0,0,80,0,1,1,0,12,5,0,3,3,0,0,448,24,25,25,6.25,0,1,1,5,4,16,4,,,0,-,floor1_town
558,12902,2,Normal,19,3,3,2,0,37,0,0,3,40,0,1,2,0,3,3,0,0,0,1,0,275,72,11,9,4.5,1,0,0,5,4,12,4,RH=Crude Sword|LH=Crude Sword|BD=Crude Armour|A1=Crude Bracelet|A2=Crude Bracelet,Swords_T1_03=1,1,Rat,companion_join:Rat; party wiped; +1 levelup
559,12903,1,Normal,32,1,1,1,0,37,37,0,0,20,0,1,1,0,2,0,2,3,3,0,0,112,8,4,4,4,0,1,1,2,4,4,4,,,0,-,floor1_town
559,12903,2,Normal,29,4,4,4,0,37,15,0,0,80,0,1,2,2,6,6,0,0,0,0,0,448,58,22,22,5.5,0,1,1,3,4,16,4,,,1,Rat,companion_join:Rat; +1 levelup
559,12903,3,Normal,8,1,1,0,0,15,0,0,0,0,0,2,2,2,2,0,0,1,3,0,0,40,28,2,0,0,1,0,0,9,4,4,4,RH=Crude Sword|LH=Crude Sword|BD=Crude Armour|A1=Crude Bracelet|A2=Crude Bracelet,,0,Rat,party wiped
560,12904,1,Normal,30,3,3,3,0,37,65,0,0,60,0,1,1,0,9,4,0,3,3,0,0,336,8,15,15,5,0,1,1,4,4,12,4,,,1,Rat,floor1_town;companion_join:Rat
560,12904,2,Normal,34,3,3,3,0,65,78,0,2,60,0,1,2,1,3,3,0,0,0,0,0,336,31,13,13,4.333,0,1,1,4,4,12,4,,,1,Rat|Rat,companion_join:Rat; +1 levelup
560,12904,3,Normal,3,1,1,0,0,78,0,2,2,0,0,2,2,2,0,0,0,0,0,0,0,172,78,4,0,0,1,0,0,4,4,4,4,RH=Crude Sword|LH=Crude Sword|BD=Crude Armour|A1=Crude Bracelet|A2=Crude Bracelet,,0,Rat|Rat,party wiped
561,12905,1,Normal,28,5,5,5,0,37,46,0,2,100,0,1,2,0,15,9,1,3,3,0,0,560,8,29,29,5.8,0,1,1,6,4,20,4,,,0,-,floor1_town; +1 levelup
561,12905,2,Normal,27,4,4,4,0,46,74,2,2,80,0,2,2,1,6,4,0,0,2,2,0,448,57,24,24,6,0,1,1,7,4,16,4,,Swords_T1_03=2,1,Rat,companion_join:Rat
561,12905,3,Normal,17,1,1,0,0,74,0,2,2,0,0,2,2,2,0,2,0,0,0,1,0,109,73,3,0,0,1,0,0,7,4,4,4,RH=Crude Sword|LH=Crude Sword|BD=Crude Armour|A1=Crude Bracelet|A2=Crude Bracelet,Swords_T1_03=1,0,Rat,party wiped
562,12906,1,Normal,26,3,3,3,0,37,93,0,0,60,0,1,1,0,8,0,0,3,3,0,0,336,16,14,14,4.667,0,1,1,4,4,12,4,,,2,Rat|Rat,floor1_town;companion_join:Rat;companion_join:Rat
562,12906,2,Normal,30,3,3,3,0,93,27,0,3,60,0,1,2,2,3,3,0,0,0,1,0,336,73,15,15,5,0,1,1,4,4,12,4,,Swords_T1_03=1,0,Rat|Rat,+1 levelup
562,12906,3,Normal,15,2,2,1,0,27,0,3,0,48,0,2,2,0,6,4,0,0,2,0,0,240,88,11,9,9,1,0,0,11,4,8,4,RH=Crude Sword|LH=Crude Sword|BD=Crude Armour|A1=Crude Bracelet|A2=Crude Bracelet,,0,Rat|Rat,party wiped
563,12907,1,Normal,40,5,5,5,0,37,44,0,2,100,0,1,2,0,13,10,1,3,3,0,0,560,34,32,32,6.4,0,1,1,6,4,20,4,,,0,-,floor1_town; +1 levelup
563,12907,2,Normal,31,3,3,2,1,44,10,2,2,40,0,2,2,2,3,3,0,0,0,3,0,252,31,14,13,6.5,0,1,1,6,4,12,4,,Swords_T1_03=3,0,-,flee×1
563,12907,3,Normal,3,1,1,0,0,10,0,2,2,0,0,2,2,2,0,0,0,0,0,0,0,37,44,1,0,0,1,0,0,6,4,4,4,RH=Crude Sword|LH=Crude Sword|BD=Crude Armour|A1=Crude Bracelet|A2=Crude Bracelet,,0,-,party wiped
564,12908,1,Normal,38,5,5,5,0,37,128,0,2,100,0,1,2,2,14,5,0,3,3,0,0,560,46,27,27,5.4,0,1,1,6,4,20,4,,,3,Rat|Rat|Rat,floor1_town;companion_join:Rat;companion_join:Rat;companion_join:Rat; +1 levelup
564,12908,2,Normal,36,5,5,5,0,128,58,2,2,100,0,2,2,1,3,3,0,0,0,3,0,560,71,17,17,3.4,0,1,1,6,4,20,4,,Swords_T1_03=3,0,Rat|Rat|Rat,companion_join_skip:party_full
564,12908,3,Normal,2,1,1,0,0,58,0,2,2,0,0,2,2,2,0,0,0,0,0,0,0,66,58,3,0,0,1,0,0,6,4,4,4,RH=Crude Sword|LH=Crude Sword|BD=Crude Armour|A1=Crude Bracelet|A2=Crude Bracelet,,0,Rat|Rat|Rat,party wiped
565,12909,1,Normal,36,2,2,2,0,37,65,0,0,40,0,1,1,1,5,3,0,3,3,0,0,224,28,12,12,6,0,1,1,3,4,8,4,,,1,Rat,floor1_town;companion_join:Rat
565,12909,2,Normal,37,2,2,2,0,65,65,0,0,40,0,1,1,0,3,3,0,0,0,0,0,224,8,8,8,4,0,1,1,3,4,8,4,,,0,Rat,
565,12909,3,Normal,3,1,1,0,0,65,0,0,0,0,0,1,1,2,0,0,0,0,0,0,0,63,65,2,0,0,1,0,0,3,4,4,4,RH=Crude Sword|LH=Crude Sword|BD=Crude Armour|A1=Crude Bracelet|A2=Crude Bracelet,,0,Rat,party wiped
566,12910,1,Normal,34,4,4,4,0,37,65,0,0,80,0,1,1,1,12,11,1,3,3,0,0,448,12,26,26,6.5,0,1,1,5,4,16,4,,,1,Rat,floor1_town;companion_join:Rat
566,12910,2,Normal,36,5,5,5,0,65,83,0,2,100,0,1,2,3,6,6,0,0,0,3,0,560,70,24,24,4.8,0,1,1,6,4,20,4,,Swords_T1_03=3,2,Rat|Rat|Rat,companion_join:Rat;companion_join:Rat; +1 levelup
566,12910,3,Normal,12,1,1,0,0,83,0,2,2,0,0,2,2,1,0,0,0,0,0,2,0,74,81,3,0,0,1,0,0,6,4,4,4,RH=Crude Sword|LH=Crude Sword|BD=Crude Armour|A1=Crude Bracelet|A2=Crude Bracelet,Swords_T1_03=2,0,Rat|Rat|Rat,party wiped
567,12911,1,Normal,32,1,1,1,0,37,37,0,0,20,0,1,1,0,3,3,1,3,3,0,0,112,0,6,6,6,0,1,1,2,4,4,4,,,0,-,floor1_town
567,12911,2,Normal,21,3,3,2,0,37,0,0,0,40,0,1,1,1,3,3,0,0,0,0,0,249,65,14,13,6.5,1,0,0,2,4,12,4,RH=Crude Sword|LH=Crude Sword|BD=Crude Armour|A1=Crude Bracelet|A2=Crude Bracelet,,1,Rat,companion_join:Rat; party wiped
568,12912,1,Normal,30,6,6,6,0,37,73,0,2,120,0,1,2,2,18,11,0,3,3,0,0,672,45,34,34,5.667,0,1,1,7,4,24,4,,,1,Rat,floor1_town;companion_join:Rat; +1 levelup
568,12912,2,Normal,33,5,5,3,2,73,7,2,2,60,0,2,2,2,6,6,0,0,0,4,0,448,118,21,16,5.333,0,1,1,8,4,20,4,,Swords_T1_03=4,0,Rat,flee×2
568,12912,3,Normal,5,1,1,0,0,7,0,2,2,0,0,2,2,2,0,0,0,0,0,1,0,95,41,2,0,0,1,0,0,8,4,4,4,RH=Crude Sword|LH=Crude Sword|BD=Crude Armour|A1=Crude Bracelet|A2=Crude Bracelet,Swords_T1_03=1,0,Rat,party wiped
569,12913,1,Normal,28,2,2,2,0,37,65,0,0,40,0,1,1,0,6,6,0,3,3,0,0,224,8,12,12,6,0,1,1,3,4,8,4,,,1,Rat,floor1_town;companion_join:Rat
569,12913,2,Normal,34,5,5,3,2,65,5,0,1,60,0,1,2,0,6,6,0,0,0,0,0,476,122,21,15,5,0,1,1,4,4,20,4,,,1,Rat|Rat,companion_join:Rat; +1 levelup; flee×2
569,12913,3,Normal,3,1,1,0,0,5,0,1,1,0,0,2,2,2,3,3,0,0,0,2,0,110,42,4,0,0,1,0,0,5,4,4,4,RH=Crude Sword|LH=Crude Sword|BD=Crude Armour|A1=Crude Bracelet|A2=Crude Bracelet,Swords_T1_03=2,0,Rat|Rat,party wiped
570,12914,1,Normal,26,4,4,4,0,37,37,0,0,80,0,1,1,0,12,5,2,3,3,0,0,448,29,24,24,6,0,1,1,5,4,16,4,,,0,-,floor1_town
570,12914,2,Normal,40,3,3,3,0,37,55,0,2,60,0,1,2,3,3,3,0,0,0,1,0,336,17,15,15,5,0,1,1,5,4,12,4,,Swords_T1_03=1,1,Rat,companion_join:Rat; +1 levelup
570,12914,3,Normal,8,1,1,0,0,55,0,2,2,0,0,2,2,0,0,0,0,0,0,0,0,62,55,1,0,0,1,0,0,5,4,4,4,RH=Crude Sword|LH=Crude Sword|BD=Crude Armour|A1=Crude Bracelet|A2=Crude Bracelet,,0,Rat,party wiped
571,12915,1,Normal,40,4,4,4,0,37,65,0,0,80,0,1,1,0,12,10,0,3,3,0,0,448,47,26,26,6.5,0,1,1,5,4,16,4,,,1,Rat,floor1_town;companion_join:Rat
571,12915,2,Normal,39,2,2,2,0,65,93,0,2,40,0,1,2,1,3,3,1,0,0,0,0,224,18,9,9,4.5,0,1,1,5,4,8,4,,,1,Rat|Rat,companion_join:Rat; +1 levelup
571,12915,3,Normal,2,1,1,0,0,93,0,2,2,0,0,2,2,2,0,0,0,0,0,1,0,231,92,6,0,0,1,0,0,5,4,4,4,RH=Crude Sword|LH=Crude Sword|BD=Crude Armour|A1=Crude Bracelet|A2=Crude Bracelet,Swords_T1_03=1,0,Rat|Rat,party wiped
572,12916,1,Normal,38,3,3,3,0,37,37,0,0,60,0,1,1,1,9,8,0,3,3,0,0,336,71,19,19,6.333,0,1,1,4,4,12,4,,,0,-,floor1_town
572,12916,2,Normal,32,4,4,2,2,37,10,0,3,40,0,1,2,0,6,6,0,0,0,0,0,364,64,17,11,5.5,0,1,1,5,4,16,4,,,0,-,+1 levelup; flee×2
572,12916,3,Normal,1,1,1,0,0,10,0,3,3,0,0,2,2,0,3,3,0,0,0,1,0,180,58,5,0,0,1,0,0,6,4,4,4,RH=Crude Sword|LH=Crude Sword|BD=Crude Armour|A1=Crude Bracelet|A2=Crude Bracelet,Swords_T1_03=1,0,-,party wiped
573,12917,1,Normal,36,4,4,4,0,37,93,0,0,80,0,1,1,0,12,1,0,3,3,0,0,448,16,20,20,5,0,1,1,5,4,16,4,,,2,Rat|Rat,floor1_town;companion_join:Rat;companion_join:Rat
573,12917,2,Normal,27,2,2,2,0,93,120,0,3,40,0,1,2,0,3,0,0,0,3,1,0,224,16,6,6,3,0,1,1,5,4,8,4,,Swords_T1_03=1,1,Rat|Rat|Rat,companion_join:Rat;companion_join_skip:party_full; +1 levelup
573,12917,3,Normal,9,2,2,1,0,120,0,3,3,48,0,2,2,2,0,3,0,0,0,2,0,408,125,10,4,4,1,0,0,5,4,8,4,RH=Crude Sword|LH=Crude Sword|BD=Crude Armour|A1=Crude Bracelet|A2=Crude Bracelet,Swords_T1_03=2,0,Rat|Rat|Rat,party wiped
574,12918,1,Normal,34,5,5,5,0,37,101,0,1,100,0,1,2,1,14,5,0,3,3,0,0,560,35,26,26,5.2,0,1,1,6,4,20,4,,,2,Rat|Rat,floor1_town;companion_join:Rat;companion_join:Rat; +1 levelup
574,12918,2,Normal,38,2,2,2,0,101,129,1,1,40,0,2,2,0,3,2,0,0,1,1,0,224,0,7,7,3.5,0,1,1,6,4,8,4,,Swords_T1_03=1,1,Rat|Rat|Rat,companion_join:Rat
574,12918,3,Normal,9,2,2,1,0,129,0,1,1,48,0,2,2,2,3,4,0,0,0,2,0,474,191,17,7,7,1,0,0,7,4,8,4,RH=Crude Sword|LH=Crude Sword|BD=Crude Armour|A1=Crude Bracelet|A2=Crude Bracelet,Swords_T1_03=2,0,Rat|Rat|Rat,party wiped
575,12919,1,Normal,32,1,1,1,0,37,65,0,0,20,0,1,1,0,3,0,2,3,3,0,0,112,8,5,5,5,0,1,1,2,4,4,4,,,1,Rat,floor1_town;companion_join:Rat
575,12919,2,Normal,28,1,1,1,0,65,85,0,0,20,0,1,1,1,3,0,1,0,3,0,0,112,8,5,5,5,0,1,1,2,4,4,4,,,1,Rat|Rat,companion_join:Rat
575,12919,3,Normal,2,1,1,0,0,85,0,0,0,0,0,1,1,3,0,3,0,0,0,0,0,158,85,4,0,0,1,0,0,2,4,4,4,RH=Crude Sword|LH=Crude Sword|BD=Crude Armour|A1=Crude Bracelet|A2=Crude Bracelet,,0,Rat|Rat,party wiped
576,12920,1,Normal,30,4,4,4,0,37,93,0,0,80,0,1,1,1,10,4,0,3,3,0,0,448,48,18,18,4.5,0,1,1,5,4,16,4,,,2,Rat|Rat,floor1_town;companion_join:Rat;companion_join:Rat
576,12920,2,Normal,25,1,1,1,0,93,101,0,1,20,0,1,2,0,3,0,1,0,3,0,0,112,0,3,3,3,0,1,1,5,4,4,4,,,0,Rat|Rat,+1 levelup
576,12920,3,Normal,30,2,2,1,0,101,0,1,1,48,0,2,2,2,3,6,0,0,0,1,0,450,142,14,7,7,1,0,0,6,4,8,4,RH=Crude Sword|LH=Crude Sword|BD=Crude Armour|A1=Crude Bracelet|A2=Crude Bracelet,Swords_T1_03=1,0,Rat|Rat,party wiped
577,12921,1,Normal,28,6,6,6,0,37,130,0,2,120,0,1,2,0,13,3,2,3,3,1,0,672,28,26,26,4.333,0,1,1,7,4,24,4,,Swords_T1_03=1,3,Rat|Rat|Rat,floor1_town;companion_join:Rat;companion_join:Rat;companion_join:Rat; +1 levelup
577,12921,2,Normal,30,4,4,4,0,130,109,2,2,80,0,2,2,3,3,3,1,0,0,3,0,448,26,13,13,3.25,0,1,1,7,4,16,4,,Swords_T1_03=3,0,Rat|Rat|Rat,companion_join_skip:party_full;companion_join_skip:party_full
577,12921,3,Normal,16,1,1,0,0,109,0,2,2,0,0,2,2,1,0,0,0,0,0,1,0,159,108,5,0,0,1,0,0,7,4,4,4,RH=Crude Sword|LH=Crude Sword|BD=Crude Armour|A1=Crude Bracelet|A2=Crude Bracelet,Swords_T1_03=1,0,Rat|Rat|Rat,party wiped
578,12922,1,Normal,26,2,2,2,0,37,37,0,0,40,0,1,1,0,6,6,0,3,3,0,0,224,29,13,13,6.5,0,1,1,3,4,8,4,,,0,-,floor1_town
578,12922,2,Normal,23,4,4,3,0,37,0,0,2,60,0,1,2,2,3,3,0,0,0,0,0,392,88,19,16,5.333,1,0,0,3,4,16,4,RH=Crude Sword|LH=Crude Sword|BD=Crude Armour|A1=Crude Bracelet|A2=Crude Bracelet,,1,Rat,companion_join:Rat; party wiped; +1 levelup
579,12923,1,Normal,40,4,4,4,0,37,93,0,0,80,0,1,1,0,9,1,2,3,3,0,0,448,14,18,18,4.5,0,1,1,5,4,16,4,,,2,Rat|Rat,floor1_town;companion_join:Rat;companion_join:Rat
579,12923,2,Normal,25,2,2,2,0,93,121,0,2,40,0,1,2,0,3,3,2,0,0,1,0,224,8,8,8,4,0,1,1,5,4,8,4,,Swords_T1_03=1,1,Rat|Rat|Rat,companion_join:Rat; +1 levelup
579,12923,3,Normal,14,2,2,1,0,121,0,2,2,48,0,2,2,4,0,0,0,0,0,2,0,349,119,8,5,5,1,0,0,5,4,8,4,RH=Crude Sword|LH=Crude Sword|BD=Crude Armour|A1=Crude Bracelet|A2=Crude Bracelet,Swords_T1_03=2,0,Rat|Rat|Rat,party wiped
580,12924,1,Normal,38,2,2,2,0,37,65,0,0,40,0,1,1,0,6,5,0,3,3,0,0,224,8,12,12,6,0,1,1,3,4,8,4,,,1,Rat,floor1_town;companion_join:Rat
580,12924,2,Normal,26,4,4,4,0,65,44,0,2,80,0,1,2,2,3,3,0,0,0,1,0,448,64,15,15,3.75,0,1,1,3,4,16,4,,Swords_T1_03=1,1,Rat|Rat,companion_join:Rat; +1 levelup
580,12924,3,Normal,14,2,2,0,1,44,0,2,0,0,0,2,2,2,3,3,0,0,0,0,0,115,94,6,0,0,1,0,0,9,4,8,4,RH=Crude Sword|LH=Crude Sword|BD=Crude Armour|A1=Crude Bracelet|A2=Crude Bracelet,,0,Rat|Rat,party wiped; flee×1
581,12925,1,Normal,36,5,5,5,0,37,74,0,3,100,0,1,2,1,15,8,0,3,3,0,0,560,32,28,28,5.6,0,1,1,6,4,20,4,,,1,Rat,floor1_town;companion_join:Rat; +1 levelup
581,12925,2,Normal,30,3,3,3,0,74,93,3,3,60,0,2,2,1,3,3,0,0,0,3,0,336,34,12,12,4,0,1,1,6,4,12,4,,Swords_T1_03=3,2,Rat|Rat|Rat,companion_join:Rat;companion_join:Rat
581,12925,3,Normal,3,1,1,0,0,93,0,3,3,0,0,2,2,1,0,0,0,0,0,0,0,156,93,6,0,0,1,0,0,6,4,4,4,RH=Crude Sword|LH=Crude Sword|BD=Crude Armour|A1=Crude Bracelet|A2=Crude Bracelet,,0,Rat|Rat|Rat,party wiped
582,12926,1,Normal,33,5,5,5,0,37,101,0,3,100,0,1,2,0,15,9,0,3,3,0,0,560,46,30,30,6,0,1,1,6,4,20,4,,,2,Rat|Rat,floor1_town;companion_join:Rat;companion_join:Rat; +1 levelup
582,12926,2,Normal,25,1,1,1,0,101,101,3,3,20,0,2,2,0,3,2,0,0,1,1,0,112,5,4,4,4,0,1,1,6,4,4,4,,Swords_T1_03=1,0,Rat|Rat,
582,12926,3,Normal,5,1,1,0,0,101,0,3,3,0,0,2,2,2,0,1,0,0,0,1,0,181,100,5,0,0,1,0,0,6,4,4,4,RH=Crude Sword|LH=Crude Sword|BD=Crude Armour|A1=Crude Bracelet|A2=Crude Bracelet,Swords_T1_03=1,0,Rat|Rat,party wiped
583,12927,1,Normal,31,4,4,4,0,37,121,0,0,80,0,1,1,1,12,7,0,3,3,0,0,448,8,22,22,5.5,0,1,1,5,4,16,4,,,3,Rat|Rat|Rat,floor1_town;companion_join:Rat;companion_join:Rat;companion_join:Rat
583,12927,2,Normal,25,3,3,3,0,121,81,0,1,60,0,1,2,1,3,3,1,0,0,1,0,336,47,12,12,4,0,1,1,5,4,12,4,,Swords_T1_03=1,0,Rat|Rat|Rat,companion_join_skip:party_full; +1 levelup
583,12927,3,Normal,6,2,2,1,0,81,0,1,0,48,0,2,2,2,3,3,0,0,0,1,0,354,130,13,7,7,1,0,0,6,4,8,4,RH=Crude Sword|LH=Crude Sword|BD=Crude Armour|A1=Crude Bracelet|A2=Crude Bracelet,Swords_T1_03=1,0,Rat|Rat|Rat,party wiped
584,12928,1,Normal,29,2,2,2,0,37,65,0,0,40,0,1,1,0,6,3,0,3,3,0,0,224,6,12,12,6,0,1,1,3,4,8,4,,,1,Rat,floor1_town;companion_join:Rat
584,12928,2,Normal,25,4,4,2,1,65,0,0,0,40,0,1,1,2,6,6,0,0,0,0,0,316,116,17,10,5,1,0,0,9,4,16,4,RH=Crude Sword|LH=Crude Sword|BD=Crude Armour|A1=Crude Bracelet|A2=Crude Bracelet,,1,Rat|Rat,companion_join:Rat; party wiped; flee×1
585,12929,1,Normal,27,2,2,2,0,37,37,0,0,40,0,1,1,0,5,3,1,3,3,0,0,224,0,12,12,6,0,1,1,3,4,8,4,,,0,-,floor1_town
585,12929,2,Normal,28,1,1,1,0,37,37,0,0,20,0,1,1,0,3,2,3,0,1,0,0,112,0,6,6,6,0,1,1,3,4,4,4,,,0,-,
585,12929,3,Normal,6,1,1,0,0,37,0,0,0,0,0,1,1,4,3,3,0,0,0,0,0,208,37,7,0,0,1,0,0,9,4,4,4,RH=Crude Sword|LH=Crude Sword|BD=Crude Armour|A1=Crude Bracelet|A2=Crude Bracelet,,0,-,party wiped
586,12930,1,Normal,25,3,3,3,0,37,65,0,0,60,0,1,1,1,8,3,1,3,3,0,0,336,16,15,15,5,0,1,1,4,4,12,4,,,1,Rat,floor1_town;companion_join:Rat
586,12930,2,Normal,40,5,5,5,0,65,101,0,2,100,0,1,2,1,6,5,0,0,1,1,0,560,116,22,22,4.4,0,1,1,5,4,20,4,,Swords_T1_03=1,2,Rat|Rat|Rat,companion_join:Rat;companion_join:Rat; +1 levelup
586,12930,3,Normal,25,2,2,1,0,101,0,2,2,48,0,2,2,2,3,4,0,0,0,2,0,388,145,11,6,6,1,0,0,6,4,8,4,RH=Crude Sword|LH=Crude Sword|BD=Crude Armour|A1=Crude Bracelet|A2=Crude Bracelet,Swords_T1_03=2,0,Rat|Rat|Rat,party wiped
587,12931,1,Normal,39,2,2,2,0,37,37,0,0,40,0,1,1,1,5,3,0,3,3,0,0,224,8,13,13,6.5,0,1,1,3,4,8,4,,,0,-,floor1_town
587,12931,2,Normal,35,2,2,2,0,37,37,0,0,40,0,1,1,2,6,6,0,0,0,0,0,224,9,15,15,7.5,0,1,1,4,4,8,4,,,0,-,
587,12931,3,Normal,2,1,1,0,0,37,0,0,0,0,0,1,1,2,3,3,0,0,0,0,0,129,37,4,0,0,1,0,0,10,4,4,4,RH=Crude Sword|LH=Crude Sword|BD=Crude Armour|A1=Crude Bracelet|A2=Crude Bracelet,,0,-,party wiped
588,12932,1,Normal,37,1,1,1,0,37,37,0,0,20,0,1,1,0,3,1,2,3,3,0,0,112,8,6,6,6,0,1,1,2,4,4,4,,,0,-,floor1_town
588,12932,2,Normal,29,3,3,3,0,37,59,0,0,60,0,1,1,1,6,5,1,0,0,0,0,336,14,15,15,5,0,1,1,3,4,12,4,,,1,Rat,companion_join:Rat
588,12932,3,Normal,2,1,1,0,0,59,0,0,0,0,0,1,1,3,0,0,0,0,0,0,0,141,59,4,0,0,1,0,0,3,4,4,4,RH=Crude Sword|LH=Crude Sword|BD=Crude Armour|A1=Crude Bracelet|A2=Crude Bracelet,,0,Rat,party wiped
589,12933,1,Normal,35,2,2,2,0,37,65,0,0,40,0,1,1,0,6,3,0,3,3,0,0,224,8,11,11,5.5,0,1,1,3,4,8,4,,,1,Rat,floor1_town;companion_join:Rat
589,12933,2,Normal,25,3,3,3,0,65,45,0,0,60,0,1,2,1,3,3,0,0,0,0,0,336,84,16,16,5.333,0,1,1,3,4,12,4,,,2,Rat|Rat|Rat,companion_join:Rat;companion_join:Rat; +1 levelup
589,12933,3,Normal,12,2,2,0,1,45,0,0,0,0,0,2,2,0,3,3,0,0,0,0,0,64,71,5,0,0,1,0,0,9,4,8,4,RH=Crude Sword|LH=Crude Sword|BD=Crude Armour|A1=Crude Bracelet|A2=Crude Bracelet,,0,Rat|Rat|Rat,party wiped; flee×1
590,12934,1,Normal,33,4,4,4,0,37,65,0,0,80,0,1,1,0,12,8,2,3,3,0,0,448,16,25,25,6.25,0,1,1,5,4,16,4,,,1,Rat,floor1_town;companion_join:Rat
590,12934,2,Normal,21,4,4,3,0,65,0,0,3,60,0,1,2,2,3,3,0,0,0,1,0,406,117,15,11,3.667,1,0,0,5,4,16,4,RH=Crude Sword|LH=Crude Sword|BD=Crude Armour|A1=Crude Bracelet|A2=Crude Bracelet,Swords_T1_03=1,1,Rat|Rat,companion_join:Rat; party wiped; +1 levelup
591,12935,1,Normal,31,5,5,5,0,37,129,0,1,100,0,1,2,0,14,1,0,3,3,0,0,560,16,23,23,4.6,0,1,1,6,4,20,4,,,3,Rat|Rat|Rat,floor1_town;companion_join:Rat;companion_join:Rat;companion_join:Rat; +1 levelup
591,12935,2,Normal,39,3,3,3,0,129,108,1,1,60,0,2,2,0,3,3,2,0,0,1,0,336,34,9,9,3,0,1,1,6,4,12,4,,Swords_T1_03=1,0,Rat|Rat|Rat,
591,12935,3,Normal,3,1,1,0,0,108,0,1,1,0,0,2,2,2,0,0,1,0,0,0,0,192,108,6,0,0,1,0,0,6,4,4,4,RH=Crude Sword|LH=Crude Sword|BD=Crude Armour|A1=Crude Bracelet|A2=Crude Bracelet,,0,Rat|Rat|Rat,party wiped
592,12936,1,Normal,29,2,2,2,0,37,65,0,0,40,0,1,1,0,6,4,1,3,3,0,0,224,6,12,12,6,0,1,1,3,4,8,4,,,1,Rat,floor1_town;companion_join:Rat
592,12936,2,Normal,36,1,1,1,0,65,65,0,0,20,0,1,1,0,3,1,2,0,2,0,0,112,0,6,6,6,0,1,1,3,4,4,4,,,0,Rat,
592,12936,3,Normal,11,1,1,0,0,65,0,0,0,0,0,1,1,1,0,2,3,0,0,0,0,87,65,2,0,0,1,0,0,3,4,4,4,RH=Crude Sword|LH=Crude Sword|BD=Crude Armour|A1=Crude Bracelet|A2=Crude Bracelet,,0,Rat,party wiped
593,12937,1,Normal,27,3,3,3,0,37,65,0,0,60,0,1,1,0,9,5,0,3,3,0,0,336,16,17,17,5.667,0,1,1,4,4,12,4,,,1,Rat,floor1_town;companion_join:Rat
593,12937,2,Normal,26,3,3,3,0,65,109,0,2,60,0,1,2,0,3,3,2,0,0,1,0,336,28,12,12,4,0,1,1,4,4,12,4,,Swords_T1_03=1,2,Rat|Rat|Rat,companion_join:Rat;companion_join:Rat; +1 levelup
593,12937,3,Normal,9,2,2,1,0,109,0,2,2,48,0,2,2,2,0,0,0,0,0,2,0,386,107,8,4,4,1,0,0,4,4,8,4,RH=Crude Sword|LH=Crude Sword|BD=Crude Armour|A1=Crude Bracelet|A2=Crude Bracelet,Swords_T1_03=2,0,Rat|Rat|Rat,party wiped
594,12938,1,Normal,25,3,3,3,0,37,93,0,0,60,0,1,1,1,9,8,0,3,3,0,0,336,16,18,18,6,0,1,1,4,4,12,4,,,2,Rat|Rat,floor1_town;companion_join:Rat;companion_join:Rat
594,12938,2,Normal,36,2,2,2,0,93,102,0,1,40,0,1,2,1,3,1,1,0,2,0,0,224,16,7,7,3.5,0,1,1,4,4,8,4,,,0,Rat|Rat,+1 levelup
594,12938,3,Normal,11,2,2,1,0,102,0,1,1,48,0,2,2,3,0,2,0,0,0,1,0,345,101,8,5,5,1,0,0,4,4,8,4,RH=Crude Sword|LH=Crude Sword|BD=Crude Armour|A1=Crude Bracelet|A2=Crude Bracelet,Swords_T1_03=1,0,Rat|Rat,party wiped
595,12939,1,Normal,39,4,4,4,0,37,65,0,0,80,0,1,1,2,12,8,0,3,3,0,0,448,40,23,23,5.75,0,1,1,5,4,16,4,,,1,Rat,floor1_town;companion_join:Rat
595,12939,2,Normal,26,4,4,3,1,65,2,0,3,60,0,1,2,2,3,3,0,0,0,2,0,377,97,15,13,4.333,0,1,1,5,4,16,4,,Swords_T1_03=2,1,Rat|Rat,companion_join:Rat; +1 levelup; flee×1
595,12939,3,Normal,2,1,1,0,0,2,0,3,0,0,0,2,2,1,3,3,0,0,0,0,0,13,28,3,0,0,1,0,0,11,4,4,4,RH=Crude Sword|LH=Crude Sword|BD=Crude Armour|A1=Crude Bracelet|A2=Crude Bracelet,,0,Rat|Rat,party wiped
596,12940,1,Normal,37,3,3,3,0,37,37,0,0,60,0,1,1,0,9,7,1,3,3,0,0,336,8,24,24,8,0,1,1,4,4,12,4,,,0,-,floor1_town
596,12940,2,Normal,9,2,2,1,0,37,0,0,0,20,0,1,1,2,3,3,0,0,0,0,0,193,37,10,5,5,1,0,0,4,4,8,4,RH=Crude Sword|LH=Crude Sword|BD=Crude Armour|A1=Crude Bracelet|A2=Crude Bracelet,,0,-,party wiped
597,12941,1,Normal,35,6,6,6,0,37,44,0,2,120,0,1,2,0,18,5,2,3,3,0,0,672,37,31,31,5.167,0,1,1,7,4,24,4,,,0,-,floor1_town; +1 levelup
597,12941,2,Normal,39,3,3,3,0,44,56,2,2,60,0,2,2,2,3,3,2,0,0,2,0,336,14,17,17,5.667,0,1,1,7,4,12,4,,Swords_T1_03=2,1,Rat,companion_join:Rat
597,12941,3,Normal,1,1,1,0,0,56,0,2,2,0,0,2,2,4,0,0,0,0,0,1,0,210,55,7,0,0,1,0,0,7,4,4,4,RH=Crude Sword|LH=Crude Sword|BD=Crude Armour|A1=Crude Bracelet|A2=Crude Bracelet,Swords_T1_03=1,0,Rat,party wiped
598,12942,1,Normal,33,4,4,4,0,37,65,0,0,80,0,1,1,1,12,3,0,3,3,0,0,448,24,20,20,5,0,1,1,5,4,16,4,,,1,Rat,floor1_town;companion_join:Rat
598,12942,2,Normal,18,4,4,3,0,65,0,0,2,60,0,1,2,0,3,3,0,0,0,3,0,399,136,16,13,4.333,1,0,0,5,4,16,4,RH=Crude Sword|LH=Crude Sword|BD=Crude Armour|A1=Crude Bracelet|A2=Crude Bracelet,Swords_T1_03=3,2,Rat|Rat|Rat,companion_join:Rat;companion_join:Rat; party wiped; +1 levelup
599,12943,1,Normal,31,4,4,4,0,37,65,0,0,80,0,1,1,1,12,6,1,3,3,0,0,448,29,20,20,5,0,1,1,5,4,16,4,,,1,Rat,floor1_town;companion_join:Rat
599,12943,2,Normal,18,3,3,2,0,65,0,0,1,40,0,1,2,3,3,3,0,0,0,1,0,265,100,13,9,4.5,1,0,0,5,4,12,4,RH=Crude Sword|LH=Crude Sword|BD=Crude Armour|A1=Crude Bracelet|A2=Crude Bracelet,Swords_T1_03=1,1,Rat|Rat,companion_join:Rat; party wiped; +1 levelup
600,12944,1,Normal,29,4,4,4,0,37,121,0,0,80,0,1,1,0,12,6,0,3,3,0,0,448,32,22,22,5.5,0,1,1,5,4,16,4,,,3,Rat|Rat|Rat,floor1_town;companion_join:Rat;companion_join:Rat;companion_join:Rat
600,12944,2,Normal,39,3,3,3,0,121,71,0,3,60,0,1,2,0,3,3,0,0,0,2,0,336,68,11,11,3.667,0,1,1,5,4,12,4,,Swords_T1_03=2,0,Rat|Rat|Rat,companion_join_skip:party_full;companion_join_skip:party_full; +1 levelup
600,12944,3,Normal,4,1,1,0,0,71,0,3,3,0,0,2,2,0,0,0,0,0,0,1,0,134,70,3,0,0,1,0,0,5,4,4,4,RH=Crude Sword|LH=Crude Sword|BD=Crude Armour|A1=Crude Bracelet|A2=Crude Bracelet,Swords_T1_03=1,0,Rat|Rat|Rat,party wiped
601,12945,1,Normal,27,1,1,1,0,37,65,0,0,20,0,1,1,0,3,3,2,3,3,0,0,112,0,7,7,7,0,1,1,2,4,4,4,,,1,Rat,floor1_town;companion_join:Rat
601,12945,2,Normal,32,5,5,4,0,65,0,0,3,80,0,1,2,2,3,3,0,0,0,2,0,504,111,21,18,4.5,1,0,0,2,4,20,4,RH=Crude Sword|LH=Crude Sword|BD=Crude Armour|A1=Crude Bracelet|A2=Crude Bracelet,Swords_T1_03=2,0,Rat,party wiped; +1 levelup
602,12946,1,Normal,25,4,4,4,0,37,93,0,0,80,0,1,1,0,12,7,0,3,3,0,0,448,68,21,21,5.25,0,1,1,5,4,16,4,,,2,Rat|Rat,floor1_town;companion_join:Rat;companion_join:Rat
602,12946,2,Normal,23,3,3,2,0,93,0,0,2,40,0,1,2,0,3,3,0,0,0,2,0,287,114,13,9,4.5,1,0,0,5,4,12,4,RH=Crude Sword|LH=Crude Sword|BD=Crude Armour|A1=Crude Bracelet|A2=Crude Bracelet,Swords_T1_03=2,0,Rat|Rat,party wiped; +1 levelup
603,12947,1,Normal,39,5,5,5,0,37,74,0,2,100,0,1,2,1,15,12,0,3,3,0,0,560,48,29,29,5.8,0,1,1,6,4,20,4,,,1,Rat,floor1_town;companion_join:Rat; +1 levelup
603,12947,2,Normal,35,4,4,4,0,74,26,2,2,80,0,2,2,0,3,3,0,0,0,3,0,448,101,18,18,4.5,0,1,1,6,4,16,4,,Swords_T1_03=3,2,Rat|Rat|Rat,companion_join:Rat;companion_join:Rat
603,12947,3,Normal,5,1,1,0,0,26,0,2,2,0,0,2,2,2,0,0,0,0,0,0,0,34,46,3,0,0,1,0,0,6,4,4,4,RH=Crude Sword|LH=Crude Sword|BD=Crude Armour|A1=Crude Bracelet|A2=Crude Bracelet,,0,Rat|Rat|Rat,party wiped
604,12948,1,Normal,37,5,5,5,0,37,44,0,2,100,0,1,2,0,15,5,0,3,3,0,0,560,8,27,27,5.4,0,1,1,6,4,20,4,,,0,-,floor1_town; +1 levelup
604,12948,2,Normal,31,3,3,3,0,44,100,2,2,60,0,2,2,2,5,3,0,0,0,1,0,336,20,16,16,5.333,0,1,1,7,4,12,4,,Swords_T1_03=1,2,Rat|Rat,companion_join:Rat;companion_join:Rat
604,12948,3,Normal,4,1,1,0,0,100,0,2,2,0,0,2,2,1,0,0,0,0,0,1,0,107,99,3,0,0,1,0,0,7,4,4,4,RH=Crude Sword|LH=Crude Sword|BD=Crude Armour|A1=Crude Bracelet|A2=Crude Bracelet,Swords_T1_03=1,0,Rat|Rat,party wiped
605,12949,1,Normal,35,3,3,3,0,37,37,0,0,60,0,1,1,0,9,7,1,3,3,0,0,336,0,18,18,6,0,1,1,4,4,12,4,,,0,-,floor1_town
605,12949,2,Normal,29,4,4,3,1,37,2,0,2,60,0,1,2,2,6,6,0,0,0,2,0,420,49,24,20,6.667,0,1,1,5,4,16,4,,Swords_T1_03=2,0,-,+1 levelup; flee×1
605,12949,3,Normal,8,1,1,0,0,2,0,2,2,0,0,2,2,2,3,3,0,0,0,1,0,180,44,5,0,0,1,0,0,6,4,4,4,RH=Crude Sword|LH=Crude Sword|BD=Crude Armour|A1=Crude Bracelet|A2=Crude Bracelet,Swords_T1_03=1,0,-,party wiped
606,12950,1,Normal,33,4,4,4,0,37,65,0,0,80,0,1,1,0,12,4,2,3,3,0,0,448,24,23,23,5.75,0,1,1,5,4,16,4,,,1,Rat,floor1_town;companion_join:Rat
606,12950,2,Normal,26,3,3,3,0,65,78,0,1,60,0,1,2,3,3,3,0,0,0,1,0,336,36,12,12,4,0,1,1,5,4,12,4,,Swords_T1_03=1,1,Rat|Rat,companion_join:Rat; +1 levelup
606,12950,3,Normal,1,1,1,0,0,78,0,1,1,0,0,2,2,2,0,0,0,0,0,0,0,229,78,8,0,0,1,0,0,5,4,4,4,RH=Crude Sword|LH=Crude Sword|BD=Crude Armour|A1=Crude Bracelet|A2=Crude Bracelet,,0,Rat|Rat,party wiped
607,12951,1,Normal,31,4,4,4,0,37,65,0,0,80,0,1,1,1,11,6,0,3,3,0,0,448,8,22,22,5.5,0,1,1,5,4,16,4,,,1,Rat,floor1_town;companion_join:Rat
607,12951,2,Normal,36,3,3,3,0,65,92,0,2,60,0,1,2,2,6,4,0,0,2,1,0,336,65,14,14,4.667,0,1,1,6,4,12,4,,Swords_T1_03=1,1,Rat|Rat,companion_join:Rat; +1 levelup
607,12951,3,Normal,28,2,2,1,0,92,0,2,2,48,0,2,2,1,0,2,0,0,0,1,0,385,91,8,5,5,1,0,0,6,4,8,4,RH=Crude Sword|LH=Crude Sword|BD=Crude Armour|A1=Crude Bracelet|A2=Crude Bracelet,Swords_T1_03=1,0,Rat|Rat,party wiped
608,12952,1,Normal,29,3,3,3,0,37,65,0,0,60,0,1,1,0,9,3,2,3,3,0,0,336,8,17,17,5.667,0,1,1,4,4,12,4,,,1,Rat,floor1_town;companion_join:Rat
608,12952,2,Normal,19,3,3,2,0,65,0,0,3,40,0,1,2,3,3,3,0,0,0,1,0,308,108,17,11,5.5,1,0,0,4,4,12,4,RH=Crude Sword|LH=Crude Sword|BD=Crude Armour|A1=Crude Bracelet|A2=Crude Bracelet,Swords_T1_03=1,1,Rat|Rat,companion_join:Rat; party wiped; +1 levelup
609,12953,1,Normal,27,2,2,2,0,37,65,0,0,40,0,1,1,0,6,2,0,3,3,0,0,224,8,12,12,6,0,1,1,3,4,8,4,,,1,Rat,floor1_town;companion_join:Rat
609,12953,2,Normal,21,2,2,1,0,65,0,0,0,20,0,1,1,0,3,3,0,0,0,0,0,163,73,8,6,6,1,0,0,3,4,8,4,RH=Crude Sword|LH=Crude Sword|BD=Crude Armour|A1=Crude Bracelet|A2=Crude Bracelet,,0,Rat,party wiped
610,12954,1,Normal,25,2,2,2,0,37,37,0,0,40,0,1,1,0,6,2,2,3,3,0,0,224,0,10,10,5,0,1,1,3,4,8,4,,,0,-,floor1_town
610,12954,2,Normal,16,4,4,3,0,37,0,0,2,60,0,1,2,2,6,5,0,0,0,0,0,392,81,20,18,6,1,0,0,4,4,16,4,RH=Crude Sword|LH=Crude Sword|BD=Crude Armour|A1=Crude Bracelet|A2=Crude Bracelet,,1,Rat,companion_join:Rat; party wiped; +1 levelup
611,12955,1,Normal,39,4,4,4,0,37,65,0,0,80,0,1,1,0,12,9,0,3,3,0,0,448,26,21,21,5.25,0,1,1,5,4,16,4,,,1,Rat,floor1_town;companion_join:Rat
611,12955,2,Normal,32,4,4,4,0,65,56,0,2,80,0,1,2,1,3,3,0,0,0,2,0,448,45,16,16,4,0,1,1,5,4,16,4,,Swords_T1_03=2,1,Rat|Rat,companion_join:Rat; +1 levelup
611,12955,3,Normal,3,1,1,0,0,56,0,2,2,0,0,2,2,1,0,0,0,0,0,1,0,103,87,3,0,0,1,0,0,5,4,4,4,RH=Crude Sword|LH=Crude Sword|BD=Crude Armour|A1=Crude Bracelet|A2=Crude Bracelet,Swords_T1_03=1,0,Rat|Rat,party wiped
612,12956,1,Normal,37,2,2,2,0,37,65,0,0,40,0,1,1,1,5,2,0,3,3,0,0,224,0,11,11,5.5,0,1,1,3,4,8,4,,,1,Rat,floor1_town;companion_join:Rat
612,12956,2,Normal,32,3,3,2,0,65,0,0,0,40,0,1,1,2,3,3,0,0,0,0,0,293,93,13,10,5,1,0,0,3,4,12,4,RH=Crude Sword|LH=Crude Sword|BD=Crude Armour|A1=Crude Bracelet|A2=Crude Bracelet,,1,Rat|Rat,companion_join:Rat; party wiped
613,12957,1,Normal,35,3,3,3,0,37,65,0,0,60,0,1,1,0,9,4,0,3,3,0,0,336,16,18,18,6,0,1,1,4,4,12,4,,,1,Rat,floor1_town;companion_join:Rat
613,12957,2,Normal,34,5,5,4,1,65,66,0,2,80,0,1,2,0,9,6,0,0,3,2,0,476,87,23,21,5.25,0,1,1,6,4,20,4,,Swords_T1_03=2,1,Rat|Rat,companion_join:Rat; +1 levelup; flee×1
613,12957,3,Normal,3,1,1,0,0,66,0,2,2,0,0,2,2,0,0,3,0,0,0,1,0,194,74,5,0,0,1,0,0,6,4,4,4,RH=Crude Sword|LH=Crude Sword|BD=Crude Armour|A1=Crude Bracelet|A2=Crude Bracelet,Swords_T1_03=1,0,Rat|Rat,party wiped
614,12958,1,Normal,33,2,2,2,0,37,37,0,0,40,0,1,1,0,6,4,1,3,3,0,0,224,0,11,11,5.5,0,1,1,3,4,8,4,,,0,-,floor1_town
614,12958,2,Normal,20,3,3,2,0,37,0,0,0,40,0,1,1,1,3,3,0,0,0,0,0,321,65,15,11,5.5,1,0,0,3,4,12,4,RH=Crude Sword|LH=Crude Sword|BD=Crude Armour|A1=Crude Bracelet|A2=Crude Bracelet,,1,Rat,companion_join:Rat; party wiped
615,12959,1,Normal,31,3,3,3,0,37,37,0,0,60,0,1,1,0,9,4,0,3,3,0,0,336,16,16,16,5.333,0,1,1,4,4,12,4,,,0,-,floor1_town
615,12959,2,Normal,22,2,2,1,0,37,0,0,0,20,0,1,1,0,3,3,0,0,0,0,0,165,37,9,7,7,1,0,0,4,4,8,4,RH=Crude Sword|LH=Crude Sword|BD=Crude Armour|A1=Crude Bracelet|A2=Crude Bracelet,,0,-,party wiped
616,12960,1,Normal,29,1,1,1,0,37,37,0,0,20,0,1,1,0,3,2,1,3,3,0,0,112,0,7,7,7,0,1,1,2,4,4,4,,,0,-,floor1_town
616,12960,2,Normal,32,2,2,2,0,37,57,0,0,40,0,1,1,0,6,1,2,0,3,0,0,224,16,12,12,6,0,1,1,3,4,8,4,,,1,Rat,companion_join:Rat
616,12960,3,Normal,5,1,1,0,0,57,0,0,0,0,0,1,1,3,0,3,0,0,0,0,0,165,57,4,0,0,1,0,0,3,4,4,4,RH=Crude Sword|LH=Crude Sword|BD=Crude Armour|A1=Crude Bracelet|A2=Crude Bracelet,,0,Rat,party wiped
617,12961,1,Normal,27,1,1,1,0,37,37,0,0,20,0,1,1,0,3,3,2,3,3,0,0,112,21,5,5,5,0,1,1,2,4,4,4,,,0,-,floor1_town
617,12961,2,Normal,34,4,4,2,1,37,0,0,0,40,0,1,1,2,9,8,0,0,0,0,0,336,76,20,13,6.5,1,0,0,4,4,16,4,RH=Crude Sword|LH=Crude Sword|BD=Crude Armour|A1=Crude Bracelet|A2=Crude Bracelet,,0,-,party wiped; flee×1
618,12962,1,Normal,25,4,4,4,0,37,65,0,0,80,0,1,1,1,10,4,0,3,3,0,0,448,37,18,18,4.5,0,1,1,5,4,16,4,,,1,Rat,floor1_town;companion_join:Rat
618,12962,2,Normal,34,3,3,2,1,65,26,0,1,40,0,1,2,1,3,3,0,0,0,0,0,280,87,12,10,5,0,1,1,5,4,12,4,,,1,Rat|Rat,companion_join:Rat; +1 levelup; flee×1
618,12962,3,Normal,5,1,1,0,0,26,0,1,1,0,0,2,2,2,0,0,0,0,0,0,0,66,87,2,0,0,1,0,0,5,4,4,4,RH=Crude Sword|LH=Crude Sword|BD=Crude Armour|A1=Crude Bracelet|A2=Crude Bracelet,,0,Rat|Rat,party wiped
619,12963,1,Normal,39,5,5,5,0,37,100,0,1,100,0,1,2,2,13,3,0,3,3,0,0,560,16,24,24,4.8,0,1,1,6,4,20,4,,,2,Rat|Rat,floor1_town;companion_join:Rat;companion_join:Rat; +1 levelup
619,12963,2,Normal,14,3,3,2,0,100,0,1,1,40,0,2,2,0,3,3,0,0,0,0,0,262,100,11,8,4,1,0,0,6,4,12,4,RH=Crude Sword|LH=Crude Sword|BD=Crude Armour|A1=Crude Bracelet|A2=Crude Bracelet,,0,Rat|Rat,party wiped
620,12964,1,Normal,37,3,3,3,0,37,121,0,0,60,0,1,1,0,7,5,0,3,3,0,0,336,1,16,16,5.333,0,1,1,4,4,12,4,,,3,Rat|Rat|Rat,floor1_town;companion_join:Rat;companion_join:Rat;companion_join:Rat
620,12964,2,Normal,31,3,3,3,0,121,115,0,2,60,0,1,2,2,3,3,0,0,0,1,0,336,41,11,11,3.667,0,1,1,4,4,12,4,,Swords_T1_03=1,0,Rat|Rat|Rat,+1 levelup
620,12964,3,Normal,10,3,3,1,1,115,0,2,2,48,0,2,2,2,3,3,0,0,0,3,0,405,167,10,5,5,1,0,0,5,4,12,4,RH=Crude Sword|LH=Crude Sword|BD=Crude Armour|A1=Crude Bracelet|A2=Crude Bracelet,Swords_T1_03=3,0,Rat|Rat|Rat,party wiped; flee×1
621,12965,1,Normal,35,5,5,5,0,37,73,0,2,100,0,1,2,0,15,4,2,3,3,0,0,560,53,28,28,5.6,0,1,1,6,4,20,4,,,1,Rat,floor1_town;companion_join:Rat; +1 levelup
621,12965,2,Normal,33,4,4,4,0,73,84,2,2,80,0,2,2,2,3,3,1,0,0,2,0,448,16,14,14,3.5,0,1,1,6,4,16,4,,Swords_T1_03=2,1,Rat|Rat,companion_join:Rat
621,12965,3,Normal,3,1,1,0,0,84,0,2,2,0,0,2,2,1,0,0,0,0,0,0,0,103,84,3,0,0,1,0,0,6,4,4,4,RH=Crude Sword|LH=Crude Sword|BD=Crude Armour|A1=Crude Bracelet|A2=Crude Bracelet,,0,Rat|Rat,party wiped
622,12966,1,Normal,33,5,5,5,0,37,74,0,2,100,0,1,2,0,13,5,0,3,3,0,0,560,22,26,26,5.2,0,1,1,6,4,20,4,,,1,Rat,floor1_town;companion_join:Rat; +1 levelup
622,12966,2,Normal,32,2,2,2,0,74,89,2,2,40,0,2,2,0,3,3,0,0,0,2,0,224,25,9,9,4.5,0,1,1,6,4,8,4,,Swords_T1_03=2,1,Rat|Rat,companion_join:Rat
622,12966,3,Normal,7,1,1,0,0,89,0,2,2,0,0,2,2,0,0,0,0,0,0,1,0,91,88,2,0,0,1,0,0,6,4,4,4,RH=Crude Sword|LH=Crude Sword|BD=Crude Armour|A1=Crude Bracelet|A2=Crude Bracelet,Swords_T1_03=1,0,Rat|Rat,party wiped
623,12967,1,Normal,31,2,2,2,0,37,65,0,0,40,0,1,1,0,6,1,1,3,3,0,0,224,16,10,10,5,0,1,1,3,4,8,4,,,1,Rat,floor1_town;companion_join:Rat
623,12967,2,Normal,21,4,4,3,0,65,0,0,0,60,0,1,2,2,9,9,0,0,0,0,0,392,158,28,21,7,1,0,0,10,4,16,4,RH=Crude Sword|LH=Crude Sword|BD=Crude Armour|A1=Crude Bracelet|A2=Crude Bracelet,,1,Rat|Rat,companion_join:Rat; party wiped; +1 levelup
624,12968,1,Normal,29,3,3,3,0,37,65,0,0,60,0,1,1,0,9,4,0,3,3,0,0,336,3,15,15,5,0,1,1,4,4,12,4,,,1,Rat,floor1_town;companion_join:Rat
624,12968,2,Normal,28,2,2,2,0,65,100,0,1,40,0,1,2,1,3,3,0,0,0,0,0,224,50,10,10,5,0,1,1,4,4,8,4,,,2,Rat|Rat|Rat,companion_join:Rat;companion_join:Rat; +1 levelup
624,12968,3,Normal,2,1,1,0,0,100,0,1,1,0,0,2,2,1,0,0,0,0,0,1,0,194,99,7,0,0,1,0,0,4,4,4,4,RH=Crude Sword|LH=Crude Sword|BD=Crude Armour|A1=Crude Bracelet|A2=Crude Bracelet,Swords_T1_03=1,0,Rat|Rat|Rat,party wiped
625,12969,1,Normal,27,3,3,3,0,37,65,0,0,60,0,1,1,0,9,4,1,3,3,0,0,336,8,16,16,5.333,0,1,1,4,4,12,4,,,1,Rat,floor1_town;companion_join:Rat
625,12969,2,Normal,40,3,3,3,0,65,82,0,3,60,0,1,2,2,3,3,0,0,0,1,0,336,54,12,12,4,0,1,1,4,4,12,4,,Swords_T1_03=1,2,Rat|Rat|Rat,companion_join:Rat;companion_join:Rat;companion_join_skip:party_full; +1 levelup
625,12969,3,Normal,19,2,2,1,0,82,0,3,3,48,0,2,2,2,0,0,0,0,0,1,0,345,107,7,4,4,1,0,0,4,4,8,4,RH=Crude Sword|LH=Crude Sword|BD=Crude Armour|A1=Crude Bracelet|A2=Crude Bracelet,Swords_T1_03=1,0,Rat|Rat|Rat,party wiped
626,12970,1,Normal,25,1,1,1,0,37,37,0,0,20,0,1,1,0,3,1,2,3,3,0,0,112,6,7,7,7,0,1,1,2,4,4,4,,,0,-,floor1_town
626,12970,2,Normal,25,3,3,3,0,37,37,0,0,60,0,1,1,0,9,3,4,0,1,0,0,336,16,17,17,5.667,0,1,1,4,4,12,4,,,0,-,
626,12970,3,Normal,4,1,1,0,0,37,0,0,0,0,0,1,1,0,3,3,6,0,0,0,0,112,37,3,0,0,1,0,0,10,4,4,4,RH=Crude Sword|LH=Crude Sword|BD=Crude Armour|A1=Crude Bracelet|A2=Crude Bracelet,,0,-,party wiped
627,12971,1,Normal,39,6,6,6,0,37,72,0,1,120,0,1,2,1,18,12,0,3,3,1,0,672,43,38,38,6.333,0,1,1,7,4,24,4,,Swords_T1_03=1,1,Rat,floor1_town;companion_join:Rat; +1 levelup
627,12971,2,Normal,34,3,3,3,0,72,62,1,1,60,0,2,2,1,3,3,0,0,0,2,0,336,64,12,12,4,0,1,1,7,4,12,4,,Swords_T1_03=2,2,Rat|Rat|Rat,companion_join:Rat;companion_join:Rat
627,12971,3,Normal,8,1,1,0,0,62,0,1,1,0,0,2,2,0,0,0,0,0,0,0,0,97,62,4,0,0,1,0,0,7,4,4,4,RH=Crude Sword|LH=Crude Sword|BD=Crude Armour|A1=Crude Bracelet|A2=Crude Bracelet,,0,Rat|Rat|Rat,party wiped
628,12972,1,Normal,37,5,5,5,0,37,72,0,2,100,0,1,2,0,15,6,2,3,3,0,0,560,8,25,25,5,0,1,1,6,4,20,4,,,1,Rat,floor1_town;companion_join:Rat; +1 levelup
628,12972,2,Normal,29,4,4,4,0,72,67,2,2,80,0,2,2,2,3,3,0,0,0,2,0,448,67,16,16,4,0,1,1,6,4,16,4,,Swords_T1_03=2,2,Rat|Rat|Rat,companion_join:Rat;companion_join:Rat
628,12972,3,Normal,5,1,1,0,0,67,0,2,2,0,0,2,2,2,0,0,0,0,0,0,0,119,91,4,0,0,1,0,0,6,4,4,4,RH=Crude Sword|LH=Crude Sword|BD=Crude Armour|A1=Crude Bracelet|A2=Crude Bracelet,,0,Rat|Rat|Rat,party wiped
629,12973,1,Normal,35,4,4,4,0,37,121,0,0,80,0,1,1,0,12,11,0,3,3,0,0,448,54,24,24,6,0,1,1,5,4,16,4,,,3,Rat|Rat|Rat,floor1_town;companion_join:Rat;companion_join:Rat;companion_join:Rat
629,12973,2,Normal,35,3,3,3,0,121,129,0,3,60,0,1,2,0,3,2,0,0,1,1,0,336,6,10,10,3.333,0,1,1,5,4,12,4,,Swords_T1_03=1,0,Rat|Rat|Rat,companion_join_skip:party_full; +1 levelup
629,12973,3,Normal,6,2,2,1,0,129,0,3,3,48,0,2,2,1,0,1,0,0,0,1,0,357,128,7,4,4,1,0,0,5,4,8,4,RH=Crude Sword|LH=Crude Sword|BD=Crude Armour|A1=Crude Bracelet|A2=Crude Bracelet,Swords_T1_03=1,0,Rat|Rat|Rat,party wiped
630,12974,1,Normal,33,2,2,2,0,37,65,0,0,40,0,1,1,0,6,1,2,3,3,0,0,224,8,8,8,4,0,1,1,3,4,8,4,,,1,Rat,floor1_town;companion_join:Rat
630,12974,2,Normal,30,3,3,2,0,65,0,0,0,40,0,1,1,2,3,3,0,0,0,0,0,278,73,11,9,4.5,1,0,0,3,4,12,4,RH=Crude Sword|LH=Crude Sword|BD=Crude Armour|A1=Crude Bracelet|A2=Crude Bracelet,,0,Rat,party wiped
631,12975,1,Normal,31,4,4,4,0,37,93,0,0,80,0,1,1,0,12,4,0,3,3,0,0,448,18,19,19,4.75,0,1,1,5,4,16,4,,,2,Rat|Rat,floor1_town;companion_join:Rat;companion_join:Rat
631,12975,2,Normal,39,2,2,2,0,93,130,0,3,40,0,1,2,0,3,2,1,0,1,1,0,224,8,7,7,3.5,0,1,1,5,4,8,4,,Swords_T1_03=1,1,Rat|Rat|Rat,companion_join:Rat;companion_join_skip:party_full; +1 levelup
631,12975,3,Normal,20,2,2,1,0,130,0,3,3,48,0,2,2,1,0,1,0,0,0,2,0,300,128,7,4,4,1,0,0,5,4,8,4,RH=Crude Sword|LH=Crude Sword|BD=Crude Armour|A1=Crude Bracelet|A2=Crude Bracelet,Swords_T1_03=2,0,Rat|Rat|Rat,party wiped
632,12976,1,Normal,29,3,3,3,0,37,93,0,0,60,0,1,1,2,9,6,0,3,3,0,0,336,29,16,16,5.333,0,1,1,4,4,12,4,,,2,Rat|Rat,floor1_town;companion_join:Rat;companion_join:Rat
632,12976,2,Normal,26,2,2,2,0,93,64,0,3,40,0,1,2,0,3,3,0,0,0,0,0,224,52,9,9,4.5,0,1,1,4,4,8,4,,,0,Rat|Rat,+1 levelup
632,12976,3,Normal,1,1,1,0,0,64,0,3,3,0,0,2,2,2,0,0,0,0,0,1,0,168,89,4,0,0,1,0,0,4,4,4,4,RH=Crude Sword|LH=Crude Sword|BD=Crude Armour|A1=Crude Bracelet|A2=Crude Bracelet,Swords_T1_03=1,0,Rat|Rat,party wiped
633,12977,1,Normal,27,3,3,3,0,37,65,0,0,60,0,1,1,0,9,6,0,3,3,0,0,336,37,20,20,6.667,0,1,1,4,4,12,4,,,1,Rat,floor1_town;companion_join:Rat
633,12977,2,Normal,27,2,2,2,0,65,100,0,2,40,0,1,2,1,3,3,0,0,0,0,0,224,8,9,9,4.5,0,1,1,4,4,8,4,,,1,Rat|Rat,companion_join:Rat; +1 levelup
633,12977,3,Normal,11,2,2,0,1,100,0,2,0,0,0,2,2,0,3,3,0,0,0,1,0,120,121,6,0,0,1,0,0,10,4,8,4,RH=Crude Sword|LH=Crude Sword|BD=Crude Armour|A1=Crude Bracelet|A2=Crude Bracelet,Swords_T1_03=1,0,Rat|Rat,party wiped; flee×1
634,12978,1,Normal,25,3,3,3,0,37,37,0,0,60,0,1,1,1,8,6,0,3,3,0,0,336,8,18,18,6,0,1,1,4,4,12,4,,,0,-,floor1_town
634,12978,2,Normal,40,4,4,4,0,37,11,0,3,80,0,1,2,1,6,6,0,0,0,2,0,448,81,21,21,5.25,0,1,1,5,4,16,4,,Swords_T1_03=2,1,Rat,companion_join:Rat; +1 levelup
634,12978,3,Normal,26,2,2,0,2,11,4,3,3,0,0,2,2,0,6,6,0,0,0,2,0,240,75,6,0,0,0,1,1,7,4,8,4,,Swords_T1_03=2,0,Rat,flee×2
634,12978,4,Normal,15,3,3,2,0,4,0,3,3,40,0,2,2,0,3,3,0,0,0,2,0,275,72,14,11,5.5,1,0,0,8,4,12,4,RH=Crude Sword|LH=Crude Sword|BD=Crude Armour|A1=Crude Bracelet|A2=Crude Bracelet,Swords_T1_03=2,1,Rat|Rat,companion_join:Rat; party wiped
635,12979,1,Normal,39,5,5,5,0,37,101,0,2,100,0,1,2,0,15,10,0,3,3,0,0,560,46,25,25,5,0,1,1,6,4,20,4,,,2,Rat|Rat,floor1_town;companion_join:Rat;companion_join:Rat; +1 levelup
635,12979,2,Normal,39,2,2,2,0,101,83,2,2,40,0,2,2,0,3,3,1,0,0,0,0,224,26,8,8,4,0,1,1,6,4,8,4,,,0,Rat|Rat,
635,12979,3,Normal,6,1,1,0,0,83,0,2,2,0,0,2,2,1,0,0,0,0,0,1,0,165,82,4,0,0,1,0,0,6,4,4,4,RH=Crude Sword|LH=Crude Sword|BD=Crude Armour|A1=Crude Bracelet|A2=Crude Bracelet,Swords_T1_03=1,0,Rat|Rat,party wiped
636,12980,1,Normal,37,5,5,5,0,37,101,0,2,100,0,1,2,1,14,5,0,3,3,0,0,560,27,24,24,4.8,0,1,1,6,4,20,4,,,2,Rat|Rat,floor1_town;companion_join:Rat;companion_join:Rat; +1 levelup
636,12980,2,Normal,26,3,3,3,0,101,128,2,2,60,0,2,2,2,3,3,0,0,0,3,0,336,16,13,13,4.333,0,1,1,6,4,12,4,,Swords_T1_03=3,1,Rat|Rat|Rat,companion_join:Rat
636,12980,3,Normal,5,1,1,0,0,128,0,2,2,0,0,2,2,2,0,0,0,0,0,1,0,197,127,6,0,0,1,0,0,6,4,4,4,RH=Crude Sword|LH=Crude Sword|BD=Crude Armour|A1=Crude Bracelet|A2=Crude Bracelet,Swords_T1_03=1,0,Rat|Rat|Rat,party wiped
637,12981,1,Normal,35,3,3,3,0,37,65,0,0,60,0,1,1,1,9,8,1,3,3,0,0,336,8,18,18,6,0,1,1,4,4,12,4,,,1,Rat,floor1_town;companion_join:Rat
637,12981,2,Normal,40,2,2,2,0,65,60,0,2,40,0,1,2,1,3,3,1,0,0,0,0,224,13,10,10,5,0,1,1,4,4,8,4,,,0,Rat,+1 levelup
637,12981,3,Normal,12,1,1,0,0,60,0,2,2,0,0,2,2,3,0,0,0,0,0,1,0,179,59,5,0,0,1,0,0,4,4,4,4,RH=Crude Sword|LH=Crude Sword|BD=Crude Armour|A1=Crude Bracelet|A2=Crude Bracelet,Swords_T1_03=1,0,Rat,party wiped
638,12982,1,Normal,33,2,2,2,0,37,65,0,0,40,0,1,1,0,6,3,1,3,3,0,0,224,21,12,12,6,0,1,1,3,4,8,4,,,1,Rat,floor1_town;companion_join:Rat
638,12982,2,Normal,15,2,2,1,0,65,0,0,0,20,0,1,1,1,3,3,0,0,0,0,0,188,65,9,5,5,1,0,0,3,4,8,4,RH=Crude Sword|LH=Crude Sword|BD=Crude Armour|A1=Crude Bracelet|A2=Crude Bracelet,,0,Rat,party wiped
639,12983,1,Normal,30,2,2,2,0,37,65,0,0,40,0,1,1,0,6,2,2,3,3,0,0,224,10,12,12,6,0,1,1,3,4,8,4,,,1,Rat,floor1_town;companion_join:Rat
639,12983,2,Normal,40,4,4,3,1,65,6,0,2,60,0,1,2,3,3,3,0,0,0,1,0,420,130,16,12,4,0,1,1,3,4,16,4,,Swords_T1_03=1,2,Rat|Rat|Rat,companion_join:Rat;companion_join:Rat; +1 levelup; flee×1
639,12983,3,Normal,3,1,1,0,0,6,0,2,2,0,0,2,2,2,3,3,0,0,0,1,0,183,44,6,0,0,1,0,0,4,4,4,4,RH=Crude Sword|LH=Crude Sword|BD=Crude Armour|A1=Crude Bracelet|A2=Crude Bracelet,Swords_T1_03=1,0,Rat|Rat|Rat,party wiped
640,12984,1,Normal,28,3,3,3,0,37,37,0,0,60,0,1,1,0,9,7,0,3,3,0,0,336,21,19,19,6.333,0,1,1,4,4,12,4,,,0,-,floor1_town
640,12984,2,Normal,28,2,2,2,0,37,44,0,2,40,0,1,2,1,3,3,0,0,0,0,0,224,8,11,11,5.5,0,1,1,4,4,8,4,,,0,-,+1 levelup
640,12984,3,Normal,19,1,1,0,0,44,0,2,2,0,0,2,2,0,0,0,0,0,0,0,0,35,44,1,0,0,1,0,0,4,4,4,4,RH=Crude Sword|LH=Crude Sword|BD=Crude Armour|A1=Crude Bracelet|A2=Crude Bracelet,,0,-,party wiped
641,12985,1,Normal,26,2,2,2,0,37,65,0,0,40,0,1,1,1,5,0,1,3,3,0,0,224,8,9,9,4.5,0,1,1,3,4,8,4,,,1,Rat,floor1_town;companion_join:Rat
641,12985,2,Normal,34,3,3,3,0,65,44,0,2,60,0,1,2,2,5,3,0,1,3,0,0,336,65,15,15,5,0,1,1,4,4,12,4,,,0,Rat,+1 levelup
641,12985,3,Normal,1,1,1,0,0,44,0,2,2,0,0,2,2,1,1,3,0,0,0,1,0,150,43,4,0,0,1,0,0,4,4,4,4,RH=Crude Sword|LH=Crude Sword|BD=Crude Armour|A1=Crude Bracelet|A2=Crude Bracelet,Swords_T1_03=1,0,Rat,party wiped
642,12986,1,Normal,40,3,3,3,0,37,93,0,0,60,0,1,1,0,8,3,0,3,3,0,0,336,8,14,14,4.667,0,1,1,4,4,12,4,,,2,Rat|Rat,floor1_town;companion_join:Rat;companion_join:Rat
642,12986,2,Normal,31,4,4,4,0,93,28,0,1,80,0,1,2,2,3,3,0,0,0,2,0,448,98,16,16,4,0,1,1,4,4,16,4,,Swords_T1_03=2,1,Rat|Rat|Rat,companion_join:Rat;companion_join_skip:party_full;companion_join_skip:party_full;companion_join_skip:party_full; +1 levelup
642,12986,3,Normal,25,2,2,0,1,28,0,1,0,0,0,2,2,1,3,2,0,0,1,0,0,45,70,3,0,0,1,0,0,10,4,8,4,RH=Crude Sword|LH=Crude Sword|BD=Crude Armour|A1=Crude Bracelet|A2=Crude Bracelet,,0,Rat|Rat|Rat,party wiped; flee×1
643,12987,1,Normal,38,4,4,4,0,37,93,0,0,80,0,1,1,1,10,6,0,3,3,0,0,448,24,22,22,5.5,0,1,1,5,4,16,4,,,2,Rat|Rat,floor1_town;companion_join:Rat;companion_join:Rat
643,12987,2,Normal,33,4,4,4,0,93,129,0,2,80,0,1,2,0,3,2,0,0,1,2,0,448,6,13,13,3.25,0,1,1,5,4,16,4,,Swords_T1_03=2,1,Rat|Rat|Rat,companion_join:Rat;companion_join_skip:party_full; +1 levelup
643,12987,3,Normal,18,2,2,1,0,129,0,2,2,48,0,2,2,2,0,1,0,0,0,2,0,360,128,8,5,5,1,0,0,5,4,8,4,RH=Crude Sword|LH=Crude Sword|BD=Crude Armour|A1=Crude Bracelet|A2=Crude Bracelet,Swords_T1_03=2,0,Rat|Rat|Rat,companion_join_skip:party_full; party wiped
644,12988,1,Normal,36,3,3,3,0,37,65,0,0,60,0,1,1,0,9,6,0,3,3,0,0,336,0,21,21,7,0,1,1,4,4,12,4,,,1,Rat,floor1_town;companion_join:Rat
644,12988,2,Normal,31,6,6,5,0,65,0,0,0,100,0,1,2,0,9,9,0,0,0,2,0,586,197,33,29,5.8,1,0,0,11,4,24,4,RH=Crude Sword|LH=Crude Sword|BD=Crude Armour|A1=Crude Bracelet|A2=Crude Bracelet,Swords_T1_03=2,2,Rat|Rat|Rat,companion_join:Rat;companion_join:Rat; party wiped; +1 levelup
645,12989,1,Normal,34,3,3,3,0,37,65,0,0,60,0,1,1,0,9,3,1,3,3,0,0,336,8,18,18,6,0,1,1,4,4,12,4,,,1,Rat,floor1_town;companion_join:Rat
645,12989,2,Normal,30,4,4,4,0,65,46,0,2,80,0,1,2,2,3,3,0,0,0,1,0,448,102,20,20,5,0,1,1,4,4,16,4,,Swords_T1_03=1,2,Rat|Rat|Rat,companion_join:Rat;companion_join:Rat; +1 levelup
645,12989,3,Normal,13,1,1,0,0,46,0,2,2,0,0,2,2,1,0,0,0,0,0,0,0,0,46,2,0,0,1,0,0,4,4,4,4,RH=Crude Sword|LH=Crude Sword|BD=Crude Armour|A1=Crude Bracelet|A2=Crude Bracelet,,0,Rat|Rat|Rat,party wiped
646,12990,1,Normal,32,3,3,3,0,37,65,0,0,60,0,1,1,0,7,1,0,3,3,0,0,336,16,16,16,5.333,0,1,1,4,4,12,4,,,1,Rat,floor1_town;companion_join:Rat
646,12990,2,Normal,32,4,4,4,0,65,37,0,1,80,0,1,2,2,5,3,0,1,3,1,0,448,60,18,18,4.5,0,1,1,5,4,16,4,,Swords_T1_03=1,0,Rat,+1 levelup
646,12990,3,Normal,28,1,1,0,0,37,0,1,1,0,0,2,2,1,3,3,0,0,0,1,0,115,44,6,0,0,1,0,0,6,4,4,4,RH=Crude Sword|LH=Crude Sword|BD=Crude Armour|A1=Crude Bracelet|A2=Crude Bracelet,Swords_T1_03=1,0,Rat,party wiped
647,12991,1,Normal,30,3,3,3,0,37,65,0,0,60,0,1,1,1,9,4,0,3,3,0,0,336,8,17,17,5.667,0,1,1,4,4,12,4,,,1,Rat,floor1_town;companion_join:Rat
647,12991,2,Normal,17,2,2,1,0,65,0,0,0,20,0,1,1,2,3,3,0,0,0,0,0,179,65,9,6,6,1,0,0,4,4,8,4,RH=Crude Sword|LH=Crude Sword|BD=Crude Armour|A1=Crude Bracelet|A2=Crude Bracelet,,0,Rat,party wiped
648,12992,1,Normal,28,1,1,1,0,37,37,0,0,20,0,1,1,0,3,1,2,3,3,0,0,112,0,6,6,6,0,1,1,2,4,4,4,,,0,-,floor1_town
648,12992,2,Normal,28,2,2,2,0,37,57,0,0,40,0,1,1,0,6,6,2,0,0,0,0,224,14,15,15,7.5,0,1,1,3,4,8,4,,,1,Rat,companion_join:Rat
648,12992,3,Normal,1,1,1,0,0,57,0,0,0,0,0,1,1,2,0,0,0,0,0,0,0,106,57,2,0,0,1,0,0,3,4,4,4,RH=Crude Sword|LH=Crude Sword|BD=Crude Armour|A1=Crude Bracelet|A2=Crude Bracelet,,0,Rat,party wiped
649,12993,1,Normal,26,3,3,3,0,37,93,0,0,60,0,1,1,1,8,1,0,3,3,0,0,336,0,13,13,4.333,0,1,1,4,4,12,4,,,2,Rat|Rat,floor1_town;companion_join:Rat;companion_join:Rat
649,12993,2,Normal,30,4,4,4,0,93,91,0,2,80,0,1,2,0,3,3,2,0,0,0,0,448,37,14,14,3.5,0,1,1,4,4,16,4,,,1,Rat|Rat|Rat,companion_join:Rat; +1 levelup
649,12993,3,Normal,17,2,2,1,0,91,0,2,2,48,0,2,2,2,0,0,0,0,0,2,0,360,89,10,7,7,1,0,0,4,4,8,4,RH=Crude Sword|LH=Crude Sword|BD=Crude Armour|A1=Crude Bracelet|A2=Crude Bracelet,Swords_T1_03=2,0,Rat|Rat|Rat,companion_join_skip:party_full; party wiped
650,12994,1,Normal,40,5,5,5,0,37,44,0,2,100,0,1,2,0,15,7,2,3,3,0,0,560,30,33,33,6.6,0,1,1,6,4,20,4,,,0,-,floor1_town; +1 levelup
650,12994,2,Normal,27,3,3,3,0,44,72,2,2,60,0,2,2,2,3,3,0,0,0,1,0,336,-1,13,13,4.333,0,1,1,6,4,12,4,,Swords_T1_03=1,1,Rat,companion_join:Rat
650,12994,3,Normal,6,1,1,0,0,72,0,2,2,0,0,2,2,1,0,0,0,0,0,1,0,122,71,3,0,0,1,0,0,6,4,4,4,RH=Crude Sword|LH=Crude Sword|BD=Crude Armour|A1=Crude Bracelet|A2=Crude Bracelet,Swords_T1_03=1,0,Rat,party wiped
651,12995,1,Normal,38,5,5,5,0,37,101,0,3,100,0,1,2,0,13,1,0,3,3,0,0,560,16,22,22,4.4,0,1,1,6,4,20,4,,,2,Rat|Rat,floor1_town;companion_join:Rat;companion_join:Rat; +1 levelup
651,12995,2,Normal,33,4,4,3,0,101,0,3,3,60,0,2,2,1,3,3,0,0,0,2,0,438,136,25,13,4.333,1,0,0,6,4,16,4,RH=Crude Sword|LH=Crude Sword|BD=Crude Armour|A1=Crude Bracelet|A2=Crude Bracelet,Swords_T1_03=2,1,Rat|Rat|Rat,companion_join:Rat;companion_join_skip:party_full; party wiped
652,12996,1,Normal,36,3,3,3,0,37,37,0,0,60,0,1,1,0,9,2,2,3,3,0,0,336,8,15,15,5,0,1,1,4,4,12,4,,,0,-,floor1_town
652,12996,2,Normal,39,4,4,4,0,37,45,0,1,80,0,1,2,2,9,7,0,0,1,1,0,448,30,24,24,6,0,1,1,6,4,16,4,,Swords_T1_03=1,0,-,+1 levelup
652,12996,3,Normal,1,1,1,0,0,45,0,1,1,0,0,2,2,2,0,1,0,0,0,0,0,78,45,3,0,0,1,0,0,6,4,4,4,RH=Crude Sword|LH=Crude Sword|BD=Crude Armour|A1=Crude Bracelet|A2=Crude Bracelet,,0,-,party wiped
653,12997,1,Normal,34,4,4,4,0,37,37,0,0,80,0,1,1,0,12,7,0,3,3,0,0,448,24,21,21,5.25,0,1,1,5,4,16,4,,,0,-,floor1_town
653,12997,2,Normal,34,3,3,3,0,37,38,0,3,60,0,1,2,0,6,3,0,0,3,0,0,336,58,19,19,6.333,0,1,1,6,4,12,4,,,0,-,+1 levelup
653,12997,3,Normal,24,1,1,0,0,38,0,3,3,0,0,2,2,2,3,3,0,0,0,1,0,204,45,7,0,0,1,0,0,7,4,4,4,RH=Crude Sword|LH=Crude Sword|BD=Crude Armour|A1=Crude Bracelet|A2=Crude Bracelet,Swords_T1_03=1,0,-,party wiped
654,12998,1,Normal,32,4,4,4,0,37,93,0,0,80,0,1,1,1,12,6,0,3,3,0,0,448,16,23,23,5.75,0,1,1,5,4,16,4,,,2,Rat|Rat,floor1_town;companion_join:Rat;companion_join:Rat
654,12998,2,Normal,25,3,3,2,0,93,0,0,2,40,0,1,2,0,3,3,0,0,0,2,0,293,100,14,9,4.5,1,0,0,5,4,12,4,RH=Crude Sword|LH=Crude Sword|BD=Crude Armour|A1=Crude Bracelet|A2=Crude Bracelet,Swords_T1_03=2,0,Rat|Rat,party wiped; +1 levelup
655,12999,1,Normal,30,1,1,1,0,37,37,0,0,20,0,1,1,0,3,0,0,3,3,0,0,112,0,6,6,6,0,1,1,2,4,4,4,,,0,-,floor1_town
655,12999,2,Normal,16,3,3,2,0,37,0,0,0,40,0,1,1,0,3,3,0,0,0,0,0,290,65,12,10,5,1,0,0,2,4,12,4,RH=Crude Sword|LH=Crude Sword|BD=Crude Armour|A1=Crude Bracelet|A2=Crude Bracelet,,1,Rat,companion_join:Rat; party wiped
656,13000,1,Normal,28,2,2,2,0,37,37,0,0,40,0,1,1,0,6,2,1,3,3,0,0,224,16,12,12,6,0,1,1,3,4,8,4,,,0,-,floor1_town
656,13000,2,Normal,33,3,3,3,0,37,46,0,1,60,0,1,2,2,6,4,0,0,2,0,0,336,17,19,19,6.333,0,1,1,4,4,12,4,,,0,-,+1 levelup
656,13000,3,Normal,6,1,1,0,0,46,0,1,1,0,0,2,2,1,0,2,0,0,0,1,0,120,45,3,0,0,1,0,0,4,4,4,4,RH=Crude Sword|LH=Crude Sword|BD=Crude Armour|A1=Crude Bracelet|A2=Crude Bracelet,Swords_T1_03=1,0,-,party wiped
657,13001,1,Normal,26,3,3,3,0,37,37,0,0,60,0,1,1,2,9,8,0,3,3,0,0,336,43,21,21,7,0,1,1,4,4,12,4,,,0,-,floor1_town
657,13001,2,Normal,11,1,1,0,0,37,0,0,0,0,0,1,1,0,3,3,0,0,0,0,0,81,37,5,0,0,1,0,0,4,4,4,4,RH=Crude Sword|LH=Crude Sword|BD=Crude Armour|A1=Crude Bracelet|A2=Crude Bracelet,,0,-,party wiped
658,13002,1,Normal,40,5,5,5,0,37,46,0,1,100,0,1,2,0,15,9,1,3,3,0,0,560,40,30,30,6,0,1,1,6,4,20,4,,,0,-,floor1_town; +1 levelup
658,13002,2,Normal,33,3,3,3,0,46,46,1,1,60,0,2,2,0,6,5,3,0,1,1,0,336,37,17,17,5.667,0,1,1,7,4,12,4,,Swords_T1_03=1,0,-,
658,13002,3,Normal,12,1,1,0,0,46,0,1,1,0,0,2,2,4,0,1,0,0,0,0,0,97,46,4,0,0,1,0,0,7,4,4,4,RH=Crude Sword|LH=Crude Sword|BD=Crude Armour|A1=Crude Bracelet|A2=Crude Bracelet,,0,-,party wiped
659,13003,1,Normal,38,4,4,4,0,37,37,0,0,80,0,1,1,0,12,5,2,3,3,0,0,448,8,22,22,5.5,0,1,1,5,4,16,4,,,0,-,floor1_town
659,13003,2,Normal,36,3,3,3,0,37,57,0,2,60,0,1,2,2,3,3,0,0,0,2,0,336,28,14,14,4.667,0,1,1,5,4,12,4,,Swords_T1_03=2,1,Rat,companion_join:Rat; +1 levelup
659,13003,3,Normal,14,1,1,0,0,57,0,2,2,0,0,2,2,1,0,0,0,0,0,1,0,90,56,2,0,0,1,0,0,5,4,4,4,RH=Crude Sword|LH=Crude Sword|BD=Crude Armour|A1=Crude Bracelet|A2=Crude Bracelet,Swords_T1_03=1,0,Rat,party wiped
660,13004,1,Normal,11,1,1,0,0,37,0,0,0,0,0,1,1,0,3,3,0,0,0,0,0,81,37,7,0,0,1,0,0,1,4,4,4,RH=Crude Sword|LH=Crude Sword|BD=Crude Armour|A1=Crude Bracelet|A2=Crude Bracelet,,0,-,floor1_town; party wiped
661,13005,1,Normal,34,2,2,2,0,37,93,0,0,40,0,1,1,0,6,0,2,3,3,0,0,224,8,10,10,5,0,1,1,3,4,8,4,,,2,Rat|Rat,floor1_town;companion_join:Rat;companion_join:Rat
661,13005,2,Normal,30,5,5,5,0,93,36,0,3,100,0,1,2,4,3,3,0,0,0,1,0,560,102,24,24,4.8,0,1,1,3,4,20,4,,Swords_T1_03=1,1,Rat|Rat|Rat,companion_join:Rat;companion_join_skip:party_full; +1 levelup
661,13005,3,Normal,17,1,1,0,0,36,0,3,3,0,0,2,2,1,0,0,0,0,0,0,0,80,70,2,0,0,1,0,0,3,4,4,4,RH=Crude Sword|LH=Crude Sword|BD=Crude Armour|A1=Crude Bracelet|A2=Crude Bracelet,,0,Rat|Rat|Rat,party wiped
662,13006,1,Normal,32,4,4,4,0,37,65,0,0,80,0,1,1,0,12,6,0,3,3,0,0,448,8,20,20,5,0,1,1,5,4,16,4,,,1,Rat,floor1_town;companion_join:Rat
662,13006,2,Normal,40,3,3,3,0,65,52,0,3,60,0,1,2,1,3,3,0,0,0,1,0,336,62,15,15,5,0,1,1,5,4,12,4,,Swords_T1_03=1,1,Rat|Rat,companion_join:Rat; +1 levelup
662,13006,3,Normal,5,1,1,0,0,52,0,3,3,0,0,2,2,2,0,0,0,0,0,1,0,142,51,4,0,0,1,0,0,5,4,4,4,RH=Crude Sword|LH=Crude Sword|BD=Crude Armour|A1=Crude Bracelet|A2=Crude Bracelet,Swords_T1_03=1,0,Rat|Rat,party wiped
663,13007,1,Normal,30,2,2,2,0,37,37,0,0,40,0,1,1,0,6,5,2,3,3,0,0,224,21,13,13,6.5,0,1,1,3,4,8,4,,,0,-,floor1_town
663,13007,2,Normal,28,1,1,1,0,37,65,0,0,20,0,1,1,0,3,3,3,0,0,0,0,112,0,7,7,7,0,1,1,3,4,4,4,,,1,Rat,companion_join:Rat
663,13007,3,Normal,7,1,1,0,0,65,0,0,0,0,0,1,1,5,0,0,0,0,0,0,0,143,65,4,0,0,1,0,0,3,4,4,4,RH=Crude Sword|LH=Crude Sword|BD=Crude Armour|A1=Crude Bracelet|A2=Crude Bracelet,,0,Rat,party wiped
664,13008,1,Normal,28,3,3,3,0,37,121,0,0,60,0,1,1,0,9,4,0,3,3,0,0,336,8,15,15,5,0,1,1,4,4,12,4,,,3,Rat|Rat|Rat,floor1_town;companion_join:Rat;companion_join:Rat;companion_join:Rat
664,13008,2,Normal,36,5,5,5,0,121,106,0,1,100,0,1,2,2,3,3,0,0,0,3,0,560,22,17,17,3.4,0,1,1,4,4,20,4,,Swords_T1_03=3,0,Rat|Rat|Rat,companion_join_skip:party_full;companion_join_skip:party_full; +1 levelup
664,13008,3,Normal,21,2,2,1,0,106,0,1,1,48,0,2,2,1,0,0,0,0,0,1,0,313,105,8,6,6,1,0,0,4,4,8,4,RH=Crude Sword|LH=Crude Sword|BD=Crude Armour|A1=Crude Bracelet|A2=Crude Bracelet,Swords_T1_03=1,0,Rat|Rat|Rat,companion_join_skip:party_full; party wiped
665,13009,1,Normal,26,3,3,3,0,37,65,0,0,60,0,1,1,1,9,8,0,3,3,0,0,336,22,19,19,6.333,0,1,1,4,4,12,4,,,1,Rat,floor1_town;companion_join:Rat
665,13009,2,Normal,13,2,2,1,0,65,0,0,0,20,0,1,1,1,3,3,0,0,0,0,0,189,65,8,5,5,1,0,0,4,4,8,4,RH=Crude Sword|LH=Crude Sword|BD=Crude Armour|A1=Crude Bracelet|A2=Crude Bracelet,,0,Rat,party wiped
666,13010,1,Normal,12,2,2,1,0,37,0,0,0,20,0,1,1,0,6,5,0,0,0,0,0,218,37,14,8,8,1,0,0,2,4,8,4,RH=Crude Sword|LH=Crude Sword|BD=Crude Armour|A1=Crude Bracelet|A2=Crude Bracelet,,0,-,floor1_town; party wiped
667,13011,1,Normal,38,2,2,2,0,37,65,0,0,40,0,1,1,0,5,1,1,3,3,0,0,224,8,11,11,5.5,0,1,1,3,4,8,4,,,1,Rat,floor1_town;companion_join:Rat
667,13011,2,Normal,16,3,3,2,0,65,0,0,0,40,0,1,1,2,3,3,0,0,0,0,0,265,65,11,10,5,1,0,0,3,4,12,4,RH=Crude Sword|LH=Crude Sword|BD=Crude Armour|A1=Crude Bracelet|A2=Crude Bracelet,,0,Rat,party wiped
668,13012,1,Normal,36,4,4,4,0,37,37,0,0,80,0,1,1,0,12,5,2,3,3,0,0,448,37,25,25,6.25,0,1,1,5,4,16,4,,,0,-,floor1_town
668,13012,2,Normal,35,4,4,4,0,37,47,0,2,80,0,1,2,2,6,6,0,0,0,1,0,448,49,27,27,6.75,0,1,1,6,4,16,4,,Swords_T1_03=1,1,Rat,companion_join:Rat; +1 levelup
668,13012,3,Normal,2,1,1,0,0,47,0,2,2,0,0,2,2,1,0,0,0,0,0,1,0,74,46,2,0,0,1,0,0,6,4,4,4,RH=Crude Sword|LH=Crude Sword|BD=Crude Armour|A1=Crude Bracelet|A2=Crude Bracelet,Swords_T1_03=1,0,Rat,party wiped
669,13013,1,Normal,34,3,3,3,0,37,37,0,0,60,0,1,1,0,9,4,1,3,3,0,0,336,29,19,19,6.333,0,1,1,4,4,12,4,,,0,-,floor1_town
669,13013,2,Normal,29,4,4,4,0,37,29,0,2,80,0,1,2,3,3,3,0,0,0,1,0,448,51,18,18,4.5,0,1,1,4,4,16,4,,Swords_T1_03=1,1,Rat,companion_join:Rat; +1 levelup
669,13013,3,Normal,8,1,1,0,0,29,0,2,2,0,0,2,2,2,3,3,0,0,0,1,0,211,44,6,0,0,1,0,0,5,4,4,4,RH=Crude Sword|LH=Crude Sword|BD=Crude Armour|A1=Crude Bracelet|A2=Crude Bracelet,Swords_T1_03=1,0,Rat,party wiped
670,13014,1,Normal,32,2,2,2,0,37,65,0,0,40,0,1,1,0,6,3,2,3,3,0,0,224,0,11,11,5.5,0,1,1,3,4,8,4,,,1,Rat,floor1_town;companion_join:Rat
670,13014,2,Normal,39,4,4,4,0,65,54,0,1,80,0,1,2,3,3,3,0,0,0,1,0,448,55,15,15,3.75,0,1,1,3,4,16,4,,Swords_T1_03=1,1,Rat|Rat,companion_join:Rat; +1 levelup
670,13014,3,Normal,12,1,1,0,0,54,0,1,1,0,0,2,2,1,0,0,0,0,0,0,0,100,80,2,0,0,1,0,0,3,4,4,4,RH=Crude Sword|LH=Crude Sword|BD=Crude Armour|A1=Crude Bracelet|A2=Crude Bracelet,,0,Rat|Rat,party wiped
671,13015,1,Normal,30,2,2,2,0,37,37,0,0,40,0,1,1,0,5,1,0,3,3,0,0,224,8,9,9,4.5,0,1,1,3,4,8,4,,,0,-,floor1_town
671,13015,2,Normal,14,3,3,2,0,37,0,0,0,40,0,1,1,0,6,6,0,0,0,0,0,333,99,17,13,6.5,1,0,0,4,4,12,4,RH=Crude Sword|LH=Crude Sword|BD=Crude Armour|A1=Crude Bracelet|A2=Crude Bracelet,,1,Rat,companion_join:Rat; party wiped
672,13016,1,Normal,28,4,4,4,0,37,65,0,0,80,0,1,1,2,10,3,0,3,3,0,0,448,6,20,20,5,0,1,1,5,4,16,4,,,1,Rat,floor1_town;companion_join:Rat
672,13016,2,Normal,32,3,3,3,0,65,28,0,2,60,0,1,2,2,3,3,0,0,0,1,0,336,88,14,14,4.667,0,1,1,5,4,12,4,,Swords_T1_03=1,1,Rat|Rat,companion_join:Rat; +1 levelup
672,13016,3,Normal,5,1,1,0,0,28,0,2,2,0,0,2,2,0,3,3,0,0,0,0,0,112,45,3,0,0,1,0,0,6,4,4,4,RH=Crude Sword|LH=Crude Sword|BD=Crude Armour|A1=Crude Bracelet|A2=Crude Bracelet,,0,Rat|Rat,party wiped
673,13017,1,Normal,26,3,3,3,0,37,93,0,0,60,0,1,1,0,9,4,0,3,3,0,0,336,19,15,15,5,0,1,1,4,4,12,4,,,2,Rat|Rat,floor1_town;companion_join:Rat;companion_join:Rat
673,13017,2,Normal,25,2,2,2,0,93,130,0,2,40,0,1,2,0,3,3,0,0,0,0,0,224,11,8,8,4,0,1,1,4,4,8,4,,,1,Rat|Rat|Rat,companion_join:Rat; +1 levelup
673,13017,3,Normal,27,2,2,1,0,130,0,2,2,48,0,2,2,0,0,0,0,0,0,2,0,448,128,8,4,4,1,0,0,4,4,8,4,RH=Crude Sword|LH=Crude Sword|BD=Crude Armour|A1=Crude Bracelet|A2=Crude Bracelet,Swords_T1_03=2,0,Rat|Rat|Rat,companion_join_skip:party_full; party wiped
674,13018,1,Normal,40,3,3,3,0,37,65,0,0,60,0,1,1,1,8,3,0,3,3,0,0,336,16,15,15,5,0,1,1,4,4,12,4,,,1,Rat,floor1_town;companion_join:Rat
674,13018,2,Normal,35,3,3,2,0,65,0,0,1,40,0,1,2,0,3,3,0,0,0,1,0,252,79,10,8,4,1,0,0,4,4,12,4,RH=Crude Sword|LH=Crude Sword|BD=Crude Armour|A1=Crude Bracelet|A2=Crude Bracelet,Swords_T1_03=1,0,Rat,party wiped; +1 levelup
675,13019,1,Normal,38,6,6,6,0,37,73,0,3,120,0,1,2,0,18,14,0,3,3,1,0,672,87,35,35,5.833,0,1,1,7,4,24,4,,Swords_T1_03=1,1,Rat,floor1_town;companion_join:Rat; +1 levelup
675,13019,2,Normal,26,5,5,3,1,73,0,3,3,60,0,2,2,0,6,6,0,0,0,3,0,447,122,19,14,4.667,1,0,0,8,4,20,4,RH=Crude Sword|LH=Crude Sword|BD=Crude Armour|A1=Crude Bracelet|A2=Crude Bracelet,Swords_T1_03=3,0,Rat,party wiped; flee×1
676,13020,1,Normal,36,4,4,4,0,37,93,0,0,80,0,1,1,1,12,5,0,3,3,0,0,448,27,21,21,5.25,0,1,1,5,4,16,4,,,2,Rat|Rat,floor1_town;companion_join:Rat;companion_join:Rat
676,13020,2,Normal,18,3,3,2,0,93,0,0,2,40,0,1,2,0,3,3,0,0,0,2,0,306,128,14,8,4,1,0,0,5,4,12,4,RH=Crude Sword|LH=Crude Sword|BD=Crude Armour|A1=Crude Bracelet|A2=Crude Bracelet,Swords_T1_03=2,1,Rat|Rat|Rat,companion_join:Rat; party wiped; +1 levelup
677,13021,1,Normal,28,2,2,1,0,37,0,0,0,20,0,1,1,0,6,6,0,0,0,0,0,218,37,12,7,7,1,0,0,2,4,8,4,RH=Crude Sword|LH=Crude Sword|BD=Crude Armour|A1=Crude Bracelet|A2=Crude Bracelet,,0,-,floor1_town; party wiped
678,13022,1,Normal,32,3,3,3,0,37,37,0,0,60,0,1,1,0,9,4,1,3,3,0,0,336,16,17,17,5.667,0,1,1,4,4,12,4,,,0,-,floor1_town
678,13022,2,Normal,23,3,3,2,0,37,0,0,2,40,0,1,2,3,3,3,0,0,0,0,0,305,65,17,14,7,1,0,0,4,4,12,4,RH=Crude Sword|LH=Crude Sword|BD=Crude Armour|A1=Crude Bracelet|A2=Crude Bracelet,,0,-,party wiped; +1 levelup
679,13023,1,Normal,30,2,2,2,0,37,65,0,0,40,0,1,1,0,6,2,2,3,3,0,0,224,6,12,12,6,0,1,1,3,4,8,4,,,1,Rat,floor1_town;companion_join:Rat
679,13023,2,Normal,40,5,5,4,1,65,8,0,2,80,0,1,2,2,3,3,0,0,0,2,0,532,159,23,18,4.5,0,1,1,3,4,20,4,,Swords_T1_03=2,2,Rat|Rat|Rat,companion_join:Rat;companion_join:Rat;companion_join_skip:party_full; +1 levelup; flee×1
679,13023,3,Normal,18,1,1,0,0,8,0,2,0,0,0,2,2,1,3,3,1,0,0,0,0,64,28,4,0,0,1,0,0,9,4,4,4,RH=Crude Sword|LH=Crude Sword|BD=Crude Armour|A1=Crude Bracelet|A2=Crude Bracelet,,0,Rat|Rat|Rat,party wiped
680,13024,1,Normal,28,3,3,3,0,37,65,0,0,60,0,1,1,1,7,2,0,3,3,0,0,336,16,16,16,5.333,0,1,1,4,4,12,4,,,1,Rat,floor1_town;companion_join:Rat
680,13024,2,Normal,38,5,5,4,1,65,34,0,2,80,0,1,2,0,3,3,0,0,0,0,0,448,103,15,15,3.75,0,1,1,4,4,20,4,,,2,Rat|Rat|Rat,companion_join:Rat;companion_join:Rat;companion_join_skip:party_full; +1 levelup; flee×1
680,13024,3,Normal,6,1,1,0,0,34,0,2,2,0,0,2,2,2,0,0,0,0,0,1,0,112,85,2,0,0,1,0,0,4,4,4,4,RH=Crude Sword|LH=Crude Sword|BD=Crude Armour|A1=Crude Bracelet|A2=Crude Bracelet,Swords_T1_03=1,0,Rat|Rat|Rat,party wiped
681,13025,1,Normal,26,2,2,2,0,37,37,0,0,40,0,1,1,0,6,3,2,3,3,0,0,224,0,12,12,6,0,1,1,3,4,8,4,,,0,-,floor1_town
681,13025,2,Normal,35,5,5,4,1,37,11,0,2,80,0,1,2,3,3,3,0,0,0,1,0,486,110,20,18,4.5,0,1,1,3,4,20,4,,Swords_T1_03=1,2,Rat|Rat,companion_join:Rat;companion_join:Rat; +1 levelup; flee×1
681,13025,3,Normal,8,2,2,1,0,11,0,2,2,48,0,2,2,0,6,6,0,0,0,2,0,405,114,10,6,6,1,0,0,5,4,8,4,RH=Crude Sword|LH=Crude Sword|BD=Crude Armour|A1=Crude Bracelet|A2=Crude Bracelet,Swords_T1_03=2,0,Rat|Rat,party wiped
682,13026,1,Normal,40,3,3,3,0,37,37,0,0,60,0,1,1,0,9,5,0,3,3,0,0,336,8,16,16,5.333,0,1,1,4,4,12,4,,,0,-,floor1_town
682,13026,2,Normal,37,1,1,1,0,37,37,0,0,20,0,1,1,0,3,1,1,0,2,0,0,112,0,6,6,6,0,1,1,4,4,4,4,,,0,-,
682,13026,3,Normal,7,1,1,0,0,37,0,0,0,0,0,1,1,3,3,3,0,0,0,0,0,148,37,5,0,0,1,0,0,10,4,4,4,RH=Crude Sword|LH=Crude Sword|BD=Crude Armour|A1=Crude Bracelet|A2=Crude Bracelet,,0,-,party wiped
683,13027,1,Normal,38,1,1,1,0,37,37,0,0,20,0,1,1,0,3,0,2,3,3,0,0,112,6,8,8,8,0,1,1,2,4,4,4,,,0,-,floor1_town
683,13027,2,Normal,29,2,2,2,0,37,37,0,0,40,0,1,1,0,6,3,4,0,3,0,0,224,8,11,11,5.5,0,1,1,3,4,8,4,,,0,-,
683,13027,3,Normal,24,3,3,1,1,37,0,0,1,48,0,1,2,6,6,6,0,0,0,2,0,440,108,13,8,8,1,0,0,10,4,12,4,RH=Crude Sword|LH=Crude Sword|BD=Crude Armour|A1=Crude Bracelet|A2=Crude Bracelet,Swords_T1_03=2,0,-,party wiped; +1 levelup; flee×1
684,13028,1,Normal,36,3,3,3,0,37,65,0,0,60,0,1,1,0,9,5,0,3,3,0,0,336,0,19,19,6.333,0,1,1,4,4,12,4,,,1,Rat,floor1_town;companion_join:Rat
684,13028,2,Normal,30,2,2,2,0,65,73,0,2,40,0,1,2,2,3,3,0,0,0,0,0,224,21,10,10,5,0,1,1,4,4,8,4,,,0,Rat,+1 levelup
684,13028,3,Normal,7,1,1,0,0,73,0,2,2,0,0,2,2,2,0,0,0,0,0,1,0,90,72,3,0,0,1,0,0,4,4,4,4,RH=Crude Sword|LH=Crude Sword|BD=Crude Armour|A1=Crude Bracelet|A2=Crude Bracelet,Swords_T1_03=1,0,Rat,party wiped
685,13029,1,Normal,34,3,3,3,0,37,37,0,0,60,0,1,1,0,9,5,1,3,3,0,0,336,12,17,17,5.667,0,1,1,4,4,12,4,,,0,-,floor1_town
685,13029,2,Normal,38,3,3,3,0,37,19,0,2,60,0,1,2,2,3,3,0,0,0,1,0,336,73,20,20,6.667,0,1,1,4,4,12,4,,Swords_T1_03=1,1,Rat,companion_join:Rat; +1 levelup
685,13029,3,Normal,4,1,1,0,0,19,0,2,2,0,0,2,2,1,3,3,0,0,0,1,0,195,43,5,0,0,1,0,0,5,4,4,4,RH=Crude Sword|LH=Crude Sword|BD=Crude Armour|A1=Crude Bracelet|A2=Crude Bracelet,Swords_T1_03=1,0,Rat,party wiped
686,13030,1,Normal,32,4,4,3,1,37,37,0,0,60,0,1,1,0,12,6,0,3,3,0,0,420,40,22,17,5.667,0,1,1,5,4,16,4,,,0,-,floor1_town; flee×1
686,13030,2,Normal,38,7,7,7,0,37,73,0,1,140,0,1,2,0,9,9,0,0,0,2,0,784,140,36,36,5.143,0,1,1,7,4,28,4,,Swords_T1_03=2,2,Rat|Rat,companion_join:Rat;companion_join:Rat; +1 levelup
686,13030,3,Normal,14,1,1,0,0,73,0,1,1,0,0,2,2,0,0,0,0,0,0,0,0,77,73,2,0,0,1,0,0,7,4,4,4,RH=Crude Sword|LH=Crude Sword|BD=Crude Armour|A1=Crude Bracelet|A2=Crude Bracelet,,0,Rat|Rat,party wiped
687,13031,1,Normal,30,1,1,1,0,37,37,0,0,20,0,1,1,0,3,1,1,3,3,0,0,112,8,6,6,6,0,1,1,2,4,4,4,,,0,-,floor1_town
687,13031,2,Normal,32,3,3,3,0,37,29,0,0,60,0,1,1,1,6,6,1,0,0,0,0,336,14,20,20,6.667,0,1,1,3,4,12,4,,,0,-,
687,13031,3,Normal,6,1,1,0,0,29,0,0,0,0,0,1,1,1,3,3,0,0,0,0,0,140,37,4,0,0,1,0,0,9,4,4,4,RH=Crude Sword|LH=Crude Sword|BD=Crude Armour|A1=Crude Bracelet|A2=Crude Bracelet,,0,-,party wiped
688,13032,1,Normal,28,3,3,3,0,37,65,0,0,60,0,1,1,0,9,5,2,3,3,0,0,336,21,17,17,5.667,0,1,1,4,4,12,4,,,1,Rat,floor1_town;companion_join:Rat
688,13032,2,Normal,28,2,2,2,0,65,73,0,1,40,0,1,2,3,3,3,0,0,0,0,0,224,16,10,10,5,0,1,1,4,4,8,4,,,0,Rat,+1 levelup
688,13032,3,Normal,22,3,3,0,2,73,0,1,1,0,0,2,2,2,6,6,0,0,0,3,0,438,160,12,0,0,1,0,0,6,4,12,4,RH=Crude Sword|LH=Crude Sword|BD=Crude Armour|A1=Crude Bracelet|A2=Crude Bracelet,Swords_T1_03=3,0,Rat,party wiped; flee×2
689,13033,1,Normal,26,3,3,3,0,37,65,0,0,60,0,1,1,0,9,6,1,3,3,0,0,336,40,15,15,5,0,1,1,4,4,12,4,,,1,Rat,floor1_town;companion_join:Rat
689,13033,2,Normal,33,5,5,4,1,65,32,0,3,80,0,1,2,1,9,5,0,0,2,3,0,504,95,26,23,5.75,0,1,1,6,4,20,4,,Swords_T1_03=3,0,Rat,+1 levelup; flee×1
689,13033,3,Normal,16,2,2,0,1,32,0,3,3,0,0,2,2,0,6,6,0,0,0,2,0,270,78,7,0,0,1,0,0,8,4,8,4,RH=Crude Sword|LH=Crude Sword|BD=Crude Armour|A1=Crude Bracelet|A2=Crude Bracelet,Swords_T1_03=2,0,Rat,party wiped; flee×1
690,13034,1,Normal,40,6,6,6,0,37,46,0,2,120,0,1,2,0,18,7,2,3,3,1,0,672,55,34,34,5.667,0,1,1,7,4,24,4,,Swords_T1_03=1,0,-,floor1_town; +1 levelup
690,13034,2,Normal,20,3,3,2,0,46,0,2,2,40,0,2,2,2,3,3,0,0,0,3,0,334,71,16,11,5.5,1,0,0,7,4,12,4,RH=Crude Sword|LH=Crude Sword|BD=Crude Armour|A1=Crude Bracelet|A2=Crude Bracelet,Swords_T1_03=3,1,Rat,companion_join:Rat; party wiped
691,13035,1,Normal,38,5,5,5,0,37,74,0,2,100,0,1,2,0,13,7,0,3,3,0,0,560,29,24,24,4.8,0,1,1,6,4,20,4,,,1,Rat,floor1_town;companion_join:Rat; +1 levelup
691,13035,2,Normal,27,5,5,4,0,74,0,2,0,80,0,2,2,2,6,6,0,0,0,3,0,505,167,24,18,4.5,1,0,0,12,4,20,4,RH=Crude Sword|LH=Crude Sword|BD=Crude Armour|A1=Crude Bracelet|A2=Crude Bracelet,Swords_T1_03=3,2,Rat|Rat|Rat,companion_join:Rat;companion_join:Rat; party wiped
692,13036,1,Normal,36,4,4,4,0,37,65,0,0,80,0,1,1,0,9,1,2,3,3,0,0,448,14,20,20,5,0,1,1,5,4,16,4,,,1,Rat,floor1_town;companion_join:Rat
692,13036,2,Normal,40,5,5,4,1,65,43,0,2,80,0,1,2,2,6,6,0,0,0,1,0,489,92,22,21,5.25,0,1,1,6,4,20,4,,Swords_T1_03=1,0,Rat,+1 levelup; flee×1
692,13036,3,Normal,1,1,1,0,0,43,0,2,2,0,0,2,2,1,0,0,0,0,0,0,0,52,72,1,0,0,1,0,0,6,4,4,4,RH=Crude Sword|LH=Crude Sword|BD=Crude Armour|A1=Crude Bracelet|A2=Crude Bracelet,,0,Rat,party wiped
693,13037,1,Normal,34,3,3,3,0,37,37,0,0,60,0,1,1,0,9,7,0,3,3,0,0,336,68,20,20,6.667,0,1,1,4,4,12,4,,,1,Rat,floor1_town;companion_join:Rat
693,13037,2,Normal,27,3,3,3,0,37,36,0,2,60,0,1,2,1,3,3,1,0,0,1,0,336,53,14,14,4.667,0,1,1,4,4,12,4,,Swords_T1_03=1,1,Rat|Rat,companion_join:Rat; +1 levelup
693,13037,3,Normal,9,1,1,0,0,36,0,2,2,0,0,2,2,1,3,3,0,0,0,1,0,210,73,5,0,0,1,0,0,5,4,4,4,RH=Crude Sword|LH=Crude Sword|BD=Crude Armour|A1=Crude Bracelet|A2=Crude Bracelet,Swords_T1_03=1,0,Rat|Rat,party wiped
694,13038,1,Normal,32,4,4,4,0,37,37,0,0,80,0,1,1,0,12,8,2,3,3,0,0,448,45,26,26,6.5,0,1,1,5,4,16,4,,,0,-,floor1_town
694,13038,2,Normal,37,3,3,3,0,37,36,0,2,60,0,1,2,1,5,3,2,1,3,1,0,336,28,15,15,5,0,1,1,6,4,12,4,,Swords_T1_03=1,0,-,+1 levelup
694,13038,3,Normal,1,1,1,0,0,36,0,2,2,0,0,2,2,2,3,3,0,0,0,1,0,189,44,5,0,0,1,0,0,7,4,4,4,RH=Crude Sword|LH=Crude Sword|BD=Crude Armour|A1=Crude Bracelet|A2=Crude Bracelet,Swords_T1_03=1,0,-,party wiped
695,13039,1,Normal,29,4,4,4,0,37,37,0,0,80,0,1,1,0,12,4,0,3,3,0,0,448,16,23,23,5.75,0,1,1,5,4,16,4,,,0,-,floor1_town
695,13039,2,Normal,18,2,2,1,0,37,0,0,1,20,0,1,2,1,3,3,0,0,0,1,0,165,45,9,7,7,1,0,0,5,4,8,4,RH=Crude Sword|LH=Crude Sword|BD=Crude Armour|A1=Crude Bracelet|A2=Crude Bracelet,Swords_T1_03=1,0,-,party wiped; +1 levelup
696,13040,1,Normal,27,2,2,2,0,37,65,0,0,40,0,1,1,0,5,1,1,3,3,0,0,224,0,9,9,4.5,0,1,1,3,4,8,4,,,1,Rat,floor1_town;companion_join:Rat
696,13040,2,Normal,36,5,5,4,0,65,0,0,2,80,0,1,2,2,3,3,0,0,0,2,0,524,127,23,18,4.5,1,0,0,3,4,20,4,RH=Crude Sword|LH=Crude Sword|BD=Crude Armour|A1=Crude Bracelet|A2=Crude Bracelet,Swords_T1_03=2,2,Rat|Rat|Rat,companion_join:Rat;companion_join:Rat; party wiped; +1 levelup
697,13041,1,Normal,4,1,1,0,0,37,0,0,0,0,0,1,1,0,3,3,0,0,0,0,0,84,37,6,0,0,1,0,0,1,4,4,4,RH=Crude Sword|LH=Crude Sword|BD=Crude Armour|A1=Crude Bracelet|A2=Crude Bracelet,,0,-,floor1_town; party wiped
698,13042,1,Normal,39,4,4,4,0,37,37,0,0,80,0,1,1,0,12,7,1,3,3,0,0,448,8,26,26,6.5,0,1,1,5,4,16,4,,,0,-,floor1_town
698,13042,2,Normal,25,5,5,5,0,37,74,0,3,100,0,1,2,3,6,5,0,0,1,4,0,560,102,29,29,5.8,0,1,1,6,4,20,4,,Swords_T1_03=4,2,Rat|Rat,companion_join:Rat;companion_join:Rat; +1 levelup
698,13042,3,Normal,2,1,1,0,0,74,0,3,3,0,0,2,2,2,0,1,0,0,0,1,0,126,73,5,0,0,1,0,0,6,4,4,4,RH=Crude Sword|LH=Crude Sword|BD=Crude Armour|A1=Crude Bracelet|A2=Crude Bracelet,Swords_T1_03=1,0,Rat|Rat,party wiped
699,13043,1,Normal,37,2,2,2,0,37,37,0,0,40,0,1,1,0,6,1,2,3,3,0,0,224,8,12,12,6,0,1,1,3,4,8,4,,,0,-,floor1_town
699,13043,2,Normal,34,4,4,4,0,37,36,0,2,80,0,1,2,3,6,4,0,0,0,1,0,448,105,22,22,5.5,0,1,1,4,4,16,4,,Swords_T1_03=1,2,Rat|Rat,companion_join:Rat;companion_join:Rat; +1 levelup
699,13043,3,Normal,2,1,1,0,0,36,0,2,2,0,0,2,2,2,3,3,0,0,0,1,0,150,73,6,0,0,1,0,0,5,4,4,4,RH=Crude Sword|LH=Crude Sword|BD=Crude Armour|A1=Crude Bracelet|A2=Crude Bracelet,Swords_T1_03=1,0,Rat|Rat,party wiped
700,13044,1,Normal,35,5,5,5,0,37,100,0,1,100,0,1,2,1,14,4,0,3,3,0,0,560,40,27,27,5.4,0,1,1,6,4,20,4,,,2,Rat|Rat,floor1_town;companion_join:Rat;companion_join:Rat; +1 levelup
700,13044,2,Normal,25,3,3,3,0,100,97,1,1,60,0,2,2,0,3,3,0,0,0,2,0,336,37,14,14,4.667,0,1,1,6,4,12,4,,Swords_T1_03=2,1,Rat|Rat|Rat,companion_join:Rat
700,13044,3,Normal,7,1,1,0,0,97,0,1,1,0,0,2,2,1,0,0,0,0,0,0,0,202,97,8,0,0,1,0,0,6,4,4,4,RH=Crude Sword|LH=Crude Sword|BD=Crude Armour|A1=Crude Bracelet|A2=Crude Bracelet,,0,Rat|Rat|Rat,party wiped
701,13045,1,Normal,33,3,3,3,0,37,37,0,0,60,0,1,1,1,9,7,1,3,3,0,0,336,24,20,20,6.667,0,1,1,4,4,12,4,,,0,-,floor1_town
701,13045,2,Normal,36,4,4,4,0,37,72,0,3,80,0,1,2,2,5,3,0,1,3,0,0,448,48,18,18,4.5,0,1,1,5,4,16,4,,,1,Rat,companion_join:Rat; +1 levelup
701,13045,3,Normal,7,2,2,1,0,72,0,3,3,48,0,2,2,0,4,6,0,0,0,2,0,425,98,10,6,6,1,0,0,6,4,8,4,RH=Crude Sword|LH=Crude Sword|BD=Crude Armour|A1=Crude Bracelet|A2=Crude Bracelet,Swords_T1_03=2,0,Rat,party wiped
702,13046,1,Normal,31,2,2,2,0,37,37,0,0,40,0,1,1,0,6,3,0,3,3,0,0,224,8,12,12,6,0,1,1,3,4,8,4,,,0,-,floor1_town
702,13046,2,Normal,32,3,3,3,0,37,48,0,3,60,0,1,2,1,3,3,0,0,0,0,0,336,41,16,16,5.333,0,1,1,3,4,12,4,,,1,Rat,companion_join:Rat; +1 levelup
702,13046,3,Normal,3,1,1,0,0,48,0,3,3,0,0,2,2,0,0,0,0,0,0,1,0,104,47,2,0,0,1,0,0,3,4,4,4,RH=Crude Sword|LH=Crude Sword|BD=Crude Armour|A1=Crude Bracelet|A2=Crude Bracelet,Swords_T1_03=1,0,Rat,party wiped
703,13047,1,Normal,29,3,3,3,0,37,37,0,0,60,0,1,1,0,9,4,2,3,3,0,0,336,16,17,17,5.667,0,1,1,4,4,12,4,,,0,-,floor1_town
703,13047,2,Normal,35,2,2,2,0,37,74,0,3,40,0,1,2,0,3,3,3,0,0,0,0,224,0,10,10,5,0,1,1,4,4,8,4,,,1,Rat,companion_join:Rat; +1 levelup
703,13047,3,Normal,10,2,2,1,0,74,0,3,3,48,0,2,2,5,3,3,0,0,0,2,0,386,88,11,8,8,1,0,0,5,4,8,4,RH=Crude Sword|LH=Crude Sword|BD=Crude Armour|A1=Crude Bracelet|A2=Crude Bracelet,Swords_T1_03=2,0,Rat,party wiped
704,13048,1,Normal,27,3,3,3,0,37,37,0,0,60,0,1,1,0,9,4,0,3,3,0,0,336,22,18,18,6,0,1,1,4,4,12,4,,,0,-,floor1_town
704,13048,2,Normal,14,2,2,1,0,37,0,0,0,20,0,1,1,0,3,3,0,0,0,0,0,190,66,11,8,8,1,0,0,4,4,8,4,RH=Crude Sword|LH=Crude Sword|BD=Crude Armour|A1=Crude Bracelet|A2=Crude Bracelet,,1,Rat,companion_join:Rat; party wiped
705,13049,1,Normal,25,5,5,5,0,37,74,0,2,100,0,1,2,1,14,4,0,3,3,0,0,560,16,26,26,5.2,0,1,1,6,4,20,4,,,1,Rat,floor1_town;companion_join:Rat; +1 levelup
705,13049,2,Normal,36,5,5,5,0,74,62,2,2,100,0,2,2,0,6,4,0,0,2,3,0,560,134,22,22,4.4,0,1,1,7,4,20,4,,Swords_T1_03=3,2,Rat|Rat|Rat,companion_join:Rat;companion_join:Rat
705,13049,3,Normal,6,1,1,0,0,62,0,2,2,0,0,2,2,1,0,2,0,0,0,1,0,120,61,4,0,0,1,0,0,7,4,4,4,RH=Crude Sword|LH=Crude Sword|BD=Crude Armour|A1=Crude Bracelet|A2=Crude Bracelet,Swords_T1_03=1,0,Rat|Rat|Rat,party wiped
706,13050,1,Normal,39,7,7,7,0,37,101,0,3,140,0,1,2,0,20,5,0,3,3,0,0,784,11,31,31,4.429,0,1,1,8,4,28,4,,,2,Rat|Rat,floor1_town;companion_join:Rat;companion_join:Rat; +1 levelup
706,13050,2,Normal,33,2,2,2,0,101,129,3,3,40,0,2,2,0,3,3,1,0,0,1,0,224,0,8,8,4,0,1,1,8,4,8,4,,Swords_T1_03=1,1,Rat|Rat|Rat,companion_join:Rat
706,13050,3,Normal,15,1,1,0,0,129,0,3,3,0,0,2,2,1,0,0,0,0,0,2,0,178,127,5,0,0,1,0,0,8,4,4,4,RH=Crude Sword|LH=Crude Sword|BD=Crude Armour|A1=Crude Bracelet|A2=Crude Bracelet,Swords_T1_03=2,0,Rat|Rat|Rat,party wiped
707,13051,1,Normal,37,4,4,4,0,37,65,0,0,80,0,1,1,1,11,8,0,3,3,0,0,448,8,22,22,5.5,0,1,1,5,4,16,4,,,1,Rat,floor1_town;companion_join:Rat
707,13051,2,Normal,27,3,3,2,0,65,0,0,1,40,0,1,2,0,3,3,0,0,0,1,0,288,100,13,10,5,1,0,0,5,4,12,4,RH=Crude Sword|LH=Crude Sword|BD=Crude Armour|A1=Crude Bracelet|A2=Crude Bracelet,Swords_T1_03=1,1,Rat|Rat,companion_join:Rat; party wiped; +1 levelup
708,13052,1,Normal,35,5,5,5,0,37,129,0,2,100,0,1,2,0,15,9,2,3,3,0,0,560,0,25,25,5,0,1,1,6,4,20,4,,,3,Rat|Rat|Rat,floor1_town;companion_join:Rat;companion_join:Rat;companion_join:Rat; +1 levelup
708,13052,2,Normal,27,4,4,4,0,129,112,2,2,80,0,2,2,0,3,1,3,0,2,3,0,448,24,13,13,3.25,0,1,1,6,4,16,4,,Swords_T1_03=3,0,Rat|Rat|Rat,companion_join_skip:party_full
708,13052,3,Normal,11,1,1,0,0,112,0,2,2,0,0,2,2,4,0,2,0,0,0,0,0,219,120,11,0,0,1,0,0,6,4,4,4,RH=Crude Sword|LH=Crude Sword|BD=Crude Armour|A1=Crude Bracelet|A2=Crude Bracelet,,0,Rat|Rat|Rat,party wiped
709,13053,1,Normal,33,3,3,3,0,37,65,0,0,60,0,1,1,1,7,2,0,3,3,0,0,336,16,14,14,4.667,0,1,1,4,4,12,4,,,1,Rat,floor1_town;companion_join:Rat
709,13053,2,Normal,27,4,4,3,0,65,0,0,2,60,0,1,2,1,3,3,0,0,0,1,0,392,109,16,13,4.333,1,0,0,4,4,16,4,RH=Crude Sword|LH=Crude Sword|BD=Crude Armour|A1=Crude Bracelet|A2=Crude Bracelet,Swords_T1_03=1,1,Rat|Rat,companion_join:Rat; party wiped; +1 levelup
710,13054,1,Normal,31,2,2,2,0,37,37,0,0,40,0,1,1,0,6,3,2,3,3,0,0,224,0,11,11,5.5,0,1,1,3,4,8,4,,,0,-,floor1_town
710,13054,2,Normal,23,3,3,2,0,37,0,0,0,40,0,1,1,4,3,3,0,0,0,0,0,280,37,14,11,5.5,1,0,0,3,4,12,4,RH=Crude Sword|LH=Crude Sword|BD=Crude Armour|A1=Crude Bracelet|A2=Crude Bracelet,,0,-,party wiped
711,13055,1,Normal,29,4,4,4,0,37,65,0,0,80,0,1,1,0,12,4,1,3,3,0,0,448,0,19,19,4.75,0,1,1,5,4,16,4,,,1,Rat,floor1_town;companion_join:Rat
711,13055,2,Normal,39,4,4,3,1,65,37,0,1,60,0,1,2,1,6,5,0,0,1,1,0,420,76,20,17,5.667,0,1,1,6,4,16,4,,Swords_T1_03=1,0,Rat,+1 levelup; flee×1
711,13055,3,Normal,32,2,2,1,0,37,0,1,1,48,0,2,2,2,6,6,0,0,0,2,0,476,96,19,10,10,1,0,0,8,4,8,4,RH=Crude Sword|LH=Crude Sword|BD=Crude Armour|A1=Crude Bracelet|A2=Crude Bracelet,Swords_T1_03=2,0,Rat,party wiped
712,13056,1,Normal,27,3,3,3,0,37,37,0,0,60,0,1,1,0,9,4,2,3,3,0,0,336,0,16,16,5.333,0,1,1,4,4,12,4,,,0,-,floor1_town
712,13056,2,Normal,40,4,4,3,1,37,36,0,1,60,0,1,2,2,6,5,0,0,1,2,0,392,88,21,19,6.333,0,1,1,5,4,16,4,,Swords_T1_03=2,1,Rat,companion_join:Rat; +1 levelup; flee×1
712,13056,3,Normal,2,1,1,0,0,36,0,1,1,0,0,2,2,1,3,3,0,0,0,0,0,120,44,4,0,0,1,0,0,6,4,4,4,RH=Crude Sword|LH=Crude Sword|BD=Crude Armour|A1=Crude Bracelet|A2=Crude Bracelet,,0,Rat,party wiped
713,13057,1,Normal,25,4,4,4,0,37,65,0,0,80,0,1,1,0,10,2,0,3,3,0,0,448,16,19,19,4.75,0,1,1,5,4,16,4,,,1,Rat,floor1_town;companion_join:Rat
713,13057,2,Normal,28,3,3,3,0,65,92,0,2,60,0,1,2,2,3,3,0,0,0,1,0,336,43,13,13,4.333,0,1,1,5,4,12,4,,Swords_T1_03=1,2,Rat|Rat|Rat,companion_join:Rat;companion_join:Rat;companion_join_skip:party_full; +1 levelup
713,13057,3,Normal,11,1,1,0,0,92,0,2,2,0,0,2,2,2,0,0,0,0,0,1,0,183,91,6,0,0,1,0,0,5,4,4,4,RH=Crude Sword|LH=Crude Sword|BD=Crude Armour|A1=Crude Bracelet|A2=Crude Bracelet,Swords_T1_03=1,0,Rat|Rat|Rat,party wiped
714,13058,1,Normal,39,3,3,3,0,37,37,0,0,60,0,1,1,0,9,3,2,3,3,0,0,336,8,17,17,5.667,0,1,1,4,4,12,4,,,0,-,floor1_town
714,13058,2,Normal,21,3,3,2,0,37,0,0,3,40,0,1,2,4,3,3,0,0,0,1,0,333,65,19,12,6,1,0,0,4,4,12,4,RH=Crude Sword|LH=Crude Sword|BD=Crude Armour|A1=Crude Bracelet|A2=Crude Bracelet,Swords_T1_03=1,0,-,party wiped; +1 levelup
715,13059,1,Normal,37,3,3,3,0,37,65,0,0,60,0,1,1,0,9,7,0,3,3,0,0,336,8,19,19,6.333,0,1,1,4,4,12,4,,,1,Rat,floor1_town;companion_join:Rat
715,13059,2,Normal,39,6,6,5,1,65,54,0,2,100,0,1,2,2,6,6,0,0,0,3,0,588,104,26,24,4.8,0,1,1,5,4,24,4,,Swords_T1_03=3,1,Rat|Rat,companion_join:Rat; +1 levelup; flee×1
715,13059,3,Normal,3,1,1,0,0,54,0,2,2,0,0,2,2,2,0,0,0,0,0,1,0,118,53,3,0,0,1,0,0,5,4,4,4,RH=Crude Sword|LH=Crude Sword|BD=Crude Armour|A1=Crude Bracelet|A2=Crude Bracelet,Swords_T1_03=1,0,Rat|Rat,party wiped
716,13060,1,Normal,35,5,5,5,0,37,74,0,1,100,0,1,2,1,15,5,0,3,3,0,0,560,24,29,29,5.8,0,1,1,6,4,20,4,,,1,Rat,floor1_town;companion_join:Rat; +1 levelup
716,13060,2,Normal,31,2,2,2,0,74,66,1,1,40,0,2,2,2,3,3,0,0,0,2,0,224,6,10,10,5,0,1,1,6,4,8,4,,Swords_T1_03=2,0,Rat,
716,13060,3,Normal,7,1,1,0,0,66,0,1,1,0,0,2,2,2,0,0,0,0,0,1,0,172,65,5,0,0,1,0,0,6,4,4,4,RH=Crude Sword|LH=Crude Sword|BD=Crude Armour|A1=Crude Bracelet|A2=Crude Bracelet,Swords_T1_03=1,0,Rat,party wiped
717,13061,1,Normal,33,2,2,2,0,37,37,0,0,40,0,1,1,0,6,3,0,3,3,0,0,224,18,14,14,7,0,1,1,3,4,8,4,,,0,-,floor1_town
717,13061,2,Normal,26,2,2,1,1,37,11,0,0,20,0,1,1,1,3,3,0,0,0,0,0,168,26,8,6,6,0,1,1,3,4,8,4,,,0,-,flee×1
717,13061,3,Normal,1,1,1,0,0,11,0,0,0,0,0,1,1,1,3,3,0,0,0,0,0,147,37,3,0,0,1,0,0,9,4,4,4,RH=Crude Sword|LH=Crude Sword|BD=Crude Armour|A1=Crude Bracelet|A2=Crude Bracelet,,0,-,party wiped
718,13062,1,Normal,31,4,4,4,0,37,65,0,0,80,0,1,1,1,12,10,0,3,3,0,0,448,24,25,25,6.25,0,1,1,5,4,16,4,,,1,Rat,floor1_town;companion_join:Rat
718,13062,2,Normal,28,3,3,3,0,65,34,0,2,60,0,1,2,1,3,3,0,0,0,1,0,336,48,14,14,4.667,0,1,1,5,4,12,4,,Swords_T1_03=1,0,Rat,+1 levelup
718,13062,3,Normal,5,1,1,0,0,34,0,2,2,0,0,2,2,2,3,3,0,0,0,1,0,140,73,5,0,0,1,0,0,6,4,4,4,RH=Crude Sword|LH=Crude Sword|BD=Crude Armour|A1=Crude Bracelet|A2=Crude Bracelet,Swords_T1_03=1,0,Rat,party wiped
719,13063,1,Normal,29,2,2,2,0,37,65,0,0,40,0,1,1,0,6,2,2,3,3,0,0,224,8,13,13,6.5,0,1,1,3,4,8,4,,,1,Rat,floor1_town;companion_join:Rat
719,13063,2,Normal,37,5,5,4,1,65,66,0,2,80,0,1,2,3,5,3,0,1,3,2,0,532,122,23,19,4.75,0,1,1,4,4,20,4,,Swords_T1_03=2,1,Rat|Rat,companion_join:Rat; +1 levelup; flee×1
719,13063,3,Normal,1,1,1,0,0,66,0,2,2,0,0,2,2,0,1,3,0,0,0,1,0,163,65,6,0,0,1,0,0,4,4,4,4,RH=Crude Sword|LH=Crude Sword|BD=Crude Armour|A1=Crude Bracelet|A2=Crude Bracelet,Swords_T1_03=1,0,Rat|Rat,party wiped
720,13064,1,Normal,27,3,3,3,0,37,37,0,0,60,0,1,1,1,9,6,0,3,3,0,0,336,12,21,21,7,0,1,1,4,4,12,4,,,0,-,floor1_town
720,13064,2,Normal,18,3,3,2,0,37,0,0,2,40,0,1,2,1,3,3,0,0,0,0,0,300,90,15,11,5.5,1,0,0,4,4,12,4,RH=Crude Sword|LH=Crude Sword|BD=Crude Armour|A1=Crude Bracelet|A2=Crude Bracelet,,1,Rat,companion_join:Rat; party wiped; +1 levelup
721,13065,1,Normal,25,5,5,5,0,37,73,0,2,100,0,1,2,2,14,9,0,3,3,0,0,560,53,29,29,5.8,0,1,1,6,4,20,4,,,1,Rat,floor1_town;companion_join:Rat; +1 levelup
721,13065,2,Normal,31,1,1,1,0,73,73,2,2,20,0,2,2,0,3,1,0,0,2,1,0,112,-1,4,4,4,0,1,1,6,4,4,4,,Swords_T1_03=1,0,Rat,
721,13065,3,Normal,13,1,1,0,0,73,0,2,2,0,0,2,2,1,0,2,0,0,0,1,0,191,72,4,0,0,1,0,0,6,4,4,4,RH=Crude Sword|LH=Crude Sword|BD=Crude Armour|A1=Crude Bracelet|A2=Crude Bracelet,Swords_T1_03=1,0,Rat,party wiped
722,13066,1,Normal,39,6,6,6,0,37,45,0,1,120,0,1,2,0,15,9,0,3,3,1,0,672,24,35,35,5.833,0,1,1,7,4,24,4,,Swords_T1_03=1,0,-,floor1_town; +1 levelup
722,13066,2,Normal,30,4,4,3,0,45,0,1,1,60,0,2,2,0,3,3,0,0,0,1,0,390,114,15,13,4.333,1,0,0,7,4,16,4,RH=Crude Sword|LH=Crude Sword|BD=Crude Armour|A1=Crude Bracelet|A2=Crude Bracelet,Swords_T1_03=1,2,Rat|Rat,companion_join:Rat;companion_join:Rat; party wiped
723,13067,1,Normal,37,6,6,6,0,37,130,0,1,120,0,1,2,2,16,10,0,3,3,1,0,672,32,32,32,5.333,0,1,1,7,4,24,4,,Swords_T1_03=1,3,Rat|Rat|Rat,floor1_town;companion_join:Rat;companion_join:Rat;companion_join:Rat; +1 levelup
723,13067,2,Normal,28,4,4,4,0,130,130,1,1,80,0,2,2,1,3,3,1,0,0,3,0,448,7,13,13,3.25,0,1,1,7,4,16,4,,Swords_T1_03=3,0,Rat|Rat|Rat,companion_join_skip:party_full
723,13067,3,Normal,14,3,3,1,1,130,0,1,0,48,0,2,2,1,3,3,0,0,0,2,0,400,172,11,4,4,1,0,0,8,4,12,4,RH=Crude Sword|LH=Crude Sword|BD=Crude Armour|A1=Crude Bracelet|A2=Crude Bracelet,Swords_T1_03=2,0,Rat|Rat|Rat,companion_join_skip:party_full; party wiped; flee×1
724,13068,1,Normal,35,4,4,4,0,37,121,0,0,80,0,1,1,0,10,3,0,3,3,0,0,448,8,18,18,4.5,0,1,1,5,4,16,4,,,3,Rat|Rat|Rat,floor1_town;companion_join:Rat;companion_join:Rat;companion_join:Rat;companion_join_skip:party_full
724,13068,2,Normal,40,5,5,5,0,121,63,0,3,100,0,1,2,2,3,3,0,0,0,1,0,560,75,19,19,3.8,0,1,1,5,4,20,4,,Swords_T1_03=1,0,Rat|Rat|Rat,companion_join_skip:party_full; +1 levelup
724,13068,3,Normal,1,1,1,0,0,63,0,3,3,0,0,2,2,0,0,0,0,0,0,0,0,28,63,2,0,0,1,0,0,5,4,4,4,RH=Crude Sword|LH=Crude Sword|BD=Crude Armour|A1=Crude Bracelet|A2=Crude Bracelet,,0,Rat|Rat|Rat,party wiped
725,13069,1,Normal,33,2,2,2,0,37,37,0,0,40,0,1,1,0,6,2,2,3,3,0,0,224,0,12,12,6,0,1,1,3,4,8,4,,,0,-,floor1_town
725,13069,2,Normal,30,5,5,5,0,37,37,0,2,100,0,1,2,3,9,4,1,0,2,2,0,560,74,28,28,5.6,0,1,1,5,4,20,4,,Swords_T1_03=2,1,Rat,companion_join:Rat; +1 levelup
725,13069,3,Normal,16,1,1,0,0,37,0,2,2,0,0,2,2,3,3,3,0,0,0,0,0,223,45,8,0,0,1,0,0,6,4,4,4,RH=Crude Sword|LH=Crude Sword|BD=Crude Armour|A1=Crude Bracelet|A2=Crude Bracelet,,0,Rat,party wiped
726,13070,1,Normal,31,4,4,4,0,37,121,0,0,80,0,1,1,0,12,3,0,3,3,0,0,448,3,18,18,4.5,0,1,1,5,4,16,4,,,3,Rat|Rat|Rat,floor1_town;companion_join:Rat;companion_join:Rat;companion_join:Rat
726,13070,2,Normal,37,3,3,3,0,121,63,0,3,60,0,1,2,1,3,3,0,0,0,1,0,336,72,11,11,3.667,0,1,1,5,4,12,4,,Swords_T1_03=1,0,Rat|Rat|Rat,+1 levelup
726,13070,3,Normal,3,1,1,0,0,63,0,3,3,0,0,2,2,0,0,0,0,0,0,0,0,85,63,2,0,0,1,0,0,5,4,4,4,RH=Crude Sword|LH=Crude Sword|BD=Crude Armour|A1=Crude Bracelet|A2=Crude Bracelet,,0,Rat|Rat|Rat,party wiped
727,13071,1,Normal,29,4,4,4,0,37,65,0,0,80,0,1,1,0,11,3,1,3,3,0,0,448,16,22,22,5.5,0,1,1,5,4,16,4,,,1,Rat,floor1_town;companion_join:Rat
727,13071,2,Normal,31,2,2,2,0,65,90,0,2,40,0,1,2,2,3,3,0,0,0,0,0,224,24,10,10,5,0,1,1,5,4,8,4,,,1,Rat|Rat,companion_join:Rat; +1 levelup
727,13071,3,Normal,3,1,1,0,0,90,0,2,2,0,0,2,2,1,0,0,0,0,0,1,0,134,89,3,0,0,1,0,0,5,4,4,4,RH=Crude Sword|LH=Crude Sword|BD=Crude Armour|A1=Crude Bracelet|A2=Crude Bracelet,Swords_T1_03=1,0,Rat|Rat,party wiped
728,13072,1,Normal,27,0,0,0,0,37,37,0,0,0,0,1,1,0,0,0,0,3,3,0,0,0,0,0,0,0,0,1,1,1,0,0,0,,,0,-,floor1_town
728,13072,2,Normal,29,4,4,3,0,37,0,0,0,60,0,1,1,1,6,6,0,0,0,0,0,389,87,20,17,5.667,1,0,0,2,4,16,4,RH=Crude Sword|LH=Crude Sword|BD=Crude Armour|A1=Crude Bracelet|A2=Crude Bracelet,,1,Rat,companion_join:Rat; party wiped
729,13073,1,Normal,25,2,2,2,0,37,37,0,0,40,0,1,1,0,6,6,1,3,3,0,0,224,13,13,13,6.5,0,1,1,3,4,8,4,,,0,-,floor1_town
729,13073,2,Normal,12,2,2,1,0,37,0,0,0,20,0,1,1,1,3,3,0,0,0,0,0,211,65,12,7,7,1,0,0,3,4,8,4,RH=Crude Sword|LH=Crude Sword|BD=Crude Armour|A1=Crude Bracelet|A2=Crude Bracelet,,1,Rat,companion_join:Rat; party wiped
730,13074,1,Normal,39,7,7,7,0,37,101,0,3,140,0,1,2,2,20,13,0,3,3,2,0,784,28,37,37,5.286,0,1,1,8,4,28,4,,Swords_T1_03=2,2,Rat|Rat,floor1_town;companion_join:Rat;companion_join:Rat; +1 levelup
730,13074,2,Normal,35,6,6,5,0,101,0,3,3,100,0,2,2,1,3,3,0,0,0,4,0,635,127,22,19,3.8,1,0,0,8,4,24,4,RH=Crude Sword|LH=Crude Sword|BD=Crude Armour|A1=Crude Bracelet|A2=Crude Bracelet,Swords_T1_03=4,0,Rat|Rat,party wiped
731,13075,1,Normal,37,4,4,4,0,37,93,0,0,80,0,1,1,0,11,3,1,3,3,0,0,448,16,22,22,5.5,0,1,1,5,4,16,4,,,2,Rat|Rat,floor1_town;companion_join:Rat;companion_join:Rat
731,13075,2,Normal,26,3,3,3,0,93,30,0,3,60,0,1,2,1,3,3,0,0,0,1,0,336,70,13,13,4.333,0,1,1,5,4,12,4,,Swords_T1_03=1,0,Rat|Rat,+1 levelup
731,13075,3,Normal,2,1,1,0,0,30,0,3,3,0,0,2,2,1,0,0,0,0,0,0,0,14,56,2,0,0,1,0,0,5,4,4,4,RH=Crude Sword|LH=Crude Sword|BD=Crude Armour|A1=Crude Bracelet|A2=Crude Bracelet,,0,Rat|Rat,party wiped
732,13076,1,Normal,35,4,4,4,0,37,37,0,0,80,0,1,1,0,12,4,2,3,3,0,0,448,16,23,23,5.75,0,1,1,5,4,16,4,,,0,-,floor1_town
732,13076,2,Normal,26,3,3,3,0,37,48,0,1,60,0,1,2,3,3,3,0,0,0,2,0,336,52,15,15,5,0,1,1,5,4,12,4,,Swords_T1_03=2,1,Rat,companion_join:Rat; +1 levelup
732,13076,3,Normal,3,1,1,0,0,48,0,1,1,0,0,2,2,2,0,0,0,0,0,1,0,148,47,3,0,0,1,0,0,5,4,4,4,RH=Crude Sword|LH=Crude Sword|BD=Crude Armour|A1=Crude Bracelet|A2=Crude Bracelet,Swords_T1_03=1,0,Rat,party wiped
733,13077,1,Normal,33,2,2,2,0,37,65,0,0,40,0,1,1,0,5,0,0,3,3,0,0,224,16,11,11,5.5,0,1,1,3,4,8,4,,,1,Rat,floor1_town;companion_join:Rat
733,13077,2,Normal,32,3,3,3,0,65,46,0,0,60,0,1,2,0,3,3,0,0,0,0,0,336,83,15,15,5,0,1,1,3,4,12,4,,,2,Rat|Rat|Rat,companion_join:Rat;companion_join:Rat; +1 levelup
733,13077,3,Normal,9,1,1,0,0,46,0,0,0,0,0,2,2,0,0,0,0,0,0,0,0,34,46,2,0,0,1,0,0,3,4,4,4,RH=Crude Sword|LH=Crude Sword|BD=Crude Armour|A1=Crude Bracelet|A2=Crude Bracelet,,0,Rat|Rat|Rat,party wiped
734,13078,1,Normal,31,2,2,2,0,37,65,0,0,40,0,1,1,0,6,3,2,3,3,0,0,224,8,12,12,6,0,1,1,3,4,8,4,,,1,Rat,floor1_town;companion_join:Rat
734,13078,2,Normal,35,3,3,3,0,65,129,0,3,60,0,1,2,1,3,3,2,0,0,0,0,336,29,11,11,3.667,0,1,1,3,4,12,4,,,2,Rat|Rat|Rat,companion_join:Rat;companion_join:Rat; +1 levelup
734,13078,3,Normal,13,2,2,1,0,129,0,3,3,48,0,2,2,4,0,0,0,0,0,2,0,374,127,10,5,5,1,0,0,3,4,8,4,RH=Crude Sword|LH=Crude Sword|BD=Crude Armour|A1=Crude Bracelet|A2=Crude Bracelet,Swords_T1_03=2,0,Rat|Rat|Rat,party wiped
735,13079,1,Normal,29,4,4,4,0,37,93,0,0,80,0,1,1,0,11,4,0,3,3,0,0,448,27,21,21,5.25,0,1,1,5,4,16,4,,,2,Rat|Rat,floor1_town;companion_join:Rat;companion_join:Rat
735,13079,2,Normal,21,4,4,3,0,93,0,0,3,60,0,1,2,1,3,3,0,0,0,2,0,380,106,15,13,4.333,1,0,0,5,4,16,4,RH=Crude Sword|LH=Crude Sword|BD=Crude Armour|A1=Crude Bracelet|A2=Crude Bracelet,Swords_T1_03=2,0,Rat|Rat,party wiped; +1 levelup
736,13080,1,Normal,27,1,1,1,0,37,37,0,0,20,0,1,1,0,3,3,1,3,3,0,0,112,8,7,7,7,0,1,1,2,4,4,4,,,0,-,floor1_town
736,13080,2,Normal,29,4,4,4,0,37,73,0,2,80,0,1,2,2,9,7,1,0,2,0,0,448,29,24,24,6,0,1,1,4,4,16,4,,,1,Rat,companion_join:Rat; +1 levelup
736,13080,3,Normal,6,1,1,0,0,73,0,2,2,0,0,2,2,1,0,2,0,0,0,1,0,188,73,5,0,0,1,0,0,4,4,4,4,RH=Crude Sword|LH=Crude Sword|BD=Crude Armour|A1=Crude Bracelet|A2=Crude Bracelet,Swords_T1_03=1,0,Rat,party wiped
737,13081,1,Normal,25,2,2,2,0,37,65,0,0,40,0,1,1,0,6,2,0,3,3,0,0,224,0,11,11,5.5,0,1,1,3,4,8,4,,,1,Rat,floor1_town;companion_join:Rat
737,13081,2,Normal,31,1,1,1,0,65,57,0,0,20,0,1,1,0,3,0,0,0,3,0,0,112,8,4,4,4,0,1,1,3,4,4,4,,,0,Rat,
737,13081,3,Normal,20,1,1,0,0,57,0,0,0,0,0,1,1,2,0,3,0,0,0,0,0,112,57,3,0,0,1,0,0,3,4,4,4,RH=Crude Sword|LH=Crude Sword|BD=Crude Armour|A1=Crude Bracelet|A2=Crude Bracelet,,0,Rat,party wiped
738,13082,1,Normal,39,5,5,5,0,37,46,0,1,100,0,1,2,0,15,4,1,3,3,0,0,560,16,31,31,6.2,0,1,1,6,4,20,4,,,0,-,floor1_town; +1 levelup
738,13082,2,Normal,36,3,3,3,0,46,36,1,1,60,0,2,2,3,3,3,0,0,0,0,0,336,38,16,16,5.333,0,1,1,6,4,12,4,,,1,Rat,companion_join:Rat
738,13082,3,Normal,13,2,2,1,0,36,0,1,1,48,0,2,2,2,3,3,0,0,0,2,0,334,104,9,7,7,1,0,0,7,4,8,4,RH=Crude Sword|LH=Crude Sword|BD=Crude Armour|A1=Crude Bracelet|A2=Crude Bracelet,Swords_T1_03=2,1,Rat|Goblin,companion_join:Goblin; party wiped
739,13083,1,Normal,37,6,6,6,0,37,129,0,2,120,0,1,2,2,16,3,0,3,3,1,0,672,32,28,28,4.667,0,1,1,7,4,24,4,,Swords_T1_03=1,3,Rat|Rat|Rat,floor1_town;companion_join:Rat;companion_join:Rat;companion_join:Rat; +1 levelup
739,13083,2,Normal,25,2,2,2,0,129,129,2,2,40,0,2,2,0,3,3,0,0,0,1,0,224,11,6,6,3,0,1,1,7,4,8,4,,Swords_T1_03=1,0,Rat|Rat|Rat,
739,13083,3,Normal,1,1,1,0,0,129,0,2,2,0,0,2,2,1,0,0,0,0,0,1,0,176,128,5,0,0,1,0,0,7,4,4,4,RH=Crude Sword|LH=Crude Sword|BD=Crude Armour|A1=Crude Bracelet|A2=Crude Bracelet,Swords_T1_03=1,0,Rat|Rat|Rat,party wiped
740,13084,1,Normal,35,3,3,3,0,37,65,0,0,60,0,1,1,1,8,2,0,3,3,0,0,336,16,15,15,5,0,1,1,4,4,12,4,,,1,Rat,floor1_town;companion_join:Rat
740,13084,2,Normal,25,3,3,3,0,65,29,0,2,60,0,1,2,0,3,3,0,0,0,1,0,336,51,15,15,5,0,1,1,4,4,12,4,,Swords_T1_03=1,0,Rat,+1 levelup
740,13084,3,Normal,18,2,2,0,1,29,0,2,2,0,0,2,2,2,3,3,0,0,0,2,0,302,100,6,0,0,1,0,0,5,4,8,4,RH=Crude Sword|LH=Crude Sword|BD=Crude Armour|A1=Crude Bracelet|A2=Crude Bracelet,Swords_T1_03=2,0,Rat,party wiped; flee×1
741,13085,1,Normal,33,4,4,4,0,37,37,0,0,80,0,1,1,0,11,5,2,3,3,0,0,448,30,22,22,5.5,0,1,1,5,4,16,4,,,0,-,floor1_town
741,13085,2,Normal,39,1,1,1,0,37,45,0,2,20,0,1,2,0,3,3,3,0,0,0,0,112,16,6,6,6,0,1,1,5,4,4,4,,,0,-,+1 levelup
741,13085,3,Normal,1,1,1,0,0,45,0,2,2,0,0,2,2,5,0,0,0,0,0,1,0,144,44,5,0,0,1,0,0,5,4,4,4,RH=Crude Sword|LH=Crude Sword|BD=Crude Armour|A1=Crude Bracelet|A2=Crude Bracelet,Swords_T1_03=1,0,-,party wiped
742,13086,1,Normal,31,3,3,2,1,37,8,0,0,40,0,1,1,1,9,4,0,0,0,0,0,308,45,16,10,5,0,1,1,3,4,12,4,,,0,-,floor1_town; flee×1
742,13086,2,Normal,32,3,3,2,1,8,57,0,0,40,0,1,1,1,6,1,0,0,3,0,0,252,45,11,10,5,0,1,1,5,4,12,4,,,1,Rat,companion_join:Rat; flee×1
742,13086,3,Normal,5,1,1,0,0,57,0,0,0,0,0,1,1,0,0,3,0,0,0,0,0,87,57,2,0,0,1,0,0,5,4,4,4,RH=Crude Sword|LH=Crude Sword|BD=Crude Armour|A1=Crude Bracelet|A2=Crude Bracelet,,0,Rat,party wiped
743,13087,1,Normal,29,5,5,5,0,37,72,0,1,100,0,1,2,2,15,12,0,3,3,0,0,560,21,32,32,6.4,0,1,1,6,4,20,4,,,1,Rat,floor1_town;companion_join:Rat; +1 levelup
743,13087,2,Normal,25,3,3,3,0,72,55,1,1,60,0,2,2,1,3,3,0,0,0,3,0,336,43,13,13,4.333,0,1,1,6,4,12,4,,Swords_T1_03=3,1,Rat|Rat,companion_join:Rat
743,13087,3,Normal,3,1,1,0,0,55,0,1,1,0,0,2,2,2,0,0,0,0,0,0,0,34,55,3,0,0,1,0,0,6,4,4,4,RH=Crude Sword|LH=Crude Sword|BD=Crude Armour|A1=Crude Bracelet|A2=Crude Bracelet,,0,Rat|Rat,party wiped
744,13088,1,Normal,27,1,1,1,0,37,37,0,0,20,0,1,1,0,3,1,0,3,3,0,0,112,0,5,5,5,0,1,1,2,4,4,4,,,0,-,floor1_town
744,13088,2,Normal,30,1,1,1,0,37,29,0,0,20,0,1,1,0,3,2,0,0,1,0,0,112,8,6,6,6,0,1,1,2,4,4,4,,,0,-,
744,13088,3,Normal,1,1,1,0,0,29,0,0,0,0,0,1,1,0,3,3,0,0,0,0,0,63,37,3,0,0,1,0,0,8,4,4,4,RH=Crude Sword|LH=Crude Sword|BD=Crude Armour|A1=Crude Bracelet|A2=Crude Bracelet,,0,-,party wiped
745,13089,1,Normal,25,3,3,3,0,37,121,0,0,60,0,1,1,0,9,2,2,3,3,0,0,336,16,16,16,5.333,0,1,1,4,4,12,4,,,3,Rat|Rat|Rat,floor1_town;companion_join:Rat;companion_join:Rat;companion_join:Rat
745,13089,2,Normal,39,3,3,3,0,121,128,0,1,60,0,1,2,1,3,2,3,0,1,1,0,336,7,9,9,3,0,1,1,4,4,12,4,,Swords_T1_03=1,0,Rat|Rat|Rat,companion_join_skip:party_full; +1 levelup
745,13089,3,Normal,14,2,2,1,0,128,0,1,1,48,0,2,2,3,0,1,0,0,0,2,0,440,126,8,5,5,1,0,0,4,4,8,4,RH=Crude Sword|LH=Crude Sword|BD=Crude Armour|A1=Crude Bracelet|A2=Crude Bracelet,Swords_T1_03=2,0,Rat|Rat|Rat,party wiped
746,13090,1,Normal,39,4,4,3,1,37,37,0,0,60,0,1,1,0,11,6,0,3,3,0,0,420,45,22,16,5.333,0,1,1,5,4,16,4,,,0,-,floor1_town; flee×1
746,13090,2,Normal,39,4,4,4,0,37,64,0,3,80,0,1,2,2,3,3,0,0,0,2,0,448,42,22,22,5.5,0,1,1,5,4,16,4,,Swords_T1_03=2,2,Rat|Rat,companion_join:Rat;companion_join:Rat; +1 levelup
746,13090,3,Normal,1,1,1,0,0,64,0,3,3,0,0,2,2,0,0,0,0,0,0,1,0,94,63,2,0,0,1,0,0,5,4,4,4,RH=Crude Sword|LH=Crude Sword|BD=Crude Armour|A1=Crude Bracelet|A2=Crude Bracelet,Swords_T1_03=1,0,Rat|Rat,party wiped
747,13091,1,Normal,37,5,5,5,0,37,45,0,2,100,0,1,2,0,15,8,1,3,3,0,0,560,16,33,33,6.6,0,1,1,6,4,20,4,,,0,-,floor1_town; +1 levelup
747,13091,2,Normal,33,3,3,3,0,45,59,2,2,60,0,2,2,1,3,3,0,0,0,1,0,336,41,15,15,5,0,1,1,6,4,12,4,,Swords_T1_03=1,2,Rat|Rat,companion_join:Rat;companion_join:Rat
747,13091,3,Normal,1,1,1,0,0,59,0,2,2,0,0,2,2,0,0,0,0,0,0,1,0,77,58,3,0,0,1,0,0,6,4,4,4,RH=Crude Sword|LH=Crude Sword|BD=Crude Armour|A1=Crude Bracelet|A2=Crude Bracelet,Swords_T1_03=1,0,Rat|Rat,party wiped
748,13092,1,Normal,35,3,3,3,0,37,93,0,0,60,0,1,1,0,9,2,0,3,3,0,0,336,8,14,14,4.667,0,1,1,4,4,12,4,,,2,Rat|Rat,floor1_town;companion_join:Rat;companion_join:Rat
748,13092,2,Normal,27,4,4,3,0,93,0,0,0,60,0,1,2,1,6,6,0,0,0,1,0,374,157,21,16,5.333,1,0,0,10,4,16,4,RH=Crude Sword|LH=Crude Sword|BD=Crude Armour|A1=Crude Bracelet|A2=Crude Bracelet,Swords_T1_03=1,0,Rat|Rat,party wiped; +1 levelup
749,13093,1,Normal,33,2,2,2,0,37,37,0,0,40,0,1,1,0,5,1,1,3,3,0,0,224,0,10,10,5,0,1,1,3,4,8,4,,,0,-,floor1_town
749,13093,2,Normal,28,4,4,4,0,37,21,0,1,80,0,1,2,0,9,7,3,0,0,0,0,448,68,23,23,5.75,0,1,1,5,4,16,4,,,1,Rat,companion_join:Rat; +1 levelup
749,13093,3,Normal,13,2,2,1,0,21,0,1,1,48,0,2,2,3,6,6,0,0,0,1,0,338,86,11,8,8,1,0,0,7,4,8,4,RH=Crude Sword|LH=Crude Sword|BD=Crude Armour|A1=Crude Bracelet|A2=Crude Bracelet,Swords_T1_03=1,0,Rat,party wiped
750,13094,1,Normal,31,2,2,2,0,37,93,0,0,40,0,1,1,0,6,3,2,3,3,0,0,224,0,10,10,5,0,1,1,3,4,8,4,,,2,Rat|Rat,floor1_town;companion_join:Rat;companion_join:Rat
750,13094,2,Normal,31,4,4,4,0,93,84,0,2,80,0,1,2,2,3,3,0,0,0,0,0,448,62,15,15,3.75,0,1,1,3,4,16,4,,,1,Rat|Rat|Rat,companion_join:Rat;companion_join_skip:party_full; +1 levelup
750,13094,3,Normal,1,1,1,0,0,84,0,2,2,0,0,2,2,0,0,0,0,0,0,1,0,155,83,3,0,0,1,0,0,3,4,4,4,RH=Crude Sword|LH=Crude Sword|BD=Crude Armour|A1=Crude Bracelet|A2=Crude Bracelet,Swords_T1_03=1,0,Rat|Rat|Rat,party wiped
751,13095,1,Normal,29,4,4,4,0,37,65,0,0,80,0,1,1,1,12,4,0,3,3,0,0,448,8,20,20,5,0,1,1,5,4,16,4,,,1,Rat,floor1_town;companion_join:Rat
751,13095,2,Normal,33,5,5,4,0,65,0,0,3,80,0,1,2,2,3,3,0,0,0,3,0,474,127,24,21,5.25,1,0,0,5,4,20,4,RH=Crude Sword|LH=Crude Sword|BD=Crude Armour|A1=Crude Bracelet|A2=Crude Bracelet,Swords_T1_03=3,2,Rat|Rat|Rat,companion_join:Rat;companion_join:Rat; party wiped; +1 levelup
752,13096,1,Normal,26,3,3,3,0,37,65,0,0,60,0,1,1,1,9,4,1,3,3,0,0,336,14,18,18,6,0,1,1,4,4,12,4,,,1,Rat,floor1_town;companion_join:Rat
752,13096,2,Normal,30,3,3,2,1,65,7,0,2,40,0,1,2,2,3,3,0,0,0,0,0,308,102,13,9,4.5,0,1,1,4,4,12,4,,,0,Rat,+1 levelup; flee×1
752,13096,3,Normal,6,2,2,0,1,7,0,2,2,0,0,2,2,1,6,6,0,0,0,2,0,243,77,7,0,0,1,0,0,6,4,8,4,RH=Crude Sword|LH=Crude Sword|BD=Crude Armour|A1=Crude Bracelet|A2=Crude Bracelet,Swords_T1_03=2,0,Rat,party wiped; flee×1
753,13097,1,Normal,40,4,4,4,0,37,37,0,0,80,0,1,1,0,10,6,0,3,3,0,0,448,32,23,23,5.75,0,1,1,5,4,16,4,,,0,-,floor1_town
753,13097,2,Normal,37,5,5,5,0,37,4,0,3,100,0,1,2,2,8,6,0,0,0,3,0,560,108,29,29,5.8,0,1,1,7,4,20,4,,Swords_T1_03=3,1,Rat,companion_join:Rat; +1 levelup
753,13097,3,Normal,11,1,1,0,0,4,0,3,3,0,0,2,2,1,3,3,0,0,0,1,0,178,43,4,0,0,1,0,0,8,4,4,4,RH=Crude Sword|LH=Crude Sword|BD=Crude Armour|A1=Crude Bracelet|A2=Crude Bracelet,Swords_T1_03=1,0,Rat,party wiped
754,13098,1,Normal,38,3,3,3,0,37,65,0,0,60,0,1,1,1,8,5,1,3,3,0,0,336,27,18,18,6,0,1,1,4,4,12,4,,,1,Rat,floor1_town;companion_join:Rat
754,13098,2,Normal,29,2,2,2,0,65,87,0,3,40,0,1,2,1,3,3,0,0,0,0,0,224,21,9,9,4.5,0,1,1,4,4,8,4,,,1,Rat|Rat,companion_join:Rat; +1 levelup
754,13098,3,Normal,24,2,2,0,1,87,0,3,3,0,0,2,2,1,3,3,0,0,0,2,0,284,124,7,0,0,1,0,0,5,4,8,4,RH=Crude Sword|LH=Crude Sword|BD=Crude Armour|A1=Crude Bracelet|A2=Crude Bracelet,Swords_T1_03=2,0,Rat|Rat,party wiped; flee×1
755,13099,1,Normal,36,5,5,5,0,37,101,0,3,100,0,1,2,0,12,3,0,3,3,0,0,560,8,21,21,4.2,0,1,1,6,4,20,4,,,2,Rat|Rat,floor1_town;companion_join:Rat;companion_join:Rat; +1 levelup
755,13099,2,Normal,27,3,3,3,0,101,99,3,3,60,0,2,2,0,3,3,1,0,0,2,0,336,42,11,11,3.667,0,1,1,6,4,12,4,,Swords_T1_03=2,1,Rat|Rat|Rat,companion_join:Rat
755,13099,3,Normal,17,2,2,1,0,99,0,3,3,48,0,2,2,2,0,0,0,0,0,2,0,360,97,8,5,5,1,0,0,6,4,8,4,RH=Crude Sword|LH=Crude Sword|BD=Crude Armour|A1=Crude Bracelet|A2=Crude Bracelet,Swords_T1_03=2,0,Rat|Rat|Rat,party wiped
756,13100,1,Normal,34,1,1,1,0,37,37,0,0,20,0,1,1,0,3,3,2,3,3,0,0,112,8,7,7,7,0,1,1,2,4,4,4,,,0,-,floor1_town
756,13100,2,Normal,30,4,4,4,0,37,73,0,2,80,0,1,2,1,9,6,2,0,3,0,0,448,65,22,22,5.5,0,1,1,4,4,16,4,,,2,Rat|Rat,companion_join:Rat;companion_join:Rat; +1 levelup
756,13100,3,Normal,6,1,1,0,0,73,0,2,2,0,0,2,2,4,0,3,0,0,0,1,0,236,85,9,0,0,1,0,0,4,4,4,4,RH=Crude Sword|LH=Crude Sword|BD=Crude Armour|A1=Crude Bracelet|A2=Crude Bracelet,Swords_T1_03=1,0,Rat|Rat,party wiped
757,13101,1,Normal,32,4,4,4,0,37,93,0,0,80,0,1,1,0,12,6,0,3,3,0,0,448,13,20,20,5,0,1,1,5,4,16,4,,,2,Rat|Rat,floor1_town;companion_join:Rat;companion_join:Rat
757,13101,2,Normal,31,3,3,3,0,93,84,0,2,60,0,1,2,1,3,3,0,0,0,1,0,336,51,12,12,4,0,1,1,5,4,12,4,,Swords_T1_03=1,1,Rat|Rat|Rat,companion_join:Rat; +1 levelup
757,13101,3,Normal,11,1,1,0,0,84,0,2,2,0,0,2,2,1,0,0,0,0,0,1,0,176,83,4,0,0,1,0,0,5,4,4,4,RH=Crude Sword|LH=Crude Sword|BD=Crude Armour|A1=Crude Bracelet|A2=Crude Bracelet,Swords_T1_03=1,0,Rat|Rat|Rat,party wiped
758,13102,1,Normal,30,1,1,1,0,37,37,0,0,20,0,1,1,0,3,1,1,3,3,0,0,112,0,6,6,6,0,1,1,2,4,4,4,,,0,-,floor1_town
758,13102,2,Normal,34,4,4,4,0,37,44,0,3,80,0,1,2,2,3,3,0,0,0,0,0,448,52,22,22,5.5,0,1,1,2,4,16,4,,,1,Rat,companion_join:Rat; +1 levelup
758,13102,3,Normal,4,1,1,0,0,44,0,3,3,0,0,2,2,1,0,0,0,0,0,0,0,56,44,2,0,0,1,0,0,2,4,4,4,RH=Crude Sword|LH=Crude Sword|BD=Crude Armour|A1=Crude Bracelet|A2=Crude Bracelet,,0,Rat,party wiped
759,13103,1,Normal,28,4,4,4,0,37,37,0,0,80,0,1,1,0,11,3,0,3,3,0,0,448,8,22,22,5.5,0,1,1,5,4,16,4,,,0,-,floor1_town
759,13103,2,Normal,23,3,3,2,0,37,0,0,2,40,0,1,2,1,3,3,0,0,0,1,0,293,80,13,11,5.5,1,0,0,5,4,12,4,RH=Crude Sword|LH=Crude Sword|BD=Crude Armour|A1=Crude Bracelet|A2=Crude Bracelet,Swords_T1_03=1,1,Rat,companion_join:Rat; party wiped; +1 levelup
760,13104,1,Normal,26,2,2,2,0,37,93,0,0,40,0,1,1,0,6,2,1,3,3,0,0,224,8,10,10,5,0,1,1,3,4,8,4,,,2,Rat|Rat,floor1_town;companion_join:Rat;companion_join:Rat
760,13104,2,Normal,37,3,3,3,0,93,73,0,2,60,0,1,2,2,3,3,0,0,0,0,0,336,73,10,10,3.333,0,1,1,3,4,12,4,,,0,Rat|Rat,+1 levelup
760,13104,3,Normal,2,1,1,0,0,73,0,2,2,0,0,2,2,1,0,0,0,0,0,0,0,109,73,2,0,0,1,0,0,3,4,4,4,RH=Crude Sword|LH=Crude Sword|BD=Crude Armour|A1=Crude Bracelet|A2=Crude Bracelet,,0,Rat|Rat,party wiped
761,13105,1,Normal,40,4,4,4,0,37,37,0,0,80,0,1,1,0,12,7,2,3,3,0,0,448,21,25,25,6.25,0,1,1,5,4,16,4,,,0,-,floor1_town
761,13105,2,Normal,25,3,3,3,0,37,23,0,3,60,0,1,2,3,3,3,0,0,0,2,0,336,49,16,16,5.333,0,1,1,5,4,12,4,,Swords_T1_03=2,1,Rat,companion_join:Rat; +1 levelup
761,13105,3,Normal,4,1,1,0,0,23,0,3,3,0,0,2,2,2,3,3,0,0,0,1,0,176,45,6,0,0,1,0,0,6,4,4,4,RH=Crude Sword|LH=Crude Sword|BD=Crude Armour|A1=Crude Bracelet|A2=Crude Bracelet,Swords_T1_03=1,0,Rat,party wiped
762,13106,1,Normal,38,2,2,2,0,37,37,0,0,40,0,1,1,1,6,6,0,3,3,0,0,224,14,16,16,8,0,1,1,3,4,8,4,,,0,-,floor1_town
762,13106,2,Normal,24,3,3,2,0,37,0,0,0,40,0,1,1,1,3,3,0,0,0,0,0,224,65,13,11,5.5,1,0,0,3,4,12,4,RH=Crude Sword|LH=Crude Sword|BD=Crude Armour|A1=Crude Bracelet|A2=Crude Bracelet,,1,Rat,companion_join:Rat; party wiped
763,13107,1,Normal,36,4,4,4,0,37,37,0,0,80,0,1,1,0,12,1,2,3,3,0,0,448,6,21,21,5.25,0,1,1,5,4,16,4,,,0,-,floor1_town
763,13107,2,Normal,32,2,2,2,0,37,45,0,2,40,0,1,2,2,3,3,1,0,0,1,0,224,28,11,11,5.5,0,1,1,5,4,8,4,,Swords_T1_03=1,1,Rat,companion_join:Rat; +1 levelup
763,13107,3,Normal,15,1,1,0,0,45,0,2,2,0,0,2,2,1,0,0,0,0,0,0,0,60,45,2,0,0,1,0,0,5,4,4,4,RH=Crude Sword|LH=Crude Sword|BD=Crude Armour|A1=Crude Bracelet|A2=Crude Bracelet,,0,Rat,party wiped
764,13108,1,Normal,34,4,4,4,0,37,93,0,0,80,0,1,1,0,11,6,0,3,3,0,0,448,32,20,20,5,0,1,1,5,4,16,4,,,2,Rat|Rat,floor1_town;companion_join:Rat;companion_join:Rat
764,13108,2,Normal,36,4,4,4,0,93,102,0,3,80,0,1,2,0,3,3,0,0,0,3,0,448,25,15,15,3.75,0,1,1,5,4,16,4,,Swords_T1_03=3,1,Rat|Rat|Rat,companion_join:Rat;companion_join_skip:party_full; +1 levelup
764,13108,3,Normal,17,2,2,1,0,102,0,3,0,48,0,2,2,2,3,3,0,0,0,1,0,283,131,14,9,9,1,0,0,6,4,8,4,RH=Crude Sword|LH=Crude Sword|BD=Crude Armour|A1=Crude Bracelet|A2=Crude Bracelet,Swords_T1_03=1,0,Rat|Rat|Rat,party wiped
765,13109,1,Normal,32,5,5,5,0,37,45,0,2,100,0,1,2,0,15,9,2,3,3,0,0,560,8,30,30,6,0,1,1,6,4,20,4,,,0,-,floor1_town; +1 levelup
765,13109,2,Normal,34,3,3,3,0,45,52,2,2,60,0,2,2,4,3,3,0,0,0,2,0,336,19,23,23,7.667,0,1,1,6,4,12,4,,Swords_T1_03=2,1,Rat,companion_join:Rat
765,13109,3,Normal,3,1,1,0,0,52,0,2,2,0,0,2,2,2,0,0,0,0,0,1,0,134,51,3,0,0,1,0,0,6,4,4,4,RH=Crude Sword|LH=Crude Sword|BD=Crude Armour|A1=Crude Bracelet|A2=Crude Bracelet,Swords_T1_03=1,0,Rat,party wiped
766,13110,1,Normal,30,4,4,4,0,37,37,0,0,80,0,1,1,0,12,7,0,3,3,0,0,448,22,28,28,7,0,1,1,5,4,16,4,,,0,-,floor1_town
766,13110,2,Normal,32,5,5,4,1,37,36,0,1,80,0,1,2,2,9,6,0,0,3,2,0,448,114,27,25,6.25,0,1,1,7,4,20,4,,Swords_T1_03=2,0,-,+1 levelup; flee×1
766,13110,3,Normal,4,1,1,0,0,36,0,1,1,0,0,2,2,2,3,3,0,0,0,1,0,120,43,4,0,0,1,0,0,8,4,4,4,RH=Crude Sword|LH=Crude Sword|BD=Crude Armour|A1=Crude Bracelet|A2=Crude Bracelet,Swords_T1_03=1,0,-,party wiped
767,13111,1,Normal,28,2,2,2,0,37,37,0,0,40,0,1,1,0,6,3,1,3,3,0,0,224,16,14,14,7,0,1,1,3,4,8,4,,,0,-,floor1_town
767,13111,2,Normal,10,2,2,1,0,37,0,0,0,20,0,1,1,1,3,3,0,0,0,0,0,165,37,10,8,8,1,0,0,3,4,8,4,RH=Crude Sword|LH=Crude Sword|BD=Crude Armour|A1=Crude Bracelet|A2=Crude Bracelet,,0,-,party wiped
768,13112,1,Normal,26,2,2,2,0,37,37,0,0,40,0,1,1,0,6,3,0,3,3,0,0,224,21,11,11,5.5,0,1,1,3,4,8,4,,,0,-,floor1_town
768,13112,2,Normal,38,6,6,5,1,37,45,0,2,100,0,1,2,0,12,9,0,0,0,1,0,616,128,35,33,6.6,0,1,1,6,4,24,4,,Swords_T1_03=1,1,Rat,companion_join:Rat; +1 levelup; flee×1
768,13112,3,Normal,12,2,2,0,1,45,0,2,2,0,0,2,2,2,3,3,0,0,0,2,0,176,83,5,0,0,1,0,0,7,4,8,4,RH=Crude Sword|LH=Crude Sword|BD=Crude Armour|A1=Crude Bracelet|A2=Crude Bracelet,Swords_T1_03=2,0,Rat,party wiped; flee×1
769,13113,1,Normal,40,6,6,6,0,37,73,0,2,120,0,1,2,0,17,6,1,3,3,1,0,672,7,37,37,6.167,0,1,1,7,4,24,4,,Swords_T1_03=1,1,Rat,floor1_town;companion_join:Rat; +1 levelup
769,13113,2,Normal,35,3,3,3,0,73,85,2,2,60,0,2,2,1,3,3,2,0,0,1,0,336,21,13,13,4.333,0,1,1,7,4,12,4,,Swords_T1_03=1,1,Rat|Rat,companion_join:Rat
769,13113,3,Normal,4,1,1,0,0,85,0,2,2,0,0,2,2,2,0,0,0,0,0,0,0,129,85,4,0,0,1,0,0,7,4,4,4,RH=Crude Sword|LH=Crude Sword|BD=Crude Armour|A1=Crude Bracelet|A2=Crude Bracelet,,0,Rat|Rat,party wiped
770,13114,1,Normal,38,6,6,6,0,37,45,0,3,120,0,1,2,0,18,12,2,3,3,1,0,672,23,40,40,6.667,0,1,1,7,4,24,4,,Swords_T1_03=1,0,-,floor1_town; +1 levelup
770,13114,2,Normal,30,5,5,4,0,45,0,3,3,80,0,2,2,2,6,6,0,0,0,4,0,486,111,27,24,6,1,0,0,8,4,20,4,RH=Crude Sword|LH=Crude Sword|BD=Crude Armour|A1=Crude Bracelet|A2=Crude Bracelet,Swords_T1_03=4,2,Rat|Rat,companion_join:Rat;companion_join:Rat; party wiped
771,13115,1,Normal,36,4,4,4,0,37,65,0,0,80,0,1,1,0,11,3,1,3,3,0,0,448,24,20,20,5,0,1,1,5,4,16,4,,,1,Rat,floor1_town;companion_join:Rat
771,13115,2,Normal,33,2,2,2,0,65,92,0,3,40,0,1,2,2,3,3,0,0,0,1,0,224,22,9,9,4.5,0,1,1,5,4,8,4,,Swords_T1_03=1,1,Rat|Rat,companion_join:Rat; +1 levelup
771,13115,3,Normal,10,1,1,0,0,92,0,3,3,0,0,2,2,1,0,0,0,0,0,1,0,130,91,4,0,0,1,0,0,5,4,4,4,RH=Crude Sword|LH=Crude Sword|BD=Crude Armour|A1=Crude Bracelet|A2=Crude Bracelet,Swords_T1_03=1,0,Rat|Rat,party wiped
772,13116,1,Normal,34,4,4,4,0,37,121,0,0,80,0,1,1,0,11,2,2,3,3,0,0,448,0,15,15,3.75,0,1,1,5,4,16,4,,,3,Rat|Rat|Rat,floor1_town;companion_join:Rat;companion_join:Rat;companion_join:Rat;companion_join_skip:party_full
772,13116,2,Normal,26,3,3,3,0,121,119,0,2,60,0,1,2,1,3,3,3,0,0,2,0,336,18,10,10,3.333,0,1,1,5,4,12,4,,Swords_T1_03=2,0,Rat|Rat|Rat,companion_join_skip:party_full; +1 levelup
772,13116,3,Normal,8,2,2,1,0,119,0,2,2,48,0,2,2,3,0,0,0,0,0,1,0,309,118,6,4,4,1,0,0,5,4,8,4,RH=Crude Sword|LH=Crude Sword|BD=Crude Armour|A1=Crude Bracelet|A2=Crude Bracelet,Swords_T1_03=1,0,Rat|Rat|Rat,companion_join_skip:party_full; party wiped
773,13117,1,Normal,32,5,5,5,0,37,72,0,2,100,0,1,2,1,15,5,0,3,3,0,0,560,16,28,28,5.6,0,1,1,6,4,20,4,,,1,Rat,floor1_town;companion_join:Rat; +1 levelup
773,13117,2,Normal,24,2,2,1,0,72,0,2,2,20,0,2,2,2,3,3,0,0,0,2,0,221,79,11,6,6,1,0,0,6,4,8,4,RH=Crude Sword|LH=Crude Sword|BD=Crude Armour|A1=Crude Bracelet|A2=Crude Bracelet,Swords_T1_03=2,0,Rat,party wiped
774,13118,1,Normal,30,2,2,2,0,37,37,0,0,40,0,1,1,0,6,5,2,3,3,0,0,224,0,13,13,6.5,0,1,1,3,4,8,4,,,0,-,floor1_town
774,13118,2,Normal,37,4,4,4,0,37,50,0,3,80,0,1,2,3,6,6,0,0,0,1,0,448,72,22,22,5.5,0,1,1,4,4,16,4,,Swords_T1_03=1,2,Rat|Rat,companion_join:Rat;companion_join:Rat; +1 levelup
774,13118,3,Normal,12,1,1,0,0,50,0,3,3,0,0,2,2,2,0,0,0,0,0,0,0,26,50,2,0,0,1,0,0,4,4,4,4,RH=Crude Sword|LH=Crude Sword|BD=Crude Armour|A1=Crude Bracelet|A2=Crude Bracelet,,0,Rat|Rat,party wiped
775,13119,1,Normal,28,3,3,3,0,37,37,0,0,60,0,1,1,0,9,6,0,3,3,0,0,336,14,19,19,6.333,0,1,1,4,4,12,4,,,0,-,floor1_town
775,13119,2,Normal,28,3,3,2,1,37,73,0,3,40,0,1,2,0,6,5,0,0,1,0,0,252,37,14,13,6.5,0,1,1,5,4,12,4,,,1,Rat,companion_join:Rat; +1 levelup; flee×1
775,13119,3,Normal,1,1,1,0,0,73,0,3,3,0,0,2,2,2,0,1,0,0,0,1,0,140,72,3,0,0,1,0,0,5,4,4,4,RH=Crude Sword|LH=Crude Sword|BD=Crude Armour|A1=Crude Bracelet|A2=Crude Bracelet,Swords_T1_03=1,0,Rat,party wiped
776,13120,1,Normal,26,2,2,2,0,37,37,0,0,40,0,1,1,0,6,3,2,3,3,0,0,224,0,11,11,5.5,0,1,1,3,4,8,4,,,0,-,floor1_town
776,13120,2,Normal,25,5,5,5,0,37,68,0,3,100,0,1,2,4,6,6,0,0,0,1,0,560,49,27,27,5.4,0,1,1,4,4,20,4,,Swords_T1_03=1,2,Rat|Rat,companion_join:Rat;companion_join:Rat; +1 levelup
776,13120,3,Normal,2,1,1,0,0,68,0,3,3,0,0,2,2,1,0,0,0,0,0,1,0,116,67,3,0,0,1,0,0,4,4,4,4,RH=Crude Sword|LH=Crude Sword|BD=Crude Armour|A1=Crude Bracelet|A2=Crude Bracelet,Swords_T1_03=1,0,Rat|Rat,party wiped
777,13121,1,Normal,40,1,1,1,0,37,37,0,0,20,0,1,1,0,3,3,0,3,3,0,0,112,0,8,8,8,0,1,1,2,4,4,4,,,0,-,floor1_town
777,13121,2,Normal,38,1,1,1,0,37,29,0,0,20,0,1,1,0,3,1,2,0,2,0,0,112,8,5,5,5,0,1,1,2,4,4,4,,,0,-,
777,13121,3,Normal,2,1,1,0,0,29,0,0,0,0,0,1,1,0,3,3,2,0,0,0,0,95,37,3,0,0,1,0,0,8,4,4,4,RH=Crude Sword|LH=Crude Sword|BD=Crude Armour|A1=Crude Bracelet|A2=Crude Bracelet,,0,-,party wiped
778,13122,1,Normal,38,4,4,4,0,37,65,0,0,80,0,1,1,0,12,12,1,3,3,0,0,448,8,30,30,7.5,0,1,1,5,4,16,4,,,1,Rat,floor1_town;companion_join:Rat
778,13122,2,Normal,38,3,3,3,0,65,100,0,3,60,0,1,2,1,3,3,0,0,0,2,0,336,36,11,11,3.667,0,1,1,5,4,12,4,,Swords_T1_03=2,2,Rat|Rat|Rat,companion_join:Rat;companion_join:Rat; +1 levelup
778,13122,3,Normal,4,1,1,0,0,100,0,3,3,0,0,2,2,1,0,0,0,0,0,0,0,131,100,4,0,0,1,0,0,5,4,4,4,RH=Crude Sword|LH=Crude Sword|BD=Crude Armour|A1=Crude Bracelet|A2=Crude Bracelet,,0,Rat|Rat|Rat,party wiped
779,13123,1,Normal,36,2,2,2,0,37,37,0,0,40,0,1,1,0,6,4,0,3,3,0,0,224,30,14,14,7,0,1,1,3,4,8,4,,,0,-,floor1_town
779,13123,2,Normal,25,5,5,5,0,37,75,0,2,100,0,1,2,1,9,3,1,0,0,1,0,560,69,25,25,5,0,1,1,5,4,20,4,,Swords_T1_03=1,2,Rat|Rat,companion_join:Rat;companion_join:Rat; +1 levelup
779,13123,3,Normal,23,1,1,0,0,75,0,2,2,0,0,2,2,0,0,0,2,0,0,1,0,99,74,3,0,0,1,0,0,5,4,4,4,RH=Crude Sword|LH=Crude Sword|BD=Crude Armour|A1=Crude Bracelet|A2=Crude Bracelet,Swords_T1_03=1,0,Rat|Rat,party wiped
780,13124,1,Normal,34,4,4,4,0,37,65,0,0,80,0,1,1,1,11,4,0,3,3,0,0,448,22,18,18,4.5,0,1,1,5,4,16,4,,,1,Rat,floor1_town;companion_join:Rat
780,13124,2,Normal,31,4,4,2,1,65,0,0,0,40,0,1,2,1,6,6,0,0,0,2,0,328,135,18,11,5.5,1,0,0,11,4,16,4,RH=Crude Sword|LH=Crude Sword|BD=Crude Armour|A1=Crude Bracelet|A2=Crude Bracelet,Swords_T1_03=2,1,Rat|Rat,companion_join:Rat; party wiped; +1 levelup; flee×1
781,13125,1,Normal,32,4,4,4,0,37,65,0,0,80,0,1,1,2,12,9,0,3,3,0,0,448,46,23,23,5.75,0,1,1,5,4,16,4,,,1,Rat,floor1_town;companion_join:Rat
781,13125,2,Normal,26,2,2,2,0,65,17,0,2,40,0,1,2,1,3,3,0,0,0,1,0,224,59,9,9,4.5,0,1,1,5,4,8,4,,Swords_T1_03=1,0,Rat,+1 levelup
781,13125,3,Normal,7,1,1,0,0,17,0,2,2,0,0,2,2,2,0,0,0,0,0,1,0,95,45,2,0,0,1,0,0,5,4,4,4,RH=Crude Sword|LH=Crude Sword|BD=Crude Armour|A1=Crude Bracelet|A2=Crude Bracelet,Swords_T1_03=1,0,Rat,party wiped
782,13126,1,Normal,30,4,4,4,0,37,93,0,0,80,0,1,1,1,12,4,0,3,3,0,0,448,11,17,17,4.25,0,1,1,5,4,16,4,,,2,Rat|Rat,floor1_town;companion_join:Rat;companion_join:Rat
782,13126,2,Normal,32,2,2,2,0,93,117,0,2,40,0,1,2,0,3,1,0,0,2,0,0,224,12,6,6,3,0,1,1,5,4,8,4,,,1,Rat|Rat|Rat,companion_join:Rat; +1 levelup
782,13126,3,Normal,21,2,2,1,0,117,0,2,2,48,0,2,2,2,0,2,0,0,0,1,0,317,116,9,6,6,1,0,0,5,4,8,4,RH=Crude Sword|LH=Crude Sword|BD=Crude Armour|A1=Crude Bracelet|A2=Crude Bracelet,Swords_T1_03=1,0,Rat|Rat|Rat,party wiped
783,13127,1,Normal,28,3,3,3,0,37,93,0,0,60,0,1,1,2,9,4,0,3,3,0,0,336,24,20,20,6.667,0,1,1,4,4,12,4,,,2,Rat|Rat,floor1_town;companion_join:Rat;companion_join:Rat
783,13127,2,Normal,38,3,3,3,0,93,129,0,2,60,0,1,2,0,3,2,2,0,1,0,0,336,8,9,9,3,0,1,1,4,4,12,4,,,1,Rat|Rat|Rat,companion_join:Rat;companion_join_skip:party_full; +1 levelup
783,13127,3,Normal,1,1,1,0,0,129,0,2,2,0,0,2,2,2,0,1,0,0,0,0,0,199,129,6,0,0,1,0,0,4,4,4,4,RH=Crude Sword|LH=Crude Sword|BD=Crude Armour|A1=Crude Bracelet|A2=Crude Bracelet,,0,Rat|Rat|Rat,party wiped
784,13128,1,Normal,26,2,2,2,0,37,65,0,0,40,0,1,1,0,6,3,0,3,3,0,0,224,0,9,9,4.5,0,1,1,3,4,8,4,,,1,Rat,floor1_town;companion_join:Rat
784,13128,2,Normal,17,3,3,2,0,65,0,0,0,40,0,1,1,0,3,3,0,0,0,0,0,291,101,13,9,4.5,1,0,0,3,4,12,4,RH=Crude Sword|LH=Crude Sword|BD=Crude Armour|A1=Crude Bracelet|A2=Crude Bracelet,,1,Rat|Rat,companion_join:Rat; party wiped
785,13129,1,Normal,40,4,4,4,0,37,121,0,0,80,0,1,1,0,12,1,2,3,3,0,0,448,26,21,21,5.25,0,1,1,5,4,16,4,,,3,Rat|Rat|Rat,floor1_town;companion_join:Rat;companion_join:Rat;companion_join:Rat
785,13129,2,Normal,34,4,4,4,0,121,107,0,2,80,0,1,2,2,3,3,1,0,0,2,0,448,29,12,12,3,0,1,1,5,4,16,4,,Swords_T1_03=2,0,Rat|Rat|Rat,companion_join_skip:party_full;companion_join_skip:party_full;companion_join_skip:party_full; +1 levelup
785,13129,3,Normal,13,2,2,1,0,107,0,2,2,48,0,2,2,2,0,0,0,0,0,1,0,368,106,6,4,4,1,0,0,5,4,8,4,RH=Crude Sword|LH=Crude Sword|BD=Crude Armour|A1=Crude Bracelet|A2=Crude Bracelet,Swords_T1_03=1,0,Rat|Rat|Rat,party wiped
786,13130,1,Normal,38,4,4,4,0,37,65,0,0,80,0,1,1,0,12,7,0,3,3,0,0,448,27,21,21,5.25,0,1,1,5,4,16,4,,,1,Rat,floor1_town;companion_join:Rat
786,13130,2,Normal,20,4,4,3,0,65,0,0,3,60,0,1,2,0,3,3,0,0,0,1,0,393,149,18,14,4.667,1,0,0,5,4,16,4,RH=Crude Sword|LH=Crude Sword|BD=Crude Armour|A1=Crude Bracelet|A2=Crude Bracelet,Swords_T1_03=1,2,Rat|Rat|Rat,companion_join:Rat;companion_join:Rat; party wiped; +1 levelup
787,13131,1,Normal,36,4,4,4,0,37,93,0,0,80,0,1,1,1,12,3,0,3,3,0,0,448,8,19,19,4.75,0,1,1,5,4,16,4,,,2,Rat|Rat,floor1_town;companion_join:Rat;companion_join:Rat
787,13131,2,Normal,40,3,3,3,0,93,68,0,1,60,0,1,2,2,3,3,0,0,0,1,0,336,33,11,11,3.667,0,1,1,5,4,12,4,,Swords_T1_03=1,0,Rat|Rat,+1 levelup
787,13131,3,Normal,26,0,0,0,0,68,68,1,1,0,0,2,2,0,0,0,0,0,0,0,0,0,0,0,0,0,0,1,1,5,0,0,0,,,0,Rat|Rat,
787,13131,4,Normal,3,1,1,0,0,68,0,1,1,0,0,2,2,0,0,0,0,0,0,1,0,69,67,5,0,0,1,0,0,5,4,4,4,RH=Crude Sword|LH=Crude Sword|BD=Crude Armour|A1=Crude Bracelet|A2=Crude Bracelet,Swords_T1_03=1,0,Rat|Rat,party wiped
788,13132,1,Normal,34,4,4,4,0,37,65,0,0,80,0,1,1,0,12,8,0,3,3,0,0,448,41,24,24,6,0,1,1,5,4,16,4,,,1,Rat,floor1_town;companion_join:Rat
788,13132,2,Normal,38,4,4,4,0,65,65,0,3,80,0,1,2,0,5,3,0,1,3,3,0,448,61,16,16,4,0,1,1,6,4,16,4,,Swords_T1_03=3,1,Rat|Rat,companion_join:Rat; +1 levelup
788,13132,3,Normal,5,1,1,0,0,65,0,3,3,0,0,2,2,2,1,3,0,0,0,1,0,196,70,5,0,0,1,0,0,6,4,4,4,RH=Crude Sword|LH=Crude Sword|BD=Crude Armour|A1=Crude Bracelet|A2=Crude Bracelet,Swords_T1_03=1,0,Rat|Rat,party wiped
789,13133,1,Normal,32,5,5,5,0,37,74,0,2,100,0,1,2,1,15,11,0,3,3,0,0,560,22,30,30,6,0,1,1,6,4,20,4,,,1,Rat,floor1_town;companion_join:Rat; +1 levelup
789,13133,2,Normal,33,2,2,2,0,74,73,2,2,40,0,2,2,2,3,0,0,0,3,2,0,224,-1,8,8,4,0,1,1,6,4,8,4,,Swords_T1_03=2,0,Rat,
789,13133,3,Normal,1,1,1,0,0,73,0,2,2,0,0,2,2,0,0,3,0,0,0,0,0,193,73,6,0,0,1,0,0,6,4,4,4,RH=Crude Sword|LH=Crude Sword|BD=Crude Armour|A1=Crude Bracelet|A2=Crude Bracelet,,0,Rat,party wiped
790,13134,1,Normal,30,3,3,3,0,37,37,0,0,60,0,1,1,0,9,6,0,3,3,0,0,336,14,20,20,6.667,0,1,1,4,4,12,4,,,0,-,floor1_town
790,13134,2,Normal,12,2,2,1,0,37,0,0,0,20,0,1,1,1,3,3,0,0,0,0,0,165,37,9,5,5,1,0,0,4,4,8,4,RH=Crude Sword|LH=Crude Sword|BD=Crude Armour|A1=Crude Bracelet|A2=Crude Bracelet,,0,-,party wiped
791,13135,1,Normal,28,4,4,4,0,37,65,0,0,80,0,1,1,1,12,7,0,3,3,0,0,448,6,25,25,6.25,0,1,1,5,4,16,4,,,1,Rat,floor1_town;companion_join:Rat
791,13135,2,Normal,25,3,3,3,0,65,31,0,2,60,0,1,2,1,3,3,0,0,0,1,0,336,40,14,14,4.667,0,1,1,5,4,12,4,,Swords_T1_03=1,0,Rat,+1 levelup
791,13135,3,Normal,17,1,1,0,0,31,0,2,2,0,0,2,2,0,3,3,0,0,0,1,0,165,43,5,0,0,1,0,0,6,4,4,4,RH=Crude Sword|LH=Crude Sword|BD=Crude Armour|A1=Crude Bracelet|A2=Crude Bracelet,Swords_T1_03=1,0,Rat,party wiped
792,13136,1,Normal,26,4,4,4,0,37,65,0,0,80,0,1,1,1,12,4,1,3,3,0,0,448,8,18,18,4.5,0,1,1,5,4,16,4,,,1,Rat,floor1_town;companion_join:Rat
792,13136,2,Normal,20,3,3,2,0,65,0,0,2,40,0,1,2,3,3,3,0,0,0,2,0,302,88,13,10,5,1,0,0,5,4,12,4,RH=Crude Sword|LH=Crude Sword|BD=Crude Armour|A1=Crude Bracelet|A2=Crude Bracelet,Swords_T1_03=2,0,Rat,party wiped; +1 levelup
793,13137,1,Normal,40,7,7,7,0,37,73,0,2,140,0,1,2,0,17,8,1,3,3,2,0,784,38,35,35,5,0,1,1,8,4,28,4,,Swords_T1_03=2,1,Rat,floor1_town;companion_join:Rat; +1 levelup
793,13137,2,Normal,28,4,4,3,0,73,0,2,2,60,0,2,2,2,3,3,0,0,0,4,0,412,119,16,13,4.333,1,0,0,8,4,16,4,RH=Crude Sword|LH=Crude Sword|BD=Crude Armour|A1=Crude Bracelet|A2=Crude Bracelet,Swords_T1_03=4,1,Rat|Rat,companion_join:Rat; party wiped
794,13138,1,Normal,38,3,3,3,0,37,93,0,0,60,0,1,1,0,9,1,2,3,3,0,0,336,24,14,14,4.667,0,1,1,4,4,12,4,,,2,Rat|Rat,floor1_town;companion_join:Rat;companion_join:Rat
794,13138,2,Normal,30,5,5,4,0,93,0,0,2,80,0,1,2,2,3,3,0,0,0,2,0,507,119,18,16,4,1,0,0,4,4,20,4,RH=Crude Sword|LH=Crude Sword|BD=Crude Armour|A1=Crude Bracelet|A2=Crude Bracelet,Swords_T1_03=2,0,Rat|Rat,party wiped; +1 levelup
795,13139,1,Normal,36,4,4,4,0,37,93,0,0,80,0,1,1,0,12,7,0,3,3,0,0,448,51,21,21,5.25,0,1,1,5,4,16,4,,,2,Rat|Rat,floor1_town;companion_join:Rat;companion_join:Rat
795,13139,2,Normal,33,2,2,2,0,93,128,0,2,40,0,1,2,1,3,1,0,0,2,1,0,224,0,6,6,3,0,1,1,5,4,8,4,,Swords_T1_03=1,1,Rat|Rat|Rat,companion_join:Rat; +1 levelup
795,13139,3,Normal,11,2,2,1,0,128,0,2,0,48,0,2,2,1,3,5,0,0,0,1,0,266,145,10,8,8,1,0,0,11,4,8,4,RH=Crude Sword|LH=Crude Sword|BD=Crude Armour|A1=Crude Bracelet|A2=Crude Bracelet,Swords_T1_03=1,0,Rat|Rat|Rat,party wiped
796,13140,1,Normal,34,5,5,5,0,37,44,0,2,100,0,1,2,0,15,6,2,3,3,0,0,560,16,31,31,6.2,0,1,1,6,4,20,4,,,0,-,floor1_town; +1 levelup
796,13140,2,Normal,37,4,4,4,0,44,62,2,2,80,0,2,2,0,6,6,4,0,0,4,0,448,61,23,23,5.75,0,1,1,7,4,16,4,,Swords_T1_03=4,2,Rat|Rat,companion_join:Rat;companion_join:Rat
796,13140,3,Normal,2,1,1,0,0,62,0,2,2,0,0,2,2,4,0,0,0,0,0,0,0,176,62,7,0,0,1,0,0,7,4,4,4,RH=Crude Sword|LH=Crude Sword|BD=Crude Armour|A1=Crude Bracelet|A2=Crude Bracelet,,0,Rat|Rat,party wiped
797,13141,1,Normal,32,3,3,2,1,37,37,0,0,40,0,1,1,0,9,6,0,3,3,0,0,280,38,18,13,6.5,0,1,1,4,4,12,4,,,0,-,floor1_town; flee×1
797,13141,2,Normal,25,2,2,2,0,37,31,0,0,40,0,1,1,1,3,3,0,0,0,0,0,224,42,12,12,6,0,1,1,4,4,8,4,,,1,Rat,companion_join:Rat
797,13141,3,Normal,2,1,1,0,0,31,0,0,0,0,0,1,1,2,3,3,0,0,0,0,0,162,65,5,0,0,1,0,0,5,4,4,4,RH=Crude Sword|LH=Crude Sword|BD=Crude Armour|A1=Crude Bracelet|A2=Crude Bracelet,,0,Rat,party wiped
798,13142,1,Normal,30,1,1,1,0,37,37,0,0,20,0,1,1,0,3,2,1,3,3,0,0,112,0,6,6,6,0,1,1,2,4,4,4,,,0,-,floor1_town
798,13142,2,Normal,25,2,2,2,0,37,44,0,0,40,0,1,1,1,3,3,0,0,0,0,0,224,29,11,11,5.5,0,1,1,2,4,8,4,,,1,Rat,companion_join:Rat
798,13142,3,Normal,2,1,1,0,0,44,0,0,0,0,0,1,1,0,0,0,2,0,0,0,0,52,44,1,0,0,1,0,0,2,4,4,4,RH=Crude Sword|LH=Crude Sword|BD=Crude Armour|A1=Crude Bracelet|A2=Crude Bracelet,,0,Rat,party wiped
799,13143,1,Normal,28,4,4,4,0,37,65,0,0,80,0,1,1,0,12,6,0,3,3,0,0,448,9,23,23,5.75,0,1,1,5,4,16,4,,,1,Rat,floor1_town;companion_join:Rat
799,13143,2,Normal,32,4,4,4,0,65,20,0,1,80,0,1,2,1,3,3,0,0,0,3,0,448,87,15,15,3.75,0,1,1,5,4,16,4,,Swords_T1_03=3,1,Rat|Rat,companion_join:Rat; +1 levelup
799,13143,3,Normal,5,1,1,0,0,20,0,1,1,0,0,2,2,1,0,0,0,0,0,0,0,17,46,2,0,0,1,0,0,5,4,4,4,RH=Crude Sword|LH=Crude Sword|BD=Crude Armour|A1=Crude Bracelet|A2=Crude Bracelet,,0,Rat|Rat,party wiped
800,13144,1,Normal,26,4,4,4,0,37,93,0,0,80,0,1,1,0,12,7,1,3,3,0,0,448,0,22,22,5.5,0,1,1,5,4,16,4,,,2,Rat|Rat,floor1_town;companion_join:Rat;companion_join:Rat
800,13144,2,Normal,25,2,2,2,0,93,101,0,2,40,0,1,2,1,3,2,0,0,1,1,0,224,0,8,8,4,0,1,1,5,4,8,4,,Swords_T1_03=1,0,Rat|Rat,+1 levelup
800,13144,3,Normal,12,1,1,0,0,101,0,2,2,0,0,2,2,0,0,1,0,0,0,1,0,145,100,3,0,0,1,0,0,5,4,4,4,RH=Crude Sword|LH=Crude Sword|BD=Crude Armour|A1=Crude Bracelet|A2=Crude Bracelet,Swords_T1_03=1,0,Rat|Rat,party wiped
801,13145,1,Normal,40,6,6,6,0,37,72,0,2,120,0,1,2,2,17,2,0,3,3,1,0,672,24,28,28,4.667,0,1,1,7,4,24,4,,Swords_T1_03=1,1,Rat,floor1_town;companion_join:Rat; +1 levelup
801,13145,2,Normal,34,1,1,1,0,72,59,2,2,20,0,2,2,1,3,0,0,0,3,0,0,112,13,4,4,4,0,1,1,7,4,4,4,,,0,Rat,
801,13145,3,Normal,2,1,1,0,0,59,0,2,2,0,0,2,2,1,0,3,0,0,0,1,0,191,71,4,0,0,1,0,0,7,4,4,4,RH=Crude Sword|LH=Crude Sword|BD=Crude Armour|A1=Crude Bracelet|A2=Crude Bracelet,Swords_T1_03=1,0,Rat,party wiped
802,13146,1,Normal,38,3,3,3,0,37,37,0,0,60,0,1,1,0,9,8,1,3,3,0,0,336,16,21,21,7,0,1,1,4,4,12,4,,,0,-,floor1_town
802,13146,2,Normal,25,3,3,3,0,37,51,0,2,60,0,1,2,3,3,3,0,0,0,0,0,336,50,16,16,5.333,0,1,1,4,4,12,4,,,2,Rat|Rat,companion_join:Rat;companion_join:Rat; +1 levelup
802,13146,3,Normal,3,1,1,0,0,51,0,2,2,0,0,2,2,0,0,0,0,0,0,1,0,117,50,2,0,0,1,0,0,4,4,4,4,RH=Crude Sword|LH=Crude Sword|BD=Crude Armour|A1=Crude Bracelet|A2=Crude Bracelet,Swords_T1_03=1,0,Rat|Rat,party wiped
803,13147,1,Normal,36,4,4,4,0,37,65,0,0,80,0,1,1,1,11,6,1,3,3,0,0,448,6,24,24,6,0,1,1,5,4,16,4,,,1,Rat,floor1_town;companion_join:Rat
803,13147,2,Normal,36,3,3,3,0,65,51,0,1,60,0,1,2,2,3,3,1,0,0,1,0,336,29,14,14,4.667,0,1,1,5,4,12,4,,Swords_T1_03=1,0,Rat,+1 levelup
803,13147,3,Normal,8,1,1,0,0,51,0,1,1,0,0,2,2,2,0,0,0,0,0,1,0,144,50,3,0,0,1,0,0,5,4,4,4,RH=Crude Sword|LH=Crude Sword|BD=Crude Armour|A1=Crude Bracelet|A2=Crude Bracelet,Swords_T1_03=1,0,Rat,party wiped
804,13148,1,Normal,34,3,3,3,0,37,65,0,0,60,0,1,1,0,9,5,1,3,3,0,0,336,0,17,17,5.667,0,1,1,4,4,12,4,,,1,Rat,floor1_town;companion_join:Rat
804,13148,2,Normal,27,2,2,2,0,65,73,0,2,40,0,1,2,2,3,2,1,0,1,0,0,224,6,9,9,4.5,0,1,1,4,4,8,4,,,0,Rat,+1 levelup
804,13148,3,Normal,2,1,1,0,0,73,0,2,2,0,0,2,2,1,0,1,0,0,0,0,0,116,73,3,0,0,1,0,0,4,4,4,4,RH=Crude Sword|LH=Crude Sword|BD=Crude Armour|A1=Crude Bracelet|A2=Crude Bracelet,,0,Rat,party wiped
805,13149,1,Normal,32,5,5,5,0,37,44,0,1,100,0,1,2,0,15,9,2,3,3,0,0,560,8,28,28,5.6,0,1,1,6,4,20,4,,,0,-,floor1_town; +1 levelup
805,13149,2,Normal,33,5,5,5,0,44,7,1,1,100,0,2,2,4,6,6,0,0,0,3,0,560,78,30,30,6,0,1,1,7,4,20,4,,Swords_T1_03=3,1,Rat,companion_join:Rat
805,13149,3,Normal,9,1,1,0,0,7,0,1,1,0,0,2,2,2,3,3,0,0,0,2,0,112,42,4,0,0,1,0,0,8,4,4,4,RH=Crude Sword|LH=Crude Sword|BD=Crude Armour|A1=Crude Bracelet|A2=Crude Bracelet,Swords_T1_03=2,0,Rat,party wiped
806,13150,1,Normal,30,2,2,2,0,37,65,0,0,40,0,1,1,0,6,2,0,3,3,0,0,224,16,11,11,5.5,0,1,1,3,4,8,4,,,1,Rat,floor1_town;companion_join:Rat
806,13150,2,Normal,39,1,1,1,0,65,93,0,0,20,0,1,1,0,3,2,0,0,1,0,0,112,8,5,5,5,0,1,1,3,4,4,4,,,1,Rat|Rat,companion_join:Rat
806,13150,3,Normal,11,1,1,0,0,93,0,0,0,0,0,1,1,1,0,1,0,0,0,0,0,140,93,3,0,0,1,0,0,3,4,4,4,RH=Crude Sword|LH=Crude Sword|BD=Crude Armour|A1=Crude Bracelet|A2=Crude Bracelet,,0,Rat|Rat,party wiped
807,13151,1,Normal,28,5,5,5,0,37,45,0,1,100,0,1,2,2,15,10,0,3,3,0,0,560,22,34,34,6.8,0,1,1,6,4,20,4,,,0,-,floor1_town; +1 levelup
807,13151,2,Normal,35,2,2,2,0,45,45,1,1,40,0,2,2,0,6,3,2,0,0,0,0,224,13,12,12,6,0,1,1,7,4,8,4,,,0,-,
807,13151,3,Normal,5,1,1,0,0,45,0,1,1,0,0,2,2,4,0,0,0,0,0,1,0,180,44,6,0,0,1,0,0,7,4,4,4,RH=Crude Sword|LH=Crude Sword|BD=Crude Armour|A1=Crude Bracelet|A2=Crude Bracelet,Swords_T1_03=1,0,-,party wiped
808,13152,1,Normal,26,2,2,2,0,37,65,0,0,40,0,1,1,0,6,4,0,3,3,0,0,224,0,12,12,6,0,1,1,3,4,8,4,,,1,Rat,floor1_town;companion_join:Rat
808,13152,2,Normal,14,3,3,2,0,65,0,0,0,40,0,1,1,0,3,3,0,0,0,0,0,280,76,12,10,5,1,0,0,3,4,12,4,RH=Crude Sword|LH=Crude Sword|BD=Crude Armour|A1=Crude Bracelet|A2=Crude Bracelet,,0,Rat,party wiped
809,13153,1,Normal,39,4,4,4,0,37,65,0,0,80,0,1,1,1,12,7,0,3,3,0,0,448,16,23,23,5.75,0,1,1,5,4,16,4,,,1,Rat,floor1_town;companion_join:Rat
809,13153,2,Normal,35,4,4,3,0,65,0,0,0,60,0,1,2,1,6,6,0,0,0,1,0,368,170,22,18,6,1,0,0,11,4,16,4,RH=Crude Sword|LH=Crude Sword|BD=Crude Armour|A1=Crude Bracelet|A2=Crude Bracelet,Swords_T1_03=1,2,Rat|Rat|Rat,companion_join:Rat;companion_join:Rat; party wiped; +1 levelup
810,13154,1,Normal,37,4,4,4,0,37,37,0,0,80,0,1,1,0,12,6,0,3,3,0,0,448,8,25,25,6.25,0,1,1,5,4,16,4,,,0,-,floor1_town
810,13154,2,Normal,26,2,2,1,0,37,0,0,2,20,0,1,2,0,3,3,0,0,0,0,0,140,53,8,6,6,1,0,0,5,4,8,4,RH=Crude Sword|LH=Crude Sword|BD=Crude Armour|A1=Crude Bracelet|A2=Crude Bracelet,,0,-,party wiped; +1 levelup
811,13155,1,Normal,35,4,4,4,0,37,65,0,0,80,0,1,1,1,11,2,0,3,3,0,0,448,16,18,18,4.5,0,1,1,5,4,16,4,,,1,Rat,floor1_town;companion_join:Rat
811,13155,2,Normal,35,1,1,1,0,65,73,0,1,20,0,1,2,0,3,1,0,0,2,0,0,112,0,5,5,5,0,1,1,5,4,4,4,,,0,Rat,+1 levelup
811,13155,3,Normal,3,1,1,0,0,73,0,1,1,0,0,2,2,0,0,2,0,0,0,0,0,87,73,3,0,0,1,0,0,5,4,4,4,RH=Crude Sword|LH=Crude Sword|BD=Crude Armour|A1=Crude Bracelet|A2=Crude Bracelet,,0,Rat,party wiped
812,13156,1,Normal,33,3,3,3,0,37,65,0,0,60,0,1,1,1,9,3,1,3,3,0,0,336,22,15,15,5,0,1,1,4,4,12,4,,,1,Rat,floor1_town;companion_join:Rat
812,13156,2,Normal,8,2,2,1,0,65,0,0,0,20,0,1,1,1,3,3,0,0,0,0,0,193,65,8,5,5,1,0,0,4,4,8,4,RH=Crude Sword|LH=Crude Sword|BD=Crude Armour|A1=Crude Bracelet|A2=Crude Bracelet,,0,Rat,party wiped
813,13157,1,Normal,31,3,3,3,0,37,65,0,0,60,0,1,1,1,9,4,0,3,3,0,0,336,8,16,16,5.333,0,1,1,4,4,12,4,,,1,Rat,floor1_town;companion_join:Rat
813,13157,2,Normal,26,3,3,2,1,65,10,0,1,40,0,1,2,1,3,3,0,0,0,1,0,280,83,10,8,4,0,1,1,4,4,12,4,,Swords_T1_03=1,0,Rat,+1 levelup; flee×1
813,13157,3,Normal,4,1,1,0,0,10,0,1,1,0,0,2,2,2,0,0,0,0,0,1,0,95,41,2,0,0,1,0,0,4,4,4,4,RH=Crude Sword|LH=Crude Sword|BD=Crude Armour|A1=Crude Bracelet|A2=Crude Bracelet,Swords_T1_03=1,0,Rat,party wiped
814,13158,1,Normal,29,4,4,4,0,37,37,0,0,80,0,1,1,1,12,12,1,3,3,0,0,448,0,26,26,6.5,0,1,1,5,4,16,4,,,0,-,floor1_town
814,13158,2,Normal,30,4,4,4,0,37,24,0,2,80,0,1,2,1,6,6,2,0,0,2,0,448,48,24,24,6,0,1,1,6,4,16,4,,Swords_T1_03=2,0,-,+1 levelup
814,13158,3,Normal,7,1,1,0,0,24,0,2,2,0,0,2,2,2,3,3,0,0,0,1,0,148,44,5,0,0,1,0,0,7,4,4,4,RH=Crude Sword|LH=Crude Sword|BD=Crude Armour|A1=Crude Bracelet|A2=Crude Bracelet,Swords_T1_03=1,0,-,party wiped
815,13159,1,Normal,27,3,3,3,0,37,93,0,0,60,0,1,1,0,7,1,0,3,3,0,0,336,8,12,12,4,0,1,1,4,4,12,4,,,2,Rat|Rat,floor1_town;companion_join:Rat;companion_join:Rat
815,13159,2,Normal,30,3,3,3,0,93,57,0,1,60,0,1,2,1,3,3,0,0,0,0,0,336,60,11,11,3.667,0,1,1,4,4,12,4,,,0,Rat|Rat,+1 levelup
815,13159,3,Normal,2,1,1,0,0,57,0,1,1,0,0,2,2,1,0,0,0,0,0,0,0,145,57,3,0,0,1,0,0,4,4,4,4,RH=Crude Sword|LH=Crude Sword|BD=Crude Armour|A1=Crude Bracelet|A2=Crude Bracelet,,0,Rat|Rat,party wiped
816,13160,1,Normal,25,4,4,4,0,37,37,0,0,80,0,1,1,2,12,5,0,3,3,0,0,448,58,24,24,6,0,1,1,5,4,16,4,,,1,Rat,floor1_town;companion_join:Rat
816,13160,2,Normal,31,4,4,4,0,37,74,0,3,80,0,1,2,1,6,5,0,0,1,2,0,448,56,21,21,5.25,0,1,1,6,4,16,4,,Swords_T1_03=2,1,Rat|Rat,companion_join:Rat; +1 levelup
816,13160,3,Normal,2,1,1,0,0,74,0,3,3,0,0,2,2,0,0,1,0,0,0,0,0,62,74,2,0,0,1,0,0,6,4,4,4,RH=Crude Sword|LH=Crude Sword|BD=Crude Armour|A1=Crude Bracelet|A2=Crude Bracelet,,0,Rat|Rat,party wiped
817,13161,1,Normal,39,6,6,6,0,37,100,0,2,120,0,1,2,0,17,6,0,3,3,1,0,672,23,28,28,4.667,0,1,1,7,4,24,4,,Swords_T1_03=1,2,Rat|Rat,floor1_town;companion_join:Rat;companion_join:Rat; +1 levelup
817,13161,2,Normal,35,4,4,4,0,100,83,2,2,80,0,2,2,0,3,3,1,0,0,3,0,448,51,14,14,3.5,0,1,1,7,4,16,4,,Swords_T1_03=3,1,Rat|Rat|Rat,companion_join:Rat;companion_join_skip:party_full
817,13161,3,Normal,2,1,1,0,0,83,0,2,2,0,0,2,2,1,0,0,0,0,0,1,0,164,82,6,0,0,1,0,0,7,4,4,4,RH=Crude Sword|LH=Crude Sword|BD=Crude Armour|A1=Crude Bracelet|A2=Crude Bracelet,Swords_T1_03=1,0,Rat|Rat|Rat,party wiped
818,13162,1,Normal,37,4,4,4,0,37,37,0,0,80,0,1,1,0,12,6,1,3,3,0,0,448,8,23,23,5.75,0,1,1,5,4,16,4,,,0,-,floor1_town
818,13162,2,Normal,33,3,3,3,0,37,73,0,2,60,0,1,2,1,6,4,1,0,2,2,0,336,28,18,18,6,0,1,1,6,4,12,4,,Swords_T1_03=2,1,Rat,companion_join:Rat; +1 levelup
818,13162,3,Normal,7,1,1,0,0,73,0,2,2,0,0,2,2,1,0,2,0,0,0,1,0,90,72,3,0,0,1,0,0,6,4,4,4,RH=Crude Sword|LH=Crude Sword|BD=Crude Armour|A1=Crude Bracelet|A2=Crude Bracelet,Swords_T1_03=1,0,Rat,party wiped
819,13163,1,Normal,35,5,5,5,0,37,74,0,3,100,0,1,2,0,15,9,0,3,3,0,0,560,9,31,31,6.2,0,1,1,6,4,20,4,,,1,Rat,floor1_town;companion_join:Rat; +1 levelup
819,13163,2,Normal,31,4,4,3,0,74,0,3,3,60,0,2,2,0,3,3,0,0,0,0,0,447,105,17,12,4,1,0,0,6,4,16,4,RH=Crude Sword|LH=Crude Sword|BD=Crude Armour|A1=Crude Bracelet|A2=Crude Bracelet,,1,Rat|Rat,companion_join:Rat; party wiped
820,13164,1,Normal,33,3,3,3,0,37,65,0,0,60,0,1,1,1,9,4,0,3,3,0,0,336,35,15,15,5,0,1,1,4,4,12,4,,,1,Rat,floor1_town;companion_join:Rat
820,13164,2,Normal,20,3,3,2,0,65,0,0,2,40,0,1,2,1,3,3,0,0,0,1,0,333,72,14,10,5,1,0,0,4,4,12,4,RH=Crude Sword|LH=Crude Sword|BD=Crude Armour|A1=Crude Bracelet|A2=Crude Bracelet,Swords_T1_03=1,0,Rat,party wiped; +1 levelup
821,13165,1,Normal,31,4,4,4,0,37,93,0,0,80,0,1,1,0,10,4,0,3,3,0,0,448,8,23,23,5.75,0,1,1,5,4,16,4,,,2,Rat|Rat,floor1_town;companion_join:Rat;companion_join:Rat
821,13165,2,Normal,25,5,5,3,1,93,0,0,0,60,0,1,2,0,9,9,0,0,0,1,0,484,136,34,15,5,1,0,0,17,4,20,4,RH=Crude Sword|LH=Crude Sword|BD=Crude Armour|A1=Crude Bracelet|A2=Crude Bracelet,Swords_T1_03=1,0,Rat|Rat,party wiped; +1 levelup; flee×1
822,13166,1,Normal,29,1,1,1,0,37,37,0,0,20,0,1,1,0,3,1,1,3,3,0,0,112,0,5,5,5,0,1,1,2,4,4,4,,,0,-,floor1_town
822,13166,2,Normal,27,4,4,4,0,37,2,0,0,80,0,1,2,1,6,5,0,0,0,0,0,448,105,25,25,6.25,0,1,1,3,4,16,4,,,2,Rat|Rat,companion_join:Rat;companion_join:Rat; +1 levelup
822,13166,3,Normal,2,1,1,0,0,2,0,0,0,0,0,2,2,1,3,3,0,0,0,0,0,43,28,3,0,0,1,0,0,9,4,4,4,RH=Crude Sword|LH=Crude Sword|BD=Crude Armour|A1=Crude Bracelet|A2=Crude Bracelet,,0,Rat|Rat,party wiped
823,13167,1,Normal,27,4,4,4,0,37,65,0,0,80,0,1,1,1,12,7,1,3,3,0,0,448,18,25,25,6.25,0,1,1,5,4,16,4,,,1,Rat,floor1_town;companion_join:Rat
823,13167,2,Normal,40,5,5,4,1,65,31,0,2,80,0,1,2,1,6,3,0,0,3,2,0,532,91,23,18,4.5,0,1,1,6,4,20,4,,Swords_T1_03=2,0,Rat,+1 levelup; flee×1
823,13167,3,Normal,7,1,1,0,0,31,0,2,2,0,0,2,2,1,3,3,0,0,0,1,0,120,43,4,0,0,1,0,0,7,4,4,4,RH=Crude Sword|LH=Crude Sword|BD=Crude Armour|A1=Crude Bracelet|A2=Crude Bracelet,Swords_T1_03=1,0,Rat,party wiped
824,13168,1,Normal,25,2,2,2,0,37,37,0,0,40,0,1,1,0,6,4,1,3,3,0,0,224,16,12,12,6,0,1,1,3,4,8,4,,,0,-,floor1_town
824,13168,2,Normal,39,5,5,5,0,37,66,0,3,100,0,1,2,1,9,6,0,0,3,1,0,560,68,28,28,5.6,0,1,1,5,4,20,4,,Swords_T1_03=1,1,Rat,companion_join:Rat; +1 levelup
824,13168,3,Normal,1,1,1,0,0,66,0,3,3,0,0,2,2,0,0,3,0,0,0,1,0,140,75,3,0,0,1,0,0,5,4,4,4,RH=Crude Sword|LH=Crude Sword|BD=Crude Armour|A1=Crude Bracelet|A2=Crude Bracelet,Swords_T1_03=1,0,Rat,party wiped
825,13169,1,Normal,39,6,6,6,0,37,101,0,3,120,0,1,2,1,16,9,1,3,3,1,0,672,42,32,32,5.333,0,1,1,7,4,24,4,,Swords_T1_03=1,2,Rat|Rat,floor1_town;companion_join:Rat;companion_join:Rat; +1 levelup
825,13169,2,Normal,26,1,1,1,0,101,129,3,3,20,0,2,2,2,3,2,0,0,1,1,0,112,6,6,6,6,0,1,1,7,4,4,4,,Swords_T1_03=1,1,Rat|Rat|Rat,companion_join:Rat
825,13169,3,Normal,17,1,1,0,0,129,0,3,3,0,0,2,2,0,0,1,0,0,0,1,0,155,128,4,0,0,1,0,0,7,4,4,4,RH=Crude Sword|LH=Crude Sword|BD=Crude Armour|A1=Crude Bracelet|A2=Crude Bracelet,Swords_T1_03=1,0,Rat|Rat|Rat,party wiped
826,13170,1,Normal,37,2,2,2,0,37,65,0,0,40,0,1,1,0,6,6,0,3,3,0,0,224,11,11,11,5.5,0,1,1,3,4,8,4,,,1,Rat,floor1_town;companion_join:Rat
826,13170,2,Normal,29,5,5,4,0,65,0,0,3,80,0,1,2,2,3,3,0,0,0,0,0,540,124,24,18,4.5,1,0,0,3,4,20,4,RH=Crude Sword|LH=Crude Sword|BD=Crude Armour|A1=Crude Bracelet|A2=Crude Bracelet,,1,Rat|Rat,companion_join:Rat; party wiped; +1 levelup
827,13171,1,Normal,35,7,7,7,0,37,129,0,2,140,0,1,2,2,21,15,0,3,3,2,0,784,61,42,42,6,0,1,1,8,4,28,4,,Swords_T1_03=2,3,Rat|Rat|Rat,floor1_town;companion_join:Rat;companion_join:Rat;companion_join:Rat; +1 levelup
827,13171,2,Normal,33,3,3,3,0,129,93,2,2,60,0,2,2,1,3,3,0,0,0,1,0,336,52,12,12,4,0,1,1,8,4,12,4,,Swords_T1_03=1,0,Rat|Rat|Rat,companion_join_skip:party_full
827,13171,3,Normal,15,2,2,1,0,93,0,2,0,48,0,2,2,1,3,3,0,0,0,1,0,334,119,14,10,10,1,0,0,9,4,8,4,RH=Crude Sword|LH=Crude Sword|BD=Crude Armour|A1=Crude Bracelet|A2=Crude Bracelet,Swords_T1_03=1,0,Rat|Rat|Rat,party wiped
828,13172,1,Normal,33,4,4,4,0,37,65,0,0,80,0,1,1,0,12,8,0,3,3,0,0,448,37,22,22,5.5,0,1,1,5,4,16,4,,,1,Rat,floor1_town;companion_join:Rat
828,13172,2,Normal,27,4,4,4,0,65,66,0,1,80,0,1,2,2,6,4,0,0,2,3,0,448,82,22,22,5.5,0,1,1,6,4,16,4,,Swords_T1_03=3,1,Rat|Rat,companion_join:Rat; +1 levelup
828,13172,3,Normal,3,1,1,0,0,66,0,1,1,0,0,2,2,0,0,2,0,0,0,1,0,126,65,3,0,0,1,0,0,6,4,4,4,RH=Crude Sword|LH=Crude Sword|BD=Crude Armour|A1=Crude Bracelet|A2=Crude Bracelet,Swords_T1_03=1,0,Rat|Rat,party wiped
829,13173,1,Normal,31,4,4,4,0,37,65,0,0,80,0,1,1,1,12,2,0,3,3,0,0,448,14,20,20,5,0,1,1,5,4,16,4,,,1,Rat,floor1_town;companion_join:Rat
829,13173,2,Normal,28,5,5,5,0,65,34,0,3,100,0,1,2,1,6,6,0,0,0,4,0,560,117,21,21,4.2,0,1,1,6,4,20,4,,Swords_T1_03=4,0,Rat,+1 levelup
829,13173,3,Normal,2,1,1,0,0,34,0,3,3,0,0,2,2,2,0,0,0,0,0,1,0,193,55,4,0,0,1,0,0,6,4,4,4,RH=Crude Sword|LH=Crude Sword|BD=Crude Armour|A1=Crude Bracelet|A2=Crude Bracelet,Swords_T1_03=1,0,Rat,party wiped
830,13174,1,Normal,29,1,1,1,0,37,37,0,0,20,0,1,1,0,3,1,0,3,3,0,0,112,8,6,6,6,0,1,1,2,4,4,4,,,0,-,floor1_town
830,13174,2,Normal,16,3,3,2,0,37,0,0,0,40,0,1,1,1,3,3,0,0,0,0,0,252,73,11,9,4.5,1,0,0,2,4,12,4,RH=Crude Sword|LH=Crude Sword|BD=Crude Armour|A1=Crude Bracelet|A2=Crude Bracelet,,1,Rat,companion_join:Rat; party wiped
831,13175,1,Normal,27,3,3,3,0,37,93,0,0,60,0,1,1,1,9,1,0,3,3,0,0,336,19,13,13,4.333,0,1,1,4,4,12,4,,,2,Rat|Rat,floor1_town;companion_join:Rat;companion_join:Rat
831,13175,2,Normal,39,5,5,5,0,93,42,0,1,100,0,1,2,2,3,3,0,0,0,1,0,560,86,17,17,3.4,0,1,1,4,4,20,4,,Swords_T1_03=1,1,Rat|Rat|Rat,companion_join:Rat; +1 levelup
831,13175,3,Normal,23,2,2,1,0,42,0,1,0,48,0,2,2,2,3,1,0,0,2,1,0,282,121,10,7,7,1,0,0,10,4,8,4,RH=Crude Sword|LH=Crude Sword|BD=Crude Armour|A1=Crude Bracelet|A2=Crude Bracelet,Swords_T1_03=1,0,Rat|Rat|Rat,party wiped
832,13176,1,Normal,25,3,3,3,0,37,93,0,0,60,0,1,1,2,8,4,0,3,3,0,0,336,20,18,18,6,0,1,1,4,4,12,4,,,2,Rat|Rat,floor1_town;companion_join:Rat;companion_join:Rat
832,13176,2,Normal,28,2,2,2,0,93,102,0,2,40,0,1,2,0,3,3,1,0,0,0,0,224,29,8,8,4,0,1,1,4,4,8,4,,,0,Rat|Rat,+1 levelup
832,13176,3,Normal,11,1,1,0,0,102,0,2,2,0,0,2,2,1,0,0,0,0,0,1,0,108,101,3,0,0,1,0,0,4,4,4,4,RH=Crude Sword|LH=Crude Sword|BD=Crude Armour|A1=Crude Bracelet|A2=Crude Bracelet,Swords_T1_03=1,0,Rat|Rat,party wiped
833,13177,1,Normal,39,5,5,5,0,37,72,0,3,100,0,1,2,0,15,10,1,3,3,0,0,560,21,29,29,5.8,0,1,1,6,4,20,4,,,1,Rat,floor1_town;companion_join:Rat; +1 levelup
833,13177,2,Normal,11,3,3,2,0,72,0,3,3,40,0,2,2,2,3,3,0,0,0,2,0,318,70,13,9,4.5,1,0,0,6,4,12,4,RH=Crude Sword|LH=Crude Sword|BD=Crude Armour|A1=Crude Bracelet|A2=Crude Bracelet,Swords_T1_03=2,0,Rat,party wiped
834,13178,1,Normal,37,3,3,3,0,37,65,0,0,60,0,1,1,0,8,5,2,3,3,0,0,336,16,17,17,5.667,0,1,1,4,4,12,4,,,1,Rat,floor1_town;companion_join:Rat
834,13178,2,Normal,27,3,3,3,0,65,31,0,2,60,0,1,2,3,3,3,1,0,0,1,0,336,68,15,15,5,0,1,1,4,4,12,4,,Swords_T1_03=1,1,Rat|Rat,companion_join:Rat; +1 levelup
834,13178,3,Normal,2,1,1,0,0,31,0,2,2,0,0,2,2,1,3,3,0,0,0,0,0,108,72,4,0,0,1,0,0,5,4,4,4,RH=Crude Sword|LH=Crude Sword|BD=Crude Armour|A1=Crude Bracelet|A2=Crude Bracelet,,0,Rat|Rat,party wiped
835,13179,1,Normal,35,4,4,4,0,37,37,0,0,80,0,1,1,1,12,6,0,3,3,0,0,448,37,23,23,5.75,0,1,1,5,4,16,4,,,0,-,floor1_town
835,13179,2,Normal,19,3,3,2,0,37,0,0,2,40,0,1,2,0,3,3,0,0,0,0,0,265,72,12,11,5.5,1,0,0,5,4,12,4,RH=Crude Sword|LH=Crude Sword|BD=Crude Armour|A1=Crude Bracelet|A2=Crude Bracelet,,1,Rat,companion_join:Rat; party wiped; +1 levelup
836,13180,1,Normal,33,4,4,4,0,37,93,0,0,80,0,1,1,2,12,3,0,3,3,0,0,448,26,21,21,5.25,0,1,1,5,4,16,4,,,2,Rat|Rat,floor1_town;companion_join:Rat;companion_join:Rat
836,13180,2,Normal,35,4,4,4,0,93,83,0,1,80,0,1,2,1,3,3,1,0,0,2,0,448,53,14,14,3.5,0,1,1,5,4,16,4,,Swords_T1_03=2,1,Rat|Rat|Rat,companion_join:Rat;companion_join_skip:party_full;companion_join_skip:party_full; +1 levelup
836,13180,3,Normal,7,2,2,1,0,83,0,1,1,48,0,2,2,2,0,0,0,0,0,2,0,364,81,7,4,4,1,0,0,5,4,8,4,RH=Crude Sword|LH=Crude Sword|BD=Crude Armour|A1=Crude Bracelet|A2=Crude Bracelet,Swords_T1_03=2,0,Rat|Rat|Rat,companion_join_skip:party_full; party wiped
837,13181,1,Normal,31,5,5,4,1,37,37,0,0,80,0,1,1,0,14,9,0,3,3,0,0,532,68,29,23,5.75,0,1,1,6,4,20,4,,,0,-,floor1_town; flee×1
837,13181,2,Normal,20,4,4,3,0,37,0,0,1,60,0,1,2,2,3,3,0,0,0,1,0,372,101,16,13,4.333,1,0,0,6,4,16,4,RH=Crude Sword|LH=Crude Sword|BD=Crude Armour|A1=Crude Bracelet|A2=Crude Bracelet,Swords_T1_03=1,2,Rat|Rat,companion_join:Rat;companion_join:Rat; party wiped; +1 levelup
838,13182,1,Normal,29,3,3,3,0,37,37,0,0,60,0,1,1,0,9,6,2,3,3,0,0,336,24,18,18,6,0,1,1,4,4,12,4,,,0,-,floor1_town
838,13182,2,Normal,37,4,4,4,0,37,107,0,1,80,0,1,2,4,3,3,0,0,0,1,0,448,20,18,18,4.5,0,1,1,4,4,16,4,,Swords_T1_03=1,3,Rat|Rat|Rat,companion_join:Rat;companion_join:Rat;companion_join:Rat; +1 levelup
838,13182,3,Normal,8,2,2,1,0,107,0,1,1,48,0,2,2,0,0,0,0,0,0,0,0,337,107,7,5,5,1,0,0,4,4,8,4,RH=Crude Sword|LH=Crude Sword|BD=Crude Armour|A1=Crude Bracelet|A2=Crude Bracelet,,0,Rat|Rat|Rat,party wiped
839,13183,1,Normal,27,4,4,4,0,37,121,0,0,80,0,1,1,0,10,4,0,3,3,0,0,448,18,19,19,4.75,0,1,1,5,4,16,4,,,3,Rat|Rat|Rat,floor1_town;companion_join:Rat;companion_join:Rat;companion_join:Rat
839,13183,2,Normal,32,1,1,1,0,121,129,0,1,20,0,1,2,1,1,0,0,2,3,0,0,112,8,3,3,3,0,1,1,5,4,4,4,,,0,Rat|Rat|Rat,companion_join_skip:party_full; +1 levelup
839,13183,3,Normal,12,2,2,1,0,129,0,1,1,48,0,2,2,1,2,3,0,0,0,0,0,350,129,9,7,7,1,0,0,5,4,8,4,RH=Crude Sword|LH=Crude Sword|BD=Crude Armour|A1=Crude Bracelet|A2=Crude Bracelet,,0,Rat|Rat|Rat,companion_join_skip:party_full; party wiped
840,13184,1,Normal,25,3,3,3,0,37,93,0,0,60,0,1,1,0,7,3,1,3,3,0,0,336,8,16,16,5.333,0,1,1,4,4,12,4,,,2,Rat|Rat,floor1_town;companion_join:Rat;companion_join:Rat
840,13184,2,Normal,27,6,6,5,0,93,0,0,2,100,0,1,2,1,3,3,0,0,0,2,0,636,127,22,17,3.4,1,0,0,4,4,24,4,RH=Crude Sword|LH=Crude Sword|BD=Crude Armour|A1=Crude Bracelet|A2=Crude Bracelet,Swords_T1_03=2,1,Rat|Rat|Rat,companion_join:Rat; party wiped; +1 levelup
841,13185,1,Normal,39,6,6,6,0,37,130,0,2,120,0,1,2,0,12,2,0,3,3,0,0,672,51,24,24,4,0,1,1,7,4,24,4,,,3,Rat|Rat|Rat,floor1_town;companion_join:Rat;companion_join:Rat;companion_join:Rat; +1 levelup
841,13185,2,Normal,37,4,4,4,0,130,102,2,2,80,0,2,2,0,3,3,0,0,0,2,0,448,70,12,12,3,0,1,1,7,4,16,4,,Swords_T1_03=2,0,Rat|Rat|Rat,
841,13185,3,Normal,3,1,1,0,0,102,0,2,2,0,0,2,2,0,0,0,0,0,0,1,0,190,101,5,0,0,1,0,0,7,4,4,4,RH=Crude Sword|LH=Crude Sword|BD=Crude Armour|A1=Crude Bracelet|A2=Crude Bracelet,Swords_T1_03=1,0,Rat|Rat|Rat,party wiped
842,13186,1,Normal,37,4,4,4,0,37,65,0,0,80,0,1,1,0,12,9,1,3,3,0,0,448,29,25,25,6.25,0,1,1,5,4,16,4,,,1,Rat,floor1_town;companion_join:Rat
842,13186,2,Normal,34,3,3,3,0,65,47,0,2,60,0,1,2,3,3,3,0,0,0,1,0,336,25,14,14,4.667,0,1,1,5,4,12,4,,Swords_T1_03=1,0,Rat,+1 levelup
842,13186,3,Normal,17,1,1,0,0,47,0,2,2,0,0,2,2,1,0,0,0,0,0,0,0,51,73,1,0,0,1,0,0,5,4,4,4,RH=Crude Sword|LH=Crude Sword|BD=Crude Armour|A1=Crude Bracelet|A2=Crude Bracelet,,0,Rat,party wiped
843,13187,1,Normal,35,5,5,5,0,37,129,0,2,100,0,1,2,2,14,4,0,3,3,0,0,560,24,21,21,4.2,0,1,1,6,4,20,4,,,3,Rat|Rat|Rat,floor1_town;companion_join:Rat;companion_join:Rat;companion_join:Rat; +1 levelup
843,13187,2,Normal,39,6,6,6,0,129,58,2,2,120,0,2,2,2,3,3,0,0,0,3,0,672,70,22,22,3.667,0,1,1,6,4,24,4,,Swords_T1_03=3,0,Rat|Rat|Rat,companion_join_skip:party_full
843,13187,3,Normal,17,1,1,0,0,58,0,2,2,0,0,2,2,0,0,0,0,0,0,0,0,60,58,2,0,0,1,0,0,6,4,4,4,RH=Crude Sword|LH=Crude Sword|BD=Crude Armour|A1=Crude Bracelet|A2=Crude Bracelet,,0,Rat|Rat|Rat,party wiped
844,13188,1,Normal,33,4,4,4,0,37,65,0,0,80,0,1,1,1,12,6,0,3,3,0,0,448,0,21,21,5.25,0,1,1,5,4,16,4,,,1,Rat,floor1_town;companion_join:Rat
844,13188,2,Normal,33,2,2,2,0,65,42,0,2,40,0,1,2,0,3,3,0,0,0,1,0,224,68,12,12,6,0,1,1,5,4,8,4,,Swords_T1_03=1,1,Rat|Rat,companion_join:Rat; +1 levelup
844,13188,3,Normal,5,1,1,0,0,42,0,2,2,0,0,2,2,1,0,0,0,0,0,0,0,35,74,2,0,0,1,0,0,5,4,4,4,RH=Crude Sword|LH=Crude Sword|BD=Crude Armour|A1=Crude Bracelet|A2=Crude Bracelet,,0,Rat|Rat,party wiped
845,13189,1,Normal,31,2,2,2,0,37,37,0,0,40,0,1,1,0,6,4,2,3,3,0,0,224,0,13,13,6.5,0,1,1,3,4,8,4,,,0,-,floor1_town
845,13189,2,Normal,30,3,3,3,0,37,64,0,2,60,0,1,2,3,3,3,0,0,0,0,0,336,38,18,18,6,0,1,1,3,4,12,4,,,2,Rat|Rat,companion_join:Rat;companion_join:Rat; +1 levelup
845,13189,3,Normal,5,1,1,0,0,64,0,2,2,0,0,2,2,1,0,0,0,0,0,0,0,60,64,3,0,0,1,0,0,3,4,4,4,RH=Crude Sword|LH=Crude Sword|BD=Crude Armour|A1=Crude Bracelet|A2=Crude Bracelet,,0,Rat|Rat,party wiped
846,13190,1,Normal,29,4,4,4,0,37,121,0,0,80,0,1,1,0,11,7,0,3,3,0,0,448,39,20,20,5,0,1,1,5,4,16,4,,,3,Rat|Rat|Rat,floor1_town;companion_join:Rat;companion_join:Rat;companion_join:Rat
846,13190,2,Normal,31,2,2,2,0,121,88,0,2,40,0,1,2,0,3,3,0,0,0,1,0,224,39,7,7,3.5,0,1,1,5,4,8,4,,Swords_T1_03=1,0,Rat|Rat|Rat,+1 levelup
846,13190,3,Normal,2,1,1,0,0,88,0,2,2,0,0,2,2,1,0,0,0,0,0,0,0,120,88,3,0,0,1,0,0,5,4,4,4,RH=Crude Sword|LH=Crude Sword|BD=Crude Armour|A1=Crude Bracelet|A2=Crude Bracelet,,0,Rat|Rat|Rat,party wiped
847,13191,1,Normal,27,4,4,4,0,37,93,0,0,80,0,1,1,2,10,5,0,3,3,0,0,448,22,22,22,5.5,0,1,1,5,4,16,4,,,2,Rat|Rat,floor1_town;companion_join:Rat;companion_join:Rat
847,13191,2,Normal,29,4,4,4,0,93,47,0,1,80,0,1,2,2,3,3,0,0,0,2,0,448,80,18,18,4.5,0,1,1,5,4,16,4,,Swords_T1_03=2,1,Rat|Rat|Rat,companion_join:Rat; +1 levelup
847,13191,3,Normal,15,1,1,0,0,47,0,1,1,0,0,2,2,0,0,0,0,0,0,0,0,60,47,2,0,0,1,0,0,5,4,4,4,RH=Crude Sword|LH=Crude Sword|BD=Crude Armour|A1=Crude Bracelet|A2=Crude Bracelet,,0,Rat|Rat|Rat,party wiped
848,13192,1,Normal,25,2,2,2,0,37,37,0,0,40,0,1,1,0,6,4,0,3,3,0,0,224,8,12,12,6,0,1,1,3,4,8,4,,,0,-,floor1_town
848,13192,2,Normal,33,6,6,5,1,37,44,0,2,100,0,1,2,0,12,9,0,0,0,1,0,588,87,31,29,5.8,0,1,1,6,4,24,4,,Swords_T1_03=1,0,-,+1 levelup; flee×1
848,13192,3,Normal,20,2,2,0,1,44,0,2,2,0,0,2,2,1,3,3,0,0,0,1,0,213,85,5,0,0,1,0,0,7,4,8,4,RH=Crude Sword|LH=Crude Sword|BD=Crude Armour|A1=Crude Bracelet|A2=Crude Bracelet,Swords_T1_03=1,0,-,party wiped; flee×1
849,13193,1,Normal,39,6,6,6,0,37,46,0,1,120,0,1,2,0,17,7,1,3,3,1,0,672,47,35,35,5.833,0,1,1,7,4,24,4,,Swords_T1_03=1,0,-,floor1_town; +1 levelup
849,13193,2,Normal,33,3,3,3,0,46,50,1,1,60,0,2,2,2,3,3,0,0,0,1,0,336,23,16,16,5.333,0,1,1,7,4,12,4,,Swords_T1_03=1,1,Rat,companion_join:Rat
849,13193,3,Normal,2,1,1,0,0,50,0,1,1,0,0,2,2,2,0,0,0,0,0,0,0,35,50,3,0,0,1,0,0,7,4,4,4,RH=Crude Sword|LH=Crude Sword|BD=Crude Armour|A1=Crude Bracelet|A2=Crude Bracelet,,0,Rat,party wiped
850,13194,1,Normal,37,4,4,4,0,37,65,0,0,80,0,1,1,0,12,9,0,3,3,0,0,448,31,26,26,6.5,0,1,1,5,4,16,4,,,1,Rat,floor1_town;companion_join:Rat
850,13194,2,Normal,26,4,4,3,1,65,8,0,2,60,0,1,2,1,3,3,0,0,0,3,0,392,127,18,14,4.667,0,1,1,5,4,16,4,,Swords_T1_03=3,2,Rat|Rat|Rat,companion_join:Rat;companion_join:Rat; +1 levelup; flee×1
850,13194,3,Normal,4,1,1,0,0,8,0,2,0,0,0,2,2,1,3,3,0,0,0,0,0,64,28,5,0,0,1,0,0,11,4,4,4,RH=Crude Sword|LH=Crude Sword|BD=Crude Armour|A1=Crude Bracelet|A2=Crude Bracelet,,0,Rat|Rat|Rat,party wiped
851,13195,1,Normal,35,3,3,3,0,37,37,0,0,60,0,1,1,0,9,4,1,3,3,0,0,336,8,16,16,5.333,0,1,1,4,4,12,4,,,0,-,floor1_town
851,13195,2,Normal,25,4,4,4,0,37,45,0,2,80,0,1,2,1,6,6,0,0,0,0,0,448,80,22,22,5.5,0,1,1,5,4,16,4,,,1,Rat,companion_join:Rat; +1 levelup
851,13195,3,Normal,10,1,1,0,0,45,0,2,2,0,0,2,2,1,0,0,0,0,0,1,0,95,44,2,0,0,1,0,0,5,4,4,4,RH=Crude Sword|LH=Crude Sword|BD=Crude Armour|A1=Crude Bracelet|A2=Crude Bracelet,Swords_T1_03=1,0,Rat,party wiped
852,13196,1,Normal,33,3,3,3,0,37,93,0,0,60,0,1,1,0,8,4,0,3,3,0,0,336,16,15,15,5,0,1,1,4,4,12,4,,,2,Rat|Rat,floor1_town;companion_join:Rat;companion_join:Rat
852,13196,2,Normal,25,3,3,3,0,93,113,0,2,60,0,1,2,1,3,3,1,0,0,0,0,336,32,11,11,3.667,0,1,1,4,4,12,4,,,1,Rat|Rat|Rat,companion_join:Rat; +1 levelup
852,13196,3,Normal,20,3,3,2,0,113,0,2,2,96,0,2,2,2,6,6,0,0,0,3,0,702,196,20,10,5,1,0,0,6,4,12,4,RH=Crude Sword|LH=Crude Sword|BD=Crude Armour|A1=Crude Bracelet|A2=Crude Bracelet,Swords_T1_03=3,0,Rat|Rat|Rat,party wiped
853,13197,1,Normal,31,2,2,2,0,37,37,0,0,40,0,1,1,0,6,2,1,3,3,0,0,224,16,11,11,5.5,0,1,1,3,4,8,4,,,0,-,floor1_town
853,13197,2,Normal,27,4,4,3,1,37,18,0,2,60,0,1,2,1,6,6,0,0,0,1,0,392,99,21,19,6.333,0,1,1,4,4,16,4,,Swords_T1_03=1,1,Rat,companion_join:Rat; +1 levelup; flee×1
853,13197,3,Normal,8,1,1,0,0,18,0,2,2,0,0,2,2,0,3,3,0,0,0,1,0,180,73,6,0,0,1,0,0,5,4,4,4,RH=Crude Sword|LH=Crude Sword|BD=Crude Armour|A1=Crude Bracelet|A2=Crude Bracelet,Swords_T1_03=1,0,Rat,party wiped
854,13198,1,Normal,29,5,5,5,0,37,46,0,2,100,0,1,2,1,14,11,1,3,3,0,0,560,38,30,30,6,0,1,1,6,4,20,4,,,0,-,floor1_town; +1 levelup
854,13198,2,Normal,34,5,5,3,1,46,0,2,0,60,0,2,2,1,6,6,0,0,0,3,0,449,139,23,14,4.667,1,0,0,12,4,20,4,RH=Crude Sword|LH=Crude Sword|BD=Crude Armour|A1=Crude Bracelet|A2=Crude Bracelet,Swords_T1_03=3,2,Rat|Rat,companion_join:Rat;companion_join:Rat; party wiped; flee×1
855,13199,1,Normal,27,5,5,5,0,37,101,0,2,100,0,1,2,1,15,7,0,3,3,0,0,560,16,24,24,4.8,0,1,1,6,4,20,4,,,2,Rat|Rat,floor1_town;companion_join:Rat;companion_join:Rat; +1 levelup
855,13199,2,Normal,40,2,2,2,0,101,121,2,2,40,0,2,2,2,3,2,0,0,1,1,0,224,15,8,8,4,0,1,1,6,4,8,4,,Swords_T1_03=1,1,Rat|Rat|Rat,companion_join:Rat
855,13199,3,Normal,12,2,2,1,0,121,0,2,2,48,0,2,2,2,0,1,0,0,0,2,0,357,119,8,5,5,1,0,0,6,4,8,4,RH=Crude Sword|LH=Crude Sword|BD=Crude Armour|A1=Crude Bracelet|A2=Crude Bracelet,Swords_T1_03=2,0,Rat|Rat|Rat,party wiped
856,13200,1,Normal,25,2,2,1,1,37,2,0,0,20,0,1,1,2,6,6,0,0,0,0,0,196,35,14,7,7,0,1,1,2,4,8,4,,,0,-,floor1_town; flee×1
856,13200,2,Normal,12,1,1,0,0,2,0,0,0,0,0,1,1,1,0,0,0,0,0,0,0,56,36,2,0,0,1,0,0,2,4,4,4,RH=Crude Sword|LH=Crude Sword|BD=Crude Armour|A1=Crude Bracelet|A2=Crude Bracelet,,0,-,party wiped
857,13201,1,Normal,39,5,5,5,0,37,102,0,2,100,0,1,2,0,14,5,0,3,3,0,0,560,19,23,23,4.6,0,1,1,6,4,20,4,,,2,Rat|Rat,floor1_town;companion_join:Rat;companion_join:Rat; +1 levelup
857,13201,2,Normal,36,4,4,4,0,102,49,2,2,80,0,2,2,0,3,3,0,0,0,2,0,448,82,16,16,4,0,1,1,6,4,16,4,,Swords_T1_03=2,1,Rat|Rat|Rat,companion_join:Rat;companion_join_skip:party_full
857,13201,3,Normal,8,1,1,0,0,49,0,2,2,0,0,2,2,1,0,0,0,0,0,1,0,148,81,4,0,0,1,0,0,6,4,4,4,RH=Crude Sword|LH=Crude Sword|BD=Crude Armour|A1=Crude Bracelet|A2=Crude Bracelet,Swords_T1_03=1,0,Rat|Rat|Rat,party wiped
858,13202,1,Normal,37,3,3,3,0,37,93,0,0,60,0,1,1,2,8,2,0,3,3,0,0,336,8,14,14,4.667,0,1,1,4,4,12,4,,,2,Rat|Rat,floor1_town;companion_join:Rat;companion_join:Rat
858,13202,2,Normal,30,1,1,1,0,93,93,0,0,20,0,1,1,0,2,0,2,1,3,0,0,112,0,3,3,3,0,1,1,4,4,4,4,,,0,Rat|Rat,
858,13202,3,Normal,20,3,3,1,1,93,0,0,3,48,0,1,2,4,4,6,0,0,0,2,0,596,169,17,6,6,1,0,0,5,4,12,4,RH=Crude Sword|LH=Crude Sword|BD=Crude Armour|A1=Crude Bracelet|A2=Crude Bracelet,Swords_T1_03=2,0,Rat|Rat,party wiped; +1 levelup; flee×1
859,13203,1,Normal,35,4,4,4,0,37,93,0,0,80,0,1,1,0,11,3,0,3,3,0,0,448,30,19,19,4.75,0,1,1,5,4,16,4,,,2,Rat|Rat,floor1_town;companion_join:Rat;companion_join:Rat
859,13203,2,Normal,32,2,2,2,0,93,121,0,2,40,0,1,2,1,3,1,1,0,2,0,0,224,24,8,8,4,0,1,1,5,4,8,4,,,1,Rat|Rat|Rat,companion_join:Rat; +1 levelup
859,13203,3,Normal,22,2,2,1,0,121,0,2,2,48,0,2,2,1,0,2,0,0,0,2,0,430,127,9,5,5,1,0,0,5,4,8,4,RH=Crude Sword|LH=Crude Sword|BD=Crude Armour|A1=Crude Bracelet|A2=Crude Bracelet,Swords_T1_03=2,0,Rat|Rat|Rat,party wiped
860,13204,1,Normal,33,4,4,4,0,37,65,0,0,80,0,1,1,1,12,2,0,3,3,0,0,448,24,20,20,5,0,1,1,5,4,16,4,,,1,Rat,floor1_town;companion_join:Rat
860,13204,2,Normal,31,4,4,4,0,65,91,0,2,80,0,1,2,0,6,6,0,0,0,2,0,448,76,16,16,4,0,1,1,6,4,16,4,,Swords_T1_03=2,1,Rat|Rat,companion_join:Rat; +1 levelup
860,13204,3,Normal,5,1,1,0,0,91,0,2,2,0,0,2,2,0,0,0,0,0,0,0,0,66,91,2,0,0,1,0,0,6,4,4,4,RH=Crude Sword|LH=Crude Sword|BD=Crude Armour|A1=Crude Bracelet|A2=Crude Bracelet,,0,Rat|Rat,party wiped
861,13205,1,Normal,31,3,3,2,1,37,65,0,0,40,0,1,1,0,9,8,0,3,3,0,0,280,34,16,11,5.5,0,1,1,4,4,12,4,,,1,Rat,floor1_town;companion_join:Rat; flee×1
861,13205,2,Normal,30,3,3,2,1,65,85,0,0,40,0,1,1,2,6,4,0,0,2,0,0,308,56,14,10,5,0,1,1,5,4,12,4,,,1,Rat|Rat,companion_join:Rat; flee×1
861,13205,3,Normal,2,1,1,0,0,85,0,0,0,0,0,1,1,0,0,2,0,0,0,0,0,105,99,3,0,0,1,0,0,5,4,4,4,RH=Crude Sword|LH=Crude Sword|BD=Crude Armour|A1=Crude Bracelet|A2=Crude Bracelet,,0,Rat|Rat,party wiped
862,13206,1,Normal,29,3,3,3,0,37,65,0,0,60,0,1,1,1,9,5,0,3,3,0,0,336,19,16,16,5.333,0,1,1,4,4,12,4,,,1,Rat,floor1_town;companion_join:Rat
862,13206,2,Normal,27,2,2,1,1,65,18,0,0,20,0,1,1,1,3,3,0,0,0,0,0,168,47,7,4,4,0,1,1,4,4,8,4,,,0,Rat,flee×1
862,13206,3,Normal,5,1,1,0,0,18,0,0,0,0,0,1,1,0,3,3,0,0,0,0,0,123,65,4,0,0,1,0,0,5,4,4,4,RH=Crude Sword|LH=Crude Sword|BD=Crude Armour|A1=Crude Bracelet|A2=Crude Bracelet,,0,Rat,party wiped
863,13207,1,Normal,27,4,4,4,0,37,65,0,0,80,0,1,1,1,12,9,1,3,3,0,0,448,6,28,28,7,0,1,1,5,4,16,4,,,1,Rat,floor1_town;companion_join:Rat
863,13207,2,Normal,13,3,3,2,0,65,0,0,2,40,0,1,2,2,3,3,0,0,0,2,0,303,71,13,10,5,1,0,0,5,4,12,4,RH=Crude Sword|LH=Crude Sword|BD=Crude Armour|A1=Crude Bracelet|A2=Crude Bracelet,Swords_T1_03=2,0,Rat,party wiped; +1 levelup
864,13208,1,Normal,25,3,3,3,0,37,37,0,0,60,0,1,1,1,9,5,0,3,3,0,0,336,8,19,19,6.333,0,1,1,4,4,12,4,,,0,-,floor1_town
864,13208,2,Normal,38,4,4,3,1,37,32,0,2,60,0,1,2,2,6,6,0,0,0,1,0,420,74,22,19,6.333,0,1,1,5,4,16,4,,Swords_T1_03=1,1,Rat,companion_join:Rat; +1 levelup; flee×1
864,13208,3,Normal,28,2,2,1,0,32,0,2,2,48,0,2,2,2,3,3,0,0,0,2,0,367,103,10,7,7,1,0,0,6,4,8,4,RH=Crude Sword|LH=Crude Sword|BD=Crude Armour|A1=Crude Bracelet|A2=Crude Bracelet,Swords_T1_03=2,1,Rat|Goblin,companion_join:Goblin; party wiped
865,13209,1,Normal,39,5,5,5,0,37,101,0,2,100,0,1,2,1,12,1,1,3,3,0,0,560,24,23,23,4.6,0,1,1,6,4,20,4,,,2,Rat|Rat,floor1_town;companion_join:Rat;companion_join:Rat; +1 levelup
865,13209,2,Normal,36,3,3,3,0,101,110,2,2,60,0,2,2,1,3,3,0,0,0,2,0,336,27,11,11,3.667,0,1,1,6,4,12,4,,Swords_T1_03=2,1,Rat|Rat|Rat,companion_join:Rat
865,13209,3,Normal,17,2,2,1,0,110,0,2,2,48,0,2,2,2,0,0,0,0,0,1,0,283,109,7,6,6,1,0,0,6,4,8,4,RH=Crude Sword|LH=Crude Sword|BD=Crude Armour|A1=Crude Bracelet|A2=Crude Bracelet,Swords_T1_03=1,0,Rat|Rat|Rat,party wiped
866,13210,1,Normal,36,4,4,4,0,37,65,0,0,80,0,1,1,0,12,7,0,3,3,0,0,448,29,23,23,5.75,0,1,1,5,4,16,4,,,1,Rat,floor1_town;companion_join:Rat
866,13210,2,Normal,35,4,4,4,0,65,33,0,2,80,0,1,2,1,3,3,0,0,0,1,0,448,95,18,18,4.5,0,1,1,5,4,16,4,,Swords_T1_03=1,2,Rat|Rat|Rat,companion_join:Rat;companion_join:Rat; +1 levelup
866,13210,3,Normal,4,1,1,0,0,33,0,2,2,0,0,2,2,1,0,0,0,0,0,1,0,60,67,2,0,0,1,0,0,5,4,4,4,RH=Crude Sword|LH=Crude Sword|BD=Crude Armour|A1=Crude Bracelet|A2=Crude Bracelet,Swords_T1_03=1,0,Rat|Rat|Rat,party wiped
867,13211,1,Normal,34,2,2,2,0,37,65,0,0,40,0,1,1,1,6,3,1,3,3,0,0,224,0,12,12,6,0,1,1,3,4,8,4,,,1,Rat,floor1_town;companion_join:Rat
867,13211,2,Normal,40,4,4,3,1,65,10,0,3,60,0,1,2,2,3,3,0,0,0,1,0,392,78,15,13,4.333,0,1,1,3,4,16,4,,Swords_T1_03=1,0,Rat,+1 levelup; flee×1
867,13211,3,Normal,19,2,2,0,1,10,0,3,3,0,0,2,2,0,6,6,0,0,0,3,0,211,84,7,0,0,1,0,0,5,4,8,4,RH=Crude Sword|LH=Crude Sword|BD=Crude Armour|A1=Crude Bracelet|A2=Crude Bracelet,Swords_T1_03=3,0,Rat,party wiped; flee×1
868,13212,1,Normal,32,5,5,5,0,37,44,0,3,100,0,1,2,0,15,9,0,3,3,0,0,560,0,30,30,6,0,1,1,6,4,20,4,,,0,-,floor1_town; +1 levelup
868,13212,2,Normal,15,2,2,1,0,44,0,3,3,20,0,2,2,0,3,3,0,0,0,1,0,152,71,10,6,6,1,0,0,6,4,8,4,RH=Crude Sword|LH=Crude Sword|BD=Crude Armour|A1=Crude Bracelet|A2=Crude Bracelet,Swords_T1_03=1,1,Rat,companion_join:Rat; party wiped
869,13213,1,Normal,30,3,3,3,0,37,65,0,0,60,0,1,1,2,9,4,0,3,3,0,0,336,14,17,17,5.667,0,1,1,4,4,12,4,,,1,Rat,floor1_town;companion_join:Rat
869,13213,2,Normal,29,4,4,3,0,65,0,0,1,60,0,1,2,2,3,3,0,0,0,2,0,393,126,16,14,4.667,1,0,0,4,4,16,4,RH=Crude Sword|LH=Crude Sword|BD=Crude Armour|A1=Crude Bracelet|A2=Crude Bracelet,Swords_T1_03=2,2,Rat|Rat|Rat,companion_join:Rat;companion_join:Rat; party wiped; +1 levelup
870,13214,1,Normal,8,2,2,1,0,37,0,0,0,20,0,1,1,0,6,4,0,0,0,0,0,221,37,12,6,6,1,0,0,2,4,8,4,RH=Crude Sword|LH=Crude Sword|BD=Crude Armour|A1=Crude Bracelet|A2=Crude Bracelet,,0,-,floor1_town; party wiped
871,13215,1,Normal,26,2,2,2,0,37,37,0,0,40,0,1,1,0,6,4,1,3,3,0,0,224,0,11,11,5.5,0,1,1,3,4,8,4,,,0,-,floor1_town
871,13215,2,Normal,26,2,2,2,0,37,37,0,0,40,0,1,1,1,6,3,0,0,0,0,0,224,10,14,14,7,0,1,1,4,4,8,4,,,0,-,
871,13215,3,Normal,2,1,1,0,0,37,0,0,0,0,0,1,1,0,3,3,2,0,0,0,0,63,37,2,0,0,1,0,0,10,4,4,4,RH=Crude Sword|LH=Crude Sword|BD=Crude Armour|A1=Crude Bracelet|A2=Crude Bracelet,,0,-,party wiped
872,13216,1,Normal,40,5,5,5,0,37,73,0,1,100,0,1,2,0,15,7,0,3,3,0,0,560,40,29,29,5.8,0,1,1,6,4,20,4,,,1,Rat,floor1_town;companion_join:Rat; +1 levelup
872,13216,2,Normal,40,2,2,2,0,73,88,1,1,40,0,2,2,0,3,3,0,0,0,1,0,224,21,8,8,4,0,1,1,6,4,8,4,,Swords_T1_03=1,1,Rat|Rat,companion_join:Rat
872,13216,3,Normal,2,1,1,0,0,88,0,1,1,0,0,2,2,0,0,0,0,0,0,0,0,75,88,2,0,0,1,0,0,6,4,4,4,RH=Crude Sword|LH=Crude Sword|BD=Crude Armour|A1=Crude Bracelet|A2=Crude Bracelet,,0,Rat|Rat,party wiped
873,13217,1,Normal,38,4,4,4,0,37,65,0,0,80,0,1,1,0,12,4,1,3,3,0,0,448,16,20,20,5,0,1,1,5,4,16,4,,,1,Rat,floor1_town;companion_join:Rat
873,13217,2,Normal,35,2,2,2,0,65,94,0,3,40,0,1,2,1,3,2,2,0,1,1,0,224,8,9,9,4.5,0,1,1,5,4,8,4,,Swords_T1_03=1,1,Rat|Rat,companion_join:Rat; +1 levelup
873,13217,3,Normal,7,2,2,1,0,94,0,3,3,48,0,2,2,2,0,1,0,0,0,2,0,326,92,7,5,5,1,0,0,5,4,8,4,RH=Crude Sword|LH=Crude Sword|BD=Crude Armour|A1=Crude Bracelet|A2=Crude Bracelet,Swords_T1_03=2,0,Rat|Rat,party wiped
874,13218,1,Normal,36,3,3,3,0,37,65,0,0,60,0,1,1,0,9,5,2,3,3,0,0,336,16,20,20,6.667,0,1,1,4,4,12,4,,,1,Rat,floor1_town;companion_join:Rat
874,13218,2,Normal,28,3,3,2,1,65,45,0,2,40,0,1,2,3,6,6,0,0,0,0,0,308,82,18,13,6.5,0,1,1,5,4,12,4,,,0,Rat,+1 levelup; flee×1
874,13218,3,Normal,2,1,1,0,0,45,0,2,2,0,0,2,2,1,0,0,0,0,0,1,0,97,44,2,0,0,1,0,0,5,4,4,4,RH=Crude Sword|LH=Crude Sword|BD=Crude Armour|A1=Crude Bracelet|A2=Crude Bracelet,Swords_T1_03=1,0,Rat,party wiped
875,13219,1,Normal,34,4,4,4,0,37,37,0,0,80,0,1,1,0,12,4,1,3,3,0,0,448,8,22,22,5.5,0,1,1,5,4,16,4,,,0,-,floor1_town
875,13219,2,Normal,35,4,4,4,0,37,73,0,3,80,0,1,2,2,5,3,0,1,3,2,0,448,27,19,19,4.75,0,1,1,6,4,16,4,,Swords_T1_03=2,1,Rat,companion_join:Rat; +1 levelup
875,13219,3,Normal,3,1,1,0,0,73,0,3,3,0,0,2,2,0,1,3,0,0,0,1,0,174,79,5,0,0,1,0,0,6,4,4,4,RH=Crude Sword|LH=Crude Sword|BD=Crude Armour|A1=Crude Bracelet|A2=Crude Bracelet,Swords_T1_03=1,0,Rat,party wiped
876,13220,1,Normal,32,2,2,2,0,37,65,0,0,40,0,1,1,0,5,2,2,3,3,0,0,224,8,11,11,5.5,0,1,1,3,4,8,4,,,1,Rat,floor1_town;companion_join:Rat
876,13220,2,Normal,14,2,2,1,0,65,0,0,0,20,0,1,1,2,3,3,0,0,0,0,0,222,65,11,5,5,1,0,0,3,4,8,4,RH=Crude Sword|LH=Crude Sword|BD=Crude Armour|A1=Crude Bracelet|A2=Crude Bracelet,,0,Rat,party wiped
877,13221,1,Normal,30,2,2,2,0,37,37,0,0,40,0,1,1,0,6,2,0,3,3,0,0,224,0,10,10,5,0,1,1,3,4,8,4,,,0,-,floor1_town
877,13221,2,Normal,8,2,2,1,0,37,0,0,0,20,0,1,1,0,3,3,0,0,0,0,0,190,37,9,6,6,1,0,0,3,4,8,4,RH=Crude Sword|LH=Crude Sword|BD=Crude Armour|A1=Crude Bracelet|A2=Crude Bracelet,,0,-,party wiped
878,13222,1,Normal,28,2,2,2,0,37,37,0,0,40,0,1,1,0,6,1,2,3,3,0,0,224,8,11,11,5.5,0,1,1,3,4,8,4,,,0,-,floor1_town
878,13222,2,Normal,28,3,3,3,0,37,73,0,2,60,0,1,2,2,6,6,0,0,0,0,0,336,31,19,19,6.333,0,1,1,4,4,12,4,,,1,Rat,companion_join:Rat; +1 levelup
878,13222,3,Normal,18,2,2,0,1,73,0,2,2,0,0,2,2,0,3,3,0,0,0,1,0,183,114,4,0,0,1,0,0,5,4,8,4,RH=Crude Sword|LH=Crude Sword|BD=Crude Armour|A1=Crude Bracelet|A2=Crude Bracelet,Swords_T1_03=1,0,Rat,party wiped; flee×1
879,13223,1,Normal,26,3,3,3,0,37,65,0,0,60,0,1,1,0,9,1,0,3,3,0,0,336,16,15,15,5,0,1,1,4,4,12,4,,,1,Rat,floor1_town;companion_join:Rat
879,13223,2,Normal,10,2,2,1,0,65,0,0,0,20,0,1,1,0,3,3,0,0,0,0,0,193,65,9,5,5,1,0,0,4,4,8,4,RH=Crude Sword|LH=Crude Sword|BD=Crude Armour|A1=Crude Bracelet|A2=Crude Bracelet,,0,Rat,party wiped
880,13224,1,Normal,40,2,2,2,0,37,93,0,0,40,0,1,1,1,6,1,0,3,3,0,0,224,8,9,9,4.5,0,1,1,3,4,8,4,,,2,Rat|Rat,floor1_town;companion_join:Rat;companion_join:Rat
880,13224,2,Normal,31,3,3,3,0,93,40,0,0,60,0,1,2,1,3,3,0,0,0,0,0,336,81,15,15,5,0,1,1,3,4,12,4,,,1,Rat|Rat|Rat,companion_join:Rat; +1 levelup
880,13224,3,Normal,1,1,1,0,0,40,0,0,0,0,0,2,2,1,3,3,0,0,0,0,0,104,56,4,0,0,1,0,0,4,4,4,4,RH=Crude Sword|LH=Crude Sword|BD=Crude Armour|A1=Crude Bracelet|A2=Crude Bracelet,,0,Rat|Rat|Rat,party wiped
881,13225,1,Normal,38,4,4,4,0,37,65,0,0,80,0,1,1,0,12,5,0,3,3,0,0,448,8,21,21,5.25,0,1,1,5,4,16,4,,,1,Rat,floor1_town;companion_join:Rat
881,13225,2,Normal,39,5,5,5,0,65,74,0,2,100,0,1,2,0,6,4,0,0,2,3,0,560,74,24,24,4.8,0,1,1,6,4,20,4,,Swords_T1_03=3,1,Rat|Rat,companion_join:Rat; +1 levelup
881,13225,3,Normal,12,1,1,0,0,74,0,2,2,0,0,2,2,1,0,2,0,0,0,1,0,120,73,5,0,0,1,0,0,6,4,4,4,RH=Crude Sword|LH=Crude Sword|BD=Crude Armour|A1=Crude Bracelet|A2=Crude Bracelet,Swords_T1_03=1,0,Rat|Rat,party wiped
882,13226,1,Normal,36,2,2,2,0,37,37,0,0,40,0,1,1,0,5,2,1,3,3,0,0,224,8,10,10,5,0,1,1,3,4,8,4,,,0,-,floor1_town
882,13226,2,Normal,34,6,6,5,1,37,23,0,3,100,0,1,2,1,9,6,0,0,0,2,0,588,140,27,25,5,0,1,1,5,4,24,4,,Swords_T1_03=2,1,Rat,companion_join:Rat; +1 levelup; flee×1
882,13226,3,Normal,3,1,1,0,0,23,0,3,3,0,0,2,2,1,3,3,0,0,0,1,0,129,43,5,0,0,1,0,0,6,4,4,4,RH=Crude Sword|LH=Crude Sword|BD=Crude Armour|A1=Crude Bracelet|A2=Crude Bracelet,Swords_T1_03=1,0,Rat,party wiped
883,13227,1,Normal,34,2,2,2,0,37,93,0,0,40,0,1,1,0,5,0,0,3,3,0,0,224,8,8,8,4,0,1,1,3,4,8,4,,,2,Rat|Rat,floor1_town;companion_join:Rat;companion_join:Rat
883,13227,2,Normal,28,4,4,3,0,93,0,0,0,60,0,1,2,1,3,3,0,0,0,0,0,365,132,15,12,4,1,0,0,3,4,16,4,RH=Crude Sword|LH=Crude Sword|BD=Crude Armour|A1=Crude Bracelet|A2=Crude Bracelet,,1,Rat|Rat|Rat,companion_join:Rat;companion_join_skip:party_full; party wiped; +1 levelup
884,13228,1,Normal,32,3,3,3,0,37,93,0,0,60,0,1,1,1,6,3,0,3,3,0,0,336,16,15,15,5,0,1,1,4,4,12,4,,,2,Rat|Rat,floor1_town;companion_join:Rat;companion_join:Rat
884,13228,2,Normal,33,1,1,1,0,93,93,0,0,20,0,1,1,0,3,0,0,0,3,0,0,112,0,4,4,4,0,1,1,4,4,4,4,,,0,Rat|Rat,
884,13228,3,Normal,1,1,1,0,0,93,0,0,0,0,0,1,1,2,0,3,0,0,0,0,0,176,104,7,0,0,1,0,0,4,4,4,4,RH=Crude Sword|LH=Crude Sword|BD=Crude Armour|A1=Crude Bracelet|A2=Crude Bracelet,,0,Rat|Rat,party wiped
885,13229,1,Normal,30,2,2,2,0,37,37,0,0,40,0,1,1,1,6,3,1,3,3,0,0,224,0,11,11,5.5,0,1,1,3,4,8,4,,,0,-,floor1_town
885,13229,2,Normal,38,3,3,3,0,37,76,0,2,60,0,1,2,2,3,3,0,0,0,0,0,336,58,16,16,5.333,0,1,1,3,4,12,4,,,2,Rat|Rat,companion_join:Rat;companion_join:Rat; +1 levelup
885,13229,3,Normal,5,1,1,0,0,76,0,2,2,0,0,2,2,1,0,0,0,0,0,0,0,84,102,4,0,0,1,0,0,3,4,4,4,RH=Crude Sword|LH=Crude Sword|BD=Crude Armour|A1=Crude Bracelet|A2=Crude Bracelet,,0,Rat|Rat,party wiped
886,13230,1,Normal,28,5,5,5,0,37,101,0,3,100,0,1,2,0,15,12,1,3,3,0,0,560,8,32,32,6.4,0,1,1,6,4,20,4,,,2,Rat|Rat,floor1_town;companion_join:Rat;companion_join:Rat; +1 levelup
886,13230,2,Normal,21,4,4,3,0,101,0,3,3,60,0,2,2,1,3,3,0,0,0,2,0,412,135,15,9,3,1,0,0,6,4,16,4,RH=Crude Sword|LH=Crude Sword|BD=Crude Armour|A1=Crude Bracelet|A2=Crude Bracelet,Swords_T1_03=2,1,Rat|Rat|Rat,companion_join:Rat;companion_join_skip:party_full; party wiped
887,13231,1,Normal,26,5,5,5,0,37,101,0,1,100,0,1,2,0,15,6,2,3,3,0,0,560,8,24,24,4.8,0,1,1,6,4,20,4,,,2,Rat|Rat,floor1_town;companion_join:Rat;companion_join:Rat; +1 levelup
887,13231,2,Normal,33,4,4,4,0,101,103,1,1,80,0,2,2,2,3,3,0,0,0,2,0,448,42,16,16,4,0,1,1,6,4,16,4,,Swords_T1_03=2,1,Rat|Rat|Rat,companion_join:Rat
887,13231,3,Normal,8,1,1,0,0,103,0,1,1,0,0,2,2,0,0,0,0,0,0,0,0,91,103,4,0,0,1,0,0,6,4,4,4,RH=Crude Sword|LH=Crude Sword|BD=Crude Armour|A1=Crude Bracelet|A2=Crude Bracelet,,0,Rat|Rat|Rat,party wiped
888,13232,1,Normal,40,4,4,4,0,37,37,0,0,80,0,1,1,0,12,6,0,3,3,0,0,448,0,23,23,5.75,0,1,1,5,4,16,4,,,0,-,floor1_town
888,13232,2,Normal,40,3,3,3,0,37,72,0,2,60,0,1,2,1,3,3,1,0,0,1,0,336,37,14,14,4.667,0,1,1,5,4,12,4,,Swords_T1_03=1,2,Rat|Rat,companion_join:Rat;companion_join:Rat; +1 levelup
888,13232,3,Normal,7,2,2,1,0,72,0,2,2,48,0,2,2,2,0,0,0,0,0,1,0,353,131,9,5,5,1,0,0,5,4,8,4,RH=Crude Sword|LH=Crude Sword|BD=Crude Armour|A1=Crude Bracelet|A2=Crude Bracelet,Swords_T1_03=1,1,Rat|Rat|Goblin,companion_join:Goblin; party wiped
889,13233,1,Normal,38,3,3,3,0,37,37,0,0,60,0,1,1,0,9,5,2,3,3,0,0,336,8,16,16,5.333,0,1,1,4,4,12,4,,,0,-,floor1_town
889,13233,2,Normal,34,4,4,3,0,37,0,0,3,60,0,1,2,2,3,3,0,0,0,1,0,336,71,19,17,5.667,1,0,0,4,4,16,4,RH=Crude Sword|LH=Crude Sword|BD=Crude Armour|A1=Crude Bracelet|A2=Crude Bracelet,Swords_T1_03=1,1,Rat,companion_join:Rat; party wiped; +1 levelup
890,13234,1,Normal,36,5,5,5,0,37,72,0,2,100,0,1,2,0,14,10,0,3,3,0,0,560,51,27,27,5.4,0,1,1,6,4,20,4,,,1,Rat,floor1_town;companion_join:Rat; +1 levelup
890,13234,2,Normal,29,3,3,2,0,72,0,2,2,40,0,2,2,2,3,3,0,0,0,2,0,277,78,12,10,5,1,0,0,6,4,12,4,RH=Crude Sword|LH=Crude Sword|BD=Crude Armour|A1=Crude Bracelet|A2=Crude Bracelet,Swords_T1_03=2,0,Rat,party wiped
891,13235,1,Normal,34,3,3,3,0,37,93,0,0,60,0,1,1,1,8,4,0,3,3,0,0,336,21,16,16,5.333,0,1,1,4,4,12,4,,,2,Rat|Rat,floor1_town;companion_join:Rat;companion_join:Rat
891,13235,2,Normal,40,5,5,5,0,93,76,0,3,100,0,1,2,1,3,3,0,0,0,1,0,560,70,18,18,3.6,0,1,1,4,4,20,4,,Swords_T1_03=1,1,Rat|Rat|Rat,companion_join:Rat;companion_join_skip:party_full;companion_join_skip:party_full; +1 levelup
891,13235,3,Normal,1,1,1,0,0,76,0,3,3,0,0,2,2,0,0,0,0,0,0,1,0,183,75,4,0,0,1,0,0,4,4,4,4,RH=Crude Sword|LH=Crude Sword|BD=Crude Armour|A1=Crude Bracelet|A2=Crude Bracelet,Swords_T1_03=1,0,Rat|Rat|Rat,party wiped
892,13236,1,Normal,32,4,4,4,0,37,65,0,0,80,0,1,1,0,12,7,0,3,3,0,0,448,24,25,25,6.25,0,1,1,5,4,16,4,,,1,Rat,floor1_town;companion_join:Rat
892,13236,2,Normal,26,3,3,3,0,65,18,0,3,60,0,1,2,0,3,3,0,0,0,0,0,336,94,19,19,6.333,0,1,1,5,4,12,4,,,1,Rat|Rat,companion_join:Rat; +1 levelup
892,13236,3,Normal,20,1,1,0,0,18,0,3,0,0,0,2,2,1,3,3,0,0,0,0,0,17,28,3,0,0,1,0,0,11,4,4,4,RH=Crude Sword|LH=Crude Sword|BD=Crude Armour|A1=Crude Bracelet|A2=Crude Bracelet,,0,Rat|Rat,party wiped
893,13237,1,Normal,30,2,2,2,0,37,37,0,0,40,0,1,1,0,6,3,1,3,3,0,0,224,0,11,11,5.5,0,1,1,3,4,8,4,,,0,-,floor1_town
893,13237,2,Normal,26,2,2,2,0,37,65,0,0,40,0,1,1,0,5,1,1,0,2,0,0,224,8,11,11,5.5,0,1,1,4,4,8,4,,,1,Rat,companion_join:Rat
893,13237,3,Normal,12,1,1,0,0,65,0,0,0,0,0,1,1,3,0,2,0,0,0,0,0,134,65,4,0,0,1,0,0,4,4,4,4,RH=Crude Sword|LH=Crude Sword|BD=Crude Armour|A1=Crude Bracelet|A2=Crude Bracelet,,0,Rat,party wiped
894,13238,1,Normal,28,2,2,2,0,37,37,0,0,40,0,1,1,0,6,5,2,3,3,0,0,224,0,12,12,6,0,1,1,3,4,8,4,,,0,-,floor1_town
894,13238,2,Normal,28,3,3,3,0,37,44,0,1,60,0,1,2,3,6,4,1,0,2,0,0,336,16,18,18,6,0,1,1,4,4,12,4,,,0,-,+1 levelup
894,13238,3,Normal,10,1,1,0,0,44,0,1,1,0,0,2,2,3,0,2,0,0,0,1,0,183,43,5,0,0,1,0,0,4,4,4,4,RH=Crude Sword|LH=Crude Sword|BD=Crude Armour|A1=Crude Bracelet|A2=Crude Bracelet,Swords_T1_03=1,0,-,party wiped
895,13239,1,Normal,26,2,2,2,0,37,37,0,0,40,0,1,1,0,5,1,1,3,3,0,0,224,16,12,12,6,0,1,1,3,4,8,4,,,0,-,floor1_town
895,13239,2,Normal,38,5,5,4,0,37,0,0,0,80,0,1,2,3,6,6,0,0,0,1,0,489,112,27,21,5.25,1,0,0,9,4,20,4,RH=Crude Sword|LH=Crude Sword|BD=Crude Armour|A1=Crude Bracelet|A2=Crude Bracelet,Swords_T1_03=1,2,Rat|Rat,companion_join:Rat;companion_join:Rat; party wiped; +1 levelup
896,13240,1,Normal,33,5,5,4,0,37,0,0,0,80,0,1,1,2,15,9,0,0,0,0,0,557,47,33,25,6.25,1,0,0,5,4,20,4,RH=Crude Sword|LH=Crude Sword|BD=Crude Armour|A1=Crude Bracelet|A2=Crude Bracelet,,0,-,floor1_town; party wiped
897,13241,1,Normal,38,2,2,2,0,37,37,0,0,40,0,1,1,0,5,2,0,3,3,0,0,224,14,12,12,6,0,1,1,3,4,8,4,,,0,-,floor1_town
897,13241,2,Normal,26,3,3,3,0,37,86,0,3,60,0,1,2,2,3,3,0,0,0,0,0,336,73,16,16,5.333,0,1,1,3,4,12,4,,,3,Rat|Rat|Rat,companion_join:Rat;companion_join:Rat;companion_join:Rat; +1 levelup
897,13241,3,Normal,12,2,2,1,0,86,0,3,3,48,0,2,2,2,0,0,0,0,0,1,0,323,85,8,6,6,1,0,0,3,4,8,4,RH=Crude Sword|LH=Crude Sword|BD=Crude Armour|A1=Crude Bracelet|A2=Crude Bracelet,Swords_T1_03=1,0,Rat|Rat|Rat,party wiped
898,13242,1,Normal,36,3,3,3,0,37,65,0,0,60,0,1,1,1,9,4,1,3,3,0,0,336,16,17,17,5.667,0,1,1,4,4,12,4,,,1,Rat,floor1_town;companion_join:Rat
898,13242,2,Normal,37,5,5,4,1,65,102,0,1,80,0,1,2,3,6,5,0,0,1,3,0,532,109,21,19,4.75,0,1,1,5,4,20,4,,Swords_T1_03=3,2,Rat|Rat|Rat,companion_join:Rat;companion_join:Rat; +1 levelup; flee×1
898,13242,3,Normal,11,1,1,0,0,102,0,1,1,0,0,2,2,0,0,1,0,0,0,1,0,88,102,4,0,0,1,0,0,5,4,4,4,RH=Crude Sword|LH=Crude Sword|BD=Crude Armour|A1=Crude Bracelet|A2=Crude Bracelet,Swords_T1_03=1,0,Rat|Rat|Rat,party wiped
899,13243,1,Normal,34,6,6,6,0,37,72,0,2,120,0,1,2,0,17,3,0,3,3,0,0,672,32,29,29,4.833,0,1,1,7,4,24,4,,,1,Rat,floor1_town;companion_join:Rat; +1 levelup
899,13243,2,Normal,21,3,3,2,0,72,0,2,2,40,0,2,2,2,3,3,0,0,0,1,0,321,105,18,11,5.5,1,0,0,7,4,12,4,RH=Crude Sword|LH=Crude Sword|BD=Crude Armour|A1=Crude Bracelet|A2=Crude Bracelet,Swords_T1_03=1,1,Rat|Rat,companion_join:Rat; party wiped
900,13244,1,Normal,32,4,4,4,0,37,37,0,0,80,0,1,1,0,12,7,2,3,3,0,0,448,0,23,23,5.75,0,1,1,5,4,16,4,,,0,-,floor1_town
900,13244,2,Normal,27,5,5,4,0,37,0,0,2,80,0,1,2,4,3,3,0,0,0,3,0,540,134,32,24,6,1,0,0,5,4,20,4,RH=Crude Sword|LH=Crude Sword|BD=Crude Armour|A1=Crude Bracelet|A2=Crude Bracelet,Swords_T1_03=3,3,Rat|Rat|Rat,companion_join:Rat;companion_join:Rat;companion_join:Rat; party wiped; +1 levelup
901,13245,1,Normal,30,3,3,3,0,37,65,0,0,60,0,1,1,0,9,6,0,3,3,0,0,336,0,19,19,6.333,0,1,1,4,4,12,4,,,1,Rat,floor1_town;companion_join:Rat
901,13245,2,Normal,20,2,2,1,0,65,0,0,0,20,0,1,1,0,3,3,0,0,0,0,0,178,75,8,5,5,1,0,0,4,4,8,4,RH=Crude Sword|LH=Crude Sword|BD=Crude Armour|A1=Crude Bracelet|A2=Crude Bracelet,,0,Rat,party wiped
902,13246,1,Normal,28,1,1,1,0,37,37,0,0,20,0,1,1,0,3,1,1,3,3,0,0,112,0,6,6,6,0,1,1,2,4,4,4,,,0,-,floor1_town
902,13246,2,Normal,14,3,3,2,0,37,0,0,0,40,0,1,1,1,6,5,0,0,0,0,0,265,73,15,12,6,1,0,0,3,4,12,4,RH=Crude Sword|LH=Crude Sword|BD=Crude Armour|A1=Crude Bracelet|A2=Crude Bracelet,,1,Rat,companion_join:Rat; party wiped
903,13247,1,Normal,26,5,5,5,0,37,102,0,2,100,0,1,2,0,15,6,0,3,3,0,0,560,32,27,27,5.4,0,1,1,6,4,20,4,,,2,Rat|Rat,floor1_town;companion_join:Rat;companion_join:Rat; +1 levelup
903,13247,2,Normal,25,4,4,3,0,102,0,2,2,60,0,2,2,0,3,3,0,0,0,1,0,378,132,18,15,5,1,0,0,6,4,16,4,RH=Crude Sword|LH=Crude Sword|BD=Crude Armour|A1=Crude Bracelet|A2=Crude Bracelet,Swords_T1_03=1,1,Rat|Rat|Rat,companion_join:Rat;companion_join_skip:party_full; party wiped
904,13248,1,Normal,40,5,5,5,0,37,72,0,1,100,0,1,2,0,15,10,1,3,3,0,0,560,8,28,28,5.6,0,1,1,6,4,20,4,,,1,Rat,floor1_town;companion_join:Rat; +1 levelup
904,13248,2,Normal,30,3,3,3,0,72,65,1,1,60,0,2,2,1,3,3,0,0,0,2,0,336,60,13,13,4.333,0,1,1,6,4,12,4,,Swords_T1_03=2,1,Rat|Rat,companion_join:Rat
904,13248,3,Normal,1,1,1,0,0,65,0,1,1,0,0,2,2,0,0,0,0,0,0,1,0,60,64,2,0,0,1,0,0,6,4,4,4,RH=Crude Sword|LH=Crude Sword|BD=Crude Armour|A1=Crude Bracelet|A2=Crude Bracelet,Swords_T1_03=1,0,Rat|Rat,party wiped
905,13249,1,Normal,38,4,4,4,0,37,65,0,0,80,0,1,1,1,11,6,1,3,3,0,0,448,22,22,22,5.5,0,1,1,5,4,16,4,,,1,Rat,floor1_town;companion_join:Rat
905,13249,2,Normal,26,3,3,3,0,65,92,0,2,60,0,1,2,1,3,3,1,0,0,2,0,336,62,12,12,4,0,1,1,5,4,12,4,,Swords_T1_03=2,2,Rat|Rat|Rat,companion_join:Rat;companion_join:Rat; +1 levelup
905,13249,3,Normal,34,3,3,2,0,92,0,2,2,96,0,2,2,3,3,3,0,0,0,2,0,554,128,15,12,6,1,0,0,6,4,12,4,RH=Crude Sword|LH=Crude Sword|BD=Crude Armour|A1=Crude Bracelet|A2=Crude Bracelet,Swords_T1_03=2,0,Rat|Rat|Rat,party wiped
906,13250,1,Normal,36,3,3,3,0,37,37,0,0,60,0,1,1,0,9,6,1,3,3,0,0,336,16,19,19,6.333,0,1,1,4,4,12,4,,,0,-,floor1_town
906,13250,2,Normal,24,3,3,2,0,37,0,0,1,40,0,1,2,2,3,3,0,0,0,1,0,279,65,14,11,5.5,1,0,0,4,4,12,4,RH=Crude Sword|LH=Crude Sword|BD=Crude Armour|A1=Crude Bracelet|A2=Crude Bracelet,Swords_T1_03=1,0,-,party wiped; +1 levelup
907,13251,1,Normal,34,4,4,4,0,37,65,0,0,80,0,1,1,0,12,6,2,3,3,0,0,448,44,25,25,6.25,0,1,1,5,4,16,4,,,1,Rat,floor1_town;companion_join:Rat
907,13251,2,Normal,40,6,6,5,1,65,73,0,3,100,0,1,2,4,6,4,0,0,2,3,0,588,94,21,20,4,0,1,1,6,4,24,4,,Swords_T1_03=3,1,Rat|Rat,companion_join:Rat; +1 levelup; flee×1
907,13251,3,Normal,33,3,3,2,0,73,0,3,3,96,0,2,2,2,3,5,0,0,0,2,0,646,176,17,12,6,1,0,0,7,4,12,4,RH=Crude Sword|LH=Crude Sword|BD=Crude Armour|A1=Crude Bracelet|A2=Crude Bracelet,Swords_T1_03=2,1,Rat|Rat|Goblin,companion_join:Goblin; party wiped
908,13252,1,Normal,32,3,3,3,0,37,37,0,0,60,0,1,1,0,9,5,0,3,3,0,0,336,8,17,17,5.667,0,1,1,4,4,12,4,,,0,-,floor1_town
908,13252,2,Normal,27,2,2,2,0,37,87,0,2,40,0,1,2,1,3,3,1,0,0,0,0,224,34,12,12,6,0,1,1,4,4,8,4,,,2,Rat|Rat,companion_join:Rat;companion_join:Rat; +1 levelup
908,13252,3,Normal,12,1,1,0,0,87,0,2,2,0,0,2,2,2,0,0,0,0,0,0,0,97,87,3,0,0,1,0,0,4,4,4,4,RH=Crude Sword|LH=Crude Sword|BD=Crude Armour|A1=Crude Bracelet|A2=Crude Bracelet,,0,Rat|Rat,party wiped
909,13253,1,Normal,30,3,3,3,0,37,37,0,0,60,0,1,1,0,9,9,2,3,3,0,0,336,8,21,21,7,0,1,1,4,4,12,4,,,0,-,floor1_town
909,13253,2,Normal,31,4,4,4,0,37,45,0,3,80,0,1,2,0,9,5,4,0,2,1,0,448,39,23,23,5.75,0,1,1,6,4,16,4,,Swords_T1_03=1,0,-,+1 levelup
909,13253,3,Normal,14,2,2,1,0,45,0,3,3,48,0,2,2,6,0,2,0,0,0,1,0,320,44,12,10,10,1,0,0,6,4,8,4,RH=Crude Sword|LH=Crude Sword|BD=Crude Armour|A1=Crude Bracelet|A2=Crude Bracelet,Swords_T1_03=1,0,-,party wiped
910,13254,1,Normal,28,5,5,5,0,37,102,0,3,100,0,1,2,0,13,0,0,3,3,0,0,560,40,22,22,4.4,0,1,1,6,4,20,4,,,2,Rat|Rat,floor1_town;companion_join:Rat;companion_join:Rat; +1 levelup
910,13254,2,Normal,14,3,3,2,0,102,0,3,3,40,0,2,2,1,3,3,0,0,0,2,0,306,113,13,8,4,1,0,0,6,4,12,4,RH=Crude Sword|LH=Crude Sword|BD=Crude Armour|A1=Crude Bracelet|A2=Crude Bracelet,Swords_T1_03=2,0,Rat|Rat,party wiped
911,13255,1,Normal,26,5,5,5,0,37,73,0,3,100,0,1,2,1,15,4,0,3,3,0,0,560,42,28,28,5.6,0,1,1,6,4,20,4,,,1,Rat,floor1_town;companion_join:Rat; +1 levelup
911,13255,2,Normal,27,4,4,3,0,73,0,3,3,60,0,2,2,2,3,3,0,0,0,4,0,405,91,17,15,5,1,0,0,6,4,16,4,RH=Crude Sword|LH=Crude Sword|BD=Crude Armour|A1=Crude Bracelet|A2=Crude Bracelet,Swords_T1_03=4,0,Rat,party wiped
912,13256,1,Normal,40,5,5,5,0,37,74,0,1,100,0,1,2,0,15,8,0,3,3,0,0,560,8,25,25,5,0,1,1,6,4,20,4,,,1,Rat,floor1_town;companion_join:Rat; +1 levelup
912,13256,2,Normal,35,3,3,3,0,74,53,1,1,60,0,2,2,1,3,3,0,0,0,3,0,336,47,14,14,4.667,0,1,1,6,4,12,4,,Swords_T1_03=3,1,Rat|Rat,companion_join:Rat
912,13256,3,Normal,23,3,3,2,0,53,0,1,1,96,0,2,2,2,3,3,0,0,0,2,0,535,88,14,12,6,1,0,0,7,4,12,4,RH=Crude Sword|LH=Crude Sword|BD=Crude Armour|A1=Crude Bracelet|A2=Crude Bracelet,Swords_T1_03=2,0,Rat|Rat,party wiped
913,13257,1,Normal,38,4,4,4,0,37,65,0,0,80,0,1,1,1,12,3,0,3,3,0,0,448,16,18,18,4.5,0,1,1,5,4,16,4,,,1,Rat,floor1_town;companion_join:Rat
913,13257,2,Normal,37,3,3,2,1,65,2,0,1,40,0,1,2,1,3,3,0,0,0,1,0,290,79,11,9,4.5,0,1,1,5,4,12,4,,Swords_T1_03=1,0,Rat,+1 levelup; flee×1
913,13257,3,Normal,8,1,1,0,0,2,0,1,0,0,0,2,2,2,1,0,0,2,3,0,0,14,28,1,0,0,1,0,0,11,4,4,4,RH=Crude Sword|LH=Crude Sword|BD=Crude Armour|A1=Crude Bracelet|A2=Crude Bracelet,,0,Rat,party wiped
914,13258,1,Normal,36,2,2,2,0,37,37,0,0,40,0,1,1,0,6,2,0,3,3,0,0,224,0,10,10,5,0,1,1,3,4,8,4,,,0,-,floor1_town
914,13258,2,Normal,25,1,1,1,0,37,29,0,0,20,0,1,1,0,3,0,0,0,3,0,0,112,8,7,7,7,0,1,1,3,4,4,4,,,0,-,
914,13258,3,Normal,4,1,1,0,0,29,0,0,0,0,0,1,1,2,3,3,0,0,0,0,0,140,37,4,0,0,1,0,0,9,4,4,4,RH=Crude Sword|LH=Crude Sword|BD=Crude Armour|A1=Crude Bracelet|A2=Crude Bracelet,,0,-,party wiped
915,13259,1,Normal,34,1,1,1,0,37,37,0,0,20,0,1,1,1,3,3,0,3,3,0,0,112,8,8,8,8,0,1,1,2,4,4,4,,,0,-,floor1_town
915,13259,2,Normal,20,4,4,2,1,37,0,0,0,40,0,1,1,1,6,6,0,0,0,0,0,361,69,17,12,6,1,0,0,3,4,16,4,RH=Crude Sword|LH=Crude Sword|BD=Crude Armour|A1=Crude Bracelet|A2=Crude Bracelet,,0,-,party wiped; flee×1
916,13260,1,Normal,32,5,5,5,0,37,72,0,2,100,0,1,2,1,13,3,1,3,3,0,0,560,24,23,23,4.6,0,1,1,6,4,20,4,,,1,Rat,floor1_town;companion_join:Rat; +1 levelup
916,13260,2,Normal,27,3,3,2,0,72,0,2,2,40,0,2,2,2,3,3,0,0,0,1,0,333,99,16,9,4.5,1,0,0,6,4,12,4,RH=Crude Sword|LH=Crude Sword|BD=Crude Armour|A1=Crude Bracelet|A2=Crude Bracelet,Swords_T1_03=1,1,Rat|Rat,companion_join:Rat; party wiped
917,13261,1,Normal,30,4,4,4,0,37,93,0,0,80,0,1,1,0,10,6,1,3,3,0,0,448,16,20,20,5,0,1,1,5,4,16,4,,,2,Rat|Rat,floor1_town;companion_join:Rat;companion_join:Rat
917,13261,2,Normal,31,2,2,2,0,93,100,0,1,40,0,1,2,0,3,1,2,0,2,0,0,224,10,6,6,3,0,1,1,5,4,8,4,,,0,Rat|Rat,+1 levelup
917,13261,3,Normal,16,3,3,2,0,100,0,1,1,96,0,2,2,3,6,8,0,0,0,1,0,566,188,18,14,7,1,0,0,7,4,12,4,RH=Crude Sword|LH=Crude Sword|BD=Crude Armour|A1=Crude Bracelet|A2=Crude Bracelet,Swords_T1_03=1,0,Rat|Rat,party wiped
918,13262,1,Normal,28,3,3,3,0,37,37,0,0,60,0,1,1,0,9,3,2,3,3,0,0,336,0,17,17,5.667,0,1,1,4,4,12,4,,,0,-,floor1_town
918,13262,2,Normal,36,5,5,5,0,37,38,0,2,100,0,1,2,4,6,6,0,0,0,2,0,560,85,28,28,5.6,0,1,1,5,4,20,4,,Swords_T1_03=2,1,Rat,companion_join:Rat; +1 levelup
918,13262,3,Normal,15,1,1,0,0,38,0,2,2,0,0,2,2,2,3,3,0,0,0,1,0,208,45,6,0,0,1,0,0,6,4,4,4,RH=Crude Sword|LH=Crude Sword|BD=Crude Armour|A1=Crude Bracelet|A2=Crude Bracelet,Swords_T1_03=1,0,Rat,party wiped
919,13263,1,Normal,26,3,3,3,0,37,65,0,0,60,0,1,1,0,8,4,0,3,3,0,0,336,8,15,15,5,0,1,1,4,4,12,4,,,1,Rat,floor1_town;companion_join:Rat
919,13263,2,Normal,38,4,4,4,0,65,74,0,2,80,0,1,2,1,6,4,0,0,2,1,0,448,66,18,18,4.5,0,1,1,5,4,16,4,,Swords_T1_03=1,0,Rat,+1 levelup
919,13263,3,Normal,12,1,1,0,0,74,0,2,2,0,0,2,2,0,0,2,0,0,0,1,0,109,73,2,0,0,1,0,0,5,4,4,4,RH=Crude Sword|LH=Crude Sword|BD=Crude Armour|A1=Crude Bracelet|A2=Crude Bracelet,Swords_T1_03=1,0,Rat,party wiped
920,13264,1,Normal,40,6,6,6,0,37,73,0,2,120,0,1,2,2,18,9,0,3,3,1,0,672,26,30,30,5,0,1,1,7,4,24,4,,Swords_T1_03=1,1,Rat,floor1_town;companion_join:Rat; +1 levelup
920,13264,2,Normal,32,2,2,2,0,73,60,2,2,40,0,2,2,1,3,3,0,0,0,1,0,224,12,8,8,4,0,1,1,7,4,8,4,,Swords_T1_03=1,0,Rat,
920,13264,3,Normal,13,1,1,0,0,60,0,2,2,0,0,2,2,1,0,0,0,0,0,0,0,100,60,2,0,0,1,0,0,7,4,4,4,RH=Crude Sword|LH=Crude Sword|BD=Crude Armour|A1=Crude Bracelet|A2=Crude Bracelet,,0,Rat,party wiped
921,13265,1,Normal,38,4,4,4,0,37,37,0,0,80,0,1,1,0,11,4,0,3,3,0,0,448,8,23,23,5.75,0,1,1,5,4,16,4,,,0,-,floor1_town
921,13265,2,Normal,27,3,3,3,0,37,36,0,2,60,0,1,2,2,3,3,0,0,0,2,0,336,43,17,17,5.667,0,1,1,5,4,12,4,,Swords_T1_03=2,1,Rat,companion_join:Rat; +1 levelup
921,13265,3,Normal,2,1,1,0,0,36,0,2,2,0,0,2,2,0,3,3,0,0,0,1,0,142,44,3,0,0,1,0,0,6,4,4,4,RH=Crude Sword|LH=Crude Sword|BD=Crude Armour|A1=Crude Bracelet|A2=Crude Bracelet,Swords_T1_03=1,0,Rat,party wiped
922,13266,1,Normal,35,3,3,3,0,37,65,0,0,60,0,1,1,0,9,3,1,3,3,0,0,336,18,16,16,5.333,0,1,1,4,4,12,4,,,1,Rat,floor1_town;companion_join:Rat
922,13266,2,Normal,34,5,5,4,1,65,44,0,3,80,0,1,2,3,6,4,0,0,2,1,0,504,109,24,22,5.5,0,1,1,5,4,20,4,,Swords_T1_03=1,0,Rat,+1 levelup; flee×1
922,13266,3,Normal,1,1,1,0,0,44,0,3,3,0,0,2,2,0,0,2,0,0,0,0,0,52,44,2,0,0,1,0,0,5,4,4,4,RH=Crude Sword|LH=Crude Sword|BD=Crude Armour|A1=Crude Bracelet|A2=Crude Bracelet,,0,Rat,party wiped
923,13267,1,Normal,33,3,3,3,0,37,65,0,0,60,0,1,1,0,9,3,0,3,3,0,0,336,24,17,17,5.667,0,1,1,4,4,12,4,,,1,Rat,floor1_town;companion_join:Rat
923,13267,2,Normal,26,2,2,1,0,65,0,0,0,20,0,1,1,1,3,3,0,0,0,0,0,187,65,9,5,5,1,0,0,4,4,8,4,RH=Crude Sword|LH=Crude Sword|BD=Crude Armour|A1=Crude Bracelet|A2=Crude Bracelet,,0,Rat,party wiped
924,13268,1,Normal,31,4,4,4,0,37,37,0,0,80,0,1,1,0,12,2,1,3,3,0,0,448,14,22,22,5.5,0,1,1,5,4,16,4,,,0,-,floor1_town
924,13268,2,Normal,28,3,3,3,0,37,38,0,2,60,0,1,2,0,6,5,2,0,1,2,0,336,39,17,17,5.667,0,1,1,6,4,12,4,,Swords_T1_03=2,0,-,+1 levelup
924,13268,3,Normal,14,1,1,0,0,38,0,2,2,0,0,2,2,4,3,3,0,0,0,1,0,176,43,6,0,0,1,0,0,7,4,4,4,RH=Crude Sword|LH=Crude Sword|BD=Crude Armour|A1=Crude Bracelet|A2=Crude Bracelet,Swords_T1_03=1,0,-,party wiped
925,13269,1,Normal,29,3,3,3,0,37,65,0,0,60,0,1,1,0,8,1,2,3,3,0,0,336,16,16,16,5.333,0,1,1,4,4,12,4,,,1,Rat,floor1_town;companion_join:Rat
925,13269,2,Normal,15,3,3,2,0,65,0,0,2,40,0,1,2,3,3,3,0,0,0,1,0,317,75,18,13,6.5,1,0,0,4,4,12,4,RH=Crude Sword|LH=Crude Sword|BD=Crude Armour|A1=Crude Bracelet|A2=Crude Bracelet,Swords_T1_03=1,0,Rat,party wiped; +1 levelup
926,13270,1,Normal,27,1,1,1,0,37,37,0,0,20,0,1,1,0,3,0,1,3,3,0,0,112,8,5,5,5,0,1,1,2,4,4,4,,,0,-,floor1_town
926,13270,2,Normal,33,5,5,4,0,37,0,0,2,80,0,1,2,1,12,11,0,0,0,1,0,531,94,30,26,6.5,1,0,0,5,4,20,4,RH=Crude Sword|LH=Crude Sword|BD=Crude Armour|A1=Crude Bracelet|A2=Crude Bracelet,Swords_T1_03=1,0,-,party wiped; +1 levelup
927,13271,1,Normal,25,1,1,1,0,37,65,0,0,20,0,1,1,0,3,1,2,3,3,0,0,112,8,7,7,7,0,1,1,2,4,4,4,,,1,Rat,floor1_town;companion_join:Rat
927,13271,2,Normal,32,2,2,2,0,65,46,0,0,40,0,1,1,3,3,3,1,0,0,0,0,224,19,11,11,5.5,0,1,1,2,4,8,4,,,0,Rat,
927,13271,3,Normal,1,1,1,0,0,46,0,0,0,0,0,1,1,1,0,0,0,0,0,0,0,103,46,4,0,0,1,0,0,2,4,4,4,RH=Crude Sword|LH=Crude Sword|BD=Crude Armour|A1=Crude Bracelet|A2=Crude Bracelet,,0,Rat,party wiped
928,13272,1,Normal,39,4,4,4,0,37,65,0,0,80,0,1,1,0,12,5,0,3,3,0,0,448,27,20,20,5,0,1,1,5,4,16,4,,,1,Rat,floor1_town;companion_join:Rat
928,13272,2,Normal,30,3,3,3,0,65,87,0,3,60,0,1,2,1,3,3,0,0,0,1,0,336,59,14,14,4.667,0,1,1,5,4,12,4,,Swords_T1_03=1,2,Rat|Rat|Rat,companion_join:Rat;companion_join:Rat; +1 levelup
928,13272,3,Normal,9,2,2,1,0,87,0,3,3,48,0,2,2,2,0,0,0,0,0,2,0,300,85,8,6,6,1,0,0,5,4,8,4,RH=Crude Sword|LH=Crude Sword|BD=Crude Armour|A1=Crude Bracelet|A2=Crude Bracelet,Swords_T1_03=2,0,Rat|Rat|Rat,companion_join_skip:party_full; party wiped
929,13273,1,Normal,37,1,1,1,0,37,65,0,0,20,0,1,1,0,3,0,2,3,3,0,0,112,8,5,5,5,0,1,1,2,4,4,4,,,1,Rat,floor1_town;companion_join:Rat
929,13273,2,Normal,37,2,2,2,0,65,44,0,0,40,0,1,1,2,3,3,1,0,0,0,0,224,21,10,10,5,0,1,1,2,4,8,4,,,0,Rat,
929,13273,3,Normal,8,1,1,0,0,44,0,0,0,0,0,1,1,2,0,0,0,0,0,0,0,109,44,3,0,0,1,0,0,2,4,4,4,RH=Crude Sword|LH=Crude Sword|BD=Crude Armour|A1=Crude Bracelet|A2=Crude Bracelet,,0,Rat,party wiped
930,13274,1,Normal,35,3,3,3,0,37,65,0,0,60,0,1,1,0,6,1,0,3,3,0,0,336,8,14,14,4.667,0,1,1,4,4,12,4,,,1,Rat,floor1_town;companion_join:Rat
930,13274,2,Normal,30,4,4,3,1,65,36,0,1,60,0,1,2,2,5,3,0,1,3,2,0,392,83,19,17,5.667,0,1,1,5,4,16,4,,Swords_T1_03=2,0,Rat,+1 levelup; flee×1
930,13274,3,Normal,13,1,1,0,0,36,0,1,1,0,0,2,2,0,3,3,0,0,0,1,0,191,43,4,0,0,1,0,0,6,4,4,4,RH=Crude Sword|LH=Crude Sword|BD=Crude Armour|A1=Crude Bracelet|A2=Crude Bracelet,Swords_T1_03=1,0,Rat,party wiped
931,13275,1,Normal,33,2,2,2,0,37,65,0,0,40,0,1,1,0,6,2,2,3,3,0,0,224,0,9,9,4.5,0,1,1,3,4,8,4,,,1,Rat,floor1_town;companion_join:Rat
931,13275,2,Normal,27,5,5,4,0,65,0,0,2,80,0,1,2,4,3,3,0,0,0,1,0,474,124,21,18,4.5,1,0,0,3,4,20,4,RH=Crude Sword|LH=Crude Sword|BD=Crude Armour|A1=Crude Bracelet|A2=Crude Bracelet,Swords_T1_03=1,1,Rat|Rat,companion_join:Rat; party wiped; +1 levelup
932,13276,1,Normal,31,3,3,3,0,37,37,0,0,60,0,1,1,0,9,7,0,3,3,0,0,336,24,19,19,6.333,0,1,1,4,4,12,4,,,0,-,floor1_town
932,13276,2,Normal,18,3,3,2,0,37,0,0,1,40,0,1,2,0,3,3,0,0,0,1,0,305,78,13,10,5,1,0,0,4,4,12,4,RH=Crude Sword|LH=Crude Sword|BD=Crude Armour|A1=Crude Bracelet|A2=Crude Bracelet,Swords_T1_03=1,0,-,party wiped; +1 levelup
933,13277,1,Normal,29,3,3,3,0,37,65,0,0,60,0,1,1,0,9,6,1,3,3,0,0,336,16,17,17,5.667,0,1,1,4,4,12,4,,,1,Rat,floor1_town;companion_join:Rat
933,13277,2,Normal,30,3,3,2,1,65,11,0,3,40,0,1,2,3,3,3,0,0,0,1,0,262,74,14,12,6,0,1,1,4,4,12,4,,Swords_T1_03=1,0,Rat,+1 levelup; flee×1
933,13277,3,Normal,7,1,1,0,0,11,0,3,3,0,0,2,2,0,3,3,0,0,0,0,0,175,73,4,0,0,1,0,0,5,4,4,4,RH=Crude Sword|LH=Crude Sword|BD=Crude Armour|A1=Crude Bracelet|A2=Crude Bracelet,,0,Rat,party wiped
934,13278,1,Normal,27,1,1,1,0,37,65,0,0,20,0,1,1,0,3,3,0,3,3,0,0,112,0,8,8,8,0,1,1,2,4,4,4,,,1,Rat,floor1_town;companion_join:Rat
934,13278,2,Normal,36,4,4,4,0,65,91,0,2,80,0,1,2,2,3,3,0,0,0,0,0,448,78,16,16,4,0,1,1,2,4,16,4,,,2,Rat|Rat|Rat,companion_join:Rat;companion_join:Rat;companion_join_skip:party_full; +1 levelup
934,13278,3,Normal,19,1,1,0,0,91,0,2,2,0,0,2,2,1,0,0,0,0,0,1,0,212,90,8,0,0,1,0,0,2,4,4,4,RH=Crude Sword|LH=Crude Sword|BD=Crude Armour|A1=Crude Bracelet|A2=Crude Bracelet,Swords_T1_03=1,0,Rat|Rat|Rat,party wiped
935,13279,1,Normal,25,3,3,3,0,37,93,0,0,60,0,1,1,1,9,3,0,3,3,0,0,336,0,18,18,6,0,1,1,4,4,12,4,,,2,Rat|Rat,floor1_town;companion_join:Rat;companion_join:Rat
935,13279,2,Normal,31,3,3,3,0,93,29,0,2,60,0,1,2,2,3,3,0,0,0,1,0,336,80,13,13,4.333,0,1,1,4,4,12,4,,Swords_T1_03=1,0,Rat|Rat,+1 levelup
935,13279,3,Normal,1,1,1,0,0,29,0,2,2,0,0,2,2,0,3,3,0,0,0,1,0,178,73,6,0,0,1,0,0,5,4,4,4,RH=Crude Sword|LH=Crude Sword|BD=Crude Armour|A1=Crude Bracelet|A2=Crude Bracelet,Swords_T1_03=1,0,Rat|Rat,party wiped
936,13280,1,Normal,39,2,2,2,0,37,65,0,0,40,0,1,1,0,6,6,2,3,3,0,0,224,24,12,12,6,0,1,1,3,4,8,4,,,1,Rat,floor1_town;companion_join:Rat
936,13280,2,Normal,27,5,5,4,0,65,0,0,3,80,0,1,2,3,3,3,0,0,0,1,0,502,116,20,18,4.5,1,0,0,3,4,20,4,RH=Crude Sword|LH=Crude Sword|BD=Crude Armour|A1=Crude Bracelet|A2=Crude Bracelet,Swords_T1_03=1,1,Rat|Rat,companion_join:Rat; party wiped; +1 levelup
937,13281,1,Normal,37,4,4,4,0,37,65,0,0,80,0,1,1,0,12,4,1,3,3,0,0,448,26,21,21,5.25,0,1,1,5,4,16,4,,,1,Rat,floor1_town;companion_join:Rat
937,13281,2,Normal,38,5,5,4,1,65,60,0,3,80,0,1,2,1,6,5,0,0,1,4,0,476,90,21,20,5,0,1,1,6,4,20,4,,Swords_T1_03=4,1,Rat|Rat,companion_join:Rat; +1 levelup; flee×1
937,13281,3,Normal,6,1,1,0,0,60,0,3,3,0,0,2,2,0,0,1,0,0,0,1,0,114,73,2,0,0,1,0,0,6,4,4,4,RH=Crude Sword|LH=Crude Sword|BD=Crude Armour|A1=Crude Bracelet|A2=Crude Bracelet,Swords_T1_03=1,0,Rat|Rat,party wiped
938,13282,1,Normal,35,4,4,4,0,37,65,0,0,80,0,1,1,2,11,5,0,3,3,0,0,448,29,22,22,5.5,0,1,1,5,4,16,4,,,1,Rat,floor1_town;companion_join:Rat
938,13282,2,Normal,25,2,2,1,0,65,0,0,2,20,0,1,2,0,3,3,0,0,0,0,0,140,79,10,8,8,1,0,0,5,4,8,4,RH=Crude Sword|LH=Crude Sword|BD=Crude Armour|A1=Crude Bracelet|A2=Crude Bracelet,,0,Rat,party wiped; +1 levelup
939,13283,1,Normal,33,3,3,3,0,37,37,0,0,60,0,1,1,0,8,2,0,3,3,0,0,336,8,18,18,6,0,1,1,4,4,12,4,,,0,-,floor1_town
939,13283,2,Normal,14,2,2,1,0,37,0,0,0,20,0,1,1,1,3,3,0,0,0,0,0,147,65,11,9,9,1,0,0,4,4,8,4,RH=Crude Sword|LH=Crude Sword|BD=Crude Armour|A1=Crude Bracelet|A2=Crude Bracelet,,1,Rat,companion_join:Rat; party wiped
940,13284,1,Normal,31,4,4,4,0,37,93,0,0,80,0,1,1,1,12,5,1,3,3,0,0,448,8,19,19,4.75,0,1,1,5,4,16,4,,,2,Rat|Rat,floor1_town;companion_join:Rat;companion_join:Rat
940,13284,2,Normal,30,3,3,3,0,93,48,0,3,60,0,1,2,1,3,3,0,0,0,2,0,336,68,13,13,4.333,0,1,1,5,4,12,4,,Swords_T1_03=2,0,Rat|Rat,+1 levelup
940,13284,3,Normal,8,1,1,0,0,48,0,3,3,0,0,2,2,2,0,0,0,0,0,1,0,224,81,6,0,0,1,0,0,5,4,4,4,RH=Crude Sword|LH=Crude Sword|BD=Crude Armour|A1=Crude Bracelet|A2=Crude Bracelet,Swords_T1_03=1,0,Rat|Rat,party wiped
941,13285,1,Normal,11,2,2,1,0,37,0,0,0,20,0,1,1,0,6,4,0,0,0,0,0,193,45,11,6,6,1,0,0,2,4,8,4,RH=Crude Sword|LH=Crude Sword|BD=Crude Armour|A1=Crude Bracelet|A2=Crude Bracelet,,0,-,floor1_town; party wiped
942,13286,1,Normal,27,3,3,3,0,37,37,0,0,60,0,1,1,0,9,4,1,3,3,0,0,336,16,17,17,5.667,0,1,1,4,4,12,4,,,0,-,floor1_town
942,13286,2,Normal,39,2,2,2,0,37,44,0,2,40,0,1,2,0,6,3,2,0,3,0,0,224,16,12,12,6,0,1,1,5,4,8,4,,,0,-,+1 levelup
942,13286,3,Normal,7,1,1,0,0,44,0,2,2,0,0,2,2,3,0,3,0,0,0,1,0,176,43,6,0,0,1,0,0,5,4,4,4,RH=Crude Sword|LH=Crude Sword|BD=Crude Armour|A1=Crude Bracelet|A2=Crude Bracelet,Swords_T1_03=1,0,-,party wiped
943,13287,1,Normal,25,3,3,3,0,37,93,0,0,60,0,1,1,0,9,6,0,3,3,0,0,336,14,20,20,6.667,0,1,1,4,4,12,4,,,2,Rat|Rat,floor1_town;companion_join:Rat;companion_join:Rat
943,13287,2,Normal,30,2,2,2,0,93,128,0,1,40,0,1,2,0,3,3,2,0,0,0,0,224,8,6,6,3,0,1,1,4,4,8,4,,,1,Rat|Rat|Rat,companion_join:Rat; +1 levelup
943,13287,3,Normal,14,2,2,1,0,128,0,1,1,48,0,2,2,3,0,0,0,0,0,1,0,291,127,7,4,4,1,0,0,4,4,8,4,RH=Crude Sword|LH=Crude Sword|BD=Crude Armour|A1=Crude Bracelet|A2=Crude Bracelet,Swords_T1_03=1,0,Rat|Rat|Rat,party wiped
944,13288,1,Normal,39,6,6,6,0,37,100,0,1,120,0,1,2,1,15,5,0,3,3,0,0,672,45,28,28,4.667,0,1,1,7,4,24,4,,,2,Rat|Rat,floor1_town;companion_join:Rat;companion_join:Rat; +1 levelup
944,13288,2,Normal,38,5,5,5,0,100,88,1,1,100,0,2,2,1,3,3,0,0,0,3,0,560,47,15,15,3,0,1,1,7,4,20,4,,Swords_T1_03=3,1,Rat|Rat|Rat,companion_join:Rat;companion_join_skip:party_full
944,13288,3,Normal,5,2,2,1,0,88,0,1,0,48,0,2,2,1,3,3,0,0,0,1,0,358,136,13,7,7,1,0,0,8,4,8,4,RH=Crude Sword|LH=Crude Sword|BD=Crude Armour|A1=Crude Bracelet|A2=Crude Bracelet,Swords_T1_03=1,0,Rat|Rat|Rat,party wiped
945,13289,1,Normal,37,5,5,5,0,37,129,0,1,100,0,1,2,0,15,7,0,3,3,0,0,560,16,20,20,4,0,1,1,6,4,20,4,,,3,Rat|Rat|Rat,floor1_town;companion_join:Rat;companion_join:Rat;companion_join:Rat;companion_join_skip:party_full; +1 levelup
945,13289,2,Normal,40,2,2,2,0,129,120,1,1,40,0,2,2,0,2,0,1,1,3,2,0,224,7,6,6,3,0,1,1,6,4,8,4,,Swords_T1_03=2,0,Rat|Rat|Rat,companion_join_skip:party_full
945,13289,3,Normal,15,2,2,1,0,120,0,1,1,48,0,2,2,1,1,3,0,0,0,1,0,395,129,9,5,5,1,0,0,6,4,8,4,RH=Crude Sword|LH=Crude Sword|BD=Crude Armour|A1=Crude Bracelet|A2=Crude Bracelet,Swords_T1_03=1,0,Rat|Rat|Rat,party wiped
946,13290,1,Normal,35,3,3,3,0,37,65,0,0,60,0,1,1,1,9,3,0,3,3,0,0,336,8,15,15,5,0,1,1,4,4,12,4,,,1,Rat,floor1_town;companion_join:Rat
946,13290,2,Normal,33,2,2,2,0,65,74,0,3,40,0,1,2,1,3,3,0,0,0,0,0,224,24,11,11,5.5,0,1,1,4,4,8,4,,,0,Rat,+1 levelup
946,13290,3,Normal,3,1,1,0,0,74,0,3,3,0,0,2,2,2,0,0,0,0,0,1,0,120,73,4,0,0,1,0,0,4,4,4,4,RH=Crude Sword|LH=Crude Sword|BD=Crude Armour|A1=Crude Bracelet|A2=Crude Bracelet,Swords_T1_03=1,0,Rat,party wiped
947,13291,1,Normal,33,1,1,1,0,37,65,0,0,20,0,1,1,0,3,1,2,3,3,0,0,112,8,7,7,7,0,1,1,2,4,4,4,,,1,Rat,floor1_town;companion_join:Rat
947,13291,2,Normal,31,3,3,3,0,65,85,0,0,60,0,1,1,4,3,3,0,0,0,0,0,336,8,14,14,4.667,0,1,1,2,4,12,4,,,1,Rat|Rat,companion_join:Rat
947,13291,3,Normal,1,1,1,0,0,85,0,0,0,0,0,1,1,0,0,0,0,0,0,0,0,98,85,4,0,0,1,0,0,2,4,4,4,RH=Crude Sword|LH=Crude Sword|BD=Crude Armour|A1=Crude Bracelet|A2=Crude Bracelet,,0,Rat|Rat,party wiped
948,13292,1,Normal,31,3,3,3,0,37,65,0,0,60,0,1,1,0,9,4,1,3,3,0,0,336,16,16,16,5.333,0,1,1,4,4,12,4,,,1,Rat,floor1_town;companion_join:Rat
948,13292,2,Normal,16,2,2,1,0,65,0,0,0,20,0,1,1,1,3,3,0,0,0,0,0,212,65,8,4,4,1,0,0,4,4,8,4,RH=Crude Sword|LH=Crude Sword|BD=Crude Armour|A1=Crude Bracelet|A2=Crude Bracelet,,0,Rat,party wiped
949,13293,1,Normal,29,3,3,3,0,37,65,0,0,60,0,1,1,0,9,1,2,3,3,0,0,336,14,16,16,5.333,0,1,1,4,4,12,4,,,1,Rat,floor1_town;companion_join:Rat
949,13293,2,Normal,33,5,5,5,0,65,44,0,2,100,0,1,2,4,3,3,0,0,0,1,0,560,92,21,21,4.2,0,1,1,4,4,20,4,,Swords_T1_03=1,2,Rat|Rat|Rat,companion_join:Rat;companion_join:Rat; +1 levelup
949,13293,3,Normal,11,1,1,0,0,44,0,2,2,0,0,2,2,0,0,0,0,0,0,0,0,80,44,3,0,0,1,0,0,4,4,4,4,RH=Crude Sword|LH=Crude Sword|BD=Crude Armour|A1=Crude Bracelet|A2=Crude Bracelet,,0,Rat|Rat|Rat,party wiped
950,13294,1,Normal,27,3,3,3,0,37,37,0,0,60,0,1,1,0,9,2,0,3,3,0,0,336,8,16,16,5.333,0,1,1,4,4,12,4,,,0,-,floor1_town
950,13294,2,Normal,22,3,3,2,0,37,0,0,3,40,0,1,2,2,3,3,0,0,0,0,0,274,122,16,11,5.5,1,0,0,4,4,12,4,RH=Crude Sword|LH=Crude Sword|BD=Crude Armour|A1=Crude Bracelet|A2=Crude Bracelet,,2,Rat|Rat,companion_join:Rat;companion_join:Rat; party wiped; +1 levelup
951,13295,1,Normal,25,2,2,2,0,37,37,0,0,40,0,1,1,0,6,0,2,3,3,0,0,224,16,9,9,4.5,0,1,1,3,4,8,4,,,0,-,floor1_town
951,13295,2,Normal,27,3,3,3,0,37,102,0,2,60,0,1,2,2,3,3,0,0,0,0,0,336,8,14,14,4.667,0,1,1,3,4,12,4,,,2,Rat|Rat,companion_join:Rat;companion_join:Rat; +1 levelup
951,13295,3,Normal,4,1,1,0,0,102,0,2,2,0,0,2,2,1,0,0,0,0,0,0,0,134,102,3,0,0,1,0,0,3,4,4,4,RH=Crude Sword|LH=Crude Sword|BD=Crude Armour|A1=Crude Bracelet|A2=Crude Bracelet,,0,Rat|Rat,party wiped
952,13296,1,Normal,39,4,4,4,0,37,65,0,0,80,0,1,1,0,12,6,0,3,3,0,0,448,16,24,24,6,0,1,1,5,4,16,4,,,1,Rat,floor1_town;companion_join:Rat
952,13296,2,Normal,36,3,3,2,0,65,0,0,3,40,0,1,2,0,3,3,0,0,0,1,0,290,82,13,9,4.5,1,0,0,5,4,12,4,RH=Crude Sword|LH=Crude Sword|BD=Crude Armour|A1=Crude Bracelet|A2=Crude Bracelet,Swords_T1_03=1,0,Rat,party wiped; +1 levelup
953,13297,1,Normal,37,4,4,4,0,37,93,0,0,80,0,1,1,1,12,8,0,3,3,0,0,448,38,22,22,5.5,0,1,1,5,4,16,4,,,2,Rat|Rat,floor1_town;companion_join:Rat;companion_join:Rat
953,13297,2,Normal,29,3,3,3,0,93,69,0,1,60,0,1,2,0,3,3,0,0,0,0,0,336,45,12,12,4,0,1,1,5,4,12,4,,,0,Rat|Rat,+1 levelup
953,13297,3,Normal,19,1,1,0,0,69,0,1,1,0,0,2,2,0,0,0,0,0,0,0,0,95,69,2,0,0,1,0,0,5,4,4,4,RH=Crude Sword|LH=Crude Sword|BD=Crude Armour|A1=Crude Bracelet|A2=Crude Bracelet,,0,Rat|Rat,party wiped
954,13298,1,Normal,35,3,3,3,0,37,37,0,0,60,0,1,1,0,9,2,0,3,3,0,0,336,8,16,16,5.333,0,1,1,4,4,12,4,,,0,-,floor1_town
954,13298,2,Normal,8,2,2,1,0,37,0,0,0,20,0,1,1,0,3,3,0,0,0,0,0,191,65,9,6,6,1,0,0,4,4,8,4,RH=Crude Sword|LH=Crude Sword|BD=Crude Armour|A1=Crude Bracelet|A2=Crude Bracelet,,1,Rat,companion_join:Rat; party wiped
955,13299,1,Normal,33,3,3,3,0,37,65,0,0,60,0,1,1,1,7,3,0,3,3,0,0,336,8,15,15,5,0,1,1,4,4,12,4,,,1,Rat,floor1_town;companion_join:Rat
955,13299,2,Normal,39,4,4,4,0,65,32,0,1,80,0,1,2,2,3,3,0,0,0,0,0,448,114,18,18,4.5,0,1,1,4,4,16,4,,,2,Rat|Rat|Rat,companion_join:Rat;companion_join:Rat; +1 levelup
955,13299,3,Normal,7,2,2,1,0,32,0,1,1,48,0,2,2,0,3,3,0,0,0,1,0,292,107,8,6,6,1,0,0,5,4,8,4,RH=Crude Sword|LH=Crude Sword|BD=Crude Armour|A1=Crude Bracelet|A2=Crude Bracelet,Swords_T1_03=1,0,Rat|Rat|Rat,party wiped
956,13300,1,Normal,31,3,3,3,0,37,37,0,0,60,0,1,1,0,9,2,2,3,3,0,0,336,8,17,17,5.667,0,1,1,4,4,12,4,,,0,-,floor1_town
956,13300,2,Normal,10,3,3,2,0,37,0,0,2,40,0,1,2,3,3,3,0,0,0,1,0,308,73,15,10,5,1,0,0,4,4,12,4,RH=Crude Sword|LH=Crude Sword|BD=Crude Armour|A1=Crude Bracelet|A2=Crude Bracelet,Swords_T1_03=1,1,Rat,companion_join:Rat; party wiped; +1 levelup
957,13301,1,Normal,29,5,5,5,0,37,44,0,1,100,0,1,2,0,15,12,1,3,3,0,0,560,32,32,32,6.4,0,1,1,6,4,20,4,,,0,-,floor1_town; +1 levelup
957,13301,2,Normal,27,2,2,2,0,44,72,1,1,40,0,2,2,3,3,3,0,0,0,3,0,224,34,12,12,6,0,1,1,6,4,8,4,,Swords_T1_03=3,2,Rat|Rat,companion_join:Rat;companion_join:Rat
957,13301,3,Normal,14,1,1,0,0,72,0,1,1,0,0,2,2,0,0,0,0,0,0,0,0,66,72,2,0,0,1,0,0,6,4,4,4,RH=Crude Sword|LH=Crude Sword|BD=Crude Armour|A1=Crude Bracelet|A2=Crude Bracelet,,0,Rat|Rat,party wiped
958,13302,1,Normal,27,3,3,3,0,37,37,0,0,60,0,1,1,0,9,4,2,3,3,0,0,336,16,17,17,5.667,0,1,1,4,4,12,4,,,0,-,floor1_town
958,13302,2,Normal,34,1,1,1,0,37,37,0,0,20,0,1,1,0,3,2,2,0,1,0,0,112,0,5,5,5,0,1,1,4,4,4,4,,,0,-,
958,13302,3,Normal,7,1,1,0,0,37,0,0,0,0,0,1,1,0,3,3,2,0,0,0,0,28,37,2,0,0,1,0,0,10,4,4,4,RH=Crude Sword|LH=Crude Sword|BD=Crude Armour|A1=Crude Bracelet|A2=Crude Bracelet,,0,-,party wiped
959,13303,1,Normal,25,4,4,4,0,37,93,0,0,80,0,1,1,0,11,4,0,3,3,0,0,448,16,21,21,5.25,0,1,1,5,4,16,4,,,2,Rat|Rat,floor1_town;companion_join:Rat;companion_join:Rat
959,13303,2,Normal,31,3,3,3,0,93,130,0,2,60,0,1,2,0,3,3,0,0,0,1,0,336,0,10,10,3.333,0,1,1,5,4,12,4,,Swords_T1_03=1,1,Rat|Rat|Rat,companion_join:Rat; +1 levelup
959,13303,3,Normal,3,1,1,0,0,130,0,2,2,0,0,2,2,1,0,0,0,0,0,1,0,178,129,7,0,0,1,0,0,5,4,4,4,RH=Crude Sword|LH=Crude Sword|BD=Crude Armour|A1=Crude Bracelet|A2=Crude Bracelet,Swords_T1_03=1,0,Rat|Rat|Rat,party wiped
960,13304,1,Normal,39,6,6,6,0,37,72,0,2,120,0,1,2,2,17,8,0,3,3,0,0,672,0,33,33,5.5,0,1,1,7,4,24,4,,,1,Rat,floor1_town;companion_join:Rat; +1 levelup
960,13304,2,Normal,38,2,2,2,0,72,115,2,2,40,0,2,2,2,3,3,0,0,0,1,0,224,20,9,9,4.5,0,1,1,7,4,8,4,,Swords_T1_03=1,2,Rat|Rat|Rat,companion_join:Rat;companion_join:Rat
960,13304,3,Normal,8,2,2,1,0,115,0,2,2,48,0,2,2,1,3,3,0,0,0,2,0,441,152,12,6,6,1,0,0,8,4,8,4,RH=Crude Sword|LH=Crude Sword|BD=Crude Armour|A1=Crude Bracelet|A2=Crude Bracelet,Swords_T1_03=2,0,Rat|Rat|Rat,party wiped
961,13305,1,Normal,37,4,4,4,0,37,37,0,0,80,0,1,1,0,12,5,0,3,3,0,0,448,18,26,26,6.5,0,1,1,5,4,16,4,,,0,-,floor1_town
961,13305,2,Normal,28,3,3,2,1,37,9,0,2,40,0,1,2,1,3,3,0,0,0,1,0,280,44,13,11,5.5,0,1,1,5,4,12,4,,Swords_T1_03=1,0,-,+1 levelup; flee×1
961,13305,3,Normal,6,2,2,0,1,9,0,2,2,0,0,2,2,0,6,6,0,0,0,2,0,268,86,9,0,0,1,0,0,7,4,8,4,RH=Crude Sword|LH=Crude Sword|BD=Crude Armour|A1=Crude Bracelet|A2=Crude Bracelet,Swords_T1_03=2,0,-,party wiped; flee×1
962,13306,1,Normal,35,3,3,3,0,37,65,0,0,60,0,1,1,2,9,7,0,3,3,0,0,336,31,21,21,7,0,1,1,4,4,12,4,,,1,Rat,floor1_town;companion_join:Rat
962,13306,2,Normal,39,3,3,3,0,65,59,0,3,60,0,1,2,2,3,3,0,0,0,1,0,336,73,12,12,4,0,1,1,4,4,12,4,,Swords_T1_03=1,2,Rat|Rat|Rat,companion_join:Rat;companion_join:Rat; +1 levelup
962,13306,3,Normal,5,1,1,0,0,59,0,3,3,0,0,2,2,2,0,0,0,0,0,1,0,215,93,8,0,0,1,0,0,4,4,4,4,RH=Crude Sword|LH=Crude Sword|BD=Crude Armour|A1=Crude Bracelet|A2=Crude Bracelet,Swords_T1_03=1,0,Rat|Rat|Rat,party wiped
963,13307,1,Normal,33,1,1,1,0,37,65,0,0,20,0,1,1,0,3,1,0,3,3,0,0,112,8,6,6,6,0,1,1,2,4,4,4,,,1,Rat,floor1_town;companion_join:Rat
963,13307,2,Normal,28,4,4,4,0,65,129,0,2,80,0,1,2,0,6,3,0,0,3,0,0,448,83,19,19,4.75,0,1,1,3,4,16,4,,,2,Rat|Rat|Rat,companion_join:Rat;companion_join:Rat; +1 levelup
963,13307,3,Normal,14,2,2,1,0,129,0,2,2,48,0,2,2,1,0,3,0,0,0,1,0,319,129,10,6,6,1,0,0,3,4,8,4,RH=Crude Sword|LH=Crude Sword|BD=Crude Armour|A1=Crude Bracelet|A2=Crude Bracelet,Swords_T1_03=1,0,Rat|Rat|Rat,companion_join_skip:party_full; party wiped
964,13308,1,Normal,31,4,4,4,0,37,65,0,0,80,0,1,1,1,9,2,0,3,3,0,0,448,22,23,23,5.75,0,1,1,5,4,16,4,,,1,Rat,floor1_town;companion_join:Rat
964,13308,2,Normal,8,2,2,1,0,65,0,0,2,20,0,1,2,0,3,3,0,0,0,1,0,221,72,10,5,5,1,0,0,5,4,8,4,RH=Crude Sword|LH=Crude Sword|BD=Crude Armour|A1=Crude Bracelet|A2=Crude Bracelet,Swords_T1_03=1,0,Rat,party wiped; +1 levelup
965,13309,1,Normal,29,2,2,2,0,37,65,0,0,40,0,1,1,0,6,6,0,3,3,0,0,224,19,12,12,6,0,1,1,3,4,8,4,,,1,Rat,floor1_town;companion_join:Rat
965,13309,2,Normal,31,2,2,2,0,65,93,0,0,40,0,1,1,1,3,2,0,0,1,0,0,224,0,8,8,4,0,1,1,3,4,8,4,,,1,Rat|Rat,companion_join:Rat
965,13309,3,Normal,3,1,1,0,0,93,0,0,0,0,0,1,1,1,0,1,0,0,0,0,0,105,93,3,0,0,1,0,0,3,4,4,4,RH=Crude Sword|LH=Crude Sword|BD=Crude Armour|A1=Crude Bracelet|A2=Crude Bracelet,,0,Rat|Rat,party wiped
966,13310,1,Normal,27,4,4,4,0,37,37,0,0,80,0,1,1,0,11,4,1,3,3,0,0,448,16,20,20,5,0,1,1,5,4,16,4,,,0,-,floor1_town
966,13310,2,Normal,40,4,4,4,0,37,101,0,2,80,0,1,2,1,6,5,0,0,1,2,0,448,80,20,20,5,0,1,1,6,4,16,4,,Swords_T1_03=2,2,Rat|Rat,companion_join:Rat;companion_join:Rat; +1 levelup
966,13310,3,Normal,30,2,2,1,0,101,0,2,0,48,0,2,2,2,3,4,0,0,0,1,0,314,122,17,13,13,1,0,0,12,4,8,4,RH=Crude Sword|LH=Crude Sword|BD=Crude Armour|A1=Crude Bracelet|A2=Crude Bracelet,Swords_T1_03=1,0,Rat|Rat,party wiped
967,13311,1,Normal,25,3,3,3,0,37,65,0,0,60,0,1,1,0,9,5,2,3,3,0,0,336,8,16,16,5.333,0,1,1,4,4,12,4,,,1,Rat,floor1_town;companion_join:Rat
967,13311,2,Normal,36,2,2,2,0,65,73,0,3,40,0,1,2,1,3,2,1,0,1,0,0,224,8,9,9,4.5,0,1,1,4,4,8,4,,,0,Rat,+1 levelup
967,13311,3,Normal,9,1,1,0,0,73,0,3,3,0,0,2,2,3,0,1,0,0,0,0,0,99,73,4,0,0,1,0,0,4,4,4,4,RH=Crude Sword|LH=Crude Sword|BD=Crude Armour|A1=Crude Bracelet|A2=Crude Bracelet,,0,Rat,party wiped
968,13312,1,Normal,39,5,5,5,0,37,101,0,2,100,0,1,2,1,15,7,0,3,3,0,0,560,8,29,29,5.8,0,1,1,6,4,20,4,,,2,Rat|Rat,floor1_town;companion_join:Rat;companion_join:Rat; +1 levelup
968,13312,2,Normal,30,4,4,3,1,101,73,2,2,60,0,2,2,1,6,3,0,0,3,3,0,420,92,16,12,4,0,1,1,7,4,16,4,,Swords_T1_03=3,0,Rat|Rat,flee×1
968,13312,3,Normal,4,1,1,0,0,73,0,2,2,0,0,2,2,1,0,3,0,0,0,1,0,155,73,5,0,0,1,0,0,7,4,4,4,RH=Crude Sword|LH=Crude Sword|BD=Crude Armour|A1=Crude Bracelet|A2=Crude Bracelet,Swords_T1_03=1,0,Rat|Rat,party wiped
969,13313,1,Normal,37,4,4,4,0,37,65,0,0,80,0,1,1,1,12,4,1,3,3,0,0,448,18,22,22,5.5,0,1,1,5,4,16,4,,,1,Rat,floor1_town;companion_join:Rat
969,13313,2,Normal,26,3,3,3,0,65,92,0,2,60,0,1,2,3,3,3,0,0,0,2,0,336,8,14,14,4.667,0,1,1,5,4,12,4,,Swords_T1_03=2,1,Rat|Rat,companion_join:Rat; +1 levelup
969,13313,3,Normal,30,0,0,0,0,92,92,2,2,0,0,2,2,0,0,0,1,0,0,0,0,0,0,0,0,0,0,1,1,5,0,0,0,,,0,Rat|Rat,
969,13313,4,Normal,20,3,3,2,0,92,0,2,2,40,0,2,2,1,0,0,0,0,0,1,0,281,119,11,7,3.5,1,0,0,5,4,12,4,RH=Crude Sword|LH=Crude Sword|BD=Crude Armour|A1=Crude Bracelet|A2=Crude Bracelet,Swords_T1_03=1,1,Rat|Rat|Rat,companion_join:Rat; party wiped
970,13314,1,Normal,35,4,4,4,0,37,65,0,0,80,0,1,1,0,12,10,0,3,3,0,0,448,0,27,27,6.75,0,1,1,5,4,16,4,,,1,Rat,floor1_town;companion_join:Rat
970,13314,2,Normal,32,3,3,2,0,65,0,0,1,40,0,1,2,2,3,3,0,0,0,1,0,303,99,14,10,5,1,0,0,5,4,12,4,RH=Crude Sword|LH=Crude Sword|BD=Crude Armour|A1=Crude Bracelet|A2=Crude Bracelet,Swords_T1_03=1,1,Rat|Rat,companion_join:Rat; party wiped; +1 levelup
971,13315,1,Normal,33,3,3,3,0,37,65,0,0,60,0,1,1,2,9,6,0,3,3,0,0,336,16,17,17,5.667,0,1,1,4,4,12,4,,,1,Rat,floor1_town;companion_join:Rat
971,13315,2,Normal,37,5,5,5,0,65,70,0,1,100,0,1,2,0,6,6,0,0,0,2,0,560,128,24,24,4.8,0,1,1,5,4,20,4,,Swords_T1_03=2,2,Rat|Rat|Rat,companion_join:Rat;companion_join:Rat; +1 levelup
971,13315,3,Normal,7,1,1,0,0,70,0,1,1,0,0,2,2,1,0,0,0,0,0,1,0,167,69,5,0,0,1,0,0,5,4,4,4,RH=Crude Sword|LH=Crude Sword|BD=Crude Armour|A1=Crude Bracelet|A2=Crude Bracelet,Swords_T1_03=1,0,Rat|Rat|Rat,party wiped
972,13316,1,Normal,31,2,2,2,0,37,37,0,0,40,0,1,1,0,6,2,0,3,3,0,0,224,8,12,12,6,0,1,1,3,4,8,4,,,0,-,floor1_town
972,13316,2,Normal,26,1,1,1,0,37,29,0,0,20,0,1,1,0,2,0,1,1,3,0,0,112,8,8,8,8,0,1,1,3,4,4,4,,,0,-,
972,13316,3,Normal,3,1,1,0,0,29,0,0,0,0,0,1,1,2,3,3,0,0,0,0,0,222,37,7,0,0,1,0,0,9,4,4,4,RH=Crude Sword|LH=Crude Sword|BD=Crude Armour|A1=Crude Bracelet|A2=Crude Bracelet,,0,-,party wiped
973,13317,1,Normal,29,3,3,3,0,37,65,0,0,60,0,1,1,1,9,6,0,3,3,0,0,336,21,16,16,5.333,0,1,1,4,4,12,4,,,1,Rat,floor1_town;companion_join:Rat
973,13317,2,Normal,10,3,3,2,0,65,0,0,2,40,0,1,2,2,3,3,0,0,0,1,0,280,93,13,10,5,1,0,0,4,4,12,4,RH=Crude Sword|LH=Crude Sword|BD=Crude Armour|A1=Crude Bracelet|A2=Crude Bracelet,Swords_T1_03=1,0,Rat,party wiped; +1 levelup
974,13318,1,Normal,27,2,2,2,0,37,65,0,0,40,0,1,1,0,6,1,0,3,3,0,0,224,16,9,9,4.5,0,1,1,3,4,8,4,,,1,Rat,floor1_town;companion_join:Rat
974,13318,2,Normal,26,4,4,4,0,65,49,0,2,80,0,1,2,2,3,3,0,0,0,1,0,448,92,18,18,4.5,0,1,1,3,4,16,4,,Swords_T1_03=1,2,Rat|Rat|Rat,companion_join:Rat;companion_join:Rat; +1 levelup
974,13318,3,Normal,8,1,1,0,0,49,0,2,2,0,0,2,2,2,0,0,0,0,0,0,0,118,69,3,0,0,1,0,0,3,4,4,4,RH=Crude Sword|LH=Crude Sword|BD=Crude Armour|A1=Crude Bracelet|A2=Crude Bracelet,,0,Rat|Rat|Rat,party wiped
975,13319,1,Normal,25,3,3,3,0,37,37,0,0,60,0,1,1,1,9,5,0,3,3,0,0,336,0,17,17,5.667,0,1,1,4,4,12,4,,,0,-,floor1_town
975,13319,2,Normal,38,3,3,2,1,37,44,0,2,40,0,1,2,1,6,6,0,0,0,0,0,252,45,16,14,7,0,1,1,5,4,12,4,,,0,-,+1 levelup; flee×1
975,13319,3,Normal,2,1,1,0,0,44,0,2,2,0,0,2,2,2,0,0,0,0,0,1,0,120,43,3,0,0,1,0,0,5,4,4,4,RH=Crude Sword|LH=Crude Sword|BD=Crude Armour|A1=Crude Bracelet|A2=Crude Bracelet,Swords_T1_03=1,0,-,party wiped
976,13320,1,Normal,39,5,5,5,0,37,45,0,3,100,0,1,2,1,15,11,1,3,3,0,0,560,16,34,34,6.8,0,1,1,6,4,20,4,,,0,-,floor1_town; +1 levelup
976,13320,2,Normal,31,3,3,3,0,45,57,3,3,60,0,2,2,2,3,3,0,0,0,1,0,336,23,13,13,4.333,0,1,1,6,4,12,4,,Swords_T1_03=1,1,Rat,companion_join:Rat
976,13320,3,Normal,15,1,1,0,0,57,0,3,3,0,0,2,2,1,0,0,0,0,0,0,0,210,57,5,0,0,1,0,0,6,4,4,4,RH=Crude Sword|LH=Crude Sword|BD=Crude Armour|A1=Crude Bracelet|A2=Crude Bracelet,,0,Rat,party wiped
977,13321,1,Normal,37,6,6,6,0,37,74,0,2,120,0,1,2,1,17,9,0,3,3,1,0,672,15,34,34,5.667,0,1,1,7,4,24,4,,Swords_T1_03=1,1,Rat,floor1_town;companion_join:Rat; +1 levelup
977,13321,2,Normal,27,2,2,2,0,74,61,2,2,40,0,2,2,1,3,3,1,0,0,1,0,224,26,9,9,4.5,0,1,1,7,4,8,4,,Swords_T1_03=1,0,Rat,
977,13321,3,Normal,11,1,1,0,0,61,0,2,2,0,0,2,2,3,0,0,0,0,0,1,0,171,60,4,0,0,1,0,0,7,4,4,4,RH=Crude Sword|LH=Crude Sword|BD=Crude Armour|A1=Crude Bracelet|A2=Crude Bracelet,Swords_T1_03=1,0,Rat,party wiped
978,13322,1,Normal,35,5,5,5,0,37,101,0,2,100,0,1,2,2,13,1,0,3,3,0,0,560,32,23,23,4.6,0,1,1,6,4,20,4,,,2,Rat|Rat,floor1_town;companion_join:Rat;companion_join:Rat; +1 levelup
978,13322,2,Normal,27,4,4,3,0,101,0,2,2,60,0,2,2,0,3,3,0,0,0,3,0,430,108,18,11,3.667,1,0,0,6,4,16,4,RH=Crude Sword|LH=Crude Sword|BD=Crude Armour|A1=Crude Bracelet|A2=Crude Bracelet,Swords_T1_03=3,0,Rat|Rat,party wiped
979,13323,1,Normal,32,6,6,6,0,37,100,0,2,120,0,1,2,1,18,7,0,3,3,1,0,672,36,33,33,5.5,0,1,1,7,4,24,4,,Swords_T1_03=1,2,Rat|Rat,floor1_town;companion_join:Rat;companion_join:Rat; +1 levelup
979,13323,2,Normal,24,4,4,3,0,100,0,2,2,60,0,2,2,1,3,3,0,0,0,2,0,412,132,17,13,4.333,1,0,0,7,4,16,4,RH=Crude Sword|LH=Crude Sword|BD=Crude Armour|A1=Crude Bracelet|A2=Crude Bracelet,Swords_T1_03=2,1,Rat|Rat|Rat,companion_join:Rat; party wiped
980,13324,1,Normal,30,3,3,3,0,37,93,0,0,60,0,1,1,2,9,8,0,3,3,0,0,336,8,19,19,6.333,0,1,1,4,4,12,4,,,2,Rat|Rat,floor1_town;companion_join:Rat;companion_join:Rat
980,13324,2,Normal,27,2,2,2,0,93,102,0,2,40,0,1,2,0,3,3,0,0,0,0,0,224,8,8,8,4,0,1,1,4,4,8,4,,,0,Rat|Rat,+1 levelup
980,13324,3,Normal,2,1,1,0,0,102,0,2,2,0,0,2,2,1,0,0,0,0,0,1,0,184,101,4,0,0,1,0,0,4,4,4,4,RH=Crude Sword|LH=Crude Sword|BD=Crude Armour|A1=Crude Bracelet|A2=Crude Bracelet,Swords_T1_03=1,0,Rat|Rat,party wiped
981,13325,1,Normal,28,2,2,2,0,37,93,0,0,40,0,1,1,0,6,2,0,3,3,0,0,224,8,10,10,5,0,1,1,3,4,8,4,,,2,Rat|Rat,floor1_town;companion_join:Rat;companion_join:Rat
981,13325,2,Normal,33,4,4,4,0,93,60,0,3,80,0,1,2,0,3,3,1,0,0,0,0,448,91,13,13,3.25,0,1,1,3,4,16,4,,,1,Rat|Rat|Rat,companion_join:Rat;companion_join_skip:party_full;companion_join_skip:party_full;companion_join_skip:party_full; +1 levelup
981,13325,3,Normal,1,1,1,0,0,60,0,3,3,0,0,2,2,2,0,0,0,0,0,1,0,165,59,6,0,0,1,0,0,3,4,4,4,RH=Crude Sword|LH=Crude Sword|BD=Crude Armour|A1=Crude Bracelet|A2=Crude Bracelet,Swords_T1_03=1,0,Rat|Rat|Rat,party wiped
982,13326,1,Normal,26,3,3,3,0,37,37,0,0,60,0,1,1,1,9,7,1,3,3,0,0,336,0,22,22,7.333,0,1,1,4,4,12,4,,,0,-,floor1_town
982,13326,2,Normal,27,3,3,3,0,37,65,0,2,60,0,1,2,1,3,3,0,0,0,0,0,336,16,16,16,5.333,0,1,1,4,4,12,4,,,1,Rat,companion_join:Rat; +1 levelup
982,13326,3,Normal,4,1,1,0,0,65,0,2,2,0,0,2,2,2,0,0,0,0,0,1,0,104,64,3,0,0,1,0,0,4,4,4,4,RH=Crude Sword|LH=Crude Sword|BD=Crude Armour|A1=Crude Bracelet|A2=Crude Bracelet,Swords_T1_03=1,0,Rat,party wiped
983,13327,1,Normal,40,3,3,3,0,37,37,0,0,60,0,1,1,0,9,6,0,3,3,0,0,336,16,19,19,6.333,0,1,1,4,4,12,4,,,0,-,floor1_town
983,13327,2,Normal,13,3,3,2,0,37,0,0,3,40,0,1,2,2,3,3,0,0,0,0,0,252,44,13,10,5,1,0,0,4,4,12,4,RH=Crude Sword|LH=Crude Sword|BD=Crude Armour|A1=Crude Bracelet|A2=Crude Bracelet,,0,-,party wiped; +1 levelup
984,13328,1,Normal,38,4,4,4,0,37,37,0,0,80,0,1,1,0,12,9,1,3,3,0,0,448,28,30,30,7.5,0,1,1,5,4,16,4,,,0,-,floor1_town
984,13328,2,Normal,31,5,5,5,0,37,29,0,1,100,0,1,2,2,3,3,0,0,0,3,0,560,78,24,24,4.8,0,1,1,5,4,20,4,,Swords_T1_03=3,2,Rat|Rat,companion_join:Rat;companion_join:Rat; +1 levelup
984,13328,3,Normal,40,3,3,0,2,29,0,1,1,0,0,2,2,1,6,6,0,0,0,3,0,405,134,9,0,0,1,0,0,7,4,12,4,RH=Crude Sword|LH=Crude Sword|BD=Crude Armour|A1=Crude Bracelet|A2=Crude Bracelet,Swords_T1_03=3,0,Rat|Rat,party wiped; flee×2
985,13329,1,Normal,36,3,3,3,0,37,121,0,0,60,0,1,1,0,9,7,0,3,3,0,0,336,3,16,16,5.333,0,1,1,4,4,12,4,,,3,Rat|Rat|Rat,floor1_town;companion_join:Rat;companion_join:Rat;companion_join:Rat
985,13329,2,Normal,30,6,6,6,0,121,102,0,2,120,0,1,2,0,3,3,1,0,0,2,0,672,41,20,20,3.333,0,1,1,4,4,24,4,,Swords_T1_03=2,0,Rat|Rat|Rat,companion_join_skip:party_full; +1 levelup
985,13329,3,Normal,16,3,3,1,1,102,0,2,2,48,0,2,2,2,3,3,0,0,0,3,0,474,142,10,5,5,1,0,0,5,4,12,4,RH=Crude Sword|LH=Crude Sword|BD=Crude Armour|A1=Crude Bracelet|A2=Crude Bracelet,Swords_T1_03=3,0,Rat|Rat|Rat,party wiped; flee×1
986,13330,1,Normal,34,4,4,4,0,37,37,0,0,80,0,1,1,0,12,3,1,3,3,0,0,448,8,23,23,5.75,0,1,1,5,4,16,4,,,0,-,floor1_town
986,13330,2,Normal,39,7,7,7,0,37,66,0,1,140,0,1,2,1,6,6,0,0,0,4,0,784,108,31,31,4.429,0,1,1,6,4,28,4,,Swords_T1_03=4,3,Rat|Rat|Rat,companion_join:Rat;companion_join:Rat;companion_join:Rat;companion_join_skip:party_full; +1 levelup
986,13330,3,Normal,2,1,1,0,0,66,0,1,1,0,0,2,2,1,0,0,0,0,0,1,0,120,65,3,0,0,1,0,0,6,4,4,4,RH=Crude Sword|LH=Crude Sword|BD=Crude Armour|A1=Crude Bracelet|A2=Crude Bracelet,Swords_T1_03=1,0,Rat|Rat|Rat,party wiped
987,13331,1,Normal,32,3,3,3,0,37,65,0,0,60,0,1,1,1,9,6,1,3,3,0,0,336,16,17,17,5.667,0,1,1,4,4,12,4,,,1,Rat,floor1_town;companion_join:Rat
987,13331,2,Normal,26,3,3,3,0,65,66,0,2,60,0,1,2,3,3,3,0,0,0,1,0,336,55,13,13,4.333,0,1,1,4,4,12,4,,Swords_T1_03=1,1,Rat|Rat,companion_join:Rat; +1 levelup
987,13331,3,Normal,11,1,1,0,0,66,0,2,2,0,0,2,2,0,0,0,0,0,0,1,0,111,65,4,0,0,1,0,0,4,4,4,4,RH=Crude Sword|LH=Crude Sword|BD=Crude Armour|A1=Crude Bracelet|A2=Crude Bracelet,Swords_T1_03=1,0,Rat|Rat,party wiped
988,13332,1,Normal,30,2,2,2,0,37,65,0,0,40,0,1,1,0,6,4,1,3,3,0,0,224,0,13,13,6.5,0,1,1,3,4,8,4,,,1,Rat,floor1_town;companion_join:Rat
988,13332,2,Normal,28,2,2,2,0,65,85,0,0,40,0,1,1,2,3,3,0,0,0,0,0,224,16,11,11,5.5,0,1,1,3,4,8,4,,,1,Rat|Rat,companion_join:Rat
988,13332,3,Normal,1,1,1,0,0,85,0,0,0,0,0,1,1,0,0,0,0,0,0,0,0,61,85,2,0,0,1,0,0,3,4,4,4,RH=Crude Sword|LH=Crude Sword|BD=Crude Armour|A1=Crude Bracelet|A2=Crude Bracelet,,0,Rat|Rat,party wiped
989,13333,1,Normal,28,1,1,1,0,37,37,0,0,20,0,1,1,0,3,2,2,3,3,0,0,112,6,8,8,8,0,1,1,2,4,4,4,,,0,-,floor1_town
989,13333,2,Normal,25,3,3,3,0,37,37,0,0,60,0,1,1,2,6,6,2,0,0,0,0,336,8,16,16,5.333,0,1,1,3,4,12,4,,,0,-,
989,13333,3,Normal,25,1,1,0,0,37,0,0,0,0,0,1,1,4,3,3,0,0,0,0,0,151,37,6,0,0,1,0,0,9,4,4,4,RH=Crude Sword|LH=Crude Sword|BD=Crude Armour|A1=Crude Bracelet|A2=Crude Bracelet,,0,-,party wiped
990,13334,1,Normal,26,4,4,4,0,37,37,0,0,80,0,1,1,0,12,4,0,3,3,0,0,448,22,24,24,6,0,1,1,5,4,16,4,,,0,-,floor1_town
990,13334,2,Normal,13,2,2,1,0,37,0,0,3,20,0,1,2,0,3,3,0,0,0,1,0,193,43,11,5,5,1,0,0,5,4,8,4,RH=Crude Sword|LH=Crude Sword|BD=Crude Armour|A1=Crude Bracelet|A2=Crude Bracelet,Swords_T1_03=1,0,-,party wiped; +1 levelup
991,13335,1,Normal,40,6,6,6,0,37,129,0,2,120,0,1,2,2,14,1,0,3,3,1,0,672,24,24,24,4,0,1,1,7,4,24,4,,Swords_T1_03=1,3,Rat|Rat|Rat,floor1_town;companion_join:Rat;companion_join:Rat;companion_join:Rat;companion_join_skip:party_full;companion_join_skip:party_full; +1 levelup
991,13335,2,Normal,31,2,2,2,0,129,121,2,2,40,0,2,2,2,3,1,0,0,2,1,0,224,7,8,8,4,0,1,1,7,4,8,4,,Swords_T1_03=1,0,Rat|Rat|Rat,companion_join_skip:party_full
991,13335,3,Normal,19,2,2,1,0,121,0,2,2,48,0,2,2,2,0,2,0,0,0,2,0,363,119,8,4,4,1,0,0,7,4,8,4,RH=Crude Sword|LH=Crude Sword|BD=Crude Armour|A1=Crude Bracelet|A2=Crude Bracelet,Swords_T1_03=2,0,Rat|Rat|Rat,party wiped
992,13336,1,Normal,38,4,4,4,0,37,37,0,0,80,0,1,1,0,12,7,0,3,3,0,0,448,39,23,23,5.75,0,1,1,5,4,16,4,,,0,-,floor1_town
992,13336,2,Normal,32,3,3,2,0,37,0,0,2,40,0,1,2,1,3,3,0,0,0,2,0,306,111,15,10,5,1,0,0,5,4,12,4,RH=Crude Sword|LH=Crude Sword|BD=Crude Armour|A1=Crude Bracelet|A2=Crude Bracelet,Swords_T1_03=2,2,Rat|Rat,companion_join:Rat;companion_join:Rat; party wiped; +1 levelup
993,13337,1,Normal,36,4,4,4,0,37,93,0,0,80,0,1,1,2,12,6,0,3,3,0,0,448,32,20,20,5,0,1,1,5,4,16,4,,,2,Rat|Rat,floor1_town;companion_join:Rat;companion_join:Rat
993,13337,2,Normal,36,5,5,4,0,93,0,0,1,80,0,1,2,0,3,3,0,0,0,3,0,559,134,21,14,3.5,1,0,0,5,4,20,4,RH=Crude Sword|LH=Crude Sword|BD=Crude Armour|A1=Crude Bracelet|A2=Crude Bracelet,Swords_T1_03=3,1,Rat|Rat|Rat,companion_join:Rat;companion_join_skip:party_full;companion_join_skip:party_full; party wiped; +1 levelup
994,13338,1,Normal,34,3,3,3,0,37,65,0,0,60,0,1,1,0,8,6,0,3,3,0,0,336,11,14,14,4.667,0,1,1,4,4,12,4,,,1,Rat,floor1_town;companion_join:Rat
994,13338,2,Normal,31,4,4,4,0,65,53,0,3,80,0,1,2,2,3,3,0,0,0,1,0,448,64,19,19,4.75,0,1,1,4,4,16,4,,Swords_T1_03=1,1,Rat|Rat,companion_join:Rat; +1 levelup
994,13338,3,Normal,3,1,1,0,0,53,0,3,3,0,0,2,2,1,0,0,0,0,0,1,0,168,85,3,0,0,1,0,0,4,4,4,4,RH=Crude Sword|LH=Crude Sword|BD=Crude Armour|A1=Crude Bracelet|A2=Crude Bracelet,Swords_T1_03=1,0,Rat|Rat,party wiped
995,13339,1,Normal,32,5,5,5,0,37,129,0,3,100,0,1,2,0,11,0,1,3,3,0,0,560,26,22,22,4.4,0,1,1,6,4,20,4,,,3,Rat|Rat|Rat,floor1_town;companion_join:Rat;companion_join:Rat;companion_join:Rat; +1 levelup
995,13339,2,Normal,36,4,4,4,0,129,88,3,3,80,0,2,2,2,3,3,0,0,0,3,0,448,38,15,15,3.75,0,1,1,6,4,16,4,,Swords_T1_03=3,0,Rat|Rat|Rat,companion_join_skip:party_full
995,13339,3,Normal,16,2,2,0,1,88,0,3,0,0,0,2,2,1,3,3,0,0,0,1,0,191,112,6,0,0,1,0,0,12,4,8,4,RH=Crude Sword|LH=Crude Sword|BD=Crude Armour|A1=Crude Bracelet|A2=Crude Bracelet,Swords_T1_03=1,0,Rat|Rat|Rat,party wiped; flee×1
996,13340,1,Normal,30,4,4,4,0,37,37,0,0,80,0,1,1,0,12,9,0,3,3,0,0,448,13,24,24,6,0,1,1,5,4,16,4,,,0,-,floor1_town
996,13340,2,Normal,25,1,1,1,0,37,45,0,2,20,0,1,2,0,3,1,2,0,2,0,0,112,8,5,5,5,0,1,1,5,4,4,4,,,0,-,+1 levelup
996,13340,3,Normal,19,2,2,1,0,45,0,2,2,48,0,2,2,4,3,5,0,0,0,2,0,386,57,10,7,7,1,0,0,6,4,8,4,RH=Crude Sword|LH=Crude Sword|BD=Crude Armour|A1=Crude Bracelet|A2=Crude Bracelet,Swords_T1_03=2,0,-,party wiped
997,13341,1,Normal,28,2,2,2,0,37,65,0,0,40,0,1,1,1,6,4,0,3,3,0,0,224,21,13,13,6.5,0,1,1,3,4,8,4,,,1,Rat,floor1_town;companion_join:Rat
997,13341,2,Normal,38,4,4,4,0,65,88,0,2,80,0,1,2,0,3,3,0,0,0,0,0,448,55,17,17,4.25,0,1,1,3,4,16,4,,,2,Rat|Rat|Rat,companion_join:Rat;companion_join:Rat; +1 levelup
997,13341,3,Normal,6,1,1,0,0,88,0,2,2,0,0,2,2,1,0,0,0,0,0,0,0,88,88,3,0,0,1,0,0,3,4,4,4,RH=Crude Sword|LH=Crude Sword|BD=Crude Armour|A1=Crude Bracelet|A2=Crude Bracelet,,0,Rat|Rat|Rat,party wiped
998,13342,1,Normal,26,4,4,4,0,37,37,0,0,80,0,1,1,1,12,10,1,3,3,0,0,448,0,26,26,6.5,0,1,1,5,4,16,4,,,0,-,floor1_town
998,13342,2,Normal,39,3,3,3,0,37,21,0,2,60,0,1,2,3,3,3,0,0,0,1,0,336,52,16,16,5.333,0,1,1,5,4,12,4,,Swords_T1_03=1,1,Rat,companion_join:Rat; +1 levelup
998,13342,3,Normal,16,1,1,0,0,21,0,2,2,0,0,2,2,0,3,3,0,0,0,1,0,176,75,5,0,0,1,0,0,6,4,4,4,RH=Crude Sword|LH=Crude Sword|BD=Crude Armour|A1=Crude Bracelet|A2=Crude Bracelet,Swords_T1_03=1,0,Rat,party wiped
999,13343,1,Normal,40,4,4,4,0,37,65,0,0,80,0,1,1,1,10,6,0,3,3,0,0,448,49,21,21,5.25,0,1,1,5,4,16,4,,,1,Rat,floor1_town;companion_join:Rat
999,13343,2,Normal,25,3,3,2,0,65,0,0,2,40,0,1,2,0,3,3,0,0,0,1,0,290,101,15,12,6,1,0,0,5,4,12,4,RH=Crude Sword|LH=Crude Sword|BD=Crude Armour|A1=Crude Bracelet|A2=Crude Bracelet,Swords_T1_03=1,1,Rat|Rat,companion_join:Rat; party wiped; +1 levelup
1000,13344,1,Normal,38,2,2,2,0,37,65,0,0,40,0,1,1,0,6,3,2,3,3,0,0,224,21,11,11,5.5,0,1,1,3,4,8,4,,,1,Rat,floor1_town;companion_join:Rat
1000,13344,2,Normal,30,4,4,3,1,65,6,0,1,60,0,1,2,2,3,3,0,0,0,1,0,392,115,16,14,4.667,0,1,1,3,4,16,4,,Swords_T1_03=1,1,Rat|Rat,companion_join:Rat; +1 levelup; flee×1
1000,13344,3,Normal,4,1,1,0,0,6,0,1,1,0,0,2,2,1,3,3,0,0,0,0,0,116,44,3,0,0,1,0,0,4,4,4,4,RH=Crude Sword|LH=Crude Sword|BD=Crude Armour|A1=Crude Bracelet|A2=Crude Bracelet,,0,Rat|Rat,party wiped
