run_id,seed,floor,floor_type,steps_moved,encounters,battles,battles_won,battles_fled,hp_before,hp_after,mp_before,mp_after,xp_gained,gold_gained,level_before,level_after,medicinal_herb_use_count,potion_use_count,dawn_chalice_use_count,medicinal_herb_remain_after,potion_remain_after,chalice_remain_after,skill_use_count,recovery_skill_use_count,total_damage_dealt,total_damage_taken,total_battle_turns,death_flag,clear_flag,next_floor_flag,floor1_town_uses_cumulative,last_battle_enemy_count,notes
1,12345,1,Normal,26,2,2,2,0,27,27,0,0,10,0,1,1,0,6,2,0,3,3,0,0,56,0,13,0,1,1,15,1,floor1_town
1,12345,1,Normal,10,3,3,2,0,27,0,0,0,10,0,1,1,0,9,8,0,0,0,0,0,79,45,29,1,0,0,35,1,ai_farm; party wiped
2,12346,1,Normal,30,2,2,2,0,27,27,0,0,10,0,1,1,1,6,1,0,3,3,0,0,56,0,15,0,1,1,15,1,floor1_town
2,12346,1,Normal,35,3,3,3,0,27,27,0,0,15,0,1,1,0,8,6,0,3,3,0,0,84,12,21,0,1,1,36,1,ai_farm
2,12346,1,Normal,32,4,4,4,0,27,27,0,0,20,0,1,1,0,12,3,0,3,3,0,0,112,2,27,0,1,1,64,1,ai_farm
2,12346,1,Normal,14,2,2,1,0,27,0,0,0,5,0,1,1,0,6,6,0,0,0,0,0,55,27,16,1,0,0,77,1,ai_farm; party wiped
3,12347,1,Normal,6,1,1,0,0,27,0,0,0,0,0,1,1,0,3,3,0,0,0,0,0,23,27,8,1,0,0,7,1,floor1_town; party wiped
4,12348,1,Normal,40,2,2,2,0,27,27,0,0,10,0,1,1,1,4,0,0,3,3,0,0,56,0,9,0,1,1,15,1,floor1_town
4,12348,1,Normal,30,1,1,1,0,27,27,0,0,5,0,1,1,0,3,0,0,3,3,0,0,28,0,5,0,1,1,22,1,ai_farm
4,12348,1,Normal,40,3,3,3,0,27,27,0,0,15,0,1,1,0,9,6,0,3,3,0,0,84,12,21,0,1,1,43,1,ai_farm
4,12348,1,Normal,25,1,1,1,0,27,27,0,0,5,0,1,1,0,3,2,0,3,3,0,0,28,0,7,0,1,1,50,1,ai_farm
4,12348,1,Normal,30,4,4,4,0,27,27,0,0,20,0,1,1,0,11,3,0,3,3,0,0,112,2,18,0,1,1,78,1,ai_farm
4,12348,1,Normal,40,3,3,3,0,27,27,0,0,15,0,1,1,0,6,3,0,3,3,0,0,84,0,17,0,1,1,99,1,ai_farm
4,12348,1,Normal,26,2,2,2,0,27,27,0,0,10,0,1,1,0,6,3,0,3,3,0,0,56,0,15,0,1,1,113,1,ai_farm
4,12348,1,Normal,37,5,5,5,0,27,35,0,3,25,0,1,2,0,13,2,0,3,3,0,0,140,2,23,0,1,1,142,1,ai_farm; +1 levelup
4,12348,2,Normal,33,3,3,3,0,35,23,3,3,15,0,2,2,1,3,3,0,0,0,0,0,84,12,13,0,1,1,142,1,
4,12348,3,Normal,15,3,3,2,0,23,0,3,3,24,0,2,2,0,8,6,0,0,0,0,0,171,35,22,1,0,0,160,1,party wiped
5,12349,1,Normal,28,4,4,4,0,27,27,0,0,20,0,1,1,0,12,6,0,3,3,0,0,112,0,26,0,1,1,29,1,floor1_town
5,12349,1,Normal,7,1,1,0,0,27,0,0,0,0,0,1,1,0,3,3,0,0,0,0,0,18,27,9,1,0,0,35,1,ai_farm; party wiped
6,12350,1,Normal,33,1,1,1,0,27,27,0,0,5,0,1,1,1,1,0,1,3,3,0,0,28,0,3,0,1,1,8,1,floor1_town
6,12350,1,Normal,27,4,4,4,0,27,27,0,0,20,0,1,1,1,10,1,0,3,3,0,0,112,0,17,0,1,1,36,1,ai_farm
6,12350,1,Normal,33,4,4,4,0,27,27,0,0,20,0,1,1,0,11,5,0,3,3,0,0,112,0,24,0,1,1,64,1,ai_farm
6,12350,1,Normal,34,2,2,2,0,27,27,0,0,10,0,1,1,0,5,2,0,3,3,0,0,56,0,11,0,1,1,78,1,ai_farm
6,12350,1,Normal,25,2,2,2,0,27,27,0,0,10,0,1,1,0,5,3,0,3,3,0,0,56,12,14,0,1,1,92,1,ai_farm
6,12350,1,Normal,36,3,3,3,0,27,27,0,0,15,0,1,1,0,7,2,0,3,3,0,0,84,2,14,0,1,1,113,1,ai_farm
6,12350,1,Normal,37,6,6,6,0,27,35,0,2,30,0,1,2,0,15,2,0,3,3,0,0,168,0,27,0,1,1,143,1,ai_farm; +1 levelup
6,12350,2,Normal,38,4,4,4,0,35,23,2,2,20,0,2,2,2,3,3,0,0,0,0,0,112,12,16,0,1,1,143,1,
6,12350,3,Normal,32,1,1,1,0,23,35,2,2,12,0,2,2,1,3,0,0,0,3,0,0,60,0,6,0,1,1,149,1,
7,12351,1,Normal,38,3,3,3,0,27,27,0,0,15,0,1,1,0,7,1,0,3,3,0,0,84,2,16,0,1,1,22,1,floor1_town
7,12351,1,Normal,36,2,2,2,0,27,27,0,0,10,0,1,1,0,5,0,0,3,3,0,0,56,0,9,0,1,1,36,1,ai_farm
7,12351,1,Normal,38,5,5,5,0,27,27,0,0,25,0,1,1,0,13,1,0,3,3,0,0,140,0,30,0,1,1,71,1,ai_farm
7,12351,1,Normal,26,2,2,2,0,27,27,0,0,10,0,1,1,0,5,0,0,3,3,0,0,56,0,8,0,1,1,85,1,ai_farm
7,12351,1,Normal,19,4,4,3,0,27,0,0,0,15,0,1,1,0,10,5,0,0,0,0,0,111,31,25,1,0,0,112,1,ai_farm; party wiped
8,12352,1,Normal,26,2,2,2,0,27,27,0,0,10,0,1,1,1,2,0,1,3,3,0,0,56,0,5,0,1,1,15,1,floor1_town
8,12352,1,Normal,29,2,2,2,0,27,27,0,0,10,0,1,1,1,5,0,0,3,3,0,0,56,0,12,0,1,1,29,1,ai_farm
8,12352,1,Normal,28,1,1,1,0,27,27,0,0,5,0,1,1,0,2,0,0,3,3,0,0,28,0,5,0,1,1,36,1,ai_farm
8,12352,1,Normal,30,4,4,4,0,27,27,0,0,20,0,1,1,0,9,2,0,3,3,0,0,112,0,20,0,1,1,64,1,ai_farm
8,12352,1,Normal,29,4,4,4,0,27,27,0,0,20,0,1,1,0,10,5,0,3,3,0,0,112,0,28,0,1,1,92,1,ai_farm
8,12352,1,Normal,35,5,5,5,0,27,27,0,0,25,0,1,1,0,15,6,0,3,3,0,0,140,0,32,0,1,1,127,1,ai_farm
8,12352,1,Normal,27,3,3,3,0,27,35,0,2,15,0,1,2,0,5,0,0,3,3,0,0,84,0,13,0,1,1,142,1,ai_farm; +1 levelup
8,12352,2,Normal,33,4,4,3,1,35,3,2,2,15,0,2,2,1,3,3,0,0,0,0,0,84,32,18,0,1,1,142,1,flee×1
8,12352,3,Normal,26,4,4,4,0,3,35,2,2,48,0,2,2,1,12,7,0,0,3,0,0,240,42,28,0,1,1,166,1,
9,12353,1,Normal,31,2,2,2,0,27,27,0,0,10,0,1,1,0,4,1,0,3,3,0,0,56,2,10,0,1,1,15,1,floor1_town
9,12353,1,Normal,39,5,5,5,0,27,27,0,0,25,0,1,1,0,11,1,0,3,3,0,0,140,0,23,0,1,1,50,1,ai_farm
9,12353,1,Normal,25,3,3,3,0,27,27,0,0,15,0,1,1,0,6,0,0,3,3,0,0,84,0,12,0,1,1,71,1,ai_farm
9,12353,1,Normal,29,5,5,5,0,27,27,0,0,25,0,1,1,0,15,8,0,3,3,0,0,140,0,31,0,1,1,106,1,ai_farm
9,12353,1,Normal,33,2,2,2,0,27,27,0,0,10,0,1,1,0,5,3,0,3,3,0,0,56,0,14,0,1,1,120,1,ai_farm
9,12353,1,Normal,29,3,3,3,0,27,34,0,2,15,0,1,2,0,8,1,0,3,3,0,0,84,0,14,0,1,1,141,1,ai_farm; +1 levelup
9,12353,2,Normal,40,4,4,4,0,34,34,2,2,20,0,2,2,1,6,4,0,0,2,0,0,112,31,23,0,1,1,142,1,
9,12353,3,Normal,11,1,1,0,0,34,0,2,2,0,0,2,2,2,3,3,0,0,0,0,0,30,34,10,1,0,0,148,1,party wiped
10,12354,1,Normal,36,3,3,3,0,27,27,0,0,15,0,1,1,1,6,0,1,3,3,0,0,84,0,12,0,1,1,22,1,floor1_town
10,12354,1,Normal,39,4,4,4,0,27,27,0,0,20,0,1,1,1,11,4,0,3,3,0,0,112,12,22,0,1,1,50,1,ai_farm
10,12354,1,Normal,28,1,1,1,0,27,27,0,0,5,0,1,1,0,3,0,0,3,3,0,0,28,0,4,0,1,1,57,1,ai_farm
10,12354,1,Normal,26,2,2,2,0,27,27,0,0,10,0,1,1,0,6,1,0,3,3,0,0,56,0,9,0,1,1,71,1,ai_farm
10,12354,1,Normal,31,3,3,3,0,27,27,0,0,15,0,1,1,0,8,4,0,3,3,0,0,84,0,22,0,1,1,92,1,ai_farm
10,12354,1,Normal,28,4,4,4,0,27,27,0,0,20,0,1,1,0,10,2,0,3,3,0,0,112,0,19,0,1,1,120,1,ai_farm
10,12354,1,Normal,33,4,4,4,0,27,35,0,2,20,0,1,2,0,8,0,0,3,3,0,0,112,0,17,0,1,1,142,1,ai_farm; +1 levelup
10,12354,2,Normal,27,3,3,3,0,35,35,2,2,15,0,2,2,2,3,3,0,0,0,0,0,84,0,14,0,1,1,142,1,
10,12354,3,Normal,11,1,1,0,0,35,0,2,2,0,0,2,2,1,3,3,0,0,0,0,0,53,35,9,1,0,0,148,1,party wiped
11,12355,1,Normal,25,2,2,2,0,27,27,0,0,10,0,1,1,0,3,0,0,3,3,0,0,56,0,7,0,1,1,15,1,floor1_town
11,12355,1,Normal,28,4,4,4,0,27,27,0,0,20,0,1,1,0,10,2,0,3,3,0,0,112,4,20,0,1,1,43,1,ai_farm
11,12355,1,Normal,33,5,5,5,0,27,27,0,0,25,0,1,1,0,14,4,0,3,3,0,0,140,0,31,0,1,1,78,1,ai_farm
11,12355,1,Normal,39,1,1,1,0,27,27,0,0,5,0,1,1,0,3,0,0,3,3,0,0,28,0,7,0,1,1,85,1,ai_farm
11,12355,1,Normal,31,4,4,4,0,27,27,0,0,20,0,1,1,0,12,3,0,3,3,0,0,112,0,19,0,1,1,113,1,ai_farm
11,12355,1,Normal,34,5,5,5,0,27,36,0,1,25,0,1,2,0,9,3,0,3,3,0,0,140,4,22,0,1,1,142,1,ai_farm; +1 levelup
11,12355,2,Normal,23,4,4,3,0,36,0,1,1,15,0,2,2,1,4,3,0,0,0,0,0,96,45,21,1,0,0,143,1,party wiped
12,12356,1,Normal,29,2,2,2,0,27,27,0,0,10,0,1,1,1,3,0,1,3,3,0,0,56,0,7,0,1,1,15,1,floor1_town
12,12356,1,Normal,31,3,3,3,0,27,27,0,0,15,0,1,1,1,9,4,0,3,3,0,0,84,26,20,0,1,1,36,1,ai_farm
12,12356,1,Normal,7,2,2,1,0,27,0,0,0,5,0,1,1,0,6,4,0,0,0,0,0,51,27,15,1,0,0,49,1,ai_farm; party wiped
13,12357,1,Normal,34,5,5,5,0,27,27,0,0,25,0,1,1,1,12,3,0,3,3,0,0,140,0,23,0,1,1,36,1,floor1_town
13,12357,1,Normal,30,3,3,3,0,27,27,0,0,15,0,1,1,0,8,3,0,3,3,0,0,84,0,16,0,1,1,57,1,ai_farm
13,12357,1,Normal,31,4,4,4,0,27,27,0,0,20,0,1,1,0,8,0,0,3,3,0,0,112,0,13,0,1,1,85,1,ai_farm
13,12357,1,Normal,34,3,3,3,0,27,27,0,0,15,0,1,1,0,8,3,0,3,3,0,0,84,0,14,0,1,1,106,1,ai_farm
13,12357,1,Normal,33,2,2,2,0,27,27,0,0,10,0,1,1,0,5,1,0,3,3,0,0,56,0,8,0,1,1,120,1,ai_farm
13,12357,1,Normal,26,2,2,2,0,27,27,0,0,10,0,1,1,0,6,1,0,3,3,0,0,56,0,11,0,1,1,134,1,ai_farm
13,12357,1,Normal,29,3,3,3,0,27,36,0,1,15,0,1,2,0,5,1,0,3,3,0,0,84,0,11,0,1,1,143,1,ai_farm; +1 levelup
13,12357,2,Normal,27,4,4,4,0,36,24,1,1,20,0,2,2,0,3,3,1,0,0,0,0,112,12,12,0,1,1,143,1,
13,12357,3,Normal,21,3,3,2,0,24,0,1,1,24,0,2,2,1,9,6,0,0,0,0,0,165,36,23,1,0,0,161,1,party wiped
14,12358,1,Normal,39,4,4,4,0,27,27,0,0,20,0,1,1,2,5,0,0,3,3,0,0,112,0,15,0,1,1,29,1,floor1_town
14,12358,1,Normal,8,1,1,0,0,27,0,0,0,0,0,1,1,0,3,3,0,0,0,0,0,27,27,11,1,0,0,35,1,ai_farm; party wiped
15,12359,1,Normal,27,3,3,3,0,27,27,0,0,15,0,1,1,1,7,2,0,3,3,0,0,84,0,14,0,1,1,22,1,floor1_town
15,12359,1,Normal,37,5,5,5,0,27,27,0,0,25,0,1,1,0,15,5,0,3,3,0,0,140,4,35,0,1,1,57,1,ai_farm
15,12359,1,Normal,35,3,3,3,0,27,27,0,0,15,0,1,1,0,8,0,0,3,3,0,0,84,0,12,0,1,1,78,1,ai_farm
15,12359,1,Normal,4,1,1,0,0,27,0,0,0,0,0,1,1,0,3,3,0,0,0,0,0,23,27,9,1,0,0,84,1,ai_farm; party wiped
16,12360,1,Normal,32,4,4,4,0,27,27,0,0,20,0,1,1,2,9,2,0,3,3,0,0,112,0,19,0,1,1,29,1,floor1_town
16,12360,1,Normal,26,4,4,4,0,27,27,0,0,20,0,1,1,0,11,3,0,3,3,0,0,112,4,19,0,1,1,57,1,ai_farm
16,12360,1,Normal,36,4,4,4,0,27,27,0,0,20,0,1,1,0,10,1,0,3,3,0,0,112,0,17,0,1,1,85,1,ai_farm
16,12360,1,Normal,32,4,4,4,0,27,27,0,0,20,0,1,1,0,9,4,0,3,3,0,0,112,4,21,0,1,1,113,1,ai_farm
16,12360,1,Normal,29,3,3,3,0,27,27,0,0,15,0,1,1,0,8,3,0,3,3,0,0,84,4,14,0,1,1,134,1,ai_farm
16,12360,1,Normal,27,4,4,4,0,27,34,0,3,20,0,1,2,0,10,4,0,3,3,0,0,112,13,21,0,1,1,144,1,ai_farm; +1 levelup
16,12360,2,Normal,33,5,5,5,0,34,34,3,3,25,0,2,2,0,4,3,1,2,3,0,0,140,12,18,0,1,1,145,1,
16,12360,3,Normal,35,2,2,2,0,34,18,3,3,24,0,2,2,1,6,3,0,0,0,0,0,120,16,13,0,1,1,157,1,
17,12361,1,Normal,37,5,5,5,0,27,27,0,0,25,0,1,1,1,14,4,0,3,3,0,0,140,2,26,0,1,1,36,1,floor1_town
17,12361,1,Normal,25,2,2,1,0,27,0,0,0,5,0,1,1,0,5,3,0,0,0,0,0,55,27,13,1,0,0,49,1,ai_farm; party wiped
18,12362,1,Normal,25,3,3,3,0,27,27,0,0,15,0,1,1,2,4,0,0,3,3,0,0,84,0,11,0,1,1,22,1,floor1_town
18,12362,1,Normal,34,6,6,6,0,27,27,0,0,30,0,1,1,0,13,2,0,3,3,0,0,168,2,27,0,1,1,64,1,ai_farm
18,12362,1,Normal,25,2,2,2,0,27,27,0,0,10,0,1,1,0,6,1,0,3,3,0,0,56,0,10,0,1,1,78,1,ai_farm
18,12362,1,Normal,37,3,3,3,0,27,27,0,0,15,0,1,1,0,7,4,0,3,3,0,0,84,2,19,0,1,1,99,1,ai_farm
18,12362,1,Normal,29,4,4,4,0,27,27,0,0,20,0,1,1,0,12,6,0,3,3,0,0,112,16,27,0,1,1,127,1,ai_farm
18,12362,1,Normal,26,3,3,3,0,27,35,0,2,15,0,1,2,0,3,0,0,3,3,0,0,84,0,10,0,1,1,142,1,ai_farm; +1 levelup
18,12362,2,Normal,25,4,4,3,0,35,0,2,2,15,0,2,2,0,3,3,0,0,0,0,0,110,35,14,1,0,0,142,1,party wiped
19,12363,1,Normal,30,3,3,3,0,27,27,0,0,15,0,1,1,1,8,4,0,3,3,0,0,84,12,20,0,1,1,22,1,floor1_town
19,12363,1,Normal,26,2,2,2,0,27,27,0,0,10,0,1,1,0,5,1,0,3,3,0,0,56,0,9,0,1,1,36,1,ai_farm
19,12363,1,Normal,29,4,4,4,0,27,27,0,0,20,0,1,1,0,9,1,0,3,3,0,0,112,2,15,0,1,1,64,1,ai_farm
19,12363,1,Normal,28,2,2,2,0,27,27,0,0,10,0,1,1,0,6,4,0,3,3,0,0,56,0,17,0,1,1,78,1,ai_farm
19,12363,1,Normal,40,3,3,3,0,27,27,0,0,15,0,1,1,0,5,0,0,3,3,0,0,84,0,14,0,1,1,99,1,ai_farm
19,12363,1,Normal,40,3,3,3,0,27,27,0,0,15,0,1,1,0,8,0,0,3,3,0,0,84,0,15,0,1,1,120,1,ai_farm
19,12363,1,Normal,33,2,2,2,0,27,27,0,0,10,0,1,1,0,4,0,0,3,3,0,0,56,0,7,0,1,1,134,1,ai_farm
19,12363,1,Normal,30,4,4,4,0,27,35,0,1,20,0,1,2,0,8,2,0,3,3,0,0,112,0,17,0,1,1,144,1,ai_farm; +1 levelup
19,12363,2,Normal,38,5,5,5,0,35,35,1,1,25,0,2,2,0,7,5,0,2,3,0,0,140,18,26,0,1,1,146,1,
19,12363,3,Normal,40,2,2,2,0,35,19,1,1,24,0,2,2,1,6,6,0,0,0,0,0,120,35,22,0,1,1,158,1,
20,12364,1,Normal,35,2,2,2,0,27,27,0,0,10,0,1,1,2,6,0,0,3,3,0,0,56,0,11,0,1,1,15,1,floor1_town
20,12364,1,Normal,40,5,5,5,0,27,27,0,0,25,0,1,1,0,12,2,0,3,3,0,0,140,4,28,0,1,1,50,1,ai_farm
20,12364,1,Normal,8,1,1,0,0,27,0,0,0,0,0,1,1,0,3,3,0,0,0,0,0,23,27,9,1,0,0,56,1,ai_farm; party wiped
21,12365,1,Normal,40,4,4,4,0,27,27,0,0,20,0,1,1,1,9,0,0,3,3,0,0,112,0,19,0,1,1,29,1,floor1_town
21,12365,1,Normal,11,2,2,1,0,27,0,0,0,5,0,1,1,0,3,3,0,0,0,0,0,55,27,13,1,0,0,42,1,ai_farm; party wiped
22,12366,1,Normal,28,2,2,2,0,27,27,0,0,10,0,1,1,0,5,3,0,3,3,0,0,56,0,13,0,1,1,15,1,floor1_town
22,12366,1,Normal,36,4,4,4,0,27,27,0,0,20,0,1,1,0,11,7,0,3,3,0,0,112,12,26,0,1,1,43,1,ai_farm
22,12366,1,Normal,31,2,2,2,0,27,27,0,0,10,0,1,1,0,4,3,0,3,3,0,0,56,0,9,0,1,1,57,1,ai_farm
22,12366,1,Normal,31,5,5,5,0,27,27,0,0,25,0,1,1,0,11,1,0,3,3,0,0,140,0,22,0,1,1,92,1,ai_farm
22,12366,1,Normal,28,2,2,2,0,27,27,0,0,10,0,1,1,0,5,0,0,3,3,0,0,56,0,8,0,1,1,106,1,ai_farm
22,12366,1,Normal,31,2,2,2,0,27,27,0,0,10,0,1,1,0,2,0,0,3,3,0,0,56,0,6,0,1,1,120,1,ai_farm
22,12366,1,Normal,29,3,3,2,0,27,0,0,0,10,0,1,1,0,7,4,0,0,0,0,0,70,27,16,1,0,0,140,1,ai_farm; party wiped
23,12367,1,Normal,33,4,4,4,0,27,27,0,0,20,0,1,1,0,10,2,1,3,3,0,0,112,0,20,0,1,1,29,1,floor1_town
23,12367,1,Normal,27,4,4,4,0,27,27,0,0,20,0,1,1,1,10,6,0,3,3,0,0,112,12,30,0,1,1,57,1,ai_farm
23,12367,1,Normal,29,2,2,2,0,27,27,0,0,10,0,1,1,0,6,5,0,3,3,0,0,56,20,15,0,1,1,71,1,ai_farm
23,12367,1,Normal,38,5,5,5,0,27,27,0,0,25,0,1,1,0,13,7,0,3,3,0,0,140,11,31,0,1,1,106,1,ai_farm
23,12367,1,Normal,38,5,5,5,0,27,35,0,3,25,0,1,2,0,12,1,0,3,3,0,0,140,2,25,0,1,1,141,1,ai_farm; +1 levelup
23,12367,2,Normal,36,3,3,3,0,35,16,3,3,15,0,2,2,2,3,3,0,0,0,0,0,84,19,19,0,1,1,141,1,
23,12367,3,Normal,17,3,3,2,0,16,0,3,3,24,0,2,2,0,8,3,0,0,0,0,0,173,35,17,1,0,0,159,1,party wiped
24,12368,1,Normal,38,5,5,5,0,27,27,0,0,25,0,1,1,0,13,7,0,3,3,0,0,140,0,31,0,1,1,36,1,floor1_town
24,12368,1,Normal,34,2,2,2,0,27,27,0,0,10,0,1,1,0,4,0,0,3,3,0,0,56,0,8,0,1,1,50,1,ai_farm
24,12368,1,Normal,37,5,5,5,0,27,27,0,0,25,0,1,1,0,14,9,0,3,3,0,0,140,0,35,0,1,1,85,1,ai_farm
24,12368,1,Normal,34,3,3,3,0,27,27,0,0,15,0,1,1,0,9,2,0,3,3,0,0,84,2,20,0,1,1,106,1,ai_farm
24,12368,1,Normal,38,3,3,3,0,27,27,0,0,15,0,1,1,0,9,4,0,3,3,0,0,84,24,22,0,1,1,127,1,ai_farm
24,12368,1,Normal,11,1,1,0,0,27,0,0,0,0,0,1,1,0,3,3,0,0,0,0,0,27,27,8,1,0,0,133,1,ai_farm; party wiped
25,12369,1,Normal,26,4,4,4,0,27,27,0,0,20,0,1,1,1,7,2,0,3,3,0,0,112,2,17,0,1,1,29,1,floor1_town
25,12369,1,Normal,28,4,4,4,0,27,27,0,0,20,0,1,1,0,11,6,0,3,3,0,0,112,2,26,0,1,1,57,1,ai_farm
25,12369,1,Normal,27,4,4,4,0,27,27,0,0,20,0,1,1,0,9,1,0,3,3,0,0,112,0,19,0,1,1,85,1,ai_farm
25,12369,1,Normal,33,2,2,2,0,27,27,0,0,10,0,1,1,0,5,0,0,3,3,0,0,56,0,10,0,1,1,99,1,ai_farm
25,12369,1,Normal,31,5,5,5,0,27,27,0,0,25,0,1,1,0,13,4,0,3,3,0,0,140,0,27,0,1,1,134,1,ai_farm
25,12369,1,Normal,37,5,5,5,0,27,34,0,2,25,0,1,2,0,11,2,0,3,3,0,0,140,2,27,0,1,1,145,1,ai_farm; +1 levelup
25,12369,2,Normal,26,3,3,2,1,34,4,2,2,10,0,2,2,0,6,6,0,0,0,0,0,56,39,19,0,1,1,146,1,flee×1
25,12369,3,Normal,37,3,3,3,0,4,34,2,2,36,0,2,2,0,9,2,0,0,2,0,0,180,0,17,0,1,1,164,1,
26,12370,1,Normal,31,2,2,2,0,27,27,0,0,10,0,1,1,0,6,1,0,3,3,0,0,56,0,10,0,1,1,15,1,floor1_town
26,12370,1,Normal,20,4,4,3,0,27,0,0,0,15,0,1,1,0,12,8,0,0,0,0,0,111,27,29,1,0,0,42,1,ai_farm; party wiped
27,12371,1,Normal,36,1,1,1,0,27,27,0,0,5,0,1,1,1,1,0,0,3,3,0,0,28,0,3,0,1,1,8,1,floor1_town
27,12371,1,Normal,31,2,2,2,0,27,27,0,0,10,0,1,1,0,5,2,0,3,3,0,0,56,0,11,0,1,1,22,1,ai_farm
27,12371,1,Normal,27,1,1,1,0,27,27,0,0,5,0,1,1,0,3,1,0,3,3,0,0,28,2,6,0,1,1,29,1,ai_farm
27,12371,1,Normal,31,4,4,4,0,27,27,0,0,20,0,1,1,0,10,1,0,3,3,0,0,112,2,18,0,1,1,57,1,ai_farm
27,12371,1,Normal,33,4,4,4,0,27,27,0,0,20,0,1,1,0,10,2,0,3,3,0,0,112,0,21,0,1,1,85,1,ai_farm
27,12371,1,Normal,3,1,1,0,0,27,0,0,0,0,0,1,1,0,3,3,0,0,0,0,0,18,27,9,1,0,0,91,1,ai_farm; party wiped
28,12372,1,Normal,6,1,1,0,0,27,0,0,0,0,0,1,1,0,3,3,0,0,0,0,0,25,27,10,1,0,0,7,1,floor1_town; party wiped
29,12373,1,Normal,29,1,1,1,0,27,27,0,0,5,0,1,1,1,2,0,1,3,3,0,0,28,0,6,0,1,1,8,1,floor1_town
29,12373,1,Normal,25,2,2,2,0,27,27,0,0,10,0,1,1,0,6,2,1,3,3,0,0,56,0,12,0,1,1,22,1,ai_farm
29,12373,1,Normal,28,4,4,4,0,27,27,0,0,20,0,1,1,1,10,1,0,3,3,0,0,112,0,23,0,1,1,50,1,ai_farm
29,12373,1,Normal,27,3,3,3,0,27,27,0,0,15,0,1,1,0,9,3,0,3,3,0,0,84,0,20,0,1,1,71,1,ai_farm
29,12373,1,Normal,25,0,0,0,0,27,27,0,0,0,0,1,1,0,0,0,0,3,3,0,0,0,0,0,0,1,1,71,0,ai_farm
29,12373,1,Normal,39,5,5,5,0,27,27,0,0,25,0,1,1,0,13,1,0,3,3,0,0,140,0,23,0,1,1,106,1,ai_farm
29,12373,1,Normal,39,3,3,3,0,27,27,0,0,15,0,1,1,0,6,3,0,3,3,0,0,84,0,15,0,1,1,127,1,ai_farm
29,12373,1,Normal,39,4,4,4,0,27,36,0,2,20,0,1,2,0,11,7,0,3,3,0,0,112,0,30,0,1,1,143,1,ai_farm; +1 levelup
29,12373,2,Normal,35,5,5,4,1,36,36,2,2,20,0,2,2,1,6,4,0,0,2,0,0,112,27,21,0,1,1,144,1,flee×1
29,12373,3,Normal,27,3,3,3,0,36,36,2,2,36,0,2,2,1,9,2,0,0,2,0,0,180,3,18,0,1,1,162,1,
30,12374,1,Normal,21,2,2,1,0,27,0,0,0,5,0,1,1,0,5,3,0,0,0,0,0,55,27,12,1,0,0,14,1,floor1_town; party wiped
31,12375,1,Normal,38,4,4,4,0,27,27,0,0,20,0,1,1,2,7,0,0,3,3,0,0,112,0,18,0,1,1,29,1,floor1_town
31,12375,1,Normal,35,5,5,5,0,27,27,0,0,25,0,1,1,0,15,8,0,3,3,0,0,140,4,30,0,1,1,64,1,ai_farm
31,12375,1,Normal,29,2,2,2,0,27,27,0,0,10,0,1,1,0,5,3,0,3,3,0,0,56,12,13,0,1,1,78,1,ai_farm
31,12375,1,Normal,31,0,0,0,0,27,27,0,0,0,0,1,1,0,0,0,0,3,3,0,0,0,0,0,0,1,1,78,0,ai_farm
31,12375,1,Normal,22,4,4,3,0,27,0,0,0,15,0,1,1,0,10,4,0,0,0,0,0,93,27,23,1,0,0,105,1,ai_farm; party wiped
32,12376,1,Normal,27,5,5,5,0,27,27,0,0,25,0,1,1,0,11,1,0,3,3,0,0,140,0,23,0,1,1,36,1,floor1_town
32,12376,1,Normal,30,1,1,1,0,27,27,0,0,5,0,1,1,0,3,0,0,3,3,0,0,28,0,5,0,1,1,43,1,ai_farm
32,12376,1,Normal,35,3,3,3,0,27,27,0,0,15,0,1,1,0,6,2,0,3,3,0,0,84,4,14,0,1,1,64,1,ai_farm
32,12376,1,Normal,30,5,5,5,0,27,27,0,0,25,0,1,1,0,12,1,0,3,3,0,0,140,0,23,0,1,1,99,1,ai_farm
32,12376,1,Normal,26,3,3,3,0,27,27,0,0,15,0,1,1,0,8,1,0,3,3,0,0,84,2,12,0,1,1,120,1,ai_farm
32,12376,1,Normal,29,3,3,3,0,27,34,0,1,15,0,1,2,0,6,0,0,3,3,0,0,84,0,13,0,1,1,141,1,ai_farm; +1 levelup
32,12376,2,Normal,30,5,5,5,0,34,34,1,1,25,0,2,2,0,5,0,0,3,3,0,0,140,27,20,0,1,1,144,1,
32,12376,3,Normal,25,3,3,3,0,34,34,1,1,36,0,2,2,1,9,5,0,0,1,0,0,180,3,18,0,1,1,162,1,
33,12377,1,Normal,32,4,4,4,0,27,27,0,0,20,0,1,1,2,9,5,0,3,3,0,0,112,0,21,0,1,1,29,1,floor1_town
33,12377,1,Normal,34,3,3,3,0,27,27,0,0,15,0,1,1,0,9,1,0,3,3,0,0,84,0,17,0,1,1,50,1,ai_farm
33,12377,1,Normal,28,4,4,4,0,27,27,0,0,20,0,1,1,0,10,3,0,3,3,0,0,112,0,20,0,1,1,78,1,ai_farm
33,12377,1,Normal,40,2,2,2,0,27,27,0,0,10,0,1,1,0,5,0,0,3,3,0,0,56,0,10,0,1,1,92,1,ai_farm
33,12377,1,Normal,37,3,3,3,0,27,27,0,0,15,0,1,1,0,6,3,0,3,3,0,0,84,0,14,0,1,1,113,1,ai_farm
33,12377,1,Normal,40,3,3,3,0,27,27,0,0,15,0,1,1,0,8,4,0,3,3,0,0,84,18,18,0,1,1,134,1,ai_farm
33,12377,1,Normal,29,3,3,3,0,27,36,0,1,15,0,1,2,0,7,3,0,3,3,0,0,84,0,17,0,1,1,143,1,ai_farm; +1 levelup
33,12377,2,Normal,38,4,4,4,0,36,20,1,1,20,0,2,2,2,3,3,0,0,0,0,0,112,16,17,0,1,1,143,1,
33,12377,3,Normal,24,4,4,3,0,20,0,1,1,36,0,2,2,2,10,3,0,0,0,0,0,232,36,24,1,0,0,167,1,party wiped
34,12378,1,Normal,37,2,2,2,0,27,27,0,0,10,0,1,1,0,5,2,0,3,3,0,0,56,0,9,0,1,1,15,1,floor1_town
34,12378,1,Normal,30,4,4,4,0,27,27,0,0,20,0,1,1,0,8,3,0,3,3,0,0,112,24,18,0,1,1,43,1,ai_farm
34,12378,1,Normal,26,3,3,3,0,27,27,0,0,15,0,1,1,0,7,1,0,3,3,0,0,84,0,14,0,1,1,64,1,ai_farm
34,12378,1,Normal,35,5,5,5,0,27,27,0,0,25,0,1,1,0,12,1,0,3,3,0,0,140,0,22,0,1,1,99,1,ai_farm
34,12378,1,Normal,33,3,3,3,0,27,27,0,0,15,0,1,1,0,6,0,0,3,3,0,0,84,0,11,0,1,1,120,1,ai_farm
34,12378,1,Normal,29,3,3,3,0,27,35,0,2,15,0,1,2,0,7,5,0,3,3,0,0,84,14,21,0,1,1,141,1,ai_farm; +1 levelup
34,12378,2,Normal,30,3,3,3,0,35,19,2,2,15,0,2,2,0,3,3,0,0,0,0,0,84,16,12,0,1,1,141,1,
34,12378,3,Normal,25,3,3,2,0,19,0,2,2,24,0,2,2,0,8,5,0,0,0,0,0,171,38,20,1,0,0,159,1,party wiped
35,12379,1,Normal,25,3,3,3,0,27,27,0,0,15,0,1,1,2,4,0,0,3,3,0,0,84,0,13,0,1,1,22,1,floor1_town
35,12379,1,Normal,30,3,3,3,0,27,27,0,0,15,0,1,1,0,7,0,0,3,3,0,0,84,0,10,0,1,1,43,1,ai_farm
35,12379,1,Normal,13,2,2,1,0,27,0,0,0,5,0,1,1,0,5,3,0,0,0,0,0,51,27,13,1,0,0,56,1,ai_farm; party wiped
36,12380,1,Normal,30,3,3,3,0,27,27,0,0,15,0,1,1,1,9,4,0,3,3,0,0,84,2,21,0,1,1,22,1,floor1_town
36,12380,1,Normal,40,3,3,3,0,27,27,0,0,15,0,1,1,0,9,1,0,3,3,0,0,84,2,19,0,1,1,43,1,ai_farm
36,12380,1,Normal,36,2,2,2,0,27,27,0,0,10,0,1,1,0,5,2,0,3,3,0,0,56,0,12,0,1,1,57,1,ai_farm
36,12380,1,Normal,26,4,4,4,0,27,27,0,0,20,0,1,1,0,12,2,0,3,3,0,0,112,0,22,0,1,1,85,1,ai_farm
36,12380,1,Normal,27,4,4,4,0,27,27,0,0,20,0,1,1,0,10,2,0,3,3,0,0,112,0,23,0,1,1,113,1,ai_farm
36,12380,1,Normal,31,3,3,2,0,27,0,0,0,10,0,1,1,0,8,3,0,0,0,0,0,83,27,17,1,0,0,133,1,ai_farm; party wiped
37,12381,1,Normal,35,3,3,3,0,27,27,0,0,15,0,1,1,2,7,1,0,3,3,0,0,84,2,15,0,1,1,22,1,floor1_town
37,12381,1,Normal,33,4,4,4,0,27,27,0,0,20,0,1,1,0,7,1,0,3,3,0,0,112,0,16,0,1,1,50,1,ai_farm
37,12381,1,Normal,3,1,1,0,0,27,0,0,0,0,0,1,1,0,3,3,0,0,0,0,0,27,27,13,1,0,0,56,1,ai_farm; party wiped
38,12382,1,Normal,39,4,4,4,0,27,27,0,0,20,0,1,1,1,12,3,0,3,3,0,0,112,4,21,0,1,1,29,1,floor1_town
38,12382,1,Normal,30,4,4,4,0,27,27,0,0,20,0,1,1,0,10,2,0,3,3,0,0,112,2,20,0,1,1,57,1,ai_farm
38,12382,1,Normal,20,2,2,1,0,27,0,0,0,5,0,1,1,0,6,4,0,0,0,0,0,37,27,15,1,0,0,70,1,ai_farm; party wiped
39,12383,1,Normal,28,2,2,2,0,27,27,0,0,10,0,1,1,2,6,1,0,3,3,0,0,56,0,14,0,1,1,15,1,floor1_town
39,12383,1,Normal,38,2,2,2,0,27,27,0,0,10,0,1,1,0,6,2,0,3,3,0,0,56,0,11,0,1,1,29,1,ai_farm
39,12383,1,Normal,35,3,3,3,0,27,27,0,0,15,0,1,1,0,5,0,0,3,3,0,0,84,0,10,0,1,1,50,1,ai_farm
39,12383,1,Normal,27,2,2,2,0,27,27,0,0,10,0,1,1,0,6,0,0,3,3,0,0,56,0,13,0,1,1,64,1,ai_farm
39,12383,1,Normal,29,3,3,3,0,27,27,0,0,15,0,1,1,0,7,3,0,3,3,0,0,84,26,17,0,1,1,85,1,ai_farm
39,12383,1,Normal,25,2,2,2,0,27,27,0,0,10,0,1,1,0,2,0,0,3,3,0,0,56,0,6,0,1,1,99,1,ai_farm
39,12383,1,Normal,26,3,3,3,0,27,27,0,0,15,0,1,1,0,6,1,0,3,3,0,0,84,2,16,0,1,1,120,1,ai_farm
39,12383,1,Normal,40,3,3,3,0,27,35,0,1,15,0,1,2,0,9,0,0,3,3,0,0,84,0,12,0,1,1,141,1,ai_farm; +1 levelup
39,12383,2,Normal,33,4,4,4,0,35,35,1,1,20,0,2,2,0,3,3,2,0,0,0,0,112,0,13,0,1,1,141,1,
39,12383,3,Normal,40,3,3,3,0,35,35,1,1,36,0,2,2,3,8,3,1,1,3,0,0,180,0,22,0,1,1,159,1,
40,12384,1,Normal,33,1,1,1,0,27,27,0,0,5,0,1,1,1,2,0,0,3,3,0,0,28,0,4,0,1,1,8,1,floor1_town
40,12384,1,Normal,1,1,1,0,0,27,0,0,0,0,0,1,1,0,3,3,0,0,0,0,0,7,27,9,1,0,0,14,1,ai_farm; party wiped
41,12385,1,Normal,37,4,4,4,0,27,27,0,0,20,0,1,1,2,6,0,0,3,3,0,0,112,0,15,0,1,1,29,1,floor1_town
41,12385,1,Normal,32,5,5,5,0,27,27,0,0,25,0,1,1,0,13,3,0,3,3,0,0,140,2,26,0,1,1,64,1,ai_farm
41,12385,1,Normal,26,1,1,1,0,27,27,0,0,5,0,1,1,0,3,1,0,3,3,0,0,28,2,5,0,1,1,71,1,ai_farm
41,12385,1,Normal,39,6,6,6,0,27,27,0,0,30,0,1,1,0,18,7,0,3,3,0,0,168,2,37,0,1,1,113,1,ai_farm
41,12385,1,Normal,39,5,5,5,0,27,34,0,2,25,0,1,2,0,14,2,0,3,3,0,0,140,0,23,0,1,1,142,1,ai_farm; +1 levelup
41,12385,2,Normal,27,3,3,3,0,34,34,2,2,15,0,2,2,0,3,3,2,0,0,0,0,84,0,11,0,1,1,142,1,
41,12385,3,Normal,27,2,2,2,0,34,34,2,2,24,0,2,2,3,3,2,1,3,3,0,0,120,0,11,0,1,1,154,1,
42,12386,1,Normal,15,2,2,1,0,27,0,0,0,5,0,1,1,1,6,3,0,0,0,0,0,55,27,14,1,0,0,14,1,floor1_town; party wiped
43,12387,1,Normal,31,3,3,3,0,27,27,0,0,15,0,1,1,0,7,0,0,3,3,0,0,84,0,11,0,1,1,22,1,floor1_town
43,12387,1,Normal,26,3,3,3,0,27,27,0,0,15,0,1,1,0,8,1,0,3,3,0,0,84,0,12,0,1,1,43,1,ai_farm
43,12387,1,Normal,31,4,4,4,0,27,27,0,0,20,0,1,1,0,8,5,0,3,3,0,0,112,28,28,0,1,1,71,1,ai_farm
43,12387,1,Normal,37,4,4,4,0,27,27,0,0,20,0,1,1,0,12,5,0,3,3,0,0,112,12,25,0,1,1,99,1,ai_farm
43,12387,1,Normal,28,3,3,3,0,27,27,0,0,15,0,1,1,0,8,2,0,3,3,0,0,84,0,16,0,1,1,120,1,ai_farm
43,12387,1,Normal,34,4,4,4,0,27,35,0,3,20,0,1,2,0,10,2,0,3,3,0,0,112,0,19,0,1,1,142,1,ai_farm; +1 levelup
43,12387,2,Normal,31,2,2,2,0,35,35,3,3,10,0,2,2,0,3,2,1,0,1,0,0,56,0,9,0,1,1,142,1,
43,12387,3,Normal,36,6,6,5,0,35,0,3,3,60,0,2,2,3,17,11,0,0,0,0,0,343,70,48,1,0,0,178,1,party wiped
44,12388,1,Normal,35,4,4,4,0,27,27,0,0,20,0,1,1,1,7,1,0,3,3,0,0,112,2,18,0,1,1,29,1,floor1_town
44,12388,1,Normal,40,3,3,3,0,27,27,0,0,15,0,1,1,0,8,3,0,3,3,0,0,84,0,19,0,1,1,50,1,ai_farm
44,12388,1,Normal,30,3,3,3,0,27,27,0,0,15,0,1,1,0,8,3,0,3,3,0,0,84,0,19,0,1,1,71,1,ai_farm
44,12388,1,Normal,32,3,3,3,0,27,27,0,0,15,0,1,1,0,9,3,0,3,3,0,0,84,0,16,0,1,1,92,1,ai_farm
44,12388,1,Normal,25,4,4,3,0,27,0,0,0,15,0,1,1,0,11,5,0,0,0,0,0,102,27,23,1,0,0,119,1,ai_farm; party wiped
45,12389,1,Normal,40,3,3,3,0,27,27,0,0,15,0,1,1,0,9,0,0,3,3,0,0,84,0,12,0,1,1,22,1,floor1_town
45,12389,1,Normal,30,3,3,3,0,27,27,0,0,15,0,1,1,0,9,2,0,3,3,0,0,84,0,16,0,1,1,43,1,ai_farm
45,12389,1,Normal,40,4,4,4,0,27,27,0,0,20,0,1,1,0,12,4,0,3,3,0,0,112,2,21,0,1,1,71,1,ai_farm
45,12389,1,Normal,35,4,4,4,0,27,27,0,0,20,0,1,1,0,11,2,0,3,3,0,0,112,0,20,0,1,1,99,1,ai_farm
45,12389,1,Normal,1,1,1,0,0,27,0,0,0,0,0,1,1,0,3,3,0,0,0,0,0,25,27,11,1,0,0,105,1,ai_farm; party wiped
46,12390,1,Normal,29,4,4,4,0,27,27,0,0,20,0,1,1,1,10,0,0,3,3,0,0,112,0,20,0,1,1,29,1,floor1_town
46,12390,1,Normal,39,5,5,5,0,27,27,0,0,25,0,1,1,0,11,5,0,3,3,0,0,140,2,27,0,1,1,64,1,ai_farm
46,12390,1,Normal,34,3,3,3,0,27,27,0,0,15,0,1,1,0,6,2,0,3,3,0,0,84,0,14,0,1,1,85,1,ai_farm
46,12390,1,Normal,29,3,3,3,0,27,27,0,0,15,0,1,1,0,6,0,0,3,3,0,0,84,0,14,0,1,1,106,1,ai_farm
46,12390,1,Normal,18,3,3,2,0,27,0,0,0,10,0,1,1,0,9,8,0,0,0,0,0,83,27,23,1,0,0,126,1,ai_farm; party wiped
47,12391,1,Normal,34,3,3,3,0,27,27,0,0,15,0,1,1,0,9,1,0,3,3,0,0,84,2,16,0,1,1,22,1,floor1_town
47,12391,1,Normal,34,4,4,4,0,27,27,0,0,20,0,1,1,0,10,2,0,3,3,0,0,112,2,18,0,1,1,50,1,ai_farm
47,12391,1,Normal,38,3,3,3,0,27,27,0,0,15,0,1,1,0,9,1,0,3,3,0,0,84,0,21,0,1,1,71,1,ai_farm
47,12391,1,Normal,40,3,3,3,0,27,27,0,0,15,0,1,1,0,8,0,0,3,3,0,0,84,0,17,0,1,1,92,1,ai_farm
47,12391,1,Normal,26,1,1,1,0,27,27,0,0,5,0,1,1,0,3,3,0,3,3,0,0,28,2,7,0,1,1,99,1,ai_farm
47,12391,1,Normal,30,5,5,5,0,27,27,0,0,25,0,1,1,0,12,3,0,3,3,0,0,140,0,31,0,1,1,134,1,ai_farm
47,12391,1,Normal,28,4,4,4,0,27,35,0,1,20,0,1,2,0,8,3,0,3,3,0,0,112,0,16,0,1,1,144,1,ai_farm; +1 levelup
47,12391,2,Normal,29,2,2,2,0,35,35,1,1,10,0,2,2,0,3,2,2,0,1,0,0,56,0,8,0,1,1,144,1,
47,12391,3,Normal,20,3,3,2,0,35,0,1,1,24,0,2,2,3,9,6,0,0,0,0,0,165,67,25,1,0,0,162,1,party wiped
48,12392,1,Normal,38,3,3,3,0,27,27,0,0,15,0,1,1,1,7,0,0,3,3,0,0,84,0,17,0,1,1,22,1,floor1_town
48,12392,1,Normal,40,4,4,4,0,27,27,0,0,20,0,1,1,0,8,2,0,3,3,0,0,112,0,20,0,1,1,50,1,ai_farm
48,12392,1,Normal,31,4,4,4,0,27,27,0,0,20,0,1,1,0,10,3,0,3,3,0,0,112,0,24,0,1,1,78,1,ai_farm
48,12392,1,Normal,39,3,3,3,0,27,27,0,0,15,0,1,1,0,6,1,0,3,3,0,0,84,2,13,0,1,1,99,1,ai_farm
48,12392,1,Normal,39,3,3,3,0,27,27,0,0,15,0,1,1,0,9,3,0,3,3,0,0,84,0,16,0,1,1,120,1,ai_farm
48,12392,1,Normal,30,3,3,3,0,27,36,0,3,15,0,1,2,0,5,0,0,3,3,0,0,84,0,12,0,1,1,141,1,ai_farm; +1 levelup
48,12392,2,Normal,28,2,2,2,0,36,36,3,3,10,0,2,2,0,3,1,1,0,2,0,0,56,0,7,0,1,1,141,1,
48,12392,3,Normal,39,3,3,3,0,36,32,3,3,36,0,2,2,1,9,5,0,0,0,0,0,180,4,18,0,1,1,159,1,
49,12393,1,Normal,27,0,0,0,0,27,27,0,0,0,0,1,1,0,0,0,0,3,3,0,0,0,0,0,0,1,1,1,0,floor1_town
49,12393,1,Normal,35,4,4,4,0,27,27,0,0,20,0,1,1,0,10,0,0,3,3,0,0,112,0,20,0,1,1,29,1,ai_farm
49,12393,1,Normal,7,2,2,1,0,27,0,0,0,5,0,1,1,0,6,5,0,0,0,0,0,53,27,18,1,0,0,42,1,ai_farm; party wiped
50,12394,1,Normal,32,2,2,2,0,27,27,0,0,10,0,1,1,1,6,0,0,3,3,0,0,56,0,11,0,1,1,15,1,floor1_town
50,12394,1,Normal,39,2,2,2,0,27,27,0,0,10,0,1,1,0,5,1,0,3,3,0,0,56,0,12,0,1,1,29,1,ai_farm
50,12394,1,Normal,28,2,2,2,0,27,27,0,0,10,0,1,1,0,3,0,0,3,3,0,0,56,0,6,0,1,1,43,1,ai_farm
50,12394,1,Normal,35,4,4,4,0,27,27,0,0,20,0,1,1,0,11,6,0,3,3,0,0,112,14,22,0,1,1,71,1,ai_farm
50,12394,1,Normal,39,5,5,5,0,27,27,0,0,25,0,1,1,0,13,9,0,3,3,0,0,140,0,33,0,1,1,106,1,ai_farm
50,12394,1,Normal,34,7,7,7,0,27,36,0,2,35,0,1,2,0,15,6,0,3,3,0,0,196,2,34,0,1,1,143,1,ai_farm; +1 levelup
50,12394,2,Normal,28,2,2,2,0,36,36,2,2,10,0,2,2,0,2,0,1,1,3,0,0,56,0,7,0,1,1,143,1,
50,12394,3,Normal,33,5,5,5,0,36,33,2,2,60,0,2,2,1,14,7,0,0,2,0,0,300,34,32,0,1,1,173,1,
51,12395,1,Normal,36,3,3,3,0,27,27,0,0,15,0,1,1,0,7,3,0,3,3,0,0,84,20,16,0,1,1,22,1,floor1_town
51,12395,1,Normal,26,2,2,2,0,27,27,0,0,10,0,1,1,0,4,0,0,3,3,0,0,56,0,9,0,1,1,36,1,ai_farm
51,12395,1,Normal,26,2,2,2,0,27,27,0,0,10,0,1,1,0,6,5,0,3,3,0,0,56,26,21,0,1,1,50,1,ai_farm
51,12395,1,Normal,38,6,6,6,0,27,27,0,0,30,0,1,1,0,16,3,0,3,3,0,0,168,0,31,0,1,1,92,1,ai_farm
51,12395,1,Normal,31,3,3,3,0,27,27,0,0,15,0,1,1,0,9,4,0,3,3,0,0,84,0,20,0,1,1,113,1,ai_farm
51,12395,1,Normal,34,2,2,2,0,27,27,0,0,10,0,1,1,0,3,1,0,3,3,0,0,56,2,9,0,1,1,127,1,ai_farm
51,12395,1,Normal,38,7,7,7,0,27,35,0,1,35,0,1,2,0,14,2,0,3,3,0,0,196,18,31,0,1,1,146,1,ai_farm; +1 levelup
51,12395,2,Normal,29,2,2,2,0,35,26,1,1,10,0,2,2,1,0,0,0,3,3,0,0,56,18,6,0,1,1,147,1,
51,12395,3,Normal,29,3,3,3,0,26,33,1,1,36,0,2,2,1,9,6,0,0,1,0,0,180,27,21,0,1,1,165,1,
52,12396,1,Normal,25,3,3,3,0,27,27,0,0,15,0,1,1,2,5,1,0,3,3,0,0,84,0,15,0,1,1,22,1,floor1_town
52,12396,1,Normal,33,4,4,4,0,27,27,0,0,20,0,1,1,0,11,4,0,3,3,0,0,112,2,21,0,1,1,50,1,ai_farm
52,12396,1,Normal,38,2,2,2,0,27,27,0,0,10,0,1,1,0,5,0,0,3,3,0,0,56,0,9,0,1,1,64,1,ai_farm
52,12396,1,Normal,29,2,2,2,0,27,27,0,0,10,0,1,1,0,6,1,0,3,3,0,0,56,0,9,0,1,1,78,1,ai_farm
52,12396,1,Normal,37,2,2,2,0,27,27,0,0,10,0,1,1,0,6,3,0,3,3,0,0,56,4,13,0,1,1,92,1,ai_farm
52,12396,1,Normal,25,4,4,4,0,27,27,0,0,20,0,1,1,0,12,4,0,3,3,0,0,112,0,22,0,1,1,120,1,ai_farm
52,12396,1,Normal,33,5,5,5,0,27,34,0,1,25,0,1,2,0,9,0,0,3,3,0,0,140,0,21,0,1,1,143,1,ai_farm; +1 levelup
52,12396,2,Normal,36,2,2,2,0,34,25,1,1,10,0,2,2,0,0,0,1,3,3,0,0,56,18,5,0,1,1,144,1,
52,12396,3,Normal,31,1,1,1,0,25,34,1,1,12,0,2,2,0,1,0,1,2,3,0,0,60,0,4,0,1,1,150,1,
53,12397,1,Normal,30,4,4,4,0,27,27,0,0,20,0,1,1,0,12,2,0,3,3,0,0,112,0,23,0,1,1,29,1,floor1_town
53,12397,1,Normal,38,5,5,5,0,27,27,0,0,25,0,1,1,0,12,3,0,3,3,0,0,140,12,27,0,1,1,64,1,ai_farm
53,12397,1,Normal,40,3,3,3,0,27,27,0,0,15,0,1,1,0,8,1,0,3,3,0,0,84,0,15,0,1,1,85,1,ai_farm
53,12397,1,Normal,37,3,3,3,0,27,27,0,0,15,0,1,1,0,9,3,0,3,3,0,0,84,2,15,0,1,1,106,1,ai_farm
53,12397,1,Normal,29,4,4,4,0,27,27,0,0,20,0,1,1,0,10,0,0,3,3,0,0,112,0,17,0,1,1,134,1,ai_farm
53,12397,1,Normal,39,3,3,3,0,27,35,0,3,15,0,1,2,0,5,3,0,3,3,0,0,84,2,16,0,1,1,143,1,ai_farm; +1 levelup
53,12397,2,Normal,39,5,5,5,0,35,35,3,3,25,0,2,2,0,4,3,2,2,3,0,0,140,18,18,0,1,1,144,1,
53,12397,3,Normal,38,3,3,3,0,35,35,3,3,36,0,2,2,2,7,3,0,0,1,0,0,180,0,15,0,1,1,162,1,
54,12398,1,Normal,34,3,3,3,0,27,27,0,0,15,0,1,1,2,5,0,0,3,3,0,0,84,0,12,0,1,1,22,1,floor1_town
54,12398,1,Normal,31,4,4,4,0,27,27,0,0,20,0,1,1,0,9,1,0,3,3,0,0,112,0,17,0,1,1,50,1,ai_farm
54,12398,1,Normal,31,3,3,3,0,27,27,0,0,15,0,1,1,0,8,0,0,3,3,0,0,84,0,14,0,1,1,71,1,ai_farm
54,12398,1,Normal,28,1,1,1,0,27,27,0,0,5,0,1,1,0,3,2,0,3,3,0,0,28,0,7,0,1,1,78,1,ai_farm
54,12398,1,Normal,26,4,4,4,0,27,27,0,0,20,0,1,1,0,11,7,0,3,3,0,0,112,2,31,0,1,1,106,1,ai_farm
54,12398,1,Normal,28,3,3,3,0,27,27,0,0,15,0,1,1,0,7,1,0,3,3,0,0,84,0,14,0,1,1,127,1,ai_farm
54,12398,1,Normal,28,3,3,3,0,27,35,0,2,15,0,1,2,0,8,1,0,3,3,0,0,84,0,17,0,1,1,142,1,ai_farm; +1 levelup
54,12398,2,Normal,35,6,6,6,0,35,11,2,2,30,0,2,2,1,3,3,0,0,0,0,0,168,24,20,0,1,1,142,1,
54,12398,3,Normal,33,3,3,2,0,11,0,2,2,24,0,2,2,0,6,3,0,0,0,0,0,150,35,15,1,0,0,160,1,party wiped
55,12399,1,Normal,39,6,6,6,0,27,27,0,0,30,0,1,1,0,18,11,0,3,3,0,0,168,0,40,0,1,1,43,1,floor1_town
55,12399,1,Normal,26,4,4,4,0,27,27,0,0,20,0,1,1,0,9,0,0,3,3,0,0,112,0,15,0,1,1,71,1,ai_farm
55,12399,1,Normal,34,5,5,5,0,27,27,0,0,25,0,1,1,0,12,1,0,3,3,0,0,140,0,21,0,1,1,106,1,ai_farm
55,12399,1,Normal,40,6,6,6,0,27,34,0,2,30,0,1,2,0,13,3,0,3,3,0,0,168,2,27,0,1,1,142,1,ai_farm; +1 levelup
55,12399,2,Normal,27,4,4,4,0,34,12,2,2,20,0,2,2,0,3,3,0,0,0,0,0,112,22,14,0,1,1,142,1,
55,12399,3,Normal,40,2,2,2,0,12,34,2,2,24,0,2,2,0,6,5,0,0,0,0,0,120,0,14,0,1,1,154,1,
56,12400,1,Normal,28,3,3,3,0,27,27,0,0,15,0,1,1,2,4,0,0,3,3,0,0,84,0,12,0,1,1,22,1,floor1_town
56,12400,1,Normal,28,4,4,4,0,27,27,0,0,20,0,1,1,0,9,3,0,3,3,0,0,112,2,20,0,1,1,50,1,ai_farm
56,12400,1,Normal,33,3,3,3,0,27,27,0,0,15,0,1,1,0,9,6,0,3,3,0,0,84,30,23,0,1,1,71,1,ai_farm
56,12400,1,Normal,26,2,2,2,0,27,27,0,0,10,0,1,1,0,6,0,0,3,3,0,0,56,0,10,0,1,1,85,1,ai_farm
56,12400,1,Normal,27,4,4,4,0,27,27,0,0,20,0,1,1,0,11,2,0,3,3,0,0,112,2,19,0,1,1,113,1,ai_farm
56,12400,1,Normal,3,1,1,0,0,27,0,0,0,0,0,1,1,0,3,3,0,0,0,0,0,23,27,10,1,0,0,119,1,ai_farm; party wiped
57,12401,1,Normal,33,4,4,4,0,27,27,0,0,20,0,1,1,0,12,11,0,3,3,0,0,112,24,34,0,1,1,29,1,floor1_town
57,12401,1,Normal,28,2,2,2,0,27,27,0,0,10,0,1,1,0,4,0,0,3,3,0,0,56,0,8,0,1,1,43,1,ai_farm
57,12401,1,Normal,34,4,4,4,0,27,27,0,0,20,0,1,1,0,11,4,0,3,3,0,0,112,0,22,0,1,1,71,1,ai_farm
57,12401,1,Normal,35,4,4,4,0,27,27,0,0,20,0,1,1,0,12,6,0,3,3,0,0,112,6,28,0,1,1,99,1,ai_farm
57,12401,1,Normal,32,4,4,4,0,27,27,0,0,20,0,1,1,0,11,6,0,3,3,0,0,112,0,22,0,1,1,127,1,ai_farm
57,12401,1,Normal,33,2,2,2,0,27,34,0,2,10,0,1,2,0,6,0,0,3,3,0,0,56,0,11,0,1,1,141,1,ai_farm; +1 levelup
57,12401,2,Normal,31,3,3,3,0,34,14,2,2,15,0,2,2,0,3,3,0,0,0,0,0,84,20,17,0,1,1,141,1,
57,12401,3,Normal,28,5,5,5,0,14,34,2,2,60,0,2,2,1,15,8,0,0,0,0,0,300,3,34,0,1,1,171,1,
58,12402,1,Normal,37,3,3,3,0,27,27,0,0,15,0,1,1,2,7,4,0,3,3,0,0,84,2,19,0,1,1,22,1,floor1_town
58,12402,1,Normal,39,4,4,4,0,27,27,0,0,20,0,1,1,0,10,0,0,3,3,0,0,112,0,15,0,1,1,50,1,ai_farm
58,12402,1,Normal,28,3,3,3,0,27,27,0,0,15,0,1,1,0,9,4,0,3,3,0,0,84,18,18,0,1,1,71,1,ai_farm
58,12402,1,Normal,25,3,3,3,0,27,27,0,0,15,0,1,1,0,6,1,0,3,3,0,0,84,0,13,0,1,1,92,1,ai_farm
58,12402,1,Normal,31,4,4,4,0,27,27,0,0,20,0,1,1,0,11,3,0,3,3,0,0,112,4,19,0,1,1,120,1,ai_farm
58,12402,1,Normal,35,2,2,2,0,27,27,0,0,10,0,1,1,0,6,1,0,3,3,0,0,56,2,9,0,1,1,134,1,ai_farm
58,12402,1,Normal,40,5,5,5,0,27,34,0,3,25,0,1,2,0,7,0,0,3,3,0,0,140,0,15,0,1,1,145,1,ai_farm; +1 levelup
58,12402,2,Normal,36,3,3,3,0,34,34,3,3,15,0,2,2,0,3,1,0,0,2,0,0,84,0,10,0,1,1,145,1,
58,12402,3,Normal,5,2,2,1,0,34,0,3,3,12,0,2,2,0,6,5,0,0,0,0,0,103,34,16,1,0,0,157,1,party wiped
59,12403,1,Normal,26,1,1,1,0,27,27,0,0,5,0,1,1,1,3,1,0,3,3,0,0,28,0,6,0,1,1,8,1,floor1_town
59,12403,1,Normal,26,3,3,3,0,27,27,0,0,15,0,1,1,0,8,2,0,3,3,0,0,84,2,15,0,1,1,29,1,ai_farm
59,12403,1,Normal,36,6,6,6,0,27,27,0,0,30,0,1,1,0,12,0,0,3,3,0,0,168,0,24,0,1,1,71,1,ai_farm
59,12403,1,Normal,29,4,4,4,0,27,27,0,0,20,0,1,1,0,9,5,0,3,3,0,0,112,0,21,0,1,1,99,1,ai_farm
59,12403,1,Normal,38,2,2,2,0,27,27,0,0,10,0,1,1,0,4,3,0,3,3,0,0,56,0,14,0,1,1,113,1,ai_farm
59,12403,1,Normal,26,2,2,2,0,27,27,0,0,10,0,1,1,0,6,3,0,3,3,0,0,56,18,14,0,1,1,127,1,ai_farm
59,12403,1,Normal,26,3,3,3,0,27,34,0,2,15,0,1,2,0,8,1,0,3,3,0,0,84,0,15,0,1,1,142,1,ai_farm; +1 levelup
59,12403,2,Normal,31,5,5,5,0,34,10,2,2,25,0,2,2,2,3,3,0,0,0,0,0,140,24,20,0,1,1,142,1,
59,12403,3,Normal,33,3,3,3,0,10,34,2,2,36,0,2,2,0,6,0,0,1,3,0,0,180,0,11,0,1,1,160,1,
60,12404,1,Normal,31,5,5,5,0,27,27,0,0,25,0,1,1,2,13,2,0,3,3,0,0,140,0,28,0,1,1,36,1,floor1_town
60,12404,1,Normal,30,4,4,4,0,27,27,0,0,20,0,1,1,0,11,5,0,3,3,0,0,112,11,26,0,1,1,64,1,ai_farm
60,12404,1,Normal,27,2,2,2,0,27,27,0,0,10,0,1,1,0,5,3,0,3,3,0,0,56,0,13,0,1,1,78,1,ai_farm
60,12404,1,Normal,36,1,1,1,0,27,27,0,0,5,0,1,1,0,3,2,0,3,3,0,0,28,0,7,0,1,1,85,1,ai_farm
60,12404,1,Normal,27,2,2,2,0,27,27,0,0,10,0,1,1,0,5,3,0,3,3,0,0,56,12,12,0,1,1,99,1,ai_farm
60,12404,1,Normal,39,1,1,1,0,27,27,0,0,5,0,1,1,0,0,0,0,3,3,0,0,28,0,2,0,1,1,106,1,ai_farm
60,12404,1,Normal,10,2,2,1,0,27,0,0,0,5,0,1,1,0,5,3,0,0,0,0,0,46,27,12,1,0,0,119,1,ai_farm; party wiped
61,12405,1,Normal,35,3,3,3,0,27,27,0,0,15,0,1,1,1,7,4,0,3,3,0,0,84,0,21,0,1,1,22,1,floor1_town
61,12405,1,Normal,29,4,4,4,0,27,27,0,0,20,0,1,1,0,10,1,0,3,3,0,0,112,2,20,0,1,1,50,1,ai_farm
61,12405,1,Normal,36,3,3,3,0,27,27,0,0,15,0,1,1,0,6,3,0,3,3,0,0,84,2,15,0,1,1,71,1,ai_farm
61,12405,1,Normal,37,5,5,5,0,27,27,0,0,25,0,1,1,0,13,4,0,3,3,0,0,140,16,30,0,1,1,106,1,ai_farm
61,12405,1,Normal,34,4,4,4,0,27,27,0,0,20,0,1,1,0,10,4,0,3,3,0,0,112,2,21,0,1,1,134,1,ai_farm
61,12405,1,Normal,34,5,5,5,0,27,35,0,1,25,0,1,2,0,9,2,0,3,3,0,0,140,9,23,0,1,1,145,1,ai_farm; +1 levelup
61,12405,2,Normal,34,4,4,3,0,35,0,1,1,15,0,2,2,1,6,6,0,0,0,0,0,108,47,23,1,0,0,146,1,party wiped
62,12406,1,Normal,40,7,7,7,0,27,27,0,0,35,0,1,1,2,18,6,0,3,3,0,0,196,0,36,0,1,1,50,1,floor1_town
62,12406,1,Normal,36,5,5,5,0,27,27,0,0,25,0,1,1,0,13,5,0,3,3,0,0,140,4,25,0,1,1,85,1,ai_farm
62,12406,1,Normal,19,4,4,3,0,27,0,0,0,15,0,1,1,0,9,6,0,0,0,0,0,111,27,24,1,0,0,112,1,ai_farm; party wiped
63,12407,1,Normal,29,3,3,3,0,27,27,0,0,15,0,1,1,1,8,5,0,3,3,0,0,84,2,19,0,1,1,22,1,floor1_town
63,12407,1,Normal,28,4,4,4,0,27,27,0,0,20,0,1,1,0,12,9,0,3,3,0,0,112,34,35,0,1,1,50,1,ai_farm
63,12407,1,Normal,34,4,4,4,0,27,27,0,0,20,0,1,1,0,11,5,0,3,3,0,0,112,0,22,0,1,1,78,1,ai_farm
63,12407,1,Normal,37,3,3,3,0,27,27,0,0,15,0,1,1,0,6,0,0,3,3,0,0,84,0,14,0,1,1,99,1,ai_farm
63,12407,1,Normal,27,4,4,4,0,27,27,0,0,20,0,1,1,0,11,5,0,3,3,0,0,112,14,30,0,1,1,127,1,ai_farm
63,12407,1,Normal,28,3,3,3,0,27,36,0,2,15,0,1,2,0,9,6,0,3,3,0,0,84,0,22,0,1,1,142,1,ai_farm; +1 levelup
63,12407,2,Normal,26,5,5,4,0,36,0,2,2,20,0,2,2,1,3,3,0,0,0,0,0,127,36,19,1,0,0,142,1,party wiped
64,12408,1,Normal,33,4,4,4,0,27,27,0,0,20,0,1,1,2,12,4,0,3,3,0,0,112,0,27,0,1,1,29,1,floor1_town
64,12408,1,Normal,31,3,3,3,0,27,27,0,0,15,0,1,1,0,5,1,0,3,3,0,0,84,0,12,0,1,1,50,1,ai_farm
64,12408,1,Normal,28,3,3,3,0,27,27,0,0,15,0,1,1,0,8,3,0,3,3,0,0,84,18,17,0,1,1,71,1,ai_farm
64,12408,1,Normal,35,3,3,3,0,27,27,0,0,15,0,1,1,0,7,0,0,3,3,0,0,84,0,13,0,1,1,92,1,ai_farm
64,12408,1,Normal,35,5,5,5,0,27,27,0,0,25,0,1,1,0,13,8,0,3,3,0,0,140,12,28,0,1,1,127,1,ai_farm
64,12408,1,Normal,39,4,4,4,0,27,35,0,2,20,0,1,2,0,10,4,0,3,3,0,0,112,2,23,0,1,1,143,1,ai_farm; +1 levelup
64,12408,2,Normal,33,4,4,4,0,35,35,2,2,20,0,2,2,0,5,3,0,1,3,0,0,112,12,16,0,1,1,144,1,
64,12408,3,Normal,32,1,1,1,0,35,32,2,2,12,0,2,2,1,3,2,0,0,1,0,0,60,3,8,0,1,1,150,1,
65,12409,1,Normal,38,3,3,3,0,27,27,0,0,15,0,1,1,1,8,3,0,3,3,0,0,84,2,17,0,1,1,22,1,floor1_town
65,12409,1,Normal,25,4,4,4,0,27,27,0,0,20,0,1,1,0,9,0,0,3,3,0,0,112,0,20,0,1,1,50,1,ai_farm
65,12409,1,Normal,40,2,2,2,0,27,27,0,0,10,0,1,1,0,4,0,0,3,3,0,0,56,0,9,0,1,1,64,1,ai_farm
65,12409,1,Normal,29,5,5,5,0,27,27,0,0,25,0,1,1,0,12,7,0,3,3,0,0,140,52,32,0,1,1,99,1,ai_farm
65,12409,1,Normal,38,5,5,5,0,27,27,0,0,25,0,1,1,0,14,3,0,3,3,0,0,140,2,25,0,1,1,134,1,ai_farm
65,12409,1,Normal,37,3,3,3,0,27,35,0,1,15,0,1,2,0,8,1,0,3,3,0,0,84,0,14,0,1,1,143,1,ai_farm; +1 levelup
65,12409,2,Normal,28,2,2,2,0,35,27,1,1,10,0,2,2,0,3,3,0,0,0,0,0,56,8,11,0,1,1,143,1,
65,12409,3,Normal,29,3,3,3,0,27,35,1,1,36,0,2,2,1,9,3,0,0,2,0,0,180,0,18,0,1,1,161,1,
66,12410,1,Normal,20,2,2,1,0,27,0,0,0,5,0,1,1,0,4,3,0,0,0,0,0,55,27,13,1,0,0,14,1,floor1_town; party wiped
67,12411,1,Normal,31,3,3,3,0,27,27,0,0,15,0,1,1,1,5,2,0,3,3,0,0,84,0,15,0,1,1,22,1,floor1_town
67,12411,1,Normal,32,5,5,5,0,27,27,0,0,25,0,1,1,0,12,1,0,3,3,0,0,140,0,19,0,1,1,57,1,ai_farm
67,12411,1,Normal,38,3,3,3,0,27,27,0,0,15,0,1,1,0,7,3,0,3,3,0,0,84,4,16,0,1,1,78,1,ai_farm
67,12411,1,Normal,25,5,5,5,0,27,27,0,0,25,0,1,1,0,12,3,0,3,3,0,0,140,24,26,0,1,1,113,1,ai_farm
67,12411,1,Normal,34,5,5,5,0,27,36,0,3,25,0,1,2,0,13,3,0,3,3,0,0,140,2,25,0,1,1,142,1,ai_farm; +1 levelup
67,12411,2,Normal,29,1,1,1,0,36,36,3,3,5,0,2,2,0,0,0,0,3,3,0,0,28,0,2,0,1,1,142,1,
67,12411,3,Normal,28,2,2,2,0,36,36,3,3,24,0,2,2,0,6,3,2,0,1,0,0,120,0,15,0,1,1,154,1,
68,12412,1,Normal,36,6,6,6,0,27,27,0,0,30,0,1,1,0,12,7,0,3,3,0,0,168,2,31,0,1,1,43,1,floor1_town
68,12412,1,Normal,40,6,6,6,0,27,27,0,0,30,0,1,1,0,15,3,0,3,3,0,0,168,2,30,0,1,1,85,1,ai_farm
68,12412,1,Normal,25,4,4,4,0,27,27,0,0,20,0,1,1,0,12,5,0,3,3,0,0,112,0,27,0,1,1,113,1,ai_farm
68,12412,1,Normal,27,2,2,2,0,27,27,0,0,10,0,1,1,0,5,0,0,3,3,0,0,56,0,7,0,1,1,127,1,ai_farm
68,12412,1,Normal,39,6,6,6,0,27,35,0,2,30,0,1,2,0,12,0,0,3,3,0,0,168,18,28,0,1,1,145,1,ai_farm; +1 levelup
68,12412,2,Normal,29,4,4,4,0,35,35,2,2,20,0,2,2,0,4,3,1,2,3,0,0,112,12,16,0,1,1,146,1,
68,12412,3,Normal,28,3,3,3,0,35,32,2,2,36,0,2,2,2,9,4,0,0,1,0,0,180,3,19,0,1,1,164,1,
69,12413,1,Normal,25,2,2,2,0,27,27,0,0,10,0,1,1,1,5,2,0,3,3,0,0,56,0,16,0,1,1,15,1,floor1_town
69,12413,1,Normal,28,5,5,5,0,27,27,0,0,25,0,1,1,0,14,0,0,3,3,0,0,140,0,25,0,1,1,50,1,ai_farm
69,12413,1,Normal,27,2,2,2,0,27,27,0,0,10,0,1,1,0,6,2,0,3,3,0,0,56,0,10,0,1,1,64,1,ai_farm
69,12413,1,Normal,40,5,5,5,0,27,27,0,0,25,0,1,1,0,14,9,0,3,3,0,0,140,2,32,0,1,1,99,1,ai_farm
69,12413,1,Normal,29,3,3,3,0,27,27,0,0,15,0,1,1,0,8,2,0,3,3,0,0,84,0,18,0,1,1,120,1,ai_farm
69,12413,1,Normal,34,4,4,4,0,27,35,0,2,20,0,1,2,0,9,0,0,3,3,0,0,112,0,16,0,1,1,142,1,ai_farm; +1 levelup
69,12413,2,Normal,33,4,4,4,0,35,35,2,2,20,0,2,2,0,5,1,0,0,2,0,0,112,8,15,0,1,1,143,1,
69,12413,3,Normal,36,3,3,3,0,35,35,2,2,36,0,2,2,2,9,3,0,0,3,0,0,180,6,23,0,1,1,161,1,
70,12414,1,Normal,30,3,3,3,0,27,27,0,0,15,0,1,1,0,5,2,0,3,3,0,0,84,2,13,0,1,1,22,1,floor1_town
70,12414,1,Normal,25,2,2,2,0,27,27,0,0,10,0,1,1,0,4,1,0,3,3,0,0,56,0,11,0,1,1,36,1,ai_farm
70,12414,1,Normal,37,3,3,3,0,27,27,0,0,15,0,1,1,0,7,2,0,3,3,0,0,84,0,16,0,1,1,57,1,ai_farm
70,12414,1,Normal,37,3,3,3,0,27,27,0,0,15,0,1,1,0,8,1,0,3,3,0,0,84,0,16,0,1,1,78,1,ai_farm
70,12414,1,Normal,31,5,5,5,0,27,27,0,0,25,0,1,1,0,14,5,0,3,3,0,0,140,0,26,0,1,1,113,1,ai_farm
70,12414,1,Normal,38,6,6,6,0,27,35,0,2,30,0,1,2,0,14,3,0,3,3,0,0,168,0,32,0,1,1,143,1,ai_farm; +1 levelup
70,12414,2,Normal,37,5,5,5,0,35,35,2,2,25,0,2,2,1,4,3,0,2,3,0,0,140,18,19,0,1,1,144,1,
70,12414,3,Normal,25,1,1,1,0,35,19,2,2,12,0,2,2,1,3,3,0,0,0,0,0,60,16,15,0,1,1,150,1,
71,12415,1,Normal,34,4,4,4,0,27,27,0,0,20,0,1,1,1,12,4,0,3,3,0,0,112,14,27,0,1,1,29,1,floor1_town
71,12415,1,Normal,36,3,3,3,0,27,27,0,0,15,0,1,1,0,8,3,0,3,3,0,0,84,0,15,0,1,1,50,1,ai_farm
71,12415,1,Normal,32,4,4,4,0,27,27,0,0,20,0,1,1,0,12,7,0,3,3,0,0,112,0,30,0,1,1,78,1,ai_farm
71,12415,1,Normal,31,3,3,3,0,27,27,0,0,15,0,1,1,0,7,6,0,3,3,0,0,84,0,22,0,1,1,99,1,ai_farm
71,12415,1,Normal,28,2,2,2,0,27,27,0,0,10,0,1,1,0,5,2,0,3,3,0,0,56,0,13,0,1,1,113,1,ai_farm
71,12415,1,Normal,10,1,1,0,0,27,0,0,0,0,0,1,1,0,3,3,0,0,0,0,0,27,27,8,1,0,0,119,1,ai_farm; party wiped
72,12416,1,Normal,39,6,6,6,0,27,27,0,0,30,0,1,1,0,15,4,0,3,3,0,0,168,0,32,0,1,1,43,1,floor1_town
72,12416,1,Normal,34,4,4,4,0,27,27,0,0,20,0,1,1,0,12,3,0,3,3,0,0,112,0,24,0,1,1,71,1,ai_farm
72,12416,1,Normal,32,4,4,4,0,27,27,0,0,20,0,1,1,0,10,2,0,3,3,0,0,112,0,18,0,1,1,99,1,ai_farm
72,12416,1,Normal,37,5,5,5,0,27,27,0,0,25,0,1,1,0,15,3,0,3,3,0,0,140,2,30,0,1,1,134,1,ai_farm
72,12416,1,Normal,26,5,5,5,0,27,34,0,3,25,0,1,2,0,12,3,0,3,3,0,0,140,0,28,0,1,1,145,1,ai_farm; +1 levelup
72,12416,2,Normal,27,2,2,2,0,34,34,3,3,10,0,2,2,0,3,2,2,0,1,0,0,56,0,7,0,1,1,145,1,
72,12416,3,Normal,22,3,3,2,0,34,0,3,3,24,0,2,2,2,8,6,0,0,0,0,0,171,34,24,1,0,0,163,1,party wiped
73,12417,1,Normal,28,2,2,2,0,27,27,0,0,10,0,1,1,2,5,0,0,3,3,0,0,56,0,10,0,1,1,15,1,floor1_town
73,12417,1,Normal,34,4,4,4,0,27,27,0,0,20,0,1,1,0,11,5,0,3,3,0,0,112,2,26,0,1,1,43,1,ai_farm
73,12417,1,Normal,38,3,3,3,0,27,27,0,0,15,0,1,1,0,9,2,0,3,3,0,0,84,0,15,0,1,1,64,1,ai_farm
73,12417,1,Normal,29,4,4,4,0,27,27,0,0,20,0,1,1,0,11,3,0,3,3,0,0,112,0,25,0,1,1,92,1,ai_farm
73,12417,1,Normal,31,2,2,2,0,27,27,0,0,10,0,1,1,0,3,3,0,3,3,0,0,56,0,16,0,1,1,106,1,ai_farm
73,12417,1,Normal,27,5,5,5,0,27,34,0,2,25,0,1,2,0,13,4,0,3,3,0,0,140,0,27,0,1,1,141,1,ai_farm; +1 levelup
73,12417,2,Normal,29,2,2,2,0,34,34,2,2,10,0,2,2,0,2,0,2,1,3,0,0,56,0,4,0,1,1,141,1,
73,12417,3,Normal,35,4,4,4,0,34,34,2,2,48,0,2,2,4,12,8,0,0,1,0,0,240,24,35,0,1,1,165,1,
74,12418,1,Normal,32,6,6,6,0,27,27,0,0,30,0,1,1,0,13,6,0,3,3,0,0,168,12,31,0,1,1,43,1,floor1_town
74,12418,1,Normal,38,5,5,5,0,27,27,0,0,25,0,1,1,0,15,6,0,3,3,0,0,140,6,31,0,1,1,78,1,ai_farm
74,12418,1,Normal,30,2,2,1,0,27,0,0,0,5,0,1,1,0,5,3,0,0,0,0,0,42,27,14,1,0,0,91,1,ai_farm; party wiped
75,12419,1,Normal,37,4,4,4,0,27,27,0,0,20,0,1,1,2,9,2,0,3,3,0,0,112,0,23,0,1,1,29,1,floor1_town
75,12419,1,Normal,5,1,1,0,0,27,0,0,0,0,0,1,1,0,3,3,0,0,0,0,0,23,27,9,1,0,0,35,1,ai_farm; party wiped
76,12420,1,Normal,26,3,3,3,0,27,27,0,0,15,0,1,1,0,5,0,0,3,3,0,0,84,0,10,0,1,1,22,1,floor1_town
76,12420,1,Normal,39,4,4,4,0,27,27,0,0,20,0,1,1,0,9,1,0,3,3,0,0,112,0,16,0,1,1,50,1,ai_farm
76,12420,1,Normal,34,3,3,3,0,27,27,0,0,15,0,1,1,0,8,3,0,3,3,0,0,84,2,20,0,1,1,71,1,ai_farm
76,12420,1,Normal,37,5,5,5,0,27,27,0,0,25,0,1,1,0,12,3,0,3,3,0,0,140,4,25,0,1,1,106,1,ai_farm
76,12420,1,Normal,26,1,1,1,0,27,27,0,0,5,0,1,1,0,3,1,0,3,3,0,0,28,0,5,0,1,1,113,1,ai_farm
76,12420,1,Normal,39,4,4,4,0,27,34,0,3,20,0,1,2,0,10,3,0,3,3,0,0,112,18,21,0,1,1,141,1,ai_farm; +1 levelup
76,12420,2,Normal,28,3,3,3,0,34,34,3,3,15,0,2,2,0,4,2,1,2,3,0,0,84,9,15,0,1,1,142,1,
76,12420,3,Normal,39,3,3,3,0,34,34,3,3,36,0,2,2,3,7,2,0,1,3,0,0,180,0,17,0,1,1,160,1,
77,12421,1,Normal,30,3,3,3,0,27,27,0,0,15,0,1,1,2,9,2,0,3,3,0,0,84,0,24,0,1,1,22,1,floor1_town
77,12421,1,Normal,34,5,5,5,0,27,27,0,0,25,0,1,1,0,13,2,0,3,3,0,0,140,0,23,0,1,1,57,1,ai_farm
77,12421,1,Normal,35,3,3,3,0,27,27,0,0,15,0,1,1,0,8,0,0,3,3,0,0,84,0,11,0,1,1,78,1,ai_farm
77,12421,1,Normal,40,2,2,2,0,27,27,0,0,10,0,1,1,0,6,0,0,3,3,0,0,56,0,10,0,1,1,92,1,ai_farm
77,12421,1,Normal,33,3,3,3,0,27,27,0,0,15,0,1,1,0,6,1,0,3,3,0,0,84,0,12,0,1,1,113,1,ai_farm
77,12421,1,Normal,25,5,5,5,0,27,36,0,1,25,0,1,2,0,9,0,0,3,3,0,0,140,9,22,0,1,1,142,1,ai_farm; +1 levelup
77,12421,2,Normal,31,2,2,2,0,36,36,1,1,10,0,2,2,0,3,2,2,0,1,0,0,56,0,9,0,1,1,142,1,
77,12421,3,Normal,10,2,2,1,0,36,0,1,1,12,0,2,2,4,6,3,0,0,0,0,0,116,36,17,1,0,0,154,1,party wiped
78,12422,1,Normal,35,6,6,6,0,27,27,0,0,30,0,1,1,0,18,4,0,3,3,0,0,168,0,30,0,1,1,43,1,floor1_town
78,12422,1,Normal,27,3,3,3,0,27,27,0,0,15,0,1,1,0,6,3,0,3,3,0,0,84,0,15,0,1,1,64,1,ai_farm
78,12422,1,Normal,34,2,2,2,0,27,27,0,0,10,0,1,1,0,6,0,0,3,3,0,0,56,0,9,0,1,1,78,1,ai_farm
78,12422,1,Normal,38,5,5,5,0,27,27,0,0,25,0,1,1,0,15,5,0,3,3,0,0,140,4,27,0,1,1,113,1,ai_farm
78,12422,1,Normal,36,4,4,4,0,27,35,0,3,20,0,1,2,0,9,1,0,3,3,0,0,112,0,17,0,1,1,141,1,ai_farm; +1 levelup
78,12422,2,Normal,25,4,4,4,0,35,35,3,3,20,0,2,2,0,5,3,0,1,3,0,0,112,30,18,0,1,1,142,1,
78,12422,3,Normal,36,3,3,3,0,35,35,3,3,36,0,2,2,2,8,3,0,1,3,0,0,180,16,18,0,1,1,160,1,
79,12423,1,Normal,40,3,3,3,0,27,27,0,0,15,0,1,1,2,8,4,0,3,3,0,0,84,0,19,0,1,1,22,1,floor1_town
79,12423,1,Normal,13,3,3,2,0,27,0,0,0,10,0,1,1,0,8,4,0,0,0,0,0,79,27,16,1,0,0,42,1,ai_farm; party wiped
80,12424,1,Normal,29,4,4,4,0,27,27,0,0,20,0,1,1,1,10,6,0,3,3,0,0,112,0,26,0,1,1,29,1,floor1_town
80,12424,1,Normal,36,6,6,6,0,27,27,0,0,30,0,1,1,0,15,6,0,3,3,0,0,168,0,36,0,1,1,71,1,ai_farm
80,12424,1,Normal,33,3,3,3,0,27,27,0,0,15,0,1,1,0,7,3,0,3,3,0,0,84,0,19,0,1,1,92,1,ai_farm
80,12424,1,Normal,30,3,3,3,0,27,27,0,0,15,0,1,1,0,8,1,0,3,3,0,0,84,0,17,0,1,1,113,1,ai_farm
80,12424,1,Normal,31,3,3,3,0,27,27,0,0,15,0,1,1,0,7,6,0,3,3,0,0,84,18,19,0,1,1,134,1,ai_farm
80,12424,1,Normal,11,1,1,0,0,27,0,0,0,0,0,1,1,0,3,3,0,0,0,0,0,23,27,10,1,0,0,140,1,ai_farm; party wiped
81,12425,1,Normal,33,2,2,2,0,27,27,0,0,10,0,1,1,2,3,0,0,3,3,0,0,56,0,8,0,1,1,15,1,floor1_town
81,12425,1,Normal,33,2,2,2,0,27,27,0,0,10,0,1,1,0,4,0,0,3,3,0,0,56,0,10,0,1,1,29,1,ai_farm
81,12425,1,Normal,30,4,4,4,0,27,27,0,0,20,0,1,1,0,9,0,0,3,3,0,0,112,0,15,0,1,1,57,1,ai_farm
81,12425,1,Normal,11,2,2,1,0,27,0,0,0,5,0,1,1,0,6,6,0,0,0,0,0,55,48,21,1,0,0,70,1,ai_farm; party wiped
82,12426,1,Normal,38,4,4,4,0,27,27,0,0,20,0,1,1,1,7,2,0,3,3,0,0,112,0,16,0,1,1,29,1,floor1_town
82,12426,1,Normal,31,5,5,5,0,27,27,0,0,25,0,1,1,0,10,2,0,3,3,0,0,140,0,23,0,1,1,64,1,ai_farm
82,12426,1,Normal,40,4,4,4,0,27,27,0,0,20,0,1,1,0,6,3,0,3,3,0,0,112,24,19,0,1,1,92,1,ai_farm
82,12426,1,Normal,34,5,5,5,0,27,27,0,0,25,0,1,1,0,14,10,0,3,3,0,0,140,24,39,0,1,1,127,1,ai_farm
82,12426,1,Normal,33,3,3,3,0,27,34,0,2,15,0,1,2,0,7,2,0,3,3,0,0,84,0,13,0,1,1,142,1,ai_farm; +1 levelup
82,12426,2,Normal,32,3,3,3,0,34,34,2,2,15,0,2,2,0,3,1,1,0,2,0,0,84,0,11,0,1,1,142,1,
82,12426,3,Normal,39,2,2,2,0,34,34,2,2,24,0,2,2,3,5,2,0,0,1,0,0,120,0,15,0,1,1,154,1,
83,12427,1,Normal,27,3,3,3,0,27,27,0,0,15,0,1,1,2,8,2,0,3,3,0,0,84,0,18,0,1,1,22,1,floor1_town
83,12427,1,Normal,38,4,4,4,0,27,27,0,0,20,0,1,1,0,11,2,0,3,3,0,0,112,0,21,0,1,1,50,1,ai_farm
83,12427,1,Normal,35,3,3,3,0,27,27,0,0,15,0,1,1,0,9,3,0,3,3,0,0,84,2,16,0,1,1,71,1,ai_farm
83,12427,1,Normal,32,3,3,3,0,27,27,0,0,15,0,1,1,0,4,0,0,3,3,0,0,84,0,12,0,1,1,92,1,ai_farm
83,12427,1,Normal,31,2,2,2,0,27,27,0,0,10,0,1,1,0,6,2,0,3,3,0,0,56,0,11,0,1,1,106,1,ai_farm
83,12427,1,Normal,30,3,3,3,0,27,27,0,0,15,0,1,1,0,5,0,0,3,3,0,0,84,0,12,0,1,1,127,1,ai_farm
83,12427,1,Normal,27,2,2,2,0,27,34,0,1,10,0,1,2,0,2,0,0,3,3,0,0,56,0,4,0,1,1,141,1,ai_farm; +1 levelup
83,12427,2,Normal,31,2,2,2,0,34,34,1,1,10,0,2,2,0,3,1,1,0,2,0,0,56,0,9,0,1,1,141,1,
83,12427,3,Normal,29,5,5,5,0,34,34,1,1,60,0,2,2,2,13,8,0,0,1,0,0,300,0,33,0,1,1,171,1,
84,12428,1,Normal,31,4,4,4,0,27,27,0,0,20,0,1,1,1,6,0,0,3,3,0,0,112,0,15,0,1,1,29,1,floor1_town
84,12428,1,Normal,40,5,5,5,0,27,27,0,0,25,0,1,1,0,14,6,0,3,3,0,0,140,2,35,0,1,1,64,1,ai_farm
84,12428,1,Normal,25,4,4,4,0,27,27,0,0,20,0,1,1,0,9,2,0,3,3,0,0,112,2,16,0,1,1,92,1,ai_farm
84,12428,1,Normal,26,3,3,3,0,27,27,0,0,15,0,1,1,0,8,3,0,3,3,0,0,84,2,15,0,1,1,113,1,ai_farm
84,12428,1,Normal,32,3,3,3,0,27,27,0,0,15,0,1,1,0,9,5,0,3,3,0,0,84,12,25,0,1,1,134,1,ai_farm
84,12428,1,Normal,40,5,5,5,0,27,36,0,3,25,0,1,2,0,8,0,0,3,3,0,0,140,9,22,0,1,1,145,1,ai_farm; +1 levelup
84,12428,2,Normal,31,2,2,2,0,36,36,3,3,10,0,2,2,0,3,0,2,0,3,0,0,56,9,9,0,1,1,146,1,
84,12428,3,Normal,34,2,2,2,0,36,36,3,3,24,0,2,2,2,6,3,0,0,3,0,0,120,0,14,0,1,1,158,1,
85,12429,1,Normal,36,4,4,4,0,27,27,0,0,20,0,1,1,2,12,3,0,3,3,0,0,112,0,23,0,1,1,29,1,floor1_town
85,12429,1,Normal,21,3,3,2,0,27,0,0,0,10,0,1,1,0,9,6,0,0,0,0,0,83,36,23,1,0,0,49,1,ai_farm; party wiped
86,12430,1,Normal,25,3,3,3,0,27,27,0,0,15,0,1,1,1,8,1,0,3,3,0,0,84,0,17,0,1,1,22,1,floor1_town
86,12430,1,Normal,23,3,3,2,0,27,0,0,0,10,0,1,1,0,7,4,0,0,0,0,0,81,27,20,1,0,0,42,1,ai_farm; party wiped
87,12431,1,Normal,29,2,2,2,0,27,27,0,0,10,0,1,1,1,5,3,1,3,3,0,0,56,0,13,0,1,1,15,1,floor1_town
87,12431,1,Normal,38,6,6,6,0,27,27,0,0,30,0,1,1,1,17,2,0,3,3,0,0,168,2,35,0,1,1,57,1,ai_farm
87,12431,1,Normal,38,4,4,4,0,27,27,0,0,20,0,1,1,0,9,3,0,3,3,0,0,112,0,18,0,1,1,85,1,ai_farm
87,12431,1,Normal,33,3,3,3,0,27,27,0,0,15,0,1,1,0,8,2,0,3,3,0,0,84,2,16,0,1,1,106,1,ai_farm
87,12431,1,Normal,38,4,4,4,0,27,27,0,0,20,0,1,1,0,12,7,0,3,3,0,0,112,14,29,0,1,1,134,1,ai_farm
87,12431,1,Normal,33,5,5,5,0,27,34,0,2,25,0,1,2,0,11,4,0,3,3,0,0,140,0,22,0,1,1,145,1,ai_farm; +1 levelup
87,12431,2,Normal,32,4,4,4,0,34,34,2,2,20,0,2,2,1,3,3,0,0,0,0,0,112,0,15,0,1,1,145,1,
87,12431,3,Normal,23,4,4,3,0,34,0,2,2,36,0,2,2,0,12,10,0,0,0,0,0,233,53,35,1,0,0,169,1,party wiped
88,12432,1,Normal,34,5,5,5,0,27,27,0,0,25,0,1,1,1,13,7,0,3,3,0,0,140,32,35,0,1,1,36,1,floor1_town
88,12432,1,Normal,28,5,5,5,0,27,27,0,0,25,0,1,1,0,13,6,0,3,3,0,0,140,0,28,0,1,1,71,1,ai_farm
88,12432,1,Normal,29,3,3,3,0,27,27,0,0,15,0,1,1,0,9,3,0,3,3,0,0,84,0,15,0,1,1,92,1,ai_farm
88,12432,1,Normal,25,1,1,1,0,27,27,0,0,5,0,1,1,0,3,2,0,3,3,0,0,28,0,6,0,1,1,99,1,ai_farm
88,12432,1,Normal,25,3,3,3,0,27,27,0,0,15,0,1,1,0,7,1,0,3,3,0,0,84,2,14,0,1,1,120,1,ai_farm
88,12432,1,Normal,30,5,5,5,0,27,34,0,3,25,0,1,2,0,14,5,0,3,3,0,0,140,14,30,0,1,1,143,1,ai_farm; +1 levelup
88,12432,2,Normal,34,2,2,2,0,34,34,3,3,10,0,2,2,1,3,1,0,0,2,0,0,56,0,10,0,1,1,143,1,
88,12432,3,Normal,26,2,2,2,0,34,34,3,3,24,0,2,2,0,4,0,0,2,3,0,0,120,0,7,0,1,1,155,1,
89,12433,1,Normal,39,5,5,5,0,27,27,0,0,25,0,1,1,0,14,6,0,3,3,0,0,140,2,32,0,1,1,36,1,floor1_town
89,12433,1,Normal,32,2,2,2,0,27,27,0,0,10,0,1,1,0,6,2,0,3,3,0,0,56,0,14,0,1,1,50,1,ai_farm
89,12433,1,Normal,35,3,3,3,0,27,27,0,0,15,0,1,1,0,7,3,0,3,3,0,0,84,0,15,0,1,1,71,1,ai_farm
89,12433,1,Normal,28,3,3,3,0,27,27,0,0,15,0,1,1,0,9,2,0,3,3,0,0,84,2,17,0,1,1,92,1,ai_farm
89,12433,1,Normal,37,5,5,5,0,27,27,0,0,25,0,1,1,0,13,3,0,3,3,0,0,140,4,27,0,1,1,127,1,ai_farm
89,12433,1,Normal,40,5,5,5,0,27,34,0,2,25,0,1,2,0,12,5,0,3,3,0,0,140,2,24,0,1,1,144,1,ai_farm; +1 levelup
89,12433,2,Normal,31,4,4,4,0,34,34,2,2,20,0,2,2,0,6,5,0,0,0,0,0,112,8,21,0,1,1,145,1,
89,12433,3,Normal,31,2,2,2,0,34,34,2,2,24,0,2,2,0,6,5,0,0,0,0,0,120,0,16,0,1,1,157,1,
90,12434,1,Normal,27,3,3,3,0,27,27,0,0,15,0,1,1,1,7,0,0,3,3,0,0,84,0,14,0,1,1,22,1,floor1_town
90,12434,1,Normal,30,4,4,3,0,27,0,0,0,15,0,1,1,0,9,4,0,0,0,0,0,111,27,27,1,0,0,49,1,ai_farm; party wiped
91,12435,1,Normal,11,1,1,0,0,27,0,0,0,0,0,1,1,0,3,3,0,0,0,0,0,18,27,9,1,0,0,7,1,floor1_town; party wiped
92,12436,1,Normal,37,5,5,5,0,27,27,0,0,25,0,1,1,1,13,2,0,3,3,0,0,140,0,27,0,1,1,36,1,floor1_town
92,12436,1,Normal,27,3,3,3,0,27,27,0,0,15,0,1,1,0,7,0,0,3,3,0,0,84,0,16,0,1,1,57,1,ai_farm
92,12436,1,Normal,28,3,3,3,0,27,27,0,0,15,0,1,1,0,8,2,0,3,3,0,0,84,0,17,0,1,1,78,1,ai_farm
92,12436,1,Normal,37,2,2,2,0,27,27,0,0,10,0,1,1,0,5,0,0,3,3,0,0,56,0,9,0,1,1,92,1,ai_farm
92,12436,1,Normal,35,4,4,4,0,27,27,0,0,20,0,1,1,0,10,1,0,3,3,0,0,112,0,18,0,1,1,120,1,ai_farm
92,12436,1,Normal,29,4,4,4,0,27,36,0,2,20,0,1,2,0,12,7,0,3,3,0,0,112,20,28,0,1,1,142,1,ai_farm; +1 levelup
92,12436,2,Normal,31,3,3,2,0,36,0,2,2,10,0,2,2,0,3,3,0,0,0,0,0,68,36,15,1,0,0,142,1,party wiped
93,12437,1,Normal,1,1,1,0,0,27,0,0,0,0,0,1,1,0,3,3,0,0,0,0,0,23,27,10,1,0,0,7,1,floor1_town; party wiped
94,12438,1,Normal,30,3,3,3,0,27,27,0,0,15,0,1,1,1,8,1,0,3,3,0,0,84,0,14,0,1,1,22,1,floor1_town
94,12438,1,Normal,27,3,3,3,0,27,27,0,0,15,0,1,1,0,8,3,0,3,3,0,0,84,14,20,0,1,1,43,1,ai_farm
94,12438,1,Normal,30,5,5,5,0,27,27,0,0,25,0,1,1,0,14,11,0,3,3,0,0,140,28,40,0,1,1,78,1,ai_farm
94,12438,1,Normal,34,5,5,5,0,27,27,0,0,25,0,1,1,0,14,4,0,3,3,0,0,140,0,24,0,1,1,113,1,ai_farm
94,12438,1,Normal,28,3,3,3,0,27,27,0,0,15,0,1,1,0,5,1,0,3,3,0,0,84,0,14,0,1,1,134,1,ai_farm
94,12438,1,Normal,27,3,3,3,0,27,35,0,3,15,0,1,2,0,6,2,0,3,3,0,0,84,9,15,0,1,1,143,1,ai_farm; +1 levelup
94,12438,2,Normal,39,6,6,6,0,35,26,3,3,30,0,2,2,1,6,0,1,3,3,0,0,168,36,31,0,1,1,146,1,
94,12438,3,Normal,29,0,0,0,0,26,26,3,3,0,0,2,2,0,0,0,2,3,3,0,0,0,0,0,0,1,1,146,0,
95,12439,1,Normal,35,3,3,3,0,27,27,0,0,15,0,1,1,0,9,6,0,3,3,0,0,84,0,18,0,1,1,22,1,floor1_town
95,12439,1,Normal,29,3,3,3,0,27,27,0,0,15,0,1,1,0,6,0,0,3,3,0,0,84,0,12,0,1,1,43,1,ai_farm
95,12439,1,Normal,26,4,4,4,0,27,27,0,0,20,0,1,1,0,9,3,0,3,3,0,0,112,0,20,0,1,1,71,1,ai_farm
95,12439,1,Normal,28,4,4,4,0,27,27,0,0,20,0,1,1,0,11,3,0,3,3,0,0,112,2,21,0,1,1,99,1,ai_farm
95,12439,1,Normal,36,3,3,3,0,27,27,0,0,15,0,1,1,0,9,2,0,3,3,0,0,84,2,19,0,1,1,120,1,ai_farm
95,12439,1,Normal,31,3,3,3,0,27,36,0,2,15,0,1,2,0,6,0,0,3,3,0,0,84,0,12,0,1,1,141,1,ai_farm; +1 levelup
95,12439,2,Normal,29,4,4,4,0,36,27,2,2,20,0,2,2,0,3,0,1,3,3,0,0,112,27,14,0,1,1,143,1,
95,12439,3,Normal,35,2,2,2,0,27,36,2,2,24,0,2,2,3,5,0,0,1,3,0,0,120,0,14,0,1,1,155,1,
96,12440,1,Normal,40,6,6,6,0,27,27,0,0,30,0,1,1,2,15,6,0,3,3,0,0,168,2,35,0,1,1,43,1,floor1_town
96,12440,1,Normal,26,3,3,3,0,27,27,0,0,15,0,1,1,0,8,6,0,3,3,0,0,84,0,22,0,1,1,64,1,ai_farm
96,12440,1,Normal,32,3,3,3,0,27,27,0,0,15,0,1,1,0,8,2,0,3,3,0,0,84,0,15,0,1,1,85,1,ai_farm
96,12440,1,Normal,34,2,2,2,0,27,27,0,0,10,0,1,1,0,3,0,0,3,3,0,0,56,0,5,0,1,1,99,1,ai_farm
96,12440,1,Normal,39,4,4,4,0,27,27,0,0,20,0,1,1,0,12,5,0,3,3,0,0,112,9,29,0,1,1,127,1,ai_farm
96,12440,1,Normal,32,3,3,3,0,27,36,0,2,15,0,1,2,0,8,2,0,3,3,0,0,84,0,13,0,1,1,142,1,ai_farm; +1 levelup
96,12440,2,Normal,34,3,3,3,0,36,36,2,2,15,0,2,2,0,6,4,0,0,1,0,0,84,9,15,0,1,1,143,1,
96,12440,3,Normal,30,3,3,3,0,36,36,2,2,36,0,2,2,2,5,3,0,1,3,0,0,180,24,16,0,1,1,161,1,
97,12441,1,Normal,28,3,3,3,0,27,27,0,0,15,0,1,1,0,9,1,0,3,3,0,0,84,0,17,0,1,1,22,1,floor1_town
97,12441,1,Normal,27,1,1,1,0,27,27,0,0,5,0,1,1,0,2,0,0,3,3,0,0,28,0,3,0,1,1,29,1,ai_farm
97,12441,1,Normal,37,3,3,3,0,27,27,0,0,15,0,1,1,0,6,2,0,3,3,0,0,84,0,13,0,1,1,50,1,ai_farm
97,12441,1,Normal,34,4,4,4,0,27,27,0,0,20,0,1,1,0,12,4,0,3,3,0,0,112,0,23,0,1,1,78,1,ai_farm
97,12441,1,Normal,4,1,1,0,0,27,0,0,0,0,0,1,1,0,3,3,0,0,0,0,0,9,27,11,1,0,0,84,1,ai_farm; party wiped
98,12442,1,Normal,33,2,2,2,0,27,27,0,0,10,0,1,1,0,6,3,2,3,3,0,0,56,12,14,0,1,1,15,1,floor1_town
98,12442,1,Normal,8,1,1,0,0,27,0,0,0,0,0,1,1,2,3,3,0,0,0,0,0,9,27,12,1,0,0,21,1,ai_farm; party wiped
99,12443,1,Normal,14,2,2,1,0,27,0,0,0,5,0,1,1,0,3,3,0,0,0,0,0,55,27,12,1,0,0,14,1,floor1_town; party wiped
100,12444,1,Normal,26,1,1,1,0,27,27,0,0,5,0,1,1,2,0,0,0,3,3,0,0,28,0,4,0,1,1,8,1,floor1_town
100,12444,1,Normal,26,2,2,2,0,27,27,0,0,10,0,1,1,0,5,2,0,3,3,0,0,56,0,9,0,1,1,22,1,ai_farm
100,12444,1,Normal,25,2,2,2,0,27,27,0,0,10,0,1,1,0,4,0,0,3,3,0,0,56,0,7,0,1,1,36,1,ai_farm
100,12444,1,Normal,40,4,4,4,0,27,27,0,0,20,0,1,1,0,12,10,0,3,3,0,0,112,18,35,0,1,1,64,1,ai_farm
100,12444,1,Normal,40,5,5,5,0,27,27,0,0,25,0,1,1,0,15,8,0,3,3,0,0,140,16,37,0,1,1,99,1,ai_farm
100,12444,1,Normal,33,2,2,2,0,27,27,0,0,10,0,1,1,0,3,0,0,3,3,0,0,56,0,7,0,1,1,113,1,ai_farm
100,12444,1,Normal,25,5,5,5,0,27,34,0,2,25,0,1,2,0,12,1,0,3,3,0,0,140,0,28,0,1,1,142,1,ai_farm; +1 levelup
100,12444,2,Normal,25,3,3,3,0,34,34,2,2,15,0,2,2,0,2,0,2,1,3,0,0,84,0,10,0,1,1,142,1,
100,12444,3,Normal,24,3,3,2,0,34,0,2,2,24,0,2,2,2,9,5,0,0,0,0,0,176,34,25,1,0,0,160,1,party wiped
101,12445,1,Normal,31,4,4,4,0,27,27,0,0,20,0,1,1,0,9,6,0,3,3,0,0,112,16,26,0,1,1,29,1,floor1_town
101,12445,1,Normal,37,4,4,4,0,27,27,0,0,20,0,1,1,0,11,5,0,3,3,0,0,112,24,24,0,1,1,57,1,ai_farm
101,12445,1,Normal,38,4,4,4,0,27,27,0,0,20,0,1,1,0,9,2,0,3,3,0,0,112,0,19,0,1,1,85,1,ai_farm
101,12445,1,Normal,34,3,3,3,0,27,27,0,0,15,0,1,1,0,9,7,0,3,3,0,0,84,34,27,0,1,1,106,1,ai_farm
101,12445,1,Normal,33,3,3,3,0,27,27,0,0,15,0,1,1,0,8,2,0,3,3,0,0,84,2,14,0,1,1,127,1,ai_farm
101,12445,1,Normal,36,4,4,4,0,27,35,0,2,20,0,1,2,0,8,2,0,3,3,0,0,112,0,18,0,1,1,143,1,ai_farm; +1 levelup
101,12445,2,Normal,20,3,3,2,0,35,0,2,2,10,0,2,2,1,3,3,0,0,0,0,0,82,35,16,1,0,0,143,1,party wiped
102,12446,1,Normal,36,4,4,4,0,27,27,0,0,20,0,1,1,2,10,1,0,3,3,0,0,112,0,20,0,1,1,29,1,floor1_town
102,12446,1,Normal,33,4,4,4,0,27,27,0,0,20,0,1,1,0,9,1,0,3,3,0,0,112,2,18,0,1,1,57,1,ai_farm
102,12446,1,Normal,39,2,2,2,0,27,27,0,0,10,0,1,1,0,4,0,0,3,3,0,0,56,0,9,0,1,1,71,1,ai_farm
102,12446,1,Normal,24,2,2,1,0,27,0,0,0,5,0,1,1,0,6,5,0,0,0,0,0,55,29,18,1,0,0,84,1,ai_farm; party wiped
103,12447,1,Normal,29,2,2,1,0,27,0,0,0,5,0,1,1,1,6,3,0,0,0,0,0,51,27,13,1,0,0,14,1,floor1_town; party wiped
104,12448,1,Normal,29,3,3,3,0,27,27,0,0,15,0,1,1,2,3,0,0,3,3,0,0,84,0,11,0,1,1,22,1,floor1_town
104,12448,1,Normal,35,3,3,3,0,27,27,0,0,15,0,1,1,0,8,1,0,3,3,0,0,84,0,17,0,1,1,43,1,ai_farm
104,12448,1,Normal,30,2,2,2,0,27,27,0,0,10,0,1,1,0,6,3,0,3,3,0,0,56,24,15,0,1,1,57,1,ai_farm
104,12448,1,Normal,30,3,3,3,0,27,27,0,0,15,0,1,1,0,7,1,0,3,3,0,0,84,0,17,0,1,1,78,1,ai_farm
104,12448,1,Normal,29,3,3,3,0,27,27,0,0,15,0,1,1,0,8,4,0,3,3,0,0,84,4,18,0,1,1,99,1,ai_farm
104,12448,1,Normal,40,6,6,6,0,27,34,0,2,30,0,1,2,0,11,6,0,3,3,0,0,168,23,33,0,1,1,141,1,ai_farm; +1 levelup
104,12448,2,Normal,21,3,3,2,0,34,0,2,2,10,0,2,2,0,3,3,0,0,0,0,0,69,34,11,1,0,0,141,1,party wiped
105,12449,1,Normal,34,3,3,3,0,27,27,0,0,15,0,1,1,1,7,2,0,3,3,0,0,84,2,14,0,1,1,22,1,floor1_town
105,12449,1,Normal,2,1,1,0,0,27,0,0,0,0,0,1,1,0,3,3,0,0,0,0,0,27,27,11,1,0,0,28,1,ai_farm; party wiped
106,12450,1,Normal,39,4,4,4,0,27,27,0,0,20,0,1,1,2,11,6,0,3,3,0,0,112,0,25,0,1,1,29,1,floor1_town
106,12450,1,Normal,36,5,5,5,0,27,27,0,0,25,0,1,1,0,13,3,0,3,3,0,0,140,0,24,0,1,1,64,1,ai_farm
106,12450,1,Normal,32,1,1,1,0,27,27,0,0,5,0,1,1,0,2,0,0,3,3,0,0,28,0,4,0,1,1,71,1,ai_farm
106,12450,1,Normal,39,3,3,3,0,27,27,0,0,15,0,1,1,0,9,6,0,3,3,0,0,84,4,21,0,1,1,92,1,ai_farm
106,12450,1,Normal,29,2,2,2,0,27,27,0,0,10,0,1,1,0,4,0,0,3,3,0,0,56,0,11,0,1,1,106,1,ai_farm
106,12450,1,Normal,31,2,2,2,0,27,27,0,0,10,0,1,1,0,6,2,0,3,3,0,0,56,0,11,0,1,1,120,1,ai_farm
106,12450,1,Normal,26,4,4,4,0,27,35,0,2,20,0,1,2,0,12,2,0,3,3,0,0,112,2,21,0,1,1,142,1,ai_farm; +1 levelup
106,12450,2,Normal,30,3,3,3,0,35,35,2,2,15,0,2,2,0,3,2,1,0,1,0,0,84,0,12,0,1,1,142,1,
106,12450,3,Normal,20,4,4,3,0,35,0,2,2,36,0,2,2,2,12,6,0,0,0,0,0,203,35,29,1,0,0,166,1,party wiped
107,12451,1,Normal,27,3,3,3,0,27,27,0,0,15,0,1,1,1,7,3,0,3,3,0,0,84,0,17,0,1,1,22,1,floor1_town
107,12451,1,Normal,30,3,3,3,0,27,27,0,0,15,0,1,1,0,6,3,0,3,3,0,0,84,18,16,0,1,1,43,1,ai_farm
107,12451,1,Normal,36,3,3,3,0,27,27,0,0,15,0,1,1,0,8,2,0,3,3,0,0,84,0,14,0,1,1,64,1,ai_farm
107,12451,1,Normal,3,1,1,0,0,27,0,0,0,0,0,1,1,0,3,3,0,0,0,0,0,27,27,9,1,0,0,70,1,ai_farm; party wiped
108,12452,1,Normal,32,2,2,2,0,27,27,0,0,10,0,1,1,2,6,1,0,3,3,0,0,56,0,14,0,1,1,15,1,floor1_town
108,12452,1,Normal,36,2,2,2,0,27,27,0,0,10,0,1,1,0,6,0,0,3,3,0,0,56,0,9,0,1,1,29,1,ai_farm
108,12452,1,Normal,39,5,5,5,0,27,27,0,0,25,0,1,1,0,14,4,0,3,3,0,0,140,14,25,0,1,1,64,1,ai_farm
108,12452,1,Normal,28,3,3,3,0,27,27,0,0,15,0,1,1,0,6,3,0,3,3,0,0,84,12,17,0,1,1,85,1,ai_farm
108,12452,1,Normal,36,3,3,3,0,27,27,0,0,15,0,1,1,0,9,0,0,3,3,0,0,84,0,15,0,1,1,106,1,ai_farm
108,12452,1,Normal,37,4,4,4,0,27,27,0,0,20,0,1,1,0,12,8,0,3,3,0,0,112,16,32,0,1,1,134,1,ai_farm
108,12452,1,Normal,40,6,6,6,0,27,35,0,2,30,0,1,2,0,8,0,0,3,3,0,0,168,34,29,0,1,1,146,1,ai_farm; +1 levelup
108,12452,2,Normal,33,4,4,4,0,35,26,2,2,20,0,2,2,0,3,0,1,1,3,0,0,112,34,14,0,1,1,149,1,
108,12452,3,Normal,30,2,2,2,0,26,35,2,2,24,0,2,2,1,5,0,1,1,3,0,0,120,0,9,0,1,1,161,1,
109,12453,1,Normal,37,3,3,3,0,27,27,0,0,15,0,1,1,1,7,6,0,3,3,0,0,84,24,20,0,1,1,22,1,floor1_town
109,12453,1,Normal,26,1,1,1,0,27,27,0,0,5,0,1,1,0,3,1,0,3,3,0,0,28,0,7,0,1,1,29,1,ai_farm
109,12453,1,Normal,28,3,3,3,0,27,27,0,0,15,0,1,1,0,8,1,0,3,3,0,0,84,0,17,0,1,1,50,1,ai_farm
109,12453,1,Normal,15,2,2,1,0,27,0,0,0,5,0,1,1,0,5,3,0,0,0,0,0,55,27,20,1,0,0,63,1,ai_farm; party wiped
110,12454,1,Normal,25,1,1,1,0,27,27,0,0,5,0,1,1,0,3,0,0,3,3,0,0,28,0,4,0,1,1,8,1,floor1_town
110,12454,1,Normal,36,4,4,4,0,27,27,0,0,20,0,1,1,0,11,4,0,3,3,0,0,112,14,25,0,1,1,36,1,ai_farm
110,12454,1,Normal,29,2,2,2,0,27,27,0,0,10,0,1,1,0,6,3,0,3,3,0,0,56,4,12,0,1,1,50,1,ai_farm
110,12454,1,Normal,12,2,2,1,0,27,0,0,0,5,0,1,1,0,6,4,0,0,0,0,0,46,27,17,1,0,0,63,1,ai_farm; party wiped
111,12455,1,Normal,30,3,3,3,0,27,27,0,0,15,0,1,1,1,8,3,0,3,3,0,0,84,0,18,0,1,1,22,1,floor1_town
111,12455,1,Normal,29,3,3,3,0,27,27,0,0,15,0,1,1,0,8,5,0,3,3,0,0,84,24,21,0,1,1,43,1,ai_farm
111,12455,1,Normal,29,4,4,4,0,27,27,0,0,20,0,1,1,0,12,3,0,3,3,0,0,112,0,21,0,1,1,71,1,ai_farm
111,12455,1,Normal,27,5,5,4,0,27,0,0,0,20,0,1,1,0,14,10,0,0,0,0,0,132,29,37,1,0,0,105,1,ai_farm; party wiped
112,12456,1,Normal,35,4,4,4,0,27,27,0,0,20,0,1,1,0,11,5,0,3,3,0,0,112,2,22,0,1,1,29,1,floor1_town
112,12456,1,Normal,39,4,4,4,0,27,27,0,0,20,0,1,1,0,12,4,0,3,3,0,0,112,0,27,0,1,1,57,1,ai_farm
112,12456,1,Normal,32,2,2,2,0,27,27,0,0,10,0,1,1,0,4,0,0,3,3,0,0,56,0,6,0,1,1,71,1,ai_farm
112,12456,1,Normal,26,1,1,1,0,27,27,0,0,5,0,1,1,0,3,0,0,3,3,0,0,28,0,5,0,1,1,78,1,ai_farm
112,12456,1,Normal,7,1,1,0,0,27,0,0,0,0,0,1,1,0,3,3,0,0,0,0,0,27,27,10,1,0,0,84,1,ai_farm; party wiped
113,12457,1,Normal,39,4,4,4,0,27,27,0,0,20,0,1,1,1,12,7,0,3,3,0,0,112,6,31,0,1,1,29,1,floor1_town
113,12457,1,Normal,31,5,5,5,0,27,27,0,0,25,0,1,1,0,13,5,0,3,3,0,0,140,14,28,0,1,1,64,1,ai_farm
113,12457,1,Normal,36,3,3,3,0,27,27,0,0,15,0,1,1,0,9,4,0,3,3,0,0,84,0,16,0,1,1,85,1,ai_farm
113,12457,1,Normal,30,4,4,4,0,27,27,0,0,20,0,1,1,0,10,4,0,3,3,0,0,112,0,22,0,1,1,113,1,ai_farm
113,12457,1,Normal,38,3,3,3,0,27,27,0,0,15,0,1,1,0,9,2,0,3,3,0,0,84,2,16,0,1,1,134,1,ai_farm
113,12457,1,Normal,29,4,4,4,0,27,35,0,1,20,0,1,2,0,10,2,0,3,3,0,0,112,0,20,0,1,1,144,1,ai_farm; +1 levelup
113,12457,2,Normal,31,4,4,4,0,35,35,1,1,20,0,2,2,0,3,3,2,0,0,0,0,112,0,11,0,1,1,144,1,
113,12457,3,Normal,30,5,5,5,0,35,32,1,1,60,0,2,2,3,10,3,0,0,1,0,0,300,3,31,0,1,1,174,1,
114,12458,1,Normal,28,3,3,3,0,27,27,0,0,15,0,1,1,0,9,3,0,3,3,0,0,84,0,16,0,1,1,22,1,floor1_town
114,12458,1,Normal,40,6,6,6,0,27,27,0,0,30,0,1,1,0,17,8,0,3,3,0,0,168,0,41,0,1,1,64,1,ai_farm
114,12458,1,Normal,26,3,3,3,0,27,27,0,0,15,0,1,1,0,8,1,0,3,3,0,0,84,2,13,0,1,1,85,1,ai_farm
114,12458,1,Normal,26,2,2,2,0,27,27,0,0,10,0,1,1,0,5,2,0,3,3,0,0,56,0,9,0,1,1,99,1,ai_farm
114,12458,1,Normal,29,3,3,3,0,27,27,0,0,15,0,1,1,0,8,1,0,3,3,0,0,84,2,15,0,1,1,120,1,ai_farm
114,12458,1,Normal,26,4,4,4,0,27,34,0,2,20,0,1,2,0,6,0,0,3,3,0,0,112,0,13,0,1,1,142,1,ai_farm; +1 levelup
114,12458,2,Normal,30,2,2,2,0,34,34,2,2,10,0,2,2,0,3,0,2,0,3,0,0,56,0,6,0,1,1,142,1,
114,12458,3,Normal,29,3,3,3,0,34,34,2,2,36,0,2,2,1,7,0,2,1,3,0,0,180,0,13,0,1,1,160,1,
115,12459,1,Normal,33,4,4,4,0,27,27,0,0,20,0,1,1,1,9,7,0,3,3,0,0,112,24,34,0,1,1,29,1,floor1_town
115,12459,1,Normal,30,5,5,5,0,27,27,0,0,25,0,1,1,0,15,7,0,3,3,0,0,140,0,33,0,1,1,64,1,ai_farm
115,12459,1,Normal,34,3,3,3,0,27,27,0,0,15,0,1,1,0,8,2,0,3,3,0,0,84,0,16,0,1,1,85,1,ai_farm
115,12459,1,Normal,26,3,3,3,0,27,27,0,0,15,0,1,1,0,6,1,0,3,3,0,0,84,2,14,0,1,1,106,1,ai_farm
115,12459,1,Normal,34,2,2,2,0,27,27,0,0,10,0,1,1,0,4,0,0,3,3,0,0,56,0,6,0,1,1,120,1,ai_farm
115,12459,1,Normal,29,4,4,4,0,27,35,0,2,20,0,1,2,0,10,2,0,3,3,0,0,112,0,17,0,1,1,142,1,ai_farm; +1 levelup
115,12459,2,Normal,31,3,3,3,0,35,35,2,2,15,0,2,2,1,4,3,0,2,3,0,0,84,12,15,0,1,1,143,1,
115,12459,3,Normal,28,3,3,2,0,35,0,2,2,24,0,2,2,0,7,4,0,0,0,0,0,167,35,20,1,0,0,161,1,party wiped
116,12460,1,Normal,38,4,4,4,0,27,27,0,0,20,0,1,1,0,11,5,0,3,3,0,0,112,16,25,0,1,1,29,1,floor1_town
116,12460,1,Normal,28,3,3,3,0,27,27,0,0,15,0,1,1,0,9,5,0,3,3,0,0,84,4,18,0,1,1,50,1,ai_farm
116,12460,1,Normal,33,5,5,5,0,27,27,0,0,25,0,1,1,0,12,4,0,3,3,0,0,140,0,28,0,1,1,85,1,ai_farm
116,12460,1,Normal,30,4,4,4,0,27,27,0,0,20,0,1,1,0,10,1,0,3,3,0,0,112,0,21,0,1,1,113,1,ai_farm
116,12460,1,Normal,37,3,3,3,0,27,27,0,0,15,0,1,1,0,8,0,0,3,3,0,0,84,0,14,0,1,1,134,1,ai_farm
116,12460,1,Normal,27,2,2,2,0,27,34,0,2,10,0,1,2,0,3,0,0,3,3,0,0,56,8,8,0,1,1,142,1,ai_farm; +1 levelup
116,12460,2,Normal,26,3,3,3,0,34,34,2,2,15,0,2,2,0,3,3,0,0,0,0,0,84,0,9,0,1,1,142,1,
116,12460,3,Normal,34,5,5,5,0,34,34,2,2,60,0,2,2,1,14,7,0,0,0,0,0,300,4,36,0,1,1,172,1,
117,12461,1,Normal,26,1,1,1,0,27,27,0,0,5,0,1,1,1,1,0,1,3,3,0,0,28,0,4,0,1,1,8,1,floor1_town
117,12461,1,Normal,35,3,3,3,0,27,27,0,0,15,0,1,1,1,4,0,0,3,3,0,0,84,0,12,0,1,1,29,1,ai_farm
117,12461,1,Normal,27,3,3,3,0,27,27,0,0,15,0,1,1,0,8,2,0,3,3,0,0,84,0,14,0,1,1,50,1,ai_farm
117,12461,1,Normal,34,3,3,3,0,27,27,0,0,15,0,1,1,0,5,2,0,3,3,0,0,84,0,13,0,1,1,71,1,ai_farm
117,12461,1,Normal,25,1,1,1,0,27,27,0,0,5,0,1,1,0,1,0,0,3,3,0,0,28,0,4,0,1,1,78,1,ai_farm
117,12461,1,Normal,36,3,3,3,0,27,27,0,0,15,0,1,1,0,8,4,0,3,3,0,0,84,25,26,0,1,1,99,1,ai_farm
117,12461,1,Normal,40,3,3,3,0,27,27,0,0,15,0,1,1,0,9,1,0,3,3,0,0,84,0,15,0,1,1,120,1,ai_farm
117,12461,1,Normal,33,3,3,3,0,27,35,0,3,15,0,1,2,0,5,0,0,3,3,0,0,84,0,10,0,1,1,141,1,ai_farm; +1 levelup
117,12461,2,Normal,36,3,3,3,0,35,26,3,3,15,0,2,2,0,1,0,1,3,3,0,0,84,18,8,0,1,1,142,1,
117,12461,3,Normal,35,4,4,4,0,26,33,3,3,48,0,2,2,1,12,7,0,0,1,0,0,240,19,28,0,1,1,166,1,
118,12462,1,Normal,31,3,3,3,0,27,27,0,0,15,0,1,1,0,8,3,0,3,3,0,0,84,0,19,0,1,1,22,1,floor1_town
118,12462,1,Normal,26,3,3,3,0,27,27,0,0,15,0,1,1,0,9,6,0,3,3,0,0,84,18,22,0,1,1,43,1,ai_farm
118,12462,1,Normal,4,1,1,0,0,27,0,0,0,0,0,1,1,0,3,3,0,0,0,0,0,27,27,8,1,0,0,49,1,ai_farm; party wiped
119,12463,1,Normal,36,4,4,4,0,27,27,0,0,20,0,1,1,2,12,3,0,3,3,0,0,112,2,24,0,1,1,29,1,floor1_town
119,12463,1,Normal,30,2,2,2,0,27,27,0,0,10,0,1,1,0,3,0,0,3,3,0,0,56,0,8,0,1,1,43,1,ai_farm
119,12463,1,Normal,33,3,3,3,0,27,27,0,0,15,0,1,1,0,7,1,0,3,3,0,0,84,0,14,0,1,1,64,1,ai_farm
119,12463,1,Normal,36,5,5,4,0,27,0,0,0,20,0,1,1,0,12,6,0,0,0,0,0,130,27,26,1,0,0,98,1,ai_farm; party wiped
120,12464,1,Normal,7,1,1,0,0,27,0,0,0,0,0,1,1,0,3,3,0,0,0,0,0,23,27,10,1,0,0,7,1,floor1_town; party wiped
121,12465,1,Normal,29,3,3,3,0,27,27,0,0,15,0,1,1,2,8,2,0,3,3,0,0,84,0,18,0,1,1,22,1,floor1_town
121,12465,1,Normal,31,3,3,3,0,27,27,0,0,15,0,1,1,0,7,3,0,3,3,0,0,84,18,17,0,1,1,43,1,ai_farm
121,12465,1,Normal,25,4,4,4,0,27,27,0,0,20,0,1,1,0,9,1,0,3,3,0,0,112,2,18,0,1,1,71,1,ai_farm
121,12465,1,Normal,12,2,2,1,0,27,0,0,0,5,0,1,1,0,6,6,0,0,0,0,0,53,39,20,1,0,0,84,1,ai_farm; party wiped
122,12466,1,Normal,34,3,3,3,0,27,27,0,0,15,0,1,1,0,9,1,0,3,3,0,0,84,0,17,0,1,1,22,1,floor1_town
122,12466,1,Normal,31,4,4,4,0,27,27,0,0,20,0,1,1,0,7,0,0,3,3,0,0,112,0,15,0,1,1,50,1,ai_farm
122,12466,1,Normal,9,2,2,1,0,27,0,0,0,5,0,1,1,0,5,3,0,0,0,0,0,46,27,13,1,0,0,63,1,ai_farm; party wiped
123,12467,1,Normal,38,4,4,4,0,27,27,0,0,20,0,1,1,2,12,9,0,3,3,0,0,112,14,31,0,1,1,29,1,floor1_town
123,12467,1,Normal,12,2,2,1,0,27,0,0,0,5,0,1,1,0,6,6,0,0,0,0,0,51,27,17,1,0,0,42,1,ai_farm; party wiped
124,12468,1,Normal,27,3,3,3,0,27,27,0,0,15,0,1,1,0,8,0,0,3,3,0,0,84,0,14,0,1,1,22,1,floor1_town
124,12468,1,Normal,39,4,4,4,0,27,27,0,0,20,0,1,1,0,9,2,0,3,3,0,0,112,2,18,0,1,1,50,1,ai_farm
124,12468,1,Normal,27,3,3,3,0,27,27,0,0,15,0,1,1,0,9,7,0,3,3,0,0,84,26,22,0,1,1,71,1,ai_farm
124,12468,1,Normal,3,1,1,0,0,27,0,0,0,0,0,1,1,0,3,3,0,0,0,0,0,23,27,8,1,0,0,77,1,ai_farm; party wiped
125,12469,1,Normal,32,3,3,3,0,27,27,0,0,15,0,1,1,2,8,3,0,3,3,0,0,84,12,21,0,1,1,22,1,floor1_town
125,12469,1,Normal,26,3,3,3,0,27,27,0,0,15,0,1,1,0,7,0,0,3,3,0,0,84,0,13,0,1,1,43,1,ai_farm
125,12469,1,Normal,34,3,3,3,0,27,27,0,0,15,0,1,1,0,9,4,0,3,3,0,0,84,0,20,0,1,1,64,1,ai_farm
125,12469,1,Normal,26,3,3,2,0,27,0,0,0,10,0,1,1,0,9,3,0,0,0,0,0,83,27,22,1,0,0,84,1,ai_farm; party wiped
126,12470,1,Normal,36,6,6,6,0,27,27,0,0,30,0,1,1,1,15,5,0,3,3,0,0,168,18,39,0,1,1,43,1,floor1_town
126,12470,1,Normal,23,4,4,3,0,27,0,0,0,15,0,1,1,0,8,4,0,0,0,0,0,107,27,26,1,0,0,70,1,ai_farm; party wiped
127,12471,1,Normal,25,3,3,3,0,27,27,0,0,15,0,1,1,0,8,2,2,3,3,0,0,84,0,22,0,1,1,22,1,floor1_town
127,12471,1,Normal,27,1,1,1,0,27,27,0,0,5,0,1,1,0,3,2,2,3,3,0,0,28,0,6,0,1,1,29,1,ai_farm
127,12471,1,Normal,28,1,1,1,0,27,27,0,0,5,0,1,1,1,2,0,1,3,3,0,0,28,0,4,0,1,1,36,1,ai_farm
127,12471,1,Normal,40,4,4,4,0,27,27,0,0,20,0,1,1,1,11,0,0,3,3,0,0,112,0,20,0,1,1,64,1,ai_farm
127,12471,1,Normal,37,4,4,4,0,27,27,0,0,20,0,1,1,0,11,4,0,3,3,0,0,112,26,24,0,1,1,92,1,ai_farm
127,12471,1,Normal,33,3,3,2,0,27,0,0,0,10,0,1,1,0,7,3,0,0,0,0,0,79,27,15,1,0,0,112,1,ai_farm; party wiped
128,12472,1,Normal,30,3,3,3,0,27,27,0,0,15,0,1,1,1,9,8,0,3,3,0,0,84,8,23,0,1,1,22,1,floor1_town
128,12472,1,Normal,30,5,5,5,0,27,27,0,0,25,0,1,1,0,12,6,0,3,3,0,0,140,4,29,0,1,1,57,1,ai_farm
128,12472,1,Normal,25,4,4,4,0,27,27,0,0,20,0,1,1,0,11,3,0,3,3,0,0,112,0,22,0,1,1,85,1,ai_farm
128,12472,1,Normal,26,4,4,4,0,27,27,0,0,20,0,1,1,0,9,2,0,3,3,0,0,112,0,24,0,1,1,113,1,ai_farm
128,12472,1,Normal,37,4,4,4,0,27,35,0,2,20,0,1,2,0,8,1,0,3,3,0,0,112,0,17,0,1,1,141,1,ai_farm; +1 levelup
128,12472,2,Normal,30,4,4,4,0,35,27,2,2,20,0,2,2,1,3,3,0,0,0,0,0,112,8,15,0,1,1,141,1,
128,12472,3,Normal,39,2,2,2,0,27,35,2,2,24,0,2,2,1,6,2,0,0,3,0,0,120,3,12,0,1,1,153,1,
129,12473,1,Normal,35,3,3,3,0,27,27,0,0,15,0,1,1,2,6,0,0,3,3,0,0,84,0,14,0,1,1,22,1,floor1_town
129,12473,1,Normal,22,3,3,2,0,27,0,0,0,10,0,1,1,0,8,5,0,0,0,0,0,83,27,17,1,0,0,42,1,ai_farm; party wiped
130,12474,1,Normal,39,6,6,6,0,27,27,0,0,30,0,1,1,1,13,4,0,3,3,0,0,168,0,28,0,1,1,43,1,floor1_town
130,12474,1,Normal,30,2,2,2,0,27,27,0,0,10,0,1,1,0,6,2,0,3,3,0,0,56,2,13,0,1,1,57,1,ai_farm
130,12474,1,Normal,35,3,3,3,0,27,27,0,0,15,0,1,1,0,8,2,0,3,3,0,0,84,2,16,0,1,1,78,1,ai_farm
130,12474,1,Normal,28,3,3,3,0,27,27,0,0,15,0,1,1,0,7,2,0,3,3,0,0,84,2,14,0,1,1,99,1,ai_farm
130,12474,1,Normal,40,4,4,4,0,27,27,0,0,20,0,1,1,0,9,0,0,3,3,0,0,112,0,14,0,1,1,127,1,ai_farm
130,12474,1,Normal,32,4,4,4,0,27,34,0,3,20,0,1,2,0,8,1,0,3,3,0,0,112,0,15,0,1,1,143,1,ai_farm; +1 levelup
130,12474,2,Normal,28,4,4,3,0,34,0,3,3,15,0,2,2,1,3,3,0,0,0,0,0,97,34,14,1,0,0,143,1,party wiped
131,12475,1,Normal,28,3,3,3,0,27,27,0,0,15,0,1,1,1,7,2,1,3,3,0,0,84,0,15,0,1,1,22,1,floor1_town
131,12475,1,Normal,28,5,5,5,0,27,27,0,0,25,0,1,1,1,13,4,0,3,3,0,0,140,12,30,0,1,1,57,1,ai_farm
131,12475,1,Normal,32,3,3,3,0,27,27,0,0,15,0,1,1,0,7,0,0,3,3,0,0,84,0,12,0,1,1,78,1,ai_farm
131,12475,1,Normal,33,5,5,5,0,27,27,0,0,25,0,1,1,0,15,5,0,3,3,0,0,140,0,28,0,1,1,113,1,ai_farm
131,12475,1,Normal,29,1,1,1,0,27,27,0,0,5,0,1,1,0,3,3,0,3,3,0,0,28,18,10,0,1,1,120,1,ai_farm
131,12475,1,Normal,30,1,1,1,0,27,27,0,0,5,0,1,1,0,1,0,0,3,3,0,0,28,0,2,0,1,1,127,1,ai_farm
131,12475,1,Normal,31,4,4,4,0,27,36,0,3,20,0,1,2,0,9,5,0,3,3,0,0,112,20,26,0,1,1,143,1,ai_farm; +1 levelup
131,12475,2,Normal,38,2,2,2,0,36,17,3,3,10,0,2,2,0,3,3,1,0,0,0,0,56,19,11,0,1,1,143,1,
131,12475,3,Normal,40,1,1,1,0,17,36,3,3,12,0,2,2,2,3,0,1,0,3,0,0,60,0,8,0,1,1,149,1,
132,12476,1,Normal,33,4,4,4,0,27,27,0,0,20,0,1,1,1,9,3,0,3,3,0,0,112,0,26,0,1,1,29,1,floor1_town
132,12476,1,Normal,29,2,2,2,0,27,27,0,0,10,0,1,1,0,5,0,0,3,3,0,0,56,0,8,0,1,1,43,1,ai_farm
132,12476,1,Normal,39,4,4,4,0,27,27,0,0,20,0,1,1,0,12,2,0,3,3,0,0,112,0,21,0,1,1,71,1,ai_farm
132,12476,1,Normal,29,2,2,2,0,27,27,0,0,10,0,1,1,0,6,0,0,3,3,0,0,56,0,9,0,1,1,85,1,ai_farm
132,12476,1,Normal,30,4,4,4,0,27,27,0,0,20,0,1,1,0,11,6,0,3,3,0,0,112,9,27,0,1,1,113,1,ai_farm
132,12476,1,Normal,8,1,1,0,0,27,0,0,0,0,0,1,1,0,3,3,0,0,0,0,0,18,27,9,1,0,0,119,1,ai_farm; party wiped
133,12477,1,Normal,37,3,3,3,0,27,27,0,0,15,0,1,1,0,6,0,0,3,3,0,0,84,0,12,0,1,1,22,1,floor1_town
133,12477,1,Normal,32,3,3,3,0,27,27,0,0,15,0,1,1,0,9,4,0,3,3,0,0,84,0,17,0,1,1,43,1,ai_farm
133,12477,1,Normal,7,2,2,1,0,27,0,0,0,5,0,1,1,0,6,3,0,0,0,0,0,46,27,14,1,0,0,56,1,ai_farm; party wiped
134,12478,1,Normal,13,3,3,2,0,27,0,0,0,10,0,1,1,1,6,4,0,0,0,0,0,83,29,17,1,0,0,21,1,floor1_town; party wiped
135,12479,1,Normal,1,1,1,0,0,27,0,0,0,0,0,1,1,0,3,3,0,0,0,0,0,23,27,8,1,0,0,7,1,floor1_town; party wiped
136,12480,1,Normal,35,4,4,4,0,27,27,0,0,20,0,1,1,1,11,2,0,3,3,0,0,112,4,19,0,1,1,29,1,floor1_town
136,12480,1,Normal,30,4,4,4,0,27,27,0,0,20,0,1,1,0,11,3,0,3,3,0,0,112,18,22,0,1,1,57,1,ai_farm
136,12480,1,Normal,29,3,3,3,0,27,27,0,0,15,0,1,1,0,7,4,0,3,3,0,0,84,2,19,0,1,1,78,1,ai_farm
136,12480,1,Normal,29,3,3,3,0,27,27,0,0,15,0,1,1,0,9,3,0,3,3,0,0,84,0,16,0,1,1,99,1,ai_farm
136,12480,1,Normal,34,4,4,4,0,27,27,0,0,20,0,1,1,0,12,0,0,3,3,0,0,112,0,21,0,1,1,127,1,ai_farm
136,12480,1,Normal,33,4,4,4,0,27,35,0,2,20,0,1,2,0,11,6,0,3,3,0,0,112,0,24,0,1,1,143,1,ai_farm; +1 levelup
136,12480,2,Normal,36,6,6,6,0,35,35,2,2,30,0,2,2,1,7,6,0,2,3,0,0,168,30,27,0,1,1,145,1,
136,12480,3,Normal,40,2,2,2,0,35,35,2,2,24,0,2,2,1,6,2,0,0,1,0,0,120,0,11,0,1,1,157,1,
137,12481,1,Normal,40,2,2,2,0,27,27,0,0,10,0,1,1,0,5,3,0,3,3,0,0,56,0,14,0,1,1,15,1,floor1_town
137,12481,1,Normal,29,2,2,2,0,27,27,0,0,10,0,1,1,0,6,1,0,3,3,0,0,56,0,10,0,1,1,29,1,ai_farm
137,12481,1,Normal,29,2,2,2,0,27,27,0,0,10,0,1,1,0,2,0,0,3,3,0,0,56,0,7,0,1,1,43,1,ai_farm
137,12481,1,Normal,27,2,2,2,0,27,27,0,0,10,0,1,1,0,4,0,0,3,3,0,0,56,0,8,0,1,1,57,1,ai_farm
137,12481,1,Normal,32,3,3,3,0,27,27,0,0,15,0,1,1,0,7,4,0,3,3,0,0,84,0,16,0,1,1,78,1,ai_farm
137,12481,1,Normal,37,5,5,5,0,27,27,0,0,25,0,1,1,0,12,1,0,3,3,0,0,140,0,22,0,1,1,113,1,ai_farm
137,12481,1,Normal,37,5,5,5,0,27,35,0,2,25,0,1,2,0,14,3,0,3,3,0,0,140,8,27,0,1,1,142,1,ai_farm; +1 levelup
137,12481,2,Normal,36,2,2,2,0,35,35,2,2,10,0,2,2,0,3,3,1,0,0,0,0,56,0,14,0,1,1,142,1,
137,12481,3,Normal,38,6,6,5,0,35,0,2,2,60,0,2,2,3,14,7,0,0,0,0,0,356,35,36,1,0,0,178,1,party wiped
138,12482,1,Normal,29,5,5,5,0,27,27,0,0,25,0,1,1,1,15,10,0,3,3,0,0,140,0,36,0,1,1,36,1,floor1_town
138,12482,1,Normal,30,4,4,4,0,27,27,0,0,20,0,1,1,0,10,2,0,3,3,0,0,112,0,20,0,1,1,64,1,ai_farm
138,12482,1,Normal,26,4,4,4,0,27,27,0,0,20,0,1,1,0,10,6,0,3,3,0,0,112,14,27,0,1,1,92,1,ai_farm
138,12482,1,Normal,37,4,4,4,0,27,27,0,0,20,0,1,1,0,9,5,0,3,3,0,0,112,2,25,0,1,1,120,1,ai_farm
138,12482,1,Normal,36,6,6,6,0,27,34,0,1,30,0,1,2,0,16,2,0,3,3,0,0,168,2,29,0,1,1,144,1,ai_farm; +1 levelup
138,12482,2,Normal,32,5,5,4,0,34,0,1,1,20,0,2,2,2,3,3,0,0,0,0,0,131,34,21,1,0,0,144,1,party wiped
139,12483,1,Normal,22,3,3,2,0,27,0,0,0,10,0,1,1,0,8,4,0,0,0,0,0,83,29,17,1,0,0,21,1,floor1_town; party wiped
140,12484,1,Normal,38,2,2,2,0,27,27,0,0,10,0,1,1,2,5,1,0,3,3,0,0,56,0,11,0,1,1,15,1,floor1_town
140,12484,1,Normal,26,3,3,3,0,27,27,0,0,15,0,1,1,0,7,1,0,3,3,0,0,84,0,14,0,1,1,36,1,ai_farm
140,12484,1,Normal,32,1,1,1,0,27,27,0,0,5,0,1,1,0,3,2,0,3,3,0,0,28,0,9,0,1,1,43,1,ai_farm
140,12484,1,Normal,34,3,3,3,0,27,27,0,0,15,0,1,1,0,8,2,0,3,3,0,0,84,2,15,0,1,1,64,1,ai_farm
140,12484,1,Normal,36,2,2,2,0,27,27,0,0,10,0,1,1,0,4,2,0,3,3,0,0,56,0,9,0,1,1,78,1,ai_farm
140,12484,1,Normal,25,4,4,4,0,27,27,0,0,20,0,1,1,0,10,2,0,3,3,0,0,112,0,20,0,1,1,106,1,ai_farm
140,12484,1,Normal,38,3,3,3,0,27,27,0,0,15,0,1,1,0,9,3,0,3,3,0,0,84,0,17,0,1,1,127,1,ai_farm
140,12484,1,Normal,29,3,3,3,0,27,35,0,2,15,0,1,2,0,7,1,0,3,3,0,0,84,0,14,0,1,1,142,1,ai_farm; +1 levelup
140,12484,2,Normal,27,5,5,5,0,35,35,2,2,25,0,2,2,0,6,6,1,0,0,0,0,140,11,20,0,1,1,143,1,
140,12484,3,Normal,35,2,2,2,0,35,35,2,2,24,0,2,2,1,6,2,0,0,2,0,0,120,0,11,0,1,1,155,1,
141,12485,1,Normal,27,3,3,3,0,27,27,0,0,15,0,1,1,0,6,2,0,3,3,0,0,84,4,14,0,1,1,22,1,floor1_town
141,12485,1,Normal,31,2,2,2,0,27,27,0,0,10,0,1,1,0,4,2,0,3,3,0,0,56,0,9,0,1,1,36,1,ai_farm
141,12485,1,Normal,32,5,5,5,0,27,27,0,0,25,0,1,1,0,13,1,0,3,3,0,0,140,0,20,0,1,1,71,1,ai_farm
141,12485,1,Normal,35,2,2,2,0,27,27,0,0,10,0,1,1,0,6,4,0,3,3,0,0,56,4,13,0,1,1,85,1,ai_farm
141,12485,1,Normal,35,2,2,2,0,27,27,0,0,10,0,1,1,0,5,3,0,3,3,0,0,56,0,14,0,1,1,99,1,ai_farm
141,12485,1,Normal,32,2,2,2,0,27,27,0,0,10,0,1,1,0,6,2,0,3,3,0,0,56,2,11,0,1,1,113,1,ai_farm
141,12485,1,Normal,40,4,4,4,0,27,35,0,3,20,0,1,2,0,12,0,0,3,3,0,0,112,0,19,0,1,1,141,1,ai_farm; +1 levelup
141,12485,2,Normal,35,2,2,2,0,35,35,3,3,10,0,2,2,0,3,1,1,0,2,0,0,56,0,8,0,1,1,141,1,
141,12485,3,Normal,22,2,2,1,0,35,0,3,3,12,0,2,2,1,6,3,0,0,0,0,0,111,35,14,1,0,0,153,1,party wiped
142,12486,1,Normal,32,2,2,2,0,27,27,0,0,10,0,1,1,0,5,1,2,3,3,0,0,56,0,11,0,1,1,15,1,floor1_town
142,12486,1,Normal,28,0,0,0,0,27,27,0,0,0,0,1,1,0,0,0,2,3,3,0,0,0,0,0,0,1,1,15,0,ai_farm
142,12486,1,Normal,28,3,3,3,0,27,27,0,0,15,0,1,1,1,7,2,1,3,3,0,0,84,0,15,0,1,1,36,1,ai_farm
142,12486,1,Normal,37,5,5,5,0,27,27,0,0,25,0,1,1,1,11,2,0,3,3,0,0,140,2,22,0,1,1,71,1,ai_farm
142,12486,1,Normal,31,4,4,4,0,27,27,0,0,20,0,1,1,0,5,0,0,3,3,0,0,112,0,14,0,1,1,99,1,ai_farm
142,12486,1,Normal,27,3,3,3,0,27,27,0,0,15,0,1,1,0,9,4,0,3,3,0,0,84,0,19,0,1,1,120,1,ai_farm
142,12486,1,Normal,34,3,3,3,0,27,34,0,2,15,0,1,2,0,7,1,0,3,3,0,0,84,2,13,0,1,1,141,1,ai_farm; +1 levelup
142,12486,2,Normal,25,3,3,3,0,34,34,2,2,15,0,2,2,0,3,3,0,0,0,0,0,84,0,11,0,1,1,141,1,
142,12486,3,Normal,32,2,2,2,0,34,18,2,2,24,0,2,2,1,5,3,0,0,0,0,0,120,16,15,0,1,1,153,1,
143,12487,1,Normal,36,2,2,2,0,27,27,0,0,10,0,1,1,0,6,2,0,3,3,0,0,56,0,13,0,1,1,15,1,floor1_town
143,12487,1,Normal,1,1,1,0,0,27,0,0,0,0,0,1,1,0,3,3,0,0,0,0,0,16,27,12,1,0,0,21,1,ai_farm; party wiped
144,12488,1,Normal,25,4,4,4,0,27,27,0,0,20,0,1,1,2,12,6,0,3,3,0,0,112,22,32,0,1,1,29,1,floor1_town
144,12488,1,Normal,28,4,4,4,0,27,27,0,0,20,0,1,1,0,9,2,0,3,3,0,0,112,0,21,0,1,1,57,1,ai_farm
144,12488,1,Normal,6,1,1,0,0,27,0,0,0,0,0,1,1,0,3,3,0,0,0,0,0,27,27,11,1,0,0,63,1,ai_farm; party wiped
145,12489,1,Normal,30,3,3,3,0,27,27,0,0,15,0,1,1,0,7,1,0,3,3,0,0,84,0,13,0,1,1,22,1,floor1_town
145,12489,1,Normal,28,4,4,4,0,27,27,0,0,20,0,1,1,0,11,3,0,3,3,0,0,112,2,21,0,1,1,50,1,ai_farm
145,12489,1,Normal,38,3,3,3,0,27,27,0,0,15,0,1,1,0,8,3,0,3,3,0,0,84,0,16,0,1,1,71,1,ai_farm
145,12489,1,Normal,37,4,4,4,0,27,27,0,0,20,0,1,1,0,11,1,0,3,3,0,0,112,0,21,0,1,1,99,1,ai_farm
145,12489,1,Normal,30,4,4,4,0,27,27,0,0,20,0,1,1,0,11,4,0,3,3,0,0,112,0,19,0,1,1,127,1,ai_farm
145,12489,1,Normal,25,2,2,2,0,27,34,0,3,10,0,1,2,0,4,2,0,3,3,0,0,56,2,10,0,1,1,141,1,ai_farm; +1 levelup
145,12489,2,Normal,25,1,1,1,0,34,34,3,3,5,0,2,2,1,2,0,1,1,3,0,0,28,0,5,0,1,1,141,1,
145,12489,3,Normal,40,1,1,1,0,34,34,3,3,12,0,2,2,0,2,0,2,1,3,0,0,60,0,4,0,1,1,147,1,
146,12490,1,Normal,33,2,2,1,0,27,0,0,0,5,0,1,1,1,4,3,1,0,0,0,0,55,27,13,1,0,0,14,1,floor1_town; party wiped
147,12491,1,Normal,39,4,4,4,0,27,27,0,0,20,0,1,1,1,8,0,0,3,3,0,0,112,0,17,0,1,1,29,1,floor1_town
147,12491,1,Normal,40,3,3,3,0,27,27,0,0,15,0,1,1,0,8,2,0,3,3,0,0,84,0,16,0,1,1,50,1,ai_farm
147,12491,1,Normal,36,7,7,7,0,27,27,0,0,35,0,1,1,0,17,3,0,3,3,0,0,196,0,30,0,1,1,99,1,ai_farm
147,12491,1,Normal,40,3,3,3,0,27,27,0,0,15,0,1,1,0,9,1,0,3,3,0,0,84,0,16,0,1,1,120,1,ai_farm
147,12491,1,Normal,31,4,4,4,0,27,35,0,1,20,0,1,2,0,9,5,0,3,3,0,0,112,12,25,0,1,1,142,1,ai_farm; +1 levelup
147,12491,2,Normal,34,3,3,3,0,35,27,1,1,15,0,2,2,0,6,3,1,0,3,0,0,84,20,17,0,1,1,143,1,
147,12491,3,Normal,36,3,3,3,0,27,35,1,1,36,0,2,2,1,8,3,0,0,0,0,0,180,0,18,0,1,1,161,1,
148,12492,1,Normal,28,2,2,2,0,27,27,0,0,10,0,1,1,2,4,0,0,3,3,0,0,56,0,9,0,1,1,15,1,floor1_town
148,12492,1,Normal,33,3,3,3,0,27,27,0,0,15,0,1,1,0,7,3,0,3,3,0,0,84,2,16,0,1,1,36,1,ai_farm
148,12492,1,Normal,30,1,1,1,0,27,27,0,0,5,0,1,1,0,3,3,0,3,3,0,0,28,0,8,0,1,1,43,1,ai_farm
148,12492,1,Normal,33,3,3,3,0,27,27,0,0,15,0,1,1,0,9,5,0,3,3,0,0,84,22,22,0,1,1,64,1,ai_farm
148,12492,1,Normal,32,3,3,3,0,27,27,0,0,15,0,1,1,0,7,1,0,3,3,0,0,84,2,13,0,1,1,85,1,ai_farm
148,12492,1,Normal,37,4,4,4,0,27,27,0,0,20,0,1,1,0,9,2,0,3,3,0,0,112,0,22,0,1,1,113,1,ai_farm
148,12492,1,Normal,32,4,4,4,0,27,35,0,2,20,0,1,2,0,11,1,0,3,3,0,0,112,0,18,0,1,1,141,1,ai_farm; +1 levelup
148,12492,2,Normal,40,4,4,4,0,35,35,2,2,20,0,2,2,0,3,3,1,3,3,0,0,112,12,15,0,1,1,142,1,
148,12492,3,Normal,38,4,4,4,0,35,35,2,2,48,0,2,2,2,11,6,0,1,3,0,0,240,0,25,0,1,1,166,1,
149,12493,1,Normal,32,3,3,3,0,27,27,0,0,15,0,1,1,1,8,3,0,3,3,0,0,84,0,17,0,1,1,22,1,floor1_town
149,12493,1,Normal,33,2,2,2,0,27,27,0,0,10,0,1,1,0,4,0,0,3,3,0,0,56,0,8,0,1,1,36,1,ai_farm
149,12493,1,Normal,39,3,3,3,0,27,27,0,0,15,0,1,1,0,8,3,0,3,3,0,0,84,0,15,0,1,1,57,1,ai_farm
149,12493,1,Normal,27,2,2,2,0,27,27,0,0,10,0,1,1,0,4,1,0,3,3,0,0,56,0,10,0,1,1,71,1,ai_farm
149,12493,1,Normal,26,2,2,2,0,27,27,0,0,10,0,1,1,0,5,1,0,3,3,0,0,56,0,13,0,1,1,85,1,ai_farm
149,12493,1,Normal,29,5,5,4,0,27,0,0,0,20,0,1,1,0,14,7,0,0,0,0,0,139,27,31,1,0,0,119,1,ai_farm; party wiped
150,12494,1,Normal,37,5,5,5,0,27,27,0,0,25,0,1,1,2,13,3,0,3,3,0,0,140,0,26,0,1,1,36,1,floor1_town
150,12494,1,Normal,33,4,4,4,0,27,27,0,0,20,0,1,1,0,11,3,0,3,3,0,0,112,0,22,0,1,1,64,1,ai_farm
150,12494,1,Normal,27,3,3,3,0,27,27,0,0,15,0,1,1,0,7,2,0,3,3,0,0,84,0,15,0,1,1,85,1,ai_farm
150,12494,1,Normal,34,2,2,2,0,27,27,0,0,10,0,1,1,0,6,1,0,3,3,0,0,56,0,14,0,1,1,99,1,ai_farm
150,12494,1,Normal,37,6,6,6,0,27,35,0,3,30,0,1,2,0,15,3,0,3,3,0,0,168,2,28,0,1,1,141,1,ai_farm; +1 levelup
150,12494,2,Normal,37,4,4,4,0,35,35,3,3,20,0,2,2,0,3,3,1,0,0,0,0,112,0,17,0,1,1,141,1,
150,12494,3,Normal,39,5,5,5,0,35,33,3,3,60,0,2,2,2,14,4,0,0,2,0,0,300,2,31,0,1,1,171,1,
151,12495,1,Normal,6,1,1,0,0,27,0,0,0,0,0,1,1,1,3,3,0,0,0,0,0,9,27,11,1,0,0,7,1,floor1_town; party wiped
152,12496,1,Normal,31,3,3,3,0,27,27,0,0,15,0,1,1,2,5,2,0,3,3,0,0,84,4,15,0,1,1,22,1,floor1_town
152,12496,1,Normal,3,1,1,0,0,27,0,0,0,0,0,1,1,0,3,3,0,0,0,0,0,25,27,11,1,0,0,28,1,ai_farm; party wiped
153,12497,1,Normal,35,3,3,3,0,27,27,0,0,15,0,1,1,1,6,0,0,3,3,0,0,84,0,10,0,1,1,22,1,floor1_town
153,12497,1,Normal,28,3,3,2,0,27,0,0,0,10,0,1,1,0,7,6,0,0,0,0,0,83,29,20,1,0,0,42,1,ai_farm; party wiped
154,12498,1,Normal,40,5,5,5,0,27,27,0,0,25,0,1,1,2,12,5,0,3,3,0,0,140,23,30,0,1,1,36,1,floor1_town
154,12498,1,Normal,9,2,2,1,0,27,0,0,0,5,0,1,1,0,6,3,0,0,0,0,0,51,27,15,1,0,0,49,1,ai_farm; party wiped
155,12499,1,Normal,29,2,2,2,0,27,27,0,0,10,0,1,1,1,5,1,0,3,3,0,0,56,0,13,0,1,1,15,1,floor1_town
155,12499,1,Normal,31,3,3,3,0,27,27,0,0,15,0,1,1,0,9,6,0,3,3,0,0,84,18,21,0,1,1,36,1,ai_farm
155,12499,1,Normal,34,6,6,6,0,27,27,0,0,30,0,1,1,0,18,10,0,3,3,0,0,168,25,41,0,1,1,78,1,ai_farm
155,12499,1,Normal,36,5,5,5,0,27,27,0,0,25,0,1,1,0,12,3,0,3,3,0,0,140,2,30,0,1,1,113,1,ai_farm
155,12499,1,Normal,30,5,5,5,0,27,35,0,3,25,0,1,2,0,12,1,0,3,3,0,0,140,0,26,0,1,1,142,1,ai_farm; +1 levelup
155,12499,2,Normal,40,2,2,2,0,35,17,3,3,10,0,2,2,0,3,3,0,0,0,0,0,56,18,10,0,1,1,142,1,
155,12499,3,Normal,9,1,1,0,0,17,0,3,3,0,0,2,2,0,3,3,0,0,0,0,0,53,35,9,1,0,0,148,1,party wiped
156,12500,1,Normal,33,2,2,2,0,27,27,0,0,10,0,1,1,0,6,1,0,3,3,0,0,56,0,12,0,1,1,15,1,floor1_town
156,12500,1,Normal,13,2,2,1,0,27,0,0,0,5,0,1,1,0,5,3,0,0,0,0,0,46,27,15,1,0,0,28,1,ai_farm; party wiped
157,12501,1,Normal,38,5,5,5,0,27,27,0,0,25,0,1,1,1,14,6,0,3,3,0,0,140,18,34,0,1,1,36,1,floor1_town
157,12501,1,Normal,35,3,3,3,0,27,27,0,0,15,0,1,1,0,6,2,0,3,3,0,0,84,0,16,0,1,1,57,1,ai_farm
157,12501,1,Normal,34,2,2,2,0,27,27,0,0,10,0,1,1,0,5,1,0,3,3,0,0,56,0,9,0,1,1,71,1,ai_farm
157,12501,1,Normal,38,3,3,3,0,27,27,0,0,15,0,1,1,0,7,0,0,3,3,0,0,84,0,15,0,1,1,92,1,ai_farm
157,12501,1,Normal,37,4,4,4,0,27,27,0,0,20,0,1,1,0,6,3,0,3,3,0,0,112,0,20,0,1,1,120,1,ai_farm
157,12501,1,Normal,39,3,3,3,0,27,36,0,1,15,0,1,2,0,8,5,0,3,3,0,0,84,0,20,0,1,1,141,1,ai_farm; +1 levelup
157,12501,2,Normal,29,4,4,4,0,36,15,1,1,20,0,2,2,0,3,3,2,0,0,0,0,112,21,14,0,1,1,141,1,
157,12501,3,Normal,32,2,2,2,0,15,36,1,1,24,0,2,2,1,5,0,2,1,3,0,0,120,0,11,0,1,1,153,1,
158,12502,1,Normal,1,1,1,0,0,27,0,0,0,0,0,1,1,0,3,3,0,0,0,0,0,27,27,11,1,0,0,7,1,floor1_town; party wiped
159,12503,1,Normal,20,2,2,1,0,27,0,0,0,5,0,1,1,1,6,3,0,0,0,0,0,55,27,16,1,0,0,14,1,floor1_town; party wiped
160,12504,1,Normal,36,3,3,3,0,27,27,0,0,15,0,1,1,0,4,0,0,3,3,0,0,84,0,10,0,1,1,22,1,floor1_town
160,12504,1,Normal,32,3,3,3,0,27,27,0,0,15,0,1,1,0,7,3,0,3,3,0,0,84,0,17,0,1,1,43,1,ai_farm
160,12504,1,Normal,28,5,5,5,0,27,27,0,0,25,0,1,1,0,13,0,0,3,3,0,0,140,0,27,0,1,1,78,1,ai_farm
160,12504,1,Normal,39,3,3,3,0,27,27,0,0,15,0,1,1,0,9,3,0,3,3,0,0,84,24,22,0,1,1,99,1,ai_farm
160,12504,1,Normal,25,3,3,3,0,27,27,0,0,15,0,1,1,0,7,0,0,3,3,0,0,84,0,13,0,1,1,120,1,ai_farm
160,12504,1,Normal,30,1,1,1,0,27,27,0,0,5,0,1,1,0,3,0,0,3,3,0,0,28,0,5,0,1,1,127,1,ai_farm
160,12504,1,Normal,30,4,4,4,0,27,35,0,2,20,0,1,2,0,7,1,0,3,3,0,0,112,0,15,0,1,1,143,1,ai_farm; +1 levelup
160,12504,2,Normal,40,3,3,3,0,35,35,2,2,15,0,2,2,0,3,1,2,0,2,0,0,84,0,11,0,1,1,143,1,
160,12504,3,Normal,29,2,2,2,0,35,35,2,2,24,0,2,2,1,4,0,3,1,3,0,0,120,0,9,0,1,1,155,1,
161,12505,1,Normal,25,4,4,4,0,27,27,0,0,20,0,1,1,1,9,4,0,3,3,0,0,112,2,20,0,1,1,29,1,floor1_town
161,12505,1,Normal,38,3,3,3,0,27,27,0,0,15,0,1,1,0,7,3,0,3,3,0,0,84,2,15,0,1,1,50,1,ai_farm
161,12505,1,Normal,26,2,2,2,0,27,27,0,0,10,0,1,1,0,5,1,0,3,3,0,0,56,0,9,0,1,1,64,1,ai_farm
161,12505,1,Normal,32,6,6,6,0,27,27,0,0,30,0,1,1,0,13,0,0,3,3,0,0,168,0,27,0,1,1,106,1,ai_farm
161,12505,1,Normal,34,5,5,5,0,27,35,0,2,25,0,1,2,0,13,5,0,3,3,0,0,140,14,30,0,1,1,141,1,ai_farm; +1 levelup
161,12505,2,Normal,32,5,5,5,0,35,35,2,2,25,0,2,2,2,3,3,0,0,0,0,0,140,0,20,0,1,1,141,1,
161,12505,3,Normal,34,1,1,1,0,35,35,2,2,12,0,2,2,1,3,2,1,0,1,0,0,60,0,7,0,1,1,147,1,
162,12506,1,Normal,29,6,6,6,0,27,27,0,0,30,0,1,1,0,15,1,0,3,3,0,0,168,0,28,0,1,1,43,1,floor1_town
162,12506,1,Normal,39,4,4,4,0,27,27,0,0,20,0,1,1,0,11,3,0,3,3,0,0,112,0,21,0,1,1,71,1,ai_farm
162,12506,1,Normal,36,3,3,3,0,27,27,0,0,15,0,1,1,0,6,0,0,3,3,0,0,84,0,13,0,1,1,92,1,ai_farm
162,12506,1,Normal,11,3,3,2,0,27,0,0,0,10,0,1,1,0,8,3,0,0,0,0,0,83,27,21,1,0,0,112,1,ai_farm; party wiped
163,12507,1,Normal,34,4,4,4,0,27,27,0,0,20,0,1,1,2,9,0,0,3,3,0,0,112,0,17,0,1,1,29,1,floor1_town
163,12507,1,Normal,36,4,4,4,0,27,27,0,0,20,0,1,1,0,10,2,0,3,3,0,0,112,0,18,0,1,1,57,1,ai_farm
163,12507,1,Normal,29,3,3,3,0,27,27,0,0,15,0,1,1,0,7,0,0,3,3,0,0,84,0,11,0,1,1,78,1,ai_farm
163,12507,1,Normal,26,3,3,3,0,27,27,0,0,15,0,1,1,0,5,0,0,3,3,0,0,84,0,13,0,1,1,99,1,ai_farm
163,12507,1,Normal,38,5,5,5,0,27,27,0,0,25,0,1,1,0,13,0,0,3,3,0,0,140,0,22,0,1,1,134,1,ai_farm
163,12507,1,Normal,27,3,3,3,0,27,34,0,3,15,0,1,2,0,6,1,0,3,3,0,0,84,0,12,0,1,1,143,1,ai_farm; +1 levelup
163,12507,2,Normal,30,3,3,3,0,34,34,3,3,15,0,2,2,0,3,3,1,0,0,0,0,84,0,10,0,1,1,143,1,
163,12507,3,Normal,36,6,6,6,0,34,34,3,3,72,0,2,2,1,18,10,0,0,1,0,0,360,20,46,0,1,1,179,1,
164,12508,1,Normal,30,3,3,2,0,27,0,0,0,10,0,1,1,0,9,5,0,0,0,0,0,74,29,20,1,0,0,21,1,floor1_town; party wiped
165,12509,1,Normal,28,4,4,4,0,27,27,0,0,20,0,1,1,2,8,1,0,3,3,0,0,112,2,18,0,1,1,29,1,floor1_town
165,12509,1,Normal,36,5,5,5,0,27,27,0,0,25,0,1,1,0,12,1,0,3,3,0,0,140,0,22,0,1,1,64,1,ai_farm
165,12509,1,Normal,40,5,5,5,0,27,27,0,0,25,0,1,1,0,14,6,0,3,3,0,0,140,2,26,0,1,1,99,1,ai_farm
165,12509,1,Normal,27,3,3,3,0,27,27,0,0,15,0,1,1,0,7,4,0,3,3,0,0,84,0,20,0,1,1,120,1,ai_farm
165,12509,1,Normal,33,6,6,6,0,27,35,0,1,30,0,1,2,0,15,4,0,3,3,0,0,168,0,32,0,1,1,144,1,ai_farm; +1 levelup
165,12509,2,Normal,28,3,3,3,0,35,35,1,1,15,0,2,2,0,6,5,2,0,1,0,0,84,9,19,0,1,1,145,1,
165,12509,3,Normal,29,2,2,2,0,35,35,1,1,24,0,2,2,2,5,0,1,1,3,0,0,120,0,10,0,1,1,157,1,
166,12510,1,Normal,32,5,5,5,0,27,27,0,0,25,0,1,1,0,15,10,0,3,3,0,0,140,23,40,0,1,1,36,1,floor1_town
166,12510,1,Normal,33,4,4,4,0,27,27,0,0,20,0,1,1,0,11,3,0,3,3,0,0,112,18,25,0,1,1,64,1,ai_farm
166,12510,1,Normal,29,3,3,3,0,27,27,0,0,15,0,1,1,0,9,4,0,3,3,0,0,84,2,19,0,1,1,85,1,ai_farm
166,12510,1,Normal,35,1,1,1,0,27,27,0,0,5,0,1,1,0,3,2,0,3,3,0,0,28,0,7,0,1,1,92,1,ai_farm
166,12510,1,Normal,32,5,5,5,0,27,27,0,0,25,0,1,1,0,11,4,0,3,3,0,0,140,2,26,0,1,1,127,1,ai_farm
166,12510,1,Normal,27,2,2,2,0,27,34,0,2,10,0,1,2,0,4,2,0,3,3,0,0,56,0,9,0,1,1,141,1,ai_farm; +1 levelup
166,12510,2,Normal,34,3,3,3,0,34,12,2,2,15,0,2,2,0,3,3,0,0,0,0,0,84,22,12,0,1,1,141,1,
166,12510,3,Normal,4,1,1,0,0,12,0,2,2,0,0,2,2,1,3,3,0,0,0,0,0,30,34,8,1,0,0,147,1,party wiped
167,12511,1,Normal,37,4,4,4,0,27,27,0,0,20,0,1,1,2,11,4,0,3,3,0,0,112,14,24,0,1,1,29,1,floor1_town
167,12511,1,Normal,29,4,4,4,0,27,27,0,0,20,0,1,1,0,11,2,0,3,3,0,0,112,2,23,0,1,1,57,1,ai_farm
167,12511,1,Normal,30,3,3,3,0,27,27,0,0,15,0,1,1,0,7,1,0,3,3,0,0,84,0,14,0,1,1,78,1,ai_farm
167,12511,1,Normal,32,2,2,2,0,27,27,0,0,10,0,1,1,0,5,2,0,3,3,0,0,56,0,10,0,1,1,92,1,ai_farm
167,12511,1,Normal,38,2,2,2,0,27,27,0,0,10,0,1,1,0,5,1,0,3,3,0,0,56,0,9,0,1,1,106,1,ai_farm
167,12511,1,Normal,30,2,2,2,0,27,27,0,0,10,0,1,1,0,6,3,0,3,3,0,0,56,0,13,0,1,1,120,1,ai_farm
167,12511,1,Normal,31,3,3,3,0,27,36,0,2,15,0,1,2,0,9,9,0,3,3,0,0,84,14,27,0,1,1,141,1,ai_farm; +1 levelup
167,12511,2,Normal,34,1,1,1,0,36,36,2,2,5,0,2,2,1,1,0,0,2,3,0,0,28,0,6,0,1,1,141,1,
167,12511,3,Normal,32,4,4,4,0,36,36,2,2,48,0,2,2,1,11,4,0,0,0,0,0,240,0,27,0,1,1,165,1,
168,12512,1,Normal,26,2,2,2,0,27,27,0,0,10,0,1,1,0,3,3,0,3,3,0,0,56,2,11,0,1,1,15,1,floor1_town
168,12512,1,Normal,34,2,2,2,0,27,27,0,0,10,0,1,1,0,6,1,0,3,3,0,0,56,0,13,0,1,1,29,1,ai_farm
168,12512,1,Normal,35,2,2,2,0,27,27,0,0,10,0,1,1,0,6,0,0,3,3,0,0,56,0,12,0,1,1,43,1,ai_farm
168,12512,1,Normal,40,5,5,5,0,27,27,0,0,25,0,1,1,0,12,4,0,3,3,0,0,140,0,26,0,1,1,78,1,ai_farm
168,12512,1,Normal,40,1,1,1,0,27,27,0,0,5,0,1,1,0,3,1,0,3,3,0,0,28,0,5,0,1,1,85,1,ai_farm
168,12512,1,Normal,40,3,3,3,0,27,27,0,0,15,0,1,1,0,9,5,0,3,3,0,0,84,2,23,0,1,1,106,1,ai_farm
168,12512,1,Normal,27,2,2,2,0,27,27,0,0,10,0,1,1,0,5,0,0,3,3,0,0,56,0,7,0,1,1,120,1,ai_farm
168,12512,1,Normal,33,4,4,4,0,27,35,0,2,20,0,1,2,0,10,2,0,3,3,0,0,112,0,20,0,1,1,142,1,ai_farm; +1 levelup
168,12512,2,Normal,27,3,3,3,0,35,24,2,2,15,0,2,2,1,3,3,0,0,0,0,0,84,11,14,0,1,1,142,1,
168,12512,3,Normal,29,4,4,3,0,24,0,2,2,36,0,2,2,2,12,7,0,0,0,0,0,218,51,29,1,0,0,166,1,party wiped
169,12513,1,Normal,30,4,4,4,0,27,27,0,0,20,0,1,1,2,10,5,0,3,3,0,0,112,0,23,0,1,1,29,1,floor1_town
169,12513,1,Normal,35,5,5,5,0,27,27,0,0,25,0,1,1,0,13,7,0,3,3,0,0,140,11,31,0,1,1,64,1,ai_farm
169,12513,1,Normal,34,3,3,3,0,27,27,0,0,15,0,1,1,0,9,3,0,3,3,0,0,84,0,19,0,1,1,85,1,ai_farm
169,12513,1,Normal,26,4,4,4,0,27,27,0,0,20,0,1,1,0,11,5,0,3,3,0,0,112,11,26,0,1,1,113,1,ai_farm
169,12513,1,Normal,26,4,4,4,0,27,34,0,2,20,0,1,2,0,11,5,0,3,3,0,0,112,2,21,0,1,1,141,1,ai_farm; +1 levelup
169,12513,2,Normal,24,5,5,4,0,34,0,2,2,20,0,2,2,0,3,3,0,0,0,0,0,130,34,16,1,0,0,141,1,party wiped
170,12514,1,Normal,35,3,3,3,0,27,27,0,0,15,0,1,1,1,8,3,0,3,3,0,0,84,12,19,0,1,1,22,1,floor1_town
170,12514,1,Normal,36,5,5,5,0,27,27,0,0,25,0,1,1,0,12,2,0,3,3,0,0,140,0,23,0,1,1,57,1,ai_farm
170,12514,1,Normal,38,3,3,3,0,27,27,0,0,15,0,1,1,0,8,1,0,3,3,0,0,84,2,13,0,1,1,78,1,ai_farm
170,12514,1,Normal,40,3,3,3,0,27,27,0,0,15,0,1,1,0,8,2,0,3,3,0,0,84,0,20,0,1,1,99,1,ai_farm
170,12514,1,Normal,39,3,3,3,0,27,27,0,0,15,0,1,1,0,6,3,0,3,3,0,0,84,12,18,0,1,1,120,1,ai_farm
170,12514,1,Normal,26,4,4,4,0,27,34,0,3,20,0,1,2,0,10,2,0,3,3,0,0,112,0,19,0,1,1,142,1,ai_farm; +1 levelup
170,12514,2,Normal,35,5,5,5,0,34,16,3,3,25,0,2,2,0,3,3,2,0,0,0,0,140,27,23,0,1,1,143,1,
170,12514,3,Normal,34,4,4,4,0,16,34,3,3,48,0,2,2,3,9,0,0,0,3,0,0,240,0,21,0,1,1,167,1,
171,12515,1,Normal,40,4,4,4,0,27,27,0,0,20,0,1,1,2,10,4,0,3,3,0,0,112,14,25,0,1,1,29,1,floor1_town
171,12515,1,Normal,37,6,6,6,0,27,27,0,0,30,0,1,1,0,16,5,0,3,3,0,0,168,0,32,0,1,1,71,1,ai_farm
171,12515,1,Normal,27,4,4,4,0,27,27,0,0,20,0,1,1,0,9,5,0,3,3,0,0,112,0,23,0,1,1,99,1,ai_farm
171,12515,1,Normal,34,4,4,4,0,27,27,0,0,20,0,1,1,0,9,2,0,3,3,0,0,112,0,21,0,1,1,127,1,ai_farm
171,12515,1,Normal,31,3,3,3,0,27,34,0,3,15,0,1,2,0,8,0,0,3,3,0,0,84,0,12,0,1,1,142,1,ai_farm; +1 levelup
171,12515,2,Normal,27,4,4,4,0,34,34,3,3,20,0,2,2,0,4,2,0,2,3,0,0,112,9,19,0,1,1,143,1,
171,12515,3,Normal,28,1,1,1,0,34,34,3,3,12,0,2,2,0,3,1,1,0,2,0,0,60,0,5,0,1,1,149,1,
172,12516,1,Normal,28,4,4,4,0,27,27,0,0,20,0,1,1,1,10,0,0,3,3,0,0,112,0,22,0,1,1,29,1,floor1_town
172,12516,1,Normal,36,3,3,3,0,27,27,0,0,15,0,1,1,0,5,0,0,3,3,0,0,84,0,13,0,1,1,50,1,ai_farm
172,12516,1,Normal,30,4,4,4,0,27,27,0,0,20,0,1,1,0,9,1,0,3,3,0,0,112,0,17,0,1,1,78,1,ai_farm
172,12516,1,Normal,35,1,1,1,0,27,27,0,0,5,0,1,1,0,3,2,0,3,3,0,0,28,2,9,0,1,1,85,1,ai_farm
172,12516,1,Normal,34,2,2,2,0,27,27,0,0,10,0,1,1,0,4,3,0,3,3,0,0,56,12,15,0,1,1,99,1,ai_farm
172,12516,1,Normal,30,5,5,5,0,27,27,0,0,25,0,1,1,0,12,6,0,3,3,0,0,140,26,31,0,1,1,134,1,ai_farm
172,12516,1,Normal,38,2,2,2,0,27,35,0,2,10,0,1,2,0,5,2,0,3,3,0,0,56,2,11,0,1,1,142,1,ai_farm; +1 levelup
172,12516,2,Normal,13,2,2,1,0,35,0,2,2,5,0,2,2,0,3,3,0,0,0,0,0,52,35,10,1,0,0,142,1,party wiped
173,12517,1,Normal,33,5,5,5,0,27,27,0,0,25,0,1,1,2,15,3,0,3,3,0,0,140,0,27,0,1,1,36,1,floor1_town
173,12517,1,Normal,24,3,3,2,0,27,0,0,0,10,0,1,1,0,7,3,0,0,0,0,0,74,27,15,1,0,0,56,1,ai_farm; party wiped
174,12518,1,Normal,38,5,5,5,0,27,27,0,0,25,0,1,1,1,9,2,0,3,3,0,0,140,0,21,0,1,1,36,1,floor1_town
174,12518,1,Normal,4,1,1,0,0,27,0,0,0,0,0,1,1,0,3,3,0,0,0,0,0,27,27,10,1,0,0,42,1,ai_farm; party wiped
175,12519,1,Normal,26,3,3,3,0,27,27,0,0,15,0,1,1,1,5,3,1,3,3,0,0,84,0,13,0,1,1,22,1,floor1_town
175,12519,1,Normal,23,3,3,2,0,27,0,0,0,10,0,1,1,1,8,4,0,0,0,0,0,79,27,21,1,0,0,42,1,ai_farm; party wiped
176,12520,1,Normal,12,2,2,1,0,27,0,0,0,5,0,1,1,1,4,3,0,0,0,0,0,46,27,13,1,0,0,14,1,floor1_town; party wiped
177,12521,1,Normal,36,4,4,4,0,27,27,0,0,20,0,1,1,0,10,0,0,3,3,0,0,112,0,18,0,1,1,29,1,floor1_town
177,12521,1,Normal,26,3,3,3,0,27,27,0,0,15,0,1,1,0,8,2,0,3,3,0,0,84,0,17,0,1,1,50,1,ai_farm
177,12521,1,Normal,34,4,4,4,0,27,27,0,0,20,0,1,1,0,12,6,0,3,3,0,0,112,28,29,0,1,1,78,1,ai_farm
177,12521,1,Normal,38,3,3,3,0,27,27,0,0,15,0,1,1,0,9,5,0,3,3,0,0,84,12,23,0,1,1,99,1,ai_farm
177,12521,1,Normal,4,1,1,0,0,27,0,0,0,0,0,1,1,0,3,3,0,0,0,0,0,27,27,9,1,0,0,105,1,ai_farm; party wiped
178,12522,1,Normal,25,3,3,3,0,27,27,0,0,15,0,1,1,1,9,2,0,3,3,0,0,84,4,19,0,1,1,22,1,floor1_town
178,12522,1,Normal,31,3,3,3,0,27,27,0,0,15,0,1,1,0,5,0,0,3,3,0,0,84,0,11,0,1,1,43,1,ai_farm
178,12522,1,Normal,28,2,2,2,0,27,27,0,0,10,0,1,1,0,5,0,0,3,3,0,0,56,0,9,0,1,1,57,1,ai_farm
178,12522,1,Normal,34,3,3,3,0,27,27,0,0,15,0,1,1,0,9,4,0,3,3,0,0,84,4,19,0,1,1,78,1,ai_farm
178,12522,1,Normal,30,4,4,4,0,27,27,0,0,20,0,1,1,0,11,2,0,3,3,0,0,112,4,18,0,1,1,106,1,ai_farm
178,12522,1,Normal,25,2,2,2,0,27,27,0,0,10,0,1,1,0,6,3,0,3,3,0,0,56,0,11,0,1,1,120,1,ai_farm
178,12522,1,Normal,29,2,2,2,0,27,27,0,0,10,0,1,1,0,6,1,0,3,3,0,0,56,0,12,0,1,1,134,1,ai_farm
178,12522,1,Normal,34,5,5,5,0,27,35,0,3,25,0,1,2,0,10,3,0,3,3,0,0,140,12,22,0,1,1,145,1,ai_farm; +1 levelup
178,12522,2,Normal,40,4,4,4,0,35,35,3,3,20,0,2,2,1,3,3,1,0,0,0,0,112,0,15,0,1,1,145,1,
178,12522,3,Normal,31,2,2,2,0,35,35,3,3,24,0,2,2,1,5,0,0,0,3,0,0,120,0,8,0,1,1,157,1,
179,12523,1,Normal,29,2,2,2,0,27,27,0,0,10,0,1,1,0,4,1,0,3,3,0,0,56,0,10,0,1,1,15,1,floor1_town
179,12523,1,Normal,27,3,3,3,0,27,27,0,0,15,0,1,1,0,7,5,0,3,3,0,0,84,0,16,0,1,1,36,1,ai_farm
179,12523,1,Normal,29,3,3,3,0,27,27,0,0,15,0,1,1,0,8,2,0,3,3,0,0,84,0,17,0,1,1,57,1,ai_farm
179,12523,1,Normal,16,2,2,1,0,27,0,0,0,5,0,1,1,0,6,3,0,0,0,0,0,37,27,17,1,0,0,70,1,ai_farm; party wiped
180,12524,1,Normal,34,2,2,2,0,27,27,0,0,10,0,1,1,1,5,0,0,3,3,0,0,56,0,10,0,1,1,15,1,floor1_town
180,12524,1,Normal,38,3,3,3,0,27,27,0,0,15,0,1,1,0,9,6,0,3,3,0,0,84,30,23,0,1,1,36,1,ai_farm
180,12524,1,Normal,15,1,1,0,0,27,0,0,0,0,0,1,1,0,3,3,0,0,0,0,0,27,27,9,1,0,0,42,1,ai_farm; party wiped
181,12525,1,Normal,39,4,4,4,0,27,27,0,0,20,0,1,1,0,11,4,0,3,3,0,0,112,6,23,0,1,1,29,1,floor1_town
181,12525,1,Normal,39,3,3,3,0,27,27,0,0,15,0,1,1,0,8,2,0,3,3,0,0,84,2,13,0,1,1,50,1,ai_farm
181,12525,1,Normal,32,6,6,6,0,27,27,0,0,30,0,1,1,0,13,2,0,3,3,0,0,168,0,24,0,1,1,92,1,ai_farm
181,12525,1,Normal,36,4,4,4,0,27,27,0,0,20,0,1,1,0,10,1,0,3,3,0,0,112,0,17,0,1,1,120,1,ai_farm
181,12525,1,Normal,28,4,4,4,0,27,35,0,2,20,0,1,2,0,10,3,0,3,3,0,0,112,2,24,0,1,1,142,1,ai_farm; +1 levelup
181,12525,2,Normal,29,5,5,5,0,35,23,2,2,25,0,2,2,0,3,3,2,0,0,0,0,140,21,19,0,1,1,143,1,
181,12525,3,Normal,38,4,4,4,0,23,35,2,2,48,0,2,2,4,9,0,0,1,3,0,0,240,0,19,0,1,1,167,1,
182,12526,1,Normal,27,3,3,3,0,27,27,0,0,15,0,1,1,1,7,3,0,3,3,0,0,84,24,22,0,1,1,22,1,floor1_town
182,12526,1,Normal,30,3,3,3,0,27,27,0,0,15,0,1,1,0,7,2,0,3,3,0,0,84,0,19,0,1,1,43,1,ai_farm
182,12526,1,Normal,28,4,4,4,0,27,27,0,0,20,0,1,1,0,7,2,0,3,3,0,0,112,0,17,0,1,1,71,1,ai_farm
182,12526,1,Normal,33,5,5,5,0,27,27,0,0,25,0,1,1,0,13,4,0,3,3,0,0,140,0,28,0,1,1,106,1,ai_farm
182,12526,1,Normal,29,5,5,5,0,27,34,0,2,25,0,1,2,0,12,2,0,3,3,0,0,140,2,21,0,1,1,141,1,ai_farm; +1 levelup
182,12526,2,Normal,26,3,3,3,0,34,34,2,2,15,0,2,2,0,5,2,1,0,1,0,0,84,8,14,0,1,1,142,1,
182,12526,3,Normal,40,5,5,5,0,34,34,2,2,60,0,2,2,1,15,6,0,0,1,0,0,300,8,34,0,1,1,172,1,
183,12527,1,Normal,32,2,2,2,0,27,27,0,0,10,0,1,1,0,4,0,0,3,3,0,0,56,0,8,0,1,1,15,1,floor1_town
183,12527,1,Normal,36,5,5,5,0,27,27,0,0,25,0,1,1,0,13,7,0,3,3,0,0,140,18,33,0,1,1,50,1,ai_farm
183,12527,1,Normal,37,3,3,3,0,27,27,0,0,15,0,1,1,0,7,2,0,3,3,0,0,84,2,16,0,1,1,71,1,ai_farm
183,12527,1,Normal,29,2,2,2,0,27,27,0,0,10,0,1,1,0,6,0,0,3,3,0,0,56,0,12,0,1,1,85,1,ai_farm
183,12527,1,Normal,25,4,4,4,0,27,27,0,0,20,0,1,1,0,9,0,0,3,3,0,0,112,0,16,0,1,1,113,1,ai_farm
183,12527,1,Normal,26,4,4,4,0,27,36,0,2,20,0,1,2,0,5,0,0,3,3,0,0,112,0,13,0,1,1,141,1,ai_farm; +1 levelup
183,12527,2,Normal,30,2,2,2,0,36,27,2,2,10,0,2,2,0,3,0,1,0,3,0,0,56,9,8,0,1,1,141,1,
183,12527,3,Normal,40,3,3,3,0,27,36,2,2,36,0,2,2,2,9,3,0,0,2,0,0,180,0,20,0,1,1,159,1,
184,12528,1,Normal,14,2,2,1,0,27,0,0,0,5,0,1,1,2,3,3,0,0,0,0,0,53,27,14,1,0,0,14,1,floor1_town; party wiped
185,12529,1,Normal,25,3,3,3,0,27,27,0,0,15,0,1,1,0,8,3,0,3,3,0,0,84,0,18,0,1,1,22,1,floor1_town
185,12529,1,Normal,40,2,2,2,0,27,27,0,0,10,0,1,1,0,4,2,0,3,3,0,0,56,0,8,0,1,1,36,1,ai_farm
185,12529,1,Normal,17,2,2,1,0,27,0,0,0,5,0,1,1,0,6,5,0,0,0,0,0,37,27,17,1,0,0,49,1,ai_farm; party wiped
186,12530,1,Normal,30,3,3,3,0,27,27,0,0,15,0,1,1,2,6,1,0,3,3,0,0,84,0,18,0,1,1,22,1,floor1_town
186,12530,1,Normal,24,4,4,3,0,27,0,0,0,15,0,1,1,0,11,6,0,0,0,0,0,93,27,26,1,0,0,49,1,ai_farm; party wiped
187,12531,1,Normal,35,4,4,4,0,27,27,0,0,20,0,1,1,0,8,2,0,3,3,0,0,112,0,20,0,1,1,29,1,floor1_town
187,12531,1,Normal,27,1,1,1,0,27,27,0,0,5,0,1,1,0,1,0,0,3,3,0,0,28,0,3,0,1,1,36,1,ai_farm
187,12531,1,Normal,31,3,3,3,0,27,27,0,0,15,0,1,1,0,7,1,0,3,3,0,0,84,0,11,0,1,1,57,1,ai_farm
187,12531,1,Normal,37,5,5,5,0,27,27,0,0,25,0,1,1,0,11,1,0,3,3,0,0,140,0,22,0,1,1,92,1,ai_farm
187,12531,1,Normal,33,4,4,4,0,27,27,0,0,20,0,1,1,0,11,3,0,3,3,0,0,112,0,19,0,1,1,120,1,ai_farm
187,12531,1,Normal,8,2,2,1,0,27,0,0,0,5,0,1,1,0,6,4,0,0,0,0,0,51,29,16,1,0,0,133,1,ai_farm; party wiped
188,12532,1,Normal,40,4,4,4,0,27,27,0,0,20,0,1,1,2,9,0,0,3,3,0,0,112,0,16,0,1,1,29,1,floor1_town
188,12532,1,Normal,28,2,2,2,0,27,27,0,0,10,0,1,1,0,4,1,0,3,3,0,0,56,0,7,0,1,1,43,1,ai_farm
188,12532,1,Normal,39,5,5,5,0,27,27,0,0,25,0,1,1,0,11,3,0,3,3,0,0,140,0,24,0,1,1,78,1,ai_farm
188,12532,1,Normal,29,2,2,2,0,27,27,0,0,10,0,1,1,0,5,2,0,3,3,0,0,56,0,11,0,1,1,92,1,ai_farm
188,12532,1,Normal,36,2,2,2,0,27,27,0,0,10,0,1,1,0,4,0,0,3,3,0,0,56,0,6,0,1,1,106,1,ai_farm
188,12532,1,Normal,25,1,1,1,0,27,27,0,0,5,0,1,1,0,3,0,0,3,3,0,0,28,0,5,0,1,1,113,1,ai_farm
188,12532,1,Normal,31,2,2,2,0,27,27,0,0,10,0,1,1,0,6,0,0,3,3,0,0,56,0,10,0,1,1,127,1,ai_farm
188,12532,1,Normal,37,4,4,4,0,27,34,0,2,20,0,1,2,0,10,3,0,3,3,0,0,112,0,18,0,1,1,143,1,ai_farm; +1 levelup
188,12532,2,Normal,27,4,4,4,0,34,34,2,2,20,0,2,2,0,3,2,0,0,1,0,0,112,0,17,0,1,1,143,1,
188,12532,3,Normal,26,3,3,3,0,34,30,2,2,36,0,2,2,1,9,2,0,0,1,0,0,180,4,20,0,1,1,161,1,
189,12533,1,Normal,28,3,3,3,0,27,27,0,0,15,0,1,1,0,9,3,0,3,3,0,0,84,26,18,0,1,1,22,1,floor1_town
189,12533,1,Normal,3,1,1,0,0,27,0,0,0,0,0,1,1,0,3,3,0,0,0,0,0,27,27,10,1,0,0,28,1,ai_farm; party wiped
190,12534,1,Normal,33,3,3,3,0,27,27,0,0,15,0,1,1,0,9,4,2,3,3,0,0,84,12,26,0,1,1,22,1,floor1_town
190,12534,1,Normal,31,5,5,5,0,27,27,0,0,25,0,1,1,0,9,2,2,3,3,0,0,140,0,20,0,1,1,57,1,ai_farm
190,12534,1,Normal,34,2,2,2,0,27,27,0,0,10,0,1,1,2,6,1,0,3,3,0,0,56,0,15,0,1,1,71,1,ai_farm
190,12534,1,Normal,40,3,3,3,0,27,27,0,0,15,0,1,1,0,7,1,0,3,3,0,0,84,0,12,0,1,1,92,1,ai_farm
190,12534,1,Normal,36,4,4,4,0,27,27,0,0,20,0,1,1,0,12,6,0,3,3,0,0,112,0,23,0,1,1,120,1,ai_farm
190,12534,1,Normal,27,2,2,1,0,27,0,0,0,5,0,1,1,0,5,3,0,0,0,0,0,55,27,13,1,0,0,133,1,ai_farm; party wiped
191,12535,1,Normal,38,4,4,4,0,27,27,0,0,20,0,1,1,0,10,3,0,3,3,0,0,112,0,18,0,1,1,29,1,floor1_town
191,12535,1,Normal,38,2,2,2,0,27,27,0,0,10,0,1,1,0,3,1,0,3,3,0,0,56,0,10,0,1,1,43,1,ai_farm
191,12535,1,Normal,31,4,4,4,0,27,27,0,0,20,0,1,1,0,11,2,0,3,3,0,0,112,2,22,0,1,1,71,1,ai_farm
191,12535,1,Normal,33,2,2,2,0,27,27,0,0,10,0,1,1,0,6,0,0,3,3,0,0,56,0,11,0,1,1,85,1,ai_farm
191,12535,1,Normal,30,3,3,3,0,27,27,0,0,15,0,1,1,0,6,0,0,3,3,0,0,84,0,13,0,1,1,106,1,ai_farm
191,12535,1,Normal,26,3,3,3,0,27,27,0,0,15,0,1,1,0,8,2,0,3,3,0,0,84,2,14,0,1,1,127,1,ai_farm
191,12535,1,Normal,31,4,4,4,0,27,35,0,1,20,0,1,2,0,9,2,0,3,3,0,0,112,2,15,0,1,1,143,1,ai_farm; +1 levelup
191,12535,2,Normal,28,3,3,3,0,35,21,1,1,15,0,2,2,1,3,3,0,0,0,0,0,84,14,14,0,1,1,143,1,
191,12535,3,Normal,14,2,2,1,0,21,0,1,1,12,0,2,2,2,6,5,0,0,0,0,0,98,35,18,1,0,0,155,1,party wiped
192,12536,1,Normal,26,3,3,3,0,27,27,0,0,15,0,1,1,2,7,2,0,3,3,0,0,84,0,16,0,1,1,22,1,floor1_town
192,12536,1,Normal,35,1,1,1,0,27,27,0,0,5,0,1,1,0,0,0,0,3,3,0,0,28,0,3,0,1,1,29,1,ai_farm
192,12536,1,Normal,29,2,2,2,0,27,27,0,0,10,0,1,1,0,6,6,0,3,3,0,0,56,0,17,0,1,1,43,1,ai_farm
192,12536,1,Normal,31,6,6,6,0,27,27,0,0,30,0,1,1,0,18,2,0,3,3,0,0,168,2,34,0,1,1,85,1,ai_farm
192,12536,1,Normal,40,4,4,4,0,27,27,0,0,20,0,1,1,0,11,8,0,3,3,0,0,112,24,28,0,1,1,113,1,ai_farm
192,12536,1,Normal,39,6,6,6,0,27,36,0,2,30,0,1,2,0,15,4,0,3,3,0,0,168,0,28,0,1,1,143,1,ai_farm; +1 levelup
192,12536,2,Normal,39,5,5,5,0,36,36,2,2,25,0,2,2,0,7,4,1,2,3,0,0,140,19,24,0,1,1,145,1,
192,12536,3,Normal,36,6,6,6,0,36,36,2,2,72,0,2,2,1,16,4,0,0,3,0,0,360,35,35,0,1,1,181,1,
193,12537,1,Normal,31,2,2,2,0,27,27,0,0,10,0,1,1,1,6,0,0,3,3,0,0,56,0,10,0,1,1,15,1,floor1_town
193,12537,1,Normal,36,3,3,3,0,27,27,0,0,15,0,1,1,0,7,3,0,3,3,0,0,84,0,18,0,1,1,36,1,ai_farm
193,12537,1,Normal,40,4,4,4,0,27,27,0,0,20,0,1,1,0,10,1,0,3,3,0,0,112,2,17,0,1,1,64,1,ai_farm
193,12537,1,Normal,25,2,2,2,0,27,27,0,0,10,0,1,1,0,5,0,0,3,3,0,0,56,0,7,0,1,1,78,1,ai_farm
193,12537,1,Normal,28,3,3,3,0,27,27,0,0,15,0,1,1,0,7,1,0,3,3,0,0,84,0,16,0,1,1,99,1,ai_farm
193,12537,1,Normal,36,7,7,7,0,27,35,0,2,35,0,1,2,0,17,6,0,3,3,0,0,196,0,35,0,1,1,142,1,ai_farm; +1 levelup
193,12537,2,Normal,28,1,1,1,0,35,35,2,2,5,0,2,2,0,3,0,2,0,3,0,0,28,0,5,0,1,1,142,1,
193,12537,3,Normal,25,3,3,3,0,35,35,2,2,36,0,2,2,4,8,3,0,0,2,0,0,180,0,20,0,1,1,160,1,
194,12538,1,Normal,36,3,3,3,0,27,27,0,0,15,0,1,1,2,9,4,0,3,3,0,0,84,0,23,0,1,1,22,1,floor1_town
194,12538,1,Normal,28,4,4,4,0,27,27,0,0,20,0,1,1,0,7,0,0,3,3,0,0,112,0,14,0,1,1,50,1,ai_farm
194,12538,1,Normal,40,4,4,4,0,27,27,0,0,20,0,1,1,0,10,3,0,3,3,0,0,112,0,20,0,1,1,78,1,ai_farm
194,12538,1,Normal,29,4,4,4,0,27,27,0,0,20,0,1,1,0,11,1,0,3,3,0,0,112,0,18,0,1,1,106,1,ai_farm
194,12538,1,Normal,31,4,4,4,0,27,27,0,0,20,0,1,1,0,10,0,0,3,3,0,0,112,0,16,0,1,1,134,1,ai_farm
194,12538,1,Normal,31,4,4,4,0,27,36,0,2,20,0,1,2,0,10,0,0,3,3,0,0,112,0,16,0,1,1,144,1,ai_farm; +1 levelup
194,12538,2,Normal,37,5,5,5,0,36,36,2,2,25,0,2,2,1,3,3,0,0,0,0,0,140,0,16,0,1,1,144,1,
194,12538,3,Normal,29,4,4,4,0,36,36,2,2,48,0,2,2,2,11,2,0,0,2,0,0,240,0,24,0,1,1,168,1,
195,12539,1,Normal,40,4,4,4,0,27,27,0,0,20,0,1,1,1,12,3,0,3,3,0,0,112,0,23,0,1,1,29,1,floor1_town
195,12539,1,Normal,40,6,6,6,0,27,27,0,0,30,0,1,1,0,12,0,0,3,3,0,0,168,0,21,0,1,1,71,1,ai_farm
195,12539,1,Normal,30,2,2,2,0,27,27,0,0,10,0,1,1,0,6,0,0,3,3,0,0,56,0,10,0,1,1,85,1,ai_farm
195,12539,1,Normal,39,3,3,3,0,27,27,0,0,15,0,1,1,0,8,2,0,3,3,0,0,84,0,14,0,1,1,106,1,ai_farm
195,12539,1,Normal,36,3,3,3,0,27,27,0,0,15,0,1,1,0,9,5,0,3,3,0,0,84,2,19,0,1,1,127,1,ai_farm
195,12539,1,Normal,38,3,3,3,0,27,34,0,3,15,0,1,2,0,7,2,0,3,3,0,0,84,0,16,0,1,1,142,1,ai_farm; +1 levelup
195,12539,2,Normal,28,2,2,2,0,34,34,3,3,10,0,2,2,0,3,0,2,0,3,0,0,56,0,8,0,1,1,142,1,
195,12539,3,Normal,6,2,2,1,0,34,0,3,3,12,0,2,2,3,6,3,0,0,0,0,0,111,34,16,1,0,0,154,1,party wiped
196,12540,1,Normal,29,3,3,3,0,27,27,0,0,15,0,1,1,2,6,3,0,3,3,0,0,84,12,19,0,1,1,22,1,floor1_town
196,12540,1,Normal,37,4,4,4,0,27,27,0,0,20,0,1,1,0,11,3,0,3,3,0,0,112,4,21,0,1,1,50,1,ai_farm
196,12540,1,Normal,36,4,4,4,0,27,27,0,0,20,0,1,1,0,12,4,0,3,3,0,0,112,0,24,0,1,1,78,1,ai_farm
196,12540,1,Normal,25,2,2,2,0,27,27,0,0,10,0,1,1,0,6,0,0,3,3,0,0,56,0,8,0,1,1,92,1,ai_farm
196,12540,1,Normal,26,1,1,1,0,27,27,0,0,5,0,1,1,0,3,3,0,3,3,0,0,28,0,8,0,1,1,99,1,ai_farm
196,12540,1,Normal,7,1,1,0,0,27,0,0,0,0,0,1,1,0,3,3,0,0,0,0,0,9,27,9,1,0,0,105,1,ai_farm; party wiped
197,12541,1,Normal,34,7,7,7,0,27,27,0,0,35,0,1,1,1,18,8,0,3,3,0,0,196,12,43,0,1,1,50,1,floor1_town
197,12541,1,Normal,40,4,4,4,0,27,27,0,0,20,0,1,1,0,11,2,0,3,3,0,0,112,0,21,0,1,1,78,1,ai_farm
197,12541,1,Normal,37,2,2,2,0,27,27,0,0,10,0,1,1,0,6,1,0,3,3,0,0,56,2,12,0,1,1,92,1,ai_farm
197,12541,1,Normal,31,2,2,2,0,27,27,0,0,10,0,1,1,0,5,2,0,3,3,0,0,56,0,12,0,1,1,106,1,ai_farm
197,12541,1,Normal,31,2,2,2,0,27,27,0,0,10,0,1,1,0,6,0,0,3,3,0,0,56,0,9,0,1,1,120,1,ai_farm
197,12541,1,Normal,34,2,2,2,0,27,27,0,0,10,0,1,1,0,6,3,0,3,3,0,0,56,0,12,0,1,1,134,1,ai_farm
197,12541,1,Normal,38,4,4,4,0,27,36,0,2,20,0,1,2,0,5,0,0,3,3,0,0,112,0,14,0,1,1,144,1,ai_farm; +1 levelup
197,12541,2,Normal,40,6,6,6,0,36,36,2,2,30,0,2,2,0,6,3,1,0,2,0,0,168,8,25,0,1,1,145,1,
197,12541,3,Normal,39,6,6,6,0,36,36,2,2,72,0,2,2,1,18,7,0,0,3,0,0,360,32,44,0,1,1,181,1,
198,12542,1,Normal,38,2,2,2,0,27,27,0,0,10,0,1,1,1,4,0,1,3,3,0,0,56,0,10,0,1,1,15,1,floor1_town
198,12542,1,Normal,33,3,3,3,0,27,27,0,0,15,0,1,1,1,9,3,0,3,3,0,0,84,0,21,0,1,1,36,1,ai_farm
198,12542,1,Normal,26,4,4,4,0,27,27,0,0,20,0,1,1,0,6,1,0,3,3,0,0,112,0,17,0,1,1,64,1,ai_farm
198,12542,1,Normal,32,2,2,2,0,27,27,0,0,10,0,1,1,0,4,0,0,3,3,0,0,56,0,7,0,1,1,78,1,ai_farm
198,12542,1,Normal,36,2,2,2,0,27,27,0,0,10,0,1,1,0,4,0,0,3,3,0,0,56,0,6,0,1,1,92,1,ai_farm
198,12542,1,Normal,30,5,5,5,0,27,27,0,0,25,0,1,1,0,15,5,0,3,3,0,0,140,2,28,0,1,1,127,1,ai_farm
198,12542,1,Normal,38,6,6,6,0,27,35,0,2,30,0,1,2,0,14,5,0,3,3,0,0,168,0,30,0,1,1,145,1,ai_farm; +1 levelup
198,12542,2,Normal,28,0,0,0,0,35,35,2,2,0,0,2,2,0,0,0,1,3,3,0,0,0,0,0,0,1,1,145,0,
198,12542,3,Normal,16,3,3,2,0,35,0,2,2,24,0,2,2,2,9,6,0,0,0,0,0,166,35,23,1,0,0,163,1,party wiped
199,12543,1,Normal,27,2,2,2,0,27,27,0,0,10,0,1,1,1,5,3,0,3,3,0,0,56,2,12,0,1,1,15,1,floor1_town
199,12543,1,Normal,33,4,4,4,0,27,27,0,0,20,0,1,1,0,12,6,0,3,3,0,0,112,4,26,0,1,1,43,1,ai_farm
199,12543,1,Normal,40,3,3,3,0,27,27,0,0,15,0,1,1,0,8,5,0,3,3,0,0,84,0,22,0,1,1,64,1,ai_farm
199,12543,1,Normal,29,2,2,2,0,27,27,0,0,10,0,1,1,0,5,2,0,3,3,0,0,56,0,11,0,1,1,78,1,ai_farm
199,12543,1,Normal,35,4,4,4,0,27,27,0,0,20,0,1,1,0,11,3,0,3,3,0,0,112,0,21,0,1,1,106,1,ai_farm
199,12543,1,Normal,28,3,3,3,0,27,27,0,0,15,0,1,1,0,7,1,0,3,3,0,0,84,0,16,0,1,1,127,1,ai_farm
199,12543,1,Normal,40,5,5,5,0,27,35,0,2,25,0,1,2,0,13,6,0,3,3,0,0,140,0,27,0,1,1,144,1,ai_farm; +1 levelup
199,12543,2,Normal,38,4,4,4,0,35,35,2,2,20,0,2,2,0,8,5,2,1,3,0,0,112,19,24,0,1,1,146,1,
199,12543,3,Normal,34,3,3,3,0,35,32,2,2,36,0,2,2,2,7,6,0,0,0,0,0,180,3,19,0,1,1,164,1,
200,12544,1,Normal,32,3,3,3,0,27,27,0,0,15,0,1,1,0,9,4,0,3,3,0,0,84,2,21,0,1,1,22,1,floor1_town
200,12544,1,Normal,26,4,4,4,0,27,27,0,0,20,0,1,1,0,9,6,0,3,3,0,0,112,12,23,0,1,1,50,1,ai_farm
200,12544,1,Normal,37,2,2,2,0,27,27,0,0,10,0,1,1,0,5,0,0,3,3,0,0,56,0,9,0,1,1,64,1,ai_farm
200,12544,1,Normal,36,4,4,4,0,27,27,0,0,20,0,1,1,0,10,0,0,3,3,0,0,112,0,16,0,1,1,92,1,ai_farm
200,12544,1,Normal,34,4,4,4,0,27,27,0,0,20,0,1,1,0,10,3,0,3,3,0,0,112,14,19,0,1,1,120,1,ai_farm
200,12544,1,Normal,36,5,5,5,0,27,35,0,1,25,0,1,2,0,13,2,0,3,3,0,0,140,0,23,0,1,1,143,1,ai_farm; +1 levelup
200,12544,2,Normal,33,5,5,5,0,35,35,1,1,25,0,2,2,2,6,4,0,0,2,0,0,140,16,25,0,1,1,144,1,
200,12544,3,Normal,26,2,2,2,0,35,32,1,1,24,0,2,2,0,6,2,0,0,2,0,0,120,3,12,0,1,1,156,1,
201,12545,1,Normal,37,4,4,4,0,27,27,0,0,20,0,1,1,1,11,2,0,3,3,0,0,112,0,21,0,1,1,29,1,floor1_town
201,12545,1,Normal,37,1,1,1,0,27,27,0,0,5,0,1,1,0,3,3,0,3,3,0,0,28,2,8,0,1,1,36,1,ai_farm
201,12545,1,Normal,36,2,2,2,0,27,27,0,0,10,0,1,1,0,3,2,0,3,3,0,0,56,0,9,0,1,1,50,1,ai_farm
201,12545,1,Normal,40,3,3,3,0,27,27,0,0,15,0,1,1,0,9,3,0,3,3,0,0,84,0,18,0,1,1,71,1,ai_farm
201,12545,1,Normal,32,2,2,2,0,27,27,0,0,10,0,1,1,0,4,3,0,3,3,0,0,56,0,10,0,1,1,85,1,ai_farm
201,12545,1,Normal,25,2,2,2,0,27,27,0,0,10,0,1,1,0,6,1,0,3,3,0,0,56,0,14,0,1,1,99,1,ai_farm
201,12545,1,Normal,32,1,1,1,0,27,27,0,0,5,0,1,1,0,3,0,0,3,3,0,0,28,0,4,0,1,1,106,1,ai_farm
201,12545,1,Normal,39,2,2,2,0,27,27,0,0,10,0,1,1,0,6,2,0,3,3,0,0,56,2,10,0,1,1,120,1,ai_farm
201,12545,1,Normal,11,2,2,1,0,27,0,0,0,5,0,1,1,0,6,3,0,0,0,0,0,37,27,17,1,0,0,133,1,ai_farm; party wiped
202,12546,1,Normal,25,1,1,1,0,27,27,0,0,5,0,1,1,0,2,0,0,3,3,0,0,28,0,3,0,1,1,8,1,floor1_town
202,12546,1,Normal,33,2,2,2,0,27,27,0,0,10,0,1,1,0,6,2,0,3,3,0,0,56,2,11,0,1,1,22,1,ai_farm
202,12546,1,Normal,40,5,5,5,0,27,27,0,0,25,0,1,1,0,11,1,0,3,3,0,0,140,2,23,0,1,1,57,1,ai_farm
202,12546,1,Normal,19,2,2,1,0,27,0,0,0,5,0,1,1,0,6,3,0,0,0,0,0,37,27,14,1,0,0,70,1,ai_farm; party wiped
203,12547,1,Normal,30,4,4,4,0,27,27,0,0,20,0,1,1,1,7,4,0,3,3,0,0,112,2,20,0,1,1,29,1,floor1_town
203,12547,1,Normal,33,4,4,3,0,27,0,0,0,15,0,1,1,0,10,3,0,0,0,0,0,107,27,23,1,0,0,56,1,ai_farm; party wiped
204,12548,1,Normal,35,2,2,2,0,27,27,0,0,10,0,1,1,0,6,5,0,3,3,0,0,56,4,17,0,1,1,15,1,floor1_town
204,12548,1,Normal,37,4,4,4,0,27,27,0,0,20,0,1,1,0,11,6,0,3,3,0,0,112,0,26,0,1,1,43,1,ai_farm
204,12548,1,Normal,32,5,5,5,0,27,27,0,0,25,0,1,1,0,14,2,0,3,3,0,0,140,2,25,0,1,1,78,1,ai_farm
204,12548,1,Normal,30,3,3,3,0,27,27,0,0,15,0,1,1,0,8,3,0,3,3,0,0,84,24,16,0,1,1,99,1,ai_farm
204,12548,1,Normal,38,3,3,3,0,27,27,0,0,15,0,1,1,0,8,3,0,3,3,0,0,84,16,17,0,1,1,120,1,ai_farm
204,12548,1,Normal,25,0,0,0,0,27,27,0,0,0,0,1,1,0,0,0,0,3,3,0,0,0,0,0,0,1,1,120,0,ai_farm
204,12548,1,Normal,37,4,4,4,0,27,34,0,3,20,0,1,2,0,10,3,0,3,3,0,0,112,0,23,0,1,1,142,1,ai_farm; +1 levelup
204,12548,2,Normal,26,1,1,1,0,34,25,3,3,5,0,2,2,0,1,0,1,2,3,0,0,28,9,4,0,1,1,142,1,
204,12548,3,Normal,25,1,1,1,0,25,34,3,3,12,0,2,2,1,3,1,1,0,2,0,0,60,0,6,0,1,1,148,1,
205,12549,1,Normal,39,6,6,6,0,27,27,0,0,30,0,1,1,1,17,6,0,3,3,0,0,168,0,37,0,1,1,43,1,floor1_town
205,12549,1,Normal,25,4,4,4,0,27,27,0,0,20,0,1,1,0,11,1,0,3,3,0,0,112,0,19,0,1,1,71,1,ai_farm
205,12549,1,Normal,38,5,5,5,0,27,27,0,0,25,0,1,1,0,14,6,0,3,3,0,0,140,20,32,0,1,1,106,1,ai_farm
205,12549,1,Normal,32,2,2,2,0,27,27,0,0,10,0,1,1,0,6,4,0,3,3,0,0,56,0,17,0,1,1,120,1,ai_farm
205,12549,1,Normal,3,1,1,0,0,27,0,0,0,0,0,1,1,0,3,3,0,0,0,0,0,14,27,8,1,0,0,126,1,ai_farm; party wiped
206,12550,1,Normal,11,2,2,1,0,27,0,0,0,5,0,1,1,0,6,4,0,0,0,0,0,46,27,13,1,0,0,14,1,floor1_town; party wiped
207,12551,1,Normal,33,5,5,5,0,27,27,0,0,25,0,1,1,1,12,0,1,3,3,0,0,140,0,22,0,1,1,36,1,floor1_town
207,12551,1,Normal,40,2,2,2,0,27,27,0,0,10,0,1,1,1,4,2,0,3,3,0,0,56,0,13,0,1,1,50,1,ai_farm
207,12551,1,Normal,36,3,3,3,0,27,27,0,0,15,0,1,1,0,5,0,0,3,3,0,0,84,0,14,0,1,1,71,1,ai_farm
207,12551,1,Normal,30,3,3,3,0,27,27,0,0,15,0,1,1,0,6,2,0,3,3,0,0,84,0,16,0,1,1,92,1,ai_farm
207,12551,1,Normal,31,4,4,4,0,27,27,0,0,20,0,1,1,0,12,3,0,3,3,0,0,112,0,25,0,1,1,120,1,ai_farm
207,12551,1,Normal,32,3,3,3,0,27,36,0,2,15,0,1,2,0,8,3,0,3,3,0,0,84,0,15,0,1,1,141,1,ai_farm; +1 levelup
207,12551,2,Normal,33,3,3,3,0,36,27,2,2,15,0,2,2,0,3,2,1,0,1,0,0,84,9,10,0,1,1,141,1,
207,12551,3,Normal,32,2,2,2,0,27,36,2,2,24,0,2,2,2,2,0,0,1,3,0,0,120,0,7,0,1,1,153,1,
208,12552,1,Normal,37,2,2,2,0,27,27,0,0,10,0,1,1,0,4,0,0,3,3,0,0,56,0,10,0,1,1,15,1,floor1_town
208,12552,1,Normal,34,4,4,4,0,27,27,0,0,20,0,1,1,0,12,4,0,3,3,0,0,112,2,22,0,1,1,43,1,ai_farm
208,12552,1,Normal,40,3,3,3,0,27,27,0,0,15,0,1,1,0,9,6,0,3,3,0,0,84,2,21,0,1,1,64,1,ai_farm
208,12552,1,Normal,28,3,3,3,0,27,27,0,0,15,0,1,1,0,7,2,0,3,3,0,0,84,0,15,0,1,1,85,1,ai_farm
208,12552,1,Normal,27,3,3,3,0,27,27,0,0,15,0,1,1,0,9,5,0,3,3,0,0,84,0,18,0,1,1,106,1,ai_farm
208,12552,1,Normal,33,5,5,5,0,27,34,0,2,25,0,1,2,0,10,4,0,3,3,0,0,140,0,24,0,1,1,141,1,ai_farm; +1 levelup
208,12552,2,Normal,34,3,3,3,0,34,34,2,2,15,0,2,2,0,3,1,1,0,2,0,0,84,0,8,0,1,1,141,1,
208,12552,3,Normal,37,6,6,6,0,34,30,2,2,72,0,2,2,2,15,7,0,0,1,0,0,360,8,34,0,1,1,177,1,
209,12553,1,Normal,26,5,5,5,0,27,27,0,0,25,0,1,1,2,13,2,0,3,3,0,0,140,0,25,0,1,1,36,1,floor1_town
209,12553,1,Normal,25,2,2,2,0,27,27,0,0,10,0,1,1,0,6,3,0,3,3,0,0,56,0,13,0,1,1,50,1,ai_farm
209,12553,1,Normal,27,2,2,2,0,27,27,0,0,10,0,1,1,0,5,3,0,3,3,0,0,56,0,10,0,1,1,64,1,ai_farm
209,12553,1,Normal,26,1,1,1,0,27,27,0,0,5,0,1,1,0,3,1,0,3,3,0,0,28,0,5,0,1,1,71,1,ai_farm
209,12553,1,Normal,31,3,3,3,0,27,27,0,0,15,0,1,1,0,6,1,0,3,3,0,0,84,0,12,0,1,1,92,1,ai_farm
209,12553,1,Normal,24,3,3,2,0,27,0,0,0,10,0,1,1,0,9,4,0,0,0,0,0,74,29,18,1,0,0,112,1,ai_farm; party wiped
210,12554,1,Normal,31,3,3,3,0,27,27,0,0,15,0,1,1,0,8,1,0,3,3,0,0,84,0,13,0,1,1,22,1,floor1_town
210,12554,1,Normal,21,2,2,1,0,27,0,0,0,5,0,1,1,0,4,3,0,0,0,0,0,55,27,13,1,0,0,35,1,ai_farm; party wiped
211,12555,1,Normal,36,4,4,4,0,27,27,0,0,20,0,1,1,1,11,3,1,3,3,0,0,112,0,24,0,1,1,29,1,floor1_town
211,12555,1,Normal,27,2,2,2,0,27,27,0,0,10,0,1,1,0,6,1,1,3,3,0,0,56,0,10,0,1,1,43,1,ai_farm
211,12555,1,Normal,38,6,6,6,0,27,27,0,0,30,0,1,1,1,18,9,0,3,3,0,0,168,22,41,0,1,1,85,1,ai_farm
211,12555,1,Normal,40,3,3,3,0,27,27,0,0,15,0,1,1,0,8,2,0,3,3,0,0,84,0,15,0,1,1,106,1,ai_farm
211,12555,1,Normal,32,4,4,4,0,27,27,0,0,20,0,1,1,0,11,3,0,3,3,0,0,112,12,25,0,1,1,134,1,ai_farm
211,12555,1,Normal,26,3,3,3,0,27,36,0,3,15,0,1,2,0,7,2,0,3,3,0,0,84,2,14,0,1,1,143,1,ai_farm; +1 levelup
211,12555,2,Normal,18,4,4,3,0,36,0,3,3,15,0,2,2,2,3,3,0,0,0,0,0,108,36,21,1,0,0,143,1,party wiped
212,12556,1,Normal,40,3,3,3,0,27,27,0,0,15,0,1,1,0,6,3,0,3,3,0,0,84,0,15,0,1,1,22,1,floor1_town
212,12556,1,Normal,38,5,5,5,0,27,27,0,0,25,0,1,1,0,14,5,0,3,3,0,0,140,4,27,0,1,1,57,1,ai_farm
212,12556,1,Normal,28,1,1,1,0,27,27,0,0,5,0,1,1,0,2,0,0,3,3,0,0,28,0,4,0,1,1,64,1,ai_farm
212,12556,1,Normal,26,2,2,2,0,27,27,0,0,10,0,1,1,0,6,0,0,3,3,0,0,56,0,9,0,1,1,78,1,ai_farm
212,12556,1,Normal,26,2,2,2,0,27,27,0,0,10,0,1,1,0,6,1,0,3,3,0,0,56,0,9,0,1,1,92,1,ai_farm
212,12556,1,Normal,32,4,4,4,0,27,27,0,0,20,0,1,1,0,11,6,0,3,3,0,0,112,14,25,0,1,1,120,1,ai_farm
212,12556,1,Normal,29,3,3,3,0,27,35,0,1,15,0,1,2,0,7,4,0,3,3,0,0,84,2,18,0,1,1,141,1,ai_farm; +1 levelup
212,12556,2,Normal,25,4,4,4,0,35,35,1,1,20,0,2,2,2,6,4,0,0,2,0,0,112,32,24,0,1,1,142,1,
212,12556,3,Normal,31,4,4,4,0,35,35,1,1,48,0,2,2,1,12,7,0,0,2,0,0,240,27,29,0,1,1,166,1,
213,12557,1,Normal,29,3,3,3,0,27,27,0,0,15,0,1,1,2,7,2,0,3,3,0,0,84,0,18,0,1,1,22,1,floor1_town
213,12557,1,Normal,16,3,3,2,0,27,0,0,0,10,0,1,1,0,9,4,0,0,0,0,0,83,27,20,1,0,0,42,1,ai_farm; party wiped
214,12558,1,Normal,34,4,4,4,0,27,27,0,0,20,0,1,1,1,11,6,0,3,3,0,0,112,4,25,0,1,1,29,1,floor1_town
214,12558,1,Normal,31,1,1,1,0,27,27,0,0,5,0,1,1,0,3,2,0,3,3,0,0,28,0,6,0,1,1,36,1,ai_farm
214,12558,1,Normal,33,5,5,5,0,27,27,0,0,25,0,1,1,0,11,5,0,3,3,0,0,140,4,28,0,1,1,71,1,ai_farm
214,12558,1,Normal,33,5,5,5,0,27,27,0,0,25,0,1,1,0,13,4,0,3,3,0,0,140,4,27,0,1,1,106,1,ai_farm
214,12558,1,Normal,33,2,2,2,0,27,27,0,0,10,0,1,1,0,6,4,0,3,3,0,0,56,0,16,0,1,1,120,1,ai_farm
214,12558,1,Normal,28,2,2,2,0,27,27,0,0,10,0,1,1,0,4,3,0,3,3,0,0,56,2,12,0,1,1,134,1,ai_farm
214,12558,1,Normal,32,3,3,3,0,27,35,0,2,15,0,1,2,0,7,0,0,3,3,0,0,84,0,12,0,1,1,143,1,ai_farm; +1 levelup
214,12558,2,Normal,32,3,3,3,0,35,35,2,2,15,0,2,2,0,3,2,0,0,1,0,0,84,0,13,0,1,1,143,1,
214,12558,3,Normal,35,4,4,4,0,35,35,2,2,48,0,2,2,2,10,1,0,1,3,0,0,240,0,25,0,1,1,167,1,
215,12559,1,Normal,38,5,5,5,0,27,27,0,0,25,0,1,1,2,13,5,0,3,3,0,0,140,0,33,0,1,1,36,1,floor1_town
215,12559,1,Normal,39,6,6,6,0,27,27,0,0,30,0,1,1,0,15,6,0,3,3,0,0,168,2,36,0,1,1,78,1,ai_farm
215,12559,1,Normal,25,3,3,3,0,27,27,0,0,15,0,1,1,0,6,2,0,3,3,0,0,84,0,12,0,1,1,99,1,ai_farm
215,12559,1,Normal,36,2,2,1,0,27,0,0,0,5,0,1,1,0,6,6,0,0,0,0,0,46,27,17,1,0,0,112,1,ai_farm; party wiped
216,12560,1,Normal,27,5,5,5,0,27,27,0,0,25,0,1,1,1,14,8,0,3,3,0,0,140,2,33,0,1,1,36,1,floor1_town
216,12560,1,Normal,25,2,2,2,0,27,27,0,0,10,0,1,1,0,6,3,0,3,3,0,0,56,0,13,0,1,1,50,1,ai_farm
216,12560,1,Normal,31,4,4,4,0,27,27,0,0,20,0,1,1,0,12,5,0,3,3,0,0,112,4,23,0,1,1,78,1,ai_farm
216,12560,1,Normal,37,3,3,3,0,27,27,0,0,15,0,1,1,0,9,5,0,3,3,0,0,84,24,22,0,1,1,99,1,ai_farm
216,12560,1,Normal,40,5,5,5,0,27,27,0,0,25,0,1,1,0,14,3,0,3,3,0,0,140,2,26,0,1,1,134,1,ai_farm
216,12560,1,Normal,27,3,3,3,0,27,36,0,2,15,0,1,2,0,6,0,0,3,3,0,0,84,0,14,0,1,1,143,1,ai_farm; +1 levelup
216,12560,2,Normal,26,3,3,3,0,36,14,2,2,15,0,2,2,0,3,3,0,0,0,0,0,84,22,15,0,1,1,143,1,
216,12560,3,Normal,30,3,3,3,0,14,36,2,2,36,0,2,2,2,7,5,0,0,1,0,0,180,19,19,0,1,1,161,1,
217,12561,1,Normal,32,4,4,4,0,27,27,0,0,20,0,1,1,2,11,5,0,3,3,0,0,112,0,24,0,1,1,29,1,floor1_town
217,12561,1,Normal,20,3,3,2,0,27,0,0,0,10,0,1,1,0,8,4,0,0,0,0,0,81,27,22,1,0,0,49,1,ai_farm; party wiped
218,12562,1,Normal,36,3,3,3,0,27,27,0,0,15,0,1,1,1,7,3,0,3,3,0,0,84,0,16,0,1,1,22,1,floor1_town
218,12562,1,Normal,32,3,3,3,0,27,27,0,0,15,0,1,1,0,8,1,0,3,3,0,0,84,0,15,0,1,1,43,1,ai_farm
218,12562,1,Normal,32,5,5,5,0,27,27,0,0,25,0,1,1,0,12,2,0,3,3,0,0,140,0,21,0,1,1,78,1,ai_farm
218,12562,1,Normal,32,3,3,3,0,27,27,0,0,15,0,1,1,0,7,0,0,3,3,0,0,84,0,10,0,1,1,99,1,ai_farm
218,12562,1,Normal,26,3,3,3,0,27,27,0,0,15,0,1,1,0,9,3,0,3,3,0,0,84,0,19,0,1,1,120,1,ai_farm
218,12562,1,Normal,31,3,3,3,0,27,35,0,1,15,0,1,2,0,9,1,0,3,3,0,0,84,0,13,0,1,1,141,1,ai_farm; +1 levelup
218,12562,2,Normal,36,2,2,2,0,35,35,1,1,10,0,2,2,0,3,0,0,0,3,0,0,56,0,7,0,1,1,141,1,
218,12562,3,Normal,7,1,1,0,0,35,0,1,1,0,0,2,2,2,3,3,0,0,0,0,0,15,35,10,1,0,0,147,1,party wiped
219,12563,1,Normal,25,3,3,3,0,27,27,0,0,15,0,1,1,1,8,1,1,3,3,0,0,84,0,16,0,1,1,22,1,floor1_town
219,12563,1,Normal,29,5,5,5,0,27,27,0,0,25,0,1,1,1,14,5,0,3,3,0,0,140,0,32,0,1,1,57,1,ai_farm
219,12563,1,Normal,40,1,1,1,0,27,27,0,0,5,0,1,1,0,3,1,0,3,3,0,0,28,0,6,0,1,1,64,1,ai_farm
219,12563,1,Normal,29,5,5,5,0,27,27,0,0,25,0,1,1,0,14,4,0,3,3,0,0,140,2,29,0,1,1,99,1,ai_farm
219,12563,1,Normal,39,4,4,4,0,27,27,0,0,20,0,1,1,0,12,5,0,3,3,0,0,112,2,23,0,1,1,127,1,ai_farm
219,12563,1,Normal,31,4,4,4,0,27,35,0,1,20,0,1,2,0,9,2,0,3,3,0,0,112,0,19,0,1,1,143,1,ai_farm; +1 levelup
219,12563,2,Normal,35,4,4,4,0,35,23,1,1,20,0,2,2,0,3,3,0,0,0,0,0,112,12,13,0,1,1,143,1,
219,12563,3,Normal,25,3,3,3,0,23,16,1,1,36,0,2,2,2,9,6,0,0,0,0,0,180,35,25,0,1,1,161,1,
220,12564,1,Normal,30,2,2,2,0,27,27,0,0,10,0,1,1,1,4,3,0,3,3,0,0,56,2,11,0,1,1,15,1,floor1_town
220,12564,1,Normal,38,5,5,5,0,27,27,0,0,25,0,1,1,0,14,2,0,3,3,0,0,140,0,25,0,1,1,50,1,ai_farm
220,12564,1,Normal,26,2,2,2,0,27,27,0,0,10,0,1,1,0,6,3,0,3,3,0,0,56,0,12,0,1,1,64,1,ai_farm
220,12564,1,Normal,31,3,3,3,0,27,27,0,0,15,0,1,1,0,6,3,0,3,3,0,0,84,14,15,0,1,1,85,1,ai_farm
220,12564,1,Normal,28,5,5,5,0,27,27,0,0,25,0,1,1,0,14,6,0,3,3,0,0,140,0,29,0,1,1,120,1,ai_farm
220,12564,1,Normal,30,4,4,4,0,27,35,0,2,20,0,1,2,0,7,0,0,3,3,0,0,112,0,16,0,1,1,142,1,ai_farm; +1 levelup
220,12564,2,Normal,32,4,4,4,0,35,35,2,2,20,0,2,2,0,3,3,0,0,0,0,0,112,0,16,0,1,1,142,1,
220,12564,3,Normal,33,4,4,4,0,35,35,2,2,48,0,2,2,0,11,4,0,1,3,0,0,240,1,26,0,1,1,166,1,
221,12565,1,Normal,34,5,5,5,0,27,27,0,0,25,0,1,1,0,12,3,0,3,3,0,0,140,14,27,0,1,1,36,1,floor1_town
221,12565,1,Normal,34,5,5,5,0,27,27,0,0,25,0,1,1,0,13,6,0,3,3,0,0,140,2,32,0,1,1,71,1,ai_farm
221,12565,1,Normal,39,3,3,3,0,27,27,0,0,15,0,1,1,0,6,0,0,3,3,0,0,84,0,13,0,1,1,92,1,ai_farm
221,12565,1,Normal,40,1,1,1,0,27,27,0,0,5,0,1,1,0,3,3,0,3,3,0,0,28,12,12,0,1,1,99,1,ai_farm
221,12565,1,Normal,25,2,2,2,0,27,27,0,0,10,0,1,1,0,6,1,0,3,3,0,0,56,0,11,0,1,1,113,1,ai_farm
221,12565,1,Normal,33,4,4,4,0,27,34,0,3,20,0,1,2,0,11,5,0,3,3,0,0,112,0,24,0,1,1,141,1,ai_farm; +1 levelup
221,12565,2,Normal,40,6,6,6,0,34,18,3,3,30,0,2,2,0,6,6,0,0,0,0,0,168,27,25,0,1,1,142,1,
221,12565,3,Normal,39,3,3,3,0,18,34,3,3,36,0,2,2,2,6,3,0,0,1,0,0,180,0,15,0,1,1,160,1,
222,12566,1,Normal,39,2,2,2,0,27,27,0,0,10,0,1,1,1,6,0,0,3,3,0,0,56,0,10,0,1,1,15,1,floor1_town
222,12566,1,Normal,25,4,4,4,0,27,27,0,0,20,0,1,1,0,11,4,0,3,3,0,0,112,0,21,0,1,1,43,1,ai_farm
222,12566,1,Normal,32,4,4,4,0,27,27,0,0,20,0,1,1,0,8,2,0,3,3,0,0,112,0,16,0,1,1,71,1,ai_farm
222,12566,1,Normal,32,2,2,2,0,27,27,0,0,10,0,1,1,0,5,0,0,3,3,0,0,56,0,10,0,1,1,85,1,ai_farm
222,12566,1,Normal,27,3,3,2,0,27,0,0,0,10,0,1,1,0,9,5,0,0,0,0,0,74,27,20,1,0,0,105,1,ai_farm; party wiped
223,12567,1,Normal,28,4,4,4,0,27,27,0,0,20,0,1,1,0,11,3,0,3,3,0,0,112,4,21,0,1,1,29,1,floor1_town
223,12567,1,Normal,35,4,4,4,0,27,27,0,0,20,0,1,1,0,11,4,0,3,3,0,0,112,4,22,0,1,1,57,1,ai_farm
223,12567,1,Normal,25,3,3,3,0,27,27,0,0,15,0,1,1,0,9,4,0,3,3,0,0,84,4,21,0,1,1,78,1,ai_farm
223,12567,1,Normal,31,3,3,3,0,27,27,0,0,15,0,1,1,0,7,2,0,3,3,0,0,84,2,15,0,1,1,99,1,ai_farm
223,12567,1,Normal,9,1,1,0,0,27,0,0,0,0,0,1,1,0,3,3,0,0,0,0,0,25,27,11,1,0,0,105,1,ai_farm; party wiped
224,12568,1,Normal,33,2,2,2,0,27,27,0,0,10,0,1,1,1,6,1,0,3,3,0,0,56,0,11,0,1,1,15,1,floor1_town
224,12568,1,Normal,30,3,3,3,0,27,27,0,0,15,0,1,1,0,7,1,0,3,3,0,0,84,0,13,0,1,1,36,1,ai_farm
224,12568,1,Normal,33,4,4,4,0,27,27,0,0,20,0,1,1,0,9,1,0,3,3,0,0,112,0,15,0,1,1,64,1,ai_farm
224,12568,1,Normal,35,3,3,3,0,27,27,0,0,15,0,1,1,0,9,3,0,3,3,0,0,84,14,18,0,1,1,85,1,ai_farm
224,12568,1,Normal,27,4,4,4,0,27,27,0,0,20,0,1,1,0,11,4,0,3,3,0,0,112,4,22,0,1,1,113,1,ai_farm
224,12568,1,Normal,35,4,4,4,0,27,35,0,3,20,0,1,2,0,9,1,0,3,3,0,0,112,0,19,0,1,1,141,1,ai_farm; +1 levelup
224,12568,2,Normal,32,3,3,3,0,35,35,3,3,15,0,2,2,0,2,0,2,2,3,0,0,84,9,7,0,1,1,142,1,
224,12568,3,Normal,11,2,2,1,0,35,0,3,3,12,0,2,2,4,6,4,0,0,0,0,0,105,35,22,1,0,0,154,1,party wiped
225,12569,1,Normal,37,3,3,3,0,27,27,0,0,15,0,1,1,0,6,2,0,3,3,0,0,84,0,15,0,1,1,22,1,floor1_town
225,12569,1,Normal,30,1,1,1,0,27,27,0,0,5,0,1,1,0,3,0,0,3,3,0,0,28,0,5,0,1,1,29,1,ai_farm
225,12569,1,Normal,28,4,4,4,0,27,27,0,0,20,0,1,1,0,12,2,0,3,3,0,0,112,0,18,0,1,1,57,1,ai_farm
225,12569,1,Normal,29,2,2,2,0,27,27,0,0,10,0,1,1,0,6,3,0,3,3,0,0,56,9,15,0,1,1,71,1,ai_farm
225,12569,1,Normal,39,4,4,3,0,27,0,0,0,15,0,1,1,0,10,3,0,0,0,0,0,102,27,19,1,0,0,98,1,ai_farm; party wiped
226,12570,1,Normal,26,2,2,2,0,27,27,0,0,10,0,1,1,1,4,3,0,3,3,0,0,56,24,16,0,1,1,15,1,floor1_town
226,12570,1,Normal,36,3,3,3,0,27,27,0,0,15,0,1,1,0,6,1,0,3,3,0,0,84,0,13,0,1,1,36,1,ai_farm
226,12570,1,Normal,36,0,0,0,0,27,27,0,0,0,0,1,1,0,0,0,0,3,3,0,0,0,0,0,0,1,1,36,0,ai_farm
226,12570,1,Normal,39,2,2,2,0,27,27,0,0,10,0,1,1,0,6,2,0,3,3,0,0,56,2,12,0,1,1,50,1,ai_farm
226,12570,1,Normal,32,5,5,5,0,27,27,0,0,25,0,1,1,0,12,2,0,3,3,0,0,140,2,25,0,1,1,85,1,ai_farm
226,12570,1,Normal,28,2,2,1,0,27,0,0,0,5,0,1,1,0,5,3,0,0,0,0,0,42,27,11,1,0,0,98,1,ai_farm; party wiped
227,12571,1,Normal,17,2,2,1,0,27,0,0,0,5,0,1,1,0,5,3,0,0,0,0,0,46,27,12,1,0,0,14,1,floor1_town; party wiped
228,12572,1,Normal,35,3,3,3,0,27,27,0,0,15,0,1,1,1,4,0,0,3,3,0,0,84,0,9,0,1,1,22,1,floor1_town
228,12572,1,Normal,26,3,3,3,0,27,27,0,0,15,0,1,1,0,5,0,0,3,3,0,0,84,0,13,0,1,1,43,1,ai_farm
228,12572,1,Normal,29,3,3,3,0,27,27,0,0,15,0,1,1,0,6,3,0,3,3,0,0,84,0,14,0,1,1,64,1,ai_farm
228,12572,1,Normal,27,2,2,2,0,27,27,0,0,10,0,1,1,0,5,3,0,3,3,0,0,56,12,12,0,1,1,78,1,ai_farm
228,12572,1,Normal,28,4,4,4,0,27,27,0,0,20,0,1,1,0,12,5,0,3,3,0,0,112,4,22,0,1,1,106,1,ai_farm
228,12572,1,Normal,30,6,6,6,0,27,35,0,1,30,0,1,2,0,12,1,0,3,3,0,0,168,2,25,0,1,1,142,1,ai_farm; +1 levelup
228,12572,2,Normal,40,5,5,5,0,35,35,1,1,25,0,2,2,0,6,4,0,0,2,0,0,140,24,22,0,1,1,143,1,
228,12572,3,Normal,30,2,2,2,0,35,35,1,1,24,0,2,2,0,6,6,0,0,0,0,0,120,33,17,0,1,1,155,1,
229,12573,1,Normal,40,4,4,3,0,27,0,0,0,15,0,1,1,0,10,8,0,0,0,0,0,102,41,29,1,0,0,28,1,floor1_town; party wiped
230,12574,1,Normal,29,3,3,3,0,27,27,0,0,15,0,1,1,2,9,6,0,3,3,0,0,84,2,23,0,1,1,22,1,floor1_town
230,12574,1,Normal,26,3,3,3,0,27,27,0,0,15,0,1,1,0,9,4,0,3,3,0,0,84,0,18,0,1,1,43,1,ai_farm
230,12574,1,Normal,30,2,2,2,0,27,27,0,0,10,0,1,1,0,4,0,0,3,3,0,0,56,0,8,0,1,1,57,1,ai_farm
230,12574,1,Normal,29,2,2,2,0,27,27,0,0,10,0,1,1,0,5,1,0,3,3,0,0,56,0,10,0,1,1,71,1,ai_farm
230,12574,1,Normal,37,5,5,5,0,27,27,0,0,25,0,1,1,0,14,6,0,3,3,0,0,140,28,33,0,1,1,106,1,ai_farm
230,12574,1,Normal,40,3,3,3,0,27,27,0,0,15,0,1,1,0,8,2,0,3,3,0,0,84,0,16,0,1,1,127,1,ai_farm
230,12574,1,Normal,29,4,4,4,0,27,36,0,2,20,0,1,2,0,8,1,0,3,3,0,0,112,9,20,0,1,1,143,1,ai_farm; +1 levelup
230,12574,2,Normal,25,2,2,2,0,36,27,2,2,10,0,2,2,0,3,0,2,0,3,0,0,56,9,10,0,1,1,143,1,
230,12574,3,Normal,22,3,3,2,0,27,0,2,2,24,0,2,2,2,9,4,0,0,0,0,0,177,36,21,1,0,0,161,1,party wiped
231,12575,1,Normal,33,3,3,3,0,27,27,0,0,15,0,1,1,0,8,4,0,3,3,0,0,84,12,20,0,1,1,22,1,floor1_town
231,12575,1,Normal,34,4,4,4,0,27,27,0,0,20,0,1,1,0,10,5,0,3,3,0,0,112,0,22,0,1,1,50,1,ai_farm
231,12575,1,Normal,40,3,3,3,0,27,27,0,0,15,0,1,1,0,9,7,0,3,3,0,0,84,12,25,0,1,1,71,1,ai_farm
231,12575,1,Normal,37,4,4,4,0,27,27,0,0,20,0,1,1,0,12,5,0,3,3,0,0,112,2,22,0,1,1,99,1,ai_farm
231,12575,1,Normal,39,6,6,6,0,27,35,0,3,30,0,1,2,0,15,5,0,3,3,0,0,168,0,29,0,1,1,141,1,ai_farm; +1 levelup
231,12575,2,Normal,30,3,3,3,0,35,35,3,3,15,0,2,2,0,3,0,2,0,3,0,0,84,0,9,0,1,1,141,1,
231,12575,3,Normal,25,3,3,3,0,35,35,3,3,36,0,2,2,2,9,3,2,0,1,0,0,180,0,20,0,1,1,159,1,
232,12576,1,Normal,15,2,2,1,0,27,0,0,0,5,0,1,1,2,5,3,0,0,0,0,0,55,27,20,1,0,0,14,1,floor1_town; party wiped
233,12577,1,Normal,27,2,2,2,0,27,27,0,0,10,0,1,1,0,6,3,0,3,3,0,0,56,2,13,0,1,1,15,1,floor1_town
233,12577,1,Normal,37,2,2,2,0,27,27,0,0,10,0,1,1,0,6,2,0,3,3,0,0,56,4,12,0,1,1,29,1,ai_farm
233,12577,1,Normal,28,3,3,3,0,27,27,0,0,15,0,1,1,0,8,3,0,3,3,0,0,84,18,19,0,1,1,50,1,ai_farm
233,12577,1,Normal,38,4,4,4,0,27,27,0,0,20,0,1,1,0,11,6,0,3,3,0,0,112,0,27,0,1,1,78,1,ai_farm
233,12577,1,Normal,34,3,3,3,0,27,27,0,0,15,0,1,1,0,4,0,0,3,3,0,0,84,0,11,0,1,1,99,1,ai_farm
233,12577,1,Normal,38,5,5,5,0,27,27,0,0,25,0,1,1,0,13,6,0,3,3,0,0,140,2,30,0,1,1,134,1,ai_farm
233,12577,1,Normal,39,3,3,3,0,27,34,0,1,15,0,1,2,0,5,0,0,3,3,0,0,84,0,15,0,1,1,143,1,ai_farm; +1 levelup
233,12577,2,Normal,31,1,1,1,0,34,34,1,1,5,0,2,2,0,1,0,0,2,3,0,0,28,0,2,0,1,1,143,1,
233,12577,3,Normal,36,1,1,1,0,34,34,1,1,12,0,2,2,2,3,3,0,0,0,0,0,60,0,10,0,1,1,149,1,
234,12578,1,Normal,31,1,1,1,0,27,27,0,0,5,0,1,1,1,3,0,1,3,3,0,0,28,0,6,0,1,1,8,1,floor1_town
234,12578,1,Normal,38,5,5,5,0,27,27,0,0,25,0,1,1,1,11,6,0,3,3,0,0,140,2,29,0,1,1,43,1,ai_farm
234,12578,1,Normal,39,3,3,3,0,27,27,0,0,15,0,1,1,0,9,3,0,3,3,0,0,84,0,16,0,1,1,64,1,ai_farm
234,12578,1,Normal,20,3,3,2,0,27,0,0,0,10,0,1,1,0,8,4,0,0,0,0,0,83,27,24,1,0,0,84,1,ai_farm; party wiped
235,12579,1,Normal,36,4,4,4,0,27,27,0,0,20,0,1,1,0,11,6,0,3,3,0,0,112,0,26,0,1,1,29,1,floor1_town
235,12579,1,Normal,29,4,4,4,0,27,27,0,0,20,0,1,1,0,10,3,0,3,3,0,0,112,26,29,0,1,1,57,1,ai_farm
235,12579,1,Normal,15,2,2,1,0,27,0,0,0,5,0,1,1,0,5,3,0,0,0,0,0,55,27,14,1,0,0,70,1,ai_farm; party wiped
236,12580,1,Normal,25,2,2,2,0,27,27,0,0,10,0,1,1,2,3,0,0,3,3,0,0,56,0,9,0,1,1,15,1,floor1_town
236,12580,1,Normal,31,2,2,2,0,27,27,0,0,10,0,1,1,0,6,2,0,3,3,0,0,56,0,15,0,1,1,29,1,ai_farm
236,12580,1,Normal,38,4,4,4,0,27,27,0,0,20,0,1,1,0,8,1,0,3,3,0,0,112,2,23,0,1,1,57,1,ai_farm
236,12580,1,Normal,22,3,3,2,0,27,0,0,0,10,0,1,1,0,8,3,0,0,0,0,0,74,27,17,1,0,0,77,1,ai_farm; party wiped
237,12581,1,Normal,30,5,5,5,0,27,27,0,0,25,0,1,1,1,13,1,0,3,3,0,0,140,0,35,0,1,1,36,1,floor1_town
237,12581,1,Normal,39,5,5,5,0,27,27,0,0,25,0,1,1,0,11,4,0,3,3,0,0,140,18,28,0,1,1,71,1,ai_farm
237,12581,1,Normal,25,2,2,2,0,27,27,0,0,10,0,1,1,0,4,0,0,3,3,0,0,56,0,6,0,1,1,85,1,ai_farm
237,12581,1,Normal,36,6,6,6,0,27,27,0,0,30,0,1,1,0,17,5,0,3,3,0,0,168,12,37,0,1,1,127,1,ai_farm
237,12581,1,Normal,32,2,2,2,0,27,35,0,2,10,0,1,2,0,5,2,0,3,3,0,0,56,0,11,0,1,1,141,1,ai_farm; +1 levelup
237,12581,2,Normal,33,3,3,3,0,35,26,2,2,15,0,2,2,0,3,3,1,0,0,0,0,84,9,15,0,1,1,141,1,
237,12581,3,Normal,30,3,3,3,0,26,35,2,2,36,0,2,2,1,9,4,0,0,2,0,0,180,3,19,0,1,1,159,1,
238,12582,1,Normal,34,4,4,4,0,27,27,0,0,20,0,1,1,2,12,4,0,3,3,0,0,112,0,25,0,1,1,29,1,floor1_town
238,12582,1,Normal,12,2,2,1,0,27,0,0,0,5,0,1,1,0,5,3,0,0,0,0,0,55,27,12,1,0,0,42,1,ai_farm; party wiped
239,12583,1,Normal,39,3,3,3,0,27,27,0,0,15,0,1,1,1,8,2,0,3,3,0,0,84,0,16,0,1,1,22,1,floor1_town
239,12583,1,Normal,35,4,4,4,0,27,27,0,0,20,0,1,1,0,12,3,0,3,3,0,0,112,4,21,0,1,1,50,1,ai_farm
239,12583,1,Normal,37,4,4,4,0,27,27,0,0,20,0,1,1,0,8,3,0,3,3,0,0,112,12,22,0,1,1,78,1,ai_farm
239,12583,1,Normal,30,2,2,2,0,27,27,0,0,10,0,1,1,0,4,0,0,3,3,0,0,56,0,6,0,1,1,92,1,ai_farm
239,12583,1,Normal,34,4,4,4,0,27,27,0,0,20,0,1,1,0,7,0,0,3,3,0,0,112,0,16,0,1,1,120,1,ai_farm
239,12583,1,Normal,39,4,4,4,0,27,36,0,1,20,0,1,2,0,7,0,0,3,3,0,0,112,0,17,0,1,1,142,1,ai_farm; +1 levelup
239,12583,2,Normal,29,3,3,3,0,36,25,1,1,15,0,2,2,1,3,3,0,0,0,0,0,84,11,17,0,1,1,142,1,
239,12583,3,Normal,25,4,4,3,0,25,0,1,1,36,0,2,2,2,12,7,0,0,0,0,0,233,39,31,1,0,0,166,1,party wiped
240,12584,1,Normal,28,5,5,5,0,27,27,0,0,25,0,1,1,2,12,3,0,3,3,0,0,140,0,27,0,1,1,36,1,floor1_town
240,12584,1,Normal,31,5,5,5,0,27,27,0,0,25,0,1,1,0,15,7,0,3,3,0,0,140,2,33,0,1,1,71,1,ai_farm
240,12584,1,Normal,32,5,5,5,0,27,27,0,0,25,0,1,1,0,15,6,0,3,3,0,0,140,6,27,0,1,1,106,1,ai_farm
240,12584,1,Normal,17,3,3,2,0,27,0,0,0,10,0,1,1,0,9,3,0,0,0,0,0,65,27,19,1,0,0,126,1,ai_farm; party wiped
241,12585,1,Normal,32,5,5,5,0,27,27,0,0,25,0,1,1,1,15,6,0,3,3,0,0,140,4,30,0,1,1,36,1,floor1_town
241,12585,1,Normal,34,4,4,4,0,27,27,0,0,20,0,1,1,0,10,3,0,3,3,0,0,112,2,24,0,1,1,64,1,ai_farm
241,12585,1,Normal,29,3,3,3,0,27,27,0,0,15,0,1,1,0,7,5,0,3,3,0,0,84,0,18,0,1,1,85,1,ai_farm
241,12585,1,Normal,40,3,3,3,0,27,27,0,0,15,0,1,1,0,9,0,0,3,3,0,0,84,0,16,0,1,1,106,1,ai_farm
241,12585,1,Normal,32,3,3,3,0,27,27,0,0,15,0,1,1,0,9,1,0,3,3,0,0,84,2,16,0,1,1,127,1,ai_farm
241,12585,1,Normal,40,5,5,5,0,27,34,0,2,25,0,1,2,0,11,4,0,3,3,0,0,140,0,24,0,1,1,144,1,ai_farm; +1 levelup
241,12585,2,Normal,25,1,1,1,0,34,34,2,2,5,0,2,2,0,1,0,2,2,3,0,0,28,0,2,0,1,1,144,1,
241,12585,3,Normal,27,2,2,2,0,34,34,2,2,24,0,2,2,1,6,0,2,0,3,0,0,120,0,11,0,1,1,156,1,
242,12586,1,Normal,37,5,5,5,0,27,27,0,0,25,0,1,1,2,14,6,0,3,3,0,0,140,0,30,0,1,1,36,1,floor1_town
242,12586,1,Normal,26,3,3,3,0,27,27,0,0,15,0,1,1,0,4,0,0,3,3,0,0,84,0,10,0,1,1,57,1,ai_farm
242,12586,1,Normal,34,6,6,6,0,27,27,0,0,30,0,1,1,0,12,2,0,3,3,0,0,168,0,27,0,1,1,99,1,ai_farm
242,12586,1,Normal,31,5,5,5,0,27,27,0,0,25,0,1,1,0,12,9,0,3,3,0,0,140,6,30,0,1,1,134,1,ai_farm
242,12586,1,Normal,39,3,3,3,0,27,35,0,2,15,0,1,2,0,6,1,0,3,3,0,0,84,0,15,0,1,1,143,1,ai_farm; +1 levelup
242,12586,2,Normal,32,2,2,2,0,35,5,2,2,10,0,2,2,0,3,3,0,0,0,0,0,56,30,13,0,1,1,143,1,
242,12586,3,Normal,32,3,3,3,0,5,35,2,2,36,0,2,2,2,7,1,0,1,3,0,0,180,0,15,0,1,1,161,1,
243,12587,1,Normal,26,3,3,3,0,27,27,0,0,15,0,1,1,1,7,2,0,3,3,0,0,84,0,15,0,1,1,22,1,floor1_town
243,12587,1,Normal,35,5,5,5,0,27,27,0,0,25,0,1,1,0,10,3,0,3,3,0,0,140,24,20,0,1,1,57,1,ai_farm
243,12587,1,Normal,27,4,4,4,0,27,27,0,0,20,0,1,1,0,7,0,0,3,3,0,0,112,0,13,0,1,1,85,1,ai_farm
243,12587,1,Normal,7,1,1,0,0,27,0,0,0,0,0,1,1,0,3,3,0,0,0,0,0,27,27,11,1,0,0,91,1,ai_farm; party wiped
244,12588,1,Normal,30,4,4,4,0,27,27,0,0,20,0,1,1,0,10,4,0,3,3,0,0,112,0,24,0,1,1,29,1,floor1_town
244,12588,1,Normal,1,1,1,0,0,27,0,0,0,0,0,1,1,0,3,3,0,0,0,0,0,27,27,8,1,0,0,35,1,ai_farm; party wiped
245,12589,1,Normal,35,3,3,3,0,27,27,0,0,15,0,1,1,1,7,0,0,3,3,0,0,84,0,17,0,1,1,22,1,floor1_town
245,12589,1,Normal,37,2,2,2,0,27,27,0,0,10,0,1,1,0,6,3,0,3,3,0,0,56,0,13,0,1,1,36,1,ai_farm
245,12589,1,Normal,26,2,2,2,0,27,27,0,0,10,0,1,1,0,3,3,0,3,3,0,0,56,12,16,0,1,1,50,1,ai_farm
245,12589,1,Normal,35,6,6,6,0,27,27,0,0,30,0,1,1,0,15,4,0,3,3,0,0,168,0,28,0,1,1,92,1,ai_farm
245,12589,1,Normal,34,5,5,5,0,27,27,0,0,25,0,1,1,0,11,4,0,3,3,0,0,140,2,25,0,1,1,127,1,ai_farm
245,12589,1,Normal,28,4,4,4,0,27,35,0,2,20,0,1,2,0,7,1,0,3,3,0,0,112,0,12,0,1,1,143,1,ai_farm; +1 levelup
245,12589,2,Normal,37,2,2,2,0,35,35,2,2,10,0,2,2,0,2,0,2,1,3,0,0,56,0,7,0,1,1,143,1,
245,12589,3,Normal,15,2,2,1,0,35,0,2,2,12,0,2,2,2,6,3,0,0,0,0,0,105,35,18,1,0,0,155,1,party wiped
246,12590,1,Normal,40,1,1,1,0,27,27,0,0,5,0,1,1,0,3,1,0,3,3,0,0,28,2,6,0,1,1,8,1,floor1_town
246,12590,1,Normal,32,4,4,4,0,27,27,0,0,20,0,1,1,0,10,3,0,3,3,0,0,112,0,23,0,1,1,36,1,ai_farm
246,12590,1,Normal,37,4,4,4,0,27,27,0,0,20,0,1,1,0,12,6,0,3,3,0,0,112,22,26,0,1,1,64,1,ai_farm
246,12590,1,Normal,25,2,2,2,0,27,27,0,0,10,0,1,1,0,6,1,0,3,3,0,0,56,0,10,0,1,1,78,1,ai_farm
246,12590,1,Normal,26,3,3,2,0,27,0,0,0,10,0,1,1,0,7,3,0,0,0,0,0,74,27,17,1,0,0,98,1,ai_farm; party wiped
247,12591,1,Normal,29,3,3,3,0,27,27,0,0,15,0,1,1,1,7,2,0,3,3,0,0,84,0,15,0,1,1,22,1,floor1_town
247,12591,1,Normal,40,4,4,4,0,27,27,0,0,20,0,1,1,0,11,1,0,3,3,0,0,112,2,22,0,1,1,50,1,ai_farm
247,12591,1,Normal,25,3,3,2,0,27,0,0,0,10,0,1,1,0,9,7,0,0,0,0,0,83,27,22,1,0,0,70,1,ai_farm; party wiped
248,12592,1,Normal,33,3,3,3,0,27,27,0,0,15,0,1,1,0,7,4,0,3,3,0,0,84,0,17,0,1,1,22,1,floor1_town
248,12592,1,Normal,37,3,3,3,0,27,27,0,0,15,0,1,1,0,9,4,0,3,3,0,0,84,0,20,0,1,1,43,1,ai_farm
248,12592,1,Normal,34,4,4,3,0,27,0,0,0,15,0,1,1,0,12,8,0,0,0,0,0,111,31,28,1,0,0,70,1,ai_farm; party wiped
249,12593,1,Normal,38,2,2,2,0,27,27,0,0,10,0,1,1,1,6,1,0,3,3,0,0,56,0,11,0,1,1,15,1,floor1_town
249,12593,1,Normal,35,2,2,2,0,27,27,0,0,10,0,1,1,0,6,1,0,3,3,0,0,56,0,10,0,1,1,29,1,ai_farm
249,12593,1,Normal,25,3,3,3,0,27,27,0,0,15,0,1,1,0,8,5,0,3,3,0,0,84,16,19,0,1,1,50,1,ai_farm
249,12593,1,Normal,33,4,4,4,0,27,27,0,0,20,0,1,1,0,11,1,0,3,3,0,0,112,0,21,0,1,1,78,1,ai_farm
249,12593,1,Normal,31,4,4,4,0,27,27,0,0,20,0,1,1,0,10,0,0,3,3,0,0,112,0,19,0,1,1,106,1,ai_farm
249,12593,1,Normal,29,2,2,2,0,27,27,0,0,10,0,1,1,0,6,1,0,3,3,0,0,56,0,9,0,1,1,120,1,ai_farm
249,12593,1,Normal,33,3,3,3,0,27,35,0,2,15,0,1,2,0,7,4,0,3,3,0,0,84,0,21,0,1,1,141,1,ai_farm; +1 levelup
249,12593,2,Normal,36,2,2,2,0,35,35,2,2,10,0,2,2,0,3,2,2,0,1,0,0,56,0,9,0,1,1,141,1,
249,12593,3,Normal,26,2,2,2,0,35,35,2,2,24,0,2,2,0,6,3,4,0,2,0,0,120,0,13,0,1,1,153,1,
250,12594,1,Normal,27,2,2,2,0,27,27,0,0,10,0,1,1,0,6,6,0,3,3,0,0,56,12,16,0,1,1,15,1,floor1_town
250,12594,1,Normal,29,3,3,3,0,27,27,0,0,15,0,1,1,0,9,6,0,3,3,0,0,84,2,25,0,1,1,36,1,ai_farm
250,12594,1,Normal,25,2,2,2,0,27,27,0,0,10,0,1,1,0,6,0,0,3,3,0,0,56,0,9,0,1,1,50,1,ai_farm
250,12594,1,Normal,34,6,6,6,0,27,27,0,0,30,0,1,1,0,16,6,0,3,3,0,0,168,0,33,0,1,1,92,1,ai_farm
250,12594,1,Normal,33,3,3,3,0,27,27,0,0,15,0,1,1,0,6,1,0,3,3,0,0,84,2,14,0,1,1,113,1,ai_farm
250,12594,1,Normal,37,4,4,4,0,27,34,0,3,20,0,1,2,0,10,1,0,3,3,0,0,112,0,17,0,1,1,141,1,ai_farm; +1 levelup
250,12594,2,Normal,36,3,3,3,0,34,34,3,3,15,0,2,2,0,3,3,0,0,0,0,0,84,0,12,0,1,1,141,1,
250,12594,3,Normal,37,6,6,6,0,34,34,3,3,72,0,2,2,2,14,7,0,0,2,0,0,360,4,33,0,1,1,177,1,
251,12595,1,Normal,31,2,2,2,0,27,27,0,0,10,0,1,1,2,4,0,0,3,3,0,0,56,0,8,0,1,1,15,1,floor1_town
251,12595,1,Normal,38,4,4,4,0,27,27,0,0,20,0,1,1,0,8,2,0,3,3,0,0,112,0,16,0,1,1,43,1,ai_farm
251,12595,1,Normal,36,3,3,3,0,27,27,0,0,15,0,1,1,0,9,2,0,3,3,0,0,84,2,18,0,1,1,64,1,ai_farm
251,12595,1,Normal,28,2,2,2,0,27,27,0,0,10,0,1,1,0,4,1,0,3,3,0,0,56,0,9,0,1,1,78,1,ai_farm
251,12595,1,Normal,25,2,2,2,0,27,27,0,0,10,0,1,1,0,3,0,0,3,3,0,0,56,0,9,0,1,1,92,1,ai_farm
251,12595,1,Normal,26,3,3,3,0,27,27,0,0,15,0,1,1,0,9,5,0,3,3,0,0,84,0,20,0,1,1,113,1,ai_farm
251,12595,1,Normal,27,3,3,3,0,27,27,0,0,15,0,1,1,0,7,0,0,3,3,0,0,84,0,12,0,1,1,134,1,ai_farm
251,12595,1,Normal,31,4,4,4,0,27,35,0,1,20,0,1,2,0,10,5,0,3,3,0,0,112,24,21,0,1,1,144,1,ai_farm; +1 levelup
251,12595,2,Normal,40,3,3,2,0,35,0,1,1,10,0,2,2,0,3,3,0,0,0,0,0,80,35,12,1,0,0,144,1,party wiped
252,12596,1,Normal,36,5,5,5,0,27,27,0,0,25,0,1,1,0,15,5,0,3,3,0,0,140,0,31,0,1,1,36,1,floor1_town
252,12596,1,Normal,37,5,5,5,0,27,27,0,0,25,0,1,1,0,14,7,0,3,3,0,0,140,22,34,0,1,1,71,1,ai_farm
252,12596,1,Normal,32,2,2,2,0,27,27,0,0,10,0,1,1,0,5,3,0,3,3,0,0,56,0,12,0,1,1,85,1,ai_farm
252,12596,1,Normal,35,2,2,2,0,27,27,0,0,10,0,1,1,0,6,2,0,3,3,0,0,56,4,12,0,1,1,99,1,ai_farm
252,12596,1,Normal,38,4,4,4,0,27,27,0,0,20,0,1,1,0,11,7,0,3,3,0,0,112,20,27,0,1,1,127,1,ai_farm
252,12596,1,Normal,34,4,4,4,0,27,35,0,2,20,0,1,2,0,10,3,0,3,3,0,0,112,8,21,0,1,1,143,1,ai_farm; +1 levelup
252,12596,2,Normal,31,3,3,2,0,35,0,2,2,10,0,2,2,1,3,3,0,0,0,0,0,80,35,16,1,0,0,143,1,party wiped
253,12597,1,Normal,25,3,3,3,0,27,27,0,0,15,0,1,1,2,6,0,0,3,3,0,0,84,0,13,0,1,1,22,1,floor1_town
253,12597,1,Normal,40,3,3,3,0,27,27,0,0,15,0,1,1,0,9,3,0,3,3,0,0,84,18,18,0,1,1,43,1,ai_farm
253,12597,1,Normal,35,1,1,1,0,27,27,0,0,5,0,1,1,0,3,2,0,3,3,0,0,28,2,9,0,1,1,50,1,ai_farm
253,12597,1,Normal,28,2,2,2,0,27,27,0,0,10,0,1,1,0,6,1,0,3,3,0,0,56,0,12,0,1,1,64,1,ai_farm
253,12597,1,Normal,28,2,2,2,0,27,27,0,0,10,0,1,1,0,6,3,0,3,3,0,0,56,0,14,0,1,1,78,1,ai_farm
253,12597,1,Normal,26,2,2,2,0,27,27,0,0,10,0,1,1,0,4,0,0,3,3,0,0,56,0,8,0,1,1,92,1,ai_farm
253,12597,1,Normal,32,3,3,3,0,27,27,0,0,15,0,1,1,0,7,3,0,3,3,0,0,84,14,15,0,1,1,113,1,ai_farm
253,12597,1,Normal,36,3,3,3,0,27,27,0,0,15,0,1,1,0,8,2,0,3,3,0,0,84,0,15,0,1,1,134,1,ai_farm
253,12597,1,Normal,36,7,7,7,0,27,36,0,2,35,0,1,2,0,14,3,0,3,3,0,0,196,12,26,0,1,1,147,1,ai_farm; +1 levelup
253,12597,2,Normal,31,4,4,4,0,36,24,2,2,20,0,2,2,1,3,3,1,0,0,0,0,112,12,17,0,1,1,147,1,
253,12597,3,Normal,23,2,2,1,0,24,0,2,2,12,0,2,2,1,5,3,0,0,0,0,0,94,36,14,1,0,0,159,1,party wiped
254,12598,1,Normal,29,3,3,3,0,27,27,0,0,15,0,1,1,0,8,2,0,3,3,0,0,84,0,15,0,1,1,22,1,floor1_town
254,12598,1,Normal,40,5,5,5,0,27,27,0,0,25,0,1,1,0,13,5,0,3,3,0,0,140,2,28,0,1,1,57,1,ai_farm
254,12598,1,Normal,37,5,5,5,0,27,27,0,0,25,0,1,1,0,11,3,0,3,3,0,0,140,0,22,0,1,1,92,1,ai_farm
254,12598,1,Normal,28,2,2,2,0,27,27,0,0,10,0,1,1,0,4,2,0,3,3,0,0,56,0,11,0,1,1,106,1,ai_farm
254,12598,1,Normal,34,3,3,3,0,27,27,0,0,15,0,1,1,0,6,1,0,3,3,0,0,84,0,14,0,1,1,127,1,ai_farm
254,12598,1,Normal,26,3,3,3,0,27,35,0,2,15,0,1,2,0,7,4,0,3,3,0,0,84,0,18,0,1,1,142,1,ai_farm; +1 levelup
254,12598,2,Normal,32,3,3,3,0,35,24,2,2,15,0,2,2,0,3,3,0,0,0,0,0,84,11,11,0,1,1,142,1,
254,12598,3,Normal,24,3,3,2,0,24,0,2,2,24,0,2,2,2,9,4,0,0,0,0,0,179,35,26,1,0,0,160,1,party wiped
255,12599,1,Normal,34,3,3,3,0,27,27,0,0,15,0,1,1,2,9,2,0,3,3,0,0,84,2,19,0,1,1,22,1,floor1_town
255,12599,1,Normal,39,7,7,7,0,27,27,0,0,35,0,1,1,0,15,2,0,3,3,0,0,196,0,31,0,1,1,71,1,ai_farm
255,12599,1,Normal,5,1,1,0,0,27,0,0,0,0,0,1,1,0,3,3,0,0,0,0,0,27,27,10,1,0,0,77,1,ai_farm; party wiped
256,12600,1,Normal,39,1,1,1,0,27,27,0,0,5,0,1,1,0,2,0,0,3,3,0,0,28,0,4,0,1,1,8,1,floor1_town
256,12600,1,Normal,31,5,5,5,0,27,27,0,0,25,0,1,1,0,13,9,0,3,3,0,0,140,14,34,0,1,1,43,1,ai_farm
256,12600,1,Normal,38,3,3,3,0,27,27,0,0,15,0,1,1,0,9,3,0,3,3,0,0,84,2,15,0,1,1,64,1,ai_farm
256,12600,1,Normal,8,2,2,1,0,27,0,0,0,5,0,1,1,0,6,5,0,0,0,0,0,53,31,19,1,0,0,77,1,ai_farm; party wiped
257,12601,1,Normal,27,2,2,2,0,27,27,0,0,10,0,1,1,2,5,1,0,3,3,0,0,56,0,13,0,1,1,15,1,floor1_town
257,12601,1,Normal,25,1,1,1,0,27,27,0,0,5,0,1,1,0,2,0,0,3,3,0,0,28,0,3,0,1,1,22,1,ai_farm
257,12601,1,Normal,29,3,3,3,0,27,27,0,0,15,0,1,1,0,8,2,0,3,3,0,0,84,0,18,0,1,1,43,1,ai_farm
257,12601,1,Normal,27,6,6,6,0,27,27,0,0,30,0,1,1,0,17,4,0,3,3,0,0,168,2,31,0,1,1,85,1,ai_farm
257,12601,1,Normal,32,3,3,3,0,27,27,0,0,15,0,1,1,0,7,2,0,3,3,0,0,84,0,15,0,1,1,106,1,ai_farm
257,12601,1,Normal,27,2,2,2,0,27,27,0,0,10,0,1,1,0,6,3,0,3,3,0,0,56,0,12,0,1,1,120,1,ai_farm
257,12601,1,Normal,31,2,2,2,0,27,27,0,0,10,0,1,1,0,6,1,0,3,3,0,0,56,0,13,0,1,1,134,1,ai_farm
257,12601,1,Normal,34,5,5,5,0,27,34,0,1,25,0,1,2,0,13,5,0,3,3,0,0,140,0,29,0,1,1,145,1,ai_farm; +1 levelup
257,12601,2,Normal,30,4,4,3,0,34,0,1,1,15,0,2,2,0,3,3,0,0,0,0,0,110,34,15,1,0,0,145,1,party wiped
258,12602,1,Normal,32,4,4,4,0,27,27,0,0,20,0,1,1,0,12,5,0,3,3,0,0,112,0,26,0,1,1,29,1,floor1_town
258,12602,1,Normal,16,3,3,2,0,27,0,0,0,10,0,1,1,0,9,5,0,0,0,0,0,70,29,19,1,0,0,49,1,ai_farm; party wiped
259,12603,1,Normal,37,5,5,5,0,27,27,0,0,25,0,1,1,1,13,3,1,3,3,0,0,140,0,29,0,1,1,36,1,floor1_town
259,12603,1,Normal,31,3,3,3,0,27,27,0,0,15,0,1,1,1,7,0,0,3,3,0,0,84,0,14,0,1,1,57,1,ai_farm
259,12603,1,Normal,34,5,5,5,0,27,27,0,0,25,0,1,1,0,13,6,0,3,3,0,0,140,2,27,0,1,1,92,1,ai_farm
259,12603,1,Normal,39,5,5,5,0,27,27,0,0,25,0,1,1,0,10,3,0,3,3,0,0,140,0,25,0,1,1,127,1,ai_farm
259,12603,1,Normal,31,2,2,2,0,27,35,0,3,10,0,1,2,0,4,0,0,3,3,0,0,56,0,8,0,1,1,141,1,ai_farm; +1 levelup
259,12603,2,Normal,34,2,2,2,0,35,35,3,3,10,0,2,2,0,2,0,1,1,3,0,0,56,0,5,0,1,1,141,1,
259,12603,3,Normal,32,3,3,3,0,35,35,3,3,36,0,2,2,1,8,2,0,1,3,0,0,180,0,18,0,1,1,159,1,
260,12604,1,Normal,26,2,2,2,0,27,27,0,0,10,0,1,1,0,2,0,1,3,3,0,0,56,0,7,0,1,1,15,1,floor1_town
260,12604,1,Normal,38,4,4,4,0,27,27,0,0,20,0,1,1,1,10,3,0,3,3,0,0,112,2,21,0,1,1,43,1,ai_farm
260,12604,1,Normal,39,3,3,3,0,27,27,0,0,15,0,1,1,0,6,0,0,3,3,0,0,84,0,11,0,1,1,64,1,ai_farm
260,12604,1,Normal,30,4,4,4,0,27,27,0,0,20,0,1,1,0,9,2,0,3,3,0,0,112,0,18,0,1,1,92,1,ai_farm
260,12604,1,Normal,37,5,5,5,0,27,27,0,0,25,0,1,1,0,11,4,0,3,3,0,0,140,6,24,0,1,1,127,1,ai_farm
260,12604,1,Normal,34,3,3,3,0,27,34,0,3,15,0,1,2,0,9,0,0,3,3,0,0,84,0,16,0,1,1,142,1,ai_farm; +1 levelup
260,12604,2,Normal,25,4,4,4,0,34,23,3,3,20,0,2,2,0,6,6,2,0,0,0,0,112,23,22,0,1,1,143,1,
260,12604,3,Normal,32,4,4,3,0,23,0,3,3,36,0,2,2,2,10,5,0,0,0,0,0,234,34,28,1,0,0,167,1,party wiped
261,12605,1,Normal,30,4,4,4,0,27,27,0,0,20,0,1,1,2,10,0,0,3,3,0,0,112,0,18,0,1,1,29,1,floor1_town
261,12605,1,Normal,28,3,3,3,0,27,27,0,0,15,0,1,1,0,5,1,0,3,3,0,0,84,0,11,0,1,1,50,1,ai_farm
261,12605,1,Normal,30,4,4,4,0,27,27,0,0,20,0,1,1,0,10,2,0,3,3,0,0,112,0,20,0,1,1,78,1,ai_farm
261,12605,1,Normal,28,2,2,2,0,27,27,0,0,10,0,1,1,0,5,0,0,3,3,0,0,56,0,7,0,1,1,92,1,ai_farm
261,12605,1,Normal,38,6,6,6,0,27,27,0,0,30,0,1,1,0,17,7,0,3,3,0,0,168,6,37,0,1,1,134,1,ai_farm
261,12605,1,Normal,29,3,3,3,0,27,34,0,2,15,0,1,2,0,8,1,0,3,3,0,0,84,0,17,0,1,1,143,1,ai_farm; +1 levelup
261,12605,2,Normal,27,5,5,4,0,34,0,2,2,20,0,2,2,0,6,6,0,0,0,0,0,124,58,24,1,0,0,144,1,party wiped
262,12606,1,Normal,35,2,2,2,0,27,27,0,0,10,0,1,1,1,6,3,0,3,3,0,0,56,0,14,0,1,1,15,1,floor1_town
262,12606,1,Normal,30,4,4,4,0,27,27,0,0,20,0,1,1,0,8,3,0,3,3,0,0,112,2,18,0,1,1,43,1,ai_farm
262,12606,1,Normal,39,5,5,5,0,27,27,0,0,25,0,1,1,0,11,2,0,3,3,0,0,140,0,26,0,1,1,78,1,ai_farm
262,12606,1,Normal,30,3,3,3,0,27,27,0,0,15,0,1,1,0,9,1,0,3,3,0,0,84,0,15,0,1,1,99,1,ai_farm
262,12606,1,Normal,26,4,4,4,0,27,27,0,0,20,0,1,1,0,11,5,0,3,3,0,0,112,12,26,0,1,1,127,1,ai_farm
262,12606,1,Normal,34,4,4,4,0,27,36,0,2,20,0,1,2,0,10,1,0,3,3,0,0,112,8,21,0,1,1,143,1,ai_farm; +1 levelup
262,12606,2,Normal,29,2,2,2,0,36,36,2,2,10,0,2,2,0,3,2,1,0,1,0,0,56,0,9,0,1,1,143,1,
262,12606,3,Normal,34,3,3,3,0,36,36,2,2,36,0,2,2,1,9,3,0,0,2,0,0,180,0,18,0,1,1,161,1,
263,12607,1,Normal,40,4,4,4,0,27,27,0,0,20,0,1,1,2,8,1,0,3,3,0,0,112,2,19,0,1,1,29,1,floor1_town
263,12607,1,Normal,38,4,4,4,0,27,27,0,0,20,0,1,1,0,12,4,0,3,3,0,0,112,2,24,0,1,1,57,1,ai_farm
263,12607,1,Normal,32,2,2,2,0,27,27,0,0,10,0,1,1,0,5,0,0,3,3,0,0,56,0,10,0,1,1,71,1,ai_farm
263,12607,1,Normal,28,1,1,1,0,27,27,0,0,5,0,1,1,0,3,3,0,3,3,0,0,28,0,8,0,1,1,78,1,ai_farm
263,12607,1,Normal,28,2,2,2,0,27,27,0,0,10,0,1,1,0,6,2,0,3,3,0,0,56,0,12,0,1,1,92,1,ai_farm
263,12607,1,Normal,39,4,4,4,0,27,27,0,0,20,0,1,1,0,12,7,0,3,3,0,0,112,4,26,0,1,1,120,1,ai_farm
263,12607,1,Normal,38,6,6,6,0,27,34,0,3,30,0,1,2,0,14,4,0,3,3,0,0,168,11,31,0,1,1,144,1,ai_farm; +1 levelup
263,12607,2,Normal,36,5,5,5,0,34,25,3,3,25,0,2,2,0,3,2,0,0,1,0,0,140,18,15,0,1,1,145,1,
263,12607,3,Normal,30,3,3,3,0,25,34,3,3,36,0,2,2,2,9,2,0,0,3,0,0,180,0,20,0,1,1,163,1,
264,12608,1,Normal,28,2,2,2,0,27,27,0,0,10,0,1,1,1,6,1,0,3,3,0,0,56,2,11,0,1,1,15,1,floor1_town
264,12608,1,Normal,36,5,5,4,0,27,0,0,0,20,0,1,1,0,13,5,0,0,0,0,0,130,29,30,1,0,0,49,1,ai_farm; party wiped
265,12609,1,Normal,33,4,4,4,0,27,27,0,0,20,0,1,1,2,11,4,0,3,3,0,0,112,18,27,0,1,1,29,1,floor1_town
265,12609,1,Normal,28,3,3,3,0,27,27,0,0,15,0,1,1,0,9,4,0,3,3,0,0,84,14,21,0,1,1,50,1,ai_farm
265,12609,1,Normal,34,4,4,4,0,27,27,0,0,20,0,1,1,0,12,7,0,3,3,0,0,112,2,25,0,1,1,78,1,ai_farm
265,12609,1,Normal,34,2,2,2,0,27,27,0,0,10,0,1,1,0,4,3,0,3,3,0,0,56,0,10,0,1,1,92,1,ai_farm
265,12609,1,Normal,32,2,2,2,0,27,27,0,0,10,0,1,1,0,6,3,0,3,3,0,0,56,18,14,0,1,1,106,1,ai_farm
265,12609,1,Normal,30,3,3,3,0,27,27,0,0,15,0,1,1,0,8,1,0,3,3,0,0,84,2,12,0,1,1,127,1,ai_farm
265,12609,1,Normal,28,3,3,3,0,27,35,0,1,15,0,1,2,0,7,2,0,3,3,0,0,84,0,15,0,1,1,142,1,ai_farm; +1 levelup
265,12609,2,Normal,39,5,5,5,0,35,26,1,1,25,0,2,2,0,4,1,1,0,2,0,0,140,27,23,0,1,1,144,1,
265,12609,3,Normal,30,4,4,4,0,26,33,1,1,48,0,2,2,3,11,4,0,0,0,0,0,240,2,24,0,1,1,168,1,
266,12610,1,Normal,38,3,3,2,0,27,0,0,0,10,0,1,1,1,8,3,0,0,0,0,0,83,27,19,1,0,0,21,1,floor1_town; party wiped
267,12611,1,Normal,26,3,3,3,0,27,27,0,0,15,0,1,1,0,7,0,0,3,3,0,0,84,0,12,0,1,1,22,1,floor1_town
267,12611,1,Normal,40,2,2,2,0,27,27,0,0,10,0,1,1,0,5,0,0,3,3,0,0,56,0,9,0,1,1,36,1,ai_farm
267,12611,1,Normal,35,4,4,4,0,27,27,0,0,20,0,1,1,0,11,2,0,3,3,0,0,112,0,20,0,1,1,64,1,ai_farm
267,12611,1,Normal,2,1,1,0,0,27,0,0,0,0,0,1,1,0,3,3,0,0,0,0,0,18,27,9,1,0,0,70,1,ai_farm; party wiped
268,12612,1,Normal,31,2,2,2,0,27,27,0,0,10,0,1,1,0,3,0,1,3,3,0,0,56,0,6,0,1,1,15,1,floor1_town
268,12612,1,Normal,34,0,0,0,0,27,27,0,0,0,0,1,1,0,0,0,1,3,3,0,0,0,0,0,0,1,1,15,0,ai_farm
268,12612,1,Normal,30,4,4,4,0,27,27,0,0,20,0,1,1,1,11,2,0,3,3,0,0,112,0,23,0,1,1,43,1,ai_farm
268,12612,1,Normal,39,2,2,2,0,27,27,0,0,10,0,1,1,0,4,2,0,3,3,0,0,56,0,8,0,1,1,57,1,ai_farm
268,12612,1,Normal,29,2,2,2,0,27,27,0,0,10,0,1,1,0,4,2,0,3,3,0,0,56,2,11,0,1,1,71,1,ai_farm
268,12612,1,Normal,32,4,4,4,0,27,27,0,0,20,0,1,1,0,11,2,0,3,3,0,0,112,0,21,0,1,1,99,1,ai_farm
268,12612,1,Normal,33,3,3,3,0,27,27,0,0,15,0,1,1,0,7,3,0,3,3,0,0,84,2,16,0,1,1,120,1,ai_farm
268,12612,1,Normal,28,4,4,4,0,27,35,0,3,20,0,1,2,0,12,4,0,3,3,0,0,112,0,26,0,1,1,142,1,ai_farm; +1 levelup
268,12612,2,Normal,37,4,4,4,0,35,35,3,3,20,0,2,2,0,6,4,2,0,2,0,0,112,16,16,0,1,1,143,1,
268,12612,3,Normal,38,3,3,3,0,35,35,3,3,36,0,2,2,2,8,3,0,1,3,0,0,180,16,21,0,1,1,161,1,
269,12613,1,Normal,36,5,5,5,0,27,27,0,0,25,0,1,1,0,15,5,0,3,3,0,0,140,2,28,0,1,1,36,1,floor1_town
269,12613,1,Normal,38,3,3,3,0,27,27,0,0,15,0,1,1,0,9,5,0,3,3,0,0,84,4,19,0,1,1,57,1,ai_farm
269,12613,1,Normal,36,4,4,4,0,27,27,0,0,20,0,1,1,0,9,1,0,3,3,0,0,112,2,19,0,1,1,85,1,ai_farm
269,12613,1,Normal,25,3,3,3,0,27,27,0,0,15,0,1,1,0,7,0,0,3,3,0,0,84,0,12,0,1,1,106,1,ai_farm
269,12613,1,Normal,37,4,4,4,0,27,27,0,0,20,0,1,1,0,10,3,0,3,3,0,0,112,0,19,0,1,1,134,1,ai_farm
269,12613,1,Normal,33,3,3,3,0,27,35,0,3,15,0,1,2,0,7,0,0,3,3,0,0,84,0,14,0,1,1,143,1,ai_farm; +1 levelup
269,12613,2,Normal,28,3,3,3,0,35,35,3,3,15,0,2,2,0,3,3,0,0,0,0,0,84,0,9,0,1,1,143,1,
269,12613,3,Normal,26,3,3,3,0,35,35,3,3,36,0,2,2,0,8,5,0,0,1,0,0,180,0,19,0,1,1,161,1,
270,12614,1,Normal,40,4,4,4,0,27,27,0,0,20,0,1,1,1,11,2,0,3,3,0,0,112,0,24,0,1,1,29,1,floor1_town
270,12614,1,Normal,37,4,4,4,0,27,27,0,0,20,0,1,1,0,11,3,0,3,3,0,0,112,0,23,0,1,1,57,1,ai_farm
270,12614,1,Normal,36,6,6,6,0,27,27,0,0,30,0,1,1,0,15,6,0,3,3,0,0,168,2,33,0,1,1,99,1,ai_farm
270,12614,1,Normal,40,5,5,5,0,27,27,0,0,25,0,1,1,0,12,2,0,3,3,0,0,140,0,25,0,1,1,134,1,ai_farm
270,12614,1,Normal,38,5,5,5,0,27,34,0,2,25,0,1,2,0,6,3,0,3,3,0,0,140,9,18,0,1,1,145,1,ai_farm; +1 levelup
270,12614,2,Normal,28,3,3,3,0,34,25,2,2,15,0,2,2,0,3,3,0,0,0,0,0,84,9,17,0,1,1,145,1,
270,12614,3,Normal,37,2,2,2,0,25,34,2,2,24,0,2,2,0,6,2,1,0,2,0,0,120,0,11,0,1,1,157,1,
271,12615,1,Normal,29,4,4,4,0,27,27,0,0,20,0,1,1,0,8,1,0,3,3,0,0,112,0,18,0,1,1,29,1,floor1_town
271,12615,1,Normal,29,2,2,2,0,27,27,0,0,10,0,1,1,0,6,3,0,3,3,0,0,56,0,13,0,1,1,43,1,ai_farm
271,12615,1,Normal,27,5,5,5,0,27,27,0,0,25,0,1,1,0,13,4,0,3,3,0,0,140,0,28,0,1,1,78,1,ai_farm
271,12615,1,Normal,27,5,5,5,0,27,27,0,0,25,0,1,1,0,13,5,0,3,3,0,0,140,2,27,0,1,1,113,1,ai_farm
271,12615,1,Normal,25,4,4,4,0,27,34,0,2,20,0,1,2,0,10,3,0,3,3,0,0,112,0,19,0,1,1,141,1,ai_farm; +1 levelup
271,12615,2,Normal,30,2,2,2,0,34,15,2,2,10,0,2,2,0,3,3,0,0,0,0,0,56,19,14,0,1,1,141,1,
271,12615,3,Normal,38,3,3,3,0,15,34,2,2,36,0,2,2,0,9,0,0,0,3,0,0,180,0,15,0,1,1,159,1,
272,12616,1,Normal,34,4,4,4,0,27,27,0,0,20,0,1,1,1,7,0,0,3,3,0,0,112,0,15,0,1,1,29,1,floor1_town
272,12616,1,Normal,12,1,1,0,0,27,0,0,0,0,0,1,1,0,3,3,0,0,0,0,0,18,27,10,1,0,0,35,1,ai_farm; party wiped
273,12617,1,Normal,39,3,3,3,0,27,27,0,0,15,0,1,1,0,7,1,0,3,3,0,0,84,0,13,0,1,1,22,1,floor1_town
273,12617,1,Normal,35,6,6,6,0,27,27,0,0,30,0,1,1,0,16,3,0,3,3,0,0,168,0,28,0,1,1,64,1,ai_farm
273,12617,1,Normal,29,4,4,4,0,27,27,0,0,20,0,1,1,0,5,0,0,3,3,0,0,112,0,17,0,1,1,92,1,ai_farm
273,12617,1,Normal,18,2,2,1,0,27,0,0,0,5,0,1,1,0,6,3,0,0,0,0,0,46,27,14,1,0,0,105,1,ai_farm; party wiped
274,12618,1,Normal,27,3,3,3,0,27,27,0,0,15,0,1,1,2,5,0,0,3,3,0,0,84,0,10,0,1,1,22,1,floor1_town
274,12618,1,Normal,38,5,5,5,0,27,27,0,0,25,0,1,1,0,13,1,0,3,3,0,0,140,0,25,0,1,1,57,1,ai_farm
274,12618,1,Normal,28,3,3,3,0,27,27,0,0,15,0,1,1,0,8,3,0,3,3,0,0,84,0,16,0,1,1,78,1,ai_farm
274,12618,1,Normal,31,3,3,3,0,27,27,0,0,15,0,1,1,0,8,0,0,3,3,0,0,84,0,12,0,1,1,99,1,ai_farm
274,12618,1,Normal,34,3,3,3,0,27,27,0,0,15,0,1,1,0,6,2,0,3,3,0,0,84,4,13,0,1,1,120,1,ai_farm
274,12618,1,Normal,1,1,1,0,0,27,0,0,0,0,0,1,1,0,3,3,0,0,0,0,0,23,27,12,1,0,0,126,1,ai_farm; party wiped
275,12619,1,Normal,32,3,3,3,0,27,27,0,0,15,0,1,1,0,9,5,0,3,3,0,0,84,2,20,0,1,1,22,1,floor1_town
275,12619,1,Normal,28,2,2,2,0,27,27,0,0,10,0,1,1,0,6,0,0,3,3,0,0,56,0,10,0,1,1,36,1,ai_farm
275,12619,1,Normal,7,1,1,0,0,27,0,0,0,0,0,1,1,0,3,3,0,0,0,0,0,27,27,9,1,0,0,42,1,ai_farm; party wiped
276,12620,1,Normal,37,4,4,4,0,27,27,0,0,20,0,1,1,2,9,1,0,3,3,0,0,112,2,20,0,1,1,29,1,floor1_town
276,12620,1,Normal,26,2,2,2,0,27,27,0,0,10,0,1,1,0,3,0,0,3,3,0,0,56,0,8,0,1,1,43,1,ai_farm
276,12620,1,Normal,26,1,1,1,0,27,27,0,0,5,0,1,1,0,3,1,0,3,3,0,0,28,0,5,0,1,1,50,1,ai_farm
276,12620,1,Normal,39,5,5,5,0,27,27,0,0,25,0,1,1,0,13,9,0,3,3,0,0,140,20,34,0,1,1,85,1,ai_farm
276,12620,1,Normal,8,2,2,1,0,27,0,0,0,5,0,1,1,0,5,3,0,0,0,0,0,55,27,13,1,0,0,98,1,ai_farm; party wiped
277,12621,1,Normal,25,2,2,2,0,27,27,0,0,10,0,1,1,0,6,3,0,3,3,0,0,56,0,16,0,1,1,15,1,floor1_town
277,12621,1,Normal,30,4,4,4,0,27,27,0,0,20,0,1,1,0,8,2,0,3,3,0,0,112,0,18,0,1,1,43,1,ai_farm
277,12621,1,Normal,36,4,4,4,0,27,27,0,0,20,0,1,1,0,8,2,0,3,3,0,0,112,0,17,0,1,1,71,1,ai_farm
277,12621,1,Normal,40,5,5,5,0,27,27,0,0,25,0,1,1,0,9,0,0,3,3,0,0,140,0,16,0,1,1,106,1,ai_farm
277,12621,1,Normal,32,3,3,3,0,27,27,0,0,15,0,1,1,0,7,2,0,3,3,0,0,84,0,16,0,1,1,127,1,ai_farm
277,12621,1,Normal,37,5,5,5,0,27,35,0,1,25,0,1,2,0,12,2,0,3,3,0,0,140,16,27,0,1,1,144,1,ai_farm; +1 levelup
277,12621,2,Normal,25,3,3,3,0,35,35,1,1,15,0,2,2,0,3,1,2,0,2,0,0,84,0,8,0,1,1,144,1,
277,12621,3,Normal,32,3,3,3,0,35,35,1,1,36,0,2,2,2,8,2,0,0,2,0,0,180,0,18,0,1,1,162,1,
278,12622,1,Normal,30,2,2,2,0,27,27,0,0,10,0,1,1,0,5,0,2,3,3,0,0,56,0,8,0,1,1,15,1,floor1_town
278,12622,1,Normal,25,2,2,2,0,27,27,0,0,10,0,1,1,1,6,2,1,3,3,0,0,56,0,14,0,1,1,29,1,ai_farm
278,12622,1,Normal,32,4,4,4,0,27,27,0,0,20,0,1,1,1,11,1,0,3,3,0,0,112,2,21,0,1,1,57,1,ai_farm
278,12622,1,Normal,38,4,4,4,0,27,27,0,0,20,0,1,1,0,11,6,0,3,3,0,0,112,0,21,0,1,1,85,1,ai_farm
278,12622,1,Normal,28,3,3,2,0,27,0,0,0,10,0,1,1,0,8,3,0,0,0,0,0,83,27,21,1,0,0,105,1,ai_farm; party wiped
279,12623,1,Normal,35,4,4,4,0,27,27,0,0,20,0,1,1,0,11,4,0,3,3,0,0,112,2,23,0,1,1,29,1,floor1_town
279,12623,1,Normal,39,4,4,4,0,27,27,0,0,20,0,1,1,0,10,1,0,3,3,0,0,112,0,19,0,1,1,57,1,ai_farm
279,12623,1,Normal,29,4,4,4,0,27,27,0,0,20,0,1,1,0,12,7,0,3,3,0,0,112,4,25,0,1,1,85,1,ai_farm
279,12623,1,Normal,29,2,2,2,0,27,27,0,0,10,0,1,1,0,6,4,0,3,3,0,0,56,2,13,0,1,1,99,1,ai_farm
279,12623,1,Normal,36,5,5,4,0,27,0,0,0,20,0,1,1,0,14,9,0,0,0,0,0,139,27,33,1,0,0,133,1,ai_farm; party wiped
280,12624,1,Normal,39,4,4,4,0,27,27,0,0,20,0,1,1,2,11,1,0,3,3,0,0,112,0,21,0,1,1,29,1,floor1_town
280,12624,1,Normal,36,2,2,2,0,27,27,0,0,10,0,1,1,0,3,0,0,3,3,0,0,56,0,6,0,1,1,43,1,ai_farm
280,12624,1,Normal,25,2,2,2,0,27,27,0,0,10,0,1,1,0,6,0,0,3,3,0,0,56,0,11,0,1,1,57,1,ai_farm
280,12624,1,Normal,30,1,1,1,0,27,27,0,0,5,0,1,1,0,2,0,0,3,3,0,0,28,0,5,0,1,1,64,1,ai_farm
280,12624,1,Normal,25,1,1,1,0,27,27,0,0,5,0,1,1,0,3,1,0,3,3,0,0,28,2,7,0,1,1,71,1,ai_farm
280,12624,1,Normal,25,3,3,3,0,27,27,0,0,15,0,1,1,0,8,1,0,3,3,0,0,84,0,14,0,1,1,92,1,ai_farm
280,12624,1,Normal,29,3,3,3,0,27,27,0,0,15,0,1,1,0,8,1,0,3,3,0,0,84,0,12,0,1,1,113,1,ai_farm
280,12624,1,Normal,28,2,2,2,0,27,27,0,0,10,0,1,1,0,6,6,0,3,3,0,0,56,26,19,0,1,1,127,1,ai_farm
280,12624,1,Normal,28,1,1,1,0,27,27,0,0,5,0,1,1,0,3,2,0,3,3,0,0,28,0,7,0,1,1,134,1,ai_farm
280,12624,1,Normal,37,2,2,2,0,27,35,0,2,10,0,1,2,0,4,0,0,3,3,0,0,56,0,10,0,1,1,142,1,ai_farm; +1 levelup
280,12624,2,Normal,29,5,5,4,0,35,0,2,2,20,0,2,2,1,3,3,0,0,0,0,0,131,35,22,1,0,0,142,1,party wiped
281,12625,1,Normal,28,1,1,1,0,27,27,0,0,5,0,1,1,1,2,0,0,3,3,0,0,28,0,4,0,1,1,8,1,floor1_town
281,12625,1,Normal,39,2,2,2,0,27,27,0,0,10,0,1,1,0,6,0,0,3,3,0,0,56,0,10,0,1,1,22,1,ai_farm
281,12625,1,Normal,27,2,2,2,0,27,27,0,0,10,0,1,1,0,4,3,0,3,3,0,0,56,26,14,0,1,1,36,1,ai_farm
281,12625,1,Normal,34,2,2,2,0,27,27,0,0,10,0,1,1,0,4,1,0,3,3,0,0,56,0,9,0,1,1,50,1,ai_farm
281,12625,1,Normal,25,4,4,4,0,27,27,0,0,20,0,1,1,0,11,1,0,3,3,0,0,112,2,21,0,1,1,78,1,ai_farm
281,12625,1,Normal,29,2,2,2,0,27,27,0,0,10,0,1,1,0,6,2,0,3,3,0,0,56,0,12,0,1,1,92,1,ai_farm
281,12625,1,Normal,39,4,4,4,0,27,27,0,0,20,0,1,1,0,7,4,0,3,3,0,0,112,6,20,0,1,1,120,1,ai_farm
281,12625,1,Normal,38,4,4,4,0,27,35,0,1,20,0,1,2,0,7,4,0,3,3,0,0,112,9,19,0,1,1,142,1,ai_farm; +1 levelup
281,12625,2,Normal,28,4,4,4,0,35,35,1,1,20,0,2,2,0,4,2,0,0,1,0,0,112,9,17,0,1,1,143,1,
281,12625,3,Normal,28,5,5,5,0,35,20,1,1,60,0,2,2,2,10,3,0,0,0,0,0,300,15,25,0,1,1,173,1,
282,12626,1,Normal,33,4,4,4,0,27,27,0,0,20,0,1,1,2,9,6,0,3,3,0,0,112,0,26,0,1,1,29,1,floor1_town
282,12626,1,Normal,28,5,5,5,0,27,27,0,0,25,0,1,1,0,14,7,0,3,3,0,0,140,2,29,0,1,1,64,1,ai_farm
282,12626,1,Normal,26,3,3,3,0,27,27,0,0,15,0,1,1,0,7,1,0,3,3,0,0,84,0,13,0,1,1,85,1,ai_farm
282,12626,1,Normal,29,2,2,2,0,27,27,0,0,10,0,1,1,0,6,3,0,3,3,0,0,56,14,13,0,1,1,99,1,ai_farm
282,12626,1,Normal,36,3,3,3,0,27,27,0,0,15,0,1,1,0,9,2,0,3,3,0,0,84,0,16,0,1,1,120,1,ai_farm
282,12626,1,Normal,36,5,5,5,0,27,34,0,2,25,0,1,2,0,10,2,0,3,3,0,0,140,0,21,0,1,1,143,1,ai_farm; +1 levelup
282,12626,2,Normal,39,4,4,4,0,34,34,2,2,20,0,2,2,0,5,1,1,1,3,0,0,112,9,13,0,1,1,144,1,
282,12626,3,Normal,31,3,3,3,0,34,30,2,2,36,0,2,2,1,8,3,0,0,1,0,0,180,4,19,0,1,1,162,1,
283,12627,1,Normal,38,1,1,1,0,27,27,0,0,5,0,1,1,1,3,2,0,3,3,0,0,28,0,9,0,1,1,8,1,floor1_town
283,12627,1,Normal,30,4,4,3,0,27,0,0,0,15,0,1,1,0,12,5,0,0,0,0,0,102,27,23,1,0,0,35,1,ai_farm; party wiped
284,12628,1,Normal,26,3,3,3,0,27,27,0,0,15,0,1,1,2,6,2,0,3,3,0,0,84,0,18,0,1,1,22,1,floor1_town
284,12628,1,Normal,29,4,4,3,0,27,0,0,0,15,0,1,1,0,12,8,0,0,0,0,0,107,31,29,1,0,0,49,1,ai_farm; party wiped
285,12629,1,Normal,1,1,1,0,0,27,0,0,0,0,0,1,1,1,3,3,0,0,0,0,0,18,27,11,1,0,0,7,1,floor1_town; party wiped
286,12630,1,Normal,36,3,3,3,0,27,27,0,0,15,0,1,1,2,8,0,0,3,3,0,0,84,0,15,0,1,1,22,1,floor1_town
286,12630,1,Normal,34,2,2,2,0,27,27,0,0,10,0,1,1,0,5,2,0,3,3,0,0,56,2,14,0,1,1,36,1,ai_farm
286,12630,1,Normal,39,5,5,5,0,27,27,0,0,25,0,1,1,0,12,5,0,3,3,0,0,140,12,24,0,1,1,71,1,ai_farm
286,12630,1,Normal,37,6,6,6,0,27,27,0,0,30,0,1,1,0,14,5,0,3,3,0,0,168,6,30,0,1,1,113,1,ai_farm
286,12630,1,Normal,36,2,2,2,0,27,27,0,0,10,0,1,1,0,5,1,0,3,3,0,0,56,0,9,0,1,1,127,1,ai_farm
286,12630,1,Normal,40,6,6,6,0,27,35,0,1,30,0,1,2,0,10,2,0,3,3,0,0,168,0,22,0,1,1,145,1,ai_farm; +1 levelup
286,12630,2,Normal,38,5,5,5,0,35,35,1,1,25,0,2,2,2,6,6,0,0,0,0,0,140,12,25,0,1,1,146,1,
286,12630,3,Normal,28,3,3,3,0,35,35,1,1,36,0,2,2,0,7,0,0,1,3,0,0,180,0,14,0,1,1,164,1,
287,12631,1,Normal,40,5,5,5,0,27,27,0,0,25,0,1,1,1,10,7,0,3,3,0,0,140,2,31,0,1,1,36,1,floor1_town
287,12631,1,Normal,33,6,6,6,0,27,27,0,0,30,0,1,1,0,15,0,0,3,3,0,0,168,0,24,0,1,1,78,1,ai_farm
287,12631,1,Normal,35,4,4,4,0,27,27,0,0,20,0,1,1,0,10,3,0,3,3,0,0,112,2,23,0,1,1,106,1,ai_farm
287,12631,1,Normal,1,1,1,0,0,27,0,0,0,0,0,1,1,0,3,3,0,0,0,0,0,25,27,11,1,0,0,112,1,ai_farm; party wiped
288,12632,1,Normal,29,2,2,2,0,27,27,0,0,10,0,1,1,0,6,2,0,3,3,0,0,56,0,11,0,1,1,15,1,floor1_town
288,12632,1,Normal,34,4,4,4,0,27,27,0,0,20,0,1,1,0,9,1,0,3,3,0,0,112,0,23,0,1,1,43,1,ai_farm
288,12632,1,Normal,34,5,5,5,0,27,27,0,0,25,0,1,1,0,14,8,0,3,3,0,0,140,0,30,0,1,1,78,1,ai_farm
288,12632,1,Normal,26,2,2,2,0,27,27,0,0,10,0,1,1,0,6,3,0,3,3,0,0,56,2,14,0,1,1,92,1,ai_farm
288,12632,1,Normal,36,2,2,2,0,27,27,0,0,10,0,1,1,0,6,0,0,3,3,0,0,56,0,10,0,1,1,106,1,ai_farm
288,12632,1,Normal,28,2,2,2,0,27,27,0,0,10,0,1,1,0,5,2,0,3,3,0,0,56,2,11,0,1,1,120,1,ai_farm
288,12632,1,Normal,39,6,6,6,0,27,35,0,1,30,0,1,2,0,16,7,0,3,3,0,0,168,45,44,0,1,1,144,1,ai_farm; +1 levelup
288,12632,2,Normal,29,3,3,3,0,35,35,1,1,15,0,2,2,0,3,1,2,3,3,0,0,84,9,11,0,1,1,145,1,
288,12632,3,Normal,30,3,3,3,0,35,35,1,1,36,0,2,2,2,9,2,2,0,2,0,0,180,0,19,0,1,1,163,1,
289,12633,1,Normal,34,3,3,3,0,27,27,0,0,15,0,1,1,1,9,5,0,3,3,0,0,84,11,20,0,1,1,22,1,floor1_town
289,12633,1,Normal,33,3,3,3,0,27,27,0,0,15,0,1,1,0,9,5,0,3,3,0,0,84,0,17,0,1,1,43,1,ai_farm
289,12633,1,Normal,25,3,3,3,0,27,27,0,0,15,0,1,1,0,9,3,0,3,3,0,0,84,0,18,0,1,1,64,1,ai_farm
289,12633,1,Normal,32,3,3,3,0,27,27,0,0,15,0,1,1,0,9,1,0,3,3,0,0,84,0,16,0,1,1,85,1,ai_farm
289,12633,1,Normal,37,3,3,3,0,27,27,0,0,15,0,1,1,0,8,2,0,3,3,0,0,84,0,16,0,1,1,106,1,ai_farm
289,12633,1,Normal,35,4,4,4,0,27,27,0,0,20,0,1,1,0,9,5,0,3,3,0,0,112,2,21,0,1,1,134,1,ai_farm
289,12633,1,Normal,37,3,3,3,0,27,35,0,2,15,0,1,2,0,6,0,0,3,3,0,0,84,0,12,0,1,1,143,1,ai_farm; +1 levelup
289,12633,2,Normal,8,2,2,1,0,35,0,2,2,5,0,2,2,0,3,3,0,0,0,0,0,40,35,15,1,0,0,143,1,party wiped
290,12634,1,Normal,13,2,2,1,0,27,0,0,0,5,0,1,1,0,6,6,0,0,0,0,0,46,53,21,1,0,0,14,1,floor1_town; party wiped
291,12635,1,Normal,27,2,2,2,0,27,27,0,0,10,0,1,1,1,3,0,0,3,3,0,0,56,0,6,0,1,1,15,1,floor1_town
291,12635,1,Normal,25,1,1,1,0,27,27,0,0,5,0,1,1,0,3,2,0,3,3,0,0,28,0,7,0,1,1,22,1,ai_farm
291,12635,1,Normal,28,3,3,3,0,27,27,0,0,15,0,1,1,0,5,1,0,3,3,0,0,84,0,11,0,1,1,43,1,ai_farm
291,12635,1,Normal,28,3,3,3,0,27,27,0,0,15,0,1,1,0,6,0,0,3,3,0,0,84,0,11,0,1,1,64,1,ai_farm
291,12635,1,Normal,38,5,5,5,0,27,27,0,0,25,0,1,1,0,13,4,0,3,3,0,0,140,0,24,0,1,1,99,1,ai_farm
291,12635,1,Normal,32,4,4,4,0,27,27,0,0,20,0,1,1,0,11,0,0,3,3,0,0,112,0,19,0,1,1,127,1,ai_farm
291,12635,1,Normal,37,6,6,6,0,27,36,0,3,30,0,1,2,0,14,1,0,3,3,0,0,168,0,24,0,1,1,145,1,ai_farm; +1 levelup
291,12635,2,Normal,26,3,3,3,0,36,36,3,3,15,0,2,2,0,1,0,2,3,3,0,0,84,9,8,0,1,1,146,1,
291,12635,3,Normal,39,3,3,3,0,36,36,3,3,36,0,2,2,4,4,0,0,2,3,0,0,180,0,15,0,1,1,164,1,
292,12636,1,Normal,32,3,3,3,0,27,27,0,0,15,0,1,1,0,9,3,0,3,3,0,0,84,0,17,0,1,1,22,1,floor1_town
292,12636,1,Normal,27,3,3,3,0,27,27,0,0,15,0,1,1,0,9,2,0,3,3,0,0,84,0,17,0,1,1,43,1,ai_farm
292,12636,1,Normal,39,2,2,2,0,27,27,0,0,10,0,1,1,0,4,1,0,3,3,0,0,56,2,9,0,1,1,57,1,ai_farm
292,12636,1,Normal,35,4,4,4,0,27,27,0,0,20,0,1,1,0,11,6,0,3,3,0,0,112,0,23,0,1,1,85,1,ai_farm
292,12636,1,Normal,40,6,6,6,0,27,27,0,0,30,0,1,1,0,15,6,0,3,3,0,0,168,0,36,0,1,1,127,1,ai_farm
292,12636,1,Normal,28,1,1,1,0,27,27,0,0,5,0,1,1,0,2,0,0,3,3,0,0,28,0,5,0,1,1,134,1,ai_farm
292,12636,1,Normal,12,3,3,2,0,27,0,0,3,10,0,1,2,0,9,5,0,0,0,0,0,68,35,22,1,0,0,142,1,ai_farm; party wiped; +1 levelup
293,12637,1,Normal,36,4,4,4,0,27,27,0,0,20,0,1,1,1,8,1,0,3,3,0,0,112,0,16,0,1,1,29,1,floor1_town
293,12637,1,Normal,33,4,4,4,0,27,27,0,0,20,0,1,1,0,9,2,0,3,3,0,0,112,0,19,0,1,1,57,1,ai_farm
293,12637,1,Normal,29,4,4,4,0,27,27,0,0,20,0,1,1,0,11,2,0,3,3,0,0,112,0,21,0,1,1,85,1,ai_farm
293,12637,1,Normal,38,4,4,4,0,27,27,0,0,20,0,1,1,0,12,2,0,3,3,0,0,112,2,20,0,1,1,113,1,ai_farm
293,12637,1,Normal,25,3,3,3,0,27,27,0,0,15,0,1,1,0,7,1,0,3,3,0,0,84,0,15,0,1,1,134,1,ai_farm
293,12637,1,Normal,36,4,4,4,0,27,36,0,1,20,0,1,2,0,11,3,0,3,3,0,0,112,0,22,0,1,1,144,1,ai_farm; +1 levelup
293,12637,2,Normal,27,1,1,1,0,36,36,1,1,5,0,2,2,0,1,0,2,2,3,0,0,28,0,2,0,1,1,144,1,
293,12637,3,Normal,28,2,2,2,0,36,36,1,1,24,0,2,2,3,2,0,1,2,3,0,0,120,0,10,0,1,1,156,1,
294,12638,1,Normal,25,3,3,3,0,27,27,0,0,15,0,1,1,0,7,1,0,3,3,0,0,84,0,13,0,1,1,22,1,floor1_town
294,12638,1,Normal,33,5,5,4,0,27,0,0,0,20,0,1,1,0,12,4,0,0,0,0,0,130,27,25,1,0,0,56,1,ai_farm; party wiped
295,12639,1,Normal,30,3,3,3,0,27,27,0,0,15,0,1,1,0,9,3,1,3,3,0,0,84,0,21,0,1,1,22,1,floor1_town
295,12639,1,Normal,9,2,2,1,0,27,0,0,0,5,0,1,1,1,6,4,0,0,0,0,0,51,27,16,1,0,0,35,1,ai_farm; party wiped
296,12640,1,Normal,35,3,3,3,0,27,27,0,0,15,0,1,1,0,8,0,0,3,3,0,0,84,0,12,0,1,1,22,1,floor1_town
296,12640,1,Normal,38,6,6,6,0,27,27,0,0,30,0,1,1,0,18,6,0,3,3,0,0,168,0,34,0,1,1,64,1,ai_farm
296,12640,1,Normal,39,6,6,6,0,27,27,0,0,30,0,1,1,0,15,7,0,3,3,0,0,168,6,37,0,1,1,106,1,ai_farm
296,12640,1,Normal,26,3,3,3,0,27,27,0,0,15,0,1,1,0,7,1,0,3,3,0,0,84,0,16,0,1,1,127,1,ai_farm
296,12640,1,Normal,39,5,5,5,0,27,36,0,2,25,0,1,2,0,10,3,0,3,3,0,0,140,0,22,0,1,1,144,1,ai_farm; +1 levelup
296,12640,2,Normal,38,4,4,4,0,36,36,2,2,20,0,2,2,0,6,3,1,0,3,0,0,112,9,19,0,1,1,145,1,
296,12640,3,Normal,34,7,7,7,0,36,36,2,2,84,0,2,2,3,20,9,0,0,1,0,0,420,16,57,0,1,1,187,1,
297,12641,1,Normal,39,4,4,4,0,27,27,0,0,20,0,1,1,2,12,3,0,3,3,0,0,112,0,24,0,1,1,29,1,floor1_town
297,12641,1,Normal,36,5,5,5,0,27,27,0,0,25,0,1,1,0,13,2,0,3,3,0,0,140,4,25,0,1,1,64,1,ai_farm
297,12641,1,Normal,29,3,3,3,0,27,27,0,0,15,0,1,1,0,8,4,0,3,3,0,0,84,0,18,0,1,1,85,1,ai_farm
297,12641,1,Normal,30,5,5,4,0,27,0,0,0,20,0,1,1,0,11,8,0,0,0,0,0,133,43,36,1,0,0,119,1,ai_farm; party wiped
298,12642,1,Normal,28,3,3,3,0,27,27,0,0,15,0,1,1,0,8,0,0,3,3,0,0,84,0,17,0,1,1,22,1,floor1_town
298,12642,1,Normal,25,3,3,3,0,27,27,0,0,15,0,1,1,0,8,5,0,3,3,0,0,84,0,18,0,1,1,43,1,ai_farm
298,12642,1,Normal,35,4,4,4,0,27,27,0,0,20,0,1,1,0,11,1,0,3,3,0,0,112,0,20,0,1,1,71,1,ai_farm
298,12642,1,Normal,39,5,5,5,0,27,27,0,0,25,0,1,1,0,12,3,0,3,3,0,0,140,0,26,0,1,1,106,1,ai_farm
298,12642,1,Normal,28,2,2,2,0,27,27,0,0,10,0,1,1,0,6,4,0,3,3,0,0,56,0,15,0,1,1,120,1,ai_farm
298,12642,1,Normal,15,2,2,1,0,27,0,0,0,5,0,1,1,0,6,5,0,0,0,0,0,46,27,18,1,0,0,133,1,ai_farm; party wiped
299,12643,1,Normal,33,3,3,3,0,27,27,0,0,15,0,1,1,2,5,0,0,3,3,0,0,84,0,13,0,1,1,22,1,floor1_town
299,12643,1,Normal,28,3,3,3,0,27,27,0,0,15,0,1,1,0,5,0,0,3,3,0,0,84,0,11,0,1,1,43,1,ai_farm
299,12643,1,Normal,27,1,1,1,0,27,27,0,0,5,0,1,1,0,3,3,0,3,3,0,0,28,2,8,0,1,1,50,1,ai_farm
299,12643,1,Normal,40,3,3,3,0,27,27,0,0,15,0,1,1,0,6,0,0,3,3,0,0,84,0,12,0,1,1,71,1,ai_farm
299,12643,1,Normal,31,4,4,4,0,27,27,0,0,20,0,1,1,0,11,7,0,3,3,0,0,112,2,28,0,1,1,99,1,ai_farm
299,12643,1,Normal,37,2,2,2,0,27,27,0,0,10,0,1,1,0,6,2,0,3,3,0,0,56,0,12,0,1,1,113,1,ai_farm
299,12643,1,Normal,30,2,2,2,0,27,27,0,0,10,0,1,1,0,6,0,0,3,3,0,0,56,0,10,0,1,1,127,1,ai_farm
299,12643,1,Normal,33,4,4,4,0,27,34,0,1,20,0,1,2,0,9,2,0,3,3,0,0,112,0,19,0,1,1,143,1,ai_farm; +1 levelup
299,12643,2,Normal,32,3,3,3,0,34,26,1,1,15,0,2,2,1,3,3,0,0,0,0,0,84,8,14,0,1,1,143,1,
299,12643,3,Normal,39,4,4,4,0,26,34,1,1,48,0,2,2,1,12,5,0,0,3,0,0,240,4,24,0,1,1,167,1,
300,12644,1,Normal,36,5,5,4,0,27,0,0,0,20,0,1,1,0,14,6,0,0,0,0,0,135,36,31,1,0,0,35,1,floor1_town; party wiped
301,12645,1,Normal,26,2,2,2,0,27,27,0,0,10,0,1,1,2,4,0,0,3,3,0,0,56,0,10,0,1,1,15,1,floor1_town
301,12645,1,Normal,39,5,5,5,0,27,27,0,0,25,0,1,1,0,15,7,0,3,3,0,0,140,2,33,0,1,1,50,1,ai_farm
301,12645,1,Normal,3,1,1,0,0,27,0,0,0,0,0,1,1,0,3,3,0,0,0,0,0,27,27,9,1,0,0,56,1,ai_farm; party wiped
302,12646,1,Normal,31,4,4,4,0,27,27,0,0,20,0,1,1,0,12,1,0,3,3,0,0,112,0,19,0,1,1,29,1,floor1_town
302,12646,1,Normal,27,3,3,3,0,27,27,0,0,15,0,1,1,0,6,1,0,3,3,0,0,84,2,13,0,1,1,50,1,ai_farm
302,12646,1,Normal,26,3,3,3,0,27,27,0,0,15,0,1,1,0,7,2,0,3,3,0,0,84,0,13,0,1,1,71,1,ai_farm
302,12646,1,Normal,32,3,3,3,0,27,27,0,0,15,0,1,1,0,9,2,0,3,3,0,0,84,2,16,0,1,1,92,1,ai_farm
302,12646,1,Normal,38,4,4,4,0,27,27,0,0,20,0,1,1,0,11,1,0,3,3,0,0,112,0,21,0,1,1,120,1,ai_farm
302,12646,1,Normal,35,2,2,2,0,27,27,0,0,10,0,1,1,0,6,4,0,3,3,0,0,56,0,12,0,1,1,134,1,ai_farm
302,12646,1,Normal,32,4,4,4,0,27,36,0,1,20,0,1,2,0,5,2,0,3,3,0,0,112,2,15,0,1,1,144,1,ai_farm; +1 levelup
302,12646,2,Normal,37,2,2,2,0,36,36,1,1,10,0,2,2,0,2,0,0,1,3,0,0,56,0,5,0,1,1,144,1,
302,12646,3,Normal,34,4,4,4,0,36,36,1,1,48,0,2,2,1,11,5,0,1,3,0,0,240,3,26,0,1,1,168,1,
303,12647,1,Normal,35,4,4,4,0,27,27,0,0,20,0,1,1,2,9,2,0,3,3,0,0,112,0,19,0,1,1,29,1,floor1_town
303,12647,1,Normal,33,3,3,3,0,27,27,0,0,15,0,1,1,0,8,3,0,3,3,0,0,84,2,19,0,1,1,50,1,ai_farm
303,12647,1,Normal,28,2,2,2,0,27,27,0,0,10,0,1,1,0,5,1,0,3,3,0,0,56,0,10,0,1,1,64,1,ai_farm
303,12647,1,Normal,32,4,4,4,0,27,27,0,0,20,0,1,1,0,12,6,0,3,3,0,0,112,14,23,0,1,1,92,1,ai_farm
303,12647,1,Normal,35,1,1,1,0,27,27,0,0,5,0,1,1,0,3,3,0,3,3,0,0,28,4,10,0,1,1,99,1,ai_farm
303,12647,1,Normal,33,3,3,3,0,27,27,0,0,15,0,1,1,0,8,4,0,3,3,0,0,84,0,19,0,1,1,120,1,ai_farm
303,12647,1,Normal,26,4,4,4,0,27,34,0,3,20,0,1,2,0,6,1,0,3,3,0,0,112,0,14,0,1,1,142,1,ai_farm; +1 levelup
303,12647,2,Normal,31,5,5,5,0,34,34,3,3,25,0,2,2,1,8,5,0,0,1,0,0,140,19,24,0,1,1,144,1,
303,12647,3,Normal,1,1,1,0,0,34,0,3,3,0,0,2,2,0,3,3,0,0,0,0,0,30,34,8,1,0,0,150,1,party wiped
304,12648,1,Normal,40,5,5,5,0,27,27,0,0,25,0,1,1,1,13,3,0,3,3,0,0,140,0,25,0,1,1,36,1,floor1_town
304,12648,1,Normal,26,3,3,3,0,27,27,0,0,15,0,1,1,0,8,1,0,3,3,0,0,84,0,15,0,1,1,57,1,ai_farm
304,12648,1,Normal,32,3,3,3,0,27,27,0,0,15,0,1,1,0,8,0,0,3,3,0,0,84,0,11,0,1,1,78,1,ai_farm
304,12648,1,Normal,39,5,5,5,0,27,27,0,0,25,0,1,1,0,15,11,0,3,3,0,0,140,22,38,0,1,1,113,1,ai_farm
304,12648,1,Normal,26,5,5,5,0,27,35,0,3,25,0,1,2,0,9,1,0,3,3,0,0,140,9,22,0,1,1,142,1,ai_farm; +1 levelup
304,12648,2,Normal,32,3,3,3,0,35,35,3,3,15,0,2,2,1,3,2,0,0,1,0,0,84,0,18,0,1,1,142,1,
304,12648,3,Normal,31,4,4,4,0,35,33,3,3,48,0,2,2,0,12,7,0,0,0,0,0,240,2,24,0,1,1,166,1,
305,12649,1,Normal,29,2,2,2,0,27,27,0,0,10,0,1,1,1,4,3,1,3,3,0,0,56,12,14,0,1,1,15,1,floor1_town
305,12649,1,Normal,30,2,2,2,0,27,27,0,0,10,0,1,1,1,6,0,0,3,3,0,0,56,0,10,0,1,1,29,1,ai_farm
305,12649,1,Normal,37,5,5,5,0,27,27,0,0,25,0,1,1,0,12,2,0,3,3,0,0,140,2,27,0,1,1,64,1,ai_farm
305,12649,1,Normal,40,2,2,2,0,27,27,0,0,10,0,1,1,0,6,2,0,3,3,0,0,56,4,13,0,1,1,78,1,ai_farm
305,12649,1,Normal,38,4,4,4,0,27,27,0,0,20,0,1,1,0,10,3,0,3,3,0,0,112,0,21,0,1,1,106,1,ai_farm
305,12649,1,Normal,4,1,1,0,0,27,0,0,0,0,0,1,1,0,3,3,0,0,0,0,0,25,27,10,1,0,0,112,1,ai_farm; party wiped
306,12650,1,Normal,34,3,3,3,0,27,27,0,0,15,0,1,1,1,8,4,0,3,3,0,0,84,24,20,0,1,1,22,1,floor1_town
306,12650,1,Normal,1,1,1,0,0,27,0,0,0,0,0,1,1,0,3,3,0,0,0,0,0,27,27,8,1,0,0,28,1,ai_farm; party wiped
307,12651,1,Normal,38,4,4,4,0,27,27,0,0,20,0,1,1,2,9,2,0,3,3,0,0,112,0,20,0,1,1,29,1,floor1_town
307,12651,1,Normal,34,6,6,6,0,27,27,0,0,30,0,1,1,0,12,1,0,3,3,0,0,168,0,23,0,1,1,71,1,ai_farm
307,12651,1,Normal,25,1,1,1,0,27,27,0,0,5,0,1,1,0,3,2,0,3,3,0,0,28,4,7,0,1,1,78,1,ai_farm
307,12651,1,Normal,34,4,4,4,0,27,27,0,0,20,0,1,1,0,12,5,0,3,3,0,0,112,0,23,0,1,1,106,1,ai_farm
307,12651,1,Normal,2,1,1,0,0,27,0,0,0,0,0,1,1,0,3,3,0,0,0,0,0,9,27,9,1,0,0,112,1,ai_farm; party wiped
308,12652,1,Normal,27,2,2,2,0,27,27,0,0,10,0,1,1,1,4,0,0,3,3,0,0,56,0,7,0,1,1,15,1,floor1_town
308,12652,1,Normal,30,2,2,2,0,27,27,0,0,10,0,1,1,0,3,0,0,3,3,0,0,56,0,7,0,1,1,29,1,ai_farm
308,12652,1,Normal,36,5,5,5,0,27,27,0,0,25,0,1,1,0,14,4,0,3,3,0,0,140,18,27,0,1,1,64,1,ai_farm
308,12652,1,Normal,33,3,3,3,0,27,27,0,0,15,0,1,1,0,7,2,0,3,3,0,0,84,0,13,0,1,1,85,1,ai_farm
308,12652,1,Normal,34,4,4,4,0,27,27,0,0,20,0,1,1,0,12,4,0,3,3,0,0,112,2,23,0,1,1,113,1,ai_farm
308,12652,1,Normal,29,4,4,4,0,27,34,0,3,20,0,1,2,0,9,2,0,3,3,0,0,112,2,17,0,1,1,141,1,ai_farm; +1 levelup
308,12652,2,Normal,25,2,2,2,0,34,34,3,3,10,0,2,2,0,3,1,0,0,2,0,0,56,0,7,0,1,1,141,1,
308,12652,3,Normal,28,4,4,4,0,34,34,3,3,48,0,2,2,0,12,8,0,0,0,0,0,240,24,28,0,1,1,165,1,
309,12653,1,Normal,32,3,3,3,0,27,27,0,0,15,0,1,1,2,8,2,0,3,3,0,0,84,2,17,0,1,1,22,1,floor1_town
309,12653,1,Normal,33,4,4,4,0,27,27,0,0,20,0,1,1,0,7,1,0,3,3,0,0,112,2,14,0,1,1,50,1,ai_farm
309,12653,1,Normal,1,1,1,0,0,27,0,0,0,0,0,1,1,0,3,3,0,0,0,0,0,18,27,10,1,0,0,56,1,ai_farm; party wiped
310,12654,1,Normal,36,4,4,4,0,27,27,0,0,20,0,1,1,1,10,3,0,3,3,0,0,112,12,23,0,1,1,29,1,floor1_town
310,12654,1,Normal,28,3,3,3,0,27,27,0,0,15,0,1,1,0,9,4,0,3,3,0,0,84,0,19,0,1,1,50,1,ai_farm
310,12654,1,Normal,40,2,2,2,0,27,27,0,0,10,0,1,1,0,3,0,0,3,3,0,0,56,0,5,0,1,1,64,1,ai_farm
310,12654,1,Normal,12,2,2,1,0,27,0,0,0,5,0,1,1,0,5,3,0,0,0,0,0,55,27,16,1,0,0,77,1,ai_farm; party wiped
311,12655,1,Normal,25,4,4,4,0,27,27,0,0,20,0,1,1,0,10,0,0,3,3,0,0,112,0,18,0,1,1,29,1,floor1_town
311,12655,1,Normal,33,3,3,3,0,27,27,0,0,15,0,1,1,0,9,5,0,3,3,0,0,84,0,20,0,1,1,50,1,ai_farm
311,12655,1,Normal,26,2,2,2,0,27,27,0,0,10,0,1,1,0,5,0,0,3,3,0,0,56,0,9,0,1,1,64,1,ai_farm
311,12655,1,Normal,34,4,4,4,0,27,27,0,0,20,0,1,1,0,10,4,0,3,3,0,0,112,0,22,0,1,1,92,1,ai_farm
311,12655,1,Normal,25,2,2,2,0,27,27,0,0,10,0,1,1,0,4,0,0,3,3,0,0,56,0,7,0,1,1,106,1,ai_farm
311,12655,1,Normal,31,4,4,4,0,27,27,0,0,20,0,1,1,0,9,2,0,3,3,0,0,112,0,19,0,1,1,134,1,ai_farm
311,12655,1,Normal,39,4,4,4,0,27,34,0,1,20,0,1,2,0,8,1,0,3,3,0,0,112,0,16,0,1,1,144,1,ai_farm; +1 levelup
311,12655,2,Normal,40,5,5,4,1,34,34,1,1,20,0,2,2,0,4,3,0,2,3,0,0,112,26,15,0,1,1,145,1,flee×1
311,12655,3,Normal,22,2,2,1,0,34,0,1,1,12,0,2,2,0,6,4,0,0,0,0,0,103,34,16,1,0,0,157,1,party wiped
312,12656,1,Normal,30,3,3,3,0,27,27,0,0,15,0,1,1,1,9,6,0,3,3,0,0,84,0,20,0,1,1,22,1,floor1_town
312,12656,1,Normal,27,3,3,3,0,27,27,0,0,15,0,1,1,0,9,1,0,3,3,0,0,84,0,14,0,1,1,43,1,ai_farm
312,12656,1,Normal,38,3,3,3,0,27,27,0,0,15,0,1,1,0,8,5,0,3,3,0,0,84,0,17,0,1,1,64,1,ai_farm
312,12656,1,Normal,27,2,2,2,0,27,27,0,0,10,0,1,1,0,4,3,0,3,3,0,0,56,20,14,0,1,1,78,1,ai_farm
312,12656,1,Normal,34,3,3,3,0,27,27,0,0,15,0,1,1,0,6,1,0,3,3,0,0,84,2,12,0,1,1,99,1,ai_farm
312,12656,1,Normal,40,5,5,5,0,27,27,0,0,25,0,1,1,0,12,7,0,3,3,0,0,140,20,31,0,1,1,134,1,ai_farm
312,12656,1,Normal,31,4,4,4,0,27,35,0,2,20,0,1,2,0,6,1,0,3,3,0,0,112,0,17,0,1,1,144,1,ai_farm; +1 levelup
312,12656,2,Normal,37,2,2,2,0,35,35,2,2,10,0,2,2,0,3,1,1,0,2,0,0,56,0,8,0,1,1,144,1,
312,12656,3,Normal,24,1,1,0,0,35,0,2,2,0,0,2,2,1,3,3,0,0,0,0,0,56,35,11,1,0,0,150,1,party wiped
313,12657,1,Normal,12,3,3,2,0,27,0,0,0,10,0,1,1,0,7,3,0,0,0,0,0,83,27,18,1,0,0,21,1,floor1_town; party wiped
314,12658,1,Normal,39,5,5,5,0,27,27,0,0,25,0,1,1,1,15,1,0,3,3,0,0,140,2,28,0,1,1,36,1,floor1_town
314,12658,1,Normal,40,3,3,3,0,27,27,0,0,15,0,1,1,0,8,1,0,3,3,0,0,84,0,17,0,1,1,57,1,ai_farm
314,12658,1,Normal,17,2,2,1,0,27,0,0,0,5,0,1,1,0,5,3,0,0,0,0,0,51,27,13,1,0,0,70,1,ai_farm; party wiped
315,12659,1,Normal,28,2,2,2,0,27,27,0,0,10,0,1,1,0,6,6,0,3,3,0,0,56,2,14,0,1,1,15,1,floor1_town
315,12659,1,Normal,1,1,1,0,0,27,0,0,0,0,0,1,1,0,3,3,0,0,0,0,0,23,27,9,1,0,0,21,1,ai_farm; party wiped
316,12660,1,Normal,32,5,5,5,0,27,27,0,0,25,0,1,1,1,12,5,0,3,3,0,0,140,18,30,0,1,1,36,1,floor1_town
316,12660,1,Normal,25,2,2,2,0,27,27,0,0,10,0,1,1,0,6,3,0,3,3,0,0,56,0,12,0,1,1,50,1,ai_farm
316,12660,1,Normal,30,5,5,5,0,27,27,0,0,25,0,1,1,0,13,7,0,3,3,0,0,140,14,35,0,1,1,85,1,ai_farm
316,12660,1,Normal,25,2,2,2,0,27,27,0,0,10,0,1,1,0,5,2,0,3,3,0,0,56,0,11,0,1,1,99,1,ai_farm
316,12660,1,Normal,32,4,4,4,0,27,27,0,0,20,0,1,1,0,11,1,0,3,3,0,0,112,0,16,0,1,1,127,1,ai_farm
316,12660,1,Normal,28,2,2,2,0,27,36,0,2,10,0,1,2,0,6,0,0,3,3,0,0,56,0,8,0,1,1,141,1,ai_farm; +1 levelup
316,12660,2,Normal,37,3,3,3,0,36,36,2,2,15,0,2,2,0,4,3,0,2,3,0,0,84,18,12,0,1,1,142,1,
316,12660,3,Normal,26,1,1,1,0,36,24,2,2,12,0,2,2,0,3,3,0,0,0,0,0,60,12,10,0,1,1,148,1,
317,12661,1,Normal,37,3,3,3,0,27,27,0,0,15,0,1,1,0,7,2,0,3,3,0,0,84,0,15,0,1,1,22,1,floor1_town
317,12661,1,Normal,34,5,5,5,0,27,27,0,0,25,0,1,1,0,10,3,0,3,3,0,0,140,0,28,0,1,1,57,1,ai_farm
317,12661,1,Normal,40,4,4,4,0,27,27,0,0,20,0,1,1,0,11,3,0,3,3,0,0,112,0,21,0,1,1,85,1,ai_farm
317,12661,1,Normal,26,4,4,4,0,27,27,0,0,20,0,1,1,0,10,2,0,3,3,0,0,112,2,18,0,1,1,113,1,ai_farm
317,12661,1,Normal,32,4,4,4,0,27,36,0,1,20,0,1,2,0,11,2,0,3,3,0,0,112,2,19,0,1,1,141,1,ai_farm; +1 levelup
317,12661,2,Normal,35,1,1,1,0,36,36,1,1,5,0,2,2,0,3,0,0,0,3,0,0,28,0,5,0,1,1,141,1,
317,12661,3,Normal,33,3,3,3,0,36,17,1,1,36,0,2,2,2,8,5,0,0,0,0,0,180,19,24,0,1,1,159,1,
318,12662,1,Normal,26,2,2,2,0,27,27,0,0,10,0,1,1,0,4,2,2,3,3,0,0,56,0,9,0,1,1,15,1,floor1_town
318,12662,1,Normal,30,3,3,3,0,27,27,0,0,15,0,1,1,1,9,1,1,3,3,0,0,84,0,18,0,1,1,36,1,ai_farm
318,12662,1,Normal,29,6,6,6,0,27,27,0,0,30,0,1,1,1,13,6,0,3,3,0,0,168,4,32,0,1,1,78,1,ai_farm
318,12662,1,Normal,28,3,3,3,0,27,27,0,0,15,0,1,1,0,8,2,0,3,3,0,0,84,0,15,0,1,1,99,1,ai_farm
318,12662,1,Normal,30,4,4,4,0,27,27,0,0,20,0,1,1,0,12,6,0,3,3,0,0,112,8,23,0,1,1,127,1,ai_farm
318,12662,1,Normal,40,5,5,5,0,27,35,0,2,25,0,1,2,0,11,1,0,3,3,0,0,140,8,21,0,1,1,144,1,ai_farm; +1 levelup
318,12662,2,Normal,30,4,4,4,0,35,35,2,2,20,0,2,2,0,3,2,1,0,1,0,0,112,0,11,0,1,1,144,1,
318,12662,3,Normal,23,2,2,1,0,35,0,2,2,12,0,2,2,2,5,3,0,0,0,0,0,105,35,14,1,0,0,156,1,party wiped
319,12663,1,Normal,31,4,4,4,0,27,27,0,0,20,0,1,1,0,12,6,0,3,3,0,0,112,2,27,0,1,1,29,1,floor1_town
319,12663,1,Normal,36,5,5,5,0,27,27,0,0,25,0,1,1,0,15,9,0,3,3,0,0,140,12,32,0,1,1,64,1,ai_farm
319,12663,1,Normal,3,1,1,0,0,27,0,0,0,0,0,1,1,0,3,3,0,0,0,0,0,16,27,9,1,0,0,70,1,ai_farm; party wiped
320,12664,1,Normal,35,5,5,5,0,27,27,0,0,25,0,1,1,2,10,1,0,3,3,0,0,140,2,21,0,1,1,36,1,floor1_town
320,12664,1,Normal,38,5,5,5,0,27,27,0,0,25,0,1,1,0,15,6,0,3,3,0,0,140,4,31,0,1,1,71,1,ai_farm
320,12664,1,Normal,39,5,5,5,0,27,27,0,0,25,0,1,1,0,12,3,0,3,3,0,0,140,0,25,0,1,1,106,1,ai_farm
320,12664,1,Normal,27,2,2,1,0,27,0,0,0,5,0,1,1,0,6,3,0,0,0,0,0,55,27,17,1,0,0,119,1,ai_farm; party wiped
321,12665,1,Normal,40,3,3,3,0,27,27,0,0,15,0,1,1,0,6,3,0,3,3,0,0,84,0,18,0,1,1,22,1,floor1_town
321,12665,1,Normal,36,5,5,5,0,27,27,0,0,25,0,1,1,0,13,2,0,3,3,0,0,140,2,20,0,1,1,57,1,ai_farm
321,12665,1,Normal,21,2,2,1,0,27,0,0,0,5,0,1,1,0,6,3,0,0,0,0,0,55,27,13,1,0,0,70,1,ai_farm; party wiped
322,12666,1,Normal,29,3,3,3,0,27,27,0,0,15,0,1,1,2,8,3,0,3,3,0,0,84,2,16,0,1,1,22,1,floor1_town
322,12666,1,Normal,30,3,3,3,0,27,27,0,0,15,0,1,1,0,8,3,0,3,3,0,0,84,0,17,0,1,1,43,1,ai_farm
322,12666,1,Normal,39,5,5,5,0,27,27,0,0,25,0,1,1,0,12,3,0,3,3,0,0,140,2,23,0,1,1,78,1,ai_farm
322,12666,1,Normal,32,4,4,4,0,27,27,0,0,20,0,1,1,0,11,3,0,3,3,0,0,112,0,20,0,1,1,106,1,ai_farm
322,12666,1,Normal,31,2,2,2,0,27,27,0,0,10,0,1,1,0,6,4,0,3,3,0,0,56,0,13,0,1,1,120,1,ai_farm
322,12666,1,Normal,32,5,5,5,0,27,35,0,3,25,0,1,2,0,15,5,0,3,3,0,0,140,0,28,0,1,1,143,1,ai_farm; +1 levelup
322,12666,2,Normal,40,5,5,5,0,35,35,3,3,25,0,2,2,0,3,3,0,0,0,0,0,140,0,16,0,1,1,143,1,
322,12666,3,Normal,36,5,5,5,0,35,35,3,3,60,0,2,2,1,13,1,0,1,3,0,0,300,3,24,0,1,1,173,1,
323,12667,1,Normal,19,2,2,1,0,27,0,0,0,5,0,1,1,0,6,4,0,0,0,0,0,42,27,20,1,0,0,14,1,floor1_town; party wiped
324,12668,1,Normal,38,2,2,2,0,27,27,0,0,10,0,1,1,0,5,2,2,3,3,0,0,56,0,9,0,1,1,15,1,floor1_town
324,12668,1,Normal,35,4,4,4,0,27,27,0,0,20,0,1,1,2,10,4,0,3,3,0,0,112,16,25,0,1,1,43,1,ai_farm
324,12668,1,Normal,40,4,4,4,0,27,27,0,0,20,0,1,1,0,10,2,0,3,3,0,0,112,0,21,0,1,1,71,1,ai_farm
324,12668,1,Normal,36,3,3,3,0,27,27,0,0,15,0,1,1,0,9,3,0,3,3,0,0,84,2,17,0,1,1,92,1,ai_farm
324,12668,1,Normal,25,0,0,0,0,27,27,0,0,0,0,1,1,0,0,0,0,3,3,0,0,0,0,0,0,1,1,92,0,ai_farm
324,12668,1,Normal,33,2,2,2,0,27,27,0,0,10,0,1,1,0,4,0,0,3,3,0,0,56,0,9,0,1,1,106,1,ai_farm
324,12668,1,Normal,26,3,3,3,0,27,27,0,0,15,0,1,1,0,9,7,0,3,3,0,0,84,0,24,0,1,1,127,1,ai_farm
324,12668,1,Normal,30,4,4,4,0,27,35,0,2,20,0,1,2,0,8,2,0,3,3,0,0,112,0,17,0,1,1,143,1,ai_farm; +1 levelup
324,12668,2,Normal,32,3,3,3,0,35,35,2,2,15,0,2,2,0,6,4,1,0,2,0,0,84,6,16,0,1,1,144,1,
324,12668,3,Normal,10,3,3,2,0,35,0,2,2,24,0,2,2,2,9,4,0,0,0,0,0,143,35,21,1,0,0,162,1,party wiped
325,12669,1,Normal,27,3,3,3,0,27,27,0,0,15,0,1,1,0,7,3,0,3,3,0,0,84,18,18,0,1,1,22,1,floor1_town
325,12669,1,Normal,37,5,5,5,0,27,27,0,0,25,0,1,1,0,12,7,0,3,3,0,0,140,30,33,0,1,1,57,1,ai_farm
325,12669,1,Normal,28,5,5,5,0,27,27,0,0,25,0,1,1,0,12,4,0,3,3,0,0,140,12,30,0,1,1,92,1,ai_farm
325,12669,1,Normal,30,3,3,3,0,27,27,0,0,15,0,1,1,0,8,0,0,3,3,0,0,84,0,17,0,1,1,113,1,ai_farm
325,12669,1,Normal,35,5,5,5,0,27,34,0,1,25,0,1,2,0,15,9,0,3,3,0,0,140,38,36,0,1,1,142,1,ai_farm; +1 levelup
325,12669,2,Normal,28,3,3,2,1,34,1,1,1,10,0,2,2,0,3,3,0,0,0,0,0,56,33,13,0,1,1,142,1,flee×1
325,12669,3,Normal,29,3,3,3,0,1,34,1,1,36,0,2,2,2,9,3,0,0,3,0,0,180,0,18,0,1,1,160,1,
326,12670,1,Normal,31,3,3,3,0,27,27,0,0,15,0,1,1,2,9,6,0,3,3,0,0,84,14,25,0,1,1,22,1,floor1_town
326,12670,1,Normal,34,4,4,4,0,27,27,0,0,20,0,1,1,0,9,4,0,3,3,0,0,112,2,23,0,1,1,50,1,ai_farm
326,12670,1,Normal,28,3,3,3,0,27,27,0,0,15,0,1,1,0,7,1,0,3,3,0,0,84,2,13,0,1,1,71,1,ai_farm
326,12670,1,Normal,26,5,5,5,0,27,27,0,0,25,0,1,1,0,12,2,0,3,3,0,0,140,0,22,0,1,1,106,1,ai_farm
326,12670,1,Normal,17,3,3,2,0,27,0,0,0,10,0,1,1,0,9,7,0,0,0,0,0,83,45,28,1,0,0,126,1,ai_farm; party wiped
327,12671,1,Normal,36,4,4,4,0,27,27,0,0,20,0,1,1,1,11,2,0,3,3,0,0,112,0,23,0,1,1,29,1,floor1_town
327,12671,1,Normal,36,4,4,4,0,27,27,0,0,20,0,1,1,0,10,2,0,3,3,0,0,112,2,21,0,1,1,57,1,ai_farm
327,12671,1,Normal,32,4,4,4,0,27,27,0,0,20,0,1,1,0,9,2,0,3,3,0,0,112,0,19,0,1,1,85,1,ai_farm
327,12671,1,Normal,28,2,2,2,0,27,27,0,0,10,0,1,1,0,6,2,0,3,3,0,0,56,0,11,0,1,1,99,1,ai_farm
327,12671,1,Normal,40,4,4,4,0,27,27,0,0,20,0,1,1,0,10,2,0,3,3,0,0,112,0,19,0,1,1,127,1,ai_farm
327,12671,1,Normal,38,3,3,3,0,27,35,0,3,15,0,1,2,0,5,0,0,3,3,0,0,84,9,14,0,1,1,142,1,ai_farm; +1 levelup
327,12671,2,Normal,35,3,3,3,0,35,35,3,3,15,0,2,2,0,3,0,0,1,3,0,0,84,9,11,0,1,1,143,1,
327,12671,3,Normal,27,4,4,4,0,35,35,3,3,48,0,2,2,1,12,7,0,0,2,0,0,240,15,34,0,1,1,167,1,
328,12672,1,Normal,25,2,2,2,0,27,27,0,0,10,0,1,1,1,3,0,1,3,3,0,0,56,0,7,0,1,1,15,1,floor1_town
328,12672,1,Normal,33,4,4,4,0,27,27,0,0,20,0,1,1,1,6,0,0,3,3,0,0,112,0,14,0,1,1,43,1,ai_farm
328,12672,1,Normal,35,4,4,4,0,27,27,0,0,20,0,1,1,0,10,3,0,3,3,0,0,112,0,21,0,1,1,71,1,ai_farm
328,12672,1,Normal,30,4,4,4,0,27,27,0,0,20,0,1,1,0,7,3,0,3,3,0,0,112,0,20,0,1,1,99,1,ai_farm
328,12672,1,Normal,26,3,3,3,0,27,27,0,0,15,0,1,1,0,8,3,0,3,3,0,0,84,12,16,0,1,1,120,1,ai_farm
328,12672,1,Normal,39,4,4,4,0,27,34,0,2,20,0,1,2,0,10,2,0,3,3,0,0,112,0,19,0,1,1,142,1,ai_farm; +1 levelup
328,12672,2,Normal,36,3,3,3,0,34,34,2,2,15,0,2,2,0,2,0,1,1,3,0,0,84,0,7,0,1,1,142,1,
328,12672,3,Normal,31,3,3,3,0,34,34,2,2,36,0,2,2,0,8,0,3,0,3,0,0,180,0,13,0,1,1,160,1,
329,12673,1,Normal,29,3,3,3,0,27,27,0,0,15,0,1,1,1,6,2,0,3,3,0,0,84,0,14,0,1,1,22,1,floor1_town
329,12673,1,Normal,37,7,7,7,0,27,27,0,0,35,0,1,1,0,18,6,0,3,3,0,0,196,2,38,0,1,1,71,1,ai_farm
329,12673,1,Normal,25,2,2,2,0,27,27,0,0,10,0,1,1,0,5,3,0,3,3,0,0,56,0,12,0,1,1,85,1,ai_farm
329,12673,1,Normal,31,2,2,2,0,27,27,0,0,10,0,1,1,0,3,0,0,3,3,0,0,56,0,6,0,1,1,99,1,ai_farm
329,12673,1,Normal,32,5,5,5,0,27,27,0,0,25,0,1,1,0,14,6,0,3,3,0,0,140,14,28,0,1,1,134,1,ai_farm
329,12673,1,Normal,37,6,6,6,0,27,35,0,2,30,0,1,2,0,13,3,0,3,3,0,0,168,0,31,0,1,1,146,1,ai_farm; +1 levelup
329,12673,2,Normal,34,4,4,4,0,35,35,2,2,20,0,2,2,0,3,2,0,0,1,0,0,112,0,18,0,1,1,146,1,
329,12673,3,Normal,28,4,4,4,0,35,35,2,2,48,0,2,2,0,12,9,0,0,2,0,0,240,46,31,0,1,1,170,1,
330,12674,1,Normal,17,1,1,0,0,27,0,0,0,0,0,1,1,0,3,3,2,0,0,0,0,18,27,9,1,0,0,7,1,floor1_town; party wiped
331,12675,1,Normal,39,5,5,5,0,27,27,0,0,25,0,1,1,1,12,3,0,3,3,0,0,140,0,22,0,1,1,36,1,floor1_town
331,12675,1,Normal,40,2,2,2,0,27,27,0,0,10,0,1,1,0,3,0,0,3,3,0,0,56,0,6,0,1,1,50,1,ai_farm
331,12675,1,Normal,24,5,5,4,0,27,0,0,0,20,0,1,1,0,13,7,0,0,0,0,0,135,29,32,1,0,0,84,1,ai_farm; party wiped
332,12676,1,Normal,28,3,3,3,0,27,27,0,0,15,0,1,1,2,9,5,0,3,3,0,0,84,2,20,0,1,1,22,1,floor1_town
332,12676,1,Normal,35,3,3,3,0,27,27,0,0,15,0,1,1,0,5,0,0,3,3,0,0,84,0,10,0,1,1,43,1,ai_farm
332,12676,1,Normal,37,5,5,5,0,27,27,0,0,25,0,1,1,0,15,6,0,3,3,0,0,140,2,30,0,1,1,78,1,ai_farm
332,12676,1,Normal,33,6,6,6,0,27,27,0,0,30,0,1,1,0,13,5,0,3,3,0,0,168,2,27,0,1,1,120,1,ai_farm
332,12676,1,Normal,28,2,2,2,0,27,27,0,0,10,0,1,1,0,6,2,0,3,3,0,0,56,2,13,0,1,1,134,1,ai_farm
332,12676,1,Normal,31,2,2,2,0,27,36,0,2,10,0,1,2,0,6,1,0,3,3,0,0,56,0,10,0,1,1,142,1,ai_farm; +1 levelup
332,12676,2,Normal,27,1,1,1,0,36,36,2,2,5,0,2,2,0,3,0,1,0,3,0,0,28,0,4,0,1,1,142,1,
332,12676,3,Normal,14,3,3,2,0,36,0,2,2,24,0,2,2,3,8,5,0,0,0,0,0,165,36,26,1,0,0,160,1,party wiped
333,12677,1,Normal,31,4,4,3,0,27,0,0,0,15,0,1,1,1,10,7,0,0,0,0,0,102,41,30,1,0,0,28,1,floor1_town; party wiped
334,12678,1,Normal,37,4,4,4,0,27,27,0,0,20,0,1,1,0,10,0,0,3,3,0,0,112,0,19,0,1,1,29,1,floor1_town
334,12678,1,Normal,29,3,3,3,0,27,27,0,0,15,0,1,1,0,9,1,0,3,3,0,0,84,0,18,0,1,1,50,1,ai_farm
334,12678,1,Normal,21,4,4,3,0,27,0,0,0,15,0,1,1,0,9,5,0,0,0,0,0,102,27,22,1,0,0,77,1,ai_farm; party wiped
335,12679,1,Normal,26,3,3,3,0,27,27,0,0,15,0,1,1,1,9,3,0,3,3,0,0,84,0,26,0,1,1,22,1,floor1_town
335,12679,1,Normal,32,3,3,3,0,27,27,0,0,15,0,1,1,0,8,1,0,3,3,0,0,84,0,18,0,1,1,43,1,ai_farm
335,12679,1,Normal,26,4,4,4,0,27,27,0,0,20,0,1,1,0,9,1,0,3,3,0,0,112,0,19,0,1,1,71,1,ai_farm
335,12679,1,Normal,8,2,2,1,0,27,0,0,0,5,0,1,1,0,5,3,0,0,0,0,0,51,27,12,1,0,0,84,1,ai_farm; party wiped
336,12680,1,Normal,30,4,4,4,0,27,27,0,0,20,0,1,1,0,12,4,0,3,3,0,0,112,2,25,0,1,1,29,1,floor1_town
336,12680,1,Normal,39,4,4,4,0,27,27,0,0,20,0,1,1,0,8,1,0,3,3,0,0,112,0,18,0,1,1,57,1,ai_farm
336,12680,1,Normal,35,3,3,3,0,27,27,0,0,15,0,1,1,0,9,2,0,3,3,0,0,84,2,21,0,1,1,78,1,ai_farm
336,12680,1,Normal,31,4,4,3,0,27,0,0,0,15,0,1,1,0,11,5,0,0,0,0,0,107,27,27,1,0,0,105,1,ai_farm; party wiped
337,12681,1,Normal,35,2,2,2,0,27,27,0,0,10,0,1,1,1,3,0,0,3,3,0,0,56,0,8,0,1,1,15,1,floor1_town
337,12681,1,Normal,35,4,4,4,0,27,27,0,0,20,0,1,1,0,11,5,0,3,3,0,0,112,0,24,0,1,1,43,1,ai_farm
337,12681,1,Normal,31,4,4,4,0,27,27,0,0,20,0,1,1,0,12,4,0,3,3,0,0,112,26,27,0,1,1,71,1,ai_farm
337,12681,1,Normal,32,3,3,3,0,27,27,0,0,15,0,1,1,0,7,0,0,3,3,0,0,84,0,14,0,1,1,92,1,ai_farm
337,12681,1,Normal,27,2,2,2,0,27,27,0,0,10,0,1,1,0,6,2,0,3,3,0,0,56,0,10,0,1,1,106,1,ai_farm
337,12681,1,Normal,28,3,3,3,0,27,27,0,0,15,0,1,1,0,6,3,0,3,3,0,0,84,14,15,0,1,1,127,1,ai_farm
337,12681,1,Normal,26,3,3,3,0,27,36,0,3,15,0,1,2,0,7,2,0,3,3,0,0,84,2,14,0,1,1,142,1,ai_farm; +1 levelup
337,12681,2,Normal,28,2,2,2,0,36,36,3,3,10,0,2,2,0,3,3,2,0,0,0,0,56,0,9,0,1,1,142,1,
337,12681,3,Normal,25,2,2,2,0,36,36,3,3,24,0,2,2,2,5,1,1,1,3,0,0,120,0,12,0,1,1,154,1,
338,12682,1,Normal,40,4,4,4,0,27,27,0,0,20,0,1,1,0,10,4,0,3,3,0,0,112,0,21,0,1,1,29,1,floor1_town
338,12682,1,Normal,38,5,5,5,0,27,27,0,0,25,0,1,1,0,15,6,0,3,3,0,0,140,2,29,0,1,1,64,1,ai_farm
338,12682,1,Normal,38,2,2,2,0,27,27,0,0,10,0,1,1,0,6,1,0,3,3,0,0,56,0,13,0,1,1,78,1,ai_farm
338,12682,1,Normal,32,4,4,4,0,27,27,0,0,20,0,1,1,0,10,2,0,3,3,0,0,112,2,18,0,1,1,106,1,ai_farm
338,12682,1,Normal,35,4,4,4,0,27,27,0,0,20,0,1,1,0,10,6,0,3,3,0,0,112,14,26,0,1,1,134,1,ai_farm
338,12682,1,Normal,33,3,3,2,0,27,0,0,2,10,0,1,2,0,8,3,0,0,0,0,0,80,35,18,1,0,0,142,1,ai_farm; party wiped; +1 levelup
339,12683,1,Normal,28,3,3,3,0,27,27,0,0,15,0,1,1,1,8,1,0,3,3,0,0,84,2,16,0,1,1,22,1,floor1_town
339,12683,1,Normal,28,2,2,2,0,27,27,0,0,10,0,1,1,0,6,1,0,3,3,0,0,56,2,11,0,1,1,36,1,ai_farm
339,12683,1,Normal,38,4,4,4,0,27,27,0,0,20,0,1,1,0,8,4,0,3,3,0,0,112,18,22,0,1,1,64,1,ai_farm
339,12683,1,Normal,24,4,4,3,0,27,0,0,0,15,0,1,1,0,12,4,0,0,0,0,0,109,27,27,1,0,0,91,1,ai_farm; party wiped
340,12684,1,Normal,33,2,2,2,0,27,27,0,0,10,0,1,1,0,6,3,0,3,3,0,0,56,12,15,0,1,1,15,1,floor1_town
340,12684,1,Normal,25,4,4,4,0,27,27,0,0,20,0,1,1,0,11,7,0,3,3,0,0,112,0,24,0,1,1,43,1,ai_farm
340,12684,1,Normal,25,2,2,2,0,27,27,0,0,10,0,1,1,0,6,3,0,3,3,0,0,56,0,15,0,1,1,57,1,ai_farm
340,12684,1,Normal,28,3,3,3,0,27,27,0,0,15,0,1,1,0,6,1,0,3,3,0,0,84,0,14,0,1,1,78,1,ai_farm
340,12684,1,Normal,33,4,4,4,0,27,27,0,0,20,0,1,1,0,9,5,0,3,3,0,0,112,4,21,0,1,1,106,1,ai_farm
340,12684,1,Normal,36,3,3,3,0,27,27,0,0,15,0,1,1,0,5,0,0,3,3,0,0,84,0,10,0,1,1,127,1,ai_farm
340,12684,1,Normal,25,2,2,2,0,27,36,0,2,10,0,1,2,0,6,4,0,3,3,0,0,56,2,16,0,1,1,141,1,ai_farm; +1 levelup
340,12684,2,Normal,34,4,4,4,0,36,27,2,2,20,0,2,2,0,0,0,2,3,3,0,0,112,9,11,0,1,1,141,1,
340,12684,3,Normal,32,2,2,1,0,27,0,2,2,12,0,2,2,3,6,5,0,0,0,0,0,117,40,22,1,0,0,153,1,party wiped
341,12685,1,Normal,18,4,4,3,0,27,0,0,0,15,0,1,1,2,11,6,0,0,0,0,0,111,27,30,1,0,0,28,1,floor1_town; party wiped
342,12686,1,Normal,27,3,3,3,0,27,27,0,0,15,0,1,1,0,7,1,0,3,3,0,0,84,0,14,0,1,1,22,1,floor1_town
342,12686,1,Normal,36,4,4,4,0,27,27,0,0,20,0,1,1,0,10,3,0,3,3,0,0,112,0,23,0,1,1,50,1,ai_farm
342,12686,1,Normal,39,5,5,5,0,27,27,0,0,25,0,1,1,0,12,3,0,3,3,0,0,140,12,25,0,1,1,85,1,ai_farm
342,12686,1,Normal,33,5,5,5,0,27,27,0,0,25,0,1,1,0,15,8,0,3,3,0,0,140,24,36,0,1,1,120,1,ai_farm
342,12686,1,Normal,26,1,1,1,0,27,27,0,0,5,0,1,1,0,3,0,0,3,3,0,0,28,0,5,0,1,1,127,1,ai_farm
342,12686,1,Normal,3,1,1,0,0,27,0,0,0,0,0,1,1,0,3,3,0,0,0,0,0,23,27,11,1,0,0,133,1,ai_farm; party wiped
343,12687,1,Normal,31,2,2,2,0,27,27,0,0,10,0,1,1,1,5,3,1,3,3,0,0,56,12,14,0,1,1,15,1,floor1_town
343,12687,1,Normal,29,1,1,1,0,27,27,0,0,5,0,1,1,0,1,0,1,3,3,0,0,28,0,2,0,1,1,22,1,ai_farm
343,12687,1,Normal,33,3,3,3,0,27,27,0,0,15,0,1,1,1,5,3,0,3,3,0,0,84,18,14,0,1,1,43,1,ai_farm
343,12687,1,Normal,35,3,3,3,0,27,27,0,0,15,0,1,1,0,9,4,0,3,3,0,0,84,2,19,0,1,1,64,1,ai_farm
343,12687,1,Normal,36,3,3,3,0,27,27,0,0,15,0,1,1,0,9,4,0,3,3,0,0,84,2,17,0,1,1,85,1,ai_farm
343,12687,1,Normal,39,5,5,5,0,27,27,0,0,25,0,1,1,0,13,2,0,3,3,0,0,140,0,24,0,1,1,120,1,ai_farm
343,12687,1,Normal,27,4,4,4,0,27,34,0,1,20,0,1,2,0,12,7,0,3,3,0,0,112,11,27,0,1,1,142,1,ai_farm; +1 levelup
343,12687,2,Normal,32,5,5,5,0,34,34,1,1,25,0,2,2,1,3,3,1,0,0,0,0,140,0,22,0,1,1,142,1,
343,12687,3,Normal,29,2,2,2,0,34,34,1,1,24,0,2,2,1,6,4,0,0,1,0,0,120,0,13,0,1,1,154,1,
344,12688,1,Normal,35,3,3,2,0,27,0,0,0,10,0,1,1,0,6,5,0,0,0,0,0,83,27,19,1,0,0,21,1,floor1_town; party wiped
345,12689,1,Normal,25,2,2,2,0,27,27,0,0,10,0,1,1,2,4,0,0,3,3,0,0,56,0,11,0,1,1,15,1,floor1_town
345,12689,1,Normal,26,4,4,4,0,27,27,0,0,20,0,1,1,0,12,7,0,3,3,0,0,112,30,32,0,1,1,43,1,ai_farm
345,12689,1,Normal,29,4,4,4,0,27,27,0,0,20,0,1,1,0,9,1,0,3,3,0,0,112,2,16,0,1,1,71,1,ai_farm
345,12689,1,Normal,30,4,4,4,0,27,27,0,0,20,0,1,1,0,9,4,0,3,3,0,0,112,0,22,0,1,1,99,1,ai_farm
345,12689,1,Normal,30,3,3,3,0,27,27,0,0,15,0,1,1,0,9,6,0,3,3,0,0,84,2,21,0,1,1,120,1,ai_farm
345,12689,1,Normal,5,2,2,1,0,27,0,0,0,5,0,1,1,0,6,5,0,0,0,0,0,53,27,16,1,0,0,133,1,ai_farm; party wiped
346,12690,1,Normal,29,3,3,3,0,27,27,0,0,15,0,1,1,0,7,5,0,3,3,0,0,84,12,18,0,1,1,22,1,floor1_town
346,12690,1,Normal,28,2,2,2,0,27,27,0,0,10,0,1,1,0,3,0,0,3,3,0,0,56,0,5,0,1,1,36,1,ai_farm
346,12690,1,Normal,31,3,3,3,0,27,27,0,0,15,0,1,1,0,6,0,0,3,3,0,0,84,0,11,0,1,1,57,1,ai_farm
346,12690,1,Normal,26,3,3,3,0,27,27,0,0,15,0,1,1,0,9,6,0,3,3,0,0,84,2,21,0,1,1,78,1,ai_farm
346,12690,1,Normal,27,2,2,2,0,27,27,0,0,10,0,1,1,0,5,0,0,3,3,0,0,56,0,9,0,1,1,92,1,ai_farm
346,12690,1,Normal,38,4,4,4,0,27,27,0,0,20,0,1,1,0,7,0,0,3,3,0,0,112,0,14,0,1,1,120,1,ai_farm
346,12690,1,Normal,31,3,3,3,0,27,35,0,1,15,0,1,2,0,8,5,0,3,3,0,0,84,0,19,0,1,1,141,1,ai_farm; +1 levelup
346,12690,2,Normal,33,2,2,2,0,35,35,1,1,10,0,2,2,0,3,0,1,2,3,0,0,56,9,9,0,1,1,142,1,
346,12690,3,Normal,26,2,2,2,0,35,35,1,1,24,0,2,2,0,5,0,1,0,3,0,0,120,0,7,0,1,1,154,1,
347,12691,1,Normal,34,3,3,3,0,27,27,0,0,15,0,1,1,2,4,2,0,3,3,0,0,84,0,16,0,1,1,22,1,floor1_town
347,12691,1,Normal,25,4,4,4,0,27,27,0,0,20,0,1,1,0,10,3,0,3,3,0,0,112,24,28,0,1,1,50,1,ai_farm
347,12691,1,Normal,40,6,6,6,0,27,27,0,0,30,0,1,1,0,12,4,0,3,3,0,0,168,2,34,0,1,1,92,1,ai_farm
347,12691,1,Normal,39,3,3,3,0,27,27,0,0,15,0,1,1,0,6,2,0,3,3,0,0,84,0,14,0,1,1,113,1,ai_farm
347,12691,1,Normal,31,3,3,3,0,27,27,0,0,15,0,1,1,0,8,5,0,3,3,0,0,84,0,18,0,1,1,134,1,ai_farm
347,12691,1,Normal,36,2,2,2,0,27,34,0,1,10,0,1,2,0,4,0,0,3,3,0,0,56,0,7,0,1,1,142,1,ai_farm; +1 levelup
347,12691,2,Normal,27,4,4,4,0,34,34,1,1,20,0,2,2,0,6,5,0,0,1,0,0,112,33,21,0,1,1,143,1,
347,12691,3,Normal,38,5,5,5,0,34,30,1,1,60,0,2,2,2,14,5,0,0,0,0,0,300,4,29,0,1,1,173,1,
348,12692,1,Normal,39,6,6,6,0,27,27,0,0,30,0,1,1,1,16,5,0,3,3,0,0,168,14,40,0,1,1,43,1,floor1_town
348,12692,1,Normal,29,5,5,5,0,27,27,0,0,25,0,1,1,0,9,1,0,3,3,0,0,140,0,22,0,1,1,78,1,ai_farm
348,12692,1,Normal,27,3,3,3,0,27,27,0,0,15,0,1,1,0,9,5,0,3,3,0,0,84,2,22,0,1,1,99,1,ai_farm
348,12692,1,Normal,25,3,3,3,0,27,27,0,0,15,0,1,1,0,7,1,0,3,3,0,0,84,0,13,0,1,1,120,1,ai_farm
348,12692,1,Normal,34,4,4,4,0,27,35,0,2,20,0,1,2,0,10,4,0,3,3,0,0,112,4,21,0,1,1,142,1,ai_farm; +1 levelup
348,12692,2,Normal,38,3,3,3,0,35,35,2,2,15,0,2,2,0,3,0,1,0,3,0,0,84,0,7,0,1,1,142,1,
348,12692,3,Normal,18,2,2,1,0,35,0,2,2,12,0,2,2,3,6,5,0,0,0,0,0,90,35,17,1,0,0,154,1,party wiped
349,12693,1,Normal,27,4,4,4,0,27,27,0,0,20,0,1,1,2,11,3,0,3,3,0,0,112,12,23,0,1,1,29,1,floor1_town
349,12693,1,Normal,39,4,4,4,0,27,27,0,0,20,0,1,1,0,9,0,0,3,3,0,0,112,0,16,0,1,1,57,1,ai_farm
349,12693,1,Normal,31,4,4,4,0,27,27,0,0,20,0,1,1,0,11,2,0,3,3,0,0,112,2,27,0,1,1,85,1,ai_farm
349,12693,1,Normal,34,1,1,1,0,27,27,0,0,5,0,1,1,0,1,0,0,3,3,0,0,28,0,3,0,1,1,92,1,ai_farm
349,12693,1,Normal,36,4,4,4,0,27,27,0,0,20,0,1,1,0,8,1,0,3,3,0,0,112,2,19,0,1,1,120,1,ai_farm
349,12693,1,Normal,25,4,4,4,0,27,35,0,2,20,0,1,2,0,12,7,0,3,3,0,0,112,10,23,0,1,1,142,1,ai_farm; +1 levelup
349,12693,2,Normal,39,3,3,3,0,35,23,2,2,15,0,2,2,0,3,3,0,0,0,0,0,84,12,13,0,1,1,142,1,
349,12693,3,Normal,35,7,7,7,0,23,35,2,2,84,0,2,2,2,21,11,0,0,2,0,0,420,48,52,0,1,1,184,1,
350,12694,1,Normal,32,3,3,3,0,27,27,0,0,15,0,1,1,1,7,1,0,3,3,0,0,84,2,15,0,1,1,22,1,floor1_town
350,12694,1,Normal,28,2,2,2,0,27,27,0,0,10,0,1,1,0,6,2,0,3,3,0,0,56,0,13,0,1,1,36,1,ai_farm
350,12694,1,Normal,27,2,2,2,0,27,27,0,0,10,0,1,1,0,6,1,0,3,3,0,0,56,2,9,0,1,1,50,1,ai_farm
350,12694,1,Normal,28,4,4,4,0,27,27,0,0,20,0,1,1,0,11,2,0,3,3,0,0,112,0,19,0,1,1,78,1,ai_farm
350,12694,1,Normal,25,4,4,4,0,27,27,0,0,20,0,1,1,0,10,0,0,3,3,0,0,112,0,16,0,1,1,106,1,ai_farm
350,12694,1,Normal,30,3,3,3,0,27,27,0,0,15,0,1,1,0,6,1,0,3,3,0,0,84,0,12,0,1,1,127,1,ai_farm
350,12694,1,Normal,36,4,4,4,0,27,35,0,2,20,0,1,2,0,9,1,0,3,3,0,0,112,0,18,0,1,1,143,1,ai_farm; +1 levelup
350,12694,2,Normal,34,2,2,2,0,35,35,2,2,10,0,2,2,0,3,2,0,0,1,0,0,56,0,9,0,1,1,143,1,
350,12694,3,Normal,20,4,4,3,0,35,0,2,2,36,0,2,2,2,10,7,0,0,0,0,0,203,54,33,1,0,0,167,1,party wiped
351,12695,1,Normal,37,3,3,3,0,27,27,0,0,15,0,1,1,2,4,0,0,3,3,0,0,84,0,11,0,1,1,22,1,floor1_town
351,12695,1,Normal,35,3,3,3,0,27,27,0,0,15,0,1,1,0,7,1,0,3,3,0,0,84,0,13,0,1,1,43,1,ai_farm
351,12695,1,Normal,34,3,3,3,0,27,27,0,0,15,0,1,1,0,6,2,0,3,3,0,0,84,0,14,0,1,1,64,1,ai_farm
351,12695,1,Normal,31,4,4,4,0,27,27,0,0,20,0,1,1,0,8,2,0,3,3,0,0,112,0,15,0,1,1,92,1,ai_farm
351,12695,1,Normal,28,0,0,0,0,27,27,0,0,0,0,1,1,0,0,0,0,3,3,0,0,0,0,0,0,1,1,92,0,ai_farm
351,12695,1,Normal,36,5,5,5,0,27,27,0,0,25,0,1,1,0,15,5,0,3,3,0,0,140,14,31,0,1,1,127,1,ai_farm
351,12695,1,Normal,30,4,4,4,0,27,34,0,3,20,0,1,2,0,8,3,0,3,3,0,0,112,12,21,0,1,1,143,1,ai_farm; +1 levelup
351,12695,2,Normal,25,3,3,2,0,34,0,3,3,10,0,2,2,0,3,3,0,0,0,0,0,82,34,12,1,0,0,143,1,party wiped
352,12696,1,Normal,25,2,2,2,0,27,27,0,0,10,0,1,1,0,4,0,1,3,3,0,0,56,0,10,0,1,1,15,1,floor1_town
352,12696,1,Normal,26,2,2,2,0,27,27,0,0,10,0,1,1,1,5,0,0,3,3,0,0,56,0,11,0,1,1,29,1,ai_farm
352,12696,1,Normal,37,4,4,4,0,27,27,0,0,20,0,1,1,0,11,6,0,3,3,0,0,112,0,25,0,1,1,57,1,ai_farm
352,12696,1,Normal,30,2,2,2,0,27,27,0,0,10,0,1,1,0,6,1,0,3,3,0,0,56,0,11,0,1,1,71,1,ai_farm
352,12696,1,Normal,28,4,4,4,0,27,27,0,0,20,0,1,1,0,10,3,0,3,3,0,0,112,0,21,0,1,1,99,1,ai_farm
352,12696,1,Normal,39,5,5,5,0,27,27,0,0,25,0,1,1,0,11,5,0,3,3,0,0,140,4,27,0,1,1,134,1,ai_farm
352,12696,1,Normal,30,3,3,3,0,27,36,0,2,15,0,1,2,0,7,0,0,3,3,0,0,84,0,13,0,1,1,143,1,ai_farm; +1 levelup
352,12696,2,Normal,26,3,3,3,0,36,36,2,2,15,0,2,2,0,3,3,0,0,0,0,0,84,0,11,0,1,1,143,1,
352,12696,3,Normal,3,1,1,0,0,36,0,2,2,0,0,2,2,0,3,3,0,0,0,0,0,45,36,9,1,0,0,149,1,party wiped
353,12697,1,Normal,30,2,2,2,0,27,27,0,0,10,0,1,1,2,5,3,0,3,3,0,0,56,2,13,0,1,1,15,1,floor1_town
353,12697,1,Normal,32,4,4,4,0,27,27,0,0,20,0,1,1,0,8,4,0,3,3,0,0,112,12,21,0,1,1,43,1,ai_farm
353,12697,1,Normal,40,6,6,6,0,27,27,0,0,30,0,1,1,0,13,3,0,3,3,0,0,168,0,24,0,1,1,85,1,ai_farm
353,12697,1,Normal,2,1,1,0,0,27,0,0,0,0,0,1,1,0,3,3,0,0,0,0,0,20,27,10,1,0,0,91,1,ai_farm; party wiped
354,12698,1,Normal,35,4,4,4,0,27,27,0,0,20,0,1,1,1,9,3,0,3,3,0,0,112,0,19,0,1,1,29,1,floor1_town
354,12698,1,Normal,26,4,4,4,0,27,27,0,0,20,0,1,1,0,9,3,0,3,3,0,0,112,2,21,0,1,1,57,1,ai_farm
354,12698,1,Normal,39,2,2,2,0,27,27,0,0,10,0,1,1,0,6,1,0,3,3,0,0,56,0,11,0,1,1,71,1,ai_farm
354,12698,1,Normal,29,3,3,3,0,27,27,0,0,15,0,1,1,0,6,3,0,3,3,0,0,84,0,15,0,1,1,92,1,ai_farm
354,12698,1,Normal,27,3,3,3,0,27,27,0,0,15,0,1,1,0,8,3,0,3,3,0,0,84,0,17,0,1,1,113,1,ai_farm
354,12698,1,Normal,14,2,2,1,0,27,0,0,0,5,0,1,1,0,6,3,0,0,0,0,0,46,27,13,1,0,0,126,1,ai_farm; party wiped
355,12699,1,Normal,8,2,2,1,0,27,0,0,0,5,0,1,1,0,4,3,0,0,0,0,0,55,27,12,1,0,0,14,1,floor1_town; party wiped
356,12700,1,Normal,28,3,3,3,0,27,27,0,0,15,0,1,1,1,8,4,0,3,3,0,0,84,6,17,0,1,1,22,1,floor1_town
356,12700,1,Normal,31,6,6,6,0,27,27,0,0,30,0,1,1,0,17,5,0,3,3,0,0,168,8,36,0,1,1,64,1,ai_farm
356,12700,1,Normal,39,5,5,5,0,27,27,0,0,25,0,1,1,0,15,3,0,3,3,0,0,140,2,26,0,1,1,99,1,ai_farm
356,12700,1,Normal,35,2,2,2,0,27,27,0,0,10,0,1,1,0,5,1,0,3,3,0,0,56,2,10,0,1,1,113,1,ai_farm
356,12700,1,Normal,34,6,6,6,0,27,36,0,1,30,0,1,2,0,11,3,0,3,3,0,0,168,0,26,0,1,1,143,1,ai_farm; +1 levelup
356,12700,2,Normal,34,2,2,2,0,36,36,1,1,10,0,2,2,0,3,3,0,0,0,0,0,56,0,10,0,1,1,143,1,
356,12700,3,Normal,31,2,2,2,0,36,36,1,1,24,0,2,2,0,6,3,0,0,2,0,0,120,0,13,0,1,1,155,1,
357,12701,1,Normal,11,2,2,1,0,27,0,0,0,5,0,1,1,0,6,3,0,0,0,0,0,55,27,12,1,0,0,14,1,floor1_town; party wiped
358,12702,1,Normal,38,5,5,5,0,27,27,0,0,25,0,1,1,1,13,7,0,3,3,0,0,140,2,32,0,1,1,36,1,floor1_town
358,12702,1,Normal,39,3,3,3,0,27,27,0,0,15,0,1,1,0,7,1,0,3,3,0,0,84,2,15,0,1,1,57,1,ai_farm
358,12702,1,Normal,32,1,1,1,0,27,27,0,0,5,0,1,1,0,2,0,0,3,3,0,0,28,0,3,0,1,1,64,1,ai_farm
358,12702,1,Normal,30,3,3,3,0,27,27,0,0,15,0,1,1,0,7,3,0,3,3,0,0,84,0,17,0,1,1,85,1,ai_farm
358,12702,1,Normal,29,1,1,1,0,27,27,0,0,5,0,1,1,0,3,2,0,3,3,0,0,28,4,7,0,1,1,92,1,ai_farm
358,12702,1,Normal,30,2,2,2,0,27,27,0,0,10,0,1,1,0,6,0,0,3,3,0,0,56,0,9,0,1,1,106,1,ai_farm
358,12702,1,Normal,25,5,5,5,0,27,34,0,2,25,0,1,2,0,13,11,0,3,3,0,0,140,24,39,0,1,1,141,1,ai_farm; +1 levelup
358,12702,2,Normal,12,3,3,2,0,34,0,2,2,10,0,2,2,1,3,3,0,0,0,0,0,69,34,16,1,0,0,141,1,party wiped
359,12703,1,Normal,26,0,0,0,0,27,27,0,0,0,0,1,1,0,0,0,0,3,3,0,0,0,0,0,0,1,1,1,0,floor1_town
359,12703,1,Normal,21,4,4,3,0,27,0,0,0,15,0,1,1,0,10,4,0,0,0,0,0,111,27,23,1,0,0,28,1,ai_farm; party wiped
360,12704,1,Normal,31,4,4,4,0,27,27,0,0,20,0,1,1,1,10,1,0,3,3,0,0,112,0,20,0,1,1,29,1,floor1_town
360,12704,1,Normal,38,4,4,4,0,27,27,0,0,20,0,1,1,0,12,3,0,3,3,0,0,112,2,22,0,1,1,57,1,ai_farm
360,12704,1,Normal,30,1,1,1,0,27,27,0,0,5,0,1,1,0,1,0,0,3,3,0,0,28,0,3,0,1,1,64,1,ai_farm
360,12704,1,Normal,37,5,5,5,0,27,27,0,0,25,0,1,1,0,13,3,0,3,3,0,0,140,2,28,0,1,1,99,1,ai_farm
360,12704,1,Normal,30,2,2,2,0,27,27,0,0,10,0,1,1,0,6,2,0,3,3,0,0,56,2,14,0,1,1,113,1,ai_farm
360,12704,1,Normal,25,2,2,2,0,27,27,0,0,10,0,1,1,0,4,3,0,3,3,0,0,56,12,15,0,1,1,127,1,ai_farm
360,12704,1,Normal,30,2,2,2,0,27,35,0,3,10,0,1,2,0,6,2,0,3,3,0,0,56,0,13,0,1,1,141,1,ai_farm; +1 levelup
360,12704,2,Normal,26,4,4,4,0,35,24,3,3,20,0,2,2,0,3,3,1,0,0,0,0,112,11,14,0,1,1,141,1,
360,12704,3,Normal,25,3,3,3,0,24,35,3,3,36,0,2,2,1,7,3,1,0,3,0,0,180,0,23,0,1,1,159,1,
361,12705,1,Normal,36,3,3,3,0,27,27,0,0,15,0,1,1,0,4,0,0,3,3,0,0,84,0,8,0,1,1,22,1,floor1_town
361,12705,1,Normal,40,3,3,3,0,27,27,0,0,15,0,1,1,0,6,1,0,3,3,0,0,84,0,13,0,1,1,43,1,ai_farm
361,12705,1,Normal,26,1,1,1,0,27,27,0,0,5,0,1,1,0,3,3,0,3,3,0,0,28,0,7,0,1,1,50,1,ai_farm
361,12705,1,Normal,39,5,5,5,0,27,27,0,0,25,0,1,1,0,10,2,0,3,3,0,0,140,0,24,0,1,1,85,1,ai_farm
361,12705,1,Normal,33,4,4,4,0,27,27,0,0,20,0,1,1,0,8,0,0,3,3,0,0,112,0,18,0,1,1,113,1,ai_farm
361,12705,1,Normal,40,3,3,3,0,27,27,0,0,15,0,1,1,0,6,3,0,3,3,0,0,84,2,14,0,1,1,134,1,ai_farm
361,12705,1,Normal,33,4,4,4,0,27,36,0,2,20,0,1,2,0,9,2,0,3,3,0,0,112,0,16,0,1,1,144,1,ai_farm; +1 levelup
361,12705,2,Normal,29,4,4,4,0,36,36,2,2,20,0,2,2,0,3,0,2,0,3,0,0,112,0,11,0,1,1,144,1,
361,12705,3,Normal,35,4,4,4,0,36,36,2,2,48,0,2,2,2,8,2,1,1,3,0,0,240,0,18,0,1,1,168,1,
362,12706,1,Normal,40,3,3,3,0,27,27,0,0,15,0,1,1,1,7,4,0,3,3,0,0,84,0,19,0,1,1,22,1,floor1_town
362,12706,1,Normal,34,3,3,3,0,27,27,0,0,15,0,1,1,0,8,1,0,3,3,0,0,84,0,16,0,1,1,43,1,ai_farm
362,12706,1,Normal,31,5,5,5,0,27,27,0,0,25,0,1,1,0,15,5,0,3,3,0,0,140,4,28,0,1,1,78,1,ai_farm
362,12706,1,Normal,31,2,2,2,0,27,27,0,0,10,0,1,1,0,6,4,0,3,3,0,0,56,2,13,0,1,1,92,1,ai_farm
362,12706,1,Normal,35,3,3,3,0,27,27,0,0,15,0,1,1,0,7,0,0,3,3,0,0,84,0,11,0,1,1,113,1,ai_farm
362,12706,1,Normal,30,3,3,3,0,27,27,0,0,15,0,1,1,0,9,5,0,3,3,0,0,84,16,20,0,1,1,134,1,ai_farm
362,12706,1,Normal,32,6,6,6,0,27,36,0,2,30,0,1,2,0,10,1,0,3,3,0,0,168,0,19,0,1,1,146,1,ai_farm; +1 levelup
362,12706,2,Normal,25,5,5,4,0,36,0,2,2,20,0,2,2,0,6,4,0,0,0,0,0,136,42,23,1,0,0,147,1,party wiped
363,12707,1,Normal,29,3,3,3,0,27,27,0,0,15,0,1,1,0,8,6,0,3,3,0,0,84,22,20,0,1,1,22,1,floor1_town
363,12707,1,Normal,32,4,4,4,0,27,27,0,0,20,0,1,1,0,11,5,0,3,3,0,0,112,0,25,0,1,1,50,1,ai_farm
363,12707,1,Normal,36,4,4,4,0,27,27,0,0,20,0,1,1,0,11,3,0,3,3,0,0,112,0,23,0,1,1,78,1,ai_farm
363,12707,1,Normal,36,1,1,1,0,27,27,0,0,5,0,1,1,0,3,0,0,3,3,0,0,28,0,5,0,1,1,85,1,ai_farm
363,12707,1,Normal,25,3,3,3,0,27,27,0,0,15,0,1,1,0,9,2,0,3,3,0,0,84,0,15,0,1,1,106,1,ai_farm
363,12707,1,Normal,25,2,2,2,0,27,27,0,0,10,0,1,1,0,6,3,0,3,3,0,0,56,2,13,0,1,1,120,1,ai_farm
363,12707,1,Normal,31,2,2,2,0,27,27,0,0,10,0,1,1,0,6,1,0,3,3,0,0,56,0,11,0,1,1,134,1,ai_farm
363,12707,1,Normal,37,3,3,3,0,27,35,0,1,15,0,1,2,0,9,4,0,3,3,0,0,84,2,18,0,1,1,143,1,ai_farm; +1 levelup
363,12707,2,Normal,29,2,2,2,0,35,35,1,1,10,0,2,2,0,3,2,0,0,1,0,0,56,0,8,0,1,1,143,1,
363,12707,3,Normal,25,3,3,3,0,35,35,1,1,36,0,2,2,1,9,2,0,0,2,0,0,180,0,16,0,1,1,161,1,
364,12708,1,Normal,34,3,3,3,0,27,27,0,0,15,0,1,1,2,9,7,0,3,3,0,0,84,28,28,0,1,1,22,1,floor1_town
364,12708,1,Normal,40,3,3,3,0,27,27,0,0,15,0,1,1,0,6,2,0,3,3,0,0,84,2,17,0,1,1,43,1,ai_farm
364,12708,1,Normal,32,4,4,4,0,27,27,0,0,20,0,1,1,0,12,7,0,3,3,0,0,112,24,29,0,1,1,71,1,ai_farm
364,12708,1,Normal,27,3,3,3,0,27,27,0,0,15,0,1,1,0,8,2,0,3,3,0,0,84,0,16,0,1,1,92,1,ai_farm
364,12708,1,Normal,15,2,2,1,0,27,0,0,0,5,0,1,1,0,5,3,0,0,0,0,0,46,27,14,1,0,0,105,1,ai_farm; party wiped
365,12709,1,Normal,38,4,4,4,0,27,27,0,0,20,0,1,1,0,11,1,0,3,3,0,0,112,2,20,0,1,1,29,1,floor1_town
365,12709,1,Normal,35,3,3,3,0,27,27,0,0,15,0,1,1,0,9,4,0,3,3,0,0,84,0,19,0,1,1,50,1,ai_farm
365,12709,1,Normal,29,5,5,5,0,27,27,0,0,25,0,1,1,0,12,2,0,3,3,0,0,140,2,23,0,1,1,85,1,ai_farm
365,12709,1,Normal,25,4,4,4,0,27,27,0,0,20,0,1,1,0,12,4,0,3,3,0,0,112,0,21,0,1,1,113,1,ai_farm
365,12709,1,Normal,37,4,4,4,0,27,35,0,2,20,0,1,2,0,9,2,0,3,3,0,0,112,0,17,0,1,1,141,1,ai_farm; +1 levelup
365,12709,2,Normal,26,3,3,2,1,35,5,2,2,10,0,2,2,1,3,3,0,0,0,0,0,56,30,16,0,1,1,141,1,flee×1
365,12709,3,Normal,39,2,2,2,0,5,35,2,2,24,0,2,2,0,6,2,0,0,3,0,0,120,0,12,0,1,1,153,1,
366,12710,1,Normal,27,4,4,4,0,27,27,0,0,20,0,1,1,1,6,0,1,3,3,0,0,112,0,17,0,1,1,29,1,floor1_town
366,12710,1,Normal,34,1,1,1,0,27,27,0,0,5,0,1,1,1,3,0,0,3,3,0,0,28,0,5,0,1,1,36,1,ai_farm
366,12710,1,Normal,27,1,1,1,0,27,27,0,0,5,0,1,1,0,3,2,0,3,3,0,0,28,0,6,0,1,1,43,1,ai_farm
366,12710,1,Normal,32,4,4,4,0,27,27,0,0,20,0,1,1,0,12,3,0,3,3,0,0,112,0,25,0,1,1,71,1,ai_farm
366,12710,1,Normal,30,0,0,0,0,27,27,0,0,0,0,1,1,0,0,0,0,3,3,0,0,0,0,0,0,1,1,71,0,ai_farm
366,12710,1,Normal,37,4,4,4,0,27,27,0,0,20,0,1,1,0,11,3,0,3,3,0,0,112,2,22,0,1,1,99,1,ai_farm
366,12710,1,Normal,18,1,1,0,0,27,0,0,0,0,0,1,1,0,3,3,0,0,0,0,0,27,27,8,1,0,0,105,1,ai_farm; party wiped
367,12711,1,Normal,32,4,4,4,0,27,27,0,0,20,0,1,1,0,11,2,0,3,3,0,0,112,0,19,0,1,1,29,1,floor1_town
367,12711,1,Normal,31,4,4,4,0,27,27,0,0,20,0,1,1,0,7,1,0,3,3,0,0,112,0,13,0,1,1,57,1,ai_farm
367,12711,1,Normal,3,1,1,0,0,27,0,0,0,0,0,1,1,0,3,3,0,0,0,0,0,18,27,8,1,0,0,63,1,ai_farm; party wiped
368,12712,1,Normal,37,3,3,3,0,27,27,0,0,15,0,1,1,2,4,0,0,3,3,0,0,84,0,13,0,1,1,22,1,floor1_town
368,12712,1,Normal,30,2,2,2,0,27,27,0,0,10,0,1,1,0,5,2,0,3,3,0,0,56,0,9,0,1,1,36,1,ai_farm
368,12712,1,Normal,28,3,3,3,0,27,27,0,0,15,0,1,1,0,8,3,0,3,3,0,0,84,0,17,0,1,1,57,1,ai_farm
368,12712,1,Normal,31,1,1,1,0,27,27,0,0,5,0,1,1,0,2,0,0,3,3,0,0,28,0,3,0,1,1,64,1,ai_farm
368,12712,1,Normal,38,5,5,5,0,27,27,0,0,25,0,1,1,0,13,7,0,3,3,0,0,140,4,32,0,1,1,99,1,ai_farm
368,12712,1,Normal,38,4,4,4,0,27,27,0,0,20,0,1,1,0,10,7,0,3,3,0,0,112,18,26,0,1,1,127,1,ai_farm
368,12712,1,Normal,16,1,1,0,0,27,0,0,0,0,0,1,1,0,3,3,0,0,0,0,0,23,27,9,1,0,0,133,1,ai_farm; party wiped
369,12713,1,Normal,25,4,4,4,0,27,27,0,0,20,0,1,1,0,11,3,0,3,3,0,0,112,0,27,0,1,1,29,1,floor1_town
369,12713,1,Normal,26,3,3,3,0,27,27,0,0,15,0,1,1,0,7,2,0,3,3,0,0,84,0,16,0,1,1,50,1,ai_farm
369,12713,1,Normal,36,6,6,6,0,27,27,0,0,30,0,1,1,0,18,10,0,3,3,0,0,168,4,41,0,1,1,92,1,ai_farm
369,12713,1,Normal,33,3,3,3,0,27,27,0,0,15,0,1,1,0,9,4,0,3,3,0,0,84,0,16,0,1,1,113,1,ai_farm
369,12713,1,Normal,30,4,4,4,0,27,35,0,2,20,0,1,2,0,10,2,0,3,3,0,0,112,0,19,0,1,1,141,1,ai_farm; +1 levelup
369,12713,2,Normal,39,3,3,3,0,35,35,2,2,15,0,2,2,0,6,2,0,0,2,0,0,84,9,14,0,1,1,142,1,
369,12713,3,Normal,10,1,1,0,0,35,0,2,2,0,0,2,2,2,3,3,0,0,0,0,0,53,35,11,1,0,0,148,1,party wiped
370,12714,1,Normal,30,1,1,1,0,27,27,0,0,5,0,1,1,0,3,0,2,3,3,0,0,28,0,5,0,1,1,8,1,floor1_town
370,12714,1,Normal,36,5,5,5,0,27,27,0,0,25,0,1,1,2,11,2,0,3,3,0,0,140,2,24,0,1,1,43,1,ai_farm
370,12714,1,Normal,38,4,4,4,0,27,27,0,0,20,0,1,1,0,10,6,0,3,3,0,0,112,0,26,0,1,1,71,1,ai_farm
370,12714,1,Normal,40,4,4,4,0,27,27,0,0,20,0,1,1,0,9,4,0,3,3,0,0,112,6,21,0,1,1,99,1,ai_farm
370,12714,1,Normal,31,0,0,0,0,27,27,0,0,0,0,1,1,0,0,0,0,3,3,0,0,0,0,0,0,1,1,99,0,ai_farm
370,12714,1,Normal,31,5,5,5,0,27,27,0,0,25,0,1,1,0,12,2,0,3,3,0,0,140,0,24,0,1,1,134,1,ai_farm
370,12714,1,Normal,28,2,2,2,0,27,35,0,2,10,0,1,2,0,4,2,0,3,3,0,0,56,0,9,0,1,1,142,1,ai_farm; +1 levelup
370,12714,2,Normal,38,3,3,3,0,35,35,2,2,15,0,2,2,0,3,2,0,0,1,0,0,84,0,10,0,1,1,142,1,
370,12714,3,Normal,32,3,3,2,0,35,0,2,2,24,0,2,2,0,9,9,0,0,0,0,0,158,36,27,1,0,0,160,1,party wiped
371,12715,1,Normal,35,2,2,2,0,27,27,0,0,10,0,1,1,1,6,1,0,3,3,0,0,56,0,12,0,1,1,15,1,floor1_town
371,12715,1,Normal,27,3,3,3,0,27,27,0,0,15,0,1,1,0,9,3,0,3,3,0,0,84,2,16,0,1,1,36,1,ai_farm
371,12715,1,Normal,26,4,4,4,0,27,27,0,0,20,0,1,1,0,9,4,0,3,3,0,0,112,4,20,0,1,1,64,1,ai_farm
371,12715,1,Normal,34,2,2,2,0,27,27,0,0,10,0,1,1,0,6,5,0,3,3,0,0,56,0,16,0,1,1,78,1,ai_farm
371,12715,1,Normal,37,4,4,4,0,27,27,0,0,20,0,1,1,0,8,0,0,3,3,0,0,112,0,13,0,1,1,106,1,ai_farm
371,12715,1,Normal,30,2,2,2,0,27,27,0,0,10,0,1,1,0,6,1,0,3,3,0,0,56,0,10,0,1,1,120,1,ai_farm
371,12715,1,Normal,21,2,2,1,0,27,0,0,0,5,0,1,1,0,6,3,0,0,0,0,0,51,27,14,1,0,0,133,1,ai_farm; party wiped
372,12716,1,Normal,39,5,5,5,0,27,27,0,0,25,0,1,1,2,9,2,0,3,3,0,0,140,0,23,0,1,1,36,1,floor1_town
372,12716,1,Normal,34,4,4,4,0,27,27,0,0,20,0,1,1,0,7,2,0,3,3,0,0,112,0,17,0,1,1,64,1,ai_farm
372,12716,1,Normal,38,4,4,4,0,27,27,0,0,20,0,1,1,0,11,2,0,3,3,0,0,112,0,23,0,1,1,92,1,ai_farm
372,12716,1,Normal,31,3,3,3,0,27,27,0,0,15,0,1,1,0,7,3,0,3,3,0,0,84,0,16,0,1,1,113,1,ai_farm
372,12716,1,Normal,33,3,3,3,0,27,27,0,0,15,0,1,1,0,7,2,0,3,3,0,0,84,0,17,0,1,1,134,1,ai_farm
372,12716,1,Normal,34,3,3,3,0,27,35,0,2,15,0,1,2,0,8,1,0,3,3,0,0,84,0,15,0,1,1,143,1,ai_farm; +1 levelup
372,12716,2,Normal,30,1,1,1,0,35,35,2,2,5,0,2,2,0,3,0,2,0,3,0,0,28,0,4,0,1,1,143,1,
372,12716,3,Normal,38,6,6,6,0,35,35,2,2,72,0,2,2,4,17,8,0,0,3,0,0,360,25,40,0,1,1,179,1,
373,12717,1,Normal,28,3,3,3,0,27,27,0,0,15,0,1,1,1,7,5,0,3,3,0,0,84,12,21,0,1,1,22,1,floor1_town
373,12717,1,Normal,14,2,2,1,0,27,0,0,0,5,0,1,1,0,5,3,0,0,0,0,0,55,27,13,1,0,0,35,1,ai_farm; party wiped
374,12718,1,Normal,33,5,5,5,0,27,27,0,0,25,0,1,1,2,10,4,0,3,3,0,0,140,2,29,0,1,1,36,1,floor1_town
374,12718,1,Normal,38,1,1,1,0,27,27,0,0,5,0,1,1,0,3,0,0,3,3,0,0,28,0,4,0,1,1,43,1,ai_farm
374,12718,1,Normal,36,2,2,2,0,27,27,0,0,10,0,1,1,0,6,2,0,3,3,0,0,56,0,12,0,1,1,57,1,ai_farm
374,12718,1,Normal,37,3,3,3,0,27,27,0,0,15,0,1,1,0,8,1,0,3,3,0,0,84,0,14,0,1,1,78,1,ai_farm
374,12718,1,Normal,35,6,6,6,0,27,27,0,0,30,0,1,1,0,15,6,0,3,3,0,0,168,26,31,0,1,1,120,1,ai_farm
374,12718,1,Normal,32,4,4,4,0,27,34,0,2,20,0,1,2,0,8,0,0,3,3,0,0,112,0,17,0,1,1,142,1,ai_farm; +1 levelup
374,12718,2,Normal,30,2,2,2,0,34,34,2,2,10,0,2,2,0,3,1,0,0,2,0,0,56,0,8,0,1,1,142,1,
374,12718,3,Normal,29,3,3,3,0,34,34,2,2,36,0,2,2,2,9,2,0,0,3,0,0,180,0,16,0,1,1,160,1,
375,12719,1,Normal,37,1,1,1,0,27,27,0,0,5,0,1,1,0,1,0,1,3,3,0,0,28,0,4,0,1,1,8,1,floor1_town
375,12719,1,Normal,37,6,6,6,0,27,27,0,0,30,0,1,1,1,15,4,0,3,3,0,0,168,2,29,0,1,1,50,1,ai_farm
375,12719,1,Normal,35,3,3,3,0,27,27,0,0,15,0,1,1,0,7,1,0,3,3,0,0,84,0,13,0,1,1,71,1,ai_farm
375,12719,1,Normal,39,4,4,4,0,27,27,0,0,20,0,1,1,0,11,7,0,3,3,0,0,112,23,28,0,1,1,99,1,ai_farm
375,12719,1,Normal,40,4,4,4,0,27,27,0,0,20,0,1,1,0,10,5,0,3,3,0,0,112,0,24,0,1,1,127,1,ai_farm
375,12719,1,Normal,30,2,2,2,0,27,35,0,1,10,0,1,2,0,4,0,0,3,3,0,0,56,0,7,0,1,1,141,1,ai_farm; +1 levelup
375,12719,2,Normal,38,4,4,4,0,35,35,1,1,20,0,2,2,0,3,2,0,0,1,0,0,112,0,12,0,1,1,141,1,
375,12719,3,Normal,31,3,3,3,0,35,19,1,1,36,0,2,2,1,8,4,1,0,0,0,0,180,16,20,0,1,1,159,1,
376,12720,1,Normal,26,2,2,2,0,27,27,0,0,10,0,1,1,0,6,3,2,3,3,0,0,56,0,11,0,1,1,15,1,floor1_town
376,12720,1,Normal,32,2,2,2,0,27,27,0,0,10,0,1,1,1,4,0,1,3,3,0,0,56,0,7,0,1,1,29,1,ai_farm
376,12720,1,Normal,32,3,3,3,0,27,27,0,0,15,0,1,1,1,7,1,0,3,3,0,0,84,2,14,0,1,1,50,1,ai_farm
376,12720,1,Normal,32,3,3,3,0,27,27,0,0,15,0,1,1,0,6,4,0,3,3,0,0,84,2,16,0,1,1,71,1,ai_farm
376,12720,1,Normal,37,3,3,3,0,27,27,0,0,15,0,1,1,0,8,3,0,3,3,0,0,84,0,18,0,1,1,92,1,ai_farm
376,12720,1,Normal,28,2,2,2,0,27,27,0,0,10,0,1,1,0,5,2,0,3,3,0,0,56,0,11,0,1,1,106,1,ai_farm
376,12720,1,Normal,32,3,3,3,0,27,27,0,0,15,0,1,1,0,8,3,0,3,3,0,0,84,0,17,0,1,1,127,1,ai_farm
376,12720,1,Normal,36,4,4,4,0,27,35,0,1,20,0,1,2,0,7,0,0,3,3,0,0,112,0,11,0,1,1,143,1,ai_farm; +1 levelup
376,12720,2,Normal,36,3,3,3,0,35,23,1,1,15,0,2,2,0,3,3,2,0,0,0,0,84,12,12,0,1,1,143,1,
376,12720,3,Normal,32,4,4,4,0,23,8,1,1,48,0,2,2,4,12,7,0,0,0,0,0,240,39,31,0,1,1,167,1,
377,12721,1,Normal,31,3,3,3,0,27,27,0,0,15,0,1,1,1,6,2,0,3,3,0,0,84,0,15,0,1,1,22,1,floor1_town
377,12721,1,Normal,25,3,3,3,0,27,27,0,0,15,0,1,1,0,8,2,0,3,3,0,0,84,2,15,0,1,1,43,1,ai_farm
377,12721,1,Normal,27,4,4,4,0,27,27,0,0,20,0,1,1,0,9,2,0,3,3,0,0,112,0,19,0,1,1,71,1,ai_farm
377,12721,1,Normal,29,0,0,0,0,27,27,0,0,0,0,1,1,0,0,0,0,3,3,0,0,0,0,0,0,1,1,71,0,ai_farm
377,12721,1,Normal,32,3,3,3,0,27,27,0,0,15,0,1,1,0,4,0,0,3,3,0,0,84,0,15,0,1,1,92,1,ai_farm
377,12721,1,Normal,22,4,4,3,0,27,0,0,0,15,0,1,1,0,8,4,0,0,0,0,0,102,27,22,1,0,0,119,1,ai_farm; party wiped
378,12722,1,Normal,36,3,3,3,0,27,27,0,0,15,0,1,1,0,8,2,0,3,3,0,0,84,2,15,0,1,1,22,1,floor1_town
378,12722,1,Normal,27,2,2,2,0,27,27,0,0,10,0,1,1,0,5,3,0,3,3,0,0,56,0,12,0,1,1,36,1,ai_farm
378,12722,1,Normal,33,1,1,1,0,27,27,0,0,5,0,1,1,0,2,0,0,3,3,0,0,28,0,4,0,1,1,43,1,ai_farm
378,12722,1,Normal,34,3,3,3,0,27,27,0,0,15,0,1,1,0,8,0,0,3,3,0,0,84,0,14,0,1,1,64,1,ai_farm
378,12722,1,Normal,38,0,0,0,0,27,27,0,0,0,0,1,1,0,0,0,0,3,3,0,0,0,0,0,0,1,1,64,0,ai_farm
378,12722,1,Normal,3,1,1,0,0,27,0,0,0,0,0,1,1,0,3,3,0,0,0,0,0,27,27,9,1,0,0,70,1,ai_farm; party wiped
379,12723,1,Normal,40,2,2,2,0,27,27,0,0,10,0,1,1,1,4,1,0,3,3,0,0,56,0,9,0,1,1,15,1,floor1_town
379,12723,1,Normal,40,5,5,5,0,27,27,0,0,25,0,1,1,0,14,6,0,3,3,0,0,140,0,29,0,1,1,50,1,ai_farm
379,12723,1,Normal,34,2,2,2,0,27,27,0,0,10,0,1,1,0,6,5,0,3,3,0,0,56,2,14,0,1,1,64,1,ai_farm
379,12723,1,Normal,36,6,6,6,0,27,27,0,0,30,0,1,1,0,17,7,0,3,3,0,0,168,0,33,0,1,1,106,1,ai_farm
379,12723,1,Normal,36,6,6,6,0,27,36,0,2,30,0,1,2,0,13,1,0,3,3,0,0,168,2,23,0,1,1,142,1,ai_farm; +1 levelup
379,12723,2,Normal,30,3,3,2,0,36,0,2,2,10,0,2,2,0,3,3,0,0,0,0,0,77,36,16,1,0,0,142,1,party wiped
380,12724,1,Normal,14,3,3,2,0,27,0,0,0,10,0,1,1,0,8,6,0,0,0,0,0,83,27,21,1,0,0,21,1,floor1_town; party wiped
381,12725,1,Normal,34,4,4,4,0,27,27,0,0,20,0,1,1,1,11,2,0,3,3,0,0,112,0,27,0,1,1,29,1,floor1_town
381,12725,1,Normal,26,4,4,4,0,27,27,0,0,20,0,1,1,0,11,5,0,3,3,0,0,112,2,27,0,1,1,57,1,ai_farm
381,12725,1,Normal,35,4,4,4,0,27,27,0,0,20,0,1,1,0,7,1,0,3,3,0,0,112,2,14,0,1,1,85,1,ai_farm
381,12725,1,Normal,30,2,2,2,0,27,27,0,0,10,0,1,1,0,6,2,0,3,3,0,0,56,0,12,0,1,1,99,1,ai_farm
381,12725,1,Normal,35,4,4,4,0,27,27,0,0,20,0,1,1,0,8,2,0,3,3,0,0,112,0,16,0,1,1,127,1,ai_farm
381,12725,1,Normal,33,5,5,5,0,27,35,0,3,25,0,1,2,0,10,3,0,3,3,0,0,140,18,24,0,1,1,144,1,ai_farm; +1 levelup
381,12725,2,Normal,36,2,2,2,0,35,35,3,3,10,0,2,2,0,2,0,0,2,3,0,0,56,9,9,0,1,1,145,1,
381,12725,3,Normal,34,5,5,5,0,35,20,3,3,60,0,2,2,0,15,10,0,0,0,0,0,300,17,38,0,1,1,175,1,
382,12726,1,Normal,38,4,4,4,0,27,27,0,0,20,0,1,1,0,10,3,0,3,3,0,0,112,2,21,0,1,1,29,1,floor1_town
382,12726,1,Normal,31,3,3,3,0,27,27,0,0,15,0,1,1,0,8,1,0,3,3,0,0,84,0,13,0,1,1,50,1,ai_farm
382,12726,1,Normal,28,3,3,2,0,27,0,0,0,10,0,1,1,0,7,3,0,0,0,0,0,83,27,22,1,0,0,70,1,ai_farm; party wiped
383,12727,1,Normal,27,5,5,5,0,27,27,0,0,25,0,1,1,1,15,13,0,3,3,0,0,140,18,41,0,1,1,36,1,floor1_town
383,12727,1,Normal,32,4,4,4,0,27,27,0,0,20,0,1,1,0,10,5,0,3,3,0,0,112,2,23,0,1,1,64,1,ai_farm
383,12727,1,Normal,28,1,1,1,0,27,27,0,0,5,0,1,1,0,3,0,0,3,3,0,0,28,0,6,0,1,1,71,1,ai_farm
383,12727,1,Normal,36,5,5,5,0,27,27,0,0,25,0,1,1,0,13,5,0,3,3,0,0,140,4,27,0,1,1,106,1,ai_farm
383,12727,1,Normal,19,4,4,3,0,27,0,0,0,15,0,1,1,0,9,3,0,0,0,0,0,102,27,19,1,0,0,133,1,ai_farm; party wiped
384,12728,1,Normal,32,3,3,3,0,27,27,0,0,15,0,1,1,0,9,4,0,3,3,0,0,84,2,19,0,1,1,22,1,floor1_town
384,12728,1,Normal,40,4,4,4,0,27,27,0,0,20,0,1,1,0,10,0,0,3,3,0,0,112,0,16,0,1,1,50,1,ai_farm
384,12728,1,Normal,28,1,1,1,0,27,27,0,0,5,0,1,1,0,2,0,0,3,3,0,0,28,0,4,0,1,1,57,1,ai_farm
384,12728,1,Normal,37,4,4,4,0,27,27,0,0,20,0,1,1,0,10,5,0,3,3,0,0,112,20,23,0,1,1,85,1,ai_farm
384,12728,1,Normal,27,1,1,1,0,27,27,0,0,5,0,1,1,0,3,1,0,3,3,0,0,28,0,5,0,1,1,92,1,ai_farm
384,12728,1,Normal,30,4,4,4,0,27,27,0,0,20,0,1,1,0,11,3,0,3,3,0,0,112,0,24,0,1,1,120,1,ai_farm
384,12728,1,Normal,26,1,1,1,0,27,27,0,0,5,0,1,1,0,2,0,0,3,3,0,0,28,0,5,0,1,1,127,1,ai_farm
384,12728,1,Normal,25,0,0,0,0,27,27,0,0,0,0,1,1,0,0,0,0,3,3,0,0,0,0,0,0,1,1,127,0,ai_farm
384,12728,1,Normal,30,4,4,4,0,27,35,0,1,20,0,1,2,0,11,2,0,3,3,0,0,112,0,22,0,1,1,143,1,ai_farm; +1 levelup
384,12728,2,Normal,27,4,4,4,0,35,35,1,1,20,0,2,2,0,4,3,0,2,3,0,0,112,27,16,0,1,1,144,1,
384,12728,3,Normal,15,2,2,1,0,35,0,1,1,12,0,2,2,0,6,6,0,0,0,0,0,94,38,16,1,0,0,156,1,party wiped
385,12729,1,Normal,36,2,2,2,0,27,27,0,0,10,0,1,1,2,5,1,0,3,3,0,0,56,0,11,0,1,1,15,1,floor1_town
385,12729,1,Normal,27,5,5,5,0,27,27,0,0,25,0,1,1,0,14,4,0,3,3,0,0,140,4,28,0,1,1,50,1,ai_farm
385,12729,1,Normal,11,3,3,2,0,27,0,0,0,10,0,1,1,0,7,3,0,0,0,0,0,74,27,15,1,0,0,70,1,ai_farm; party wiped
386,12730,1,Normal,25,2,2,2,0,27,27,0,0,10,0,1,1,0,6,1,0,3,3,0,0,56,2,9,0,1,1,15,1,floor1_town
386,12730,1,Normal,28,3,3,3,0,27,27,0,0,15,0,1,1,0,7,3,0,3,3,0,0,84,14,17,0,1,1,36,1,ai_farm
386,12730,1,Normal,36,2,2,1,1,27,7,0,0,5,0,1,1,0,6,4,0,0,0,0,0,28,20,13,0,1,1,49,1,ai_farm; flee×1
386,12730,1,Normal,40,6,6,6,0,7,27,0,0,30,0,1,1,0,17,3,0,3,3,0,0,168,2,29,0,1,1,91,1,ai_farm
386,12730,1,Normal,33,5,5,5,0,27,27,0,0,25,0,1,1,0,10,4,0,3,3,0,0,140,2,25,0,1,1,126,1,ai_farm
386,12730,1,Normal,29,3,3,3,0,27,36,0,3,15,0,1,2,0,8,0,0,3,3,0,0,84,0,17,0,1,1,147,1,ai_farm; +1 levelup
386,12730,2,Normal,39,4,4,4,0,36,36,3,3,20,0,2,2,0,6,5,0,0,1,0,0,112,21,22,0,1,1,148,1,
386,12730,3,Normal,31,5,5,4,0,36,0,3,3,48,0,2,2,2,14,6,0,0,0,0,0,286,55,32,1,0,0,178,1,party wiped
387,12731,1,Normal,30,3,3,3,0,27,27,0,0,15,0,1,1,2,6,1,0,3,3,0,0,84,2,14,0,1,1,22,1,floor1_town
387,12731,1,Normal,30,6,6,6,0,27,27,0,0,30,0,1,1,0,18,9,0,3,3,0,0,168,0,38,0,1,1,64,1,ai_farm
387,12731,1,Normal,40,5,5,5,0,27,27,0,0,25,0,1,1,0,12,2,0,3,3,0,0,140,2,21,0,1,1,99,1,ai_farm
387,12731,1,Normal,40,5,5,5,0,27,27,0,0,25,0,1,1,0,13,2,0,3,3,0,0,140,0,23,0,1,1,134,1,ai_farm
387,12731,1,Normal,28,4,4,4,0,27,36,0,1,20,0,1,2,0,9,6,0,3,3,0,0,112,27,28,0,1,1,144,1,ai_farm; +1 levelup
387,12731,2,Normal,39,6,6,6,0,36,24,1,1,30,0,2,2,1,6,6,0,0,0,0,0,168,24,29,0,1,1,145,1,
387,12731,3,Normal,36,1,1,1,0,24,36,1,1,12,0,2,2,2,3,2,0,0,1,0,0,60,0,9,0,1,1,151,1,
388,12732,1,Normal,34,4,4,4,0,27,27,0,0,20,0,1,1,0,12,7,0,3,3,0,0,112,36,31,0,1,1,29,1,floor1_town
388,12732,1,Normal,35,4,4,4,0,27,27,0,0,20,0,1,1,0,11,4,0,3,3,0,0,112,0,20,0,1,1,57,1,ai_farm
388,12732,1,Normal,10,1,1,0,0,27,0,0,0,0,0,1,1,0,3,3,0,0,0,0,0,18,27,9,1,0,0,63,1,ai_farm; party wiped
389,12733,1,Normal,39,4,4,4,0,27,27,0,0,20,0,1,1,2,12,8,0,3,3,0,0,112,4,30,0,1,1,29,1,floor1_town
389,12733,1,Normal,28,3,3,3,0,27,27,0,0,15,0,1,1,0,7,4,0,3,3,0,0,84,18,18,0,1,1,50,1,ai_farm
389,12733,1,Normal,25,4,4,4,0,27,27,0,0,20,0,1,1,0,12,4,0,3,3,0,0,112,0,22,0,1,1,78,1,ai_farm
389,12733,1,Normal,29,3,3,3,0,27,27,0,0,15,0,1,1,0,9,5,0,3,3,0,0,84,0,20,0,1,1,99,1,ai_farm
389,12733,1,Normal,36,5,5,5,0,27,27,0,0,25,0,1,1,0,11,5,0,3,3,0,0,140,0,26,0,1,1,134,1,ai_farm
389,12733,1,Normal,40,4,4,4,0,27,36,0,1,20,0,1,2,0,7,0,0,3,3,0,0,112,0,15,0,1,1,144,1,ai_farm; +1 levelup
389,12733,2,Normal,28,4,4,4,0,36,36,1,1,20,0,2,2,1,4,1,1,2,3,0,0,112,9,19,0,1,1,145,1,
389,12733,3,Normal,38,4,4,4,0,36,20,1,1,48,0,2,2,1,11,4,0,0,0,0,0,240,16,29,0,1,1,169,1,
390,12734,1,Normal,28,2,2,2,0,27,27,0,0,10,0,1,1,0,6,4,0,3,3,0,0,56,0,15,0,1,1,15,1,floor1_town
390,12734,1,Normal,31,3,3,3,0,27,27,0,0,15,0,1,1,0,6,1,0,3,3,0,0,84,0,12,0,1,1,36,1,ai_farm
390,12734,1,Normal,40,4,4,4,0,27,27,0,0,20,0,1,1,0,11,5,0,3,3,0,0,112,2,28,0,1,1,64,1,ai_farm
390,12734,1,Normal,25,0,0,0,0,27,27,0,0,0,0,1,1,0,0,0,0,3,3,0,0,0,0,0,0,1,1,64,0,ai_farm
390,12734,1,Normal,34,7,7,7,0,27,27,0,0,35,0,1,1,0,19,4,0,3,3,0,0,196,0,36,0,1,1,113,1,ai_farm
390,12734,1,Normal,32,5,5,5,0,27,35,0,1,25,0,1,2,0,13,6,0,3,3,0,0,140,4,30,0,1,1,142,1,ai_farm; +1 levelup
390,12734,2,Normal,39,6,6,6,0,35,35,1,1,30,0,2,2,1,3,3,1,3,3,0,0,168,19,22,0,1,1,143,1,
390,12734,3,Normal,31,2,2,2,0,35,35,1,1,24,0,2,2,1,2,0,1,2,3,0,0,120,0,7,0,1,1,155,1,
391,12735,1,Normal,33,1,1,1,0,27,27,0,0,5,0,1,1,0,3,3,2,3,3,0,0,28,0,8,0,1,1,8,1,floor1_town
391,12735,1,Normal,34,5,5,5,0,27,27,0,0,25,0,1,1,1,9,1,1,3,3,0,0,140,0,19,0,1,1,43,1,ai_farm
391,12735,1,Normal,26,3,3,3,0,27,27,0,0,15,0,1,1,1,7,1,0,3,3,0,0,84,0,13,0,1,1,64,1,ai_farm
391,12735,1,Normal,26,3,3,3,0,27,27,0,0,15,0,1,1,0,7,1,0,3,3,0,0,84,0,13,0,1,1,85,1,ai_farm
391,12735,1,Normal,25,3,3,2,0,27,0,0,0,10,0,1,1,0,8,5,0,0,0,0,0,83,29,18,1,0,0,105,1,ai_farm; party wiped
392,12736,1,Normal,37,3,3,3,0,27,27,0,0,15,0,1,1,1,8,3,0,3,3,0,0,84,2,17,0,1,1,22,1,floor1_town
392,12736,1,Normal,29,1,1,1,0,27,27,0,0,5,0,1,1,0,3,3,0,3,3,0,0,28,14,8,0,1,1,29,1,ai_farm
392,12736,1,Normal,37,4,4,4,0,27,27,0,0,20,0,1,1,0,11,3,0,3,3,0,0,112,2,24,0,1,1,57,1,ai_farm
392,12736,1,Normal,27,1,1,1,0,27,27,0,0,5,0,1,1,0,3,1,0,3,3,0,0,28,0,5,0,1,1,64,1,ai_farm
392,12736,1,Normal,31,4,4,4,0,27,27,0,0,20,0,1,1,0,9,4,0,3,3,0,0,112,12,20,0,1,1,92,1,ai_farm
392,12736,1,Normal,16,2,2,1,0,27,0,0,0,5,0,1,1,0,6,5,0,0,0,0,0,55,31,14,1,0,0,105,1,ai_farm; party wiped
393,12737,1,Normal,26,2,2,2,0,27,27,0,0,10,0,1,1,2,3,0,0,3,3,0,0,56,0,8,0,1,1,15,1,floor1_town
393,12737,1,Normal,33,2,2,2,0,27,27,0,0,10,0,1,1,0,5,0,0,3,3,0,0,56,0,9,0,1,1,29,1,ai_farm
393,12737,1,Normal,36,5,5,5,0,27,27,0,0,25,0,1,1,0,12,6,0,3,3,0,0,140,20,35,0,1,1,64,1,ai_farm
393,12737,1,Normal,34,4,4,4,0,27,27,0,0,20,0,1,1,0,11,0,0,3,3,0,0,112,0,18,0,1,1,92,1,ai_farm
393,12737,1,Normal,37,5,5,5,0,27,27,0,0,25,0,1,1,0,13,4,0,3,3,0,0,140,2,24,0,1,1,127,1,ai_farm
393,12737,1,Normal,26,2,2,2,0,27,35,0,2,10,0,1,2,0,6,1,0,3,3,0,0,56,2,11,0,1,1,141,1,ai_farm; +1 levelup
393,12737,2,Normal,36,5,5,5,0,35,35,2,2,25,0,2,2,1,6,3,1,0,3,0,0,140,8,18,0,1,1,142,1,
393,12737,3,Normal,35,5,5,5,0,35,35,2,2,60,0,2,2,1,14,3,0,0,3,0,0,300,16,27,0,1,1,172,1,
394,12738,1,Normal,31,4,4,4,0,27,27,0,0,20,0,1,1,1,10,0,0,3,3,0,0,112,0,19,0,1,1,29,1,floor1_town
394,12738,1,Normal,40,4,4,4,0,27,27,0,0,20,0,1,1,0,12,6,0,3,3,0,0,112,20,25,0,1,1,57,1,ai_farm
394,12738,1,Normal,26,4,4,4,0,27,27,0,0,20,0,1,1,0,9,2,0,3,3,0,0,112,0,18,0,1,1,85,1,ai_farm
394,12738,1,Normal,38,3,3,3,0,27,27,0,0,15,0,1,1,0,4,2,0,3,3,0,0,84,0,11,0,1,1,106,1,ai_farm
394,12738,1,Normal,25,1,1,1,0,27,27,0,0,5,0,1,1,0,3,0,0,3,3,0,0,28,0,5,0,1,1,113,1,ai_farm
394,12738,1,Normal,39,4,4,4,0,27,36,0,3,20,0,1,2,0,11,5,0,3,3,0,0,112,2,23,0,1,1,141,1,ai_farm; +1 levelup
394,12738,2,Normal,36,4,4,4,0,36,36,3,3,20,0,2,2,1,4,0,0,0,3,0,0,112,9,15,0,1,1,142,1,
394,12738,3,Normal,31,3,3,3,0,36,35,3,3,36,0,2,2,0,8,4,0,0,0,0,0,180,1,22,0,1,1,160,1,
395,12739,1,Normal,35,3,3,3,0,27,27,0,0,15,0,1,1,2,7,1,0,3,3,0,0,84,0,15,0,1,1,22,1,floor1_town
395,12739,1,Normal,2,1,1,0,0,27,0,0,0,0,0,1,1,0,3,3,0,0,0,0,0,27,27,9,1,0,0,28,1,ai_farm; party wiped
396,12740,1,Normal,10,2,2,1,0,27,0,0,0,5,0,1,1,1,4,3,0,0,0,0,0,53,27,12,1,0,0,14,1,floor1_town; party wiped
397,12741,1,Normal,29,3,3,3,0,27,27,0,0,15,0,1,1,2,7,2,0,3,3,0,0,84,0,17,0,1,1,22,1,floor1_town
397,12741,1,Normal,39,3,3,3,0,27,27,0,0,15,0,1,1,0,6,2,0,3,3,0,0,84,2,15,0,1,1,43,1,ai_farm
397,12741,1,Normal,26,4,4,4,0,27,27,0,0,20,0,1,1,0,8,0,0,3,3,0,0,112,0,17,0,1,1,71,1,ai_farm
397,12741,1,Normal,34,4,4,4,0,27,27,0,0,20,0,1,1,0,10,3,0,3,3,0,0,112,12,20,0,1,1,99,1,ai_farm
397,12741,1,Normal,38,5,5,5,0,27,27,0,0,25,0,1,1,0,11,4,0,3,3,0,0,140,4,27,0,1,1,134,1,ai_farm
397,12741,1,Normal,33,4,4,4,0,27,36,0,1,20,0,1,2,0,9,2,0,3,3,0,0,112,3,19,0,1,1,144,1,ai_farm; +1 levelup
397,12741,2,Normal,34,4,4,4,0,36,20,1,1,20,0,2,2,0,3,3,0,0,0,0,0,112,16,12,0,1,1,144,1,
397,12741,3,Normal,38,4,4,4,0,20,36,1,1,48,0,2,2,2,11,0,0,0,3,0,0,240,0,20,0,1,1,168,1,
398,12742,1,Normal,33,4,4,4,0,27,27,0,0,20,0,1,1,1,11,3,0,3,3,0,0,112,0,21,0,1,1,29,1,floor1_town
398,12742,1,Normal,28,3,3,3,0,27,27,0,0,15,0,1,1,0,8,1,0,3,3,0,0,84,2,15,0,1,1,50,1,ai_farm
398,12742,1,Normal,12,2,2,1,0,27,0,0,0,5,0,1,1,0,6,3,0,0,0,0,0,42,27,15,1,0,0,63,1,ai_farm; party wiped
399,12743,1,Normal,38,6,6,6,0,27,27,0,0,30,0,1,1,2,15,3,0,3,3,0,0,168,0,31,0,1,1,43,1,floor1_town
399,12743,1,Normal,27,3,3,3,0,27,27,0,0,15,0,1,1,0,8,5,0,3,3,0,0,84,0,19,0,1,1,64,1,ai_farm
399,12743,1,Normal,35,1,1,1,0,27,27,0,0,5,0,1,1,0,0,0,0,3,3,0,0,28,0,2,0,1,1,71,1,ai_farm
399,12743,1,Normal,37,4,4,4,0,27,27,0,0,20,0,1,1,0,11,2,0,3,3,0,0,112,0,23,0,1,1,99,1,ai_farm
399,12743,1,Normal,39,3,3,3,0,27,27,0,0,15,0,1,1,0,7,3,0,3,3,0,0,84,0,17,0,1,1,120,1,ai_farm
399,12743,1,Normal,27,1,1,1,0,27,27,0,0,5,0,1,1,0,2,0,0,3,3,0,0,28,0,3,0,1,1,127,1,ai_farm
399,12743,1,Normal,25,2,2,2,0,27,35,0,3,10,0,1,2,0,6,0,0,3,3,0,0,56,0,10,0,1,1,141,1,ai_farm; +1 levelup
399,12743,2,Normal,30,5,5,5,0,35,35,3,3,25,0,2,2,0,5,3,1,1,3,0,0,140,12,16,0,1,1,142,1,
399,12743,3,Normal,31,2,2,2,0,35,3,3,3,24,0,2,2,2,6,6,0,0,0,0,0,120,32,20,0,1,1,154,1,
400,12744,1,Normal,24,4,4,3,0,27,0,0,0,15,0,1,1,1,9,3,0,0,0,0,0,102,27,22,1,0,0,28,1,floor1_town; party wiped
401,12745,1,Normal,16,3,3,2,0,27,0,0,0,10,0,1,1,0,7,3,0,0,0,0,0,83,27,17,1,0,0,21,1,floor1_town; party wiped
402,12746,1,Normal,36,4,4,4,0,27,27,0,0,20,0,1,1,1,10,3,0,3,3,0,0,112,2,24,0,1,1,29,1,floor1_town
402,12746,1,Normal,36,4,4,4,0,27,27,0,0,20,0,1,1,0,12,8,0,3,3,0,0,112,4,29,0,1,1,57,1,ai_farm
402,12746,1,Normal,27,2,2,2,0,27,27,0,0,10,0,1,1,0,5,0,0,3,3,0,0,56,0,8,0,1,1,71,1,ai_farm
402,12746,1,Normal,26,3,3,3,0,27,27,0,0,15,0,1,1,0,9,1,0,3,3,0,0,84,0,16,0,1,1,92,1,ai_farm
402,12746,1,Normal,34,4,4,4,0,27,27,0,0,20,0,1,1,0,10,3,0,3,3,0,0,112,0,20,0,1,1,120,1,ai_farm
402,12746,1,Normal,39,3,3,3,0,27,35,0,2,15,0,1,2,0,8,3,0,3,3,0,0,84,0,15,0,1,1,141,1,ai_farm; +1 levelup
402,12746,2,Normal,39,3,3,3,0,35,35,2,2,15,0,2,2,0,3,3,2,0,0,0,0,84,0,12,0,1,1,141,1,
402,12746,3,Normal,33,3,3,3,0,35,32,2,2,36,0,2,2,4,8,1,0,0,2,0,0,180,3,16,0,1,1,159,1,
403,12747,1,Normal,25,4,4,4,0,27,27,0,0,20,0,1,1,0,7,2,0,3,3,0,0,112,0,18,0,1,1,29,1,floor1_town
403,12747,1,Normal,25,3,3,3,0,27,27,0,0,15,0,1,1,0,7,3,0,3,3,0,0,84,12,15,0,1,1,50,1,ai_farm
403,12747,1,Normal,33,5,5,5,0,27,27,0,0,25,0,1,1,0,12,1,0,3,3,0,0,140,2,23,0,1,1,85,1,ai_farm
403,12747,1,Normal,35,3,3,3,0,27,27,0,0,15,0,1,1,0,7,0,0,3,3,0,0,84,0,13,0,1,1,106,1,ai_farm
403,12747,1,Normal,28,4,4,4,0,27,27,0,0,20,0,1,1,0,12,4,0,3,3,0,0,112,2,22,0,1,1,134,1,ai_farm
403,12747,1,Normal,30,2,2,2,0,27,34,0,1,10,0,1,2,0,4,1,0,3,3,0,0,56,0,10,0,1,1,142,1,ai_farm; +1 levelup
403,12747,2,Normal,25,3,3,3,0,34,34,1,1,15,0,2,2,0,3,2,1,0,1,0,0,84,0,13,0,1,1,142,1,
403,12747,3,Normal,33,4,4,4,0,34,34,1,1,48,0,2,2,1,8,3,2,2,3,0,0,240,0,22,0,1,1,166,1,
404,12748,1,Normal,30,2,2,2,0,27,27,0,0,10,0,1,1,1,5,0,0,3,3,0,0,56,0,10,0,1,1,15,1,floor1_town
404,12748,1,Normal,29,3,3,3,0,27,27,0,0,15,0,1,1,0,7,1,0,3,3,0,0,84,2,13,0,1,1,36,1,ai_farm
404,12748,1,Normal,36,5,5,5,0,27,27,0,0,25,0,1,1,0,14,3,0,3,3,0,0,140,0,24,0,1,1,71,1,ai_farm
404,12748,1,Normal,31,3,3,3,0,27,27,0,0,15,0,1,1,0,9,1,0,3,3,0,0,84,0,15,0,1,1,92,1,ai_farm
404,12748,1,Normal,39,2,2,2,0,27,27,0,0,10,0,1,1,0,6,0,0,3,3,0,0,56,0,9,0,1,1,106,1,ai_farm
404,12748,1,Normal,25,3,3,3,0,27,27,0,0,15,0,1,1,0,8,1,0,3,3,0,0,84,0,13,0,1,1,127,1,ai_farm
404,12748,1,Normal,33,4,4,4,0,27,36,0,1,20,0,1,2,0,10,3,0,3,3,0,0,112,0,18,0,1,1,143,1,ai_farm; +1 levelup
404,12748,2,Normal,27,1,1,1,0,36,36,1,1,5,0,2,2,0,3,1,1,0,2,0,0,28,0,5,0,1,1,143,1,
404,12748,3,Normal,14,3,3,2,0,36,0,1,1,24,0,2,2,2,8,6,0,0,0,0,0,162,36,27,1,0,0,161,1,party wiped
405,12749,1,Normal,34,4,4,4,0,27,27,0,0,20,0,1,1,0,11,4,0,3,3,0,0,112,0,24,0,1,1,29,1,floor1_town
405,12749,1,Normal,29,3,3,3,0,27,27,0,0,15,0,1,1,0,7,0,0,3,3,0,0,84,0,13,0,1,1,50,1,ai_farm
405,12749,1,Normal,32,4,4,4,0,27,27,0,0,20,0,1,1,0,8,2,0,3,3,0,0,112,4,20,0,1,1,78,1,ai_farm
405,12749,1,Normal,33,5,5,5,0,27,27,0,0,25,0,1,1,0,15,6,0,3,3,0,0,140,0,28,0,1,1,113,1,ai_farm
405,12749,1,Normal,40,3,3,3,0,27,27,0,0,15,0,1,1,0,4,0,0,3,3,0,0,84,0,13,0,1,1,134,1,ai_farm
405,12749,1,Normal,26,3,3,3,0,27,35,0,2,15,0,1,2,0,8,2,0,3,3,0,0,84,0,16,0,1,1,143,1,ai_farm; +1 levelup
405,12749,2,Normal,30,4,4,3,0,35,0,2,2,15,0,2,2,2,3,3,0,0,0,0,0,108,35,18,1,0,0,143,1,party wiped
406,12750,1,Normal,39,3,3,3,0,27,27,0,0,15,0,1,1,1,7,2,0,3,3,0,0,84,0,13,0,1,1,22,1,floor1_town
406,12750,1,Normal,26,2,2,2,0,27,27,0,0,10,0,1,1,0,5,1,0,3,3,0,0,56,2,10,0,1,1,36,1,ai_farm
406,12750,1,Normal,34,2,2,2,0,27,27,0,0,10,0,1,1,0,5,0,0,3,3,0,0,56,0,11,0,1,1,50,1,ai_farm
406,12750,1,Normal,25,4,4,4,0,27,27,0,0,20,0,1,1,0,11,6,0,3,3,0,0,112,4,27,0,1,1,78,1,ai_farm
406,12750,1,Normal,36,4,4,4,0,27,27,0,0,20,0,1,1,0,10,3,0,3,3,0,0,112,2,20,0,1,1,106,1,ai_farm
406,12750,1,Normal,34,4,4,4,0,27,27,0,0,20,0,1,1,0,11,5,0,3,3,0,0,112,12,26,0,1,1,134,1,ai_farm
406,12750,1,Normal,36,3,3,3,0,27,34,0,2,15,0,1,2,0,7,1,0,3,3,0,0,84,0,14,0,1,1,143,1,ai_farm; +1 levelup
406,12750,2,Normal,34,5,5,5,0,34,34,2,2,25,0,2,2,1,6,5,0,0,1,0,0,140,12,22,0,1,1,144,1,
406,12750,3,Normal,36,2,2,2,0,34,34,2,2,24,0,2,2,1,6,3,1,0,0,0,0,120,0,13,0,1,1,156,1,
407,12751,1,Normal,28,2,2,2,0,27,27,0,0,10,0,1,1,0,5,1,0,3,3,0,0,56,0,9,0,1,1,15,1,floor1_town
407,12751,1,Normal,28,2,2,2,0,27,27,0,0,10,0,1,1,0,6,1,0,3,3,0,0,56,0,11,0,1,1,29,1,ai_farm
407,12751,1,Normal,37,3,3,3,0,27,27,0,0,15,0,1,1,0,8,1,0,3,3,0,0,84,0,14,0,1,1,50,1,ai_farm
407,12751,1,Normal,33,4,4,3,0,27,0,0,0,15,0,1,1,0,8,5,0,0,0,0,0,111,27,21,1,0,0,77,1,ai_farm; party wiped
408,12752,1,Normal,32,4,4,4,0,27,27,0,0,20,0,1,1,2,11,5,0,3,3,0,0,112,4,26,0,1,1,29,1,floor1_town
408,12752,1,Normal,15,1,1,0,0,27,0,0,0,0,0,1,1,0,3,3,0,0,0,0,0,27,27,9,1,0,0,35,1,ai_farm; party wiped
409,12753,1,Normal,22,2,2,1,0,27,0,0,0,5,0,1,1,0,6,4,0,0,0,0,0,46,27,18,1,0,0,14,1,floor1_town; party wiped
410,12754,1,Normal,26,2,2,2,0,27,27,0,0,10,0,1,1,2,3,0,0,3,3,0,0,56,0,8,0,1,1,15,1,floor1_town
410,12754,1,Normal,30,4,4,4,0,27,27,0,0,20,0,1,1,0,9,2,0,3,3,0,0,112,2,16,0,1,1,43,1,ai_farm
410,12754,1,Normal,29,2,2,2,0,27,27,0,0,10,0,1,1,0,6,1,0,3,3,0,0,56,2,9,0,1,1,57,1,ai_farm
410,12754,1,Normal,29,4,4,4,0,27,27,0,0,20,0,1,1,0,12,2,0,3,3,0,0,112,0,20,0,1,1,85,1,ai_farm
410,12754,1,Normal,37,4,4,4,0,27,27,0,0,20,0,1,1,0,12,3,0,3,3,0,0,112,6,20,0,1,1,113,1,ai_farm
410,12754,1,Normal,33,1,1,1,0,27,27,0,0,5,0,1,1,0,3,0,0,3,3,0,0,28,0,5,0,1,1,120,1,ai_farm
410,12754,1,Normal,25,4,4,4,0,27,36,0,2,20,0,1,2,0,10,3,0,3,3,0,0,112,0,18,0,1,1,142,1,ai_farm; +1 levelup
410,12754,2,Normal,38,4,4,4,0,36,36,2,2,20,0,2,2,0,4,3,2,2,3,0,0,112,11,12,0,1,1,143,1,
410,12754,3,Normal,32,4,4,4,0,36,36,2,2,48,0,2,2,4,12,6,0,0,2,0,0,240,0,28,0,1,1,167,1,
411,12755,1,Normal,30,5,5,5,0,27,27,0,0,25,0,1,1,0,14,4,0,3,3,0,0,140,2,25,0,1,1,36,1,floor1_town
411,12755,1,Normal,27,4,4,4,0,27,27,0,0,20,0,1,1,0,10,5,0,3,3,0,0,112,0,20,0,1,1,64,1,ai_farm
411,12755,1,Normal,32,6,6,6,0,27,27,0,0,30,0,1,1,0,16,4,0,3,3,0,0,168,4,28,0,1,1,106,1,ai_farm
411,12755,1,Normal,25,5,5,5,0,27,36,0,3,25,0,1,2,0,14,6,0,3,3,0,0,140,0,30,0,1,1,141,1,ai_farm; +1 levelup
411,12755,2,Normal,35,4,4,4,0,36,36,3,3,20,0,2,2,0,6,3,1,0,3,0,0,112,9,16,0,1,1,142,1,
411,12755,3,Normal,35,4,4,4,0,36,30,3,3,48,0,2,2,2,12,3,0,0,0,0,0,240,6,23,0,1,1,166,1,
412,12756,1,Normal,35,3,3,3,0,27,27,0,0,15,0,1,1,2,7,3,0,3,3,0,0,84,20,22,0,1,1,22,1,floor1_town
412,12756,1,Normal,31,2,2,2,0,27,27,0,0,10,0,1,1,0,5,3,0,3,3,0,0,56,0,14,0,1,1,36,1,ai_farm
412,12756,1,Normal,27,2,2,2,0,27,27,0,0,10,0,1,1,0,5,0,0,3,3,0,0,56,0,11,0,1,1,50,1,ai_farm
412,12756,1,Normal,38,4,4,4,0,27,27,0,0,20,0,1,1,0,10,1,0,3,3,0,0,112,0,15,0,1,1,78,1,ai_farm
412,12756,1,Normal,13,2,2,1,0,27,0,0,0,5,0,1,1,0,5,3,0,0,0,0,0,46,27,12,1,0,0,91,1,ai_farm; party wiped
413,12757,1,Normal,40,7,7,7,0,27,27,0,0,35,0,1,1,0,14,3,0,3,3,0,0,196,0,29,0,1,1,50,1,floor1_town
413,12757,1,Normal,25,3,3,3,0,27,27,0,0,15,0,1,1,0,7,1,0,3,3,0,0,84,2,15,0,1,1,71,1,ai_farm
413,12757,1,Normal,26,2,2,2,0,27,27,0,0,10,0,1,1,0,5,0,0,3,3,0,0,56,0,8,0,1,1,85,1,ai_farm
413,12757,1,Normal,27,3,3,3,0,27,27,0,0,15,0,1,1,0,8,3,0,3,3,0,0,84,2,17,0,1,1,106,1,ai_farm
413,12757,1,Normal,28,3,3,3,0,27,27,0,0,15,0,1,1,0,8,2,0,3,3,0,0,84,2,17,0,1,1,127,1,ai_farm
413,12757,1,Normal,26,2,2,2,0,27,36,0,2,10,0,1,2,0,4,3,0,3,3,0,0,56,24,14,0,1,1,141,1,ai_farm; +1 levelup
413,12757,2,Normal,36,4,4,4,0,36,25,2,2,20,0,2,2,0,3,3,1,0,0,0,0,112,11,13,0,1,1,141,1,
413,12757,3,Normal,25,3,3,2,0,25,0,2,2,24,0,2,2,1,7,6,0,0,0,0,0,167,68,27,1,0,0,159,1,party wiped
414,12758,1,Normal,29,2,2,2,0,27,27,0,0,10,0,1,1,2,5,2,0,3,3,0,0,56,2,13,0,1,1,15,1,floor1_town
414,12758,1,Normal,37,5,5,5,0,27,27,0,0,25,0,1,1,0,13,8,0,3,3,0,0,140,22,30,0,1,1,50,1,ai_farm
414,12758,1,Normal,40,3,3,3,0,27,27,0,0,15,0,1,1,0,9,4,0,3,3,0,0,84,12,18,0,1,1,71,1,ai_farm
414,12758,1,Normal,40,4,4,4,0,27,27,0,0,20,0,1,1,0,8,0,0,3,3,0,0,112,0,13,0,1,1,99,1,ai_farm
414,12758,1,Normal,37,6,6,6,0,27,35,0,1,30,0,1,2,0,17,7,0,3,3,0,0,168,18,36,0,1,1,141,1,ai_farm; +1 levelup
414,12758,2,Normal,30,2,2,2,0,35,35,1,1,10,0,2,2,0,1,0,1,2,3,0,0,56,0,4,0,1,1,141,1,
414,12758,3,Normal,40,4,4,4,0,35,35,1,1,48,0,2,2,3,9,5,0,0,1,0,0,240,0,23,0,1,1,165,1,
415,12759,1,Normal,33,5,5,5,0,27,27,0,0,25,0,1,1,1,14,8,0,3,3,0,0,140,20,37,0,1,1,36,1,floor1_town
415,12759,1,Normal,37,5,5,5,0,27,27,0,0,25,0,1,1,0,14,6,0,3,3,0,0,140,0,30,0,1,1,71,1,ai_farm
415,12759,1,Normal,39,4,4,4,0,27,27,0,0,20,0,1,1,0,10,3,0,3,3,0,0,112,18,22,0,1,1,99,1,ai_farm
415,12759,1,Normal,35,3,3,3,0,27,27,0,0,15,0,1,1,0,9,6,0,3,3,0,0,84,2,20,0,1,1,120,1,ai_farm
415,12759,1,Normal,33,4,4,4,0,27,35,0,2,20,0,1,2,0,11,1,0,3,3,0,0,112,0,23,0,1,1,142,1,ai_farm; +1 levelup
415,12759,2,Normal,35,4,4,4,0,35,35,2,2,20,0,2,2,0,4,1,1,0,2,0,0,112,9,18,0,1,1,143,1,
415,12759,3,Normal,36,5,5,5,0,35,20,2,2,60,0,2,2,2,14,10,0,0,0,0,0,300,62,38,0,1,1,173,1,
416,12760,1,Normal,38,3,3,3,0,27,27,0,0,15,0,1,1,0,4,0,2,3,3,0,0,84,0,15,0,1,1,22,1,floor1_town
416,12760,1,Normal,38,5,5,5,0,27,27,0,0,25,0,1,1,2,13,6,0,3,3,0,0,140,0,33,0,1,1,57,1,ai_farm
416,12760,1,Normal,35,4,4,4,0,27,27,0,0,20,0,1,1,0,9,2,0,3,3,0,0,112,2,19,0,1,1,85,1,ai_farm
416,12760,1,Normal,39,4,4,4,0,27,27,0,0,20,0,1,1,0,10,3,0,3,3,0,0,112,2,21,0,1,1,113,1,ai_farm
416,12760,1,Normal,26,2,2,2,0,27,27,0,0,10,0,1,1,0,5,2,0,3,3,0,0,56,0,10,0,1,1,127,1,ai_farm
416,12760,1,Normal,36,4,4,4,0,27,35,0,2,20,0,1,2,0,10,3,0,3,3,0,0,112,2,19,0,1,1,143,1,ai_farm; +1 levelup
416,12760,2,Normal,36,3,3,3,0,35,23,2,2,15,0,2,2,0,3,3,0,0,0,0,0,84,12,13,0,1,1,143,1,
416,12760,3,Normal,34,3,3,3,0,23,32,2,2,36,0,2,2,0,7,2,0,0,1,0,0,180,3,17,0,1,1,161,1,
417,12761,1,Normal,27,2,2,2,0,27,27,0,0,10,0,1,1,1,4,1,0,3,3,0,0,56,0,11,0,1,1,15,1,floor1_town
417,12761,1,Normal,31,3,3,3,0,27,27,0,0,15,0,1,1,0,6,0,0,3,3,0,0,84,0,11,0,1,1,36,1,ai_farm
417,12761,1,Normal,25,2,2,1,0,27,0,0,0,5,0,1,1,0,6,3,0,0,0,0,0,51,27,13,1,0,0,49,1,ai_farm; party wiped
418,12762,1,Normal,31,3,3,3,0,27,27,0,0,15,0,1,1,2,9,3,0,3,3,0,0,84,0,20,0,1,1,22,1,floor1_town
418,12762,1,Normal,32,3,3,3,0,27,27,0,0,15,0,1,1,0,9,6,0,3,3,0,0,84,24,22,0,1,1,43,1,ai_farm
418,12762,1,Normal,31,4,4,4,0,27,27,0,0,20,0,1,1,0,12,3,0,3,3,0,0,112,0,22,0,1,1,71,1,ai_farm
418,12762,1,Normal,27,4,4,4,0,27,27,0,0,20,0,1,1,0,8,2,0,3,3,0,0,112,4,19,0,1,1,99,1,ai_farm
418,12762,1,Normal,28,4,4,3,0,27,0,0,0,15,0,1,1,0,11,3,0,0,0,0,0,111,27,23,1,0,0,126,1,ai_farm; party wiped
419,12763,1,Normal,36,5,5,5,0,27,27,0,0,25,0,1,1,1,15,6,0,3,3,0,0,140,2,30,0,1,1,36,1,floor1_town
419,12763,1,Normal,40,3,3,3,0,27,27,0,0,15,0,1,1,0,7,2,0,3,3,0,0,84,0,14,0,1,1,57,1,ai_farm
419,12763,1,Normal,28,2,2,2,0,27,27,0,0,10,0,1,1,0,6,4,0,3,3,0,0,56,12,14,0,1,1,71,1,ai_farm
419,12763,1,Normal,40,2,2,2,0,27,27,0,0,10,0,1,1,0,4,3,0,3,3,0,0,56,0,9,0,1,1,85,1,ai_farm
419,12763,1,Normal,29,3,3,3,0,27,27,0,0,15,0,1,1,0,5,0,0,3,3,0,0,84,0,10,0,1,1,106,1,ai_farm
419,12763,1,Normal,25,4,4,4,0,27,27,0,0,20,0,1,1,0,10,5,0,3,3,0,0,112,0,25,0,1,1,134,1,ai_farm
419,12763,1,Normal,40,2,2,2,0,27,36,0,3,10,0,1,2,0,3,0,0,3,3,0,0,56,0,8,0,1,1,142,1,ai_farm; +1 levelup
419,12763,2,Normal,34,2,2,2,0,36,36,3,3,10,0,2,2,0,3,3,2,0,0,0,0,56,0,9,0,1,1,142,1,
419,12763,3,Normal,33,6,6,6,0,36,36,3,3,72,0,2,2,4,17,8,0,1,3,0,0,360,6,38,0,1,1,178,1,
420,12764,1,Normal,25,3,3,3,0,27,27,0,0,15,0,1,1,2,9,5,0,3,3,0,0,84,0,22,0,1,1,22,1,floor1_town
420,12764,1,Normal,31,4,4,3,0,27,0,0,0,15,0,1,1,0,11,6,0,0,0,0,0,93,45,29,1,0,0,49,1,ai_farm; party wiped
421,12765,1,Normal,29,3,3,3,0,27,27,0,0,15,0,1,1,1,9,3,0,3,3,0,0,84,2,20,0,1,1,22,1,floor1_town
421,12765,1,Normal,31,4,4,4,0,27,27,0,0,20,0,1,1,0,8,3,0,3,3,0,0,112,0,17,0,1,1,50,1,ai_farm
421,12765,1,Normal,37,4,4,4,0,27,27,0,0,20,0,1,1,0,12,6,0,3,3,0,0,112,2,27,0,1,1,78,1,ai_farm
421,12765,1,Normal,29,5,5,5,0,27,27,0,0,25,0,1,1,0,15,6,0,3,3,0,0,140,6,31,0,1,1,113,1,ai_farm
421,12765,1,Normal,33,3,3,3,0,27,27,0,0,15,0,1,1,0,5,0,0,3,3,0,0,84,0,12,0,1,1,134,1,ai_farm
421,12765,1,Normal,25,2,2,2,0,27,36,0,1,10,0,1,2,0,6,1,0,3,3,0,0,56,2,9,0,1,1,142,1,ai_farm; +1 levelup
421,12765,2,Normal,31,4,4,4,0,36,36,1,1,20,0,2,2,0,8,4,1,1,3,0,0,112,21,24,0,1,1,144,1,
421,12765,3,Normal,34,3,3,3,0,36,33,1,1,36,0,2,2,3,6,2,0,0,1,0,0,180,3,15,0,1,1,162,1,
422,12766,1,Normal,34,2,2,2,0,27,27,0,0,10,0,1,1,0,6,2,0,3,3,0,0,56,2,11,0,1,1,15,1,floor1_town
422,12766,1,Normal,26,3,3,3,0,27,27,0,0,15,0,1,1,0,8,2,0,3,3,0,0,84,0,15,0,1,1,36,1,ai_farm
422,12766,1,Normal,11,2,2,1,0,27,0,0,0,5,0,1,1,0,5,3,0,0,0,0,0,55,27,11,1,0,0,49,1,ai_farm; party wiped
423,12767,1,Normal,39,5,5,5,0,27,27,0,0,25,0,1,1,1,9,2,0,3,3,0,0,140,2,24,0,1,1,36,1,floor1_town
423,12767,1,Normal,30,3,3,3,0,27,27,0,0,15,0,1,1,0,8,2,0,3,3,0,0,84,0,15,0,1,1,57,1,ai_farm
423,12767,1,Normal,29,2,2,2,0,27,27,0,0,10,0,1,1,0,6,1,0,3,3,0,0,56,0,10,0,1,1,71,1,ai_farm
423,12767,1,Normal,13,2,2,1,0,27,0,0,0,5,0,1,1,0,6,3,0,0,0,0,0,53,27,17,1,0,0,84,1,ai_farm; party wiped
424,12768,1,Normal,27,3,3,3,0,27,27,0,0,15,0,1,1,0,7,1,0,3,3,0,0,84,2,14,0,1,1,22,1,floor1_town
424,12768,1,Normal,27,4,4,4,0,27,27,0,0,20,0,1,1,0,10,3,0,3,3,0,0,112,0,24,0,1,1,50,1,ai_farm
424,12768,1,Normal,39,3,3,3,0,27,27,0,0,15,0,1,1,0,8,2,0,3,3,0,0,84,0,17,0,1,1,71,1,ai_farm
424,12768,1,Normal,37,4,4,4,0,27,27,0,0,20,0,1,1,0,9,1,0,3,3,0,0,112,0,17,0,1,1,99,1,ai_farm
424,12768,1,Normal,29,5,5,5,0,27,27,0,0,25,0,1,1,0,11,3,0,3,3,0,0,140,0,22,0,1,1,134,1,ai_farm
424,12768,1,Normal,33,4,4,4,0,27,35,0,1,20,0,1,2,0,11,4,0,3,3,0,0,112,0,21,0,1,1,144,1,ai_farm; +1 levelup
424,12768,2,Normal,28,3,3,3,0,35,35,1,1,15,0,2,2,0,4,0,2,0,3,0,0,84,9,9,0,1,1,145,1,
424,12768,3,Normal,34,5,5,5,0,35,35,1,1,60,0,2,2,4,14,6,0,1,3,0,0,300,3,35,0,1,1,175,1,
425,12769,1,Normal,32,4,4,4,0,27,27,0,0,20,0,1,1,1,9,1,0,3,3,0,0,112,0,18,0,1,1,29,1,floor1_town
425,12769,1,Normal,32,1,1,1,0,27,27,0,0,5,0,1,1,0,3,2,0,3,3,0,0,28,0,6,0,1,1,36,1,ai_farm
425,12769,1,Normal,10,1,1,0,0,27,0,0,0,0,0,1,1,0,3,3,0,0,0,0,0,9,27,10,1,0,0,42,1,ai_farm; party wiped
426,12770,1,Normal,10,2,2,1,0,27,0,0,0,5,0,1,1,0,6,3,0,0,0,0,0,55,27,13,1,0,0,14,1,floor1_town; party wiped
427,12771,1,Normal,13,3,3,2,0,27,0,0,0,10,0,1,1,1,7,3,0,0,0,0,0,74,27,20,1,0,0,21,1,floor1_town; party wiped
428,12772,1,Normal,30,3,3,3,0,27,27,0,0,15,0,1,1,0,5,2,0,3,3,0,0,84,0,13,0,1,1,22,1,floor1_town
428,12772,1,Normal,25,2,2,2,0,27,27,0,0,10,0,1,1,0,5,1,0,3,3,0,0,56,0,11,0,1,1,36,1,ai_farm
428,12772,1,Normal,34,5,5,5,0,27,27,0,0,25,0,1,1,0,9,1,0,3,3,0,0,140,2,26,0,1,1,71,1,ai_farm
428,12772,1,Normal,33,5,5,5,0,27,27,0,0,25,0,1,1,0,12,2,0,3,3,0,0,140,2,22,0,1,1,106,1,ai_farm
428,12772,1,Normal,36,5,5,5,0,27,35,0,2,25,0,1,2,0,9,0,0,3,3,0,0,140,0,20,0,1,1,141,1,ai_farm; +1 levelup
428,12772,2,Normal,40,3,3,3,0,35,23,2,2,15,0,2,2,0,6,6,2,0,0,0,0,84,24,21,0,1,1,142,1,
428,12772,3,Normal,24,3,3,2,0,23,0,2,2,24,0,2,2,4,8,6,0,0,0,0,0,165,35,25,1,0,0,160,1,party wiped
429,12773,1,Normal,35,4,4,4,0,27,27,0,0,20,0,1,1,1,10,2,0,3,3,0,0,112,0,28,0,1,1,29,1,floor1_town
429,12773,1,Normal,25,4,4,4,0,27,27,0,0,20,0,1,1,0,11,2,0,3,3,0,0,112,0,18,0,1,1,57,1,ai_farm
429,12773,1,Normal,35,3,3,3,0,27,27,0,0,15,0,1,1,0,7,3,0,3,3,0,0,84,0,18,0,1,1,78,1,ai_farm
429,12773,1,Normal,39,1,1,1,0,27,27,0,0,5,0,1,1,0,3,1,0,3,3,0,0,28,0,5,0,1,1,85,1,ai_farm
429,12773,1,Normal,32,3,3,3,0,27,27,0,0,15,0,1,1,0,9,3,0,3,3,0,0,84,24,20,0,1,1,106,1,ai_farm
429,12773,1,Normal,13,3,3,2,0,27,0,0,0,10,0,1,1,0,8,4,0,0,0,0,0,83,27,19,1,0,0,126,1,ai_farm; party wiped
430,12774,1,Normal,39,5,5,4,0,27,0,0,0,20,0,1,1,0,11,8,0,0,0,0,0,135,48,41,1,0,0,35,1,floor1_town; party wiped
431,12775,1,Normal,28,3,3,3,0,27,27,0,0,15,0,1,1,2,6,0,0,3,3,0,0,84,0,15,0,1,1,22,1,floor1_town
431,12775,1,Normal,36,4,4,4,0,27,27,0,0,20,0,1,1,0,11,5,0,3,3,0,0,112,0,23,0,1,1,50,1,ai_farm
431,12775,1,Normal,32,4,4,4,0,27,27,0,0,20,0,1,1,0,11,1,0,3,3,0,0,112,0,18,0,1,1,78,1,ai_farm
431,12775,1,Normal,39,2,2,2,0,27,27,0,0,10,0,1,1,0,6,1,0,3,3,0,0,56,0,11,0,1,1,92,1,ai_farm
431,12775,1,Normal,32,4,4,4,0,27,27,0,0,20,0,1,1,0,12,6,0,3,3,0,0,112,4,24,0,1,1,120,1,ai_farm
431,12775,1,Normal,25,3,3,3,0,27,34,0,2,15,0,1,2,0,9,1,0,3,3,0,0,84,2,15,0,1,1,141,1,ai_farm; +1 levelup
431,12775,2,Normal,33,6,6,6,0,34,25,2,2,30,0,2,2,0,7,0,2,2,3,0,0,168,45,26,0,1,1,145,1,
431,12775,3,Normal,13,3,3,2,0,25,0,2,2,24,0,2,2,3,9,8,0,0,0,0,0,143,37,24,1,0,0,163,1,party wiped
432,12776,1,Normal,33,4,4,4,0,27,27,0,0,20,0,1,1,0,11,5,0,3,3,0,0,112,24,25,0,1,1,29,1,floor1_town
432,12776,1,Normal,32,2,2,2,0,27,27,0,0,10,0,1,1,0,6,2,0,3,3,0,0,56,4,13,0,1,1,43,1,ai_farm
432,12776,1,Normal,36,5,5,5,0,27,27,0,0,25,0,1,1,0,12,3,0,3,3,0,0,140,26,26,0,1,1,78,1,ai_farm
432,12776,1,Normal,40,4,4,4,0,27,27,0,0,20,0,1,1,0,12,3,0,3,3,0,0,112,0,25,0,1,1,106,1,ai_farm
432,12776,1,Normal,29,3,3,3,0,27,27,0,0,15,0,1,1,0,8,4,0,3,3,0,0,84,2,19,0,1,1,127,1,ai_farm
432,12776,1,Normal,31,4,4,4,0,27,35,0,2,20,0,1,2,0,7,3,0,3,3,0,0,112,2,19,0,1,1,143,1,ai_farm; +1 levelup
432,12776,2,Normal,36,5,5,4,0,35,0,2,2,20,0,2,2,2,3,3,0,0,0,0,0,135,35,23,1,0,0,143,1,party wiped
433,12777,1,Normal,38,5,5,5,0,27,27,0,0,25,0,1,1,2,14,8,0,3,3,0,0,140,9,37,0,1,1,36,1,floor1_town
433,12777,1,Normal,31,3,3,3,0,27,27,0,0,15,0,1,1,0,8,3,0,3,3,0,0,84,0,19,0,1,1,57,1,ai_farm
433,12777,1,Normal,28,2,2,2,0,27,27,0,0,10,0,1,1,0,6,1,0,3,3,0,0,56,2,11,0,1,1,71,1,ai_farm
433,12777,1,Normal,37,4,4,4,0,27,27,0,0,20,0,1,1,0,10,1,0,3,3,0,0,112,2,21,0,1,1,99,1,ai_farm
433,12777,1,Normal,39,5,5,5,0,27,27,0,0,25,0,1,1,0,14,4,0,3,3,0,0,140,0,29,0,1,1,134,1,ai_farm
433,12777,1,Normal,35,5,5,5,0,27,34,0,2,25,0,1,2,0,11,0,0,3,3,0,0,140,0,19,0,1,1,145,1,ai_farm; +1 levelup
433,12777,2,Normal,26,2,2,2,0,34,34,2,2,10,0,2,2,0,1,0,1,2,3,0,0,56,0,5,0,1,1,145,1,
433,12777,3,Normal,29,3,3,2,0,34,0,2,2,24,0,2,2,2,8,4,0,0,0,0,0,171,34,20,1,0,0,163,1,party wiped
434,12778,1,Normal,26,3,3,3,0,27,27,0,0,15,0,1,1,0,9,6,0,3,3,0,0,84,0,20,0,1,1,22,1,floor1_town
434,12778,1,Normal,25,2,2,2,0,27,27,0,0,10,0,1,1,0,5,3,0,3,3,0,0,56,0,10,0,1,1,36,1,ai_farm
434,12778,1,Normal,31,4,4,3,0,27,0,0,0,15,0,1,1,0,12,6,0,0,0,0,0,111,27,25,1,0,0,63,1,ai_farm; party wiped
435,12779,1,Normal,31,4,4,4,0,27,27,0,0,20,0,1,1,2,7,3,0,3,3,0,0,112,0,19,0,1,1,29,1,floor1_town
435,12779,1,Normal,33,2,2,2,0,27,27,0,0,10,0,1,1,0,6,2,0,3,3,0,0,56,2,12,0,1,1,43,1,ai_farm
435,12779,1,Normal,30,3,3,3,0,27,27,0,0,15,0,1,1,0,9,4,0,3,3,0,0,84,0,18,0,1,1,64,1,ai_farm
435,12779,1,Normal,38,6,6,6,0,27,27,0,0,30,0,1,1,0,14,3,0,3,3,0,0,168,0,31,0,1,1,106,1,ai_farm
435,12779,1,Normal,36,4,4,4,0,27,27,0,0,20,0,1,1,0,11,1,0,3,3,0,0,112,2,17,0,1,1,134,1,ai_farm
435,12779,1,Normal,39,7,7,7,0,27,35,0,2,35,0,1,2,0,13,3,0,3,3,0,0,196,2,30,0,1,1,147,1,ai_farm; +1 levelup
435,12779,2,Normal,35,4,4,4,0,35,23,2,2,20,0,2,2,0,3,3,2,0,0,0,0,112,12,17,0,1,1,147,1,
435,12779,3,Normal,30,4,4,4,0,23,35,2,2,48,0,2,2,2,10,3,0,0,1,0,0,240,0,22,0,1,1,171,1,
436,12780,1,Normal,36,2,2,2,0,27,27,0,0,10,0,1,1,0,5,0,0,3,3,0,0,56,0,9,0,1,1,15,1,floor1_town
436,12780,1,Normal,30,4,4,4,0,27,27,0,0,20,0,1,1,0,11,6,0,3,3,0,0,112,0,22,0,1,1,43,1,ai_farm
436,12780,1,Normal,31,4,4,4,0,27,27,0,0,20,0,1,1,0,8,3,0,3,3,0,0,112,2,19,0,1,1,71,1,ai_farm
436,12780,1,Normal,34,5,5,5,0,27,27,0,0,25,0,1,1,0,10,2,0,3,3,0,0,140,0,21,0,1,1,106,1,ai_farm
436,12780,1,Normal,29,3,3,2,0,27,0,0,0,10,0,1,1,0,7,5,0,0,0,0,0,65,27,20,1,0,0,126,1,ai_farm; party wiped
437,12781,1,Normal,25,2,2,2,0,27,27,0,0,10,0,1,1,0,4,0,2,3,3,0,0,56,0,10,0,1,1,15,1,floor1_town
437,12781,1,Normal,32,1,1,1,0,27,27,0,0,5,0,1,1,1,2,0,1,3,3,0,0,28,0,5,0,1,1,22,1,ai_farm
437,12781,1,Normal,35,2,2,2,0,27,27,0,0,10,0,1,1,1,3,0,0,3,3,0,0,56,0,8,0,1,1,36,1,ai_farm
437,12781,1,Normal,28,3,3,3,0,27,27,0,0,15,0,1,1,0,9,2,0,3,3,0,0,84,0,16,0,1,1,57,1,ai_farm
437,12781,1,Normal,29,3,3,3,0,27,27,0,0,15,0,1,1,0,8,4,0,3,3,0,0,84,12,18,0,1,1,78,1,ai_farm
437,12781,1,Normal,34,4,4,4,0,27,27,0,0,20,0,1,1,0,10,2,0,3,3,0,0,112,0,19,0,1,1,106,1,ai_farm
437,12781,1,Normal,31,1,1,1,0,27,27,0,0,5,0,1,1,0,3,1,0,3,3,0,0,28,0,5,0,1,1,113,1,ai_farm
437,12781,1,Normal,34,5,5,5,0,27,35,0,3,25,0,1,2,0,15,3,0,3,3,0,0,140,0,24,0,1,1,142,1,ai_farm; +1 levelup
437,12781,2,Normal,35,4,4,4,0,35,35,3,3,20,0,2,2,0,3,3,1,0,0,0,0,112,0,13,0,1,1,142,1,
437,12781,3,Normal,39,3,3,3,0,35,35,3,3,36,0,2,2,2,8,3,0,1,3,0,0,180,3,19,0,1,1,160,1,
438,12782,1,Normal,29,1,1,1,0,27,27,0,0,5,0,1,1,0,1,0,1,3,3,0,0,28,0,3,0,1,1,8,1,floor1_town
438,12782,1,Normal,29,4,4,4,0,27,27,0,0,20,0,1,1,1,11,5,0,3,3,0,0,112,0,24,0,1,1,36,1,ai_farm
438,12782,1,Normal,31,3,3,3,0,27,27,0,0,15,0,1,1,0,6,3,0,3,3,0,0,84,0,15,0,1,1,57,1,ai_farm
438,12782,1,Normal,27,4,4,4,0,27,27,0,0,20,0,1,1,0,12,6,0,3,3,0,0,112,4,28,0,1,1,85,1,ai_farm
438,12782,1,Normal,40,2,2,2,0,27,27,0,0,10,0,1,1,0,6,1,0,3,3,0,0,56,0,10,0,1,1,99,1,ai_farm
438,12782,1,Normal,33,5,5,5,0,27,27,0,0,25,0,1,1,0,11,0,0,3,3,0,0,140,0,23,0,1,1,134,1,ai_farm
438,12782,1,Normal,34,4,4,4,0,27,36,0,3,20,0,1,2,0,9,0,0,3,3,0,0,112,18,23,0,1,1,144,1,ai_farm; +1 levelup
438,12782,2,Normal,36,4,4,4,0,36,27,3,3,20,0,2,2,0,5,0,0,0,3,0,0,112,27,18,0,1,1,146,1,
438,12782,3,Normal,6,1,1,0,0,27,0,3,3,0,0,2,2,2,3,3,0,0,0,0,0,53,36,11,1,0,0,152,1,party wiped
439,12783,1,Normal,34,3,3,3,0,27,27,0,0,15,0,1,1,2,9,6,0,3,3,0,0,84,14,23,0,1,1,22,1,floor1_town
439,12783,1,Normal,29,4,4,4,0,27,27,0,0,20,0,1,1,0,12,2,0,3,3,0,0,112,0,25,0,1,1,50,1,ai_farm
439,12783,1,Normal,30,2,2,2,0,27,27,0,0,10,0,1,1,0,4,0,0,3,3,0,0,56,0,9,0,1,1,64,1,ai_farm
439,12783,1,Normal,40,4,4,4,0,27,27,0,0,20,0,1,1,0,10,3,0,3,3,0,0,112,0,21,0,1,1,92,1,ai_farm
439,12783,1,Normal,35,5,5,5,0,27,27,0,0,25,0,1,1,0,14,5,0,3,3,0,0,140,0,29,0,1,1,127,1,ai_farm
439,12783,1,Normal,33,5,5,5,0,27,35,0,3,25,0,1,2,0,10,1,0,3,3,0,0,140,2,21,0,1,1,144,1,ai_farm; +1 levelup
439,12783,2,Normal,28,3,3,3,0,35,35,3,3,15,0,2,2,0,3,1,2,0,2,0,0,84,0,10,0,1,1,144,1,
439,12783,3,Normal,5,1,1,0,0,35,0,3,3,0,0,2,2,1,3,3,1,0,0,0,0,51,35,9,1,0,0,150,1,party wiped
440,12784,1,Normal,39,5,5,5,0,27,27,0,0,25,0,1,1,1,9,6,0,3,3,0,0,140,40,30,0,1,1,36,1,floor1_town
440,12784,1,Normal,28,2,2,2,0,27,27,0,0,10,0,1,1,0,4,0,0,3,3,0,0,56,0,10,0,1,1,50,1,ai_farm
440,12784,1,Normal,34,3,3,3,0,27,27,0,0,15,0,1,1,0,6,0,0,3,3,0,0,84,0,10,0,1,1,71,1,ai_farm
440,12784,1,Normal,39,3,3,3,0,27,27,0,0,15,0,1,1,0,8,4,0,3,3,0,0,84,26,23,0,1,1,92,1,ai_farm
440,12784,1,Normal,40,4,4,4,0,27,27,0,0,20,0,1,1,0,10,3,0,3,3,0,0,112,0,20,0,1,1,120,1,ai_farm
440,12784,1,Normal,36,2,2,2,0,27,27,0,0,10,0,1,1,0,6,3,0,3,3,0,0,56,14,14,0,1,1,134,1,ai_farm
440,12784,1,Normal,26,3,3,3,0,27,36,0,3,15,0,1,2,0,7,0,0,3,3,0,0,84,0,14,0,1,1,143,1,ai_farm; +1 levelup
440,12784,2,Normal,36,3,3,3,0,36,36,3,3,15,0,2,2,0,6,3,0,0,3,0,0,84,27,17,0,1,1,144,1,
440,12784,3,Normal,33,3,3,3,0,36,33,3,3,36,0,2,2,2,8,4,0,0,1,0,0,180,3,21,0,1,1,162,1,
441,12785,1,Normal,27,1,1,1,0,27,27,0,0,5,0,1,1,2,2,0,0,3,3,0,0,28,0,7,0,1,1,8,1,floor1_town
441,12785,1,Normal,40,4,4,4,0,27,27,0,0,20,0,1,1,0,11,3,0,3,3,0,0,112,0,24,0,1,1,36,1,ai_farm
441,12785,1,Normal,33,3,3,3,0,27,27,0,0,15,0,1,1,0,7,5,0,3,3,0,0,84,2,20,0,1,1,57,1,ai_farm
441,12785,1,Normal,38,1,1,1,0,27,27,0,0,5,0,1,1,0,3,0,0,3,3,0,0,28,0,4,0,1,1,64,1,ai_farm
441,12785,1,Normal,33,4,4,4,0,27,27,0,0,20,0,1,1,0,12,4,0,3,3,0,0,112,8,22,0,1,1,92,1,ai_farm
441,12785,1,Normal,33,1,1,1,0,27,27,0,0,5,0,1,1,0,2,0,0,3,3,0,0,28,0,4,0,1,1,99,1,ai_farm
441,12785,1,Normal,31,2,2,2,0,27,27,0,0,10,0,1,1,0,4,2,0,3,3,0,0,56,2,8,0,1,1,113,1,ai_farm
441,12785,1,Normal,25,3,3,3,0,27,27,0,0,15,0,1,1,0,6,3,0,3,3,0,0,84,24,18,0,1,1,134,1,ai_farm
441,12785,1,Normal,35,5,5,5,0,27,35,0,2,25,0,1,2,0,9,1,0,3,3,0,0,140,9,25,0,1,1,145,1,ai_farm; +1 levelup
441,12785,2,Normal,36,5,5,5,0,35,35,2,2,25,0,2,2,1,5,3,0,1,3,0,0,140,18,25,0,1,1,146,1,
441,12785,3,Normal,10,2,2,1,0,35,0,2,2,12,0,2,2,1,6,5,0,0,0,0,0,113,35,17,1,0,0,158,1,party wiped
442,12786,1,Normal,32,3,3,3,0,27,27,0,0,15,0,1,1,1,5,2,0,3,3,0,0,84,2,15,0,1,1,22,1,floor1_town
442,12786,1,Normal,31,1,1,1,0,27,27,0,0,5,0,1,1,0,3,1,0,3,3,0,0,28,2,6,0,1,1,29,1,ai_farm
442,12786,1,Normal,39,4,4,4,0,27,27,0,0,20,0,1,1,0,10,2,0,3,3,0,0,112,2,24,0,1,1,57,1,ai_farm
442,12786,1,Normal,40,2,2,2,0,27,27,0,0,10,0,1,1,0,6,4,0,3,3,0,0,56,0,13,0,1,1,71,1,ai_farm
442,12786,1,Normal,25,3,3,3,0,27,27,0,0,15,0,1,1,0,8,4,0,3,3,0,0,84,2,16,0,1,1,92,1,ai_farm
442,12786,1,Normal,37,4,4,4,0,27,27,0,0,20,0,1,1,0,11,5,0,3,3,0,0,112,9,24,0,1,1,120,1,ai_farm
442,12786,1,Normal,28,3,3,3,0,27,35,0,2,15,0,1,2,0,9,4,0,3,3,0,0,84,2,20,0,1,1,141,1,ai_farm; +1 levelup
442,12786,2,Normal,40,5,5,5,0,35,35,2,2,25,0,2,2,0,5,3,0,1,3,0,0,140,11,16,0,1,1,142,1,
442,12786,3,Normal,28,4,4,4,0,35,35,2,2,48,0,2,2,1,12,5,0,0,3,0,0,240,6,23,0,1,1,166,1,
443,12787,1,Normal,37,3,3,3,0,27,27,0,0,15,0,1,1,2,6,0,0,3,3,0,0,84,0,13,0,1,1,22,1,floor1_town
443,12787,1,Normal,35,4,4,4,0,27,27,0,0,20,0,1,1,0,10,5,0,3,3,0,0,112,0,20,0,1,1,50,1,ai_farm
443,12787,1,Normal,29,2,2,2,0,27,27,0,0,10,0,1,1,0,6,2,0,3,3,0,0,56,0,10,0,1,1,64,1,ai_farm
443,12787,1,Normal,36,3,3,3,0,27,27,0,0,15,0,1,1,0,7,2,0,3,3,0,0,84,2,13,0,1,1,85,1,ai_farm
443,12787,1,Normal,31,3,3,3,0,27,27,0,0,15,0,1,1,0,8,1,0,3,3,0,0,84,0,14,0,1,1,106,1,ai_farm
443,12787,1,Normal,2,1,1,0,0,27,0,0,0,0,0,1,1,0,3,3,0,0,0,0,0,27,27,8,1,0,0,112,1,ai_farm; party wiped
444,12788,1,Normal,25,4,4,4,0,27,27,0,0,20,0,1,1,1,11,6,0,3,3,0,0,112,13,27,0,1,1,29,1,floor1_town
444,12788,1,Normal,39,5,5,5,0,27,27,0,0,25,0,1,1,0,11,3,0,3,3,0,0,140,2,23,0,1,1,64,1,ai_farm
444,12788,1,Normal,27,1,1,1,0,27,27,0,0,5,0,1,1,0,2,0,0,3,3,0,0,28,0,4,0,1,1,71,1,ai_farm
444,12788,1,Normal,27,3,3,3,0,27,27,0,0,15,0,1,1,0,7,2,0,3,3,0,0,84,0,13,0,1,1,92,1,ai_farm
444,12788,1,Normal,31,4,4,4,0,27,27,0,0,20,0,1,1,0,6,0,0,3,3,0,0,112,0,16,0,1,1,120,1,ai_farm
444,12788,1,Normal,32,5,5,5,0,27,35,0,2,25,0,1,2,0,14,2,0,3,3,0,0,140,0,23,0,1,1,143,1,ai_farm; +1 levelup
444,12788,2,Normal,31,5,5,4,0,35,0,2,2,20,0,2,2,0,3,3,0,0,0,0,0,130,35,19,1,0,0,143,1,party wiped
445,12789,1,Normal,30,3,3,3,0,27,27,0,0,15,0,1,1,0,9,5,0,3,3,0,0,84,0,19,0,1,1,22,1,floor1_town
445,12789,1,Normal,35,3,3,3,0,27,27,0,0,15,0,1,1,0,8,3,0,3,3,0,0,84,0,15,0,1,1,43,1,ai_farm
445,12789,1,Normal,38,2,2,2,0,27,27,0,0,10,0,1,1,0,5,3,0,3,3,0,0,56,18,11,0,1,1,57,1,ai_farm
445,12789,1,Normal,33,2,2,2,0,27,27,0,0,10,0,1,1,0,5,0,0,3,3,0,0,56,0,9,0,1,1,71,1,ai_farm
445,12789,1,Normal,29,3,3,3,0,27,27,0,0,15,0,1,1,0,8,1,0,3,3,0,0,84,0,15,0,1,1,92,1,ai_farm
445,12789,1,Normal,31,6,6,6,0,27,27,0,0,30,0,1,1,0,14,3,0,3,3,0,0,168,0,32,0,1,1,134,1,ai_farm
445,12789,1,Normal,27,3,3,3,0,27,36,0,2,15,0,1,2,0,4,1,0,3,3,0,0,84,0,12,0,1,1,143,1,ai_farm; +1 levelup
445,12789,2,Normal,29,1,1,1,0,36,36,2,2,5,0,2,2,0,2,0,1,1,3,0,0,28,0,3,0,1,1,143,1,
445,12789,3,Normal,31,4,4,4,0,36,4,2,2,48,0,2,2,1,11,4,0,0,0,0,0,240,32,27,0,1,1,167,1,
446,12790,1,Normal,35,3,3,3,0,27,27,0,0,15,0,1,1,1,6,0,0,3,3,0,0,84,0,13,0,1,1,22,1,floor1_town
446,12790,1,Normal,29,3,3,3,0,27,27,0,0,15,0,1,1,0,9,6,0,3,3,0,0,84,0,21,0,1,1,43,1,ai_farm
446,12790,1,Normal,35,3,3,3,0,27,27,0,0,15,0,1,1,0,8,2,0,3,3,0,0,84,0,14,0,1,1,64,1,ai_farm
446,12790,1,Normal,32,4,4,4,0,27,27,0,0,20,0,1,1,0,10,1,0,3,3,0,0,112,2,19,0,1,1,92,1,ai_farm
446,12790,1,Normal,31,3,3,3,0,27,27,0,0,15,0,1,1,0,6,4,0,3,3,0,0,84,9,20,0,1,1,113,1,ai_farm
446,12790,1,Normal,25,3,3,3,0,27,27,0,0,15,0,1,1,0,9,3,0,3,3,0,0,84,2,17,0,1,1,134,1,ai_farm
446,12790,1,Normal,29,5,5,5,0,27,36,0,2,25,0,1,2,0,10,6,0,3,3,0,0,140,21,30,0,1,1,145,1,ai_farm; +1 levelup
446,12790,2,Normal,31,4,4,4,0,36,36,2,2,20,0,2,2,2,3,3,0,0,0,0,0,112,0,15,0,1,1,145,1,
446,12790,3,Normal,27,4,4,4,0,36,36,2,2,48,0,2,2,0,11,6,0,0,3,0,0,240,0,27,0,1,1,169,1,
447,12791,1,Normal,39,4,4,4,0,27,27,0,0,20,0,1,1,0,9,2,0,3,3,0,0,112,4,21,0,1,1,29,1,floor1_town
447,12791,1,Normal,34,3,3,3,0,27,27,0,0,15,0,1,1,0,9,7,0,3,3,0,0,84,0,25,0,1,1,50,1,ai_farm
447,12791,1,Normal,25,3,3,3,0,27,27,0,0,15,0,1,1,0,6,2,0,3,3,0,0,84,0,14,0,1,1,71,1,ai_farm
447,12791,1,Normal,29,4,4,4,0,27,27,0,0,20,0,1,1,0,9,2,0,3,3,0,0,112,0,21,0,1,1,99,1,ai_farm
447,12791,1,Normal,26,3,3,3,0,27,27,0,0,15,0,1,1,0,5,0,0,3,3,0,0,84,0,8,0,1,1,120,1,ai_farm
447,12791,1,Normal,34,2,2,2,0,27,27,0,0,10,0,1,1,0,6,1,0,3,3,0,0,56,0,9,0,1,1,134,1,ai_farm
447,12791,1,Normal,33,3,3,3,0,27,34,0,1,15,0,1,2,0,4,1,0,3,3,0,0,84,2,11,0,1,1,143,1,ai_farm; +1 levelup
447,12791,2,Normal,37,4,4,4,0,34,34,1,1,20,0,2,2,2,6,3,0,0,3,0,0,112,16,28,0,1,1,144,1,
447,12791,3,Normal,35,3,3,3,0,34,34,1,1,36,0,2,2,1,9,1,1,0,2,0,0,180,0,16,0,1,1,162,1,
448,12792,1,Normal,28,2,2,2,0,27,27,0,0,10,0,1,1,1,6,0,0,3,3,0,0,56,0,11,0,1,1,15,1,floor1_town
448,12792,1,Normal,33,2,2,2,0,27,27,0,0,10,0,1,1,0,6,1,0,3,3,0,0,56,0,11,0,1,1,29,1,ai_farm
448,12792,1,Normal,32,6,6,6,0,27,27,0,0,30,0,1,1,0,16,8,0,3,3,0,0,168,2,35,0,1,1,71,1,ai_farm
448,12792,1,Normal,37,2,2,2,0,27,27,0,0,10,0,1,1,0,6,2,0,3,3,0,0,56,4,14,0,1,1,85,1,ai_farm
448,12792,1,Normal,40,3,3,3,0,27,27,0,0,15,0,1,1,0,7,0,0,3,3,0,0,84,0,13,0,1,1,106,1,ai_farm
448,12792,1,Normal,32,2,2,2,0,27,27,0,0,10,0,1,1,0,6,1,0,3,3,0,0,56,0,11,0,1,1,120,1,ai_farm
448,12792,1,Normal,38,2,2,2,0,27,27,0,0,10,0,1,1,0,6,6,0,3,3,0,0,56,12,15,0,1,1,134,1,ai_farm
448,12792,1,Normal,34,3,3,3,0,27,35,0,1,15,0,1,2,0,5,0,0,3,3,0,0,84,0,12,0,1,1,143,1,ai_farm; +1 levelup
448,12792,2,Normal,30,1,1,1,0,35,35,1,1,5,0,2,2,0,2,0,1,1,3,0,0,28,0,3,0,1,1,143,1,
448,12792,3,Normal,36,5,5,5,0,35,35,1,1,60,0,2,2,2,15,8,0,0,0,0,0,300,0,32,0,1,1,173,1,
449,12793,1,Normal,33,3,3,3,0,27,27,0,0,15,0,1,1,0,8,3,0,3,3,0,0,84,12,15,0,1,1,22,1,floor1_town
449,12793,1,Normal,38,5,5,5,0,27,27,0,0,25,0,1,1,0,12,3,0,3,3,0,0,140,0,28,0,1,1,57,1,ai_farm
449,12793,1,Normal,40,4,4,4,0,27,27,0,0,20,0,1,1,0,11,7,0,3,3,0,0,112,14,31,0,1,1,85,1,ai_farm
449,12793,1,Normal,21,2,2,1,0,27,0,0,0,5,0,1,1,0,6,4,0,0,0,0,0,46,27,15,1,0,0,98,1,ai_farm; party wiped
450,12794,1,Normal,38,5,5,5,0,27,27,0,0,25,0,1,1,1,11,3,0,3,3,0,0,140,0,23,0,1,1,36,1,floor1_town
450,12794,1,Normal,32,2,2,2,0,27,27,0,0,10,0,1,1,0,5,0,0,3,3,0,0,56,0,9,0,1,1,50,1,ai_farm
450,12794,1,Normal,19,2,2,1,0,27,0,0,0,5,0,1,1,0,6,3,0,0,0,0,0,53,27,19,1,0,0,63,1,ai_farm; party wiped
451,12795,1,Normal,2,1,1,0,0,27,0,0,0,0,0,1,1,0,3,3,0,0,0,0,0,27,27,8,1,0,0,7,1,floor1_town; party wiped
452,12796,1,Normal,31,2,2,2,0,27,27,0,0,10,0,1,1,1,5,0,1,3,3,0,0,56,0,9,0,1,1,15,1,floor1_town
452,12796,1,Normal,26,2,2,2,0,27,27,0,0,10,0,1,1,1,5,0,0,3,3,0,0,56,0,11,0,1,1,29,1,ai_farm
452,12796,1,Normal,32,4,4,4,0,27,27,0,0,20,0,1,1,0,8,3,0,3,3,0,0,112,14,22,0,1,1,57,1,ai_farm
452,12796,1,Normal,25,2,2,2,0,27,27,0,0,10,0,1,1,0,3,0,0,3,3,0,0,56,0,6,0,1,1,71,1,ai_farm
452,12796,1,Normal,32,2,2,2,0,27,27,0,0,10,0,1,1,0,6,2,0,3,3,0,0,56,2,11,0,1,1,85,1,ai_farm
452,12796,1,Normal,27,2,2,2,0,27,27,0,0,10,0,1,1,0,6,3,0,3,3,0,0,56,0,14,0,1,1,99,1,ai_farm
452,12796,1,Normal,27,2,2,2,0,27,27,0,0,10,0,1,1,0,3,0,0,3,3,0,0,56,0,8,0,1,1,113,1,ai_farm
452,12796,1,Normal,34,4,4,4,0,27,34,0,2,20,0,1,2,0,11,4,0,3,3,0,0,112,0,26,0,1,1,141,1,ai_farm; +1 levelup
452,12796,2,Normal,40,3,3,3,0,34,34,2,2,15,0,2,2,0,3,2,2,0,1,0,0,84,0,10,0,1,1,141,1,
452,12796,3,Normal,33,4,4,4,0,34,34,2,2,48,0,2,2,2,12,5,0,0,3,0,0,240,0,33,0,1,1,165,1,
453,12797,1,Normal,24,3,3,2,0,27,0,0,0,10,0,1,1,0,7,3,0,0,0,0,0,83,27,17,1,0,0,21,1,floor1_town; party wiped
454,12798,1,Normal,40,4,4,4,0,27,27,0,0,20,0,1,1,2,11,6,0,3,3,0,0,112,0,26,0,1,1,29,1,floor1_town
454,12798,1,Normal,37,4,4,4,0,27,27,0,0,20,0,1,1,0,12,7,0,3,3,0,0,112,2,28,0,1,1,57,1,ai_farm
454,12798,1,Normal,27,1,1,1,0,27,27,0,0,5,0,1,1,0,3,2,0,3,3,0,0,28,0,9,0,1,1,64,1,ai_farm
454,12798,1,Normal,32,5,5,5,0,27,27,0,0,25,0,1,1,0,14,4,0,3,3,0,0,140,6,31,0,1,1,99,1,ai_farm
454,12798,1,Normal,18,3,3,2,0,27,0,0,0,10,0,1,1,0,9,4,0,0,0,0,0,79,29,18,1,0,0,119,1,ai_farm; party wiped
455,12799,1,Normal,29,3,3,3,0,27,27,0,0,15,0,1,1,0,8,0,0,3,3,0,0,84,0,12,0,1,1,22,1,floor1_town
455,12799,1,Normal,9,1,1,0,0,27,0,0,0,0,0,1,1,0,3,3,0,0,0,0,0,23,27,8,1,0,0,28,1,ai_farm; party wiped
456,12800,1,Normal,34,4,4,4,0,27,27,0,0,20,0,1,1,2,6,0,0,3,3,0,0,112,0,17,0,1,1,29,1,floor1_town
456,12800,1,Normal,38,2,2,2,0,27,27,0,0,10,0,1,1,0,6,2,0,3,3,0,0,56,0,11,0,1,1,43,1,ai_farm
456,12800,1,Normal,38,6,6,6,0,27,27,0,0,30,0,1,1,0,16,5,0,3,3,0,0,168,0,34,0,1,1,85,1,ai_farm
456,12800,1,Normal,34,2,2,2,0,27,27,0,0,10,0,1,1,0,6,0,0,3,3,0,0,56,0,10,0,1,1,99,1,ai_farm
456,12800,1,Normal,17,1,1,0,0,27,0,0,0,0,0,1,1,0,3,3,0,0,0,0,0,18,27,9,1,0,0,105,1,ai_farm; party wiped
457,12801,1,Normal,38,3,3,3,0,27,27,0,0,15,0,1,1,0,7,0,0,3,3,0,0,84,0,12,0,1,1,22,1,floor1_town
457,12801,1,Normal,26,4,4,4,0,27,27,0,0,20,0,1,1,0,11,4,0,3,3,0,0,112,0,20,0,1,1,50,1,ai_farm
457,12801,1,Normal,35,4,4,4,0,27,27,0,0,20,0,1,1,0,11,4,0,3,3,0,0,112,21,25,0,1,1,78,1,ai_farm
457,12801,1,Normal,1,1,1,0,0,27,0,0,0,0,0,1,1,0,3,3,0,0,0,0,0,18,27,8,1,0,0,84,1,ai_farm; party wiped
458,12802,1,Normal,27,4,4,4,0,27,27,0,0,20,0,1,1,2,7,0,0,3,3,0,0,112,0,21,0,1,1,29,1,floor1_town
458,12802,1,Normal,31,2,2,2,0,27,27,0,0,10,0,1,1,0,6,2,0,3,3,0,0,56,2,10,0,1,1,43,1,ai_farm
458,12802,1,Normal,27,3,3,3,0,27,27,0,0,15,0,1,1,0,6,2,0,3,3,0,0,84,4,13,0,1,1,64,1,ai_farm
458,12802,1,Normal,11,2,2,1,0,27,0,0,0,5,0,1,1,0,6,4,0,0,0,0,0,46,27,16,1,0,0,77,1,ai_farm; party wiped
459,12803,1,Normal,32,3,3,3,0,27,27,0,0,15,0,1,1,1,6,2,0,3,3,0,0,84,0,12,0,1,1,22,1,floor1_town
459,12803,1,Normal,37,4,4,4,0,27,27,0,0,20,0,1,1,0,11,4,0,3,3,0,0,112,14,22,0,1,1,50,1,ai_farm
459,12803,1,Normal,36,4,4,3,1,27,27,0,0,15,0,1,1,0,11,5,0,3,3,0,0,84,23,26,0,1,1,77,1,ai_farm; flee×1
459,12803,1,Normal,34,2,2,2,0,27,27,0,0,10,0,1,1,0,5,3,0,3,3,0,0,56,22,13,0,1,1,91,1,ai_farm
459,12803,1,Normal,25,4,4,4,0,27,27,0,0,20,0,1,1,0,11,1,0,3,3,0,0,112,0,20,0,1,1,119,1,ai_farm
459,12803,1,Normal,38,4,4,4,0,27,36,0,3,20,0,1,2,0,9,2,0,3,3,0,0,112,2,19,0,1,1,147,1,ai_farm; +1 levelup
459,12803,2,Normal,27,3,3,3,0,36,36,3,3,15,0,2,2,1,6,4,0,0,2,0,0,84,30,23,0,1,1,148,1,
459,12803,3,Normal,12,2,2,1,0,36,0,3,3,12,0,2,2,1,3,3,0,0,0,0,0,117,36,15,1,0,0,160,1,party wiped
460,12804,1,Normal,36,5,5,5,0,27,27,0,0,25,0,1,1,2,11,2,0,3,3,0,0,140,0,21,0,1,1,36,1,floor1_town
460,12804,1,Normal,37,3,3,3,0,27,27,0,0,15,0,1,1,0,6,0,0,3,3,0,0,84,0,10,0,1,1,57,1,ai_farm
460,12804,1,Normal,32,5,5,5,0,27,27,0,0,25,0,1,1,0,13,5,0,3,3,0,0,140,2,26,0,1,1,92,1,ai_farm
460,12804,1,Normal,27,3,3,3,0,27,27,0,0,15,0,1,1,0,7,3,0,3,3,0,0,84,0,19,0,1,1,113,1,ai_farm
460,12804,1,Normal,30,2,2,2,0,27,27,0,0,10,0,1,1,0,6,6,0,3,3,0,0,56,12,18,0,1,1,127,1,ai_farm
460,12804,1,Normal,27,2,2,2,0,27,36,0,2,10,0,1,2,0,5,1,0,3,3,0,0,56,2,8,0,1,1,141,1,ai_farm; +1 levelup
460,12804,2,Normal,28,4,4,4,0,36,36,2,2,20,0,2,2,0,3,3,1,0,0,0,0,112,0,13,0,1,1,141,1,
460,12804,3,Normal,32,2,2,2,0,36,36,2,2,24,0,2,2,2,6,2,0,0,1,0,0,120,0,14,0,1,1,153,1,
461,12805,1,Normal,25,3,3,3,0,27,27,0,0,15,0,1,1,1,4,0,0,3,3,0,0,84,0,9,0,1,1,22,1,floor1_town
461,12805,1,Normal,25,4,4,4,0,27,27,0,0,20,0,1,1,0,12,8,0,3,3,0,0,112,0,31,0,1,1,50,1,ai_farm
461,12805,1,Normal,30,5,5,5,0,27,27,0,0,25,0,1,1,0,7,1,0,3,3,0,0,140,0,24,0,1,1,85,1,ai_farm
461,12805,1,Normal,33,5,5,5,0,27,27,0,0,25,0,1,1,0,12,4,0,3,3,0,0,140,0,24,0,1,1,120,1,ai_farm
461,12805,1,Normal,2,1,1,0,0,27,0,0,0,0,0,1,1,0,3,3,0,0,0,0,0,27,27,8,1,0,0,126,1,ai_farm; party wiped
462,12806,1,Normal,30,3,3,3,0,27,27,0,0,15,0,1,1,2,7,2,0,3,3,0,0,84,4,16,0,1,1,22,1,floor1_town
462,12806,1,Normal,33,5,5,5,0,27,27,0,0,25,0,1,1,0,13,4,0,3,3,0,0,140,4,25,0,1,1,57,1,ai_farm
462,12806,1,Normal,37,4,4,4,0,27,27,0,0,20,0,1,1,0,12,4,0,3,3,0,0,112,8,25,0,1,1,85,1,ai_farm
462,12806,1,Normal,27,3,3,3,0,27,27,0,0,15,0,1,1,0,8,1,0,3,3,0,0,84,2,13,0,1,1,106,1,ai_farm
462,12806,1,Normal,28,1,1,1,0,27,27,0,0,5,0,1,1,0,2,0,0,3,3,0,0,28,0,3,0,1,1,113,1,ai_farm
462,12806,1,Normal,28,4,4,4,0,27,36,0,2,20,0,1,2,0,9,3,0,3,3,0,0,112,0,18,0,1,1,141,1,ai_farm; +1 levelup
462,12806,2,Normal,29,3,3,2,1,36,3,2,2,10,0,2,2,0,3,3,0,0,0,0,0,56,33,15,0,1,1,141,1,flee×1
462,12806,3,Normal,40,4,4,4,0,3,20,2,2,48,0,2,2,2,11,5,0,0,0,0,0,240,19,28,0,1,1,165,1,
463,12807,1,Normal,35,2,2,2,0,27,27,0,0,10,0,1,1,1,4,0,0,3,3,0,0,56,0,8,0,1,1,15,1,floor1_town
463,12807,1,Normal,22,1,1,0,0,27,0,0,0,0,0,1,1,0,3,3,0,0,0,0,0,23,27,8,1,0,0,21,1,ai_farm; party wiped
464,12808,1,Normal,39,6,6,6,0,27,27,0,0,30,0,1,1,2,14,2,0,3,3,0,0,168,2,31,0,1,1,43,1,floor1_town
464,12808,1,Normal,30,3,3,3,0,27,27,0,0,15,0,1,1,0,7,2,0,3,3,0,0,84,0,15,0,1,1,64,1,ai_farm
464,12808,1,Normal,31,3,3,3,0,27,27,0,0,15,0,1,1,0,9,4,0,3,3,0,0,84,2,22,0,1,1,85,1,ai_farm
464,12808,1,Normal,39,5,5,5,0,27,27,0,0,25,0,1,1,0,13,3,0,3,3,0,0,140,6,24,0,1,1,120,1,ai_farm
464,12808,1,Normal,1,1,1,0,0,27,0,0,0,0,0,1,1,0,3,3,0,0,0,0,0,25,27,10,1,0,0,126,1,ai_farm; party wiped
465,12809,1,Normal,28,2,2,2,0,27,27,0,0,10,0,1,1,0,0,0,1,3,3,0,0,56,0,7,0,1,1,15,1,floor1_town
465,12809,1,Normal,26,3,3,3,0,27,27,0,0,15,0,1,1,1,8,0,0,3,3,0,0,84,0,13,0,1,1,36,1,ai_farm
465,12809,1,Normal,34,4,4,4,0,27,27,0,0,20,0,1,1,0,12,3,0,3,3,0,0,112,2,21,0,1,1,64,1,ai_farm
465,12809,1,Normal,28,3,3,3,0,27,27,0,0,15,0,1,1,0,9,7,0,3,3,0,0,84,40,27,0,1,1,85,1,ai_farm
465,12809,1,Normal,37,4,4,4,0,27,27,0,0,20,0,1,1,0,11,3,0,3,3,0,0,112,0,23,0,1,1,113,1,ai_farm
465,12809,1,Normal,28,2,2,2,0,27,27,0,0,10,0,1,1,0,6,1,0,3,3,0,0,56,2,11,0,1,1,127,1,ai_farm
465,12809,1,Normal,37,1,1,1,0,27,27,0,0,5,0,1,1,0,2,0,0,3,3,0,0,28,0,3,0,1,1,134,1,ai_farm
465,12809,1,Normal,33,3,3,3,0,27,35,0,2,15,0,1,2,0,6,0,0,3,3,0,0,84,0,14,0,1,1,143,1,ai_farm; +1 levelup
465,12809,2,Normal,35,5,5,5,0,35,26,2,2,25,0,2,2,0,5,3,2,1,3,0,0,140,32,21,0,1,1,145,1,
465,12809,3,Normal,27,2,2,2,0,26,35,2,2,24,0,2,2,2,3,3,2,0,0,0,0,120,0,15,0,1,1,157,1,
466,12810,1,Normal,11,2,2,1,0,27,0,0,0,5,0,1,1,2,6,4,0,0,0,0,0,46,29,17,1,0,0,14,1,floor1_town; party wiped
467,12811,1,Normal,37,5,5,5,0,27,27,0,0,25,0,1,1,1,10,3,0,3,3,0,0,140,0,24,0,1,1,36,1,floor1_town
467,12811,1,Normal,13,2,2,1,0,27,0,0,0,5,0,1,1,0,6,5,0,0,0,0,0,55,27,17,1,0,0,49,1,ai_farm; party wiped
468,12812,1,Normal,26,2,2,2,0,27,27,0,0,10,0,1,1,0,3,2,0,3,3,0,0,56,0,10,0,1,1,15,1,floor1_town
468,12812,1,Normal,7,2,2,1,0,27,0,0,0,5,0,1,1,0,6,3,0,0,0,0,0,55,27,14,1,0,0,28,1,ai_farm; party wiped
469,12813,1,Normal,31,2,2,2,0,27,27,0,0,10,0,1,1,1,5,2,0,3,3,0,0,56,0,15,0,1,1,15,1,floor1_town
469,12813,1,Normal,38,5,5,5,0,27,27,0,0,25,0,1,1,0,12,3,0,3,3,0,0,140,9,25,0,1,1,50,1,ai_farm
469,12813,1,Normal,31,4,4,4,0,27,27,0,0,20,0,1,1,0,10,6,0,3,3,0,0,112,4,24,0,1,1,78,1,ai_farm
469,12813,1,Normal,36,5,5,5,0,27,27,0,0,25,0,1,1,0,12,3,0,3,3,0,0,140,23,26,0,1,1,113,1,ai_farm
469,12813,1,Normal,17,2,2,1,0,27,0,0,0,5,0,1,1,0,6,5,0,0,0,0,0,46,27,17,1,0,0,126,1,ai_farm; party wiped
470,12814,1,Normal,35,6,6,6,0,27,27,0,0,30,0,1,1,0,18,7,0,3,3,0,0,168,0,36,0,1,1,43,1,floor1_town
470,12814,1,Normal,28,4,4,4,0,27,27,0,0,20,0,1,1,0,10,2,0,3,3,0,0,112,2,26,0,1,1,71,1,ai_farm
470,12814,1,Normal,36,4,4,4,0,27,27,0,0,20,0,1,1,0,8,2,0,3,3,0,0,112,2,16,0,1,1,99,1,ai_farm
470,12814,1,Normal,30,1,1,1,0,27,27,0,0,5,0,1,1,0,3,3,0,3,3,0,0,28,0,7,0,1,1,106,1,ai_farm
470,12814,1,Normal,34,4,4,4,0,27,27,0,0,20,0,1,1,0,9,4,0,3,3,0,0,112,2,19,0,1,1,134,1,ai_farm
470,12814,1,Normal,30,4,4,4,0,27,35,0,2,20,0,1,2,0,10,1,0,3,3,0,0,112,0,19,0,1,1,144,1,ai_farm; +1 levelup
470,12814,2,Normal,34,4,4,4,0,35,35,2,2,20,0,2,2,1,6,4,0,0,2,0,0,112,11,22,0,1,1,145,1,
470,12814,3,Normal,40,4,4,4,0,35,35,2,2,48,0,2,2,2,12,6,0,0,3,0,0,240,27,27,0,1,1,169,1,
471,12815,1,Normal,40,5,5,5,0,27,27,0,0,25,0,1,1,1,11,1,0,3,3,0,0,140,0,23,0,1,1,36,1,floor1_town
471,12815,1,Normal,25,3,3,3,0,27,27,0,0,15,0,1,1,0,8,3,0,3,3,0,0,84,2,15,0,1,1,57,1,ai_farm
471,12815,1,Normal,28,3,3,3,0,27,27,0,0,15,0,1,1,0,7,1,0,3,3,0,0,84,0,13,0,1,1,78,1,ai_farm
471,12815,1,Normal,6,1,1,0,0,27,0,0,0,0,0,1,1,0,3,3,0,0,0,0,0,27,27,10,1,0,0,84,1,ai_farm; party wiped
472,12816,1,Normal,29,5,5,5,0,27,27,0,0,25,0,1,1,0,14,6,0,3,3,0,0,140,2,29,0,1,1,36,1,floor1_town
472,12816,1,Normal,25,1,1,0,0,27,0,0,0,0,0,1,1,0,3,3,0,0,0,0,0,18,27,9,1,0,0,42,1,ai_farm; party wiped
473,12817,1,Normal,34,5,5,5,0,27,27,0,0,25,0,1,1,1,10,2,0,3,3,0,0,140,0,21,0,1,1,36,1,floor1_town
473,12817,1,Normal,32,4,4,4,0,27,27,0,0,20,0,1,1,0,12,1,0,3,3,0,0,112,0,20,0,1,1,64,1,ai_farm
473,12817,1,Normal,39,1,1,1,0,27,27,0,0,5,0,1,1,0,2,0,0,3,3,0,0,28,0,5,0,1,1,71,1,ai_farm
473,12817,1,Normal,33,6,6,6,0,27,27,0,0,30,0,1,1,0,16,4,0,3,3,0,0,168,0,31,0,1,1,113,1,ai_farm
473,12817,1,Normal,5,1,1,0,0,27,0,0,0,0,0,1,1,0,3,3,0,0,0,0,0,9,27,9,1,0,0,119,1,ai_farm; party wiped
474,12818,1,Normal,38,2,2,2,0,27,27,0,0,10,0,1,1,0,5,1,0,3,3,0,0,56,0,8,0,1,1,15,1,floor1_town
474,12818,1,Normal,25,2,2,2,0,27,27,0,0,10,0,1,1,0,6,5,0,3,3,0,0,56,0,18,0,1,1,29,1,ai_farm
474,12818,1,Normal,35,4,4,4,0,27,27,0,0,20,0,1,1,0,10,3,0,3,3,0,0,112,0,22,0,1,1,57,1,ai_farm
474,12818,1,Normal,37,5,5,5,0,27,27,0,0,25,0,1,1,0,12,0,0,3,3,0,0,140,0,23,0,1,1,92,1,ai_farm
474,12818,1,Normal,33,3,3,3,0,27,27,0,0,15,0,1,1,0,6,3,0,3,3,0,0,84,13,16,0,1,1,113,1,ai_farm
474,12818,1,Normal,27,3,3,3,0,27,27,0,0,15,0,1,1,0,6,1,0,3,3,0,0,84,0,12,0,1,1,134,1,ai_farm
474,12818,1,Normal,35,3,3,3,0,27,35,0,3,15,0,1,2,0,9,3,0,3,3,0,0,84,0,19,0,1,1,143,1,ai_farm; +1 levelup
474,12818,2,Normal,36,5,5,5,0,35,23,3,3,25,0,2,2,0,3,3,2,0,0,0,0,140,12,15,0,1,1,143,1,
474,12818,3,Normal,11,2,2,1,0,23,0,3,3,12,0,2,2,1,6,4,2,0,0,0,0,94,35,16,1,0,0,155,1,party wiped
475,12819,1,Normal,27,2,2,2,0,27,27,0,0,10,0,1,1,2,4,2,0,3,3,0,0,56,4,13,0,1,1,15,1,floor1_town
475,12819,1,Normal,40,5,5,5,0,27,27,0,0,25,0,1,1,0,15,5,0,3,3,0,0,140,0,26,0,1,1,50,1,ai_farm
475,12819,1,Normal,16,2,2,1,0,27,0,0,0,5,0,1,1,0,6,5,0,0,0,0,0,37,27,17,1,0,0,63,1,ai_farm; party wiped
476,12820,1,Normal,32,3,3,3,0,27,27,0,0,15,0,1,1,0,6,0,0,3,3,0,0,84,0,11,0,1,1,22,1,floor1_town
476,12820,1,Normal,30,5,5,5,0,27,27,0,0,25,0,1,1,0,12,3,0,3,3,0,0,140,2,24,0,1,1,57,1,ai_farm
476,12820,1,Normal,32,3,3,3,0,27,27,0,0,15,0,1,1,0,9,2,0,3,3,0,0,84,0,17,0,1,1,78,1,ai_farm
476,12820,1,Normal,26,3,3,3,0,27,27,0,0,15,0,1,1,0,8,4,0,3,3,0,0,84,0,19,0,1,1,99,1,ai_farm
476,12820,1,Normal,24,4,4,3,0,27,0,0,0,15,0,1,1,0,12,4,0,0,0,0,0,111,27,24,1,0,0,126,1,ai_farm; party wiped
477,12821,1,Normal,36,6,6,6,0,27,27,0,0,30,0,1,1,2,15,4,0,3,3,0,0,168,0,34,0,1,1,43,1,floor1_town
477,12821,1,Normal,26,3,3,3,0,27,27,0,0,15,0,1,1,0,8,2,0,3,3,0,0,84,2,17,0,1,1,64,1,ai_farm
477,12821,1,Normal,37,1,1,1,0,27,27,0,0,5,0,1,1,0,3,0,0,3,3,0,0,28,0,5,0,1,1,71,1,ai_farm
477,12821,1,Normal,12,1,1,0,0,27,0,0,0,0,0,1,1,0,3,3,0,0,0,0,0,18,27,14,1,0,0,77,1,ai_farm; party wiped
478,12822,1,Normal,25,2,2,2,0,27,27,0,0,10,0,1,1,0,3,0,0,3,3,0,0,56,0,8,0,1,1,15,1,floor1_town
478,12822,1,Normal,33,5,5,5,0,27,27,0,0,25,0,1,1,0,14,4,0,3,3,0,0,140,2,28,0,1,1,50,1,ai_farm
478,12822,1,Normal,29,3,3,3,0,27,27,0,0,15,0,1,1,0,9,6,0,3,3,0,0,84,2,20,0,1,1,71,1,ai_farm
478,12822,1,Normal,34,4,4,4,0,27,27,0,0,20,0,1,1,0,11,0,0,3,3,0,0,112,0,22,0,1,1,99,1,ai_farm
478,12822,1,Normal,27,3,3,3,0,27,27,0,0,15,0,1,1,0,6,1,0,3,3,0,0,84,2,14,0,1,1,120,1,ai_farm
478,12822,1,Normal,26,4,4,4,0,27,36,0,1,20,0,1,2,0,7,1,0,3,3,0,0,112,0,17,0,1,1,142,1,ai_farm; +1 levelup
478,12822,2,Normal,39,2,2,2,0,36,36,1,1,10,0,2,2,0,3,1,0,0,2,0,0,56,0,7,0,1,1,142,1,
478,12822,3,Normal,25,2,2,2,0,36,36,1,1,24,0,2,2,2,6,5,0,0,1,0,0,120,16,16,0,1,1,154,1,
479,12823,1,Normal,30,2,2,2,0,27,27,0,0,10,0,1,1,2,4,1,0,3,3,0,0,56,0,9,0,1,1,15,1,floor1_town
479,12823,1,Normal,37,2,2,2,0,27,27,0,0,10,0,1,1,0,6,0,0,3,3,0,0,56,0,11,0,1,1,29,1,ai_farm
479,12823,1,Normal,36,5,5,5,0,27,27,0,0,25,0,1,1,0,13,0,0,3,3,0,0,140,0,25,0,1,1,64,1,ai_farm
479,12823,1,Normal,31,4,4,4,0,27,27,0,0,20,0,1,1,0,9,1,0,3,3,0,0,112,2,22,0,1,1,92,1,ai_farm
479,12823,1,Normal,12,2,2,1,0,27,0,0,0,5,0,1,1,0,3,3,0,0,0,0,0,55,27,12,1,0,0,105,1,ai_farm; party wiped
480,12824,1,Normal,34,3,3,3,0,27,27,0,0,15,0,1,1,0,7,0,0,3,3,0,0,84,0,12,0,1,1,22,1,floor1_town
480,12824,1,Normal,38,3,3,3,0,27,27,0,0,15,0,1,1,0,7,0,0,3,3,0,0,84,0,15,0,1,1,43,1,ai_farm
480,12824,1,Normal,29,5,5,5,0,27,27,0,0,25,0,1,1,0,12,3,0,3,3,0,0,140,0,26,0,1,1,78,1,ai_farm
480,12824,1,Normal,34,5,5,5,0,27,27,0,0,25,0,1,1,0,14,6,0,3,3,0,0,140,2,27,0,1,1,113,1,ai_farm
480,12824,1,Normal,26,3,3,3,0,27,27,0,0,15,0,1,1,0,6,2,0,3,3,0,0,84,0,13,0,1,1,134,1,ai_farm
480,12824,1,Normal,31,5,5,5,0,27,34,0,1,25,0,1,2,0,10,0,0,3,3,0,0,140,0,19,0,1,1,145,1,ai_farm; +1 levelup
480,12824,2,Normal,30,4,4,4,0,34,22,1,1,20,0,2,2,0,3,3,1,0,0,0,0,112,12,15,0,1,1,145,1,
480,12824,3,Normal,36,4,4,4,0,22,34,1,1,48,0,2,2,1,9,1,0,1,3,0,0,240,0,17,0,1,1,169,1,
481,12825,1,Normal,39,7,7,7,0,27,27,0,0,35,0,1,1,2,18,4,0,3,3,0,0,196,12,36,0,1,1,50,1,floor1_town
481,12825,1,Normal,26,1,1,1,0,27,27,0,0,5,0,1,1,0,1,0,0,3,3,0,0,28,0,2,0,1,1,57,1,ai_farm
481,12825,1,Normal,30,3,3,3,0,27,27,0,0,15,0,1,1,0,7,2,0,3,3,0,0,84,0,14,0,1,1,78,1,ai_farm
481,12825,1,Normal,31,4,4,4,0,27,27,0,0,20,0,1,1,0,12,9,0,3,3,0,0,112,22,31,0,1,1,106,1,ai_farm
481,12825,1,Normal,32,3,3,3,0,27,27,0,0,15,0,1,1,0,8,2,0,3,3,0,0,84,0,20,0,1,1,127,1,ai_farm
481,12825,1,Normal,38,3,3,3,0,27,35,0,2,15,0,1,2,0,7,2,0,3,3,0,0,84,0,14,0,1,1,142,1,ai_farm; +1 levelup
481,12825,2,Normal,32,2,2,2,0,35,35,2,2,10,0,2,2,0,2,0,0,1,3,0,0,56,0,8,0,1,1,142,1,
481,12825,3,Normal,34,3,3,3,0,35,35,2,2,36,0,2,2,0,9,4,0,0,0,0,0,180,0,17,0,1,1,160,1,
482,12826,1,Normal,3,1,1,0,0,27,0,0,0,0,0,1,1,1,3,3,0,0,0,0,0,9,27,10,1,0,0,7,1,floor1_town; party wiped
483,12827,1,Normal,32,4,4,4,0,27,27,0,0,20,0,1,1,2,10,2,0,3,3,0,0,112,0,19,0,1,1,29,1,floor1_town
483,12827,1,Normal,33,3,3,3,0,27,27,0,0,15,0,1,1,0,7,4,0,3,3,0,0,84,0,18,0,1,1,50,1,ai_farm
483,12827,1,Normal,39,6,6,6,0,27,27,0,0,30,0,1,1,0,15,7,0,3,3,0,0,168,18,41,0,1,1,92,1,ai_farm
483,12827,1,Normal,30,2,2,2,0,27,27,0,0,10,0,1,1,0,3,0,0,3,3,0,0,56,0,8,0,1,1,106,1,ai_farm
483,12827,1,Normal,29,4,4,4,0,27,27,0,0,20,0,1,1,0,12,3,0,3,3,0,0,112,0,20,0,1,1,134,1,ai_farm
483,12827,1,Normal,35,3,3,3,0,27,36,0,2,15,0,1,2,0,7,4,0,3,3,0,0,84,0,16,0,1,1,143,1,ai_farm; +1 levelup
483,12827,2,Normal,25,4,4,3,0,36,0,2,2,15,0,2,2,0,3,3,0,0,0,0,0,102,36,13,1,0,0,143,1,party wiped
484,12828,1,Normal,37,3,3,3,0,27,27,0,0,15,0,1,1,0,9,4,1,3,3,0,0,84,0,19,0,1,1,22,1,floor1_town
484,12828,1,Normal,5,1,1,0,0,27,0,0,0,0,0,1,1,1,3,3,0,0,0,0,0,18,27,10,1,0,0,28,1,ai_farm; party wiped
485,12829,1,Normal,26,3,3,3,0,27,27,0,0,15,0,1,1,2,7,2,0,3,3,0,0,84,0,16,0,1,1,22,1,floor1_town
485,12829,1,Normal,17,2,2,1,0,27,0,0,0,5,0,1,1,0,5,3,0,0,0,0,0,46,27,12,1,0,0,35,1,ai_farm; party wiped
486,12830,1,Normal,31,4,4,4,0,27,27,0,0,20,0,1,1,1,11,4,0,3,3,0,0,112,4,24,0,1,1,29,1,floor1_town
486,12830,1,Normal,40,5,5,5,0,27,27,0,0,25,0,1,1,0,15,5,0,3,3,0,0,140,4,30,0,1,1,64,1,ai_farm
486,12830,1,Normal,27,4,4,4,0,27,27,0,0,20,0,1,1,0,11,3,0,3,3,0,0,112,12,23,0,1,1,92,1,ai_farm
486,12830,1,Normal,35,2,2,2,0,27,27,0,0,10,0,1,1,0,5,2,0,3,3,0,0,56,4,10,0,1,1,106,1,ai_farm
486,12830,1,Normal,31,4,4,4,0,27,27,0,0,20,0,1,1,0,11,2,0,3,3,0,0,112,4,22,0,1,1,134,1,ai_farm
486,12830,1,Normal,38,4,4,4,0,27,35,0,3,20,0,1,2,0,8,2,0,3,3,0,0,112,0,18,0,1,1,144,1,ai_farm; +1 levelup
486,12830,2,Normal,31,3,3,3,0,35,17,3,3,15,0,2,2,0,3,3,0,0,0,0,0,84,18,12,0,1,1,144,1,
486,12830,3,Normal,29,3,3,3,0,17,35,3,3,36,0,2,2,1,9,2,0,0,3,0,0,180,3,17,0,1,1,162,1,
487,12831,1,Normal,35,1,1,1,0,27,27,0,0,5,0,1,1,1,2,0,1,3,3,0,0,28,0,4,0,1,1,8,1,floor1_town
487,12831,1,Normal,26,5,5,5,0,27,27,0,0,25,0,1,1,1,12,6,0,3,3,0,0,140,14,29,0,1,1,43,1,ai_farm
487,12831,1,Normal,36,4,4,4,0,27,27,0,0,20,0,1,1,0,10,1,0,3,3,0,0,112,0,19,0,1,1,71,1,ai_farm
487,12831,1,Normal,38,4,4,4,0,27,27,0,0,20,0,1,1,0,6,3,0,3,3,0,0,112,26,19,0,1,1,99,1,ai_farm
487,12831,1,Normal,34,3,3,3,0,27,27,0,0,15,0,1,1,0,8,0,0,3,3,0,0,84,0,14,0,1,1,120,1,ai_farm
487,12831,1,Normal,36,2,2,2,0,27,27,0,0,10,0,1,1,0,6,1,0,3,3,0,0,56,2,11,0,1,1,134,1,ai_farm
487,12831,1,Normal,29,3,3,3,0,27,36,0,2,15,0,1,2,0,6,3,0,3,3,0,0,84,16,15,0,1,1,143,1,ai_farm; +1 levelup
487,12831,2,Normal,26,2,2,2,0,36,27,2,2,10,0,2,2,0,3,0,0,2,3,0,0,56,18,10,0,1,1,144,1,
487,12831,3,Normal,26,3,3,3,0,27,36,2,2,36,0,2,2,0,9,5,0,0,3,0,0,180,2,19,0,1,1,162,1,
488,12832,1,Normal,40,7,7,7,0,27,27,0,0,35,0,1,1,1,14,4,0,3,3,0,0,196,16,35,0,1,1,50,1,floor1_town
488,12832,1,Normal,36,6,6,6,0,27,27,0,0,30,0,1,1,0,12,3,0,3,3,0,0,168,0,32,0,1,1,92,1,ai_farm
488,12832,1,Normal,38,5,5,5,0,27,27,0,0,25,0,1,1,0,14,3,0,3,3,0,0,140,0,26,0,1,1,127,1,ai_farm
488,12832,1,Normal,37,4,4,4,0,27,35,0,3,20,0,1,2,0,8,2,0,3,3,0,0,112,0,18,0,1,1,143,1,ai_farm; +1 levelup
488,12832,2,Normal,35,5,5,5,0,35,35,3,3,25,0,2,2,0,6,5,2,0,1,0,0,140,8,22,0,1,1,144,1,
488,12832,3,Normal,37,4,4,4,0,35,35,3,3,48,0,2,2,2,9,2,0,0,2,0,0,240,0,20,0,1,1,168,1,
489,12833,1,Normal,29,3,3,3,0,27,27,0,0,15,0,1,1,0,8,3,0,3,3,0,0,84,12,16,0,1,1,22,1,floor1_town
489,12833,1,Normal,28,0,0,0,0,27,27,0,0,0,0,1,1,0,0,0,0,3,3,0,0,0,0,0,0,1,1,22,0,ai_farm
489,12833,1,Normal,35,3,3,3,0,27,27,0,0,15,0,1,1,0,8,5,0,3,3,0,0,84,18,22,0,1,1,43,1,ai_farm
489,12833,1,Normal,39,4,4,4,0,27,27,0,0,20,0,1,1,0,9,4,0,3,3,0,0,112,12,23,0,1,1,71,1,ai_farm
489,12833,1,Normal,30,5,5,5,0,27,27,0,0,25,0,1,1,0,12,3,0,3,3,0,0,140,2,23,0,1,1,106,1,ai_farm
489,12833,1,Normal,29,2,2,2,0,27,27,0,0,10,0,1,1,0,6,2,0,3,3,0,0,56,0,11,0,1,1,120,1,ai_farm
489,12833,1,Normal,25,5,5,5,0,27,35,0,3,25,0,1,2,0,12,5,0,3,3,0,0,140,2,26,0,1,1,143,1,ai_farm; +1 levelup
489,12833,2,Normal,39,3,3,3,0,35,35,3,3,15,0,2,2,0,3,1,1,0,2,0,0,84,0,11,0,1,1,143,1,
489,12833,3,Normal,39,3,3,3,0,35,32,3,3,36,0,2,2,1,8,3,0,0,2,0,0,180,3,15,0,1,1,161,1,
490,12834,1,Normal,33,5,5,5,0,27,27,0,0,25,0,1,1,1,12,6,0,3,3,0,0,140,0,25,0,1,1,36,1,floor1_town
490,12834,1,Normal,25,1,1,1,0,27,27,0,0,5,0,1,1,0,3,2,0,3,3,0,0,28,0,6,0,1,1,43,1,ai_farm
490,12834,1,Normal,29,4,4,4,0,27,27,0,0,20,0,1,1,0,9,3,0,3,3,0,0,112,2,19,0,1,1,71,1,ai_farm
490,12834,1,Normal,26,2,2,2,0,27,27,0,0,10,0,1,1,0,6,4,0,3,3,0,0,56,12,16,0,1,1,85,1,ai_farm
490,12834,1,Normal,36,4,4,4,0,27,27,0,0,20,0,1,1,0,7,0,0,3,3,0,0,112,0,17,0,1,1,113,1,ai_farm
490,12834,1,Normal,36,2,2,2,0,27,27,0,0,10,0,1,1,0,2,0,0,3,3,0,0,56,0,7,0,1,1,127,1,ai_farm
490,12834,1,Normal,26,4,4,4,0,27,34,0,2,20,0,1,2,0,12,9,0,3,3,0,0,112,28,31,0,1,1,143,1,ai_farm; +1 levelup
490,12834,2,Normal,25,3,3,3,0,34,26,2,2,15,0,2,2,0,2,0,0,1,3,0,0,84,8,8,0,1,1,143,1,
490,12834,3,Normal,36,1,1,1,0,26,34,2,2,12,0,2,2,0,3,3,0,0,0,0,0,60,0,10,0,1,1,149,1,
491,12835,1,Normal,38,7,7,7,0,27,27,0,0,35,0,1,1,0,17,7,0,3,3,0,0,196,26,39,0,1,1,50,1,floor1_town
491,12835,1,Normal,35,5,5,5,0,27,27,0,0,25,0,1,1,0,13,5,0,3,3,0,0,140,14,33,0,1,1,85,1,ai_farm
491,12835,1,Normal,36,2,2,2,0,27,27,0,0,10,0,1,1,0,4,0,0,3,3,0,0,56,0,6,0,1,1,99,1,ai_farm
491,12835,1,Normal,34,2,2,2,0,27,27,0,0,10,0,1,1,0,5,0,0,3,3,0,0,56,0,11,0,1,1,113,1,ai_farm
491,12835,1,Normal,29,5,5,5,0,27,34,0,3,25,0,1,2,0,13,7,0,3,3,0,0,140,0,27,0,1,1,142,1,ai_farm; +1 levelup
491,12835,2,Normal,36,5,5,5,0,34,22,3,3,25,0,2,2,1,3,3,0,0,0,0,0,140,12,20,0,1,1,142,1,
491,12835,3,Normal,33,5,5,5,0,22,34,3,3,60,0,2,2,1,15,6,0,0,3,0,0,300,8,30,0,1,1,172,1,
492,12836,1,Normal,27,3,3,3,0,27,27,0,0,15,0,1,1,1,9,7,0,3,3,0,0,84,4,26,0,1,1,22,1,floor1_town
492,12836,1,Normal,31,2,2,2,0,27,27,0,0,10,0,1,1,0,6,1,0,3,3,0,0,56,0,11,0,1,1,36,1,ai_farm
492,12836,1,Normal,40,4,4,4,0,27,27,0,0,20,0,1,1,0,11,2,0,3,3,0,0,112,2,20,0,1,1,64,1,ai_farm
492,12836,1,Normal,33,1,1,1,0,27,27,0,0,5,0,1,1,0,1,0,0,3,3,0,0,28,0,3,0,1,1,71,1,ai_farm
492,12836,1,Normal,32,3,3,3,0,27,27,0,0,15,0,1,1,0,6,1,0,3,3,0,0,84,0,11,0,1,1,92,1,ai_farm
492,12836,1,Normal,25,3,3,3,0,27,27,0,0,15,0,1,1,0,9,3,0,3,3,0,0,84,2,17,0,1,1,113,1,ai_farm
492,12836,1,Normal,35,3,3,3,0,27,27,0,0,15,0,1,1,0,9,4,0,3,3,0,0,84,2,19,0,1,1,134,1,ai_farm
492,12836,1,Normal,32,4,4,4,0,27,36,0,3,20,0,1,2,0,9,2,0,3,3,0,0,112,0,16,0,1,1,144,1,ai_farm; +1 levelup
492,12836,2,Normal,27,3,3,3,0,36,25,3,3,15,0,2,2,1,3,3,1,0,0,0,0,84,11,19,0,1,1,144,1,
492,12836,3,Normal,31,4,4,3,0,25,0,3,3,36,0,2,2,1,12,11,0,0,0,0,0,233,82,37,1,0,0,168,1,party wiped
493,12837,1,Normal,31,3,3,3,0,27,27,0,0,15,0,1,1,0,6,0,0,3,3,0,0,84,0,11,0,1,1,22,1,floor1_town
493,12837,1,Normal,37,3,3,3,0,27,27,0,0,15,0,1,1,0,9,2,0,3,3,0,0,84,0,19,0,1,1,43,1,ai_farm
493,12837,1,Normal,28,3,3,3,0,27,27,0,0,15,0,1,1,0,8,2,0,3,3,0,0,84,0,14,0,1,1,64,1,ai_farm
493,12837,1,Normal,32,4,4,4,0,27,27,0,0,20,0,1,1,0,12,3,0,3,3,0,0,112,2,24,0,1,1,92,1,ai_farm
493,12837,1,Normal,36,3,3,3,0,27,27,0,0,15,0,1,1,0,9,6,0,3,3,0,0,84,2,21,0,1,1,113,1,ai_farm
493,12837,1,Normal,32,4,4,4,0,27,36,0,2,20,0,1,2,0,12,7,0,3,3,0,0,112,14,30,0,1,1,141,1,ai_farm; +1 levelup
493,12837,2,Normal,27,3,3,3,0,36,36,2,2,15,0,2,2,0,3,3,2,0,0,0,0,84,0,11,0,1,1,141,1,
493,12837,3,Normal,19,2,2,1,0,36,0,2,2,12,0,2,2,2,6,6,0,0,0,0,0,103,36,18,1,0,0,153,1,party wiped
494,12838,1,Normal,18,3,3,2,0,27,0,0,0,10,0,1,1,1,9,8,0,0,0,0,0,83,27,24,1,0,0,21,1,floor1_town; party wiped
495,12839,1,Normal,25,3,3,3,0,27,27,0,0,15,0,1,1,0,9,2,0,3,3,0,0,84,2,19,0,1,1,22,1,floor1_town
495,12839,1,Normal,35,5,5,5,0,27,27,0,0,25,0,1,1,0,11,6,0,3,3,0,0,140,12,30,0,1,1,57,1,ai_farm
495,12839,1,Normal,39,5,5,5,0,27,27,0,0,25,0,1,1,0,14,10,0,3,3,0,0,140,12,36,0,1,1,92,1,ai_farm
495,12839,1,Normal,14,2,2,1,0,27,0,0,0,5,0,1,1,0,6,4,0,0,0,0,0,55,29,17,1,0,0,105,1,ai_farm; party wiped
496,12840,1,Normal,29,2,2,2,0,27,27,0,0,10,0,1,1,2,5,0,0,3,3,0,0,56,0,12,0,1,1,15,1,floor1_town
496,12840,1,Normal,22,3,3,2,0,27,0,0,0,10,0,1,1,0,9,3,0,0,0,0,0,83,27,19,1,0,0,35,1,ai_farm; party wiped
497,12841,1,Normal,34,5,5,5,0,27,27,0,0,25,0,1,1,0,12,5,0,3,3,0,0,140,4,27,0,1,1,36,1,floor1_town
497,12841,1,Normal,31,4,4,4,0,27,27,0,0,20,0,1,1,0,9,3,0,3,3,0,0,112,2,19,0,1,1,64,1,ai_farm
497,12841,1,Normal,29,2,2,1,0,27,0,0,0,5,0,1,1,0,6,3,0,0,0,0,0,55,27,16,1,0,0,77,1,ai_farm; party wiped
498,12842,1,Normal,39,3,3,3,0,27,27,0,0,15,0,1,1,2,7,4,0,3,3,0,0,84,12,18,0,1,1,22,1,floor1_town
498,12842,1,Normal,37,4,4,4,0,27,27,0,0,20,0,1,1,0,12,6,0,3,3,0,0,112,2,25,0,1,1,50,1,ai_farm
498,12842,1,Normal,28,3,3,3,0,27,27,0,0,15,0,1,1,0,9,7,0,3,3,0,0,84,41,24,0,1,1,71,1,ai_farm
498,12842,1,Normal,29,4,4,4,0,27,27,0,0,20,0,1,1,0,8,1,0,3,3,0,0,112,2,19,0,1,1,99,1,ai_farm
498,12842,1,Normal,15,2,2,1,0,27,0,0,0,5,0,1,1,0,6,5,0,0,0,0,0,55,29,15,1,0,0,112,1,ai_farm; party wiped
499,12843,1,Normal,28,3,3,3,0,27,27,0,0,15,0,1,1,0,7,2,0,3,3,0,0,84,2,17,0,1,1,22,1,floor1_town
499,12843,1,Normal,28,2,2,2,0,27,27,0,0,10,0,1,1,0,6,4,0,3,3,0,0,56,0,15,0,1,1,36,1,ai_farm
499,12843,1,Normal,6,2,2,1,0,27,0,0,0,5,0,1,1,0,6,3,0,0,0,0,0,44,27,14,1,0,0,49,1,ai_farm; party wiped
500,12844,1,Normal,32,4,4,4,0,27,27,0,0,20,0,1,1,2,8,2,0,3,3,0,0,112,0,22,0,1,1,29,1,floor1_town
500,12844,1,Normal,12,1,1,0,0,27,0,0,0,0,0,1,1,0,3,3,0,0,0,0,0,27,27,10,1,0,0,35,1,ai_farm; party wiped
501,12845,1,Normal,37,4,4,4,0,27,27,0,0,20,0,1,1,0,10,0,0,3,3,0,0,112,0,19,0,1,1,29,1,floor1_town
501,12845,1,Normal,28,2,2,2,0,27,27,0,0,10,0,1,1,0,6,6,0,3,3,0,0,56,2,18,0,1,1,43,1,ai_farm
501,12845,1,Normal,16,2,2,1,0,27,0,0,0,5,0,1,1,0,5,3,0,0,0,0,0,46,27,13,1,0,0,56,1,ai_farm; party wiped
502,12846,1,Normal,26,3,3,3,0,27,27,0,0,15,0,1,1,2,8,2,0,3,3,0,0,84,0,18,0,1,1,22,1,floor1_town
502,12846,1,Normal,27,3,3,3,0,27,27,0,0,15,0,1,1,0,9,3,0,3,3,0,0,84,2,21,0,1,1,43,1,ai_farm
502,12846,1,Normal,40,4,4,4,0,27,27,0,0,20,0,1,1,0,11,2,0,3,3,0,0,112,0,21,0,1,1,71,1,ai_farm
502,12846,1,Normal,25,2,2,2,0,27,27,0,0,10,0,1,1,0,6,4,0,3,3,0,0,56,4,12,0,1,1,85,1,ai_farm
502,12846,1,Normal,32,3,3,3,0,27,27,0,0,15,0,1,1,0,8,0,0,3,3,0,0,84,0,11,0,1,1,106,1,ai_farm
502,12846,1,Normal,22,4,4,3,0,27,0,0,0,15,0,1,1,0,9,3,0,0,0,0,0,102,27,23,1,0,0,133,1,ai_farm; party wiped
503,12847,1,Normal,30,2,2,2,0,27,27,0,0,10,0,1,1,0,1,0,0,3,3,0,0,56,0,5,0,1,1,15,1,floor1_town
503,12847,1,Normal,32,3,3,3,0,27,27,0,0,15,0,1,1,0,9,2,0,3,3,0,0,84,0,17,0,1,1,36,1,ai_farm
503,12847,1,Normal,25,1,1,1,0,27,27,0,0,5,0,1,1,0,3,2,0,3,3,0,0,28,0,6,0,1,1,43,1,ai_farm
503,12847,1,Normal,37,2,2,2,0,27,27,0,0,10,0,1,1,0,5,3,0,3,3,0,0,56,0,14,0,1,1,57,1,ai_farm
503,12847,1,Normal,30,6,6,5,0,27,0,0,0,25,0,1,1,0,15,3,0,0,0,0,0,158,27,33,1,0,0,98,1,ai_farm; party wiped
504,12848,1,Normal,35,4,4,4,0,27,27,0,0,20,0,1,1,2,8,0,0,3,3,0,0,112,0,16,0,1,1,29,1,floor1_town
504,12848,1,Normal,25,2,2,2,0,27,27,0,0,10,0,1,1,0,5,3,0,3,3,0,0,56,2,13,0,1,1,43,1,ai_farm
504,12848,1,Normal,37,1,1,1,0,27,27,0,0,5,0,1,1,0,3,2,0,3,3,0,0,28,0,6,0,1,1,50,1,ai_farm
504,12848,1,Normal,40,4,4,4,0,27,27,0,0,20,0,1,1,0,9,0,0,3,3,0,0,112,0,15,0,1,1,78,1,ai_farm
504,12848,1,Normal,39,5,5,5,0,27,27,0,0,25,0,1,1,0,10,3,0,3,3,0,0,140,0,26,0,1,1,113,1,ai_farm
504,12848,1,Normal,25,4,4,4,0,27,36,0,1,20,0,1,2,0,11,6,0,3,3,0,0,112,12,23,0,1,1,141,1,ai_farm; +1 levelup
504,12848,2,Normal,33,3,3,3,0,36,36,1,1,15,0,2,2,0,3,3,2,0,0,0,0,84,0,12,0,1,1,141,1,
504,12848,3,Normal,18,3,3,2,0,36,0,1,1,24,0,2,2,2,8,5,2,0,0,0,0,165,36,20,1,0,0,159,1,party wiped
505,12849,1,Normal,40,3,3,3,0,27,27,0,0,15,0,1,1,0,6,1,1,3,3,0,0,84,0,11,0,1,1,22,1,floor1_town
505,12849,1,Normal,25,4,4,3,0,27,0,0,0,15,0,1,1,1,9,6,0,0,0,0,0,102,27,23,1,0,0,49,1,ai_farm; party wiped
506,12850,1,Normal,28,4,4,4,0,27,27,0,0,20,0,1,1,1,9,1,1,3,3,0,0,112,0,17,0,1,1,29,1,floor1_town
506,12850,1,Normal,30,3,3,3,0,27,27,0,0,15,0,1,1,1,7,1,0,3,3,0,0,84,0,14,0,1,1,50,1,ai_farm
506,12850,1,Normal,31,2,2,2,0,27,27,0,0,10,0,1,1,0,5,1,0,3,3,0,0,56,0,10,0,1,1,64,1,ai_farm
506,12850,1,Normal,35,5,5,5,0,27,27,0,0,25,0,1,1,0,15,6,0,3,3,0,0,140,0,36,0,1,1,99,1,ai_farm
506,12850,1,Normal,39,1,1,1,0,27,27,0,0,5,0,1,1,0,2,0,0,3,3,0,0,28,0,4,0,1,1,106,1,ai_farm
506,12850,1,Normal,35,3,3,3,0,27,27,0,0,15,0,1,1,0,8,5,0,3,3,0,0,84,0,22,0,1,1,127,1,ai_farm
506,12850,1,Normal,34,4,4,4,0,27,34,0,3,20,0,1,2,0,10,0,0,3,3,0,0,112,0,15,0,1,1,143,1,ai_farm; +1 levelup
506,12850,2,Normal,36,4,4,4,0,34,34,3,3,20,0,2,2,0,3,2,0,0,1,0,0,112,0,13,0,1,1,143,1,
506,12850,3,Normal,11,2,2,1,0,34,0,3,3,12,0,2,2,1,6,3,0,0,0,0,0,90,34,15,1,0,0,155,1,party wiped
507,12851,1,Normal,33,4,4,4,0,27,27,0,0,20,0,1,1,1,10,1,0,3,3,0,0,112,2,20,0,1,1,29,1,floor1_town
507,12851,1,Normal,28,2,2,2,0,27,27,0,0,10,0,1,1,0,6,3,0,3,3,0,0,56,0,11,0,1,1,43,1,ai_farm
507,12851,1,Normal,38,5,5,5,0,27,27,0,0,25,0,1,1,0,15,7,0,3,3,0,0,140,2,30,0,1,1,78,1,ai_farm
507,12851,1,Normal,35,6,6,6,0,27,27,0,0,30,0,1,1,0,14,4,0,3,3,0,0,168,21,35,0,1,1,120,1,ai_farm
507,12851,1,Normal,23,3,3,2,0,27,0,0,0,10,0,1,1,0,6,3,0,0,0,0,0,74,27,16,1,0,0,140,1,ai_farm; party wiped
508,12852,1,Normal,38,2,2,2,0,27,27,0,0,10,0,1,1,2,6,1,0,3,3,0,0,56,0,12,0,1,1,15,1,floor1_town
508,12852,1,Normal,35,4,4,4,0,27,27,0,0,20,0,1,1,0,9,3,0,3,3,0,0,112,12,19,0,1,1,43,1,ai_farm
508,12852,1,Normal,39,5,5,5,0,27,27,0,0,25,0,1,1,0,13,1,0,3,3,0,0,140,0,21,0,1,1,78,1,ai_farm
508,12852,1,Normal,40,3,3,3,0,27,27,0,0,15,0,1,1,0,8,3,0,3,3,0,0,84,0,16,0,1,1,99,1,ai_farm
508,12852,1,Normal,25,2,2,2,0,27,27,0,0,10,0,1,1,0,5,2,0,3,3,0,0,56,4,10,0,1,1,113,1,ai_farm
508,12852,1,Normal,30,4,4,4,0,27,36,0,3,20,0,1,2,0,11,1,0,3,3,0,0,112,2,22,0,1,1,141,1,ai_farm; +1 levelup
508,12852,2,Normal,36,4,4,4,0,36,36,3,3,20,0,2,2,0,3,3,0,0,0,0,0,112,0,16,0,1,1,141,1,
508,12852,3,Normal,33,3,3,3,0,36,36,3,3,36,0,2,2,2,6,1,0,0,3,0,0,180,0,17,0,1,1,159,1,
509,12853,1,Normal,27,2,2,2,0,27,27,0,0,10,0,1,1,1,5,2,0,3,3,0,0,56,0,17,0,1,1,15,1,floor1_town
509,12853,1,Normal,25,2,2,2,0,27,27,0,0,10,0,1,1,0,6,3,0,3,3,0,0,56,4,14,0,1,1,29,1,ai_farm
509,12853,1,Normal,40,5,5,5,0,27,27,0,0,25,0,1,1,0,13,1,0,3,3,0,0,140,0,27,0,1,1,64,1,ai_farm
509,12853,1,Normal,30,3,3,3,0,27,27,0,0,15,0,1,1,0,9,3,0,3,3,0,0,84,2,15,0,1,1,85,1,ai_farm
509,12853,1,Normal,31,4,4,4,0,27,27,0,0,20,0,1,1,0,9,1,0,3,3,0,0,112,0,17,0,1,1,113,1,ai_farm
509,12853,1,Normal,26,4,4,4,0,27,35,0,2,20,0,1,2,0,12,2,0,3,3,0,0,112,2,21,0,1,1,141,1,ai_farm; +1 levelup
509,12853,2,Normal,40,3,3,3,0,35,35,2,2,15,0,2,2,1,3,0,0,0,3,0,0,84,0,13,0,1,1,141,1,
509,12853,3,Normal,13,2,2,1,0,35,0,2,2,12,0,2,2,2,6,3,0,0,0,0,0,90,35,15,1,0,0,153,1,party wiped
510,12854,1,Normal,31,3,3,3,0,27,27,0,0,15,0,1,1,1,5,0,1,3,3,0,0,84,0,11,0,1,1,22,1,floor1_town
510,12854,1,Normal,36,6,6,6,0,27,27,0,0,30,0,1,1,1,15,4,0,3,3,0,0,168,0,31,0,1,1,64,1,ai_farm
510,12854,1,Normal,35,4,4,4,0,27,27,0,0,20,0,1,1,0,10,4,0,3,3,0,0,112,14,20,0,1,1,92,1,ai_farm
510,12854,1,Normal,30,2,2,2,0,27,27,0,0,10,0,1,1,0,5,0,0,3,3,0,0,56,0,8,0,1,1,106,1,ai_farm
510,12854,1,Normal,39,5,5,5,0,27,35,0,1,25,0,1,2,0,13,3,0,3,3,0,0,140,6,26,0,1,1,141,1,ai_farm; +1 levelup
510,12854,2,Normal,25,3,3,3,0,35,35,1,1,15,0,2,2,0,4,0,0,1,3,0,0,84,9,16,0,1,1,142,1,
510,12854,3,Normal,11,1,1,0,0,35,0,1,1,0,0,2,2,1,3,3,0,0,0,0,0,51,35,10,1,0,0,148,1,party wiped
511,12855,1,Normal,36,4,4,4,0,27,27,0,0,20,0,1,1,1,10,3,0,3,3,0,0,112,0,23,0,1,1,29,1,floor1_town
511,12855,1,Normal,26,2,2,2,0,27,27,0,0,10,0,1,1,0,6,0,0,3,3,0,0,56,0,8,0,1,1,43,1,ai_farm
511,12855,1,Normal,26,3,3,3,0,27,27,0,0,15,0,1,1,0,8,5,0,3,3,0,0,84,0,21,0,1,1,64,1,ai_farm
511,12855,1,Normal,27,3,3,3,0,27,27,0,0,15,0,1,1,0,8,0,0,3,3,0,0,84,0,14,0,1,1,85,1,ai_farm
511,12855,1,Normal,28,2,2,2,0,27,27,0,0,10,0,1,1,0,4,0,0,3,3,0,0,56,0,6,0,1,1,99,1,ai_farm
511,12855,1,Normal,37,4,4,4,0,27,27,0,0,20,0,1,1,0,9,5,0,3,3,0,0,112,2,22,0,1,1,127,1,ai_farm
511,12855,1,Normal,30,4,4,4,0,27,36,0,2,20,0,1,2,0,8,0,0,3,3,0,0,112,0,14,0,1,1,143,1,ai_farm; +1 levelup
511,12855,2,Normal,28,4,4,3,1,36,36,2,2,15,0,2,2,0,5,3,0,1,3,0,0,84,42,19,0,1,1,145,1,flee×1
511,12855,3,Normal,24,2,2,1,0,36,0,2,2,12,0,2,2,0,6,3,0,0,0,0,0,113,36,12,1,0,0,157,1,party wiped
512,12856,1,Normal,25,3,3,3,0,27,27,0,0,15,0,1,1,0,9,5,0,3,3,0,0,84,18,22,0,1,1,22,1,floor1_town
512,12856,1,Normal,17,2,2,1,0,27,0,0,0,5,0,1,1,0,5,3,0,0,0,0,0,51,27,15,1,0,0,35,1,ai_farm; party wiped
513,12857,1,Normal,29,5,5,5,0,27,27,0,0,25,0,1,1,1,12,2,0,3,3,0,0,140,0,24,0,1,1,36,1,floor1_town
513,12857,1,Normal,34,3,3,3,0,27,27,0,0,15,0,1,1,0,9,6,0,3,3,0,0,84,50,24,0,1,1,57,1,ai_farm
513,12857,1,Normal,34,6,6,6,0,27,27,0,0,30,0,1,1,0,17,1,0,3,3,0,0,168,2,32,0,1,1,99,1,ai_farm
513,12857,1,Normal,39,4,4,4,0,27,27,0,0,20,0,1,1,0,9,3,0,3,3,0,0,112,0,23,0,1,1,127,1,ai_farm
513,12857,1,Normal,31,4,4,4,0,27,34,0,2,20,0,1,2,0,5,1,0,3,3,0,0,112,20,15,0,1,1,143,1,ai_farm; +1 levelup
513,12857,2,Normal,26,4,4,4,0,34,27,2,2,20,0,2,2,0,4,0,2,0,3,0,0,112,16,15,0,1,1,144,1,
513,12857,3,Normal,31,1,1,1,0,27,34,2,2,12,0,2,2,2,3,2,2,0,1,0,0,60,0,9,0,1,1,150,1,
514,12858,1,Normal,34,4,4,4,0,27,27,0,0,20,0,1,1,0,8,3,0,3,3,0,0,112,0,19,0,1,1,29,1,floor1_town
514,12858,1,Normal,25,3,3,3,0,27,27,0,0,15,0,1,1,0,7,3,0,3,3,0,0,84,0,20,0,1,1,50,1,ai_farm
514,12858,1,Normal,32,3,3,3,0,27,27,0,0,15,0,1,1,0,8,0,0,3,3,0,0,84,0,13,0,1,1,71,1,ai_farm
514,12858,1,Normal,29,2,2,2,0,27,27,0,0,10,0,1,1,0,5,3,0,3,3,0,0,56,0,14,0,1,1,85,1,ai_farm
514,12858,1,Normal,36,4,4,4,0,27,27,0,0,20,0,1,1,0,11,5,0,3,3,0,0,112,2,27,0,1,1,113,1,ai_farm
514,12858,1,Normal,36,4,4,3,0,27,0,0,0,15,0,1,1,0,10,5,0,0,0,0,0,102,27,26,1,0,0,140,1,ai_farm; party wiped
515,12859,1,Normal,39,5,5,5,0,27,27,0,0,25,0,1,1,1,14,6,0,3,3,0,0,140,2,30,0,1,1,36,1,floor1_town
515,12859,1,Normal,33,4,4,4,0,27,27,0,0,20,0,1,1,0,9,4,0,3,3,0,0,112,14,27,0,1,1,64,1,ai_farm
515,12859,1,Normal,31,3,3,3,0,27,27,0,0,15,0,1,1,0,9,6,0,3,3,0,0,84,0,20,0,1,1,85,1,ai_farm
515,12859,1,Normal,32,4,4,4,0,27,27,0,0,20,0,1,1,0,9,3,0,3,3,0,0,112,2,19,0,1,1,113,1,ai_farm
515,12859,1,Normal,27,4,4,4,0,27,35,0,2,20,0,1,2,0,10,5,0,3,3,0,0,112,0,26,0,1,1,141,1,ai_farm; +1 levelup
515,12859,2,Normal,26,1,1,1,0,35,35,2,2,5,0,2,2,0,3,1,1,0,2,0,0,28,0,5,0,1,1,141,1,
515,12859,3,Normal,29,4,4,4,0,35,35,2,2,48,0,2,2,2,11,3,0,0,2,0,0,240,0,22,0,1,1,165,1,
516,12860,1,Normal,27,3,3,3,0,27,27,0,0,15,0,1,1,0,7,0,0,3,3,0,0,84,0,13,0,1,1,22,1,floor1_town
516,12860,1,Normal,32,4,4,4,0,27,27,0,0,20,0,1,1,0,10,6,0,3,3,0,0,112,2,23,0,1,1,50,1,ai_farm
516,12860,1,Normal,4,1,1,0,0,27,0,0,0,0,0,1,1,0,3,3,0,0,0,0,0,27,27,12,1,0,0,56,1,ai_farm; party wiped
517,12861,1,Normal,32,2,2,2,0,27,27,0,0,10,0,1,1,1,4,0,0,3,3,0,0,56,0,10,0,1,1,15,1,floor1_town
517,12861,1,Normal,32,5,5,4,0,27,0,0,0,20,0,1,1,0,14,6,0,0,0,0,0,130,27,27,1,0,0,49,1,ai_farm; party wiped
518,12862,1,Normal,37,5,5,5,0,27,27,0,0,25,0,1,1,0,15,4,0,3,3,0,0,140,0,25,0,1,1,36,1,floor1_town
518,12862,1,Normal,31,1,1,1,0,27,27,0,0,5,0,1,1,0,3,3,0,3,3,0,0,28,2,7,0,1,1,43,1,ai_farm
518,12862,1,Normal,38,3,3,3,0,27,27,0,0,15,0,1,1,0,8,1,0,3,3,0,0,84,0,14,0,1,1,64,1,ai_farm
518,12862,1,Normal,36,3,3,3,0,27,27,0,0,15,0,1,1,0,8,2,0,3,3,0,0,84,0,15,0,1,1,85,1,ai_farm
518,12862,1,Normal,28,4,4,4,0,27,27,0,0,20,0,1,1,0,10,4,0,3,3,0,0,112,14,23,0,1,1,113,1,ai_farm
518,12862,1,Normal,37,5,5,5,0,27,34,0,2,25,0,1,2,0,13,2,0,3,3,0,0,140,2,22,0,1,1,142,1,ai_farm; +1 levelup
518,12862,2,Normal,38,6,6,6,0,34,34,2,2,30,0,2,2,2,8,6,0,1,3,0,0,168,32,33,0,1,1,144,1,
518,12862,3,Normal,3,1,1,0,0,34,0,2,2,0,0,2,2,0,3,3,0,0,0,0,0,34,34,10,1,0,0,150,1,party wiped
519,12863,1,Normal,25,2,2,2,0,27,27,0,0,10,0,1,1,2,5,0,0,3,3,0,0,56,0,11,0,1,1,15,1,floor1_town
519,12863,1,Normal,35,4,4,4,0,27,27,0,0,20,0,1,1,0,12,4,0,3,3,0,0,112,2,22,0,1,1,43,1,ai_farm
519,12863,1,Normal,24,4,4,3,0,27,0,0,0,15,0,1,1,0,10,3,0,0,0,0,0,109,27,25,1,0,0,70,1,ai_farm; party wiped
520,12864,1,Normal,30,3,3,3,0,27,27,0,0,15,0,1,1,0,7,3,0,3,3,0,0,84,24,17,0,1,1,22,1,floor1_town
520,12864,1,Normal,31,1,1,1,0,27,27,0,0,5,0,1,1,0,3,1,0,3,3,0,0,28,2,5,0,1,1,29,1,ai_farm
520,12864,1,Normal,22,2,2,1,0,27,0,0,0,5,0,1,1,0,6,5,0,0,0,0,0,55,29,15,1,0,0,42,1,ai_farm; party wiped
521,12865,1,Normal,35,2,2,2,0,27,27,0,0,10,0,1,1,2,5,1,0,3,3,0,0,56,0,15,0,1,1,15,1,floor1_town
521,12865,1,Normal,30,2,2,2,0,27,27,0,0,10,0,1,1,0,6,3,0,3,3,0,0,56,0,12,0,1,1,29,1,ai_farm
521,12865,1,Normal,27,3,3,2,0,27,0,0,0,10,0,1,1,0,9,6,0,0,0,0,0,65,29,21,1,0,0,49,1,ai_farm; party wiped
522,12866,1,Normal,40,5,5,5,0,27,27,0,0,25,0,1,1,0,11,4,0,3,3,0,0,140,20,24,0,1,1,36,1,floor1_town
522,12866,1,Normal,40,4,4,4,0,27,27,0,0,20,0,1,1,0,12,3,0,3,3,0,0,112,24,27,0,1,1,64,1,ai_farm
522,12866,1,Normal,29,4,4,4,0,27,27,0,0,20,0,1,1,0,12,1,0,3,3,0,0,112,2,27,0,1,1,92,1,ai_farm
522,12866,1,Normal,27,3,3,3,0,27,27,0,0,15,0,1,1,0,6,3,0,3,3,0,0,84,12,18,0,1,1,113,1,ai_farm
522,12866,1,Normal,28,6,6,6,0,27,36,0,2,30,0,1,2,0,12,5,0,3,3,0,0,168,0,27,0,1,1,143,1,ai_farm; +1 levelup
522,12866,2,Normal,30,2,2,2,0,36,36,2,2,10,0,2,2,1,3,1,1,0,2,0,0,56,0,9,0,1,1,143,1,
522,12866,3,Normal,37,2,2,2,0,36,36,2,2,24,0,2,2,1,6,3,0,0,3,0,0,120,19,15,0,1,1,155,1,
523,12867,1,Normal,28,3,3,3,0,27,27,0,0,15,0,1,1,2,8,4,0,3,3,0,0,84,0,30,0,1,1,22,1,floor1_town
523,12867,1,Normal,13,1,1,0,0,27,0,0,0,0,0,1,1,0,3,3,0,0,0,0,0,18,27,9,1,0,0,28,1,ai_farm; party wiped
524,12868,1,Normal,33,5,5,5,0,27,27,0,0,25,0,1,1,0,10,1,0,3,3,0,0,140,0,20,0,1,1,36,1,floor1_town
524,12868,1,Normal,30,5,5,5,0,27,27,0,0,25,0,1,1,0,11,2,0,3,3,0,0,140,0,20,0,1,1,71,1,ai_farm
524,12868,1,Normal,25,3,3,3,0,27,27,0,0,15,0,1,1,0,9,2,0,3,3,0,0,84,2,15,0,1,1,92,1,ai_farm
524,12868,1,Normal,40,5,5,5,0,27,27,0,0,25,0,1,1,0,14,7,0,3,3,0,0,140,12,35,0,1,1,127,1,ai_farm
524,12868,1,Normal,25,4,4,4,0,27,36,0,2,20,0,1,2,0,9,1,0,3,3,0,0,112,0,16,0,1,1,143,1,ai_farm; +1 levelup
524,12868,2,Normal,30,5,5,5,0,36,25,2,2,25,0,2,2,0,6,6,0,0,0,0,0,140,22,23,0,1,1,144,1,
524,12868,3,Normal,34,3,3,3,0,25,21,2,2,36,0,2,2,0,9,5,0,0,0,0,0,180,21,22,0,1,1,162,1,
525,12869,1,Normal,38,4,4,4,0,27,27,0,0,20,0,1,1,2,9,3,0,3,3,0,0,112,0,21,0,1,1,29,1,floor1_town
525,12869,1,Normal,28,1,1,1,0,27,27,0,0,5,0,1,1,0,3,3,0,3,3,0,0,28,0,8,0,1,1,36,1,ai_farm
525,12869,1,Normal,32,6,6,6,0,27,27,0,0,30,0,1,1,0,14,5,0,3,3,0,0,168,4,33,0,1,1,78,1,ai_farm
525,12869,1,Normal,28,5,5,5,0,27,27,0,0,25,0,1,1,0,13,2,0,3,3,0,0,140,0,24,0,1,1,113,1,ai_farm
525,12869,1,Normal,27,3,3,3,0,27,27,0,0,15,0,1,1,0,7,1,0,3,3,0,0,84,2,15,0,1,1,134,1,ai_farm
525,12869,1,Normal,27,2,2,2,0,27,35,0,3,10,0,1,2,0,5,3,0,3,3,0,0,56,0,11,0,1,1,142,1,ai_farm; +1 levelup
525,12869,2,Normal,36,4,4,4,0,35,35,3,3,20,0,2,2,0,6,3,0,0,3,0,0,112,8,16,0,1,1,143,1,
525,12869,3,Normal,37,3,3,3,0,35,35,3,3,36,0,2,2,0,7,1,0,1,3,0,0,180,0,13,0,1,1,161,1,
526,12870,1,Normal,26,3,3,3,0,27,27,0,0,15,0,1,1,1,5,2,0,3,3,0,0,84,0,11,0,1,1,22,1,floor1_town
526,12870,1,Normal,33,5,5,5,0,27,27,0,0,25,0,1,1,0,11,4,0,3,3,0,0,140,0,25,0,1,1,57,1,ai_farm
526,12870,1,Normal,27,2,2,2,0,27,27,0,0,10,0,1,1,0,5,2,0,3,3,0,0,56,0,9,0,1,1,71,1,ai_farm
526,12870,1,Normal,40,3,3,3,0,27,27,0,0,15,0,1,1,0,6,3,0,3,3,0,0,84,0,13,0,1,1,92,1,ai_farm
526,12870,1,Normal,26,3,3,3,0,27,27,0,0,15,0,1,1,0,8,2,0,3,3,0,0,84,0,14,0,1,1,113,1,ai_farm
526,12870,1,Normal,38,4,4,4,0,27,35,0,2,20,0,1,2,0,10,6,0,3,3,0,0,112,0,26,0,1,1,141,1,ai_farm; +1 levelup
526,12870,2,Normal,25,4,4,4,0,35,23,2,2,20,0,2,2,1,3,3,0,0,0,0,0,112,12,16,0,1,1,141,1,
526,12870,3,Normal,25,2,2,2,0,23,3,2,2,24,0,2,2,2,6,5,0,0,0,0,0,120,32,17,0,1,1,153,1,
527,12871,1,Normal,31,4,4,4,0,27,27,0,0,20,0,1,1,2,9,1,0,3,3,0,0,112,0,17,0,1,1,29,1,floor1_town
527,12871,1,Normal,29,2,2,2,0,27,27,0,0,10,0,1,1,0,6,0,0,3,3,0,0,56,0,8,0,1,1,43,1,ai_farm
527,12871,1,Normal,33,4,4,4,0,27,27,0,0,20,0,1,1,0,12,6,0,3,3,0,0,112,26,28,0,1,1,71,1,ai_farm
527,12871,1,Normal,38,3,3,3,0,27,27,0,0,15,0,1,1,0,5,0,0,3,3,0,0,84,0,12,0,1,1,92,1,ai_farm
527,12871,1,Normal,32,3,3,3,0,27,27,0,0,15,0,1,1,0,8,6,0,3,3,0,0,84,0,17,0,1,1,113,1,ai_farm
527,12871,1,Normal,26,3,3,3,0,27,27,0,0,15,0,1,1,0,6,3,0,3,3,0,0,84,0,14,0,1,1,134,1,ai_farm
527,12871,1,Normal,36,4,4,4,0,27,36,0,2,20,0,1,2,0,12,4,0,3,3,0,0,112,2,26,0,1,1,144,1,ai_farm; +1 levelup
527,12871,2,Normal,36,3,3,3,0,36,4,2,2,15,0,2,2,0,3,3,0,0,0,0,0,84,32,15,0,1,1,144,1,
527,12871,3,Normal,37,4,4,4,0,4,36,2,2,48,0,2,2,1,11,2,0,1,3,0,0,240,0,20,0,1,1,168,1,
528,12872,1,Normal,36,3,3,3,0,27,27,0,0,15,0,1,1,1,5,0,0,3,3,0,0,84,0,14,0,1,1,22,1,floor1_town
528,12872,1,Normal,36,4,4,4,0,27,27,0,0,20,0,1,1,0,11,3,0,3,3,0,0,112,0,21,0,1,1,50,1,ai_farm
528,12872,1,Normal,38,5,5,5,0,27,27,0,0,25,0,1,1,0,11,5,0,3,3,0,0,140,24,31,0,1,1,85,1,ai_farm
528,12872,1,Normal,33,3,3,3,0,27,27,0,0,15,0,1,1,0,6,2,0,3,3,0,0,84,0,15,0,1,1,106,1,ai_farm
528,12872,1,Normal,27,4,4,4,0,27,27,0,0,20,0,1,1,0,11,2,0,3,3,0,0,112,0,19,0,1,1,134,1,ai_farm
528,12872,1,Normal,32,4,4,4,0,27,35,0,2,20,0,1,2,0,11,6,0,3,3,0,0,112,26,26,0,1,1,144,1,ai_farm; +1 levelup
528,12872,2,Normal,28,5,5,5,0,35,35,2,2,25,0,2,2,0,4,3,2,2,3,0,0,140,12,14,0,1,1,145,1,
528,12872,3,Normal,32,2,2,2,0,35,13,2,2,24,0,2,2,4,6,6,0,0,0,0,0,120,22,26,0,1,1,157,1,
529,12873,1,Normal,20,2,2,1,0,27,0,0,0,5,0,1,1,2,6,3,0,0,0,0,0,55,27,18,1,0,0,14,1,floor1_town; party wiped
530,12874,1,Normal,29,3,3,3,0,27,27,0,0,15,0,1,1,1,6,0,0,3,3,0,0,84,0,13,0,1,1,22,1,floor1_town
530,12874,1,Normal,38,2,2,2,0,27,27,0,0,10,0,1,1,0,6,5,0,3,3,0,0,56,2,15,0,1,1,36,1,ai_farm
530,12874,1,Normal,7,1,1,0,0,27,0,0,0,0,0,1,1,0,3,3,0,0,0,0,0,27,27,10,1,0,0,42,1,ai_farm; party wiped
531,12875,1,Normal,34,3,3,3,0,27,27,0,0,15,0,1,1,1,9,5,1,3,3,0,0,84,0,24,0,1,1,22,1,floor1_town
531,12875,1,Normal,28,4,4,4,0,27,27,0,0,20,0,1,1,1,9,1,0,3,3,0,0,112,0,17,0,1,1,50,1,ai_farm
531,12875,1,Normal,13,3,3,2,0,27,0,0,0,10,0,1,1,0,9,4,0,0,0,0,0,83,27,21,1,0,0,70,1,ai_farm; party wiped
532,12876,1,Normal,39,3,3,3,0,27,27,0,0,15,0,1,1,1,5,0,0,3,3,0,0,84,0,14,0,1,1,22,1,floor1_town
532,12876,1,Normal,40,1,1,1,0,27,27,0,0,5,0,1,1,0,2,0,0,3,3,0,0,28,0,4,0,1,1,29,1,ai_farm
532,12876,1,Normal,26,2,2,1,0,27,0,0,0,5,0,1,1,0,5,3,0,0,0,0,0,51,27,13,1,0,0,42,1,ai_farm; party wiped
533,12877,1,Normal,27,5,5,5,0,27,27,0,0,25,0,1,1,2,10,1,0,3,3,0,0,140,0,22,0,1,1,36,1,floor1_town
533,12877,1,Normal,25,1,1,1,0,27,27,0,0,5,0,1,1,0,2,0,0,3,3,0,0,28,0,5,0,1,1,43,1,ai_farm
533,12877,1,Normal,31,1,1,1,0,27,27,0,0,5,0,1,1,0,3,1,0,3,3,0,0,28,0,6,0,1,1,50,1,ai_farm
533,12877,1,Normal,26,2,2,2,0,27,27,0,0,10,0,1,1,0,5,0,0,3,3,0,0,56,0,10,0,1,1,64,1,ai_farm
533,12877,1,Normal,32,4,4,4,0,27,27,0,0,20,0,1,1,0,10,5,0,3,3,0,0,112,6,20,0,1,1,92,1,ai_farm
533,12877,1,Normal,40,1,1,1,0,27,27,0,0,5,0,1,1,0,3,0,0,3,3,0,0,28,0,4,0,1,1,99,1,ai_farm
533,12877,1,Normal,36,2,2,2,0,27,27,0,0,10,0,1,1,0,3,0,0,3,3,0,0,56,0,7,0,1,1,113,1,ai_farm
533,12877,1,Normal,34,5,5,5,0,27,35,0,2,25,0,1,2,0,11,4,0,3,3,0,0,140,0,22,0,1,1,142,1,ai_farm; +1 levelup
533,12877,2,Normal,31,4,4,4,0,35,35,2,2,20,0,2,2,0,6,6,2,0,0,0,0,112,12,19,0,1,1,143,1,
533,12877,3,Normal,39,4,4,4,0,35,35,2,2,48,0,2,2,3,10,2,0,2,3,0,0,240,0,23,0,1,1,167,1,
534,12878,1,Normal,32,4,4,4,0,27,27,0,0,20,0,1,1,1,11,1,0,3,3,0,0,112,2,21,0,1,1,29,1,floor1_town
534,12878,1,Normal,39,4,4,4,0,27,27,0,0,20,0,1,1,0,8,3,0,3,3,0,0,112,0,19,0,1,1,57,1,ai_farm
534,12878,1,Normal,32,4,4,3,0,27,0,0,0,15,0,1,1,0,11,8,0,0,0,0,0,107,31,31,1,0,0,84,1,ai_farm; party wiped
535,12879,1,Normal,37,4,4,4,0,27,27,0,0,20,0,1,1,0,11,3,0,3,3,0,0,112,4,27,0,1,1,29,1,floor1_town
535,12879,1,Normal,26,4,4,4,0,27,27,0,0,20,0,1,1,0,9,1,0,3,3,0,0,112,0,15,0,1,1,57,1,ai_farm
535,12879,1,Normal,40,4,4,4,0,27,27,0,0,20,0,1,1,0,9,4,0,3,3,0,0,112,0,21,0,1,1,85,1,ai_farm
535,12879,1,Normal,29,4,4,4,0,27,27,0,0,20,0,1,1,0,10,1,0,3,3,0,0,112,2,17,0,1,1,113,1,ai_farm
535,12879,1,Normal,35,5,5,5,0,27,35,0,2,25,0,1,2,0,7,0,0,3,3,0,0,140,0,14,0,1,1,142,1,ai_farm; +1 levelup
535,12879,2,Normal,31,4,4,4,0,35,35,2,2,20,0,2,2,0,6,5,2,0,1,0,0,112,12,20,0,1,1,143,1,
535,12879,3,Normal,28,4,4,4,0,35,32,2,2,48,0,2,2,4,12,6,0,0,0,0,0,240,3,30,0,1,1,167,1,
536,12880,1,Normal,25,5,5,5,0,27,27,0,0,25,0,1,1,1,9,1,0,3,3,0,0,140,0,21,0,1,1,36,1,floor1_town
536,12880,1,Normal,31,4,4,4,0,27,27,0,0,20,0,1,1,0,10,4,0,3,3,0,0,112,18,24,0,1,1,64,1,ai_farm
536,12880,1,Normal,32,5,5,5,0,27,27,0,0,25,0,1,1,0,11,4,0,3,3,0,0,140,0,28,0,1,1,99,1,ai_farm
536,12880,1,Normal,17,2,2,1,0,27,0,0,0,5,0,1,1,0,6,4,0,0,0,0,0,55,27,15,1,0,0,112,1,ai_farm; party wiped
537,12881,1,Normal,30,3,3,3,0,27,27,0,0,15,0,1,1,0,6,3,0,3,3,0,0,84,2,14,0,1,1,22,1,floor1_town
537,12881,1,Normal,38,4,4,4,0,27,27,0,0,20,0,1,1,0,9,1,0,3,3,0,0,112,2,17,0,1,1,50,1,ai_farm
537,12881,1,Normal,38,3,3,3,0,27,27,0,0,15,0,1,1,0,8,2,0,3,3,0,0,84,0,14,0,1,1,71,1,ai_farm
537,12881,1,Normal,27,3,3,3,0,27,27,0,0,15,0,1,1,0,9,4,0,3,3,0,0,84,2,20,0,1,1,92,1,ai_farm
537,12881,1,Normal,32,1,1,1,0,27,27,0,0,5,0,1,1,0,3,0,0,3,3,0,0,28,0,4,0,1,1,99,1,ai_farm
537,12881,1,Normal,29,3,3,3,0,27,27,0,0,15,0,1,1,0,6,3,0,3,3,0,0,84,6,14,0,1,1,120,1,ai_farm
537,12881,1,Normal,30,4,4,4,0,27,34,0,2,20,0,1,2,0,10,1,0,3,3,0,0,112,0,17,0,1,1,142,1,ai_farm; +1 levelup
537,12881,2,Normal,26,2,2,2,0,34,34,2,2,10,0,2,2,0,3,2,1,0,1,0,0,56,0,7,0,1,1,142,1,
537,12881,3,Normal,31,2,2,2,0,34,34,2,2,24,0,2,2,3,6,2,0,0,1,0,0,120,0,15,0,1,1,154,1,
538,12882,1,Normal,35,3,3,3,0,27,27,0,0,15,0,1,1,1,8,2,0,3,3,0,0,84,0,18,0,1,1,22,1,floor1_town
538,12882,1,Normal,10,2,2,1,0,27,0,0,0,5,0,1,1,0,6,6,0,0,0,0,0,51,29,15,1,0,0,35,1,ai_farm; party wiped
539,12883,1,Normal,39,3,3,3,0,27,27,0,0,15,0,1,1,0,8,4,0,3,3,0,0,84,0,16,0,1,1,22,1,floor1_town
539,12883,1,Normal,36,4,4,4,0,27,27,0,0,20,0,1,1,0,11,6,0,3,3,0,0,112,12,24,0,1,1,50,1,ai_farm
539,12883,1,Normal,36,4,4,4,0,27,27,0,0,20,0,1,1,0,12,5,0,3,3,0,0,112,0,29,0,1,1,78,1,ai_farm
539,12883,1,Normal,25,1,1,1,0,27,27,0,0,5,0,1,1,0,3,0,0,3,3,0,0,28,0,4,0,1,1,85,1,ai_farm
539,12883,1,Normal,33,6,6,6,0,27,27,0,0,30,0,1,1,0,16,6,0,3,3,0,0,168,0,35,0,1,1,127,1,ai_farm
539,12883,1,Normal,28,2,2,2,0,27,34,0,2,10,0,1,2,0,6,0,0,3,3,0,0,56,0,10,0,1,1,141,1,ai_farm; +1 levelup
539,12883,2,Normal,38,5,5,5,0,34,34,2,2,25,0,2,2,0,6,6,0,0,0,0,0,140,12,22,0,1,1,142,1,
539,12883,3,Normal,40,6,6,6,0,34,34,2,2,72,0,2,2,2,15,8,0,1,3,0,0,360,4,34,0,1,1,178,1,
540,12884,1,Normal,9,2,2,1,0,27,0,0,0,5,0,1,1,1,6,5,0,0,0,0,0,37,27,18,1,0,0,14,1,floor1_town; party wiped
541,12885,1,Normal,33,3,3,3,0,27,27,0,0,15,0,1,1,0,8,6,0,3,3,0,0,84,28,22,0,1,1,22,1,floor1_town
541,12885,1,Normal,37,2,2,2,0,27,27,0,0,10,0,1,1,0,5,1,0,3,3,0,0,56,0,10,0,1,1,36,1,ai_farm
541,12885,1,Normal,35,2,2,2,0,27,27,0,0,10,0,1,1,0,6,3,0,3,3,0,0,56,0,12,0,1,1,50,1,ai_farm
541,12885,1,Normal,26,1,1,1,0,27,27,0,0,5,0,1,1,0,3,1,0,3,3,0,0,28,0,5,0,1,1,57,1,ai_farm
541,12885,1,Normal,25,3,3,3,0,27,27,0,0,15,0,1,1,0,6,0,0,3,3,0,0,84,0,13,0,1,1,78,1,ai_farm
541,12885,1,Normal,36,3,3,3,0,27,27,0,0,15,0,1,1,0,8,5,0,3,3,0,0,84,0,21,0,1,1,99,1,ai_farm
541,12885,1,Normal,30,2,2,2,0,27,27,0,0,10,0,1,1,0,6,2,0,3,3,0,0,56,4,11,0,1,1,113,1,ai_farm
541,12885,1,Normal,29,3,3,3,0,27,27,0,0,15,0,1,1,0,9,3,0,3,3,0,0,84,2,19,0,1,1,134,1,ai_farm
541,12885,1,Normal,28,3,3,3,0,27,36,0,2,15,0,1,2,0,9,3,0,3,3,0,0,84,0,18,0,1,1,143,1,ai_farm; +1 levelup
541,12885,2,Normal,37,1,1,1,0,36,36,2,2,5,0,2,2,0,3,0,0,0,3,0,0,28,0,5,0,1,1,143,1,
541,12885,3,Normal,25,3,3,3,0,36,36,2,2,36,0,2,2,0,9,4,0,0,2,0,0,180,0,17,0,1,1,161,1,
542,12886,1,Normal,37,4,4,4,0,27,27,0,0,20,0,1,1,2,12,5,0,3,3,0,0,112,2,28,0,1,1,29,1,floor1_town
542,12886,1,Normal,35,3,3,3,0,27,27,0,0,15,0,1,1,0,7,2,0,3,3,0,0,84,0,14,0,1,1,50,1,ai_farm
542,12886,1,Normal,37,4,4,4,0,27,27,0,0,20,0,1,1,0,11,5,0,3,3,0,0,112,12,22,0,1,1,78,1,ai_farm
542,12886,1,Normal,33,3,3,3,0,27,27,0,0,15,0,1,1,0,8,2,0,3,3,0,0,84,2,15,0,1,1,99,1,ai_farm
542,12886,1,Normal,27,2,2,2,0,27,27,0,0,10,0,1,1,0,6,1,0,3,3,0,0,56,2,14,0,1,1,113,1,ai_farm
542,12886,1,Normal,34,5,5,5,0,27,36,0,2,25,0,1,2,0,10,3,0,3,3,0,0,140,0,23,0,1,1,142,1,ai_farm; +1 levelup
542,12886,2,Normal,24,4,4,3,0,36,0,2,2,15,0,2,2,0,3,3,2,0,0,0,0,103,36,11,1,0,0,142,1,party wiped
543,12887,1,Normal,26,3,3,3,0,27,27,0,0,15,0,1,1,0,7,0,0,3,3,0,0,84,0,11,0,1,1,22,1,floor1_town
543,12887,1,Normal,34,6,6,6,0,27,27,0,0,30,0,1,1,0,16,4,0,3,3,0,0,168,4,31,0,1,1,64,1,ai_farm
543,12887,1,Normal,37,3,3,3,0,27,27,0,0,15,0,1,1,0,6,2,0,3,3,0,0,84,0,16,0,1,1,85,1,ai_farm
543,12887,1,Normal,39,3,3,3,0,27,27,0,0,15,0,1,1,0,8,2,0,3,3,0,0,84,0,20,0,1,1,106,1,ai_farm
543,12887,1,Normal,32,4,4,4,0,27,27,0,0,20,0,1,1,0,10,2,0,3,3,0,0,112,0,16,0,1,1,134,1,ai_farm
543,12887,1,Normal,40,2,2,2,0,27,34,0,1,10,0,1,2,0,4,1,0,3,3,0,0,56,2,8,0,1,1,142,1,ai_farm; +1 levelup
543,12887,2,Normal,32,0,0,0,0,34,34,1,1,0,0,2,2,0,0,0,0,3,3,0,0,0,0,0,0,1,1,142,0,
543,12887,3,Normal,1,1,1,0,0,34,0,1,1,0,0,2,2,0,3,3,0,0,0,0,0,43,34,8,1,0,0,148,1,party wiped
544,12888,1,Normal,31,3,3,3,0,27,27,0,0,15,0,1,1,2,8,2,0,3,3,0,0,84,0,20,0,1,1,22,1,floor1_town
544,12888,1,Normal,31,3,3,3,0,27,27,0,0,15,0,1,1,0,9,5,0,3,3,0,0,84,0,20,0,1,1,43,1,ai_farm
544,12888,1,Normal,25,2,2,2,0,27,27,0,0,10,0,1,1,0,6,3,0,3,3,0,0,56,24,14,0,1,1,57,1,ai_farm
544,12888,1,Normal,35,2,2,2,0,27,27,0,0,10,0,1,1,0,6,2,0,3,3,0,0,56,0,15,0,1,1,71,1,ai_farm
544,12888,1,Normal,38,5,5,5,0,27,27,0,0,25,0,1,1,0,11,2,0,3,3,0,0,140,0,23,0,1,1,106,1,ai_farm
544,12888,1,Normal,36,5,5,5,0,27,35,0,2,25,0,1,2,0,12,3,0,3,3,0,0,140,0,28,0,1,1,141,1,ai_farm; +1 levelup
544,12888,2,Normal,26,2,2,2,0,35,35,2,2,10,0,2,2,0,3,3,2,0,0,0,0,56,0,10,0,1,1,141,1,
544,12888,3,Normal,27,4,4,4,0,35,35,2,2,48,0,2,2,4,10,1,0,1,3,0,0,240,0,28,0,1,1,165,1,
545,12889,1,Normal,36,3,3,3,0,27,27,0,0,15,0,1,1,0,7,3,0,3,3,0,0,84,2,16,0,1,1,22,1,floor1_town
545,12889,1,Normal,29,4,4,4,0,27,27,0,0,20,0,1,1,0,12,6,0,3,3,0,0,112,0,26,0,1,1,50,1,ai_farm
545,12889,1,Normal,30,2,2,2,0,27,27,0,0,10,0,1,1,0,6,3,0,3,3,0,0,56,12,16,0,1,1,64,1,ai_farm
545,12889,1,Normal,34,3,3,3,0,27,27,0,0,15,0,1,1,0,8,4,0,3,3,0,0,84,2,20,0,1,1,85,1,ai_farm
545,12889,1,Normal,24,3,3,2,0,27,0,0,0,10,0,1,1,0,9,5,0,0,0,0,0,74,31,22,1,0,0,105,1,ai_farm; party wiped
546,12890,1,Normal,40,4,4,4,0,27,27,0,0,20,0,1,1,2,10,1,0,3,3,0,0,112,2,22,0,1,1,29,1,floor1_town
546,12890,1,Normal,40,6,6,6,0,27,27,0,0,30,0,1,1,0,15,3,0,3,3,0,0,168,12,29,0,1,1,71,1,ai_farm
546,12890,1,Normal,34,3,3,3,0,27,27,0,0,15,0,1,1,0,9,0,0,3,3,0,0,84,0,19,0,1,1,92,1,ai_farm
546,12890,1,Normal,25,1,1,1,0,27,27,0,0,5,0,1,1,0,3,1,0,3,3,0,0,28,2,6,0,1,1,99,1,ai_farm
546,12890,1,Normal,35,8,8,8,0,27,34,0,1,40,0,1,2,0,15,1,0,3,3,0,0,224,0,32,0,1,1,143,1,ai_farm; +1 levelup
546,12890,2,Normal,33,4,4,4,0,34,22,1,1,20,0,2,2,2,3,3,0,0,0,0,0,112,12,21,0,1,1,143,1,
546,12890,3,Normal,32,3,3,3,0,22,34,1,1,36,0,2,2,0,8,4,0,0,1,0,0,180,0,19,0,1,1,161,1,
547,12891,1,Normal,29,5,5,5,0,27,27,0,0,25,0,1,1,0,13,1,0,3,3,0,0,140,2,22,0,1,1,36,1,floor1_town
547,12891,1,Normal,27,2,2,2,0,27,27,0,0,10,0,1,1,0,6,3,0,3,3,0,0,56,12,16,0,1,1,50,1,ai_farm
547,12891,1,Normal,32,3,3,3,0,27,27,0,0,15,0,1,1,0,9,4,0,3,3,0,0,84,14,20,0,1,1,71,1,ai_farm
547,12891,1,Normal,36,4,4,4,0,27,27,0,0,20,0,1,1,0,12,6,0,3,3,0,0,112,2,25,0,1,1,99,1,ai_farm
547,12891,1,Normal,30,2,2,2,0,27,27,0,0,10,0,1,1,0,6,2,0,3,3,0,0,56,0,11,0,1,1,113,1,ai_farm
547,12891,1,Normal,38,3,3,3,0,27,27,0,0,15,0,1,1,0,8,2,0,3,3,0,0,84,0,16,0,1,1,134,1,ai_farm
547,12891,1,Normal,29,3,3,3,0,27,34,0,3,15,0,1,2,0,6,1,0,3,3,0,0,84,1,15,0,1,1,143,1,ai_farm; +1 levelup
547,12891,2,Normal,40,4,4,4,0,34,22,3,3,20,0,2,2,1,3,3,1,0,0,0,0,112,12,15,0,1,1,143,1,
547,12891,3,Normal,36,5,5,5,0,22,34,3,3,60,0,2,2,3,13,5,0,0,3,0,0,300,8,29,0,1,1,173,1,
548,12892,1,Normal,34,2,2,2,0,27,27,0,0,10,0,1,1,2,3,0,0,3,3,0,0,56,0,8,0,1,1,15,1,floor1_town
548,12892,1,Normal,32,3,3,3,0,27,27,0,0,15,0,1,1,0,8,2,0,3,3,0,0,84,0,17,0,1,1,36,1,ai_farm
548,12892,1,Normal,35,6,6,6,0,27,27,0,0,30,0,1,1,0,14,1,0,3,3,0,0,168,0,28,0,1,1,78,1,ai_farm
548,12892,1,Normal,36,6,6,6,0,27,27,0,0,30,0,1,1,0,15,5,0,3,3,0,0,168,2,29,0,1,1,120,1,ai_farm
548,12892,1,Normal,37,4,4,4,0,27,34,0,1,20,0,1,2,0,10,4,0,3,3,0,0,112,0,20,0,1,1,142,1,ai_farm; +1 levelup
548,12892,2,Normal,38,4,4,4,0,34,25,1,1,20,0,2,2,0,5,0,0,2,3,0,0,112,27,18,0,1,1,144,1,
548,12892,3,Normal,35,3,3,3,0,25,19,1,1,36,0,2,2,0,9,3,0,0,0,0,0,180,15,21,0,1,1,162,1,
549,12893,1,Normal,38,4,4,4,0,27,27,0,0,20,0,1,1,1,12,5,0,3,3,0,0,112,0,26,0,1,1,29,1,floor1_town
549,12893,1,Normal,30,3,3,3,0,27,27,0,0,15,0,1,1,0,8,1,0,3,3,0,0,84,0,14,0,1,1,50,1,ai_farm
549,12893,1,Normal,32,4,4,4,0,27,27,0,0,20,0,1,1,0,10,3,0,3,3,0,0,112,2,24,0,1,1,78,1,ai_farm
549,12893,1,Normal,25,2,2,2,0,27,27,0,0,10,0,1,1,0,6,1,0,3,3,0,0,56,2,12,0,1,1,92,1,ai_farm
549,12893,1,Normal,34,4,4,4,0,27,27,0,0,20,0,1,1,0,7,2,0,3,3,0,0,112,0,18,0,1,1,120,1,ai_farm
549,12893,1,Normal,35,3,3,3,0,27,34,0,3,15,0,1,2,0,8,0,0,3,3,0,0,84,0,13,0,1,1,141,1,ai_farm; +1 levelup
549,12893,2,Normal,40,6,6,6,0,34,34,3,3,30,0,2,2,1,6,5,1,0,0,0,0,168,9,23,0,1,1,142,1,
549,12893,3,Normal,38,4,4,4,0,34,34,3,3,48,0,2,2,2,9,0,0,1,3,0,0,240,0,20,0,1,1,166,1,
550,12894,1,Normal,27,1,1,1,0,27,27,0,0,5,0,1,1,2,3,0,0,3,3,0,0,28,0,6,0,1,1,8,1,floor1_town
550,12894,1,Normal,39,3,3,3,0,27,27,0,0,15,0,1,1,0,9,2,0,3,3,0,0,84,0,17,0,1,1,29,1,ai_farm
550,12894,1,Normal,9,2,2,1,0,27,0,0,0,5,0,1,1,0,6,5,0,0,0,0,0,55,29,17,1,0,0,42,1,ai_farm; party wiped
551,12895,1,Normal,32,3,3,3,0,27,27,0,0,15,0,1,1,1,7,3,0,3,3,0,0,84,0,14,0,1,1,22,1,floor1_town
551,12895,1,Normal,39,6,6,6,0,27,27,0,0,30,0,1,1,0,15,6,0,3,3,0,0,168,2,33,0,1,1,64,1,ai_farm
551,12895,1,Normal,31,3,3,3,0,27,27,0,0,15,0,1,1,0,8,4,0,3,3,0,0,84,0,19,0,1,1,85,1,ai_farm
551,12895,1,Normal,36,4,4,4,0,27,27,0,0,20,0,1,1,0,8,1,0,3,3,0,0,112,2,16,0,1,1,113,1,ai_farm
551,12895,1,Normal,29,5,5,5,0,27,36,0,2,25,0,1,2,0,12,4,0,3,3,0,0,140,2,25,0,1,1,142,1,ai_farm; +1 levelup
551,12895,2,Normal,7,2,2,1,0,36,0,2,2,5,0,2,2,1,3,3,0,0,0,0,0,46,36,14,1,0,0,142,1,party wiped
552,12896,1,Normal,36,3,3,3,0,27,27,0,0,15,0,1,1,2,8,3,0,3,3,0,0,84,0,21,0,1,1,22,1,floor1_town
552,12896,1,Normal,33,3,3,3,0,27,27,0,0,15,0,1,1,0,9,3,0,3,3,0,0,84,4,18,0,1,1,43,1,ai_farm
552,12896,1,Normal,26,2,2,2,0,27,27,0,0,10,0,1,1,0,5,3,0,3,3,0,0,56,0,12,0,1,1,57,1,ai_farm
552,12896,1,Normal,27,6,6,6,0,27,27,0,0,30,0,1,1,0,14,2,0,3,3,0,0,168,2,27,0,1,1,99,1,ai_farm
552,12896,1,Normal,34,5,5,5,0,27,27,0,0,25,0,1,1,0,8,0,0,3,3,0,0,140,0,17,0,1,1,134,1,ai_farm
552,12896,1,Normal,31,4,4,4,0,27,36,0,2,20,0,1,2,0,9,3,0,3,3,0,0,112,6,18,0,1,1,144,1,ai_farm; +1 levelup
552,12896,2,Normal,34,5,5,5,0,36,25,2,2,25,0,2,2,1,3,3,1,0,0,0,0,140,11,20,0,1,1,144,1,
552,12896,3,Normal,32,3,3,3,0,25,36,2,2,36,0,2,2,2,8,1,1,1,3,0,0,180,0,16,0,1,1,162,1,
553,12897,1,Normal,11,2,2,1,0,27,0,0,0,5,0,1,1,1,6,4,0,0,0,0,0,53,27,18,1,0,0,14,1,floor1_town; party wiped
554,12898,1,Normal,30,2,2,2,0,27,27,0,0,10,0,1,1,2,4,1,0,3,3,0,0,56,2,9,0,1,1,15,1,floor1_town
554,12898,1,Normal,32,4,4,4,0,27,27,0,0,20,0,1,1,0,11,1,0,3,3,0,0,112,0,21,0,1,1,43,1,ai_farm
554,12898,1,Normal,40,6,6,6,0,27,27,0,0,30,0,1,1,0,15,3,0,3,3,0,0,168,2,34,0,1,1,85,1,ai_farm
554,12898,1,Normal,35,6,6,6,0,27,27,0,0,30,0,1,1,0,16,6,0,3,3,0,0,168,0,34,0,1,1,127,1,ai_farm
554,12898,1,Normal,38,5,5,5,0,27,35,0,2,25,0,1,2,0,12,4,0,3,3,0,0,140,14,27,0,1,1,144,1,ai_farm; +1 levelup
554,12898,2,Normal,28,1,1,1,0,35,35,2,2,5,0,2,2,0,1,0,2,2,3,0,0,28,0,3,0,1,1,144,1,
554,12898,3,Normal,38,5,5,5,0,35,32,2,2,60,0,2,2,4,14,5,0,0,1,0,0,300,22,32,0,1,1,174,1,
555,12899,1,Normal,34,3,3,3,0,27,27,0,0,15,0,1,1,1,6,0,0,3,3,0,0,84,0,14,0,1,1,22,1,floor1_town
555,12899,1,Normal,25,3,3,3,0,27,27,0,0,15,0,1,1,0,8,1,0,3,3,0,0,84,0,14,0,1,1,43,1,ai_farm
555,12899,1,Normal,37,6,6,6,0,27,27,0,0,30,0,1,1,0,17,5,0,3,3,0,0,168,14,32,0,1,1,85,1,ai_farm
555,12899,1,Normal,40,5,5,5,0,27,27,0,0,25,0,1,1,0,13,6,0,3,3,0,0,140,2,32,0,1,1,120,1,ai_farm
555,12899,1,Normal,28,2,2,2,0,27,27,0,0,10,0,1,1,0,6,1,0,3,3,0,0,56,0,9,0,1,1,134,1,ai_farm
555,12899,1,Normal,32,3,3,3,0,27,36,0,2,15,0,1,2,0,7,0,0,3,3,0,0,84,0,11,0,1,1,143,1,ai_farm; +1 levelup
555,12899,2,Normal,34,5,5,5,0,36,36,2,2,25,0,2,2,0,3,3,0,3,3,0,0,140,24,19,0,1,1,144,1,
555,12899,3,Normal,25,2,2,2,0,36,36,2,2,24,0,2,2,0,6,0,1,0,3,0,0,120,0,10,0,1,1,156,1,
556,12900,1,Normal,39,2,2,2,0,27,27,0,0,10,0,1,1,0,6,3,0,3,3,0,0,56,16,15,0,1,1,15,1,floor1_town
556,12900,1,Normal,29,2,2,2,0,27,27,0,0,10,0,1,1,0,6,3,0,3,3,0,0,56,2,11,0,1,1,29,1,ai_farm
556,12900,1,Normal,26,3,3,3,0,27,27,0,0,15,0,1,1,0,9,7,0,3,3,0,0,84,18,27,0,1,1,50,1,ai_farm
556,12900,1,Normal,32,3,3,3,0,27,27,0,0,15,0,1,1,0,9,2,0,3,3,0,0,84,0,19,0,1,1,71,1,ai_farm
556,12900,1,Normal,26,3,3,3,0,27,27,0,0,15,0,1,1,0,8,2,0,3,3,0,0,84,2,15,0,1,1,92,1,ai_farm
556,12900,1,Normal,32,3,3,3,0,27,27,0,0,15,0,1,1,0,8,4,0,3,3,0,0,84,2,16,0,1,1,113,1,ai_farm
556,12900,1,Normal,32,1,1,1,0,27,27,0,0,5,0,1,1,0,3,0,0,3,3,0,0,28,0,4,0,1,1,120,1,ai_farm
556,12900,1,Normal,20,3,3,2,0,27,0,0,0,10,0,1,1,0,7,5,0,0,0,0,0,65,27,19,1,0,0,140,1,ai_farm; party wiped
557,12901,1,Normal,14,1,1,0,0,27,0,0,0,0,0,1,1,1,3,3,0,0,0,0,0,27,27,9,1,0,0,7,1,floor1_town; party wiped
558,12902,1,Normal,33,3,3,3,0,27,27,0,0,15,0,1,1,0,9,6,0,3,3,0,0,84,34,20,0,1,1,22,1,floor1_town
558,12902,1,Normal,29,4,4,4,0,27,27,0,0,20,0,1,1,0,10,0,0,3,3,0,0,112,0,21,0,1,1,50,1,ai_farm
558,12902,1,Normal,33,3,3,3,0,27,27,0,0,15,0,1,1,0,7,2,0,3,3,0,0,84,0,16,0,1,1,71,1,ai_farm
558,12902,1,Normal,26,3,3,3,0,27,27,0,0,15,0,1,1,0,6,1,0,3,3,0,0,84,0,11,0,1,1,92,1,ai_farm
558,12902,1,Normal,33,3,3,3,0,27,27,0,0,15,0,1,1,0,7,1,0,3,3,0,0,84,0,16,0,1,1,113,1,ai_farm
558,12902,1,Normal,29,2,2,2,0,27,27,0,0,10,0,1,1,0,5,0,0,3,3,0,0,56,0,8,0,1,1,127,1,ai_farm
558,12902,1,Normal,30,3,3,3,0,27,34,0,2,15,0,1,2,0,6,3,0,3,3,0,0,84,0,16,0,1,1,142,1,ai_farm; +1 levelup
558,12902,2,Normal,26,4,4,3,0,34,0,2,2,15,0,2,2,2,3,3,0,0,0,0,0,96,34,20,1,0,0,142,1,party wiped
559,12903,1,Normal,37,7,7,7,0,27,27,0,0,35,0,1,1,1,18,3,0,3,3,0,0,196,0,33,0,1,1,50,1,floor1_town
559,12903,1,Normal,29,3,3,3,0,27,27,0,0,15,0,1,1,0,9,2,0,3,3,0,0,84,2,14,0,1,1,71,1,ai_farm
559,12903,1,Normal,34,4,4,3,0,27,0,0,0,15,0,1,1,0,11,3,0,0,0,0,0,102,27,24,1,0,0,98,1,ai_farm; party wiped
560,12904,1,Normal,26,2,2,2,0,27,27,0,0,10,0,1,1,0,6,2,0,3,3,0,0,56,0,12,0,1,1,15,1,floor1_town
560,12904,1,Normal,25,2,2,2,0,27,27,0,0,10,0,1,1,0,6,2,0,3,3,0,0,56,0,13,0,1,1,29,1,ai_farm
560,12904,1,Normal,39,4,4,4,0,27,27,0,0,20,0,1,1,0,12,5,0,3,3,0,0,112,0,24,0,1,1,57,1,ai_farm
560,12904,1,Normal,36,4,4,4,0,27,27,0,0,20,0,1,1,0,9,2,0,3,3,0,0,112,0,20,0,1,1,85,1,ai_farm
560,12904,1,Normal,29,6,6,6,0,27,27,0,0,30,0,1,1,0,16,0,0,3,3,0,0,168,0,29,0,1,1,127,1,ai_farm
560,12904,1,Normal,39,6,6,6,0,27,35,0,2,30,0,1,2,0,10,4,0,3,3,0,0,168,26,26,0,1,1,145,1,ai_farm; +1 levelup
560,12904,2,Normal,40,6,6,6,0,35,5,2,2,30,0,2,2,1,6,6,0,0,0,0,0,168,39,25,0,1,1,146,1,
560,12904,3,Normal,40,7,7,7,0,5,35,2,2,84,0,2,2,0,19,9,0,0,2,0,0,420,19,44,0,1,1,188,1,
561,12905,1,Normal,31,4,4,4,0,27,27,0,0,20,0,1,1,1,9,2,0,3,3,0,0,112,2,18,0,1,1,29,1,floor1_town
561,12905,1,Normal,38,3,3,3,0,27,27,0,0,15,0,1,1,0,9,4,0,3,3,0,0,84,0,18,0,1,1,50,1,ai_farm
561,12905,1,Normal,38,4,4,4,0,27,27,0,0,20,0,1,1,0,9,3,0,3,3,0,0,112,2,21,0,1,1,78,1,ai_farm
561,12905,1,Normal,11,2,2,1,0,27,0,0,0,5,0,1,1,0,5,3,0,0,0,0,0,44,27,13,1,0,0,91,1,ai_farm; party wiped
562,12906,1,Normal,35,4,4,4,0,27,27,0,0,20,0,1,1,0,9,1,0,3,3,0,0,112,0,15,0,1,1,29,1,floor1_town
562,12906,1,Normal,35,5,5,5,0,27,27,0,0,25,0,1,1,0,12,5,0,3,3,0,0,140,0,24,0,1,1,64,1,ai_farm
562,12906,1,Normal,28,3,3,3,0,27,27,0,0,15,0,1,1,0,8,3,0,3,3,0,0,84,24,23,0,1,1,85,1,ai_farm
562,12906,1,Normal,30,3,3,3,0,27,27,0,0,15,0,1,1,0,8,4,0,3,3,0,0,84,0,16,0,1,1,106,1,ai_farm
562,12906,1,Normal,26,3,3,3,0,27,27,0,0,15,0,1,1,0,8,5,0,3,3,0,0,84,2,19,0,1,1,127,1,ai_farm
562,12906,1,Normal,33,3,3,3,0,27,35,0,2,15,0,1,2,0,8,0,0,3,3,0,0,84,0,12,0,1,1,142,1,ai_farm; +1 levelup
562,12906,2,Normal,29,2,2,2,0,35,35,2,2,10,0,2,2,0,3,1,2,0,2,0,0,56,0,6,0,1,1,142,1,
562,12906,3,Normal,30,3,3,2,0,35,0,2,2,24,0,2,2,4,8,3,0,0,0,0,0,176,35,23,1,0,0,160,1,party wiped
563,12907,1,Normal,40,4,4,4,0,27,27,0,0,20,0,1,1,2,6,1,0,3,3,0,0,112,0,16,0,1,1,29,1,floor1_town
563,12907,1,Normal,37,3,3,3,0,27,27,0,0,15,0,1,1,0,7,0,0,3,3,0,0,84,0,14,0,1,1,50,1,ai_farm
563,12907,1,Normal,26,2,2,2,0,27,27,0,0,10,0,1,1,0,6,1,0,3,3,0,0,56,0,12,0,1,1,64,1,ai_farm
563,12907,1,Normal,31,4,4,4,0,27,27,0,0,20,0,1,1,0,12,2,0,3,3,0,0,112,0,22,0,1,1,92,1,ai_farm
563,12907,1,Normal,38,4,4,4,0,27,27,0,0,20,0,1,1,0,12,8,0,3,3,0,0,112,23,34,0,1,1,120,1,ai_farm
563,12907,1,Normal,39,6,6,6,0,27,35,0,1,30,0,1,2,0,12,1,0,3,3,0,0,168,18,25,0,1,1,144,1,ai_farm; +1 levelup
563,12907,2,Normal,37,3,3,3,0,35,35,1,1,15,0,2,2,0,6,4,0,0,2,0,0,84,22,16,0,1,1,145,1,
563,12907,3,Normal,2,1,1,0,0,35,0,1,1,0,0,2,2,2,3,3,0,0,0,0,0,42,35,14,1,0,0,151,1,party wiped
564,12908,1,Normal,4,1,1,0,0,27,0,0,0,0,0,1,1,0,3,3,0,0,0,0,0,27,27,9,1,0,0,7,1,floor1_town; party wiped
565,12909,1,Normal,33,2,2,2,0,27,27,0,0,10,0,1,1,2,6,3,0,3,3,0,0,56,0,13,0,1,1,15,1,floor1_town
565,12909,1,Normal,35,1,1,1,0,27,27,0,0,5,0,1,1,0,2,0,0,3,3,0,0,28,0,4,0,1,1,22,1,ai_farm
565,12909,1,Normal,3,1,1,0,0,27,0,0,0,0,0,1,1,0,3,3,0,0,0,0,0,23,27,8,1,0,0,28,1,ai_farm; party wiped
566,12910,1,Normal,38,6,6,6,0,27,27,0,0,30,0,1,1,0,13,3,0,3,3,0,0,168,0,35,0,1,1,43,1,floor1_town
566,12910,1,Normal,30,4,4,4,0,27,27,0,0,20,0,1,1,0,9,0,0,3,3,0,0,112,0,18,0,1,1,71,1,ai_farm
566,12910,1,Normal,27,3,3,3,0,27,27,0,0,15,0,1,1,0,9,5,0,3,3,0,0,84,0,23,0,1,1,92,1,ai_farm
566,12910,1,Normal,30,3,3,3,0,27,27,0,0,15,0,1,1,0,7,4,0,3,3,0,0,84,12,18,0,1,1,113,1,ai_farm
566,12910,1,Normal,30,3,3,3,0,27,27,0,0,15,0,1,1,0,9,3,0,3,3,0,0,84,2,20,0,1,1,134,1,ai_farm
566,12910,1,Normal,32,2,2,2,0,27,36,0,3,10,0,1,2,0,6,3,0,3,3,0,0,56,0,15,0,1,1,142,1,ai_farm; +1 levelup
566,12910,2,Normal,39,4,4,4,0,36,36,3,3,20,0,2,2,0,6,4,2,0,2,0,0,112,16,17,0,1,1,143,1,
566,12910,3,Normal,28,3,3,2,0,36,0,3,3,24,0,2,2,2,9,7,0,0,0,0,0,173,52,26,1,0,0,161,1,party wiped
567,12911,1,Normal,27,2,2,2,0,27,27,0,0,10,0,1,1,1,5,2,1,3,3,0,0,56,0,13,0,1,1,15,1,floor1_town
567,12911,1,Normal,33,5,5,5,0,27,27,0,0,25,0,1,1,1,14,5,0,3,3,0,0,140,0,31,0,1,1,50,1,ai_farm
567,12911,1,Normal,31,6,6,6,0,27,27,0,0,30,0,1,1,0,15,6,0,3,3,0,0,168,24,37,0,1,1,92,1,ai_farm
567,12911,1,Normal,30,3,3,3,0,27,27,0,0,15,0,1,1,0,9,8,0,3,3,0,0,84,18,22,0,1,1,113,1,ai_farm
567,12911,1,Normal,37,4,4,4,0,27,36,0,3,20,0,1,2,0,8,6,0,3,3,0,0,112,14,25,0,1,1,141,1,ai_farm; +1 levelup
567,12911,2,Normal,30,3,3,3,0,36,36,3,3,15,0,2,2,0,3,2,2,0,1,0,0,84,0,9,0,1,1,141,1,
567,12911,3,Normal,25,2,2,2,0,36,36,3,3,24,0,2,2,2,2,0,2,2,3,0,0,120,0,7,0,1,1,153,1,
568,12912,1,Normal,32,4,4,4,0,27,27,0,0,20,0,1,1,0,11,0,0,3,3,0,0,112,0,20,0,1,1,29,1,floor1_town
568,12912,1,Normal,29,3,3,3,0,27,27,0,0,15,0,1,1,0,7,3,0,3,3,0,0,84,0,18,0,1,1,50,1,ai_farm
568,12912,1,Normal,25,3,3,3,0,27,27,0,0,15,0,1,1,0,8,6,0,3,3,0,0,84,2,20,0,1,1,71,1,ai_farm
568,12912,1,Normal,25,3,3,3,0,27,27,0,0,15,0,1,1,0,9,4,0,3,3,0,0,84,16,21,0,1,1,92,1,ai_farm
568,12912,1,Normal,34,4,4,4,0,27,27,0,0,20,0,1,1,0,10,2,0,3,3,0,0,112,2,18,0,1,1,120,1,ai_farm
568,12912,1,Normal,31,4,4,4,0,27,36,0,1,20,0,1,2,0,8,3,0,3,3,0,0,112,18,21,0,1,1,142,1,ai_farm; +1 levelup
568,12912,2,Normal,27,2,2,2,0,36,36,1,1,10,0,2,2,0,3,2,1,0,1,0,0,56,0,9,0,1,1,142,1,
568,12912,3,Normal,30,4,4,4,0,36,36,1,1,48,0,2,2,2,10,5,0,0,2,0,0,240,0,29,0,1,1,166,1,
569,12913,1,Normal,36,4,4,4,0,27,27,0,0,20,0,1,1,2,9,2,0,3,3,0,0,112,0,20,0,1,1,29,1,floor1_town
569,12913,1,Normal,26,2,2,2,0,27,27,0,0,10,0,1,1,0,3,0,0,3,3,0,0,56,0,6,0,1,1,43,1,ai_farm
569,12913,1,Normal,39,4,4,4,0,27,27,0,0,20,0,1,1,0,10,1,0,3,3,0,0,112,0,19,0,1,1,71,1,ai_farm
569,12913,1,Normal,34,5,5,5,0,27,27,0,0,25,0,1,1,0,12,2,0,3,3,0,0,140,0,27,0,1,1,106,1,ai_farm
569,12913,1,Normal,38,2,2,2,0,27,27,0,0,10,0,1,1,0,6,5,0,3,3,0,0,56,0,14,0,1,1,120,1,ai_farm
569,12913,1,Normal,36,2,2,2,0,27,27,0,0,10,0,1,1,0,6,3,0,3,3,0,0,56,2,11,0,1,1,134,1,ai_farm
569,12913,1,Normal,30,3,3,3,0,27,35,0,2,15,0,1,2,0,5,0,0,3,3,0,0,84,0,13,0,1,1,143,1,ai_farm; +1 levelup
569,12913,2,Normal,26,4,4,4,0,35,35,2,2,20,0,2,2,2,6,5,0,0,1,0,0,112,27,26,0,1,1,144,1,
569,12913,3,Normal,1,1,1,0,0,35,0,2,2,0,0,2,2,2,3,3,0,0,0,0,0,26,35,10,1,0,0,150,1,party wiped
570,12914,1,Normal,25,3,3,3,0,27,27,0,0,15,0,1,1,0,9,4,0,3,3,0,0,84,9,23,0,1,1,22,1,floor1_town
570,12914,1,Normal,33,1,1,1,0,27,27,0,0,5,0,1,1,0,3,3,0,3,3,0,0,28,14,9,0,1,1,29,1,ai_farm
570,12914,1,Normal,33,3,3,3,0,27,27,0,0,15,0,1,1,0,9,6,0,3,3,0,0,84,18,20,0,1,1,50,1,ai_farm
570,12914,1,Normal,34,3,3,3,0,27,27,0,0,15,0,1,1,0,8,1,0,3,3,0,0,84,0,17,0,1,1,71,1,ai_farm
570,12914,1,Normal,30,5,5,5,0,27,27,0,0,25,0,1,1,0,10,0,0,3,3,0,0,140,0,18,0,1,1,106,1,ai_farm
570,12914,1,Normal,27,0,0,0,0,27,27,0,0,0,0,1,1,0,0,0,0,3,3,0,0,0,0,0,0,1,1,106,0,ai_farm
570,12914,1,Normal,36,4,4,4,0,27,27,0,0,20,0,1,1,0,9,2,0,3,3,0,0,112,0,16,0,1,1,134,1,ai_farm
570,12914,1,Normal,27,1,1,1,0,27,34,0,1,5,0,1,2,0,2,0,0,3,3,0,0,28,0,4,0,1,1,141,1,ai_farm; +1 levelup
570,12914,2,Normal,26,3,3,3,0,34,34,1,1,15,0,2,2,0,3,3,1,0,0,0,0,84,0,14,0,1,1,141,1,
570,12914,3,Normal,40,3,3,3,0,34,34,1,1,36,0,2,2,3,8,1,0,0,2,0,0,180,0,21,0,1,1,159,1,
571,12915,1,Normal,30,2,2,2,0,27,27,0,0,10,0,1,1,2,3,1,0,3,3,0,0,56,0,9,0,1,1,15,1,floor1_town
571,12915,1,Normal,36,3,3,3,0,27,27,0,0,15,0,1,1,0,8,3,0,3,3,0,0,84,12,18,0,1,1,36,1,ai_farm
571,12915,1,Normal,28,2,2,2,0,27,27,0,0,10,0,1,1,0,6,2,0,3,3,0,0,56,4,11,0,1,1,50,1,ai_farm
571,12915,1,Normal,26,2,2,2,0,27,27,0,0,10,0,1,1,0,5,0,0,3,3,0,0,56,0,9,0,1,1,64,1,ai_farm
571,12915,1,Normal,1,1,1,0,0,27,0,0,0,0,0,1,1,0,3,3,0,0,0,0,0,27,27,10,1,0,0,70,1,ai_farm; party wiped
572,12916,1,Normal,34,4,4,4,0,27,27,0,0,20,0,1,1,1,10,6,0,3,3,0,0,112,2,24,0,1,1,29,1,floor1_town
572,12916,1,Normal,37,4,4,4,0,27,27,0,0,20,0,1,1,0,10,0,0,3,3,0,0,112,0,17,0,1,1,57,1,ai_farm
572,12916,1,Normal,16,1,1,0,0,27,0,0,0,0,0,1,1,0,3,3,0,0,0,0,0,23,27,8,1,0,0,63,1,ai_farm; party wiped
573,12917,1,Normal,39,2,2,2,0,27,27,0,0,10,0,1,1,1,2,0,1,3,3,0,0,56,0,7,0,1,1,15,1,floor1_town
573,12917,1,Normal,40,5,5,5,0,27,27,0,0,25,0,1,1,1,12,2,0,3,3,0,0,140,2,29,0,1,1,50,1,ai_farm
573,12917,1,Normal,5,1,1,0,0,27,0,0,0,0,0,1,1,0,3,3,0,0,0,0,0,23,27,12,1,0,0,56,1,ai_farm; party wiped
574,12918,1,Normal,28,4,4,4,0,27,27,0,0,20,0,1,1,1,10,3,0,3,3,0,0,112,2,23,0,1,1,29,1,floor1_town
574,12918,1,Normal,33,3,3,3,0,27,27,0,0,15,0,1,1,0,6,1,0,3,3,0,0,84,0,13,0,1,1,50,1,ai_farm
574,12918,1,Normal,38,6,6,6,0,27,27,0,0,30,0,1,1,0,12,3,0,3,3,0,0,168,0,23,0,1,1,92,1,ai_farm
574,12918,1,Normal,38,3,3,3,0,27,27,0,0,15,0,1,1,0,7,2,0,3,3,0,0,84,0,18,0,1,1,113,1,ai_farm
574,12918,1,Normal,22,3,3,2,0,27,0,0,0,10,0,1,1,0,8,3,0,0,0,0,0,79,27,22,1,0,0,133,1,ai_farm; party wiped
575,12919,1,Normal,32,4,4,4,0,27,27,0,0,20,0,1,1,2,8,1,0,3,3,0,0,112,0,18,0,1,1,29,1,floor1_town
575,12919,1,Normal,25,2,2,2,0,27,27,0,0,10,0,1,1,0,5,0,0,3,3,0,0,56,0,10,0,1,1,43,1,ai_farm
575,12919,1,Normal,27,3,3,3,0,27,27,0,0,15,0,1,1,0,6,0,0,3,3,0,0,84,0,14,0,1,1,64,1,ai_farm
575,12919,1,Normal,29,3,3,3,0,27,27,0,0,15,0,1,1,0,6,0,0,3,3,0,0,84,0,12,0,1,1,85,1,ai_farm
575,12919,1,Normal,31,4,4,4,0,27,27,0,0,20,0,1,1,0,10,1,0,3,3,0,0,112,0,20,0,1,1,113,1,ai_farm
575,12919,1,Normal,39,5,5,5,0,27,36,0,1,25,0,1,2,0,14,8,0,3,3,0,0,140,18,35,0,1,1,142,1,ai_farm; +1 levelup
575,12919,2,Normal,32,4,4,4,0,36,18,1,1,20,0,2,2,0,3,3,2,0,0,0,0,112,18,15,0,1,1,142,1,
575,12919,3,Normal,40,2,2,2,0,18,36,1,1,24,0,2,2,1,6,3,3,0,2,0,0,120,0,14,0,1,1,154,1,
576,12920,1,Normal,37,4,4,4,0,27,27,0,0,20,0,1,1,1,11,7,0,3,3,0,0,112,18,32,0,1,1,29,1,floor1_town
576,12920,1,Normal,38,5,5,5,0,27,27,0,0,25,0,1,1,0,13,4,0,3,3,0,0,140,0,27,0,1,1,64,1,ai_farm
576,12920,1,Normal,18,2,2,1,0,27,0,0,0,5,0,1,1,0,6,5,0,0,0,0,0,37,27,18,1,0,0,77,1,ai_farm; party wiped
577,12921,1,Normal,26,2,2,2,0,27,27,0,0,10,0,1,1,2,6,2,0,3,3,0,0,56,0,13,0,1,1,15,1,floor1_town
577,12921,1,Normal,17,3,3,2,0,27,0,0,0,10,0,1,1,0,9,6,0,0,0,0,0,74,27,21,1,0,0,35,1,ai_farm; party wiped
578,12922,1,Normal,30,4,4,4,0,27,27,0,0,20,0,1,1,1,10,4,0,3,3,0,0,112,2,23,0,1,1,29,1,floor1_town
578,12922,1,Normal,34,4,4,4,0,27,27,0,0,20,0,1,1,0,11,1,0,3,3,0,0,112,2,22,0,1,1,57,1,ai_farm
578,12922,1,Normal,37,6,6,6,0,27,27,0,0,30,0,1,1,0,13,4,0,3,3,0,0,168,0,31,0,1,1,99,1,ai_farm
578,12922,1,Normal,27,4,4,4,0,27,27,0,0,20,0,1,1,0,11,4,0,3,3,0,0,112,0,21,0,1,1,127,1,ai_farm
578,12922,1,Normal,28,2,2,2,0,27,36,0,2,10,0,1,2,0,6,2,0,3,3,0,0,56,0,14,0,1,1,141,1,ai_farm; +1 levelup
578,12922,2,Normal,26,3,3,3,0,36,36,2,2,15,0,2,2,0,3,2,2,0,1,0,0,84,0,11,0,1,1,141,1,
578,12922,3,Normal,40,2,2,2,0,36,36,2,2,24,0,2,2,3,5,2,0,0,1,0,0,120,0,15,0,1,1,153,1,
579,12923,1,Normal,35,3,3,3,0,27,27,0,0,15,0,1,1,0,8,3,0,3,3,0,0,84,2,21,0,1,1,22,1,floor1_town
579,12923,1,Normal,28,4,4,4,0,27,27,0,0,20,0,1,1,0,8,1,0,3,3,0,0,112,2,21,0,1,1,50,1,ai_farm
579,12923,1,Normal,27,3,3,3,0,27,27,0,0,15,0,1,1,0,6,3,0,3,3,0,0,84,0,18,0,1,1,71,1,ai_farm
579,12923,1,Normal,12,1,1,0,0,27,0,0,0,0,0,1,1,0,3,3,0,0,0,0,0,16,27,11,1,0,0,77,1,ai_farm; party wiped
580,12924,1,Normal,40,5,5,5,0,27,27,0,0,25,0,1,1,1,9,1,0,3,3,0,0,140,2,18,0,1,1,36,1,floor1_town
580,12924,1,Normal,26,2,2,2,0,27,27,0,0,10,0,1,1,0,3,0,0,3,3,0,0,56,0,7,0,1,1,50,1,ai_farm
580,12924,1,Normal,39,5,5,5,0,27,27,0,0,25,0,1,1,0,13,0,0,3,3,0,0,140,0,23,0,1,1,85,1,ai_farm
580,12924,1,Normal,35,3,3,3,0,27,27,0,0,15,0,1,1,0,9,6,0,3,3,0,0,84,4,20,0,1,1,106,1,ai_farm
580,12924,1,Normal,37,3,3,3,0,27,27,0,0,15,0,1,1,0,8,1,0,3,3,0,0,84,0,13,0,1,1,127,1,ai_farm
580,12924,1,Normal,25,1,1,1,0,27,27,0,0,5,0,1,1,0,3,0,0,3,3,0,0,28,0,5,0,1,1,134,1,ai_farm
580,12924,1,Normal,37,4,4,4,0,27,34,0,3,20,0,1,2,0,9,1,0,3,3,0,0,112,0,19,0,1,1,144,1,ai_farm; +1 levelup
580,12924,2,Normal,22,3,3,2,0,34,0,3,3,10,0,2,2,0,3,3,0,0,0,0,0,74,34,17,1,0,0,144,1,party wiped
581,12925,1,Normal,29,2,2,2,0,27,27,0,0,10,0,1,1,0,6,1,0,3,3,0,0,56,2,12,0,1,1,15,1,floor1_town
581,12925,1,Normal,36,2,2,2,0,27,27,0,0,10,0,1,1,0,4,1,0,3,3,0,0,56,0,9,0,1,1,29,1,ai_farm
581,12925,1,Normal,14,2,2,1,0,27,0,0,0,5,0,1,1,0,5,3,0,0,0,0,0,55,27,14,1,0,0,42,1,ai_farm; party wiped
582,12926,1,Normal,33,3,3,3,0,27,27,0,0,15,0,1,1,1,7,1,0,3,3,0,0,84,0,18,0,1,1,22,1,floor1_town
582,12926,1,Normal,30,2,2,2,0,27,27,0,0,10,0,1,1,0,4,1,0,3,3,0,0,56,0,8,0,1,1,36,1,ai_farm
582,12926,1,Normal,2,1,1,0,0,27,0,0,0,0,0,1,1,0,3,3,0,0,0,0,0,27,27,10,1,0,0,42,1,ai_farm; party wiped
583,12927,1,Normal,38,6,6,6,0,27,27,0,0,30,0,1,1,0,13,1,0,3,3,0,0,168,0,23,0,1,1,43,1,floor1_town
583,12927,1,Normal,33,2,2,2,0,27,27,0,0,10,0,1,1,0,5,3,0,3,3,0,0,56,0,12,0,1,1,57,1,ai_farm
583,12927,1,Normal,34,4,4,4,0,27,27,0,0,20,0,1,1,0,11,2,0,3,3,0,0,112,2,21,0,1,1,85,1,ai_farm
583,12927,1,Normal,36,5,5,5,0,27,27,0,0,25,0,1,1,0,13,6,0,3,3,0,0,140,12,30,0,1,1,120,1,ai_farm
583,12927,1,Normal,40,7,7,7,0,27,36,0,3,35,0,1,2,0,16,5,0,3,3,0,0,196,26,35,0,1,1,145,1,ai_farm; +1 levelup
583,12927,2,Normal,38,4,4,4,0,36,25,3,3,20,0,2,2,0,6,4,0,0,0,0,0,112,19,21,0,1,1,146,1,
583,12927,3,Normal,38,4,4,4,0,25,36,3,3,48,0,2,2,0,10,4,0,1,3,0,0,240,24,22,0,1,1,170,1,
584,12928,1,Normal,27,2,2,2,0,27,27,0,0,10,0,1,1,1,6,0,0,3,3,0,0,56,0,12,0,1,1,15,1,floor1_town
584,12928,1,Normal,4,1,1,0,0,27,0,0,0,0,0,1,1,0,3,3,0,0,0,0,0,27,27,10,1,0,0,21,1,ai_farm; party wiped
585,12929,1,Normal,28,2,2,1,0,27,0,0,0,5,0,1,1,0,5,3,0,0,0,0,0,51,27,15,1,0,0,14,1,floor1_town; party wiped
586,12930,1,Normal,36,3,3,3,0,27,27,0,0,15,0,1,1,2,5,0,0,3,3,0,0,84,0,12,0,1,1,22,1,floor1_town
586,12930,1,Normal,28,2,2,2,0,27,27,0,0,10,0,1,1,0,6,5,0,3,3,0,0,56,0,16,0,1,1,36,1,ai_farm
586,12930,1,Normal,36,6,6,6,0,27,27,0,0,30,0,1,1,0,15,1,0,3,3,0,0,168,0,26,0,1,1,78,1,ai_farm
586,12930,1,Normal,32,4,4,4,0,27,27,0,0,20,0,1,1,0,12,2,0,3,3,0,0,112,2,23,0,1,1,106,1,ai_farm
586,12930,1,Normal,33,3,3,3,0,27,27,0,0,15,0,1,1,0,7,1,0,3,3,0,0,84,2,13,0,1,1,127,1,ai_farm
586,12930,1,Normal,30,3,3,3,0,27,34,0,2,15,0,1,2,0,4,0,0,3,3,0,0,84,0,9,0,1,1,142,1,ai_farm; +1 levelup
586,12930,2,Normal,25,3,3,3,0,34,25,2,2,15,0,2,2,0,3,2,1,0,1,0,0,84,9,14,0,1,1,142,1,
586,12930,3,Normal,29,3,3,3,0,25,34,2,2,36,0,2,2,2,7,2,0,0,3,0,0,180,0,17,0,1,1,160,1,
587,12931,1,Normal,25,1,1,1,0,27,27,0,0,5,0,1,1,0,3,0,0,3,3,0,0,28,0,7,0,1,1,8,1,floor1_town
587,12931,1,Normal,10,2,2,1,0,27,0,0,0,5,0,1,1,0,5,3,0,0,0,0,0,55,27,12,1,0,0,21,1,ai_farm; party wiped
588,12932,1,Normal,29,2,2,2,0,27,27,0,0,10,0,1,1,1,5,0,1,3,3,0,0,56,0,8,0,1,1,15,1,floor1_town
588,12932,1,Normal,34,2,2,2,0,27,27,0,0,10,0,1,1,1,6,2,0,3,3,0,0,56,0,11,0,1,1,29,1,ai_farm
588,12932,1,Normal,39,5,5,5,0,27,27,0,0,25,0,1,1,0,7,0,0,3,3,0,0,140,0,16,0,1,1,64,1,ai_farm
588,12932,1,Normal,27,4,4,4,0,27,27,0,0,20,0,1,1,0,8,1,0,3,3,0,0,112,0,15,0,1,1,92,1,ai_farm
588,12932,1,Normal,31,3,3,3,0,27,27,0,0,15,0,1,1,0,9,3,0,3,3,0,0,84,0,15,0,1,1,113,1,ai_farm
588,12932,1,Normal,34,3,3,3,0,27,27,0,0,15,0,1,1,0,8,0,0,3,3,0,0,84,0,14,0,1,1,134,1,ai_farm
588,12932,1,Normal,28,3,3,3,0,27,36,0,2,15,0,1,2,0,5,3,0,3,3,0,0,84,0,13,0,1,1,143,1,ai_farm; +1 levelup
588,12932,2,Normal,39,3,3,3,0,36,28,2,2,15,0,2,2,0,3,2,1,0,1,0,0,84,8,11,0,1,1,143,1,
588,12932,3,Normal,36,5,5,4,0,28,0,2,2,48,0,2,2,2,13,9,0,0,0,0,0,274,58,38,1,0,0,173,1,party wiped
589,12933,1,Normal,34,4,4,4,0,27,27,0,0,20,0,1,1,0,7,2,0,3,3,0,0,112,2,17,0,1,1,29,1,floor1_town
589,12933,1,Normal,40,3,3,3,0,27,27,0,0,15,0,1,1,0,7,0,0,3,3,0,0,84,0,13,0,1,1,50,1,ai_farm
589,12933,1,Normal,25,3,3,3,0,27,27,0,0,15,0,1,1,0,6,1,0,3,3,0,0,84,0,14,0,1,1,71,1,ai_farm
589,12933,1,Normal,26,1,1,1,0,27,27,0,0,5,0,1,1,0,3,3,0,3,3,0,0,28,2,9,0,1,1,78,1,ai_farm
589,12933,1,Normal,37,4,4,4,0,27,27,0,0,20,0,1,1,0,9,3,0,3,3,0,0,112,0,21,0,1,1,106,1,ai_farm
589,12933,1,Normal,26,3,3,3,0,27,27,0,0,15,0,1,1,0,9,5,0,3,3,0,0,84,0,20,0,1,1,127,1,ai_farm
589,12933,1,Normal,30,3,3,3,0,27,36,0,3,15,0,1,2,0,8,3,0,3,3,0,0,84,0,20,0,1,1,142,1,ai_farm; +1 levelup
589,12933,2,Normal,33,4,4,4,0,36,24,3,3,20,0,2,2,0,3,3,0,0,0,0,0,112,12,15,0,1,1,142,1,
589,12933,3,Normal,32,2,2,2,0,24,33,3,3,24,0,2,2,1,6,4,0,0,0,0,0,120,3,17,0,1,1,154,1,
590,12934,1,Normal,39,4,4,4,0,27,27,0,0,20,0,1,1,2,12,3,0,3,3,0,0,112,0,28,0,1,1,29,1,floor1_town
590,12934,1,Normal,26,2,2,2,0,27,27,0,0,10,0,1,1,0,5,1,0,3,3,0,0,56,2,9,0,1,1,43,1,ai_farm
590,12934,1,Normal,36,3,3,3,0,27,27,0,0,15,0,1,1,0,8,6,0,3,3,0,0,84,12,21,0,1,1,64,1,ai_farm
590,12934,1,Normal,28,2,2,2,0,27,27,0,0,10,0,1,1,0,6,2,0,3,3,0,0,56,0,12,0,1,1,78,1,ai_farm
590,12934,1,Normal,29,4,4,4,0,27,27,0,0,20,0,1,1,0,10,2,0,3,3,0,0,112,0,20,0,1,1,106,1,ai_farm
590,12934,1,Normal,28,3,3,3,0,27,27,0,0,15,0,1,1,0,9,4,0,3,3,0,0,84,2,18,0,1,1,127,1,ai_farm
590,12934,1,Normal,20,2,2,1,0,27,0,0,0,5,0,1,1,0,6,3,0,0,0,0,0,55,27,13,1,0,0,140,1,ai_farm; party wiped
591,12935,1,Normal,27,3,3,3,0,27,27,0,0,15,0,1,1,0,7,1,0,3,3,0,0,84,0,13,0,1,1,22,1,floor1_town
591,12935,1,Normal,33,3,3,3,0,27,27,0,0,15,0,1,1,0,6,0,0,3,3,0,0,84,0,14,0,1,1,43,1,ai_farm
591,12935,1,Normal,7,2,2,1,0,27,0,0,0,5,0,1,1,0,6,3,0,0,0,0,0,55,27,16,1,0,0,56,1,ai_farm; party wiped
592,12936,1,Normal,32,2,2,2,0,27,27,0,0,10,0,1,1,2,6,2,0,3,3,0,0,56,0,15,0,1,1,15,1,floor1_town
592,12936,1,Normal,26,2,2,2,0,27,27,0,0,10,0,1,1,0,6,4,0,3,3,0,0,56,0,14,0,1,1,29,1,ai_farm
592,12936,1,Normal,28,4,4,4,0,27,27,0,0,20,0,1,1,0,11,5,0,3,3,0,0,112,2,23,0,1,1,57,1,ai_farm
592,12936,1,Normal,30,3,3,3,0,27,27,0,0,15,0,1,1,0,6,1,0,3,3,0,0,84,0,14,0,1,1,78,1,ai_farm
592,12936,1,Normal,32,4,4,4,0,27,27,0,0,20,0,1,1,0,10,6,0,3,3,0,0,112,12,25,0,1,1,106,1,ai_farm
592,12936,1,Normal,37,3,3,3,0,27,27,0,0,15,0,1,1,0,7,0,0,3,3,0,0,84,0,17,0,1,1,127,1,ai_farm
592,12936,1,Normal,35,4,4,4,0,27,34,0,3,20,0,1,2,0,8,3,0,3,3,0,0,112,0,19,0,1,1,143,1,ai_farm; +1 levelup
592,12936,2,Normal,26,1,1,1,0,34,34,3,3,5,0,2,2,0,3,0,0,0,3,0,0,28,0,4,0,1,1,143,1,
592,12936,3,Normal,30,2,2,2,0,34,34,3,3,24,0,2,2,0,5,0,0,1,3,0,0,120,0,11,0,1,1,155,1,
593,12937,1,Normal,14,2,2,1,0,27,0,0,0,5,0,1,1,1,5,3,0,0,0,0,0,51,27,13,1,0,0,14,1,floor1_town; party wiped
594,12938,1,Normal,26,4,4,4,0,27,27,0,0,20,0,1,1,2,10,3,0,3,3,0,0,112,0,23,0,1,1,29,1,floor1_town
594,12938,1,Normal,30,4,4,4,0,27,27,0,0,20,0,1,1,0,10,5,0,3,3,0,0,112,0,21,0,1,1,57,1,ai_farm
594,12938,1,Normal,38,5,5,5,0,27,27,0,0,25,0,1,1,0,13,3,0,3,3,0,0,140,0,24,0,1,1,92,1,ai_farm
594,12938,1,Normal,36,4,4,4,0,27,27,0,0,20,0,1,1,0,11,4,0,3,3,0,0,112,0,25,0,1,1,120,1,ai_farm
594,12938,1,Normal,39,5,5,5,0,27,34,0,2,25,0,1,2,0,12,5,0,3,3,0,0,140,18,28,0,1,1,143,1,ai_farm; +1 levelup
594,12938,2,Normal,27,3,3,3,0,34,34,2,2,15,0,2,2,0,3,2,1,0,1,0,0,84,0,8,0,1,1,143,1,
594,12938,3,Normal,37,2,2,2,0,34,34,2,2,24,0,2,2,2,3,0,0,0,3,0,0,120,0,11,0,1,1,155,1,
595,12939,1,Normal,30,4,4,4,0,27,27,0,0,20,0,1,1,1,12,6,0,3,3,0,0,112,14,25,0,1,1,29,1,floor1_town
595,12939,1,Normal,38,3,3,3,0,27,27,0,0,15,0,1,1,0,9,4,0,3,3,0,0,84,2,20,0,1,1,50,1,ai_farm
595,12939,1,Normal,26,2,2,2,0,27,27,0,0,10,0,1,1,0,6,4,0,3,3,0,0,56,4,14,0,1,1,64,1,ai_farm
595,12939,1,Normal,30,1,1,1,0,27,27,0,0,5,0,1,1,0,3,3,0,3,3,0,0,28,0,7,0,1,1,71,1,ai_farm
595,12939,1,Normal,2,1,1,0,0,27,0,0,0,0,0,1,1,0,3,3,0,0,0,0,0,27,27,9,1,0,0,77,1,ai_farm; party wiped
596,12940,1,Normal,35,2,2,2,0,27,27,0,0,10,0,1,1,1,4,1,1,3,3,0,0,56,0,10,0,1,1,15,1,floor1_town
596,12940,1,Normal,34,4,4,3,0,27,0,0,0,15,0,1,1,1,10,5,0,0,0,0,0,98,27,23,1,0,0,42,1,ai_farm; party wiped
597,12941,1,Normal,40,6,6,6,0,27,27,0,0,30,0,1,1,1,17,3,0,3,3,0,0,168,0,31,0,1,1,43,1,floor1_town
597,12941,1,Normal,32,4,4,4,0,27,27,0,0,20,0,1,1,0,11,6,0,3,3,0,0,112,18,29,0,1,1,71,1,ai_farm
597,12941,1,Normal,28,2,2,2,0,27,27,0,0,10,0,1,1,0,4,3,0,3,3,0,0,56,2,9,0,1,1,85,1,ai_farm
597,12941,1,Normal,1,1,1,0,0,27,0,0,0,0,0,1,1,0,3,3,0,0,0,0,0,18,27,8,1,0,0,91,1,ai_farm; party wiped
598,12942,1,Normal,28,4,4,4,0,27,27,0,0,20,0,1,1,2,12,2,0,3,3,0,0,112,0,27,0,1,1,29,1,floor1_town
598,12942,1,Normal,8,2,2,1,0,27,0,0,0,5,0,1,1,0,5,3,0,0,0,0,0,37,27,16,1,0,0,42,1,ai_farm; party wiped
599,12943,1,Normal,33,4,4,4,0,27,27,0,0,20,0,1,1,1,7,0,0,3,3,0,0,112,0,15,0,1,1,29,1,floor1_town
599,12943,1,Normal,38,5,5,5,0,27,27,0,0,25,0,1,1,0,14,3,0,3,3,0,0,140,0,26,0,1,1,64,1,ai_farm
599,12943,1,Normal,30,3,3,3,0,27,27,0,0,15,0,1,1,0,8,1,0,3,3,0,0,84,2,12,0,1,1,85,1,ai_farm
599,12943,1,Normal,35,4,4,4,0,27,27,0,0,20,0,1,1,0,8,1,0,3,3,0,0,112,2,18,0,1,1,113,1,ai_farm
599,12943,1,Normal,39,4,4,4,0,27,35,0,1,20,0,1,2,0,10,3,0,3,3,0,0,112,12,24,0,1,1,141,1,ai_farm; +1 levelup
599,12943,2,Normal,27,2,2,2,0,35,35,1,1,10,0,2,2,0,3,3,0,0,0,0,0,56,0,9,0,1,1,141,1,
599,12943,3,Normal,39,3,3,3,0,35,35,1,1,36,0,2,2,0,8,2,0,0,1,0,0,180,0,16,0,1,1,159,1,
600,12944,1,Normal,38,3,3,3,0,27,27,0,0,15,0,1,1,2,7,1,0,3,3,0,0,84,0,17,0,1,1,22,1,floor1_town
600,12944,1,Normal,27,3,3,3,0,27,27,0,0,15,0,1,1,0,9,4,0,3,3,0,0,84,0,19,0,1,1,43,1,ai_farm
600,12944,1,Normal,23,3,3,2,0,27,0,0,0,10,0,1,1,0,8,6,0,0,0,0,0,74,36,25,1,0,0,63,1,ai_farm; party wiped
601,12945,1,Normal,26,1,1,1,0,27,27,0,0,5,0,1,1,0,1,0,1,3,3,0,0,28,0,3,0,1,1,8,1,floor1_town
601,12945,1,Normal,39,4,4,4,0,27,27,0,0,20,0,1,1,0,11,1,1,3,3,0,0,112,0,18,0,1,1,36,1,ai_farm
601,12945,1,Normal,25,1,1,1,0,27,27,0,0,5,0,1,1,0,3,0,1,3,3,0,0,28,0,4,0,1,1,43,1,ai_farm
601,12945,1,Normal,38,6,6,6,0,27,27,0,0,30,0,1,1,1,14,2,0,3,3,0,0,168,0,26,0,1,1,85,1,ai_farm
601,12945,1,Normal,33,3,3,3,0,27,27,0,0,15,0,1,1,0,8,1,0,3,3,0,0,84,2,13,0,1,1,106,1,ai_farm
601,12945,1,Normal,33,3,3,3,0,27,27,0,0,15,0,1,1,0,7,3,0,3,3,0,0,84,12,16,0,1,1,127,1,ai_farm
601,12945,1,Normal,32,5,5,5,0,27,36,0,3,25,0,1,2,0,8,0,0,3,3,0,0,140,0,15,0,1,1,144,1,ai_farm; +1 levelup
601,12945,2,Normal,30,3,3,3,0,36,36,3,3,15,0,2,2,0,3,1,0,0,2,0,0,84,0,8,0,1,1,144,1,
601,12945,3,Normal,8,1,1,0,0,36,0,3,3,0,0,2,2,2,3,3,0,0,0,0,0,51,36,10,1,0,0,150,1,party wiped
602,12946,1,Normal,2,1,1,0,0,27,0,0,0,0,0,1,1,0,3,3,0,0,0,0,0,27,27,8,1,0,0,7,1,floor1_town; party wiped
603,12947,1,Normal,36,4,4,4,0,27,27,0,0,20,0,1,1,1,12,6,0,3,3,0,0,112,4,25,0,1,1,29,1,floor1_town
603,12947,1,Normal,29,3,3,3,0,27,27,0,0,15,0,1,1,0,8,6,0,3,3,0,0,84,4,18,0,1,1,50,1,ai_farm
603,12947,1,Normal,32,2,2,2,0,27,27,0,0,10,0,1,1,0,1,0,0,3,3,0,0,56,0,8,0,1,1,64,1,ai_farm
603,12947,1,Normal,25,2,2,2,0,27,27,0,0,10,0,1,1,0,6,5,0,3,3,0,0,56,0,14,0,1,1,78,1,ai_farm
603,12947,1,Normal,5,1,1,0,0,27,0,0,0,0,0,1,1,0,3,3,0,0,0,0,0,27,27,12,1,0,0,84,1,ai_farm; party wiped
604,12948,1,Normal,25,1,1,1,0,27,27,0,0,5,0,1,1,0,2,0,0,3,3,0,0,28,0,4,0,1,1,8,1,floor1_town
604,12948,1,Normal,27,4,4,4,0,27,27,0,0,20,0,1,1,0,10,5,0,3,3,0,0,112,0,23,0,1,1,36,1,ai_farm
604,12948,1,Normal,32,2,2,1,0,27,0,0,0,5,0,1,1,0,5,3,0,0,0,0,0,51,27,13,1,0,0,49,1,ai_farm; party wiped
605,12949,1,Normal,29,3,3,3,0,27,27,0,0,15,0,1,1,1,8,4,0,3,3,0,0,84,4,18,0,1,1,22,1,floor1_town
605,12949,1,Normal,31,4,4,4,0,27,27,0,0,20,0,1,1,0,11,3,0,3,3,0,0,112,2,28,0,1,1,50,1,ai_farm
605,12949,1,Normal,25,3,3,3,0,27,27,0,0,15,0,1,1,0,7,5,0,3,3,0,0,84,2,16,0,1,1,71,1,ai_farm
605,12949,1,Normal,40,5,5,5,0,27,27,0,0,25,0,1,1,0,12,6,0,3,3,0,0,140,22,34,0,1,1,106,1,ai_farm
605,12949,1,Normal,35,3,3,3,0,27,27,0,0,15,0,1,1,0,9,1,0,3,3,0,0,84,0,15,0,1,1,127,1,ai_farm
605,12949,1,Normal,36,4,4,4,0,27,35,0,3,20,0,1,2,0,9,5,0,3,3,0,0,112,12,20,0,1,1,143,1,ai_farm; +1 levelup
605,12949,2,Normal,14,3,3,2,0,35,0,3,3,10,0,2,2,0,3,3,0,0,0,0,0,80,35,13,1,0,0,143,1,party wiped
606,12950,1,Normal,34,4,4,4,0,27,27,0,0,20,0,1,1,0,8,2,0,3,3,0,0,112,0,18,0,1,1,29,1,floor1_town
606,12950,1,Normal,30,4,4,4,0,27,27,0,0,20,0,1,1,0,12,8,0,3,3,0,0,112,11,28,0,1,1,57,1,ai_farm
606,12950,1,Normal,6,1,1,0,0,27,0,0,0,0,0,1,1,0,3,3,0,0,0,0,0,23,27,8,1,0,0,63,1,ai_farm; party wiped
607,12951,1,Normal,39,4,4,4,0,27,27,0,0,20,0,1,1,1,11,5,0,3,3,0,0,112,0,24,0,1,1,29,1,floor1_town
607,12951,1,Normal,36,6,6,6,0,27,27,0,0,30,0,1,1,0,18,6,0,3,3,0,0,168,0,39,0,1,1,71,1,ai_farm
607,12951,1,Normal,26,2,2,2,0,27,27,0,0,10,0,1,1,0,4,0,0,3,3,0,0,56,0,6,0,1,1,85,1,ai_farm
607,12951,1,Normal,37,7,7,7,0,27,27,0,0,35,0,1,1,0,19,4,0,3,3,0,0,196,0,37,0,1,1,134,1,ai_farm
607,12951,1,Normal,29,2,2,2,0,27,36,0,3,10,0,1,2,0,3,0,0,3,3,0,0,56,0,8,0,1,1,142,1,ai_farm; +1 levelup
607,12951,2,Normal,32,3,3,3,0,36,36,3,3,15,0,2,2,0,3,1,0,0,2,0,0,84,0,8,0,1,1,142,1,
607,12951,3,Normal,40,6,6,6,0,36,36,3,3,72,0,2,2,1,15,4,0,1,3,0,0,360,6,30,0,1,1,178,1,
608,12952,1,Normal,27,3,3,3,0,27,27,0,0,15,0,1,1,0,7,0,0,3,3,0,0,84,0,12,0,1,1,22,1,floor1_town
608,12952,1,Normal,39,6,6,6,0,27,27,0,0,30,0,1,1,0,12,2,0,3,3,0,0,168,2,29,0,1,1,64,1,ai_farm
608,12952,1,Normal,35,2,2,2,0,27,27,0,0,10,0,1,1,0,6,3,0,3,3,0,0,56,0,13,0,1,1,78,1,ai_farm
608,12952,1,Normal,39,2,2,2,0,27,27,0,0,10,0,1,1,0,6,5,0,3,3,0,0,56,12,15,0,1,1,92,1,ai_farm
608,12952,1,Normal,40,2,2,2,0,27,27,0,0,10,0,1,1,0,5,1,0,3,3,0,0,56,0,10,0,1,1,106,1,ai_farm
608,12952,1,Normal,26,3,3,3,0,27,27,0,0,15,0,1,1,0,6,0,0,3,3,0,0,84,0,12,0,1,1,127,1,ai_farm
608,12952,1,Normal,32,4,4,4,0,27,34,0,2,20,0,1,2,0,11,5,0,3,3,0,0,112,0,22,0,1,1,143,1,ai_farm; +1 levelup
608,12952,2,Normal,31,5,5,5,0,34,34,2,2,25,0,2,2,0,5,3,1,2,3,0,0,140,16,15,0,1,1,145,1,
608,12952,3,Normal,34,4,4,4,0,34,34,2,2,48,0,2,2,2,12,7,1,0,2,0,0,240,0,30,0,1,1,169,1,
609,12953,1,Normal,32,5,5,5,0,27,27,0,0,25,0,1,1,2,14,7,0,3,3,0,0,140,12,38,0,1,1,36,1,floor1_town
609,12953,1,Normal,32,2,2,2,0,27,27,0,0,10,0,1,1,0,5,1,0,3,3,0,0,56,0,8,0,1,1,50,1,ai_farm
609,12953,1,Normal,30,3,3,3,0,27,27,0,0,15,0,1,1,0,7,3,0,3,3,0,0,84,0,18,0,1,1,71,1,ai_farm
609,12953,1,Normal,18,3,3,2,0,27,0,0,0,10,0,1,1,0,9,5,0,0,0,0,0,83,27,22,1,0,0,91,1,ai_farm; party wiped
610,12954,1,Normal,37,4,4,4,0,27,27,0,0,20,0,1,1,0,11,7,0,3,3,0,0,112,20,28,0,1,1,29,1,floor1_town
610,12954,1,Normal,25,2,2,2,0,27,27,0,0,10,0,1,1,0,6,2,0,3,3,0,0,56,2,11,0,1,1,43,1,ai_farm
610,12954,1,Normal,39,5,5,5,0,27,27,0,0,25,0,1,1,0,13,4,0,3,3,0,0,140,0,28,0,1,1,78,1,ai_farm
610,12954,1,Normal,30,1,1,1,0,27,27,0,0,5,0,1,1,0,3,2,0,3,3,0,0,28,0,8,0,1,1,85,1,ai_farm
610,12954,1,Normal,33,4,4,4,0,27,27,0,0,20,0,1,1,0,10,2,0,3,3,0,0,112,2,17,0,1,1,113,1,ai_farm
610,12954,1,Normal,39,6,6,6,0,27,35,0,1,30,0,1,2,0,11,1,0,3,3,0,0,168,0,22,0,1,1,143,1,ai_farm; +1 levelup
610,12954,2,Normal,40,5,5,5,0,35,35,1,1,25,0,2,2,1,6,6,0,0,0,0,0,140,11,24,0,1,1,144,1,
610,12954,3,Normal,34,4,4,4,0,35,35,1,1,48,0,2,2,0,8,2,0,1,3,0,0,240,0,21,0,1,1,168,1,
611,12955,1,Normal,25,1,1,1,0,27,27,0,0,5,0,1,1,2,3,3,0,3,3,0,0,28,0,11,0,1,1,8,1,floor1_town
611,12955,1,Normal,39,3,3,3,0,27,27,0,0,15,0,1,1,0,6,0,0,3,3,0,0,84,0,14,0,1,1,29,1,ai_farm
611,12955,1,Normal,37,4,4,4,0,27,27,0,0,20,0,1,1,0,11,5,0,3,3,0,0,112,0,28,0,1,1,57,1,ai_farm
611,12955,1,Normal,14,3,3,2,0,27,0,0,0,10,0,1,1,0,6,3,0,0,0,0,0,83,27,17,1,0,0,77,1,ai_farm; party wiped
612,12956,1,Normal,30,1,1,1,0,27,27,0,0,5,0,1,1,0,1,0,0,3,3,0,0,28,0,2,0,1,1,8,1,floor1_town
612,12956,1,Normal,28,3,3,3,0,27,27,0,0,15,0,1,1,0,7,2,0,3,3,0,0,84,0,16,0,1,1,29,1,ai_farm
612,12956,1,Normal,32,2,2,2,0,27,27,0,0,10,0,1,1,0,6,0,0,3,3,0,0,56,0,8,0,1,1,43,1,ai_farm
612,12956,1,Normal,33,1,1,1,0,27,27,0,0,5,0,1,1,0,2,0,0,3,3,0,0,28,0,3,0,1,1,50,1,ai_farm
612,12956,1,Normal,26,5,5,5,0,27,27,0,0,25,0,1,1,0,10,1,0,3,3,0,0,140,0,19,0,1,1,85,1,ai_farm
612,12956,1,Normal,26,1,1,1,0,27,27,0,0,5,0,1,1,0,1,0,0,3,3,0,0,28,0,3,0,1,1,92,1,ai_farm
612,12956,1,Normal,27,4,4,4,0,27,27,0,0,20,0,1,1,0,8,3,0,3,3,0,0,112,24,21,0,1,1,120,1,ai_farm
612,12956,1,Normal,29,3,3,3,0,27,34,0,2,15,0,1,2,0,7,0,0,3,3,0,0,84,0,12,0,1,1,141,1,ai_farm; +1 levelup
612,12956,2,Normal,33,2,2,2,0,34,34,2,2,10,0,2,2,0,3,1,0,0,2,0,0,56,0,6,0,1,1,141,1,
612,12956,3,Normal,9,2,2,1,0,34,0,2,2,12,0,2,2,2,5,3,0,0,0,0,0,90,34,16,1,0,0,153,1,party wiped
613,12957,1,Normal,35,4,4,4,0,27,27,0,0,20,0,1,1,2,8,3,0,3,3,0,0,112,0,20,0,1,1,29,1,floor1_town
613,12957,1,Normal,30,0,0,0,0,27,27,0,0,0,0,1,1,0,0,0,0,3,3,0,0,0,0,0,0,1,1,29,0,ai_farm
613,12957,1,Normal,36,3,3,3,0,27,27,0,0,15,0,1,1,0,4,0,0,3,3,0,0,84,0,13,0,1,1,50,1,ai_farm
613,12957,1,Normal,28,2,2,2,0,27,27,0,0,10,0,1,1,0,4,1,0,3,3,0,0,56,0,9,0,1,1,64,1,ai_farm
613,12957,1,Normal,36,4,4,4,0,27,27,0,0,20,0,1,1,0,10,4,0,3,3,0,0,112,0,24,0,1,1,92,1,ai_farm
613,12957,1,Normal,36,3,3,3,0,27,27,0,0,15,0,1,1,0,9,0,0,3,3,0,0,84,0,13,0,1,1,113,1,ai_farm
613,12957,1,Normal,28,3,3,3,0,27,27,0,0,15,0,1,1,0,9,2,0,3,3,0,0,84,0,17,0,1,1,134,1,ai_farm
613,12957,1,Normal,32,4,4,4,0,27,34,0,2,20,0,1,2,0,6,2,0,3,3,0,0,112,18,19,0,1,1,144,1,ai_farm; +1 levelup
613,12957,2,Normal,39,2,2,2,0,34,25,2,2,10,0,2,2,0,1,0,0,2,3,0,0,56,9,7,0,1,1,144,1,
613,12957,3,Normal,35,3,3,3,0,25,34,2,2,36,0,2,2,0,9,8,0,0,0,0,0,180,15,23,0,1,1,162,1,
614,12958,1,Normal,22,1,1,0,0,27,0,0,0,0,0,1,1,0,3,3,0,0,0,0,0,14,27,8,1,0,0,7,1,floor1_town; party wiped
615,12959,1,Normal,28,2,2,2,0,27,27,0,0,10,0,1,1,1,5,1,1,3,3,0,0,56,0,13,0,1,1,15,1,floor1_town
615,12959,1,Normal,33,2,2,2,0,27,27,0,0,10,0,1,1,1,5,3,0,3,3,0,0,56,2,12,0,1,1,29,1,ai_farm
615,12959,1,Normal,34,1,1,1,0,27,27,0,0,5,0,1,1,0,3,1,0,3,3,0,0,28,2,5,0,1,1,36,1,ai_farm
615,12959,1,Normal,40,7,7,7,0,27,27,0,0,35,0,1,1,0,15,2,0,3,3,0,0,196,2,34,0,1,1,85,1,ai_farm
615,12959,1,Normal,29,3,3,3,0,27,27,0,0,15,0,1,1,0,5,1,0,3,3,0,0,84,0,11,0,1,1,106,1,ai_farm
615,12959,1,Normal,28,3,3,3,0,27,27,0,0,15,0,1,1,0,7,1,0,3,3,0,0,84,0,12,0,1,1,127,1,ai_farm
615,12959,1,Normal,28,3,3,3,0,27,36,0,2,15,0,1,2,0,9,4,0,3,3,0,0,84,6,18,0,1,1,142,1,ai_farm; +1 levelup
615,12959,2,Normal,27,5,5,4,1,36,36,2,2,20,0,2,2,0,6,5,0,0,1,0,0,112,32,23,0,1,1,143,1,flee×1
615,12959,3,Normal,36,2,2,2,0,36,36,2,2,24,0,2,2,1,4,1,0,0,2,0,0,120,0,10,0,1,1,155,1,
616,12960,1,Normal,33,2,2,2,0,27,27,0,0,10,0,1,1,0,6,1,1,3,3,0,0,56,0,10,0,1,1,15,1,floor1_town
616,12960,1,Normal,26,2,2,2,0,27,27,0,0,10,0,1,1,1,6,3,0,3,3,0,0,56,0,13,0,1,1,29,1,ai_farm
616,12960,1,Normal,25,2,2,2,0,27,27,0,0,10,0,1,1,0,5,2,0,3,3,0,0,56,0,14,0,1,1,43,1,ai_farm
616,12960,1,Normal,8,2,2,1,0,27,0,0,0,5,0,1,1,0,5,3,0,0,0,0,0,55,27,14,1,0,0,56,1,ai_farm; party wiped
617,12961,1,Normal,38,5,5,5,0,27,27,0,0,25,0,1,1,2,10,4,0,3,3,0,0,140,12,25,0,1,1,36,1,floor1_town
617,12961,1,Normal,25,2,2,2,0,27,27,0,0,10,0,1,1,0,5,3,0,3,3,0,0,56,12,14,0,1,1,50,1,ai_farm
617,12961,1,Normal,38,5,5,5,0,27,27,0,0,25,0,1,1,0,15,4,0,3,3,0,0,140,2,26,0,1,1,85,1,ai_farm
617,12961,1,Normal,37,4,4,4,0,27,27,0,0,20,0,1,1,0,10,5,0,3,3,0,0,112,20,26,0,1,1,113,1,ai_farm
617,12961,1,Normal,26,1,1,1,0,27,27,0,0,5,0,1,1,0,1,0,0,3,3,0,0,28,0,3,0,1,1,120,1,ai_farm
617,12961,1,Normal,31,4,4,4,0,27,35,0,3,20,0,1,2,0,12,4,0,3,3,0,0,112,12,27,0,1,1,142,1,ai_farm; +1 levelup
617,12961,2,Normal,26,2,2,2,0,35,35,3,3,10,0,2,2,0,3,0,1,0,3,0,0,56,0,6,0,1,1,142,1,
617,12961,3,Normal,32,4,4,4,0,35,35,3,3,48,0,2,2,2,10,3,0,0,3,0,0,240,0,25,0,1,1,166,1,
618,12962,1,Normal,26,3,3,3,0,27,27,0,0,15,0,1,1,1,8,2,0,3,3,0,0,84,2,15,0,1,1,22,1,floor1_town
618,12962,1,Normal,33,4,4,4,0,27,27,0,0,20,0,1,1,0,11,1,0,3,3,0,0,112,0,17,0,1,1,50,1,ai_farm
618,12962,1,Normal,31,2,2,2,0,27,27,0,0,10,0,1,1,0,6,1,0,3,3,0,0,56,0,13,0,1,1,64,1,ai_farm
618,12962,1,Normal,36,5,5,5,0,27,27,0,0,25,0,1,1,0,14,4,0,3,3,0,0,140,24,29,0,1,1,99,1,ai_farm
618,12962,1,Normal,29,4,4,4,0,27,27,0,0,20,0,1,1,0,12,4,0,3,3,0,0,112,2,22,0,1,1,127,1,ai_farm
618,12962,1,Normal,26,3,3,3,0,27,35,0,3,15,0,1,2,0,6,1,0,3,3,0,0,84,0,12,0,1,1,142,1,ai_farm; +1 levelup
618,12962,2,Normal,25,2,2,2,0,35,35,3,3,10,0,2,2,0,4,3,1,2,3,0,0,56,12,12,0,1,1,143,1,
618,12962,3,Normal,26,5,5,5,0,35,35,3,3,60,0,2,2,2,12,4,1,1,3,0,0,300,16,32,0,1,1,173,1,
619,12963,1,Normal,31,2,2,2,0,27,27,0,0,10,0,1,1,2,4,0,0,3,3,0,0,56,0,10,0,1,1,15,1,floor1_town
619,12963,1,Normal,29,2,2,2,0,27,27,0,0,10,0,1,1,0,3,0,0,3,3,0,0,56,0,7,0,1,1,29,1,ai_farm
619,12963,1,Normal,35,4,4,4,0,27,27,0,0,20,0,1,1,0,11,5,0,3,3,0,0,112,2,24,0,1,1,57,1,ai_farm
619,12963,1,Normal,30,2,2,2,0,27,27,0,0,10,0,1,1,0,3,0,0,3,3,0,0,56,0,6,0,1,1,71,1,ai_farm
619,12963,1,Normal,30,3,3,3,0,27,27,0,0,15,0,1,1,0,8,3,0,3,3,0,0,84,2,14,0,1,1,92,1,ai_farm
619,12963,1,Normal,34,5,5,5,0,27,27,0,0,25,0,1,1,0,12,1,0,3,3,0,0,140,2,25,0,1,1,127,1,ai_farm
619,12963,1,Normal,32,3,3,3,0,27,35,0,2,15,0,1,2,0,8,3,0,3,3,0,0,84,26,18,0,1,1,142,1,ai_farm; +1 levelup
619,12963,2,Normal,37,1,1,1,0,35,35,2,2,5,0,2,2,0,1,0,2,2,3,0,0,28,0,3,0,1,1,142,1,
619,12963,3,Normal,32,5,5,5,0,35,35,2,2,60,0,2,2,3,13,3,0,0,2,0,0,300,3,35,0,1,1,172,1,
620,12964,1,Normal,36,3,3,3,0,27,27,0,0,15,0,1,1,1,6,0,0,3,3,0,0,84,0,12,0,1,1,22,1,floor1_town
620,12964,1,Normal,40,5,5,5,0,27,27,0,0,25,0,1,1,0,12,3,0,3,3,0,0,140,0,34,0,1,1,57,1,ai_farm
620,12964,1,Normal,25,3,3,3,0,27,27,0,0,15,0,1,1,0,8,2,0,3,3,0,0,84,0,15,0,1,1,78,1,ai_farm
620,12964,1,Normal,30,3,3,3,0,27,27,0,0,15,0,1,1,0,6,0,0,3,3,0,0,84,0,14,0,1,1,99,1,ai_farm
620,12964,1,Normal,36,4,4,4,0,27,27,0,0,20,0,1,1,0,12,2,0,3,3,0,0,112,0,22,0,1,1,127,1,ai_farm
620,12964,1,Normal,37,5,5,5,0,27,35,0,3,25,0,1,2,0,10,0,0,3,3,0,0,140,9,19,0,1,1,144,1,ai_farm; +1 levelup
620,12964,2,Normal,14,3,3,2,0,35,0,3,3,10,0,2,2,0,3,3,0,0,0,0,0,75,35,15,1,0,0,144,1,party wiped
621,12965,1,Normal,40,4,4,4,0,27,27,0,0,20,0,1,1,1,9,2,1,3,3,0,0,112,0,21,0,1,1,29,1,floor1_town
621,12965,1,Normal,34,4,4,4,0,27,27,0,0,20,0,1,1,1,11,4,0,3,3,0,0,112,24,24,0,1,1,57,1,ai_farm
621,12965,1,Normal,32,5,5,5,0,27,27,0,0,25,0,1,1,0,13,2,0,3,3,0,0,140,2,27,0,1,1,92,1,ai_farm
621,12965,1,Normal,33,2,2,2,0,27,27,0,0,10,0,1,1,0,6,3,0,3,3,0,0,56,14,14,0,1,1,106,1,ai_farm
621,12965,1,Normal,39,2,2,2,0,27,27,0,0,10,0,1,1,0,6,3,0,3,3,0,0,56,0,12,0,1,1,120,1,ai_farm
621,12965,1,Normal,29,1,1,1,0,27,27,0,0,5,0,1,1,0,3,0,0,3,3,0,0,28,0,4,0,1,1,127,1,ai_farm
621,12965,1,Normal,39,3,3,3,0,27,34,0,2,15,0,1,2,0,7,2,0,3,3,0,0,84,11,20,0,1,1,142,1,ai_farm; +1 levelup
621,12965,2,Normal,31,0,0,0,0,34,34,2,2,0,0,2,2,0,0,0,2,3,3,0,0,0,0,0,0,1,1,142,0,
621,12965,3,Normal,40,5,5,5,0,34,34,2,2,60,0,2,2,2,15,5,0,0,1,0,0,300,12,32,0,1,1,172,1,
622,12966,1,Normal,29,2,2,2,0,27,27,0,0,10,0,1,1,1,6,3,0,3,3,0,0,56,4,12,0,1,1,15,1,floor1_town
622,12966,1,Normal,28,3,3,3,0,27,27,0,0,15,0,1,1,0,9,4,0,3,3,0,0,84,0,17,0,1,1,36,1,ai_farm
622,12966,1,Normal,35,5,5,5,0,27,27,0,0,25,0,1,1,0,13,4,0,3,3,0,0,140,26,25,0,1,1,71,1,ai_farm
622,12966,1,Normal,30,4,4,4,0,27,27,0,0,20,0,1,1,0,11,4,0,3,3,0,0,112,8,22,0,1,1,99,1,ai_farm
622,12966,1,Normal,24,1,1,0,0,27,0,0,0,0,0,1,1,0,3,3,0,0,0,0,0,27,27,8,1,0,0,105,1,ai_farm; party wiped
623,12967,1,Normal,34,3,3,3,0,27,27,0,0,15,0,1,1,0,7,2,0,3,3,0,0,84,0,14,0,1,1,22,1,floor1_town
623,12967,1,Normal,36,2,2,2,0,27,27,0,0,10,0,1,1,0,6,0,0,3,3,0,0,56,0,10,0,1,1,36,1,ai_farm
623,12967,1,Normal,26,1,1,1,0,27,27,0,0,5,0,1,1,0,2,0,0,3,3,0,0,28,0,5,0,1,1,43,1,ai_farm
623,12967,1,Normal,39,3,3,3,0,27,27,0,0,15,0,1,1,0,6,1,0,3,3,0,0,84,0,12,0,1,1,64,1,ai_farm
623,12967,1,Normal,37,5,5,5,0,27,27,0,0,25,0,1,1,0,12,5,0,3,3,0,0,140,14,30,0,1,1,99,1,ai_farm
623,12967,1,Normal,8,2,2,1,0,27,0,0,0,5,0,1,1,0,6,3,0,0,0,0,0,49,27,16,1,0,0,112,1,ai_farm; party wiped
624,12968,1,Normal,27,3,3,2,0,27,0,0,0,10,0,1,1,1,8,3,0,0,0,0,0,63,27,22,1,0,0,21,1,floor1_town; party wiped
625,12969,1,Normal,27,3,3,3,0,27,27,0,0,15,0,1,1,0,8,3,0,3,3,0,0,84,2,19,0,1,1,22,1,floor1_town
625,12969,1,Normal,26,3,3,3,0,27,27,0,0,15,0,1,1,0,7,3,0,3,3,0,0,84,0,16,0,1,1,43,1,ai_farm
625,12969,1,Normal,39,3,3,3,0,27,27,0,0,15,0,1,1,0,9,3,0,3,3,0,0,84,0,18,0,1,1,64,1,ai_farm
625,12969,1,Normal,36,2,2,2,0,27,27,0,0,10,0,1,1,0,6,1,0,3,3,0,0,56,0,9,0,1,1,78,1,ai_farm
625,12969,1,Normal,39,4,4,4,0,27,27,0,0,20,0,1,1,0,10,3,0,3,3,0,0,112,0,21,0,1,1,106,1,ai_farm
625,12969,1,Normal,37,5,5,5,0,27,35,0,2,25,0,1,2,0,14,6,0,3,3,0,0,140,16,30,0,1,1,141,1,ai_farm; +1 levelup
625,12969,2,Normal,34,4,4,4,0,35,35,2,2,20,0,2,2,2,3,3,0,0,0,0,0,112,0,18,0,1,1,141,1,
625,12969,3,Normal,34,2,2,2,0,35,19,2,2,24,0,2,2,1,6,4,0,0,0,0,0,120,16,21,0,1,1,153,1,
626,12970,1,Normal,32,4,4,4,0,27,27,0,0,20,0,1,1,1,9,0,0,3,3,0,0,112,0,18,0,1,1,29,1,floor1_town
626,12970,1,Normal,26,1,1,1,0,27,27,0,0,5,0,1,1,0,2,0,0,3,3,0,0,28,0,3,0,1,1,36,1,ai_farm
626,12970,1,Normal,27,2,2,2,0,27,27,0,0,10,0,1,1,0,5,1,0,3,3,0,0,56,0,11,0,1,1,50,1,ai_farm
626,12970,1,Normal,30,2,2,2,0,27,27,0,0,10,0,1,1,0,6,2,0,3,3,0,0,56,0,10,0,1,1,64,1,ai_farm
626,12970,1,Normal,30,4,4,4,0,27,27,0,0,20,0,1,1,0,10,3,0,3,3,0,0,112,12,24,0,1,1,92,1,ai_farm
626,12970,1,Normal,26,1,1,1,0,27,27,0,0,5,0,1,1,0,2,0,0,3,3,0,0,28,0,5,0,1,1,99,1,ai_farm
626,12970,1,Normal,27,3,3,3,0,27,27,0,0,15,0,1,1,0,6,0,0,3,3,0,0,84,0,11,0,1,1,120,1,ai_farm
626,12970,1,Normal,33,5,5,5,0,27,35,0,2,25,0,1,2,0,13,4,0,3,3,0,0,140,2,26,0,1,1,143,1,ai_farm; +1 levelup
626,12970,2,Normal,39,4,4,3,0,35,0,2,2,15,0,2,2,0,6,6,0,0,0,0,0,97,53,24,1,0,0,144,1,party wiped
627,12971,1,Normal,37,5,5,5,0,27,27,0,0,25,0,1,1,0,14,6,0,3,3,0,0,140,4,30,0,1,1,36,1,floor1_town
627,12971,1,Normal,28,2,2,2,0,27,27,0,0,10,0,1,1,0,6,1,0,3,3,0,0,56,0,13,0,1,1,50,1,ai_farm
627,12971,1,Normal,26,2,2,2,0,27,27,0,0,10,0,1,1,0,5,0,0,3,3,0,0,56,0,8,0,1,1,64,1,ai_farm
627,12971,1,Normal,39,4,4,4,0,27,27,0,0,20,0,1,1,0,11,0,0,3,3,0,0,112,0,19,0,1,1,92,1,ai_farm
627,12971,1,Normal,33,3,3,3,0,27,27,0,0,15,0,1,1,0,8,0,0,3,3,0,0,84,0,13,0,1,1,113,1,ai_farm
627,12971,1,Normal,25,3,3,3,0,27,27,0,0,15,0,1,1,0,9,1,0,3,3,0,0,84,0,13,0,1,1,134,1,ai_farm
627,12971,1,Normal,30,3,3,3,0,27,34,0,1,15,0,1,2,0,7,0,0,3,3,0,0,84,0,12,0,1,1,143,1,ai_farm; +1 levelup
627,12971,2,Normal,37,4,4,4,0,34,22,1,1,20,0,2,2,0,3,3,0,0,0,0,0,112,12,14,0,1,1,143,1,
627,12971,3,Normal,26,3,3,3,0,22,34,1,1,36,0,2,2,0,7,5,0,0,1,0,0,180,4,19,0,1,1,161,1,
628,12972,1,Normal,25,2,2,2,0,27,27,0,0,10,0,1,1,1,5,2,0,3,3,0,0,56,2,10,0,1,1,15,1,floor1_town
628,12972,1,Normal,34,2,2,2,0,27,27,0,0,10,0,1,1,0,5,1,0,3,3,0,0,56,0,12,0,1,1,29,1,ai_farm
628,12972,1,Normal,31,4,4,4,0,27,27,0,0,20,0,1,1,0,10,4,0,3,3,0,0,112,0,24,0,1,1,57,1,ai_farm
628,12972,1,Normal,38,4,4,4,0,27,27,0,0,20,0,1,1,0,10,4,0,3,3,0,0,112,0,22,0,1,1,85,1,ai_farm
628,12972,1,Normal,26,3,3,3,0,27,27,0,0,15,0,1,1,0,9,3,0,3,3,0,0,84,2,16,0,1,1,106,1,ai_farm
628,12972,1,Normal,14,3,3,2,0,27,0,0,0,10,0,1,1,0,9,7,0,0,0,0,0,83,29,27,1,0,0,126,1,ai_farm; party wiped
629,12973,1,Normal,30,4,4,4,0,27,27,0,0,20,0,1,1,0,10,4,0,3,3,0,0,112,14,24,0,1,1,29,1,floor1_town
629,12973,1,Normal,20,2,2,1,0,27,0,0,0,5,0,1,1,0,4,3,0,0,0,0,0,46,27,12,1,0,0,42,1,ai_farm; party wiped
630,12974,1,Normal,35,3,3,3,0,27,27,0,0,15,0,1,1,2,4,0,0,3,3,0,0,84,0,12,0,1,1,22,1,floor1_town
630,12974,1,Normal,30,4,4,4,0,27,27,0,0,20,0,1,1,0,8,2,0,3,3,0,0,112,0,18,0,1,1,50,1,ai_farm
630,12974,1,Normal,8,1,1,0,0,27,0,0,0,0,0,1,1,0,3,3,0,0,0,0,0,27,27,13,1,0,0,56,1,ai_farm; party wiped
631,12975,1,Normal,39,5,5,5,0,27,27,0,0,25,0,1,1,0,12,1,0,3,3,0,0,140,2,20,0,1,1,36,1,floor1_town
631,12975,1,Normal,31,4,4,4,0,27,27,0,0,20,0,1,1,0,9,5,0,3,3,0,0,112,10,24,0,1,1,64,1,ai_farm
631,12975,1,Normal,35,1,1,1,0,27,27,0,0,5,0,1,1,0,2,0,0,3,3,0,0,28,0,3,0,1,1,71,1,ai_farm
631,12975,1,Normal,28,1,1,1,0,27,27,0,0,5,0,1,1,0,2,0,0,3,3,0,0,28,0,5,0,1,1,78,1,ai_farm
631,12975,1,Normal,31,4,4,4,0,27,27,0,0,20,0,1,1,0,12,3,0,3,3,0,0,112,0,23,0,1,1,106,1,ai_farm
631,12975,1,Normal,26,1,1,1,0,27,27,0,0,5,0,1,1,0,3,2,0,3,3,0,0,28,0,8,0,1,1,113,1,ai_farm
631,12975,1,Normal,40,4,4,4,0,27,35,0,2,20,0,1,2,0,11,0,0,3,3,0,0,112,0,22,0,1,1,141,1,ai_farm; +1 levelup
631,12975,2,Normal,37,2,2,2,0,35,35,2,2,10,0,2,2,0,3,2,0,0,1,0,0,56,0,8,0,1,1,141,1,
631,12975,3,Normal,31,4,4,4,0,35,35,2,2,48,0,2,2,0,12,9,0,0,2,0,0,240,44,31,0,1,1,165,1,
632,12976,1,Normal,28,3,3,3,0,27,27,0,0,15,0,1,1,2,8,0,0,3,3,0,0,84,0,14,0,1,1,22,1,floor1_town
632,12976,1,Normal,25,1,1,1,0,27,27,0,0,5,0,1,1,0,3,0,0,3,3,0,0,28,0,7,0,1,1,29,1,ai_farm
632,12976,1,Normal,30,2,2,2,0,27,27,0,0,10,0,1,1,0,6,4,0,3,3,0,0,56,2,13,0,1,1,43,1,ai_farm
632,12976,1,Normal,30,4,4,4,0,27,27,0,0,20,0,1,1,0,11,1,0,3,3,0,0,112,2,19,0,1,1,71,1,ai_farm
632,12976,1,Normal,37,4,4,4,0,27,27,0,0,20,0,1,1,0,11,3,0,3,3,0,0,112,2,22,0,1,1,99,1,ai_farm
632,12976,1,Normal,29,4,4,4,0,27,27,0,0,20,0,1,1,0,10,4,0,3,3,0,0,112,4,24,0,1,1,127,1,ai_farm
632,12976,1,Normal,39,3,3,3,0,27,34,0,2,15,0,1,2,0,7,0,0,3,3,0,0,84,0,14,0,1,1,142,1,ai_farm; +1 levelup
632,12976,2,Normal,29,4,4,4,0,34,22,2,2,20,0,2,2,0,3,3,0,0,0,0,0,112,12,18,0,1,1,142,1,
632,12976,3,Normal,36,6,6,6,0,22,18,2,2,72,0,2,2,0,17,10,0,0,0,0,0,360,24,42,0,1,1,178,1,
633,12977,1,Normal,33,5,5,5,0,27,27,0,0,25,0,1,1,0,12,4,0,3,3,0,0,140,0,26,0,1,1,36,1,floor1_town
633,12977,1,Normal,36,2,2,2,0,27,27,0,0,10,0,1,1,0,4,2,0,3,3,0,0,56,2,12,0,1,1,50,1,ai_farm
633,12977,1,Normal,38,2,2,2,0,27,27,0,0,10,0,1,1,0,6,1,0,3,3,0,0,56,2,12,0,1,1,64,1,ai_farm
633,12977,1,Normal,25,4,4,4,0,27,27,0,0,20,0,1,1,0,10,2,0,3,3,0,0,112,0,20,0,1,1,92,1,ai_farm
633,12977,1,Normal,37,3,3,3,0,27,27,0,0,15,0,1,1,0,9,3,0,3,3,0,0,84,0,18,0,1,1,113,1,ai_farm
633,12977,1,Normal,9,1,1,0,0,27,0,0,0,0,0,1,1,0,3,3,0,0,0,0,0,18,27,11,1,0,0,119,1,ai_farm; party wiped
634,12978,1,Normal,37,4,4,4,0,27,27,0,0,20,0,1,1,2,12,7,0,3,3,0,0,112,14,36,0,1,1,29,1,floor1_town
634,12978,1,Normal,37,3,3,3,0,27,27,0,0,15,0,1,1,0,6,2,0,3,3,0,0,84,2,13,0,1,1,50,1,ai_farm
634,12978,1,Normal,30,3,3,3,0,27,27,0,0,15,0,1,1,0,7,0,0,3,3,0,0,84,0,12,0,1,1,71,1,ai_farm
634,12978,1,Normal,31,4,4,4,0,27,27,0,0,20,0,1,1,0,11,4,0,3,3,0,0,112,4,23,0,1,1,99,1,ai_farm
634,12978,1,Normal,27,4,4,4,0,27,27,0,0,20,0,1,1,0,11,4,0,3,3,0,0,112,2,21,0,1,1,127,1,ai_farm
634,12978,1,Normal,34,4,4,4,0,27,34,0,2,20,0,1,2,0,12,3,0,3,3,0,0,112,4,28,0,1,1,143,1,ai_farm; +1 levelup
634,12978,2,Normal,28,3,3,3,0,34,34,2,2,15,0,2,2,0,3,3,0,0,0,0,0,84,0,11,0,1,1,143,1,
634,12978,3,Normal,40,3,3,3,0,34,34,2,2,36,0,2,2,0,9,4,0,0,2,0,0,180,4,17,0,1,1,161,1,
635,12979,1,Normal,26,3,3,3,0,27,27,0,0,15,0,1,1,0,9,3,0,3,3,0,0,84,24,20,0,1,1,22,1,floor1_town
635,12979,1,Normal,12,1,1,0,0,27,0,0,0,0,0,1,1,0,3,3,0,0,0,0,0,9,27,10,1,0,0,28,1,ai_farm; party wiped
636,12980,1,Normal,31,5,5,5,0,27,27,0,0,25,0,1,1,2,12,2,0,3,3,0,0,140,0,25,0,1,1,36,1,floor1_town
636,12980,1,Normal,31,5,5,4,0,27,0,0,0,20,0,1,1,0,15,6,0,0,0,0,0,121,29,34,1,0,0,70,1,ai_farm; party wiped
637,12981,1,Normal,35,3,3,3,0,27,27,0,0,15,0,1,1,0,8,1,0,3,3,0,0,84,0,15,0,1,1,22,1,floor1_town
637,12981,1,Normal,27,4,4,4,0,27,27,0,0,20,0,1,1,0,10,5,0,3,3,0,0,112,14,21,0,1,1,50,1,ai_farm
637,12981,1,Normal,35,3,3,3,0,27,27,0,0,15,0,1,1,0,7,1,0,3,3,0,0,84,0,14,0,1,1,71,1,ai_farm
637,12981,1,Normal,18,3,3,2,0,27,0,0,0,10,0,1,1,0,8,4,0,0,0,0,0,83,27,22,1,0,0,91,1,ai_farm; party wiped
638,12982,1,Normal,40,4,4,4,0,27,27,0,0,20,0,1,1,2,7,2,0,3,3,0,0,112,0,17,0,1,1,29,1,floor1_town
638,12982,1,Normal,33,4,4,4,0,27,27,0,0,20,0,1,1,0,11,3,0,3,3,0,0,112,2,22,0,1,1,57,1,ai_farm
638,12982,1,Normal,37,3,3,3,0,27,27,0,0,15,0,1,1,0,8,0,0,3,3,0,0,84,0,13,0,1,1,78,1,ai_farm
638,12982,1,Normal,38,5,5,5,0,27,27,0,0,25,0,1,1,0,8,3,0,3,3,0,0,140,0,23,0,1,1,113,1,ai_farm
638,12982,1,Normal,29,4,4,4,0,27,35,0,3,20,0,1,2,0,6,1,0,3,3,0,0,112,0,15,0,1,1,141,1,ai_farm; +1 levelup
638,12982,2,Normal,38,2,2,2,0,35,35,3,3,10,0,2,2,2,2,0,0,1,3,0,0,56,0,10,0,1,1,141,1,
638,12982,3,Normal,30,3,3,3,0,35,35,3,3,36,0,2,2,0,9,5,0,0,1,0,0,180,0,19,0,1,1,159,1,
639,12983,1,Normal,29,4,4,4,0,27,27,0,0,20,0,1,1,1,9,0,0,3,3,0,0,112,0,15,0,1,1,29,1,floor1_town
639,12983,1,Normal,31,3,3,3,0,27,27,0,0,15,0,1,1,0,8,4,0,3,3,0,0,84,0,17,0,1,1,50,1,ai_farm
639,12983,1,Normal,10,2,2,1,0,27,0,0,0,5,0,1,1,0,5,3,0,0,0,0,0,51,27,14,1,0,0,63,1,ai_farm; party wiped
640,12984,1,Normal,10,2,2,1,0,27,0,0,0,5,0,1,1,2,4,3,0,0,0,0,0,55,27,14,1,0,0,14,1,floor1_town; party wiped
641,12985,1,Normal,38,3,3,3,0,27,27,0,0,15,0,1,1,1,9,5,0,3,3,0,0,84,4,22,0,1,1,22,1,floor1_town
641,12985,1,Normal,33,3,3,3,0,27,27,0,0,15,0,1,1,0,9,4,0,3,3,0,0,84,0,18,0,1,1,43,1,ai_farm
641,12985,1,Normal,25,2,2,2,0,27,27,0,0,10,0,1,1,0,6,1,0,3,3,0,0,56,2,11,0,1,1,57,1,ai_farm
641,12985,1,Normal,32,4,4,4,0,27,27,0,0,20,0,1,1,0,12,7,0,3,3,0,0,112,2,25,0,1,1,85,1,ai_farm
641,12985,1,Normal,10,2,2,1,0,27,0,0,0,5,0,1,1,0,4,3,0,0,0,0,0,42,27,10,1,0,0,98,1,ai_farm; party wiped
642,12986,1,Normal,27,3,3,3,0,27,27,0,0,15,0,1,1,1,6,0,1,3,3,0,0,84,0,12,0,1,1,22,1,floor1_town
642,12986,1,Normal,25,2,2,1,0,27,0,0,0,5,0,1,1,1,6,5,0,0,0,0,0,42,27,17,1,0,0,35,1,ai_farm; party wiped
643,12987,1,Normal,32,3,3,3,0,27,27,0,0,15,0,1,1,1,7,6,0,3,3,0,0,84,2,25,0,1,1,22,1,floor1_town
643,12987,1,Normal,26,2,2,2,0,27,27,0,0,10,0,1,1,0,5,0,0,3,3,0,0,56,0,10,0,1,1,36,1,ai_farm
643,12987,1,Normal,32,2,2,2,0,27,27,0,0,10,0,1,1,0,6,3,0,3,3,0,0,56,2,13,0,1,1,50,1,ai_farm
643,12987,1,Normal,38,4,4,4,0,27,27,0,0,20,0,1,1,0,10,3,0,3,3,0,0,112,0,23,0,1,1,78,1,ai_farm
643,12987,1,Normal,28,2,2,2,0,27,27,0,0,10,0,1,1,0,4,3,0,3,3,0,0,56,12,14,0,1,1,92,1,ai_farm
643,12987,1,Normal,35,5,5,5,0,27,27,0,0,25,0,1,1,0,11,0,0,3,3,0,0,140,0,22,0,1,1,127,1,ai_farm
643,12987,1,Normal,35,5,5,5,0,27,36,0,1,25,0,1,2,0,9,0,0,3,3,0,0,140,0,15,0,1,1,144,1,ai_farm; +1 levelup
643,12987,2,Normal,37,4,4,4,0,36,25,1,1,20,0,2,2,0,3,3,1,0,0,0,0,112,11,13,0,1,1,144,1,
643,12987,3,Normal,31,2,2,2,0,25,36,1,1,24,0,2,2,2,6,0,0,0,3,0,0,120,0,10,0,1,1,156,1,
644,12988,1,Normal,36,2,2,2,0,27,27,0,0,10,0,1,1,2,6,2,0,3,3,0,0,56,2,14,0,1,1,15,1,floor1_town
644,12988,1,Normal,25,3,3,3,0,27,27,0,0,15,0,1,1,0,9,4,0,3,3,0,0,84,14,18,0,1,1,36,1,ai_farm
644,12988,1,Normal,36,4,4,4,0,27,27,0,0,20,0,1,1,0,10,2,0,3,3,0,0,112,2,19,0,1,1,64,1,ai_farm
644,12988,1,Normal,36,3,3,3,0,27,27,0,0,15,0,1,1,0,7,0,0,3,3,0,0,84,0,12,0,1,1,85,1,ai_farm
644,12988,1,Normal,38,3,3,3,0,27,27,0,0,15,0,1,1,0,8,4,0,3,3,0,0,84,12,16,0,1,1,106,1,ai_farm
644,12988,1,Normal,6,1,1,0,0,27,0,0,0,0,0,1,1,0,3,3,0,0,0,0,0,27,27,8,1,0,0,112,1,ai_farm; party wiped
645,12989,1,Normal,25,2,2,2,0,27,27,0,0,10,0,1,1,1,4,3,0,3,3,0,0,56,0,11,0,1,1,15,1,floor1_town
645,12989,1,Normal,37,6,6,6,0,27,27,0,0,30,0,1,1,0,16,1,0,3,3,0,0,168,0,28,0,1,1,57,1,ai_farm
645,12989,1,Normal,31,2,2,2,0,27,27,0,0,10,0,1,1,0,6,1,0,3,3,0,0,56,2,14,0,1,1,71,1,ai_farm
645,12989,1,Normal,18,2,2,1,0,27,0,0,0,5,0,1,1,0,6,3,0,0,0,0,0,46,27,13,1,0,0,84,1,ai_farm; party wiped
646,12990,1,Normal,30,2,2,2,0,27,27,0,0,10,0,1,1,0,5,0,0,3,3,0,0,56,0,10,0,1,1,15,1,floor1_town
646,12990,1,Normal,34,4,4,4,0,27,27,0,0,20,0,1,1,0,9,0,0,3,3,0,0,112,0,19,0,1,1,43,1,ai_farm
646,12990,1,Normal,35,5,5,5,0,27,27,0,0,25,0,1,1,0,14,5,0,3,3,0,0,140,2,30,0,1,1,78,1,ai_farm
646,12990,1,Normal,35,2,2,2,0,27,27,0,0,10,0,1,1,0,3,0,0,3,3,0,0,56,0,6,0,1,1,92,1,ai_farm
646,12990,1,Normal,32,3,3,3,0,27,27,0,0,15,0,1,1,0,8,4,0,3,3,0,0,84,23,20,0,1,1,113,1,ai_farm
646,12990,1,Normal,8,1,1,0,0,27,0,0,0,0,0,1,1,0,3,3,0,0,0,0,0,18,27,12,1,0,0,119,1,ai_farm; party wiped
647,12991,1,Normal,34,4,4,4,0,27,27,0,0,20,0,1,1,1,11,3,0,3,3,0,0,112,0,24,0,1,1,29,1,floor1_town
647,12991,1,Normal,28,1,1,1,0,27,27,0,0,5,0,1,1,0,3,1,0,3,3,0,0,28,0,6,0,1,1,36,1,ai_farm
647,12991,1,Normal,27,4,4,4,0,27,27,0,0,20,0,1,1,0,11,6,0,3,3,0,0,112,14,27,0,1,1,64,1,ai_farm
647,12991,1,Normal,30,4,4,4,0,27,27,0,0,20,0,1,1,0,11,2,0,3,3,0,0,112,0,20,0,1,1,92,1,ai_farm
647,12991,1,Normal,35,5,5,5,0,27,27,0,0,25,0,1,1,0,13,4,0,3,3,0,0,140,2,24,0,1,1,127,1,ai_farm
647,12991,1,Normal,36,5,5,5,0,27,36,0,2,25,0,1,2,0,14,5,0,3,3,0,0,140,0,27,0,1,1,144,1,ai_farm; +1 levelup
647,12991,2,Normal,35,4,4,4,0,36,24,2,2,20,0,2,2,1,3,3,1,0,0,0,0,112,12,15,0,1,1,144,1,
647,12991,3,Normal,35,1,1,1,0,24,36,2,2,12,0,2,2,1,3,0,2,0,3,0,0,60,0,6,0,1,1,150,1,
648,12992,1,Normal,22,3,3,2,0,27,0,0,0,10,0,1,1,0,9,6,0,0,0,0,0,65,29,22,1,0,0,21,1,floor1_town; party wiped
649,12993,1,Normal,28,3,3,3,0,27,27,0,0,15,0,1,1,0,6,0,1,3,3,0,0,84,0,11,0,1,1,22,1,floor1_town
649,12993,1,Normal,37,6,6,6,0,27,27,0,0,30,0,1,1,1,15,4,0,3,3,0,0,168,12,34,0,1,1,64,1,ai_farm
649,12993,1,Normal,37,5,5,5,0,27,27,0,0,25,0,1,1,0,12,1,0,3,3,0,0,140,0,21,0,1,1,99,1,ai_farm
649,12993,1,Normal,32,2,2,2,0,27,27,0,0,10,0,1,1,0,6,1,0,3,3,0,0,56,0,14,0,1,1,113,1,ai_farm
649,12993,1,Normal,40,4,4,4,0,27,35,0,1,20,0,1,2,0,10,5,0,3,3,0,0,112,2,22,0,1,1,141,1,ai_farm; +1 levelup
649,12993,2,Normal,29,4,4,4,0,35,35,1,1,20,0,2,2,1,4,3,0,2,3,0,0,112,11,14,0,1,1,142,1,
649,12993,3,Normal,18,3,3,2,0,35,0,1,1,24,0,2,2,0,7,4,0,0,0,0,0,158,35,18,1,0,0,160,1,party wiped
650,12994,1,Normal,32,4,4,4,0,27,27,0,0,20,0,1,1,0,12,2,0,3,3,0,0,112,0,26,0,1,1,29,1,floor1_town
650,12994,1,Normal,25,3,3,3,0,27,27,0,0,15,0,1,1,0,9,0,0,3,3,0,0,84,0,18,0,1,1,50,1,ai_farm
650,12994,1,Normal,29,2,2,2,0,27,27,0,0,10,0,1,1,0,5,1,0,3,3,0,0,56,0,8,0,1,1,64,1,ai_farm
650,12994,1,Normal,30,4,4,4,0,27,27,0,0,20,0,1,1,0,11,8,0,3,3,0,0,112,12,29,0,1,1,92,1,ai_farm
650,12994,1,Normal,39,6,6,6,0,27,27,0,0,30,0,1,1,0,15,6,0,3,3,0,0,168,0,38,0,1,1,134,1,ai_farm
650,12994,1,Normal,29,3,3,3,0,27,35,0,3,15,0,1,2,0,7,3,0,3,3,0,0,84,0,15,0,1,1,143,1,ai_farm; +1 levelup
650,12994,2,Normal,40,5,5,5,0,35,35,3,3,25,0,2,2,1,4,3,1,2,3,0,0,140,11,19,0,1,1,144,1,
650,12994,3,Normal,27,1,1,1,0,35,35,3,3,12,0,2,2,1,2,0,0,1,3,0,0,60,0,5,0,1,1,150,1,
651,12995,1,Normal,37,4,4,4,0,27,27,0,0,20,0,1,1,1,12,7,0,3,3,0,0,112,16,30,0,1,1,29,1,floor1_town
651,12995,1,Normal,26,1,1,1,0,27,27,0,0,5,0,1,1,0,1,0,0,3,3,0,0,28,0,2,0,1,1,36,1,ai_farm
651,12995,1,Normal,25,1,1,1,0,27,27,0,0,5,0,1,1,0,2,0,0,3,3,0,0,28,0,5,0,1,1,43,1,ai_farm
651,12995,1,Normal,26,2,2,2,0,27,27,0,0,10,0,1,1,0,6,2,0,3,3,0,0,56,0,14,0,1,1,57,1,ai_farm
651,12995,1,Normal,29,4,4,4,0,27,27,0,0,20,0,1,1,0,10,1,0,3,3,0,0,112,2,17,0,1,1,85,1,ai_farm
651,12995,1,Normal,37,3,3,3,0,27,27,0,0,15,0,1,1,0,7,3,0,3,3,0,0,84,2,21,0,1,1,106,1,ai_farm
651,12995,1,Normal,31,3,3,3,0,27,27,0,0,15,0,1,1,0,7,1,0,3,3,0,0,84,0,14,0,1,1,127,1,ai_farm
651,12995,1,Normal,28,3,3,3,0,27,34,0,3,15,0,1,2,0,6,1,0,3,3,0,0,84,11,16,0,1,1,142,1,ai_farm; +1 levelup
651,12995,2,Normal,40,3,3,3,0,34,34,3,3,15,0,2,2,1,3,3,0,0,0,0,0,84,0,18,0,1,1,142,1,
651,12995,3,Normal,17,2,2,1,0,34,0,3,3,12,0,2,2,1,6,6,0,0,0,0,0,98,64,22,1,0,0,154,1,party wiped
652,12996,1,Normal,26,1,1,1,0,27,27,0,0,5,0,1,1,0,3,0,0,3,3,0,0,28,0,5,0,1,1,8,1,floor1_town
652,12996,1,Normal,25,1,1,1,0,27,27,0,0,5,0,1,1,0,3,0,0,3,3,0,0,28,0,6,0,1,1,15,1,ai_farm
652,12996,1,Normal,33,3,3,3,0,27,27,0,0,15,0,1,1,0,4,0,0,3,3,0,0,84,0,8,0,1,1,36,1,ai_farm
652,12996,1,Normal,27,3,3,3,0,27,27,0,0,15,0,1,1,0,9,3,0,3,3,0,0,84,0,19,0,1,1,57,1,ai_farm
652,12996,1,Normal,20,3,3,2,0,27,0,0,0,10,0,1,1,0,9,7,0,0,0,0,0,74,29,21,1,0,0,77,1,ai_farm; party wiped
653,12997,1,Normal,31,3,3,3,0,27,27,0,0,15,0,1,1,1,6,0,1,3,3,0,0,84,0,15,0,1,1,22,1,floor1_town
653,12997,1,Normal,32,4,4,4,0,27,27,0,0,20,0,1,1,1,8,0,0,3,3,0,0,112,0,23,0,1,1,50,1,ai_farm
653,12997,1,Normal,21,3,3,2,0,27,0,0,0,10,0,1,1,0,9,3,0,0,0,0,0,65,27,19,1,0,0,70,1,ai_farm; party wiped
654,12998,1,Normal,35,3,3,3,0,27,27,0,0,15,0,1,1,0,8,1,0,3,3,0,0,84,2,17,0,1,1,22,1,floor1_town
654,12998,1,Normal,27,3,3,3,0,27,27,0,0,15,0,1,1,0,9,4,0,3,3,0,0,84,2,18,0,1,1,43,1,ai_farm
654,12998,1,Normal,38,5,5,5,0,27,27,0,0,25,0,1,1,0,14,2,0,3,3,0,0,140,2,26,0,1,1,78,1,ai_farm
654,12998,1,Normal,29,1,1,1,0,27,27,0,0,5,0,1,1,0,1,0,0,3,3,0,0,28,0,3,0,1,1,85,1,ai_farm
654,12998,1,Normal,36,3,3,3,0,27,27,0,0,15,0,1,1,0,9,3,0,3,3,0,0,84,0,16,0,1,1,106,1,ai_farm
654,12998,1,Normal,34,4,4,4,0,27,27,0,0,20,0,1,1,0,12,6,0,3,3,0,0,112,0,27,0,1,1,134,1,ai_farm
654,12998,1,Normal,40,5,5,5,0,27,35,0,2,25,0,1,2,0,10,2,0,3,3,0,0,140,0,25,0,1,1,145,1,ai_farm; +1 levelup
654,12998,2,Normal,33,4,4,4,0,35,35,2,2,20,0,2,2,0,3,2,0,0,1,0,0,112,0,13,0,1,1,145,1,
654,12998,3,Normal,30,4,4,4,0,35,35,2,2,48,0,2,2,1,12,5,0,0,1,0,0,240,3,29,0,1,1,169,1,
655,12999,1,Normal,40,5,5,5,0,27,27,0,0,25,0,1,1,2,11,5,0,3,3,0,0,140,0,27,0,1,1,36,1,floor1_town
655,12999,1,Normal,28,3,3,3,0,27,27,0,0,15,0,1,1,0,9,1,0,3,3,0,0,84,0,16,0,1,1,57,1,ai_farm
655,12999,1,Normal,26,2,2,2,0,27,27,0,0,10,0,1,1,0,6,0,0,3,3,0,0,56,0,8,0,1,1,71,1,ai_farm
655,12999,1,Normal,25,4,4,3,0,27,0,0,0,15,0,1,1,0,11,6,0,0,0,0,0,102,27,24,1,0,0,98,1,ai_farm; party wiped
656,13000,1,Normal,29,4,4,4,0,27,27,0,0,20,0,1,1,0,9,2,0,3,3,0,0,112,0,18,0,1,1,29,1,floor1_town
656,13000,1,Normal,38,4,4,4,0,27,27,0,0,20,0,1,1,0,10,3,0,3,3,0,0,112,0,22,0,1,1,57,1,ai_farm
656,13000,1,Normal,19,2,2,1,0,27,0,0,0,5,0,1,1,0,5,3,0,0,0,0,0,55,27,13,1,0,0,70,1,ai_farm; party wiped
657,13001,1,Normal,33,4,4,4,0,27,27,0,0,20,0,1,1,2,11,2,0,3,3,0,0,112,0,23,0,1,1,29,1,floor1_town
657,13001,1,Normal,40,4,4,4,0,27,27,0,0,20,0,1,1,0,12,4,0,3,3,0,0,112,4,26,0,1,1,57,1,ai_farm
657,13001,1,Normal,34,2,2,2,0,27,27,0,0,10,0,1,1,0,6,1,0,3,3,0,0,56,0,13,0,1,1,71,1,ai_farm
657,13001,1,Normal,29,3,3,3,0,27,27,0,0,15,0,1,1,0,8,0,0,3,3,0,0,84,0,16,0,1,1,92,1,ai_farm
657,13001,1,Normal,35,5,5,5,0,27,27,0,0,25,0,1,1,0,12,5,0,3,3,0,0,140,0,26,0,1,1,127,1,ai_farm
657,13001,1,Normal,40,3,3,3,0,27,35,0,3,15,0,1,2,0,7,0,0,3,3,0,0,84,0,11,0,1,1,142,1,ai_farm; +1 levelup
657,13001,2,Normal,37,3,3,3,0,35,35,3,3,15,0,2,2,0,3,2,0,0,1,0,0,84,0,10,0,1,1,142,1,
657,13001,3,Normal,39,4,4,4,0,35,32,3,3,48,0,2,2,0,12,7,0,0,2,0,0,240,27,28,0,1,1,166,1,
658,13002,1,Normal,38,2,2,2,0,27,27,0,0,10,0,1,1,0,4,0,0,3,3,0,0,56,0,11,0,1,1,15,1,floor1_town
658,13002,1,Normal,28,4,4,4,0,27,27,0,0,20,0,1,1,0,11,4,0,3,3,0,0,112,0,21,0,1,1,43,1,ai_farm
658,13002,1,Normal,33,5,5,5,0,27,27,0,0,25,0,1,1,0,13,7,0,3,3,0,0,140,0,32,0,1,1,78,1,ai_farm
658,13002,1,Normal,32,5,5,5,0,27,27,0,0,25,0,1,1,0,11,5,0,3,3,0,0,140,2,26,0,1,1,113,1,ai_farm
658,13002,1,Normal,29,4,4,4,0,27,34,0,1,20,0,1,2,0,12,8,0,3,3,0,0,112,18,33,0,1,1,141,1,ai_farm; +1 levelup
658,13002,2,Normal,40,2,2,2,0,34,34,1,1,10,0,2,2,0,3,3,1,0,0,0,0,56,0,10,0,1,1,141,1,
658,13002,3,Normal,25,2,2,2,0,34,34,1,1,24,0,2,2,0,5,2,1,0,1,0,0,120,0,9,0,1,1,153,1,
659,13003,1,Normal,27,3,3,3,0,27,27,0,0,15,0,1,1,2,5,2,0,3,3,0,0,84,4,16,0,1,1,22,1,floor1_town
659,13003,1,Normal,10,1,1,0,0,27,0,0,0,0,0,1,1,0,3,3,0,0,0,0,0,14,27,8,1,0,0,28,1,ai_farm; party wiped
660,13004,1,Normal,31,4,4,4,0,27,27,0,0,20,0,1,1,1,7,0,0,3,3,0,0,112,0,15,0,1,1,29,1,floor1_town
660,13004,1,Normal,31,2,2,2,0,27,27,0,0,10,0,1,1,0,6,1,0,3,3,0,0,56,2,10,0,1,1,43,1,ai_farm
660,13004,1,Normal,34,3,3,3,0,27,27,0,0,15,0,1,1,0,9,1,0,3,3,0,0,84,0,15,0,1,1,64,1,ai_farm
660,13004,1,Normal,40,3,3,3,0,27,27,0,0,15,0,1,1,0,8,4,0,3,3,0,0,84,2,15,0,1,1,85,1,ai_farm
660,13004,1,Normal,30,6,6,6,0,27,27,0,0,30,0,1,1,0,13,5,0,3,3,0,0,168,4,26,0,1,1,127,1,ai_farm
660,13004,1,Normal,40,4,4,4,0,27,35,0,1,20,0,1,2,0,10,4,0,3,3,0,0,112,0,24,0,1,1,143,1,ai_farm; +1 levelup
660,13004,2,Normal,27,3,3,3,0,35,35,1,1,15,0,2,2,0,6,1,2,0,3,0,0,84,9,12,0,1,1,144,1,
660,13004,3,Normal,40,2,2,2,0,35,35,1,1,24,0,2,2,4,5,2,0,1,3,0,0,120,0,13,0,1,1,156,1,
661,13005,1,Normal,36,5,5,5,0,27,27,0,0,25,0,1,1,2,13,4,0,3,3,0,0,140,0,29,0,1,1,36,1,floor1_town
661,13005,1,Normal,30,5,5,5,0,27,27,0,0,25,0,1,1,0,12,4,0,3,3,0,0,140,4,25,0,1,1,71,1,ai_farm
661,13005,1,Normal,25,1,1,1,0,27,27,0,0,5,0,1,1,0,1,0,0,3,3,0,0,28,0,4,0,1,1,78,1,ai_farm
661,13005,1,Normal,28,2,2,2,0,27,27,0,0,10,0,1,1,0,6,0,0,3,3,0,0,56,0,10,0,1,1,92,1,ai_farm
661,13005,1,Normal,26,1,1,1,0,27,27,0,0,5,0,1,1,0,3,2,0,3,3,0,0,28,0,8,0,1,1,99,1,ai_farm
661,13005,1,Normal,37,4,4,4,0,27,27,0,0,20,0,1,1,0,8,1,0,3,3,0,0,112,0,16,0,1,1,127,1,ai_farm
661,13005,1,Normal,33,3,3,3,0,27,35,0,2,15,0,1,2,0,5,0,0,3,3,0,0,84,0,12,0,1,1,142,1,ai_farm; +1 levelup
661,13005,2,Normal,31,5,5,5,0,35,35,2,2,25,0,2,2,0,5,3,2,1,3,0,0,140,12,21,0,1,1,143,1,
661,13005,3,Normal,35,3,3,3,0,35,35,2,2,36,0,2,2,2,8,4,0,0,0,0,0,180,0,21,0,1,1,161,1,
662,13006,1,Normal,25,1,1,1,0,27,27,0,0,5,0,1,1,1,3,1,0,3,3,0,0,28,0,6,0,1,1,8,1,floor1_town
662,13006,1,Normal,30,2,2,2,0,27,27,0,0,10,0,1,1,0,6,1,0,3,3,0,0,56,2,12,0,1,1,22,1,ai_farm
662,13006,1,Normal,38,5,5,5,0,27,27,0,0,25,0,1,1,0,14,6,0,3,3,0,0,140,4,30,0,1,1,57,1,ai_farm
662,13006,1,Normal,31,2,2,2,0,27,27,0,0,10,0,1,1,0,6,2,0,3,3,0,0,56,2,11,0,1,1,71,1,ai_farm
662,13006,1,Normal,37,4,4,4,0,27,27,0,0,20,0,1,1,0,11,5,0,3,3,0,0,112,18,23,0,1,1,99,1,ai_farm
662,13006,1,Normal,36,4,4,4,0,27,27,0,0,20,0,1,1,0,12,2,0,3,3,0,0,112,2,22,0,1,1,127,1,ai_farm
662,13006,1,Normal,30,5,5,5,0,27,34,0,3,25,0,1,2,0,11,0,0,3,3,0,0,140,0,21,0,1,1,144,1,ai_farm; +1 levelup
662,13006,2,Normal,33,2,2,2,0,34,34,3,3,10,0,2,2,0,3,0,1,0,3,0,0,56,0,10,0,1,1,144,1,
662,13006,3,Normal,40,3,3,3,0,34,34,3,3,36,0,2,2,3,8,0,0,0,3,0,0,180,0,18,0,1,1,162,1,
663,13007,1,Normal,30,3,3,3,0,27,27,0,0,15,0,1,1,2,8,3,0,3,3,0,0,84,0,19,0,1,1,22,1,floor1_town
663,13007,1,Normal,33,4,4,4,0,27,27,0,0,20,0,1,1,0,9,3,0,3,3,0,0,112,0,19,0,1,1,50,1,ai_farm
663,13007,1,Normal,27,4,4,4,0,27,27,0,0,20,0,1,1,0,9,3,0,3,3,0,0,112,0,19,0,1,1,78,1,ai_farm
663,13007,1,Normal,7,1,1,0,0,27,0,0,0,0,0,1,1,0,3,3,0,0,0,0,0,18,27,8,1,0,0,84,1,ai_farm; party wiped
664,13008,1,Normal,34,5,5,5,0,27,27,0,0,25,0,1,1,1,14,5,0,3,3,0,0,140,12,32,0,1,1,36,1,floor1_town
664,13008,1,Normal,33,4,4,4,0,27,27,0,0,20,0,1,1,0,10,4,0,3,3,0,0,112,0,19,0,1,1,64,1,ai_farm
664,13008,1,Normal,30,3,3,3,0,27,27,0,0,15,0,1,1,0,9,2,0,3,3,0,0,84,4,16,0,1,1,85,1,ai_farm
664,13008,1,Normal,34,3,3,3,0,27,27,0,0,15,0,1,1,0,9,2,0,3,3,0,0,84,2,15,0,1,1,106,1,ai_farm
664,13008,1,Normal,27,5,5,5,0,27,34,0,2,25,0,1,2,0,10,3,0,3,3,0,0,140,0,20,0,1,1,141,1,ai_farm; +1 levelup
664,13008,2,Normal,31,3,3,3,0,34,34,2,2,15,0,2,2,1,6,3,0,0,3,0,0,84,33,20,0,1,1,142,1,
664,13008,3,Normal,16,2,2,1,0,34,0,2,2,12,0,2,2,2,6,3,0,0,0,0,0,111,34,16,1,0,0,154,1,party wiped
665,13009,1,Normal,39,2,2,2,0,27,27,0,0,10,0,1,1,0,6,1,2,3,3,0,0,56,0,9,0,1,1,15,1,floor1_town
665,13009,1,Normal,29,4,4,4,0,27,27,0,0,20,0,1,1,2,7,0,0,3,3,0,0,112,0,16,0,1,1,43,1,ai_farm
665,13009,1,Normal,32,3,3,3,0,27,27,0,0,15,0,1,1,0,8,5,0,3,3,0,0,84,12,22,0,1,1,64,1,ai_farm
665,13009,1,Normal,40,0,0,0,0,27,27,0,0,0,0,1,1,0,0,0,0,3,3,0,0,0,0,0,0,1,1,64,0,ai_farm
665,13009,1,Normal,26,3,3,3,0,27,27,0,0,15,0,1,1,0,9,4,0,3,3,0,0,84,0,18,0,1,1,85,1,ai_farm
665,13009,1,Normal,33,1,1,1,0,27,27,0,0,5,0,1,1,0,1,0,0,3,3,0,0,28,0,3,0,1,1,92,1,ai_farm
665,13009,1,Normal,28,3,3,3,0,27,27,0,0,15,0,1,1,0,9,4,0,3,3,0,0,84,2,19,0,1,1,113,1,ai_farm
665,13009,1,Normal,33,4,4,4,0,27,36,0,2,20,0,1,2,0,10,2,0,3,3,0,0,112,0,20,0,1,1,141,1,ai_farm; +1 levelup
665,13009,2,Normal,30,3,3,3,0,36,36,2,2,15,0,2,2,0,5,3,2,1,3,0,0,84,12,13,0,1,1,142,1,
665,13009,3,Normal,40,4,4,4,0,36,36,2,2,48,0,2,2,3,12,2,1,0,1,0,0,240,0,22,0,1,1,166,1,
666,13010,1,Normal,28,2,2,2,0,27,27,0,0,10,0,1,1,1,5,3,0,3,3,0,0,56,0,14,0,1,1,15,1,floor1_town
666,13010,1,Normal,35,4,4,4,0,27,27,0,0,20,0,1,1,0,8,1,0,3,3,0,0,112,0,21,0,1,1,43,1,ai_farm
666,13010,1,Normal,28,2,2,2,0,27,27,0,0,10,0,1,1,0,6,3,0,3,3,0,0,56,23,16,0,1,1,57,1,ai_farm
666,13010,1,Normal,30,3,3,3,0,27,27,0,0,15,0,1,1,0,7,3,0,3,3,0,0,84,0,17,0,1,1,78,1,ai_farm
666,13010,1,Normal,30,2,2,2,0,27,27,0,0,10,0,1,1,0,5,2,0,3,3,0,0,56,0,12,0,1,1,92,1,ai_farm
666,13010,1,Normal,33,5,5,5,0,27,27,0,0,25,0,1,1,0,14,5,0,3,3,0,0,140,12,29,0,1,1,127,1,ai_farm
666,13010,1,Normal,36,4,4,4,0,27,34,0,2,20,0,1,2,0,6,3,0,3,3,0,0,112,11,20,0,1,1,143,1,ai_farm; +1 levelup
666,13010,2,Normal,31,2,2,2,0,34,34,2,2,10,0,2,2,0,3,0,1,0,3,0,0,56,0,6,0,1,1,143,1,
666,13010,3,Normal,32,3,3,3,0,34,30,2,2,36,0,2,2,2,9,5,0,0,2,0,0,180,20,23,0,1,1,161,1,
667,13011,1,Normal,32,4,4,4,0,27,27,0,0,20,0,1,1,0,8,1,0,3,3,0,0,112,2,16,0,1,1,29,1,floor1_town
667,13011,1,Normal,37,1,1,1,0,27,27,0,0,5,0,1,1,0,3,1,0,3,3,0,0,28,0,8,0,1,1,36,1,ai_farm
667,13011,1,Normal,28,3,3,3,0,27,27,0,0,15,0,1,1,0,9,0,0,3,3,0,0,84,0,17,0,1,1,57,1,ai_farm
667,13011,1,Normal,25,5,5,5,0,27,27,0,0,25,0,1,1,0,12,5,0,3,3,0,0,140,14,27,0,1,1,92,1,ai_farm
667,13011,1,Normal,30,2,2,2,0,27,27,0,0,10,0,1,1,0,5,2,0,3,3,0,0,56,2,10,0,1,1,106,1,ai_farm
667,13011,1,Normal,29,4,4,4,0,27,27,0,0,20,0,1,1,0,8,5,0,3,3,0,0,112,0,26,0,1,1,134,1,ai_farm
667,13011,1,Normal,31,2,2,2,0,27,34,0,1,10,0,1,2,0,5,0,0,3,3,0,0,56,0,10,0,1,1,142,1,ai_farm; +1 levelup
667,13011,2,Normal,32,3,3,3,0,34,34,1,1,15,0,2,2,0,3,1,0,0,2,0,0,84,0,8,0,1,1,142,1,
667,13011,3,Normal,11,2,2,1,0,34,0,1,1,12,0,2,2,0,6,5,0,0,0,0,0,105,34,18,1,0,0,154,1,party wiped
668,13012,1,Normal,29,2,2,1,0,27,0,0,0,5,0,1,1,1,6,3,0,0,0,0,0,51,27,18,1,0,0,14,1,floor1_town; party wiped
669,13013,1,Normal,26,2,2,2,0,27,27,0,0,10,0,1,1,0,6,2,0,3,3,0,0,56,0,12,0,1,1,15,1,floor1_town
669,13013,1,Normal,27,4,4,4,0,27,27,0,0,20,0,1,1,0,7,3,0,3,3,0,0,112,2,16,0,1,1,43,1,ai_farm
669,13013,1,Normal,36,3,3,3,0,27,27,0,0,15,0,1,1,0,7,0,0,3,3,0,0,84,0,14,0,1,1,64,1,ai_farm
669,13013,1,Normal,27,5,5,5,0,27,27,0,0,25,0,1,1,0,13,1,0,3,3,0,0,140,0,19,0,1,1,99,1,ai_farm
669,13013,1,Normal,33,4,4,4,0,27,27,0,0,20,0,1,1,0,11,5,0,3,3,0,0,112,0,23,0,1,1,127,1,ai_farm
669,13013,1,Normal,11,1,1,0,0,27,0,0,0,0,0,1,1,0,3,3,0,0,0,0,0,9,27,10,1,0,0,133,1,ai_farm; party wiped
670,13014,1,Normal,30,2,2,2,0,27,27,0,0,10,0,1,1,1,6,1,0,3,3,0,0,56,0,13,0,1,1,15,1,floor1_town
670,13014,1,Normal,37,4,4,4,0,27,27,0,0,20,0,1,1,0,11,6,0,3,3,0,0,112,18,25,0,1,1,43,1,ai_farm
670,13014,1,Normal,32,5,5,5,0,27,27,0,0,25,0,1,1,0,12,4,0,3,3,0,0,140,2,26,0,1,1,78,1,ai_farm
670,13014,1,Normal,32,4,4,4,0,27,27,0,0,20,0,1,1,0,10,4,0,3,3,0,0,112,2,20,0,1,1,106,1,ai_farm
670,13014,1,Normal,28,2,2,2,0,27,27,0,0,10,0,1,1,0,6,3,0,3,3,0,0,56,2,12,0,1,1,120,1,ai_farm
670,13014,1,Normal,33,4,4,4,0,27,34,0,3,20,0,1,2,0,11,4,0,3,3,0,0,112,0,22,0,1,1,142,1,ai_farm; +1 levelup
670,13014,2,Normal,37,2,2,2,0,34,34,3,3,10,0,2,2,0,3,1,0,0,2,0,0,56,0,7,0,1,1,142,1,
670,13014,3,Normal,33,4,4,4,0,34,34,3,3,48,0,2,2,2,12,5,0,0,2,0,0,240,36,28,0,1,1,166,1,
671,13015,1,Normal,35,2,2,2,0,27,27,0,0,10,0,1,1,0,4,0,0,3,3,0,0,56,0,7,0,1,1,15,1,floor1_town
671,13015,1,Normal,30,4,4,4,0,27,27,0,0,20,0,1,1,0,11,3,0,3,3,0,0,112,0,23,0,1,1,43,1,ai_farm
671,13015,1,Normal,28,3,3,3,0,27,27,0,0,15,0,1,1,0,7,3,0,3,3,0,0,84,2,16,0,1,1,64,1,ai_farm
671,13015,1,Normal,40,3,3,3,0,27,27,0,0,15,0,1,1,0,9,6,0,3,3,0,0,84,28,22,0,1,1,85,1,ai_farm
671,13015,1,Normal,3,1,1,0,0,27,0,0,0,0,0,1,1,0,3,3,0,0,0,0,0,18,27,8,1,0,0,91,1,ai_farm; party wiped
672,13016,1,Normal,40,7,7,7,0,27,27,0,0,35,0,1,1,1,19,8,0,3,3,0,0,196,16,44,0,1,1,50,1,floor1_town
672,13016,1,Normal,25,3,3,3,0,27,27,0,0,15,0,1,1,0,8,2,0,3,3,0,0,84,0,14,0,1,1,71,1,ai_farm
672,13016,1,Normal,32,0,0,0,0,27,27,0,0,0,0,1,1,0,0,0,0,3,3,0,0,0,0,0,0,1,1,71,0,ai_farm
672,13016,1,Normal,28,4,4,4,0,27,27,0,0,20,0,1,1,0,12,5,0,3,3,0,0,112,2,27,0,1,1,99,1,ai_farm
672,13016,1,Normal,40,5,5,5,0,27,27,0,0,25,0,1,1,0,13,6,0,3,3,0,0,140,0,28,0,1,1,134,1,ai_farm
672,13016,1,Normal,32,4,4,4,0,27,35,0,3,20,0,1,2,0,10,3,0,3,3,0,0,112,0,19,0,1,1,144,1,ai_farm; +1 levelup
672,13016,2,Normal,34,3,3,3,0,35,5,3,3,15,0,2,2,0,3,3,0,0,0,0,0,84,30,15,0,1,1,144,1,
672,13016,3,Normal,1,1,1,0,0,5,0,3,3,0,0,2,2,1,3,3,0,0,0,0,0,15,35,9,1,0,0,150,1,party wiped
673,13017,1,Normal,28,1,1,1,0,27,27,0,0,5,0,1,1,0,3,1,0,3,3,0,0,28,0,7,0,1,1,8,1,floor1_town
673,13017,1,Normal,16,4,4,3,0,27,0,0,0,15,0,1,1,0,11,4,0,0,0,0,0,93,27,25,1,0,0,35,1,ai_farm; party wiped
674,13018,1,Normal,33,4,4,4,0,27,27,0,0,20,0,1,1,1,9,3,0,3,3,0,0,112,2,20,0,1,1,29,1,floor1_town
674,13018,1,Normal,31,4,4,4,0,27,27,0,0,20,0,1,1,0,11,3,0,3,3,0,0,112,0,19,0,1,1,57,1,ai_farm
674,13018,1,Normal,30,1,1,1,0,27,27,0,0,5,0,1,1,0,3,2,0,3,3,0,0,28,0,8,0,1,1,64,1,ai_farm
674,13018,1,Normal,34,4,4,4,0,27,27,0,0,20,0,1,1,0,6,3,0,3,3,0,0,112,4,18,0,1,1,92,1,ai_farm
674,13018,1,Normal,36,4,4,4,0,27,27,0,0,20,0,1,1,0,10,0,0,3,3,0,0,112,0,19,0,1,1,120,1,ai_farm
674,13018,1,Normal,40,6,6,6,0,27,35,0,1,30,0,1,2,0,14,2,0,3,3,0,0,168,0,31,0,1,1,144,1,ai_farm; +1 levelup
674,13018,2,Normal,29,4,4,4,0,35,17,1,1,20,0,2,2,0,3,3,2,0,0,0,0,112,18,13,0,1,1,144,1,
674,13018,3,Normal,32,5,5,5,0,17,35,1,1,60,0,2,2,4,11,5,0,0,1,0,0,300,0,33,0,1,1,174,1,
675,13019,1,Normal,38,4,4,4,0,27,27,0,0,20,0,1,1,0,12,6,0,3,3,0,0,112,2,23,0,1,1,29,1,floor1_town
675,13019,1,Normal,33,4,4,4,0,27,27,0,0,20,0,1,1,0,11,3,0,3,3,0,0,112,2,22,0,1,1,57,1,ai_farm
675,13019,1,Normal,26,2,2,2,0,27,27,0,0,10,0,1,1,0,6,1,0,3,3,0,0,56,2,12,0,1,1,71,1,ai_farm
675,13019,1,Normal,37,6,6,6,0,27,27,0,0,30,0,1,1,0,13,4,0,3,3,0,0,168,11,29,0,1,1,113,1,ai_farm
675,13019,1,Normal,26,2,2,2,0,27,27,0,0,10,0,1,1,0,4,0,0,3,3,0,0,56,0,8,0,1,1,127,1,ai_farm
675,13019,1,Normal,31,4,4,4,0,27,36,0,3,20,0,1,2,0,8,0,0,3,3,0,0,112,0,12,0,1,1,143,1,ai_farm; +1 levelup
675,13019,2,Normal,38,4,4,4,0,36,25,3,3,20,0,2,2,1,3,3,1,0,0,0,0,112,11,16,0,1,1,143,1,
675,13019,3,Normal,34,4,4,3,0,25,0,3,3,36,0,2,2,2,11,9,0,0,0,0,0,225,36,29,1,0,0,167,1,party wiped
676,13020,1,Normal,27,3,3,3,0,27,27,0,0,15,0,1,1,1,8,2,1,3,3,0,0,84,0,18,0,1,1,22,1,floor1_town
676,13020,1,Normal,26,3,3,3,0,27,27,0,0,15,0,1,1,1,6,4,0,3,3,0,0,84,24,21,0,1,1,43,1,ai_farm
676,13020,1,Normal,30,4,4,4,0,27,27,0,0,20,0,1,1,0,9,3,0,3,3,0,0,112,2,18,0,1,1,71,1,ai_farm
676,13020,1,Normal,34,3,3,3,0,27,27,0,0,15,0,1,1,0,8,6,0,3,3,0,0,84,0,21,0,1,1,92,1,ai_farm
676,13020,1,Normal,28,4,4,4,0,27,27,0,0,20,0,1,1,0,10,0,0,3,3,0,0,112,0,19,0,1,1,120,1,ai_farm
676,13020,1,Normal,26,2,2,2,0,27,27,0,0,10,0,1,1,0,4,2,0,3,3,0,0,56,0,10,0,1,1,134,1,ai_farm
676,13020,1,Normal,36,4,4,4,0,27,35,0,2,20,0,1,2,0,7,2,0,3,3,0,0,112,0,16,0,1,1,144,1,ai_farm; +1 levelup
676,13020,2,Normal,26,3,3,3,0,35,35,2,2,15,0,2,2,0,3,3,0,0,0,0,0,84,0,15,0,1,1,144,1,
676,13020,3,Normal,25,2,2,2,0,35,35,2,2,24,0,2,2,0,5,3,0,1,3,0,0,120,32,14,0,1,1,156,1,
677,13021,1,Normal,31,3,3,3,0,27,27,0,0,15,0,1,1,0,8,6,0,3,3,0,0,84,12,19,0,1,1,22,1,floor1_town
677,13021,1,Normal,36,3,3,3,0,27,27,0,0,15,0,1,1,0,5,0,0,3,3,0,0,84,0,11,0,1,1,43,1,ai_farm
677,13021,1,Normal,39,5,5,5,0,27,27,0,0,25,0,1,1,0,13,4,0,3,3,0,0,140,2,30,0,1,1,78,1,ai_farm
677,13021,1,Normal,33,4,4,4,0,27,27,0,0,20,0,1,1,0,12,6,0,3,3,0,0,112,14,27,0,1,1,106,1,ai_farm
677,13021,1,Normal,25,3,3,3,0,27,27,0,0,15,0,1,1,0,7,3,0,3,3,0,0,84,22,16,0,1,1,127,1,ai_farm
677,13021,1,Normal,39,4,4,4,0,27,36,0,2,20,0,1,2,0,10,3,0,3,3,0,0,112,0,23,0,1,1,143,1,ai_farm; +1 levelup
677,13021,2,Normal,37,3,3,3,0,36,25,2,2,15,0,2,2,0,3,3,0,0,0,0,0,84,11,13,0,1,1,143,1,
677,13021,3,Normal,21,4,4,3,0,25,0,2,2,36,0,2,2,1,10,5,0,0,0,0,0,218,39,25,1,0,0,167,1,party wiped
678,13022,1,Normal,36,5,5,5,0,27,27,0,0,25,0,1,1,2,12,6,0,3,3,0,0,140,0,27,0,1,1,36,1,floor1_town
678,13022,1,Normal,28,3,3,3,0,27,27,0,0,15,0,1,1,0,8,1,0,3,3,0,0,84,0,14,0,1,1,57,1,ai_farm
678,13022,1,Normal,14,1,1,0,0,27,0,0,0,0,0,1,1,0,3,3,0,0,0,0,0,9,27,8,1,0,0,63,1,ai_farm; party wiped
679,13023,1,Normal,25,1,1,1,0,27,27,0,0,5,0,1,1,0,3,1,0,3,3,0,0,28,0,5,0,1,1,8,1,floor1_town
679,13023,1,Normal,30,3,3,3,0,27,27,0,0,15,0,1,1,0,7,1,0,3,3,0,0,84,0,13,0,1,1,29,1,ai_farm
679,13023,1,Normal,32,4,4,4,0,27,27,0,0,20,0,1,1,0,10,9,0,3,3,0,0,112,18,30,0,1,1,57,1,ai_farm
679,13023,1,Normal,30,3,3,3,0,27,27,0,0,15,0,1,1,0,8,0,0,3,3,0,0,84,0,12,0,1,1,78,1,ai_farm
679,13023,1,Normal,32,4,4,4,0,27,27,0,0,20,0,1,1,0,11,3,0,3,3,0,0,112,12,25,0,1,1,106,1,ai_farm
679,13023,1,Normal,28,4,4,4,0,27,27,0,0,20,0,1,1,0,11,3,0,3,3,0,0,112,2,19,0,1,1,134,1,ai_farm
679,13023,1,Normal,30,2,2,2,0,27,36,0,2,10,0,1,2,0,5,3,0,3,3,0,0,56,0,14,0,1,1,142,1,ai_farm; +1 levelup
679,13023,2,Normal,34,2,2,2,0,36,36,2,2,10,0,2,2,1,3,3,0,0,0,0,0,56,0,13,0,1,1,142,1,
679,13023,3,Normal,27,4,4,4,0,36,4,2,2,48,0,2,2,1,12,9,0,0,0,0,0,240,51,35,0,1,1,166,1,
680,13024,1,Normal,29,2,2,2,0,27,27,0,0,10,0,1,1,1,4,0,1,3,3,0,0,56,0,9,0,1,1,15,1,floor1_town
680,13024,1,Normal,34,5,5,5,0,27,27,0,0,25,0,1,1,1,13,3,0,3,3,0,0,140,2,27,0,1,1,50,1,ai_farm
680,13024,1,Normal,35,4,4,4,0,27,27,0,0,20,0,1,1,0,10,2,0,3,3,0,0,112,0,21,0,1,1,78,1,ai_farm
680,13024,1,Normal,38,4,4,4,0,27,27,0,0,20,0,1,1,0,10,2,0,3,3,0,0,112,0,23,0,1,1,106,1,ai_farm
680,13024,1,Normal,27,2,2,2,0,27,27,0,0,10,0,1,1,0,6,4,0,3,3,0,0,56,4,14,0,1,1,120,1,ai_farm
680,13024,1,Normal,36,3,3,3,0,27,34,0,3,15,0,1,2,0,8,1,0,3,3,0,0,84,2,16,0,1,1,141,1,ai_farm; +1 levelup
680,13024,2,Normal,27,4,4,3,0,34,0,3,3,15,0,2,2,1,3,3,0,0,0,0,0,110,34,15,1,0,0,141,1,party wiped
681,13025,1,Normal,34,4,4,4,0,27,27,0,0,20,0,1,1,0,11,4,0,3,3,0,0,112,0,22,0,1,1,29,1,floor1_town
681,13025,1,Normal,39,4,4,4,0,27,27,0,0,20,0,1,1,0,9,6,0,3,3,0,0,112,21,24,0,1,1,57,1,ai_farm
681,13025,1,Normal,27,4,4,4,0,27,27,0,0,20,0,1,1,0,11,3,0,3,3,0,0,112,4,24,0,1,1,85,1,ai_farm
681,13025,1,Normal,29,3,3,3,0,27,27,0,0,15,0,1,1,0,7,2,0,3,3,0,0,84,0,12,0,1,1,106,1,ai_farm
681,13025,1,Normal,34,4,4,4,0,27,27,0,0,20,0,1,1,0,12,6,0,3,3,0,0,112,0,27,0,1,1,134,1,ai_farm
681,13025,1,Normal,28,3,3,3,0,27,34,0,1,15,0,1,2,0,5,3,0,3,3,0,0,84,0,16,0,1,1,143,1,ai_farm; +1 levelup
681,13025,2,Normal,34,2,2,2,0,34,34,1,1,10,0,2,2,0,3,3,0,0,0,0,0,56,0,9,0,1,1,143,1,
681,13025,3,Normal,12,3,3,2,0,34,0,1,1,24,0,2,2,1,9,6,0,0,0,0,0,171,34,21,1,0,0,161,1,party wiped
682,13026,1,Normal,39,6,6,6,0,27,27,0,0,30,0,1,1,2,12,1,0,3,3,0,0,168,0,29,0,1,1,43,1,floor1_town
682,13026,1,Normal,37,1,1,0,0,27,0,0,0,0,0,1,1,0,3,3,0,0,0,0,0,27,27,9,1,0,0,49,1,ai_farm; party wiped
683,13027,1,Normal,27,4,4,4,0,27,27,0,0,20,0,1,1,1,9,5,0,3,3,0,0,112,0,23,0,1,1,29,1,floor1_town
683,13027,1,Normal,35,4,4,4,0,27,27,0,0,20,0,1,1,0,12,3,0,3,3,0,0,112,0,26,0,1,1,57,1,ai_farm
683,13027,1,Normal,25,5,5,5,0,27,27,0,0,25,0,1,1,0,11,3,0,3,3,0,0,140,0,22,0,1,1,92,1,ai_farm
683,13027,1,Normal,30,4,4,4,0,27,27,0,0,20,0,1,1,0,10,4,0,3,3,0,0,112,20,22,0,1,1,120,1,ai_farm
683,13027,1,Normal,34,4,4,4,0,27,34,0,2,20,0,1,2,0,8,1,0,3,3,0,0,112,9,16,0,1,1,142,1,ai_farm; +1 levelup
683,13027,2,Normal,30,3,3,3,0,34,34,2,2,15,0,2,2,0,3,1,1,0,2,0,0,84,0,7,0,1,1,142,1,
683,13027,3,Normal,34,3,3,3,0,34,34,2,2,36,0,2,2,2,9,5,0,0,3,0,0,180,8,23,0,1,1,160,1,
684,13028,1,Normal,32,3,3,3,0,27,27,0,0,15,0,1,1,2,8,2,0,3,3,0,0,84,2,17,0,1,1,22,1,floor1_town
684,13028,1,Normal,30,4,4,4,0,27,27,0,0,20,0,1,1,0,10,2,0,3,3,0,0,112,0,18,0,1,1,50,1,ai_farm
684,13028,1,Normal,21,4,4,3,0,27,0,0,0,15,0,1,1,0,10,6,0,0,0,0,0,102,29,26,1,0,0,77,1,ai_farm; party wiped
685,13029,1,Normal,37,3,3,3,0,27,27,0,0,15,0,1,1,1,7,3,0,3,3,0,0,84,0,17,0,1,1,22,1,floor1_town
685,13029,1,Normal,33,2,2,2,0,27,27,0,0,10,0,1,1,0,6,5,0,3,3,0,0,56,2,15,0,1,1,36,1,ai_farm
685,13029,1,Normal,30,4,4,4,0,27,27,0,0,20,0,1,1,0,11,8,0,3,3,0,0,112,12,27,0,1,1,64,1,ai_farm
685,13029,1,Normal,33,4,4,4,0,27,27,0,0,20,0,1,1,0,11,7,0,3,3,0,0,112,2,26,0,1,1,92,1,ai_farm
685,13029,1,Normal,38,5,5,5,0,27,27,0,0,25,0,1,1,0,15,9,0,3,3,0,0,140,12,32,0,1,1,127,1,ai_farm
685,13029,1,Normal,32,4,4,4,0,27,36,0,2,20,0,1,2,0,7,4,0,3,3,0,0,112,0,18,0,1,1,143,1,ai_farm; +1 levelup
685,13029,2,Normal,38,2,2,2,0,36,36,2,2,10,0,2,2,0,3,2,2,0,1,0,0,56,0,8,0,1,1,143,1,
685,13029,3,Normal,18,1,1,0,0,36,0,2,2,0,0,2,2,1,3,3,2,0,0,0,0,34,36,9,1,0,0,149,1,party wiped
686,13030,1,Normal,25,4,4,4,0,27,27,0,0,20,0,1,1,2,10,3,0,3,3,0,0,112,2,20,0,1,1,29,1,floor1_town
686,13030,1,Normal,28,3,3,3,0,27,27,0,0,15,0,1,1,0,6,3,0,3,3,0,0,84,0,15,0,1,1,50,1,ai_farm
686,13030,1,Normal,35,2,2,2,0,27,27,0,0,10,0,1,1,0,4,0,0,3,3,0,0,56,0,7,0,1,1,64,1,ai_farm
686,13030,1,Normal,39,5,5,5,0,27,27,0,0,25,0,1,1,0,12,2,0,3,3,0,0,140,4,21,0,1,1,99,1,ai_farm
686,13030,1,Normal,38,5,5,5,0,27,27,0,0,25,0,1,1,0,15,7,0,3,3,0,0,140,16,31,0,1,1,134,1,ai_farm
686,13030,1,Normal,26,2,2,2,0,27,34,0,2,10,0,1,2,0,5,0,0,3,3,0,0,56,0,9,0,1,1,142,1,ai_farm; +1 levelup
686,13030,2,Normal,28,5,5,5,0,34,34,2,2,25,0,2,2,0,6,3,0,0,3,0,0,140,22,20,0,1,1,143,1,
686,13030,3,Normal,39,3,3,3,0,34,34,2,2,36,0,2,2,1,9,5,1,0,1,0,0,180,0,27,0,1,1,161,1,
687,13031,1,Normal,30,2,2,2,0,27,27,0,0,10,0,1,1,1,6,0,0,3,3,0,0,56,0,9,0,1,1,15,1,floor1_town
687,13031,1,Normal,32,4,4,4,0,27,27,0,0,20,0,1,1,0,9,1,0,3,3,0,0,112,2,15,0,1,1,43,1,ai_farm
687,13031,1,Normal,3,1,1,0,0,27,0,0,0,0,0,1,1,0,3,3,0,0,0,0,0,27,27,9,1,0,0,49,1,ai_farm; party wiped
688,13032,1,Normal,35,4,4,4,0,27,27,0,0,20,0,1,1,2,9,2,0,3,3,0,0,112,0,20,0,1,1,29,1,floor1_town
688,13032,1,Normal,37,6,6,6,0,27,27,0,0,30,0,1,1,0,14,3,0,3,3,0,0,168,0,32,0,1,1,71,1,ai_farm
688,13032,1,Normal,33,2,2,2,0,27,27,0,0,10,0,1,1,0,6,1,0,3,3,0,0,56,2,10,0,1,1,85,1,ai_farm
688,13032,1,Normal,35,4,4,4,0,27,27,0,0,20,0,1,1,0,12,7,0,3,3,0,0,112,12,28,0,1,1,113,1,ai_farm
688,13032,1,Normal,31,4,4,4,0,27,35,0,2,20,0,1,2,0,12,8,0,3,3,0,0,112,16,27,0,1,1,141,1,ai_farm; +1 levelup
688,13032,2,Normal,34,4,4,4,0,35,35,2,2,20,0,2,2,0,4,3,0,2,3,0,0,112,12,14,0,1,1,142,1,
688,13032,3,Normal,28,4,4,4,0,35,18,2,2,48,0,2,2,2,11,7,0,0,0,0,0,240,20,29,0,1,1,166,1,
689,13033,1,Normal,40,6,6,6,0,27,27,0,0,30,0,1,1,1,16,1,0,3,3,0,0,168,0,27,0,1,1,43,1,floor1_town
689,13033,1,Normal,37,4,4,4,0,27,27,0,0,20,0,1,1,0,9,4,0,3,3,0,0,112,2,18,0,1,1,71,1,ai_farm
689,13033,1,Normal,31,3,3,3,0,27,27,0,0,15,0,1,1,0,6,0,0,3,3,0,0,84,0,12,0,1,1,92,1,ai_farm
689,13033,1,Normal,38,5,5,5,0,27,27,0,0,25,0,1,1,0,10,1,0,3,3,0,0,140,0,23,0,1,1,127,1,ai_farm
689,13033,1,Normal,39,4,4,4,0,27,35,0,2,20,0,1,2,0,8,4,0,3,3,0,0,112,12,18,0,1,1,143,1,ai_farm; +1 levelup
689,13033,2,Normal,33,1,1,1,0,35,35,2,2,5,0,2,2,0,3,2,1,0,1,0,0,28,0,10,0,1,1,143,1,
689,13033,3,Normal,31,5,5,5,0,35,19,2,2,60,0,2,2,2,15,6,0,0,0,0,0,300,16,38,0,1,1,173,1,
690,13034,1,Normal,28,2,2,2,0,27,27,0,0,10,0,1,1,0,4,2,0,3,3,0,0,56,0,12,0,1,1,15,1,floor1_town
690,13034,1,Normal,29,3,3,3,0,27,27,0,0,15,0,1,1,0,7,0,0,3,3,0,0,84,0,16,0,1,1,36,1,ai_farm
690,13034,1,Normal,36,3,3,3,0,27,27,0,0,15,0,1,1,0,4,0,0,3,3,0,0,84,0,11,0,1,1,57,1,ai_farm
690,13034,1,Normal,31,1,1,1,0,27,27,0,0,5,0,1,1,0,2,0,0,3,3,0,0,28,0,6,0,1,1,64,1,ai_farm
690,13034,1,Normal,26,2,2,2,0,27,27,0,0,10,0,1,1,0,6,1,0,3,3,0,0,56,0,10,0,1,1,78,1,ai_farm
690,13034,1,Normal,31,3,3,3,0,27,27,0,0,15,0,1,1,0,9,4,0,3,3,0,0,84,0,17,0,1,1,99,1,ai_farm
690,13034,1,Normal,38,4,4,4,0,27,27,0,0,20,0,1,1,0,9,5,0,3,3,0,0,112,14,21,0,1,1,127,1,ai_farm
690,13034,1,Normal,27,3,3,3,0,27,35,0,3,15,0,1,2,0,7,2,0,3,3,0,0,84,2,16,0,1,1,142,1,ai_farm; +1 levelup
690,13034,2,Normal,26,1,1,1,0,35,35,3,3,5,0,2,2,0,1,0,1,2,3,0,0,28,0,2,0,1,1,142,1,
690,13034,3,Normal,11,2,2,1,0,35,0,3,3,12,0,2,2,1,6,4,0,0,0,0,0,111,35,16,1,0,0,154,1,party wiped
691,13035,1,Normal,33,3,3,3,0,27,27,0,0,15,0,1,1,1,8,4,0,3,3,0,0,84,0,21,0,1,1,22,1,floor1_town
691,13035,1,Normal,32,3,3,3,0,27,27,0,0,15,0,1,1,0,8,1,0,3,3,0,0,84,0,13,0,1,1,43,1,ai_farm
691,13035,1,Normal,31,4,4,4,0,27,27,0,0,20,0,1,1,0,10,3,0,3,3,0,0,112,0,20,0,1,1,71,1,ai_farm
691,13035,1,Normal,27,4,4,4,0,27,27,0,0,20,0,1,1,0,10,5,0,3,3,0,0,112,6,23,0,1,1,99,1,ai_farm
691,13035,1,Normal,31,4,4,4,0,27,27,0,0,20,0,1,1,0,6,3,0,3,3,0,0,112,0,15,0,1,1,127,1,ai_farm
691,13035,1,Normal,32,3,3,3,0,27,34,0,2,15,0,1,2,0,7,1,0,3,3,0,0,84,0,14,0,1,1,142,1,ai_farm; +1 levelup
691,13035,2,Normal,28,4,4,4,0,34,23,2,2,20,0,2,2,0,3,3,1,0,0,0,0,112,11,13,0,1,1,142,1,
691,13035,3,Normal,39,3,3,3,0,23,34,2,2,36,0,2,2,3,9,6,0,0,3,0,0,180,0,25,0,1,1,160,1,
692,13036,1,Normal,38,5,5,5,0,27,27,0,0,25,0,1,1,0,14,9,0,3,3,0,0,140,16,32,0,1,1,36,1,floor1_town
692,13036,1,Normal,36,5,5,5,0,27,27,0,0,25,0,1,1,0,12,0,0,3,3,0,0,140,0,22,0,1,1,71,1,ai_farm
692,13036,1,Normal,12,2,2,1,0,27,0,0,0,5,0,1,1,0,5,3,0,0,0,0,0,51,27,13,1,0,0,84,1,ai_farm; party wiped
693,13037,1,Normal,18,2,2,1,0,27,0,0,0,5,0,1,1,1,5,3,0,0,0,0,0,51,27,13,1,0,0,14,1,floor1_town; party wiped
694,13038,1,Normal,25,3,3,2,0,27,0,0,0,10,0,1,1,0,9,6,0,0,0,0,0,83,27,21,1,0,0,21,1,floor1_town; party wiped
695,13039,1,Normal,36,5,5,5,0,27,27,0,0,25,0,1,1,1,15,6,0,3,3,0,0,140,18,35,0,1,1,36,1,floor1_town
695,13039,1,Normal,39,3,3,3,0,27,27,0,0,15,0,1,1,0,8,0,0,3,3,0,0,84,0,12,0,1,1,57,1,ai_farm
695,13039,1,Normal,30,5,5,5,0,27,27,0,0,25,0,1,1,0,13,2,0,3,3,0,0,140,0,23,0,1,1,92,1,ai_farm
695,13039,1,Normal,27,2,2,2,0,27,27,0,0,10,0,1,1,0,5,1,0,3,3,0,0,56,2,10,0,1,1,106,1,ai_farm
695,13039,1,Normal,26,5,5,5,0,27,34,0,1,25,0,1,2,0,13,4,0,3,3,0,0,140,14,28,0,1,1,141,1,ai_farm; +1 levelup
695,13039,2,Normal,29,3,3,3,0,34,23,1,1,15,0,2,2,0,3,3,1,0,0,0,0,84,11,11,0,1,1,141,1,
695,13039,3,Normal,25,3,3,3,0,23,34,1,1,36,0,2,2,3,9,8,0,0,0,0,0,180,0,25,0,1,1,159,1,
696,13040,1,Normal,40,4,4,4,0,27,27,0,0,20,0,1,1,0,8,0,0,3,3,0,0,112,0,16,0,1,1,29,1,floor1_town
696,13040,1,Normal,36,4,4,4,0,27,27,0,0,20,0,1,1,0,10,5,0,3,3,0,0,112,0,22,0,1,1,57,1,ai_farm
696,13040,1,Normal,34,4,4,4,0,27,27,0,0,20,0,1,1,0,12,6,0,3,3,0,0,112,0,27,0,1,1,85,1,ai_farm
696,13040,1,Normal,34,3,3,3,0,27,27,0,0,15,0,1,1,0,7,2,0,3,3,0,0,84,4,12,0,1,1,106,1,ai_farm
696,13040,1,Normal,38,3,3,3,0,27,27,0,0,15,0,1,1,0,6,1,0,3,3,0,0,84,2,12,0,1,1,127,1,ai_farm
696,13040,1,Normal,32,1,1,1,0,27,27,0,0,5,0,1,1,0,3,3,0,3,3,0,0,28,12,8,0,1,1,134,1,ai_farm
696,13040,1,Normal,38,6,6,6,0,27,35,0,2,30,0,1,2,0,13,2,0,3,3,0,0,168,0,25,0,1,1,146,1,ai_farm; +1 levelup
696,13040,2,Normal,28,2,2,2,0,35,21,2,2,10,0,2,2,1,3,3,1,0,0,0,0,56,14,12,0,1,1,146,1,
696,13040,3,Normal,39,3,3,3,0,21,32,2,2,36,0,2,2,3,8,5,0,0,1,0,0,180,3,20,0,1,1,164,1,
697,13041,1,Normal,29,4,4,4,0,27,27,0,0,20,0,1,1,2,10,6,0,3,3,0,0,112,9,25,0,1,1,29,1,floor1_town
697,13041,1,Normal,40,2,2,2,0,27,27,0,0,10,0,1,1,0,6,2,0,3,3,0,0,56,2,11,0,1,1,43,1,ai_farm
697,13041,1,Normal,3,1,1,0,0,27,0,0,0,0,0,1,1,0,3,3,0,0,0,0,0,27,27,10,1,0,0,49,1,ai_farm; party wiped
698,13042,1,Normal,34,4,4,4,0,27,27,0,0,20,0,1,1,0,10,3,0,3,3,0,0,112,0,19,0,1,1,29,1,floor1_town
698,13042,1,Normal,36,3,3,3,0,27,27,0,0,15,0,1,1,0,7,1,0,3,3,0,0,84,2,13,0,1,1,50,1,ai_farm
698,13042,1,Normal,28,1,1,1,0,27,27,0,0,5,0,1,1,0,3,2,0,3,3,0,0,28,0,6,0,1,1,57,1,ai_farm
698,13042,1,Normal,35,3,3,3,0,27,27,0,0,15,0,1,1,0,8,4,0,3,3,0,0,84,2,18,0,1,1,78,1,ai_farm
698,13042,1,Normal,38,4,4,4,0,27,27,0,0,20,0,1,1,0,8,1,0,3,3,0,0,112,0,16,0,1,1,106,1,ai_farm
698,13042,1,Normal,31,5,5,5,0,27,34,0,2,25,0,1,2,0,14,2,0,3,3,0,0,140,2,23,0,1,1,141,1,ai_farm; +1 levelup
698,13042,2,Normal,28,4,4,4,0,34,34,2,2,20,0,2,2,1,5,3,0,1,3,0,0,112,22,19,0,1,1,142,1,
698,13042,3,Normal,3,1,1,0,0,34,0,2,2,0,0,2,2,2,3,3,0,0,0,0,0,34,34,11,1,0,0,148,1,party wiped
699,13043,1,Normal,39,4,4,4,0,27,27,0,0,20,0,1,1,2,9,3,0,3,3,0,0,112,0,22,0,1,1,29,1,floor1_town
699,13043,1,Normal,25,3,3,3,0,27,27,0,0,15,0,1,1,0,8,5,0,3,3,0,0,84,0,19,0,1,1,50,1,ai_farm
699,13043,1,Normal,33,5,5,5,0,27,27,0,0,25,0,1,1,0,11,2,0,3,3,0,0,140,0,21,0,1,1,85,1,ai_farm
699,13043,1,Normal,33,3,3,3,0,27,27,0,0,15,0,1,1,0,6,0,0,3,3,0,0,84,0,13,0,1,1,106,1,ai_farm
699,13043,1,Normal,39,5,5,5,0,27,35,0,2,25,0,1,2,0,10,1,0,3,3,0,0,140,0,20,0,1,1,141,1,ai_farm; +1 levelup
699,13043,2,Normal,33,3,3,3,0,35,35,2,2,15,0,2,2,0,3,1,2,0,2,0,0,84,0,10,0,1,1,141,1,
699,13043,3,Normal,6,2,2,1,0,35,0,2,2,12,0,2,2,1,4,3,3,0,0,0,0,113,35,14,1,0,0,153,1,party wiped
700,13044,1,Normal,27,2,2,2,0,27,27,0,0,10,0,1,1,0,4,0,0,3,3,0,0,56,0,6,0,1,1,15,1,floor1_town
700,13044,1,Normal,40,6,6,6,0,27,27,0,0,30,0,1,1,0,14,3,0,3,3,0,0,168,0,26,0,1,1,57,1,ai_farm
700,13044,1,Normal,33,3,3,3,0,27,27,0,0,15,0,1,1,0,9,4,0,3,3,0,0,84,18,21,0,1,1,78,1,ai_farm
700,13044,1,Normal,34,3,3,3,0,27,27,0,0,15,0,1,1,0,6,2,0,3,3,0,0,84,2,16,0,1,1,99,1,ai_farm
700,13044,1,Normal,26,4,4,4,0,27,27,0,0,20,0,1,1,0,8,1,0,3,3,0,0,112,0,20,0,1,1,127,1,ai_farm
700,13044,1,Normal,33,4,4,4,0,27,34,0,2,20,0,1,2,0,11,3,0,3,3,0,0,112,0,21,0,1,1,143,1,ai_farm; +1 levelup
700,13044,2,Normal,38,4,4,4,0,34,34,2,2,20,0,2,2,0,6,5,2,0,1,0,0,112,16,16,0,1,1,144,1,
700,13044,3,Normal,26,5,5,5,0,34,26,2,2,60,0,2,2,3,14,5,0,0,1,0,0,300,8,33,0,1,1,174,1,
701,13045,1,Normal,32,3,3,3,0,27,27,0,0,15,0,1,1,2,6,0,0,3,3,0,0,84,0,13,0,1,1,22,1,floor1_town
701,13045,1,Normal,34,4,4,4,0,27,27,0,0,20,0,1,1,0,12,4,0,3,3,0,0,112,4,29,0,1,1,50,1,ai_farm
701,13045,1,Normal,26,2,2,2,0,27,27,0,0,10,0,1,1,0,5,1,0,3,3,0,0,56,0,8,0,1,1,64,1,ai_farm
701,13045,1,Normal,30,3,3,3,0,27,27,0,0,15,0,1,1,0,9,3,0,3,3,0,0,84,0,19,0,1,1,85,1,ai_farm
701,13045,1,Normal,36,4,4,4,0,27,27,0,0,20,0,1,1,0,10,2,0,3,3,0,0,112,0,19,0,1,1,113,1,ai_farm
701,13045,1,Normal,30,3,3,3,0,27,27,0,0,15,0,1,1,0,7,3,0,3,3,0,0,84,0,16,0,1,1,134,1,ai_farm
701,13045,1,Normal,40,3,3,3,0,27,35,0,1,15,0,1,2,0,8,2,0,3,3,0,0,84,9,16,0,1,1,143,1,ai_farm; +1 levelup
701,13045,2,Normal,27,2,2,2,0,35,35,1,1,10,0,2,2,0,4,0,0,2,3,0,0,56,9,8,0,1,1,144,1,
701,13045,3,Normal,27,4,4,4,0,35,32,1,1,48,0,2,2,2,12,1,0,0,2,0,0,240,3,23,0,1,1,168,1,
702,13046,1,Normal,37,4,4,4,0,27,27,0,0,20,0,1,1,0,11,4,0,3,3,0,0,112,14,23,0,1,1,29,1,floor1_town
702,13046,1,Normal,30,5,5,5,0,27,27,0,0,25,0,1,1,0,12,2,0,3,3,0,0,140,0,23,0,1,1,64,1,ai_farm
702,13046,1,Normal,40,4,4,4,0,27,27,0,0,20,0,1,1,0,9,3,0,3,3,0,0,112,0,19,0,1,1,92,1,ai_farm
702,13046,1,Normal,38,4,4,4,0,27,27,0,0,20,0,1,1,0,9,3,0,3,3,0,0,112,11,20,0,1,1,120,1,ai_farm
702,13046,1,Normal,10,1,1,0,0,27,0,0,0,0,0,1,1,0,3,3,0,0,0,0,0,27,27,11,1,0,0,126,1,ai_farm; party wiped
703,13047,1,Normal,25,3,3,3,0,27,27,0,0,15,0,1,1,2,6,3,0,3,3,0,0,84,12,17,0,1,1,22,1,floor1_town
703,13047,1,Normal,29,4,4,4,0,27,27,0,0,20,0,1,1,0,10,3,0,3,3,0,0,112,2,19,0,1,1,50,1,ai_farm
703,13047,1,Normal,35,3,3,3,0,27,27,0,0,15,0,1,1,0,7,2,0,3,3,0,0,84,0,12,0,1,1,71,1,ai_farm
703,13047,1,Normal,37,5,5,5,0,27,27,0,0,25,0,1,1,0,13,5,0,3,3,0,0,140,12,31,0,1,1,106,1,ai_farm
703,13047,1,Normal,26,4,4,4,0,27,27,0,0,20,0,1,1,0,6,0,0,3,3,0,0,112,0,13,0,1,1,134,1,ai_farm
703,13047,1,Normal,36,4,4,4,0,27,36,0,2,20,0,1,2,0,7,1,0,3,3,0,0,112,0,18,0,1,1,144,1,ai_farm; +1 levelup
703,13047,2,Normal,40,4,4,4,0,36,25,2,2,20,0,2,2,0,6,6,0,0,0,0,0,112,33,24,0,1,1,145,1,
703,13047,3,Normal,28,3,3,3,0,25,36,2,2,36,0,2,2,0,9,2,0,0,3,0,0,180,0,22,0,1,1,163,1,
704,13048,1,Normal,30,4,4,4,0,27,27,0,0,20,0,1,1,0,9,3,0,3,3,0,0,112,21,23,0,1,1,29,1,floor1_town
704,13048,1,Normal,12,3,3,2,0,27,0,0,0,10,0,1,1,0,9,6,0,0,0,0,0,72,27,21,1,0,0,49,1,ai_farm; party wiped
705,13049,1,Normal,25,3,3,2,0,27,0,0,0,10,0,1,1,2,5,3,0,0,0,0,0,83,27,17,1,0,0,21,1,floor1_town; party wiped
706,13050,1,Normal,39,4,4,4,0,27,27,0,0,20,0,1,1,1,11,1,0,3,3,0,0,112,0,22,0,1,1,29,1,floor1_town
706,13050,1,Normal,40,7,7,7,0,27,27,0,0,35,0,1,1,0,18,6,0,3,3,0,0,196,21,44,0,1,1,78,1,ai_farm
706,13050,1,Normal,31,4,4,4,0,27,27,0,0,20,0,1,1,0,11,3,0,3,3,0,0,112,2,23,0,1,1,106,1,ai_farm
706,13050,1,Normal,36,2,2,2,0,27,27,0,0,10,0,1,1,0,6,1,0,3,3,0,0,56,0,11,0,1,1,120,1,ai_farm
706,13050,1,Normal,34,3,3,3,0,27,35,0,2,15,0,1,2,0,9,4,0,3,3,0,0,84,2,18,0,1,1,141,1,ai_farm; +1 levelup
706,13050,2,Normal,25,3,3,3,0,35,35,2,2,15,0,2,2,0,3,3,0,0,0,0,0,84,0,12,0,1,1,141,1,
706,13050,3,Normal,25,4,4,4,0,35,32,2,2,48,0,2,2,1,11,6,0,0,2,0,0,240,35,28,0,1,1,165,1,
707,13051,1,Normal,28,1,1,1,0,27,27,0,0,5,0,1,1,2,1,0,0,3,3,0,0,28,0,7,0,1,1,8,1,floor1_town
707,13051,1,Normal,39,4,4,4,0,27,27,0,0,20,0,1,1,0,8,0,0,3,3,0,0,112,0,16,0,1,1,36,1,ai_farm
707,13051,1,Normal,37,7,7,7,0,27,27,0,0,35,0,1,1,0,16,2,0,3,3,0,0,196,2,32,0,1,1,85,1,ai_farm
707,13051,1,Normal,32,2,2,2,0,27,27,0,0,10,0,1,1,0,4,1,0,3,3,0,0,56,0,8,0,1,1,99,1,ai_farm
707,13051,1,Normal,29,3,3,3,0,27,27,0,0,15,0,1,1,0,9,1,0,3,3,0,0,84,2,15,0,1,1,120,1,ai_farm
707,13051,1,Normal,39,5,5,5,0,27,35,0,1,25,0,1,2,0,12,7,0,3,3,0,0,140,4,27,0,1,1,143,1,ai_farm; +1 levelup
707,13051,2,Normal,29,5,5,5,0,35,27,1,1,25,0,2,2,1,8,0,1,0,3,0,0,140,24,20,0,1,1,145,1,
707,13051,3,Normal,28,4,4,4,0,27,35,1,1,48,0,2,2,3,11,5,0,0,2,0,0,240,16,26,0,1,1,169,1,
708,13052,1,Normal,33,5,5,5,0,27,27,0,0,25,0,1,1,0,12,1,1,3,3,0,0,140,0,19,0,1,1,36,1,floor1_town
708,13052,1,Normal,34,3,3,3,0,27,27,0,0,15,0,1,1,1,9,5,0,3,3,0,0,84,12,20,0,1,1,57,1,ai_farm
708,13052,1,Normal,25,3,3,3,0,27,27,0,0,15,0,1,1,0,8,3,0,3,3,0,0,84,0,15,0,1,1,78,1,ai_farm
708,13052,1,Normal,38,2,2,2,0,27,27,0,0,10,0,1,1,0,5,0,0,3,3,0,0,56,0,9,0,1,1,92,1,ai_farm
708,13052,1,Normal,29,3,3,3,0,27,27,0,0,15,0,1,1,0,7,0,0,3,3,0,0,84,0,13,0,1,1,113,1,ai_farm
708,13052,1,Normal,26,3,3,3,0,27,27,0,0,15,0,1,1,0,9,1,0,3,3,0,0,84,0,17,0,1,1,134,1,ai_farm
708,13052,1,Normal,27,4,4,4,0,27,35,0,3,20,0,1,2,0,12,5,0,3,3,0,0,112,14,23,0,1,1,144,1,ai_farm; +1 levelup
708,13052,2,Normal,40,5,5,5,0,35,35,3,3,25,0,2,2,1,4,3,0,2,3,0,0,140,30,26,0,1,1,145,1,
708,13052,3,Normal,37,4,4,4,0,35,35,3,3,48,0,2,2,1,12,2,0,0,3,0,0,240,0,20,0,1,1,169,1,
709,13053,1,Normal,37,3,3,3,0,27,27,0,0,15,0,1,1,1,8,0,1,3,3,0,0,84,0,13,0,1,1,22,1,floor1_town
709,13053,1,Normal,27,5,5,5,0,27,27,0,0,25,0,1,1,1,11,2,0,3,3,0,0,140,2,29,0,1,1,57,1,ai_farm
709,13053,1,Normal,34,3,3,3,0,27,27,0,0,15,0,1,1,0,7,4,0,3,3,0,0,84,2,17,0,1,1,78,1,ai_farm
709,13053,1,Normal,29,3,3,3,0,27,27,0,0,15,0,1,1,0,5,0,0,3,3,0,0,84,0,12,0,1,1,99,1,ai_farm
709,13053,1,Normal,26,3,3,3,0,27,27,0,0,15,0,1,1,0,9,3,0,3,3,0,0,84,4,18,0,1,1,120,1,ai_farm
709,13053,1,Normal,33,3,3,3,0,27,35,0,1,15,0,1,2,0,8,4,0,3,3,0,0,84,0,17,0,1,1,141,1,ai_farm; +1 levelup
709,13053,2,Normal,34,4,4,4,0,35,35,1,1,20,0,2,2,0,3,1,0,0,2,0,0,112,0,12,0,1,1,141,1,
709,13053,3,Normal,2,1,1,0,0,35,0,1,1,0,0,2,2,0,3,3,0,0,0,0,0,53,35,8,1,0,0,147,1,party wiped
710,13054,1,Normal,26,2,2,2,0,27,27,0,0,10,0,1,1,1,3,0,0,3,3,0,0,56,0,7,0,1,1,15,1,floor1_town
710,13054,1,Normal,39,2,2,2,0,27,27,0,0,10,0,1,1,0,3,0,0,3,3,0,0,56,0,5,0,1,1,29,1,ai_farm
710,13054,1,Normal,37,5,5,5,0,27,27,0,0,25,0,1,1,0,13,5,0,3,3,0,0,140,4,24,0,1,1,64,1,ai_farm
710,13054,1,Normal,32,3,3,3,0,27,27,0,0,15,0,1,1,0,8,3,0,3,3,0,0,84,2,18,0,1,1,85,1,ai_farm
710,13054,1,Normal,38,5,5,5,0,27,27,0,0,25,0,1,1,0,14,6,0,3,3,0,0,140,0,27,0,1,1,120,1,ai_farm
710,13054,1,Normal,31,3,3,2,0,27,0,0,0,10,0,1,1,0,7,5,0,0,0,0,0,79,27,18,1,0,0,140,1,ai_farm; party wiped
711,13055,1,Normal,31,3,3,3,0,27,27,0,0,15,0,1,1,2,7,0,0,3,3,0,0,84,0,14,0,1,1,22,1,floor1_town
711,13055,1,Normal,29,3,3,3,0,27,27,0,0,15,0,1,1,0,8,1,0,3,3,0,0,84,0,13,0,1,1,43,1,ai_farm
711,13055,1,Normal,36,3,3,3,0,27,27,0,0,15,0,1,1,0,7,6,0,3,3,0,0,84,12,19,0,1,1,64,1,ai_farm
711,13055,1,Normal,40,5,5,5,0,27,27,0,0,25,0,1,1,0,14,3,0,3,3,0,0,140,0,27,0,1,1,99,1,ai_farm
711,13055,1,Normal,33,3,3,3,0,27,27,0,0,15,0,1,1,0,5,0,0,3,3,0,0,84,0,11,0,1,1,120,1,ai_farm
711,13055,1,Normal,32,4,4,4,0,27,35,0,2,20,0,1,2,0,10,5,0,3,3,0,0,112,2,22,0,1,1,142,1,ai_farm; +1 levelup
711,13055,2,Normal,37,2,2,2,0,35,35,2,2,10,0,2,2,0,3,0,1,0,3,0,0,56,0,6,0,1,1,142,1,
711,13055,3,Normal,36,4,4,4,0,35,19,2,2,48,0,2,2,1,10,3,0,0,0,0,0,240,16,21,0,1,1,166,1,
712,13056,1,Normal,36,4,4,4,0,27,27,0,0,20,0,1,1,1,11,0,0,3,3,0,0,112,0,20,0,1,1,29,1,floor1_town
712,13056,1,Normal,36,4,4,4,0,27,27,0,0,20,0,1,1,0,10,1,0,3,3,0,0,112,0,17,0,1,1,57,1,ai_farm
712,13056,1,Normal,37,4,4,4,0,27,27,0,0,20,0,1,1,0,12,3,0,3,3,0,0,112,0,21,0,1,1,85,1,ai_farm
712,13056,1,Normal,27,2,2,2,0,27,27,0,0,10,0,1,1,0,5,1,0,3,3,0,0,56,0,10,0,1,1,99,1,ai_farm
712,13056,1,Normal,27,1,1,1,0,27,27,0,0,5,0,1,1,0,3,1,0,3,3,0,0,28,2,6,0,1,1,106,1,ai_farm
712,13056,1,Normal,36,7,7,7,0,27,35,0,1,35,0,1,2,0,15,0,0,3,3,0,0,196,8,31,0,1,1,143,1,ai_farm; +1 levelup
712,13056,2,Normal,30,3,3,2,0,35,0,1,1,10,0,2,2,0,3,3,0,0,0,0,0,68,35,15,1,0,0,143,1,party wiped
713,13057,1,Normal,40,6,6,6,0,27,27,0,0,30,0,1,1,0,18,5,0,3,3,0,0,168,2,35,0,1,1,43,1,floor1_town
713,13057,1,Normal,39,4,4,4,0,27,27,0,0,20,0,1,1,0,11,3,0,3,3,0,0,112,0,24,0,1,1,71,1,ai_farm
713,13057,1,Normal,29,2,2,2,0,27,27,0,0,10,0,1,1,0,5,3,0,3,3,0,0,56,14,14,0,1,1,85,1,ai_farm
713,13057,1,Normal,33,2,2,2,0,27,27,0,0,10,0,1,1,0,5,3,0,3,3,0,0,56,2,12,0,1,1,99,1,ai_farm
713,13057,1,Normal,37,2,2,2,0,27,27,0,0,10,0,1,1,0,5,0,0,3,3,0,0,56,0,10,0,1,1,113,1,ai_farm
713,13057,1,Normal,36,4,4,4,0,27,36,0,3,20,0,1,2,0,10,5,0,3,3,0,0,112,12,22,0,1,1,141,1,ai_farm; +1 levelup
713,13057,2,Normal,30,2,2,2,0,36,36,3,3,10,0,2,2,0,3,2,1,0,1,0,0,56,0,8,0,1,1,141,1,
713,13057,3,Normal,27,5,5,4,0,36,0,3,3,48,0,2,2,3,14,7,0,0,0,0,0,255,45,33,1,0,0,171,1,party wiped
714,13058,1,Normal,29,2,2,2,0,27,27,0,0,10,0,1,1,1,6,4,0,3,3,0,0,56,4,17,0,1,1,15,1,floor1_town
714,13058,1,Normal,29,3,3,3,0,27,27,0,0,15,0,1,1,0,7,5,0,3,3,0,0,84,0,20,0,1,1,36,1,ai_farm
714,13058,1,Normal,38,3,3,3,0,27,27,0,0,15,0,1,1,0,8,3,0,3,3,0,0,84,0,19,0,1,1,57,1,ai_farm
714,13058,1,Normal,38,4,4,4,0,27,27,0,0,20,0,1,1,0,10,6,0,3,3,0,0,112,24,25,0,1,1,85,1,ai_farm
714,13058,1,Normal,28,3,3,3,0,27,27,0,0,15,0,1,1,0,8,5,0,3,3,0,0,84,2,18,0,1,1,106,1,ai_farm
714,13058,1,Normal,39,5,5,5,0,27,35,0,3,25,0,1,2,0,14,2,0,3,3,0,0,140,4,23,0,1,1,141,1,ai_farm; +1 levelup
714,13058,2,Normal,29,4,4,4,0,35,35,3,3,20,0,2,2,0,6,4,1,0,2,0,0,112,12,19,0,1,1,142,1,
714,13058,3,Normal,32,3,3,3,0,35,35,3,3,36,0,2,2,2,7,2,0,1,3,0,0,180,0,17,0,1,1,160,1,
715,13059,1,Normal,34,4,4,4,0,27,27,0,0,20,0,1,1,0,11,3,0,3,3,0,0,112,0,22,0,1,1,29,1,floor1_town
715,13059,1,Normal,34,4,4,4,0,27,27,0,0,20,0,1,1,0,11,2,0,3,3,0,0,112,2,19,0,1,1,57,1,ai_farm
715,13059,1,Normal,40,3,3,3,0,27,27,0,0,15,0,1,1,0,9,5,0,3,3,0,0,84,0,19,0,1,1,78,1,ai_farm
715,13059,1,Normal,27,2,2,2,0,27,27,0,0,10,0,1,1,0,2,0,0,3,3,0,0,56,0,6,0,1,1,92,1,ai_farm
715,13059,1,Normal,24,3,3,2,0,27,0,0,0,10,0,1,1,0,9,6,0,0,0,0,0,79,29,22,1,0,0,112,1,ai_farm; party wiped
716,13060,1,Normal,26,4,4,3,0,27,0,0,0,15,0,1,1,1,12,7,0,0,0,0,0,111,31,29,1,0,0,28,1,floor1_town; party wiped
717,13061,1,Normal,27,2,2,2,0,27,27,0,0,10,0,1,1,0,6,3,0,3,3,0,0,56,0,13,0,1,1,15,1,floor1_town
717,13061,1,Normal,25,1,1,1,0,27,27,0,0,5,0,1,1,0,3,2,0,3,3,0,0,28,4,7,0,1,1,22,1,ai_farm
717,13061,1,Normal,30,4,4,4,0,27,27,0,0,20,0,1,1,0,9,0,0,3,3,0,0,112,0,16,0,1,1,50,1,ai_farm
717,13061,1,Normal,38,6,6,5,0,27,0,0,0,25,0,1,1,0,14,6,0,0,0,0,0,156,45,38,1,0,0,91,1,ai_farm; party wiped
718,13062,1,Normal,32,4,4,4,0,27,27,0,0,20,0,1,1,1,11,0,0,3,3,0,0,112,0,21,0,1,1,29,1,floor1_town
718,13062,1,Normal,32,1,1,1,0,27,27,0,0,5,0,1,1,0,2,0,0,3,3,0,0,28,0,3,0,1,1,36,1,ai_farm
718,13062,1,Normal,30,5,5,5,0,27,27,0,0,25,0,1,1,0,12,0,0,3,3,0,0,140,0,18,0,1,1,71,1,ai_farm
718,13062,1,Normal,37,3,3,3,0,27,27,0,0,15,0,1,1,0,8,0,0,3,3,0,0,84,0,18,0,1,1,92,1,ai_farm
718,13062,1,Normal,28,3,3,3,0,27,27,0,0,15,0,1,1,0,6,3,0,3,3,0,0,84,4,18,0,1,1,113,1,ai_farm
718,13062,1,Normal,31,3,3,3,0,27,27,0,0,15,0,1,1,0,9,2,0,3,3,0,0,84,0,21,0,1,1,134,1,ai_farm
718,13062,1,Normal,39,5,5,5,0,27,34,0,2,25,0,1,2,0,11,1,0,3,3,0,0,140,0,24,0,1,1,145,1,ai_farm; +1 levelup
718,13062,2,Normal,30,1,1,1,0,34,34,2,2,5,0,2,2,0,0,0,1,3,3,0,0,28,0,2,0,1,1,145,1,
718,13062,3,Normal,26,3,3,3,0,34,30,2,2,36,0,2,2,1,8,3,0,0,2,0,0,180,4,17,0,1,1,163,1,
719,13063,1,Normal,36,4,4,4,0,27,27,0,0,20,0,1,1,0,10,3,0,3,3,0,0,112,0,22,0,1,1,29,1,floor1_town
719,13063,1,Normal,25,5,5,5,0,27,27,0,0,25,0,1,1,0,13,7,0,3,3,0,0,140,2,29,0,1,1,64,1,ai_farm
719,13063,1,Normal,35,3,3,2,0,27,0,0,0,10,0,1,1,0,8,4,0,0,0,0,0,83,27,20,1,0,0,84,1,ai_farm; party wiped
720,13064,1,Normal,25,3,3,3,0,27,27,0,0,15,0,1,1,2,8,0,0,3,3,0,0,84,0,17,0,1,1,22,1,floor1_town
720,13064,1,Normal,39,4,4,4,0,27,27,0,0,20,0,1,1,0,7,3,0,3,3,0,0,112,18,21,0,1,1,50,1,ai_farm
720,13064,1,Normal,25,3,3,3,0,27,27,0,0,15,0,1,1,0,9,4,0,3,3,0,0,84,6,19,0,1,1,71,1,ai_farm
720,13064,1,Normal,32,3,3,3,0,27,27,0,0,15,0,1,1,0,7,2,0,3,3,0,0,84,2,16,0,1,1,92,1,ai_farm
720,13064,1,Normal,23,4,4,3,0,27,0,0,0,15,0,1,1,0,11,5,0,0,0,0,0,111,29,26,1,0,0,119,1,ai_farm; party wiped
721,13065,1,Normal,30,4,4,4,0,27,27,0,0,20,0,1,1,0,12,6,0,3,3,0,0,112,16,26,0,1,1,29,1,floor1_town
721,13065,1,Normal,33,5,5,5,0,27,27,0,0,25,0,1,1,0,13,3,0,3,3,0,0,140,4,27,0,1,1,64,1,ai_farm
721,13065,1,Normal,13,1,1,0,0,27,0,0,0,0,0,1,1,0,3,3,0,0,0,0,0,27,27,8,1,0,0,70,1,ai_farm; party wiped
722,13066,1,Normal,20,2,2,1,0,27,0,0,0,5,0,1,1,2,4,3,0,0,0,0,0,46,27,20,1,0,0,14,1,floor1_town; party wiped
723,13067,1,Normal,39,4,4,4,0,27,27,0,0,20,0,1,1,0,12,6,0,3,3,0,0,112,2,24,0,1,1,29,1,floor1_town
723,13067,1,Normal,37,4,4,4,0,27,27,0,0,20,0,1,1,0,11,6,0,3,3,0,0,112,12,28,0,1,1,57,1,ai_farm
723,13067,1,Normal,24,2,2,1,0,27,0,0,0,5,0,1,1,0,6,4,0,0,0,0,0,46,27,13,1,0,0,70,1,ai_farm; party wiped
724,13068,1,Normal,28,2,2,2,0,27,27,0,0,10,0,1,1,2,5,0,0,3,3,0,0,56,0,10,0,1,1,15,1,floor1_town
724,13068,1,Normal,33,4,4,4,0,27,27,0,0,20,0,1,1,0,11,3,0,3,3,0,0,112,0,24,0,1,1,43,1,ai_farm
724,13068,1,Normal,25,2,2,2,0,27,27,0,0,10,0,1,1,0,5,2,0,3,3,0,0,56,0,11,0,1,1,57,1,ai_farm
724,13068,1,Normal,35,5,5,5,0,27,27,0,0,25,0,1,1,0,15,7,0,3,3,0,0,140,0,31,0,1,1,92,1,ai_farm
724,13068,1,Normal,27,4,4,4,0,27,27,0,0,20,0,1,1,0,8,3,0,3,3,0,0,112,0,21,0,1,1,120,1,ai_farm
724,13068,1,Normal,39,3,3,2,0,27,0,0,0,10,0,1,1,0,9,3,0,0,0,0,0,83,27,18,1,0,0,140,1,ai_farm; party wiped
725,13069,1,Normal,33,3,3,3,0,27,27,0,0,15,0,1,1,0,9,0,0,3,3,0,0,84,0,17,0,1,1,22,1,floor1_town
725,13069,1,Normal,39,5,5,5,0,27,27,0,0,25,0,1,1,0,14,3,0,3,3,0,0,140,0,27,0,1,1,57,1,ai_farm
725,13069,1,Normal,34,5,5,5,0,27,27,0,0,25,0,1,1,0,13,5,0,3,3,0,0,140,0,28,0,1,1,92,1,ai_farm
725,13069,1,Normal,38,4,4,4,0,27,27,0,0,20,0,1,1,0,12,3,0,3,3,0,0,112,0,22,0,1,1,120,1,ai_farm
725,13069,1,Normal,38,4,4,4,0,27,34,0,2,20,0,1,2,0,11,5,0,3,3,0,0,112,0,24,0,1,1,142,1,ai_farm; +1 levelup
725,13069,2,Normal,26,2,2,2,0,34,34,2,2,10,0,2,2,0,3,0,2,0,3,0,0,56,0,5,0,1,1,142,1,
725,13069,3,Normal,28,1,1,1,0,34,34,2,2,12,0,2,2,1,3,2,3,0,1,0,0,60,0,10,0,1,1,148,1,
726,13070,1,Normal,37,4,4,4,0,27,27,0,0,20,0,1,1,1,11,1,1,3,3,0,0,112,0,17,0,1,1,29,1,floor1_town
726,13070,1,Normal,26,4,4,4,0,27,27,0,0,20,0,1,1,1,6,0,0,3,3,0,0,112,0,17,0,1,1,57,1,ai_farm
726,13070,1,Normal,29,2,2,2,0,27,27,0,0,10,0,1,1,0,6,3,0,3,3,0,0,56,12,17,0,1,1,71,1,ai_farm
726,13070,1,Normal,30,4,4,4,0,27,27,0,0,20,0,1,1,0,8,1,0,3,3,0,0,112,0,16,0,1,1,99,1,ai_farm
726,13070,1,Normal,30,6,6,6,0,27,36,0,3,30,0,1,2,0,17,4,0,3,3,0,0,168,2,35,0,1,1,141,1,ai_farm; +1 levelup
726,13070,2,Normal,22,2,2,1,0,36,0,3,3,5,0,2,2,0,3,3,0,0,0,0,0,40,36,11,1,0,0,141,1,party wiped
727,13071,1,Normal,26,3,3,3,0,27,27,0,0,15,0,1,1,1,6,0,0,3,3,0,0,84,0,13,0,1,1,22,1,floor1_town
727,13071,1,Normal,36,3,3,3,0,27,27,0,0,15,0,1,1,0,9,3,0,3,3,0,0,84,2,19,0,1,1,43,1,ai_farm
727,13071,1,Normal,38,4,4,4,0,27,27,0,0,20,0,1,1,0,8,2,0,3,3,0,0,112,0,16,0,1,1,71,1,ai_farm
727,13071,1,Normal,40,4,4,4,0,27,27,0,0,20,0,1,1,0,10,3,0,3,3,0,0,112,0,22,0,1,1,99,1,ai_farm
727,13071,1,Normal,30,2,2,2,0,27,27,0,0,10,0,1,1,0,1,0,0,3,3,0,0,56,0,6,0,1,1,113,1,ai_farm
727,13071,1,Normal,39,5,5,5,0,27,35,0,1,25,0,1,2,0,12,7,0,3,3,0,0,140,2,32,0,1,1,142,1,ai_farm; +1 levelup
727,13071,2,Normal,37,2,2,2,0,35,35,1,1,10,0,2,2,0,3,1,0,0,2,0,0,56,0,6,0,1,1,142,1,
727,13071,3,Normal,28,2,2,2,0,35,35,1,1,24,0,2,2,2,4,1,0,2,3,0,0,120,0,11,0,1,1,154,1,
728,13072,1,Normal,31,0,0,0,0,27,27,0,0,0,0,1,1,0,0,0,2,3,3,0,0,0,0,0,0,1,1,1,0,floor1_town
728,13072,1,Normal,33,3,3,3,0,27,27,0,0,15,0,1,1,2,7,0,0,3,3,0,0,84,0,16,0,1,1,22,1,ai_farm
728,13072,1,Normal,29,2,2,2,0,27,27,0,0,10,0,1,1,0,4,0,0,3,3,0,0,56,0,6,0,1,1,36,1,ai_farm
728,13072,1,Normal,31,2,2,2,0,27,27,0,0,10,0,1,1,0,6,0,0,3,3,0,0,56,0,9,0,1,1,50,1,ai_farm
728,13072,1,Normal,37,3,3,3,0,27,27,0,0,15,0,1,1,0,9,4,0,3,3,0,0,84,0,18,0,1,1,71,1,ai_farm
728,13072,1,Normal,36,2,2,2,0,27,27,0,0,10,0,1,1,0,6,4,0,3,3,0,0,56,11,15,0,1,1,85,1,ai_farm
728,13072,1,Normal,4,1,1,0,0,27,0,0,0,0,0,1,1,0,3,3,0,0,0,0,0,27,27,11,1,0,0,91,1,ai_farm; party wiped
729,13073,1,Normal,35,5,5,5,0,27,27,0,0,25,0,1,1,1,10,5,0,3,3,0,0,140,0,26,0,1,1,36,1,floor1_town
729,13073,1,Normal,28,4,4,4,0,27,27,0,0,20,0,1,1,0,9,5,0,3,3,0,0,112,0,22,0,1,1,64,1,ai_farm
729,13073,1,Normal,27,3,3,3,0,27,27,0,0,15,0,1,1,0,7,0,0,3,3,0,0,84,0,13,0,1,1,85,1,ai_farm
729,13073,1,Normal,34,5,5,5,0,27,27,0,0,25,0,1,1,0,14,4,0,3,3,0,0,140,0,29,0,1,1,120,1,ai_farm
729,13073,1,Normal,37,4,4,4,0,27,36,0,1,20,0,1,2,0,8,0,0,3,3,0,0,112,0,16,0,1,1,142,1,ai_farm; +1 levelup
729,13073,2,Normal,26,2,2,2,0,36,27,1,1,10,0,2,2,0,1,0,2,3,3,0,0,56,18,6,0,1,1,143,1,
729,13073,3,Normal,35,6,6,6,0,27,36,1,1,72,0,2,2,4,15,0,0,1,3,0,0,360,0,31,0,1,1,179,1,
730,13074,1,Normal,40,5,5,5,0,27,27,0,0,25,0,1,1,2,12,3,0,3,3,0,0,140,0,24,0,1,1,36,1,floor1_town
730,13074,1,Normal,26,3,3,3,0,27,27,0,0,15,0,1,1,0,7,5,0,3,3,0,0,84,0,21,0,1,1,57,1,ai_farm
730,13074,1,Normal,32,2,2,2,0,27,27,0,0,10,0,1,1,0,4,0,0,3,3,0,0,56,0,8,0,1,1,71,1,ai_farm
730,13074,1,Normal,30,3,3,3,0,27,27,0,0,15,0,1,1,0,8,2,0,3,3,0,0,84,0,18,0,1,1,92,1,ai_farm
730,13074,1,Normal,27,3,3,3,0,27,27,0,0,15,0,1,1,0,7,4,0,3,3,0,0,84,18,17,0,1,1,113,1,ai_farm
730,13074,1,Normal,40,3,3,3,0,27,27,0,0,15,0,1,1,0,8,1,0,3,3,0,0,84,0,17,0,1,1,134,1,ai_farm
730,13074,1,Normal,32,2,2,2,0,27,34,0,3,10,0,1,2,0,1,0,0,3,3,0,0,56,0,6,0,1,1,142,1,ai_farm; +1 levelup
730,13074,2,Normal,33,3,3,3,0,34,22,3,3,15,0,2,2,2,3,3,0,0,0,0,0,84,12,15,0,1,1,142,1,
730,13074,3,Normal,33,4,4,3,0,22,0,3,3,36,0,2,2,1,11,9,0,0,0,0,0,210,34,35,1,0,0,166,1,party wiped
731,13075,1,Normal,28,4,4,3,0,27,0,0,0,15,0,1,1,1,10,4,0,0,0,0,0,102,29,22,1,0,0,28,1,floor1_town; party wiped
732,13076,1,Normal,33,3,3,3,0,27,27,0,0,15,0,1,1,2,9,4,0,3,3,0,0,84,12,20,0,1,1,22,1,floor1_town
732,13076,1,Normal,32,2,2,2,0,27,27,0,0,10,0,1,1,0,6,0,0,3,3,0,0,56,0,10,0,1,1,36,1,ai_farm
732,13076,1,Normal,30,3,3,3,0,27,27,0,0,15,0,1,1,0,8,5,0,3,3,0,0,84,2,19,0,1,1,57,1,ai_farm
732,13076,1,Normal,29,3,3,3,0,27,27,0,0,15,0,1,1,0,7,1,0,3,3,0,0,84,0,15,0,1,1,78,1,ai_farm
732,13076,1,Normal,37,5,5,5,0,27,27,0,0,25,0,1,1,0,13,4,0,3,3,0,0,140,2,27,0,1,1,113,1,ai_farm
732,13076,1,Normal,28,3,3,3,0,27,27,0,0,15,0,1,1,0,7,3,0,3,3,0,0,84,0,16,0,1,1,134,1,ai_farm
732,13076,1,Normal,30,4,4,4,0,27,35,0,3,20,0,1,2,0,11,6,0,3,3,0,0,112,11,24,0,1,1,144,1,ai_farm; +1 levelup
732,13076,2,Normal,40,5,5,5,0,35,35,3,3,25,0,2,2,0,8,6,0,1,3,0,0,140,38,26,0,1,1,146,1,
732,13076,3,Normal,13,2,2,1,0,35,0,3,3,12,0,2,2,0,6,4,0,0,0,0,0,113,38,13,1,0,0,158,1,party wiped
733,13077,1,Normal,38,4,4,4,0,27,27,0,0,20,0,1,1,1,10,2,0,3,3,0,0,112,0,20,0,1,1,29,1,floor1_town
733,13077,1,Normal,27,1,1,1,0,27,27,0,0,5,0,1,1,0,0,0,0,3,3,0,0,28,0,3,0,1,1,36,1,ai_farm
733,13077,1,Normal,37,6,6,6,0,27,27,0,0,30,0,1,1,0,18,5,0,3,3,0,0,168,2,35,0,1,1,78,1,ai_farm
733,13077,1,Normal,25,2,2,2,0,27,27,0,0,10,0,1,1,0,4,1,0,3,3,0,0,56,0,7,0,1,1,92,1,ai_farm
733,13077,1,Normal,31,4,4,4,0,27,27,0,0,20,0,1,1,0,9,2,0,3,3,0,0,112,0,17,0,1,1,120,1,ai_farm
733,13077,1,Normal,38,6,6,6,0,27,35,0,2,30,0,1,2,0,12,1,0,3,3,0,0,168,9,26,0,1,1,144,1,ai_farm; +1 levelup
733,13077,2,Normal,37,3,3,3,0,35,26,2,2,15,0,2,2,1,4,0,1,0,3,0,0,84,18,18,0,1,1,145,1,
733,13077,3,Normal,37,5,5,4,0,26,0,2,2,48,0,2,2,3,15,8,0,0,0,0,0,293,35,40,1,0,0,175,1,party wiped
734,13078,1,Normal,27,2,2,2,0,27,27,0,0,10,0,1,1,0,5,3,0,3,3,0,0,56,0,11,0,1,1,15,1,floor1_town
734,13078,1,Normal,34,2,2,2,0,27,27,0,0,10,0,1,1,0,6,1,0,3,3,0,0,56,0,10,0,1,1,29,1,ai_farm
734,13078,1,Normal,30,2,2,2,0,27,27,0,0,10,0,1,1,0,4,1,0,3,3,0,0,56,0,8,0,1,1,43,1,ai_farm
734,13078,1,Normal,35,3,3,3,0,27,27,0,0,15,0,1,1,0,8,3,0,3,3,0,0,84,4,21,0,1,1,64,1,ai_farm
734,13078,1,Normal,34,3,3,3,0,27,27,0,0,15,0,1,1,0,7,2,0,3,3,0,0,84,2,13,0,1,1,85,1,ai_farm
734,13078,1,Normal,32,1,1,1,0,27,27,0,0,5,0,1,1,0,3,0,0,3,3,0,0,28,0,5,0,1,1,92,1,ai_farm
734,13078,1,Normal,33,2,2,2,0,27,27,0,0,10,0,1,1,0,6,1,0,3,3,0,0,56,2,11,0,1,1,106,1,ai_farm
734,13078,1,Normal,34,5,5,5,0,27,35,0,2,25,0,1,2,0,14,7,0,3,3,0,0,140,4,29,0,1,1,141,1,ai_farm; +1 levelup
734,13078,2,Normal,32,5,5,5,0,35,35,2,2,25,0,2,2,1,4,3,0,2,3,0,0,140,24,23,0,1,1,142,1,
734,13078,3,Normal,37,3,3,3,0,35,29,2,2,36,0,2,2,0,9,7,0,0,1,0,0,180,30,23,0,1,1,160,1,
735,13079,1,Normal,32,3,3,3,0,27,27,0,0,15,0,1,1,1,8,6,0,3,3,0,0,84,0,21,0,1,1,22,1,floor1_town
735,13079,1,Normal,32,3,3,3,0,27,27,0,0,15,0,1,1,0,9,1,0,3,3,0,0,84,0,16,0,1,1,43,1,ai_farm
735,13079,1,Normal,40,5,5,5,0,27,27,0,0,25,0,1,1,0,13,5,0,3,3,0,0,140,4,29,0,1,1,78,1,ai_farm
735,13079,1,Normal,30,4,4,4,0,27,27,0,0,20,0,1,1,0,12,11,0,3,3,0,0,112,27,32,0,1,1,106,1,ai_farm
735,13079,1,Normal,25,2,2,2,0,27,27,0,0,10,0,1,1,0,5,0,0,3,3,0,0,56,0,7,0,1,1,120,1,ai_farm
735,13079,1,Normal,1,1,1,0,0,27,0,0,0,0,0,1,1,0,3,3,0,0,0,0,0,23,27,9,1,0,0,126,1,ai_farm; party wiped
736,13080,1,Normal,36,6,6,6,0,27,27,0,0,30,0,1,1,0,15,4,0,3,3,0,0,168,0,31,0,1,1,43,1,floor1_town
736,13080,1,Normal,34,2,2,2,0,27,27,0,0,10,0,1,1,0,6,1,0,3,3,0,0,56,0,11,0,1,1,57,1,ai_farm
736,13080,1,Normal,15,1,1,0,0,27,0,0,0,0,0,1,1,0,3,3,0,0,0,0,0,0,27,10,1,0,0,63,1,ai_farm; party wiped
737,13081,1,Normal,25,2,2,2,0,27,27,0,0,10,0,1,1,1,5,0,0,3,3,0,0,56,0,10,0,1,1,15,1,floor1_town
737,13081,1,Normal,30,2,2,2,0,27,27,0,0,10,0,1,1,0,3,0,0,3,3,0,0,56,0,7,0,1,1,29,1,ai_farm
737,13081,1,Normal,30,4,4,4,0,27,27,0,0,20,0,1,1,0,9,1,0,3,3,0,0,112,0,20,0,1,1,57,1,ai_farm
737,13081,1,Normal,36,3,3,3,0,27,27,0,0,15,0,1,1,0,8,1,0,3,3,0,0,84,0,19,0,1,1,78,1,ai_farm
737,13081,1,Normal,2,1,1,0,0,27,0,0,0,0,0,1,1,0,3,3,0,0,0,0,0,27,27,10,1,0,0,84,1,ai_farm; party wiped
738,13082,1,Normal,30,1,1,1,0,27,27,0,0,5,0,1,1,0,3,0,0,3,3,0,0,28,0,5,0,1,1,8,1,floor1_town
738,13082,1,Normal,30,3,3,3,0,27,27,0,0,15,0,1,1,0,7,2,0,3,3,0,0,84,0,15,0,1,1,29,1,ai_farm
738,13082,1,Normal,38,3,3,3,0,27,27,0,0,15,0,1,1,0,8,2,0,3,3,0,0,84,2,19,0,1,1,50,1,ai_farm
738,13082,1,Normal,29,2,2,2,0,27,27,0,0,10,0,1,1,0,6,5,0,3,3,0,0,56,0,17,0,1,1,64,1,ai_farm
738,13082,1,Normal,33,3,3,3,0,27,27,0,0,15,0,1,1,0,9,3,0,3,3,0,0,84,0,17,0,1,1,85,1,ai_farm
738,13082,1,Normal,29,3,3,3,0,27,27,0,0,15,0,1,1,0,8,1,0,3,3,0,0,84,2,14,0,1,1,106,1,ai_farm
738,13082,1,Normal,27,4,4,4,0,27,27,0,0,20,0,1,1,0,8,4,0,3,3,0,0,112,0,17,0,1,1,134,1,ai_farm
738,13082,1,Normal,25,4,4,4,0,27,34,0,2,20,0,1,2,0,10,1,0,3,3,0,0,112,0,18,0,1,1,144,1,ai_farm; +1 levelup
738,13082,2,Normal,31,6,6,6,0,34,34,2,2,30,0,2,2,1,9,6,0,0,3,0,0,168,27,28,0,1,1,146,1,
738,13082,3,Normal,13,1,1,0,0,34,0,2,2,0,0,2,2,1,3,3,0,0,0,0,0,30,34,9,1,0,0,152,1,party wiped
739,13083,1,Normal,34,5,5,5,0,27,27,0,0,25,0,1,1,1,12,3,0,3,3,0,0,140,0,24,0,1,1,36,1,floor1_town
739,13083,1,Normal,37,3,3,3,0,27,27,0,0,15,0,1,1,0,6,3,0,3,3,0,0,84,0,13,0,1,1,57,1,ai_farm
739,13083,1,Normal,36,4,4,4,0,27,27,0,0,20,0,1,1,0,8,0,0,3,3,0,0,112,0,15,0,1,1,85,1,ai_farm
739,13083,1,Normal,34,2,2,2,0,27,27,0,0,10,0,1,1,0,6,0,0,3,3,0,0,56,0,9,0,1,1,99,1,ai_farm
739,13083,1,Normal,39,6,6,6,0,27,36,0,2,30,0,1,2,0,16,2,0,3,3,0,0,168,0,31,0,1,1,141,1,ai_farm; +1 levelup
739,13083,2,Normal,35,4,4,4,0,36,36,2,2,20,0,2,2,1,4,2,1,2,3,0,0,112,8,14,0,1,1,142,1,
739,13083,3,Normal,38,5,5,5,0,36,36,2,2,60,0,2,2,3,14,6,0,0,2,0,0,300,19,33,0,1,1,172,1,
740,13084,1,Normal,39,6,6,6,0,27,27,0,0,30,0,1,1,0,15,2,0,3,3,0,0,168,0,30,0,1,1,43,1,floor1_town
740,13084,1,Normal,11,3,3,2,0,27,0,0,0,10,0,1,1,0,9,5,0,0,0,0,0,83,27,24,1,0,0,63,1,ai_farm; party wiped
741,13085,1,Normal,28,4,4,4,0,27,27,0,0,20,0,1,1,1,4,0,0,3,3,0,0,112,0,11,0,1,1,29,1,floor1_town
741,13085,1,Normal,30,2,2,2,0,27,27,0,0,10,0,1,1,0,6,3,0,3,3,0,0,56,2,13,0,1,1,43,1,ai_farm
741,13085,1,Normal,38,2,2,2,0,27,27,0,0,10,0,1,1,0,6,1,0,3,3,0,0,56,0,16,0,1,1,57,1,ai_farm
741,13085,1,Normal,34,2,2,2,0,27,27,0,0,10,0,1,1,0,6,1,0,3,3,0,0,56,0,10,0,1,1,71,1,ai_farm
741,13085,1,Normal,40,1,1,1,0,27,27,0,0,5,0,1,1,0,3,2,0,3,3,0,0,28,0,7,0,1,1,78,1,ai_farm
741,13085,1,Normal,25,3,3,3,0,27,27,0,0,15,0,1,1,0,6,0,0,3,3,0,0,84,0,11,0,1,1,99,1,ai_farm
741,13085,1,Normal,35,3,3,3,0,27,27,0,0,15,0,1,1,0,7,2,0,3,3,0,0,84,4,16,0,1,1,120,1,ai_farm
741,13085,1,Normal,28,4,4,4,0,27,36,0,3,20,0,1,2,0,10,2,0,3,3,0,0,112,4,20,0,1,1,142,1,ai_farm; +1 levelup
741,13085,2,Normal,25,2,2,2,0,36,36,3,3,10,0,2,2,0,3,0,1,0,3,0,0,56,0,9,0,1,1,142,1,
741,13085,3,Normal,31,4,4,4,0,36,36,3,3,48,0,2,2,3,6,2,0,2,3,0,0,240,0,19,0,1,1,166,1,
742,13086,1,Normal,28,3,3,2,0,27,0,0,0,10,0,1,1,0,9,7,0,0,0,0,0,74,43,26,1,0,0,21,1,floor1_town; party wiped
743,13087,1,Normal,37,5,5,5,0,27,27,0,0,25,0,1,1,2,11,8,0,3,3,0,0,140,12,32,0,1,1,36,1,floor1_town
743,13087,1,Normal,27,3,3,3,0,27,27,0,0,15,0,1,1,0,8,1,0,3,3,0,0,84,0,14,0,1,1,57,1,ai_farm
743,13087,1,Normal,36,4,4,4,0,27,27,0,0,20,0,1,1,0,10,3,0,3,3,0,0,112,0,22,0,1,1,85,1,ai_farm
743,13087,1,Normal,31,2,2,2,0,27,27,0,0,10,0,1,1,0,6,0,0,3,3,0,0,56,0,10,0,1,1,99,1,ai_farm
743,13087,1,Normal,7,2,2,1,0,27,0,0,0,5,0,1,1,0,6,4,0,0,0,0,0,51,27,15,1,0,0,112,1,ai_farm; party wiped
744,13088,1,Normal,26,2,2,2,0,27,27,0,0,10,0,1,1,0,6,0,0,3,3,0,0,56,0,10,0,1,1,15,1,floor1_town
744,13088,1,Normal,28,2,2,2,0,27,27,0,0,10,0,1,1,0,5,0,0,3,3,0,0,56,0,13,0,1,1,29,1,ai_farm
744,13088,1,Normal,31,6,6,6,0,27,27,0,0,30,0,1,1,0,14,4,0,3,3,0,0,168,2,29,0,1,1,71,1,ai_farm
744,13088,1,Normal,37,4,4,4,0,27,27,0,0,20,0,1,1,0,9,5,0,3,3,0,0,112,2,20,0,1,1,99,1,ai_farm
744,13088,1,Normal,30,1,1,1,0,27,27,0,0,5,0,1,1,0,3,1,0,3,3,0,0,28,0,6,0,1,1,106,1,ai_farm
744,13088,1,Normal,32,4,4,4,0,27,27,0,0,20,0,1,1,0,9,2,0,3,3,0,0,112,0,19,0,1,1,134,1,ai_farm
744,13088,1,Normal,29,4,4,4,0,27,36,0,1,20,0,1,2,0,10,4,0,3,3,0,0,112,0,25,0,1,1,144,1,ai_farm; +1 levelup
744,13088,2,Normal,40,4,4,4,0,36,36,1,1,20,0,2,2,1,3,3,1,0,0,0,0,112,0,15,0,1,1,144,1,
744,13088,3,Normal,32,4,4,4,0,36,36,1,1,48,0,2,2,3,10,4,0,1,3,0,0,240,12,24,0,1,1,168,1,
745,13089,1,Normal,30,5,5,5,0,27,27,0,0,25,0,1,1,2,11,1,0,3,3,0,0,140,0,25,0,1,1,36,1,floor1_town
745,13089,1,Normal,27,3,3,3,0,27,27,0,0,15,0,1,1,0,7,1,0,3,3,0,0,84,0,15,0,1,1,57,1,ai_farm
745,13089,1,Normal,19,2,2,1,0,27,0,0,0,5,0,1,1,0,6,3,0,0,0,0,0,55,27,18,1,0,0,70,1,ai_farm; party wiped
746,13090,1,Normal,35,4,4,4,0,27,27,0,0,20,0,1,1,0,8,0,0,3,3,0,0,112,0,18,0,1,1,29,1,floor1_town
746,13090,1,Normal,11,2,2,1,0,27,0,0,0,5,0,1,1,0,6,4,0,0,0,0,0,51,27,14,1,0,0,42,1,ai_farm; party wiped
747,13091,1,Normal,40,6,6,6,0,27,27,0,0,30,0,1,1,2,10,0,0,3,3,0,0,168,0,23,0,1,1,43,1,floor1_town
747,13091,1,Normal,33,2,2,2,0,27,27,0,0,10,0,1,1,0,3,0,0,3,3,0,0,56,0,8,0,1,1,57,1,ai_farm
747,13091,1,Normal,32,3,3,3,0,27,27,0,0,15,0,1,1,0,6,4,0,3,3,0,0,84,2,15,0,1,1,78,1,ai_farm
747,13091,1,Normal,33,5,5,5,0,27,27,0,0,25,0,1,1,0,13,4,0,3,3,0,0,140,2,26,0,1,1,113,1,ai_farm
747,13091,1,Normal,32,4,4,4,0,27,34,0,3,20,0,1,2,0,10,0,0,3,3,0,0,112,0,20,0,1,1,141,1,ai_farm; +1 levelup
747,13091,2,Normal,27,4,4,3,0,34,0,3,3,15,0,2,2,0,3,3,0,0,0,0,0,110,34,15,1,0,0,141,1,party wiped
748,13092,1,Normal,29,2,2,2,0,27,27,0,0,10,0,1,1,0,5,1,0,3,3,0,0,56,0,9,0,1,1,15,1,floor1_town
748,13092,1,Normal,33,2,2,2,0,27,27,0,0,10,0,1,1,0,6,1,0,3,3,0,0,56,2,11,0,1,1,29,1,ai_farm
748,13092,1,Normal,30,3,3,3,0,27,27,0,0,15,0,1,1,0,6,1,0,3,3,0,0,84,0,11,0,1,1,50,1,ai_farm
748,13092,1,Normal,36,2,2,2,0,27,27,0,0,10,0,1,1,0,6,1,0,3,3,0,0,56,0,10,0,1,1,64,1,ai_farm
748,13092,1,Normal,25,1,1,1,0,27,27,0,0,5,0,1,1,0,1,0,0,3,3,0,0,28,0,3,0,1,1,71,1,ai_farm
748,13092,1,Normal,28,2,2,2,0,27,27,0,0,10,0,1,1,0,6,3,0,3,3,0,0,56,2,12,0,1,1,85,1,ai_farm
748,13092,1,Normal,39,5,5,5,0,27,27,0,0,25,0,1,1,0,13,8,0,3,3,0,0,140,28,33,0,1,1,120,1,ai_farm
748,13092,1,Normal,39,6,6,6,0,27,35,0,2,30,0,1,2,0,14,6,0,3,3,0,0,168,11,29,0,1,1,144,1,ai_farm; +1 levelup
748,13092,2,Normal,28,2,2,2,0,35,35,2,2,10,0,2,2,1,3,3,0,0,0,0,0,56,0,10,0,1,1,144,1,
748,13092,3,Normal,18,4,4,3,0,35,0,2,2,36,0,2,2,2,11,4,0,0,0,0,0,197,38,24,1,0,0,168,1,party wiped
749,13093,1,Normal,33,3,3,3,0,27,27,0,0,15,0,1,1,2,6,1,0,3,3,0,0,84,0,15,0,1,1,22,1,floor1_town
749,13093,1,Normal,38,4,4,4,0,27,27,0,0,20,0,1,1,0,9,6,0,3,3,0,0,112,8,22,0,1,1,50,1,ai_farm
749,13093,1,Normal,39,5,5,5,0,27,27,0,0,25,0,1,1,0,11,2,0,3,3,0,0,140,2,26,0,1,1,85,1,ai_farm
749,13093,1,Normal,30,3,3,3,0,27,27,0,0,15,0,1,1,0,6,5,0,3,3,0,0,84,0,20,0,1,1,106,1,ai_farm
749,13093,1,Normal,26,4,4,3,0,27,0,0,0,15,0,1,1,0,10,4,0,0,0,0,0,102,27,22,1,0,0,133,1,ai_farm; party wiped
750,13094,1,Normal,38,4,4,4,0,27,27,0,0,20,0,1,1,1,9,1,0,3,3,0,0,112,0,20,0,1,1,29,1,floor1_town
750,13094,1,Normal,27,3,3,3,0,27,27,0,0,15,0,1,1,0,9,3,0,3,3,0,0,84,2,18,0,1,1,50,1,ai_farm
750,13094,1,Normal,34,6,6,6,0,27,27,0,0,30,0,1,1,0,16,5,0,3,3,0,0,168,2,37,0,1,1,92,1,ai_farm
750,13094,1,Normal,18,5,5,4,0,27,0,0,0,20,0,1,1,0,13,7,0,0,0,0,0,121,31,32,1,0,0,126,1,ai_farm; party wiped
751,13095,1,Normal,27,3,3,3,0,27,27,0,0,15,0,1,1,2,5,0,0,3,3,0,0,84,0,11,0,1,1,22,1,floor1_town
751,13095,1,Normal,32,3,3,3,0,27,27,0,0,15,0,1,1,0,7,1,0,3,3,0,0,84,0,13,0,1,1,43,1,ai_farm
751,13095,1,Normal,29,5,5,5,0,27,27,0,0,25,0,1,1,0,13,6,0,3,3,0,0,140,8,29,0,1,1,78,1,ai_farm
751,13095,1,Normal,30,2,2,2,0,27,27,0,0,10,0,1,1,0,6,2,0,3,3,0,0,56,0,10,0,1,1,92,1,ai_farm
751,13095,1,Normal,27,2,2,2,0,27,27,0,0,10,0,1,1,0,5,2,0,3,3,0,0,56,0,10,0,1,1,106,1,ai_farm
751,13095,1,Normal,35,3,3,3,0,27,27,0,0,15,0,1,1,0,9,2,0,3,3,0,0,84,2,15,0,1,1,127,1,ai_farm
751,13095,1,Normal,26,4,4,4,0,27,36,0,2,20,0,1,2,0,6,1,0,3,3,0,0,112,0,15,0,1,1,143,1,ai_farm; +1 levelup
751,13095,2,Normal,38,7,7,7,0,36,6,2,2,35,0,2,2,0,6,6,0,0,0,0,0,196,60,27,0,1,1,144,1,
751,13095,3,Normal,34,3,3,3,0,6,36,2,2,36,0,2,2,2,6,2,0,2,3,0,0,180,0,17,0,1,1,162,1,
752,13096,1,Normal,31,4,4,4,0,27,27,0,0,20,0,1,1,1,11,4,0,3,3,0,0,112,24,28,0,1,1,29,1,floor1_town
752,13096,1,Normal,25,2,2,2,0,27,27,0,0,10,0,1,1,0,5,1,0,3,3,0,0,56,0,8,0,1,1,43,1,ai_farm
752,13096,1,Normal,35,4,4,4,0,27,27,0,0,20,0,1,1,0,11,1,0,3,3,0,0,112,0,17,0,1,1,71,1,ai_farm
752,13096,1,Normal,27,3,3,3,0,27,27,0,0,15,0,1,1,0,8,1,0,3,3,0,0,84,0,13,0,1,1,92,1,ai_farm
752,13096,1,Normal,32,4,4,4,0,27,27,0,0,20,0,1,1,0,11,6,0,3,3,0,0,112,2,30,0,1,1,120,1,ai_farm
752,13096,1,Normal,33,3,3,3,0,27,34,0,1,15,0,1,2,0,7,5,0,3,3,0,0,84,4,18,0,1,1,141,1,ai_farm; +1 levelup
752,13096,2,Normal,35,1,1,1,0,34,34,1,1,5,0,2,2,0,1,0,2,2,3,0,0,28,0,2,0,1,1,141,1,
752,13096,3,Normal,27,3,3,3,0,34,34,1,1,36,0,2,2,3,9,7,1,0,0,0,0,180,0,26,0,1,1,159,1,
753,13097,1,Normal,36,6,6,6,0,27,27,0,0,30,0,1,1,2,16,4,0,3,3,0,0,168,0,36,0,1,1,43,1,floor1_town
753,13097,1,Normal,25,4,4,4,0,27,27,0,0,20,0,1,1,0,12,3,0,3,3,0,0,112,0,24,0,1,1,71,1,ai_farm
753,13097,1,Normal,40,5,5,5,0,27,27,0,0,25,0,1,1,0,12,2,0,3,3,0,0,140,2,25,0,1,1,106,1,ai_farm
753,13097,1,Normal,29,3,3,3,0,27,27,0,0,15,0,1,1,0,9,5,0,3,3,0,0,84,22,21,0,1,1,127,1,ai_farm
753,13097,1,Normal,39,7,7,7,0,27,34,0,3,35,0,1,2,0,13,4,0,3,3,0,0,196,0,29,0,1,1,146,1,ai_farm; +1 levelup
753,13097,2,Normal,28,3,3,3,0,34,34,3,3,15,0,2,2,0,3,3,1,0,0,0,0,84,0,13,0,1,1,146,1,
753,13097,3,Normal,28,3,3,3,0,34,34,3,3,36,0,2,2,1,8,1,0,1,3,0,0,180,0,18,0,1,1,164,1,
754,13098,1,Normal,25,2,2,2,0,27,27,0,0,10,0,1,1,1,4,0,0,3,3,0,0,56,0,8,0,1,1,15,1,floor1_town
754,13098,1,Normal,28,3,3,3,0,27,27,0,0,15,0,1,1,0,9,4,0,3,3,0,0,84,0,19,0,1,1,36,1,ai_farm
754,13098,1,Normal,20,3,3,2,0,27,0,0,0,10,0,1,1,0,9,5,0,0,0,0,0,81,31,28,1,0,0,56,1,ai_farm; party wiped
755,13099,1,Normal,29,2,2,2,0,27,27,0,0,10,0,1,1,2,5,0,0,3,3,0,0,56,0,9,0,1,1,15,1,floor1_town
755,13099,1,Normal,26,4,4,4,0,27,27,0,0,20,0,1,1,0,12,4,0,3,3,0,0,112,4,27,0,1,1,43,1,ai_farm
755,13099,1,Normal,27,3,3,3,0,27,27,0,0,15,0,1,1,0,8,3,0,3,3,0,0,84,14,17,0,1,1,64,1,ai_farm
755,13099,1,Normal,28,4,4,4,0,27,27,0,0,20,0,1,1,0,9,1,0,3,3,0,0,112,0,19,0,1,1,92,1,ai_farm
755,13099,1,Normal,34,4,4,4,0,27,27,0,0,20,0,1,1,0,9,1,0,3,3,0,0,112,0,15,0,1,1,120,1,ai_farm
755,13099,1,Normal,32,3,3,3,0,27,35,0,3,15,0,1,2,0,9,4,0,3,3,0,0,84,2,20,0,1,1,141,1,ai_farm; +1 levelup
755,13099,2,Normal,28,3,3,3,0,35,23,3,3,15,0,2,2,0,3,3,2,0,0,0,0,84,12,10,0,1,1,141,1,
755,13099,3,Normal,30,3,3,3,0,23,35,3,3,36,0,2,2,1,8,5,3,0,0,0,0,180,0,22,0,1,1,159,1,
756,13100,1,Normal,34,1,1,1,0,27,27,0,0,5,0,1,1,1,2,0,0,3,3,0,0,28,0,5,0,1,1,8,1,floor1_town
756,13100,1,Normal,31,3,3,3,0,27,27,0,0,15,0,1,1,0,9,5,0,3,3,0,0,84,18,18,0,1,1,29,1,ai_farm
756,13100,1,Normal,39,5,5,5,0,27,27,0,0,25,0,1,1,0,10,3,0,3,3,0,0,140,24,24,0,1,1,64,1,ai_farm
756,13100,1,Normal,27,3,3,3,0,27,27,0,0,15,0,1,1,0,7,0,0,3,3,0,0,84,0,12,0,1,1,85,1,ai_farm
756,13100,1,Normal,33,5,5,5,0,27,27,0,0,25,0,1,1,0,12,0,0,3,3,0,0,140,0,21,0,1,1,120,1,ai_farm
756,13100,1,Normal,29,4,4,4,0,27,35,0,1,20,0,1,2,0,10,4,0,3,3,0,0,112,0,22,0,1,1,142,1,ai_farm; +1 levelup
756,13100,2,Normal,26,3,3,3,0,35,35,1,1,15,0,2,2,0,3,2,2,0,1,0,0,84,0,9,0,1,1,142,1,
756,13100,3,Normal,35,2,2,2,0,35,35,1,1,24,0,2,2,2,6,2,0,0,1,0,0,120,0,13,0,1,1,154,1,
757,13101,1,Normal,39,5,5,5,0,27,27,0,0,25,0,1,1,0,15,5,0,3,3,0,0,140,2,28,0,1,1,36,1,floor1_town
757,13101,1,Normal,37,4,4,4,0,27,27,0,0,20,0,1,1,0,10,1,0,3,3,0,0,112,2,17,0,1,1,64,1,ai_farm
757,13101,1,Normal,28,2,2,2,0,27,27,0,0,10,0,1,1,0,3,0,0,3,3,0,0,56,0,10,0,1,1,78,1,ai_farm
757,13101,1,Normal,36,4,4,4,0,27,27,0,0,20,0,1,1,0,10,4,0,3,3,0,0,112,0,23,0,1,1,106,1,ai_farm
757,13101,1,Normal,5,1,1,0,0,27,0,0,0,0,0,1,1,0,3,3,0,0,0,0,0,27,27,8,1,0,0,112,1,ai_farm; party wiped
758,13102,1,Normal,28,6,6,6,0,27,27,0,0,30,0,1,1,1,13,3,0,3,3,0,0,168,12,34,0,1,1,43,1,floor1_town
758,13102,1,Normal,37,4,4,4,0,27,27,0,0,20,0,1,1,0,11,5,0,3,3,0,0,112,9,22,0,1,1,71,1,ai_farm
758,13102,1,Normal,9,1,1,0,0,27,0,0,0,0,0,1,1,0,3,3,0,0,0,0,0,9,27,10,1,0,0,77,1,ai_farm; party wiped
759,13103,1,Normal,32,4,4,4,0,27,27,0,0,20,0,1,1,0,11,4,0,3,3,0,0,112,0,27,0,1,1,29,1,floor1_town
759,13103,1,Normal,27,3,3,3,0,27,27,0,0,15,0,1,1,0,9,3,0,3,3,0,0,84,0,17,0,1,1,50,1,ai_farm
759,13103,1,Normal,36,4,4,4,0,27,27,0,0,20,0,1,1,0,9,5,0,3,3,0,0,112,0,23,0,1,1,78,1,ai_farm
759,13103,1,Normal,31,3,3,3,0,27,27,0,0,15,0,1,1,0,9,7,0,3,3,0,0,84,12,25,0,1,1,99,1,ai_farm
759,13103,1,Normal,37,4,4,4,0,27,27,0,0,20,0,1,1,0,9,2,0,3,3,0,0,112,0,18,0,1,1,127,1,ai_farm
759,13103,1,Normal,32,3,3,3,0,27,36,0,2,15,0,1,2,0,9,4,0,3,3,0,0,84,0,18,0,1,1,142,1,ai_farm; +1 levelup
759,13103,2,Normal,30,2,2,2,0,36,36,2,2,10,0,2,2,0,4,1,0,2,3,0,0,56,8,10,0,1,1,143,1,
759,13103,3,Normal,38,3,3,3,0,36,30,2,2,36,0,2,2,0,9,5,0,0,1,0,0,180,6,19,0,1,1,161,1,
760,13104,1,Normal,37,4,4,4,0,27,27,0,0,20,0,1,1,1,11,2,0,3,3,0,0,112,0,22,0,1,1,29,1,floor1_town
760,13104,1,Normal,36,4,4,4,0,27,27,0,0,20,0,1,1,0,11,6,0,3,3,0,0,112,0,27,0,1,1,57,1,ai_farm
760,13104,1,Normal,40,5,5,5,0,27,27,0,0,25,0,1,1,0,10,0,0,3,3,0,0,140,0,17,0,1,1,92,1,ai_farm
760,13104,1,Normal,25,3,3,3,0,27,27,0,0,15,0,1,1,0,8,3,0,3,3,0,0,84,12,17,0,1,1,113,1,ai_farm
760,13104,1,Normal,28,5,5,5,0,27,35,0,2,25,0,1,2,0,12,2,0,3,3,0,0,140,2,25,0,1,1,142,1,ai_farm; +1 levelup
760,13104,2,Normal,33,5,5,5,0,35,35,2,2,25,0,2,2,0,9,6,0,0,3,0,0,140,44,32,0,1,1,144,1,
760,13104,3,Normal,27,1,1,1,0,35,35,2,2,12,0,2,2,2,3,3,0,0,0,0,0,60,0,9,0,1,1,150,1,
761,13105,1,Normal,26,1,1,1,0,27,27,0,0,5,0,1,1,0,3,3,0,3,3,0,0,28,0,8,0,1,1,8,1,floor1_town
761,13105,1,Normal,31,6,6,6,0,27,27,0,0,30,0,1,1,0,14,4,0,3,3,0,0,168,0,28,0,1,1,50,1,ai_farm
761,13105,1,Normal,4,1,1,0,0,27,0,0,0,0,0,1,1,0,3,3,0,0,0,0,0,18,27,10,1,0,0,56,1,ai_farm; party wiped
762,13106,1,Normal,30,5,5,5,0,27,27,0,0,25,0,1,1,1,14,2,0,3,3,0,0,140,0,28,0,1,1,36,1,floor1_town
762,13106,1,Normal,25,4,4,4,0,27,27,0,0,20,0,1,1,0,10,4,0,3,3,0,0,112,0,21,0,1,1,64,1,ai_farm
762,13106,1,Normal,32,1,1,1,0,27,27,0,0,5,0,1,1,0,3,0,0,3,3,0,0,28,0,5,0,1,1,71,1,ai_farm
762,13106,1,Normal,36,5,5,4,0,27,0,0,0,20,0,1,1,0,14,6,0,0,0,0,0,139,27,29,1,0,0,105,1,ai_farm; party wiped
763,13107,1,Normal,35,6,6,6,0,27,27,0,0,30,0,1,1,0,16,1,0,3,3,0,0,168,0,29,0,1,1,43,1,floor1_town
763,13107,1,Normal,25,3,3,3,0,27,27,0,0,15,0,1,1,0,6,3,0,3,3,0,0,84,0,13,0,1,1,64,1,ai_farm
763,13107,1,Normal,26,4,4,4,0,27,27,0,0,20,0,1,1,0,10,3,0,3,3,0,0,112,4,19,0,1,1,92,1,ai_farm
763,13107,1,Normal,32,3,3,3,0,27,27,0,0,15,0,1,1,0,7,3,0,3,3,0,0,84,2,16,0,1,1,113,1,ai_farm
763,13107,1,Normal,25,2,2,2,0,27,27,0,0,10,0,1,1,0,5,1,0,3,3,0,0,56,0,11,0,1,1,127,1,ai_farm
763,13107,1,Normal,33,5,5,5,0,27,35,0,1,25,0,1,2,0,12,2,0,3,3,0,0,140,0,24,0,1,1,144,1,ai_farm; +1 levelup
763,13107,2,Normal,39,4,4,4,0,35,35,1,1,20,0,2,2,0,7,3,0,1,3,0,0,112,21,16,0,1,1,146,1,
763,13107,3,Normal,33,3,3,3,0,35,35,1,1,36,0,2,2,1,5,0,0,0,3,0,0,180,0,11,0,1,1,164,1,
764,13108,1,Normal,40,4,4,4,0,27,27,0,0,20,0,1,1,2,12,4,0,3,3,0,0,112,12,29,0,1,1,29,1,floor1_town
764,13108,1,Normal,37,3,3,3,0,27,27,0,0,15,0,1,1,0,8,4,0,3,3,0,0,84,2,20,0,1,1,50,1,ai_farm
764,13108,1,Normal,36,4,4,4,0,27,27,0,0,20,0,1,1,0,10,2,0,3,3,0,0,112,0,20,0,1,1,78,1,ai_farm
764,13108,1,Normal,30,5,5,5,0,27,27,0,0,25,0,1,1,0,13,3,0,3,3,0,0,140,0,26,0,1,1,113,1,ai_farm
764,13108,1,Normal,7,1,1,0,0,27,0,0,0,0,0,1,1,0,3,3,0,0,0,0,0,9,27,9,1,0,0,119,1,ai_farm; party wiped
765,13109,1,Normal,28,2,2,2,0,27,27,0,0,10,0,1,1,0,5,3,0,3,3,0,0,56,0,11,0,1,1,15,1,floor1_town
765,13109,1,Normal,33,3,3,3,0,27,27,0,0,15,0,1,1,0,9,3,0,3,3,0,0,84,2,19,0,1,1,36,1,ai_farm
765,13109,1,Normal,28,3,3,3,0,27,27,0,0,15,0,1,1,0,6,3,0,3,3,0,0,84,0,14,0,1,1,57,1,ai_farm
765,13109,1,Normal,30,5,5,5,0,27,27,0,0,25,0,1,1,0,13,7,0,3,3,0,0,140,2,29,0,1,1,92,1,ai_farm
765,13109,1,Normal,40,4,4,4,0,27,27,0,0,20,0,1,1,0,10,2,0,3,3,0,0,112,4,17,0,1,1,120,1,ai_farm
765,13109,1,Normal,34,4,4,4,0,27,36,0,2,20,0,1,2,0,9,2,0,3,3,0,0,112,0,17,0,1,1,142,1,ai_farm; +1 levelup
765,13109,2,Normal,39,3,3,3,0,36,36,2,2,15,0,2,2,0,5,2,2,0,1,0,0,84,9,16,0,1,1,143,1,
765,13109,3,Normal,40,4,4,4,0,36,36,2,2,48,0,2,2,3,10,4,0,0,3,0,0,240,19,31,0,1,1,167,1,
766,13110,1,Normal,33,4,4,4,0,27,27,0,0,20,0,1,1,2,7,0,0,3,3,0,0,112,0,17,0,1,1,29,1,floor1_town
766,13110,1,Normal,27,0,0,0,0,27,27,0,0,0,0,1,1,0,0,0,0,3,3,0,0,0,0,0,0,1,1,29,0,ai_farm
766,13110,1,Normal,37,3,3,3,0,27,27,0,0,15,0,1,1,0,8,3,0,3,3,0,0,84,0,16,0,1,1,50,1,ai_farm
766,13110,1,Normal,34,2,2,2,0,27,27,0,0,10,0,1,1,0,5,2,0,3,3,0,0,56,0,11,0,1,1,64,1,ai_farm
766,13110,1,Normal,28,3,3,3,0,27,27,0,0,15,0,1,1,0,8,3,0,3,3,0,0,84,0,14,0,1,1,85,1,ai_farm
766,13110,1,Normal,25,3,3,3,0,27,27,0,0,15,0,1,1,0,8,0,0,3,3,0,0,84,0,14,0,1,1,106,1,ai_farm
766,13110,1,Normal,3,1,1,0,0,27,0,0,0,0,0,1,1,0,3,3,0,0,0,0,0,27,27,10,1,0,0,112,1,ai_farm; party wiped
767,13111,1,Normal,38,5,5,5,0,27,27,0,0,25,0,1,1,0,14,3,0,3,3,0,0,140,0,29,0,1,1,36,1,floor1_town
767,13111,1,Normal,31,4,4,4,0,27,27,0,0,20,0,1,1,0,10,6,0,3,3,0,0,112,14,23,0,1,1,64,1,ai_farm
767,13111,1,Normal,31,3,3,3,0,27,27,0,0,15,0,1,1,0,9,1,0,3,3,0,0,84,2,15,0,1,1,85,1,ai_farm
767,13111,1,Normal,16,3,3,2,0,27,0,0,0,10,0,1,1,0,7,5,0,0,0,0,0,79,29,21,1,0,0,105,1,ai_farm; party wiped
768,13112,1,Normal,26,3,3,3,0,27,27,0,0,15,0,1,1,2,5,0,0,3,3,0,0,84,0,14,0,1,1,22,1,floor1_town
768,13112,1,Normal,35,3,3,3,0,27,27,0,0,15,0,1,1,0,5,3,0,3,3,0,0,84,2,15,0,1,1,43,1,ai_farm
768,13112,1,Normal,26,2,2,2,0,27,27,0,0,10,0,1,1,0,5,2,0,3,3,0,0,56,0,11,0,1,1,57,1,ai_farm
768,13112,1,Normal,11,2,2,1,0,27,0,0,0,5,0,1,1,0,6,4,0,0,0,0,0,46,27,18,1,0,0,70,1,ai_farm; party wiped
769,13113,1,Normal,24,2,2,1,0,27,0,0,0,5,0,1,1,0,5,3,0,0,0,0,0,55,27,12,1,0,0,14,1,floor1_town; party wiped
770,13114,1,Normal,36,5,5,5,0,27,27,0,0,25,0,1,1,2,10,0,0,3,3,0,0,140,0,24,0,1,1,36,1,floor1_town
770,13114,1,Normal,33,5,5,5,0,27,27,0,0,25,0,1,1,0,15,10,0,3,3,0,0,140,4,34,0,1,1,71,1,ai_farm
770,13114,1,Normal,39,2,2,2,0,27,27,0,0,10,0,1,1,0,6,3,0,3,3,0,0,56,18,13,0,1,1,85,1,ai_farm
770,13114,1,Normal,37,4,4,4,0,27,27,0,0,20,0,1,1,0,8,0,0,3,3,0,0,112,0,15,0,1,1,113,1,ai_farm
770,13114,1,Normal,30,3,3,3,0,27,27,0,0,15,0,1,1,0,6,0,0,3,3,0,0,84,0,10,0,1,1,134,1,ai_farm
770,13114,1,Normal,38,5,5,5,0,27,36,0,2,25,0,1,2,0,11,6,0,3,3,0,0,140,6,29,0,1,1,145,1,ai_farm; +1 levelup
770,13114,2,Normal,26,2,2,2,0,36,36,2,2,10,0,2,2,0,3,2,1,0,1,0,0,56,0,8,0,1,1,145,1,
770,13114,3,Normal,9,1,1,0,0,36,0,2,2,0,0,2,2,0,3,3,1,0,0,0,0,57,36,10,1,0,0,151,1,party wiped
771,13115,1,Normal,25,2,2,2,0,27,27,0,0,10,0,1,1,1,5,0,0,3,3,0,0,56,0,9,0,1,1,15,1,floor1_town
771,13115,1,Normal,29,3,3,3,0,27,27,0,0,15,0,1,1,0,9,3,0,3,3,0,0,84,2,17,0,1,1,36,1,ai_farm
771,13115,1,Normal,34,4,4,4,0,27,27,0,0,20,0,1,1,0,10,1,0,3,3,0,0,112,0,19,0,1,1,64,1,ai_farm
771,13115,1,Normal,39,3,3,3,0,27,27,0,0,15,0,1,1,0,9,3,0,3,3,0,0,84,0,20,0,1,1,85,1,ai_farm
771,13115,1,Normal,22,1,1,0,0,27,0,0,0,0,0,1,1,0,3,3,0,0,0,0,0,16,27,11,1,0,0,91,1,ai_farm; party wiped
772,13116,1,Normal,29,4,4,4,0,27,27,0,0,20,0,1,1,2,7,1,0,3,3,0,0,112,0,19,0,1,1,29,1,floor1_town
772,13116,1,Normal,25,2,2,2,0,27,27,0,0,10,0,1,1,0,4,0,0,3,3,0,0,56,0,7,0,1,1,43,1,ai_farm
772,13116,1,Normal,35,4,4,4,0,27,27,0,0,20,0,1,1,0,8,1,0,3,3,0,0,112,2,17,0,1,1,71,1,ai_farm
772,13116,1,Normal,37,4,4,4,0,27,27,0,0,20,0,1,1,0,11,2,0,3,3,0,0,112,2,20,0,1,1,99,1,ai_farm
772,13116,1,Normal,34,2,2,2,0,27,27,0,0,10,0,1,1,0,5,1,0,3,3,0,0,56,0,11,0,1,1,113,1,ai_farm
772,13116,1,Normal,29,3,3,3,0,27,27,0,0,15,0,1,1,0,6,3,0,3,3,0,0,84,9,14,0,1,1,134,1,ai_farm
772,13116,1,Normal,29,3,3,3,0,27,35,0,3,15,0,1,2,0,7,0,0,3,3,0,0,84,0,11,0,1,1,143,1,ai_farm; +1 levelup
772,13116,2,Normal,32,4,4,4,0,35,35,3,3,20,0,2,2,1,4,3,0,2,3,0,0,112,18,17,0,1,1,144,1,
772,13116,3,Normal,30,3,3,3,0,35,35,3,3,36,0,2,2,2,9,4,0,0,0,0,0,180,0,21,0,1,1,162,1,
773,13117,1,Normal,30,3,3,2,0,27,0,0,0,10,0,1,1,1,8,5,0,0,0,0,0,81,29,23,1,0,0,21,1,floor1_town; party wiped
774,13118,1,Normal,39,3,3,3,0,27,27,0,0,15,0,1,1,2,8,1,0,3,3,0,0,84,0,18,0,1,1,22,1,floor1_town
774,13118,1,Normal,31,0,0,0,0,27,27,0,0,0,0,1,1,0,0,0,0,3,3,0,0,0,0,0,0,1,1,22,0,ai_farm
774,13118,1,Normal,30,3,3,3,0,27,27,0,0,15,0,1,1,0,6,1,0,3,3,0,0,84,0,14,0,1,1,43,1,ai_farm
774,13118,1,Normal,29,3,3,3,0,27,27,0,0,15,0,1,1,0,8,2,0,3,3,0,0,84,0,16,0,1,1,64,1,ai_farm
774,13118,1,Normal,36,4,4,4,0,27,27,0,0,20,0,1,1,0,6,0,0,3,3,0,0,112,0,13,0,1,1,92,1,ai_farm
774,13118,1,Normal,37,6,6,6,0,27,27,0,0,30,0,1,1,0,8,0,0,3,3,0,0,168,0,20,0,1,1,134,1,ai_farm
774,13118,1,Normal,32,5,5,5,0,27,35,0,1,25,0,1,2,0,13,4,0,3,3,0,0,140,0,24,0,1,1,145,1,ai_farm; +1 levelup
774,13118,2,Normal,25,3,3,3,0,35,17,1,1,15,0,2,2,0,3,3,1,0,0,0,0,84,18,14,0,1,1,145,1,
774,13118,3,Normal,26,2,2,2,0,17,35,1,1,24,0,2,2,0,6,0,3,0,3,0,0,120,0,9,0,1,1,157,1,
775,13119,1,Normal,27,3,3,3,0,27,27,0,0,15,0,1,1,0,7,3,1,3,3,0,0,84,0,16,0,1,1,22,1,floor1_town
775,13119,1,Normal,37,4,4,4,0,27,27,0,0,20,0,1,1,1,9,3,0,3,3,0,0,112,2,23,0,1,1,50,1,ai_farm
775,13119,1,Normal,28,3,3,3,0,27,27,0,0,15,0,1,1,0,7,0,0,3,3,0,0,84,0,12,0,1,1,71,1,ai_farm
775,13119,1,Normal,40,6,6,6,0,27,27,0,0,30,0,1,1,0,17,5,0,3,3,0,0,168,20,36,0,1,1,113,1,ai_farm
775,13119,1,Normal,12,2,2,1,0,27,0,0,0,5,0,1,1,0,6,4,0,0,0,0,0,55,27,14,1,0,0,126,1,ai_farm; party wiped
776,13120,1,Normal,32,4,4,4,0,27,27,0,0,20,0,1,1,2,9,1,0,3,3,0,0,112,0,20,0,1,1,29,1,floor1_town
776,13120,1,Normal,27,4,4,3,0,27,0,0,0,15,0,1,1,0,11,9,0,0,0,0,0,107,51,30,1,0,0,56,1,ai_farm; party wiped
777,13121,1,Normal,37,3,3,3,0,27,27,0,0,15,0,1,1,1,6,0,0,3,3,0,0,84,0,12,0,1,1,22,1,floor1_town
777,13121,1,Normal,25,2,2,2,0,27,27,0,0,10,0,1,1,0,6,2,0,3,3,0,0,56,0,10,0,1,1,36,1,ai_farm
777,13121,1,Normal,35,4,4,4,0,27,27,0,0,20,0,1,1,0,7,2,0,3,3,0,0,112,0,19,0,1,1,64,1,ai_farm
777,13121,1,Normal,37,3,3,3,0,27,27,0,0,15,0,1,1,0,9,2,0,3,3,0,0,84,2,18,0,1,1,85,1,ai_farm
777,13121,1,Normal,36,5,5,5,0,27,27,0,0,25,0,1,1,0,13,3,0,3,3,0,0,140,0,23,0,1,1,120,1,ai_farm
777,13121,1,Normal,35,5,5,5,0,27,35,0,2,25,0,1,2,0,12,5,0,3,3,0,0,140,12,32,0,1,1,143,1,ai_farm; +1 levelup
777,13121,2,Normal,40,3,3,3,0,35,35,2,2,15,0,2,2,0,2,0,1,1,3,0,0,84,0,6,0,1,1,143,1,
777,13121,3,Normal,31,2,2,2,0,35,35,2,2,24,0,2,2,1,4,0,1,2,3,0,0,120,0,11,0,1,1,155,1,
778,13122,1,Normal,25,4,4,4,0,27,27,0,0,20,0,1,1,2,12,8,0,3,3,0,0,112,2,31,0,1,1,29,1,floor1_town
778,13122,1,Normal,40,4,4,4,0,27,27,0,0,20,0,1,1,0,9,4,0,3,3,0,0,112,0,18,0,1,1,57,1,ai_farm
778,13122,1,Normal,32,5,5,5,0,27,27,0,0,25,0,1,1,0,12,4,0,3,3,0,0,140,0,23,0,1,1,92,1,ai_farm
778,13122,1,Normal,34,3,3,3,0,27,27,0,0,15,0,1,1,0,9,5,0,3,3,0,0,84,2,19,0,1,1,113,1,ai_farm
778,13122,1,Normal,16,2,2,1,0,27,0,0,0,5,0,1,1,0,6,3,0,0,0,0,0,55,27,14,1,0,0,126,1,ai_farm; party wiped
779,13123,1,Normal,30,4,4,4,0,27,27,0,0,20,0,1,1,1,11,7,0,3,3,0,0,112,18,30,0,1,1,29,1,floor1_town
779,13123,1,Normal,30,3,3,3,0,27,27,0,0,15,0,1,1,0,9,6,0,3,3,0,0,84,4,22,0,1,1,50,1,ai_farm
779,13123,1,Normal,39,6,6,6,0,27,27,0,0,30,0,1,1,0,17,9,0,3,3,0,0,168,4,41,0,1,1,92,1,ai_farm
779,13123,1,Normal,35,4,4,4,0,27,27,0,0,20,0,1,1,0,11,0,0,3,3,0,0,112,0,21,0,1,1,120,1,ai_farm
779,13123,1,Normal,37,5,5,5,0,27,35,0,1,25,0,1,2,0,13,6,0,3,3,0,0,140,11,29,0,1,1,143,1,ai_farm; +1 levelup
779,13123,2,Normal,28,2,2,2,0,35,35,1,1,10,0,2,2,0,6,3,1,0,3,0,0,56,16,16,0,1,1,144,1,
779,13123,3,Normal,40,5,5,5,0,35,32,1,1,60,0,2,2,1,15,7,0,0,2,0,0,300,19,32,0,1,1,174,1,
780,13124,1,Normal,35,3,3,3,0,27,27,0,0,15,0,1,1,0,7,2,0,3,3,0,0,84,2,17,0,1,1,22,1,floor1_town
780,13124,1,Normal,31,2,2,2,0,27,27,0,0,10,0,1,1,0,5,0,0,3,3,0,0,56,0,9,0,1,1,36,1,ai_farm
780,13124,1,Normal,37,8,8,8,0,27,27,0,0,40,0,1,1,0,20,10,0,3,3,0,0,224,30,50,0,1,1,92,1,ai_farm
780,13124,1,Normal,36,7,7,7,0,27,35,0,1,35,0,1,2,0,16,3,0,3,3,0,0,196,2,32,0,1,1,141,1,ai_farm; +1 levelup
780,13124,2,Normal,25,3,3,3,0,35,23,1,1,15,0,2,2,1,3,3,0,0,0,0,0,84,12,13,0,1,1,141,1,
780,13124,3,Normal,31,4,4,4,0,23,35,1,1,48,0,2,2,1,11,5,0,1,3,0,0,240,0,26,0,1,1,165,1,
781,13125,1,Normal,29,3,3,2,0,27,0,0,0,10,0,1,1,1,6,3,0,0,0,0,0,83,27,18,1,0,0,21,1,floor1_town; party wiped
782,13126,1,Normal,28,3,3,3,0,27,27,0,0,15,0,1,1,0,5,0,0,3,3,0,0,84,0,12,0,1,1,22,1,floor1_town
782,13126,1,Normal,33,5,5,5,0,27,27,0,0,25,0,1,1,0,13,4,0,3,3,0,0,140,6,24,0,1,1,57,1,ai_farm
782,13126,1,Normal,28,1,1,1,0,27,27,0,0,5,0,1,1,0,2,0,0,3,3,0,0,28,0,3,0,1,1,64,1,ai_farm
782,13126,1,Normal,30,2,2,2,0,27,27,0,0,10,0,1,1,0,6,3,0,3,3,0,0,56,0,14,0,1,1,78,1,ai_farm
782,13126,1,Normal,32,4,4,4,0,27,27,0,0,20,0,1,1,0,12,8,0,3,3,0,0,112,4,30,0,1,1,106,1,ai_farm
782,13126,1,Normal,26,1,1,1,0,27,27,0,0,5,0,1,1,0,3,3,0,3,3,0,0,28,4,7,0,1,1,113,1,ai_farm
782,13126,1,Normal,10,2,2,1,0,27,0,0,0,5,0,1,1,0,5,3,0,0,0,0,0,55,27,12,1,0,0,126,1,ai_farm; party wiped
783,13127,1,Normal,33,3,3,3,0,27,27,0,0,15,0,1,1,1,3,0,0,3,3,0,0,84,0,13,0,1,1,22,1,floor1_town
783,13127,1,Normal,32,3,3,3,0,27,27,0,0,15,0,1,1,0,9,2,0,3,3,0,0,84,0,16,0,1,1,43,1,ai_farm
783,13127,1,Normal,40,3,3,3,0,27,27,0,0,15,0,1,1,0,6,1,0,3,3,0,0,84,0,16,0,1,1,64,1,ai_farm
783,13127,1,Normal,40,4,4,4,0,27,27,0,0,20,0,1,1,0,11,3,0,3,3,0,0,112,4,22,0,1,1,92,1,ai_farm
783,13127,1,Normal,12,2,2,1,0,27,0,0,0,5,0,1,1,0,6,4,0,0,0,0,0,55,27,15,1,0,0,105,1,ai_farm; party wiped
784,13128,1,Normal,38,3,3,3,0,27,27,0,0,15,0,1,1,0,8,2,0,3,3,0,0,84,0,15,0,1,1,22,1,floor1_town
784,13128,1,Normal,40,6,6,6,0,27,27,0,0,30,0,1,1,0,16,7,0,3,3,0,0,168,8,37,0,1,1,64,1,ai_farm
784,13128,1,Normal,30,3,3,3,0,27,27,0,0,15,0,1,1,0,6,1,0,3,3,0,0,84,2,16,0,1,1,85,1,ai_farm
784,13128,1,Normal,33,3,3,3,0,27,27,0,0,15,0,1,1,0,7,3,0,3,3,0,0,84,24,18,0,1,1,106,1,ai_farm
784,13128,1,Normal,25,3,3,3,0,27,27,0,0,15,0,1,1,0,8,0,0,3,3,0,0,84,0,15,0,1,1,127,1,ai_farm
784,13128,1,Normal,29,1,1,1,0,27,27,0,0,5,0,1,1,0,3,0,0,3,3,0,0,28,0,4,0,1,1,134,1,ai_farm
784,13128,1,Normal,27,5,5,4,0,27,0,0,2,20,0,1,2,0,11,4,0,0,0,0,0,136,36,26,1,0,0,144,1,ai_farm; party wiped; +1 levelup
785,13129,1,Normal,26,4,4,4,0,27,27,0,0,20,0,1,1,1,10,3,0,3,3,0,0,112,0,24,0,1,1,29,1,floor1_town
785,13129,1,Normal,28,2,2,2,0,27,27,0,0,10,0,1,1,0,6,2,0,3,3,0,0,56,0,11,0,1,1,43,1,ai_farm
785,13129,1,Normal,28,4,4,4,0,27,27,0,0,20,0,1,1,0,8,0,0,3,3,0,0,112,0,19,0,1,1,71,1,ai_farm
785,13129,1,Normal,38,5,5,5,0,27,27,0,0,25,0,1,1,0,11,4,0,3,3,0,0,140,14,23,0,1,1,106,1,ai_farm
785,13129,1,Normal,40,6,6,6,0,27,35,0,3,30,0,1,2,0,12,3,0,3,3,0,0,168,6,29,0,1,1,142,1,ai_farm; +1 levelup
785,13129,2,Normal,38,1,1,1,0,35,35,3,3,5,0,2,2,0,3,1,1,0,2,0,0,28,0,5,0,1,1,142,1,
785,13129,3,Normal,30,3,3,3,0,35,35,3,3,36,0,2,2,2,9,3,1,0,2,0,0,180,0,24,0,1,1,160,1,
786,13130,1,Normal,31,4,4,4,0,27,27,0,0,20,0,1,1,0,7,2,0,3,3,0,0,112,0,17,0,1,1,29,1,floor1_town
786,13130,1,Normal,26,2,2,2,0,27,27,0,0,10,0,1,1,0,6,3,0,3,3,0,0,56,2,13,0,1,1,43,1,ai_farm
786,13130,1,Normal,26,2,2,2,0,27,27,0,0,10,0,1,1,0,1,0,0,3,3,0,0,56,0,8,0,1,1,57,1,ai_farm
786,13130,1,Normal,30,4,4,4,0,27,27,0,0,20,0,1,1,0,9,2,0,3,3,0,0,112,0,22,0,1,1,85,1,ai_farm
786,13130,1,Normal,36,4,4,4,0,27,27,0,0,20,0,1,1,0,11,5,0,3,3,0,0,112,0,24,0,1,1,113,1,ai_farm
786,13130,1,Normal,30,3,3,3,0,27,27,0,0,15,0,1,1,0,8,2,0,3,3,0,0,84,0,13,0,1,1,134,1,ai_farm
786,13130,1,Normal,30,5,5,5,0,27,35,0,2,25,0,1,2,0,10,3,0,3,3,0,0,140,12,24,0,1,1,145,1,ai_farm; +1 levelup
786,13130,2,Normal,21,4,4,3,0,35,0,2,2,15,0,2,2,1,3,3,0,0,0,0,0,97,35,19,1,0,0,145,1,party wiped
787,13131,1,Normal,36,3,3,3,0,27,27,0,0,15,0,1,1,2,5,0,0,3,3,0,0,84,0,12,0,1,1,22,1,floor1_town
787,13131,1,Normal,27,2,2,2,0,27,27,0,0,10,0,1,1,0,6,1,0,3,3,0,0,56,0,14,0,1,1,36,1,ai_farm
787,13131,1,Normal,34,6,6,6,0,27,27,0,0,30,0,1,1,0,14,6,0,3,3,0,0,168,2,33,0,1,1,78,1,ai_farm
787,13131,1,Normal,30,4,4,4,0,27,27,0,0,20,0,1,1,0,12,4,0,3,3,0,0,112,0,26,0,1,1,106,1,ai_farm
787,13131,1,Normal,25,4,4,4,0,27,27,0,0,20,0,1,1,0,12,6,0,3,3,0,0,112,0,26,0,1,1,134,1,ai_farm
787,13131,1,Normal,5,1,1,0,0,27,0,0,0,0,0,1,1,0,3,3,0,0,0,0,0,18,27,10,1,0,0,140,1,ai_farm; party wiped
788,13132,1,Normal,40,5,5,5,0,27,27,0,0,25,0,1,1,0,13,5,0,3,3,0,0,140,8,26,0,1,1,36,1,floor1_town
788,13132,1,Normal,28,2,2,2,0,27,27,0,0,10,0,1,1,0,6,3,0,3,3,0,0,56,14,16,0,1,1,50,1,ai_farm
788,13132,1,Normal,34,4,4,4,0,27,27,0,0,20,0,1,1,0,10,1,0,3,3,0,0,112,0,20,0,1,1,78,1,ai_farm
788,13132,1,Normal,27,4,4,4,0,27,27,0,0,20,0,1,1,0,12,4,0,3,3,0,0,112,2,24,0,1,1,106,1,ai_farm
788,13132,1,Normal,32,5,5,5,0,27,34,0,3,25,0,1,2,0,11,3,0,3,3,0,0,140,2,25,0,1,1,141,1,ai_farm; +1 levelup
788,13132,2,Normal,25,0,0,0,0,34,34,3,3,0,0,2,2,0,0,0,2,3,3,0,0,0,0,0,0,1,1,141,0,
788,13132,3,Normal,10,1,1,0,0,34,0,3,3,0,0,2,2,3,3,3,0,0,0,0,0,53,34,12,1,0,0,147,1,party wiped
789,13133,1,Normal,29,4,4,4,0,27,27,0,0,20,0,1,1,2,9,2,0,3,3,0,0,112,0,22,0,1,1,29,1,floor1_town
789,13133,1,Normal,29,1,1,1,0,27,27,0,0,5,0,1,1,0,3,1,0,3,3,0,0,28,0,8,0,1,1,36,1,ai_farm
789,13133,1,Normal,30,3,3,3,0,27,27,0,0,15,0,1,1,0,7,1,0,3,3,0,0,84,0,14,0,1,1,57,1,ai_farm
789,13133,1,Normal,37,4,4,4,0,27,27,0,0,20,0,1,1,0,9,1,0,3,3,0,0,112,0,20,0,1,1,85,1,ai_farm
789,13133,1,Normal,28,5,5,5,0,27,27,0,0,25,0,1,1,0,11,0,0,3,3,0,0,140,0,22,0,1,1,120,1,ai_farm
789,13133,1,Normal,26,5,5,5,0,27,34,0,1,25,0,1,2,0,12,8,0,3,3,0,0,140,4,32,0,1,1,143,1,ai_farm; +1 levelup
789,13133,2,Normal,26,3,3,3,0,34,34,1,1,15,0,2,2,1,4,3,1,2,3,0,0,84,12,16,0,1,1,144,1,
789,13133,3,Normal,2,1,1,0,0,34,0,1,1,0,0,2,2,1,3,3,0,0,0,0,0,53,34,10,1,0,0,150,1,party wiped
790,13134,1,Normal,34,3,3,3,0,27,27,0,0,15,0,1,1,0,9,3,0,3,3,0,0,84,2,16,0,1,1,22,1,floor1_town
790,13134,1,Normal,37,2,2,2,0,27,27,0,0,10,0,1,1,0,6,3,0,3,3,0,0,56,0,16,0,1,1,36,1,ai_farm
790,13134,1,Normal,36,4,4,4,0,27,27,0,0,20,0,1,1,0,10,3,0,3,3,0,0,112,0,19,0,1,1,64,1,ai_farm
790,13134,1,Normal,38,5,5,5,0,27,27,0,0,25,0,1,1,0,13,3,0,3,3,0,0,140,2,28,0,1,1,99,1,ai_farm
790,13134,1,Normal,18,2,2,1,0,27,0,0,0,5,0,1,1,0,4,3,0,0,0,0,0,46,27,11,1,0,0,112,1,ai_farm; party wiped
791,13135,1,Normal,38,5,5,5,0,27,27,0,0,25,0,1,1,2,11,1,0,3,3,0,0,140,0,25,0,1,1,36,1,floor1_town
791,13135,1,Normal,32,2,2,2,0,27,27,0,0,10,0,1,1,0,4,0,0,3,3,0,0,56,0,10,0,1,1,50,1,ai_farm
791,13135,1,Normal,27,2,2,2,0,27,27,0,0,10,0,1,1,0,5,3,0,3,3,0,0,56,0,13,0,1,1,64,1,ai_farm
791,13135,1,Normal,32,4,4,4,0,27,27,0,0,20,0,1,1,0,12,2,0,3,3,0,0,112,2,22,0,1,1,92,1,ai_farm
791,13135,1,Normal,37,3,3,3,0,27,27,0,0,15,0,1,1,0,9,4,0,3,3,0,0,84,0,17,0,1,1,113,1,ai_farm
791,13135,1,Normal,25,4,4,4,0,27,34,0,3,20,0,1,2,0,10,5,0,3,3,0,0,112,2,26,0,1,1,141,1,ai_farm; +1 levelup
791,13135,2,Normal,25,3,3,3,0,34,25,3,3,15,0,2,2,1,3,3,1,0,0,0,0,84,9,17,0,1,1,141,1,
791,13135,3,Normal,28,4,4,4,0,25,34,3,3,48,0,2,2,1,12,4,0,0,1,0,0,240,0,25,0,1,1,165,1,
792,13136,1,Normal,27,2,2,2,0,27,27,0,0,10,0,1,1,0,6,4,0,3,3,0,0,56,0,14,0,1,1,15,1,floor1_town
792,13136,1,Normal,29,3,3,3,0,27,27,0,0,15,0,1,1,0,8,2,0,3,3,0,0,84,0,15,0,1,1,36,1,ai_farm
792,13136,1,Normal,31,5,5,5,0,27,27,0,0,25,0,1,1,0,14,6,0,3,3,0,0,140,0,34,0,1,1,71,1,ai_farm
792,13136,1,Normal,28,3,3,3,0,27,27,0,0,15,0,1,1,0,9,6,0,3,3,0,0,84,0,24,0,1,1,92,1,ai_farm
792,13136,1,Normal,39,5,5,5,0,27,27,0,0,25,0,1,1,0,10,4,0,3,3,0,0,140,0,24,0,1,1,127,1,ai_farm
792,13136,1,Normal,36,4,4,4,0,27,35,0,3,20,0,1,2,0,9,5,0,3,3,0,0,112,16,20,0,1,1,143,1,ai_farm; +1 levelup
792,13136,2,Normal,26,4,4,4,0,35,35,3,3,20,0,2,2,0,3,3,1,0,0,0,0,112,0,13,0,1,1,143,1,
792,13136,3,Normal,3,1,1,0,0,35,0,3,3,0,0,2,2,0,3,3,3,0,0,0,0,34,35,8,1,0,0,149,1,party wiped
793,13137,1,Normal,32,4,4,4,0,27,27,0,0,20,0,1,1,2,8,2,0,3,3,0,0,112,0,20,0,1,1,29,1,floor1_town
793,13137,1,Normal,34,3,3,3,0,27,27,0,0,15,0,1,1,0,5,2,0,3,3,0,0,84,0,14,0,1,1,50,1,ai_farm
793,13137,1,Normal,34,5,5,5,0,27,27,0,0,25,0,1,1,0,15,5,0,3,3,0,0,140,14,30,0,1,1,85,1,ai_farm
793,13137,1,Normal,29,3,3,3,0,27,27,0,0,15,0,1,1,0,9,3,0,3,3,0,0,84,2,17,0,1,1,106,1,ai_farm
793,13137,1,Normal,40,2,2,2,0,27,27,0,0,10,0,1,1,0,6,2,0,3,3,0,0,56,2,14,0,1,1,120,1,ai_farm
793,13137,1,Normal,31,3,3,3,0,27,36,0,1,15,0,1,2,0,7,3,0,3,3,0,0,84,2,17,0,1,1,141,1,ai_farm; +1 levelup
793,13137,2,Normal,39,3,3,3,0,36,36,1,1,15,0,2,2,0,3,2,0,0,1,0,0,84,0,12,0,1,1,141,1,
793,13137,3,Normal,38,4,4,4,0,36,36,1,1,48,0,2,2,1,12,4,0,0,3,0,0,240,16,26,0,1,1,165,1,
794,13138,1,Normal,37,5,5,5,0,27,27,0,0,25,0,1,1,1,13,4,0,3,3,0,0,140,0,27,0,1,1,36,1,floor1_town
794,13138,1,Normal,17,1,1,0,0,27,0,0,0,0,0,1,1,0,3,3,0,0,0,0,0,27,27,11,1,0,0,42,1,ai_farm; party wiped
795,13139,1,Normal,25,2,2,2,0,27,27,0,0,10,0,1,1,2,4,1,0,3,3,0,0,56,0,12,0,1,1,15,1,floor1_town
795,13139,1,Normal,29,3,3,3,0,27,27,0,0,15,0,1,1,0,7,5,0,3,3,0,0,84,12,21,0,1,1,36,1,ai_farm
795,13139,1,Normal,40,4,4,4,0,27,27,0,0,20,0,1,1,0,11,4,0,3,3,0,0,112,0,22,0,1,1,64,1,ai_farm
795,13139,1,Normal,29,4,4,4,0,27,27,0,0,20,0,1,1,0,10,5,0,3,3,0,0,112,0,24,0,1,1,92,1,ai_farm
795,13139,1,Normal,34,4,4,4,0,27,27,0,0,20,0,1,1,0,10,2,0,3,3,0,0,112,2,21,0,1,1,120,1,ai_farm
795,13139,1,Normal,28,2,2,2,0,27,27,0,0,10,0,1,1,0,4,0,0,3,3,0,0,56,0,10,0,1,1,134,1,ai_farm
795,13139,1,Normal,29,2,2,2,0,27,34,0,3,10,0,1,2,0,3,1,0,3,3,0,0,56,0,9,0,1,1,142,1,ai_farm; +1 levelup
795,13139,2,Normal,34,4,4,4,0,34,25,3,3,20,0,2,2,0,6,1,1,0,2,0,0,112,18,23,0,1,1,143,1,
795,13139,3,Normal,13,3,3,2,0,25,0,3,3,24,0,2,2,1,9,7,0,0,0,0,0,162,52,27,1,0,0,161,1,party wiped
796,13140,1,Normal,30,5,5,5,0,27,27,0,0,25,0,1,1,1,11,5,0,3,3,0,0,140,4,26,0,1,1,36,1,floor1_town
796,13140,1,Normal,31,2,2,2,0,27,27,0,0,10,0,1,1,0,4,0,0,3,3,0,0,56,0,8,0,1,1,50,1,ai_farm
796,13140,1,Normal,34,3,3,3,0,27,27,0,0,15,0,1,1,0,8,2,0,3,3,0,0,84,0,16,0,1,1,71,1,ai_farm
796,13140,1,Normal,36,3,3,3,0,27,27,0,0,15,0,1,1,0,8,2,0,3,3,0,0,84,0,14,0,1,1,92,1,ai_farm
796,13140,1,Normal,27,1,1,1,0,27,27,0,0,5,0,1,1,0,0,0,0,3,3,0,0,28,0,4,0,1,1,99,1,ai_farm
796,13140,1,Normal,40,5,5,5,0,27,27,0,0,25,0,1,1,0,15,4,0,3,3,0,0,140,2,38,0,1,1,134,1,ai_farm
796,13140,1,Normal,30,6,6,6,0,27,35,0,1,30,0,1,2,0,10,0,0,3,3,0,0,168,0,22,0,1,1,146,1,ai_farm; +1 levelup
796,13140,2,Normal,39,4,4,4,0,35,35,1,1,20,0,2,2,0,3,3,2,0,0,0,0,112,0,13,0,1,1,146,1,
796,13140,3,Normal,29,5,5,5,0,35,35,1,1,60,0,2,2,4,15,7,0,0,2,0,0,300,0,36,0,1,1,176,1,
797,13141,1,Normal,35,4,4,4,0,27,27,0,0,20,0,1,1,2,10,2,0,3,3,0,0,112,2,21,0,1,1,29,1,floor1_town
797,13141,1,Normal,32,3,3,3,0,27,27,0,0,15,0,1,1,0,8,3,0,3,3,0,0,84,9,19,0,1,1,50,1,ai_farm
797,13141,1,Normal,33,3,3,3,0,27,27,0,0,15,0,1,1,0,7,3,0,3,3,0,0,84,26,21,0,1,1,71,1,ai_farm
797,13141,1,Normal,28,2,2,2,0,27,27,0,0,10,0,1,1,0,5,1,0,3,3,0,0,56,0,9,0,1,1,85,1,ai_farm
797,13141,1,Normal,29,3,3,3,0,27,27,0,0,15,0,1,1,0,7,1,0,3,3,0,0,84,0,18,0,1,1,106,1,ai_farm
797,13141,1,Normal,30,1,1,1,0,27,27,0,0,5,0,1,1,0,3,1,0,3,3,0,0,28,0,5,0,1,1,113,1,ai_farm
797,13141,1,Normal,38,4,4,4,0,27,34,0,2,20,0,1,2,0,12,8,0,3,3,0,0,112,18,30,0,1,1,141,1,ai_farm; +1 levelup
797,13141,2,Normal,33,3,3,3,0,34,23,2,2,15,0,2,2,0,3,3,2,0,0,0,0,84,11,14,0,1,1,141,1,
797,13141,3,Normal,8,2,2,1,0,23,0,2,2,12,0,2,2,2,6,6,0,0,0,0,0,103,34,17,1,0,0,153,1,party wiped
798,13142,1,Normal,39,2,2,2,0,27,27,0,0,10,0,1,1,1,4,0,0,3,3,0,0,56,0,8,0,1,1,15,1,floor1_town
798,13142,1,Normal,32,3,3,3,0,27,27,0,0,15,0,1,1,0,9,3,0,3,3,0,0,84,0,15,0,1,1,36,1,ai_farm
798,13142,1,Normal,25,3,3,3,0,27,27,0,0,15,0,1,1,0,8,4,0,3,3,0,0,84,18,20,0,1,1,57,1,ai_farm
798,13142,1,Normal,36,3,3,3,0,27,27,0,0,15,0,1,1,0,8,3,0,3,3,0,0,84,0,19,0,1,1,78,1,ai_farm
798,13142,1,Normal,29,2,2,2,0,27,27,0,0,10,0,1,1,0,6,1,0,3,3,0,0,56,0,11,0,1,1,92,1,ai_farm
798,13142,1,Normal,27,2,2,2,0,27,27,0,0,10,0,1,1,0,6,3,0,3,3,0,0,56,0,13,0,1,1,106,1,ai_farm
798,13142,1,Normal,39,3,3,3,0,27,27,0,0,15,0,1,1,0,9,5,0,3,3,0,0,84,0,22,0,1,1,127,1,ai_farm
798,13142,1,Normal,29,4,4,4,0,27,35,0,3,20,0,1,2,0,11,1,0,3,3,0,0,112,7,22,0,1,1,143,1,ai_farm; +1 levelup
798,13142,2,Normal,25,1,1,1,0,35,26,3,3,5,0,2,2,0,1,0,1,2,3,0,0,28,9,6,0,1,1,143,1,
798,13142,3,Normal,6,1,1,0,0,26,0,3,3,0,0,2,2,2,3,3,1,0,0,0,0,57,35,13,1,0,0,149,1,party wiped
799,13143,1,Normal,13,3,3,2,0,27,0,0,0,10,0,1,1,2,5,3,0,0,0,0,0,74,27,17,1,0,0,21,1,floor1_town; party wiped
800,13144,1,Normal,33,4,4,4,0,27,27,0,0,20,0,1,1,1,10,3,0,3,3,0,0,112,2,24,0,1,1,29,1,floor1_town
800,13144,1,Normal,33,4,4,4,0,27,27,0,0,20,0,1,1,0,7,2,0,3,3,0,0,112,2,18,0,1,1,57,1,ai_farm
800,13144,1,Normal,32,4,4,4,0,27,27,0,0,20,0,1,1,0,11,4,0,3,3,0,0,112,23,25,0,1,1,85,1,ai_farm
800,13144,1,Normal,27,3,3,3,0,27,27,0,0,15,0,1,1,0,9,3,0,3,3,0,0,84,0,19,0,1,1,106,1,ai_farm
800,13144,1,Normal,29,2,2,2,0,27,27,0,0,10,0,1,1,0,5,0,0,3,3,0,0,56,0,9,0,1,1,120,1,ai_farm
800,13144,1,Normal,33,2,2,2,0,27,27,0,0,10,0,1,1,0,4,1,0,3,3,0,0,56,0,12,0,1,1,134,1,ai_farm
800,13144,1,Normal,3,1,1,0,0,27,0,0,0,0,0,1,1,0,3,3,0,0,0,0,0,18,27,9,1,0,0,140,1,ai_farm; party wiped
801,13145,1,Normal,37,5,5,5,0,27,27,0,0,25,0,1,1,0,12,6,0,3,3,0,0,140,0,26,0,1,1,36,1,floor1_town
801,13145,1,Normal,33,3,3,3,0,27,27,0,0,15,0,1,1,0,8,0,0,3,3,0,0,84,0,14,0,1,1,57,1,ai_farm
801,13145,1,Normal,29,3,3,3,0,27,27,0,0,15,0,1,1,0,8,1,0,3,3,0,0,84,0,12,0,1,1,78,1,ai_farm
801,13145,1,Normal,25,3,3,3,0,27,27,0,0,15,0,1,1,0,5,1,0,3,3,0,0,84,2,11,0,1,1,99,1,ai_farm
801,13145,1,Normal,26,2,2,2,0,27,27,0,0,10,0,1,1,0,6,1,0,3,3,0,0,56,0,12,0,1,1,113,1,ai_farm
801,13145,1,Normal,23,2,2,1,0,27,0,0,0,5,0,1,1,0,6,6,0,0,0,0,0,51,27,15,1,0,0,126,1,ai_farm; party wiped
802,13146,1,Normal,26,3,3,3,0,27,27,0,0,15,0,1,1,1,6,0,0,3,3,0,0,84,0,11,0,1,1,22,1,floor1_town
802,13146,1,Normal,29,2,2,2,0,27,27,0,0,10,0,1,1,0,4,1,0,3,3,0,0,56,0,9,0,1,1,36,1,ai_farm
802,13146,1,Normal,39,4,4,4,0,27,27,0,0,20,0,1,1,0,7,1,0,3,3,0,0,112,2,15,0,1,1,64,1,ai_farm
802,13146,1,Normal,38,4,4,4,0,27,27,0,0,20,0,1,1,0,9,1,0,3,3,0,0,112,0,17,0,1,1,92,1,ai_farm
802,13146,1,Normal,28,3,3,3,0,27,27,0,0,15,0,1,1,0,8,0,0,3,3,0,0,84,0,12,0,1,1,113,1,ai_farm
802,13146,1,Normal,37,4,4,4,0,27,36,0,1,20,0,1,2,0,10,3,0,3,3,0,0,112,18,21,0,1,1,141,1,ai_farm; +1 levelup
802,13146,2,Normal,25,3,3,3,0,36,36,1,1,15,0,2,2,0,3,3,2,3,3,0,0,84,12,13,0,1,1,142,1,
802,13146,3,Normal,39,2,2,2,0,36,36,1,1,24,0,2,2,2,6,3,0,0,1,0,0,120,0,15,0,1,1,154,1,
803,13147,1,Normal,18,3,3,2,0,27,0,0,0,10,0,1,1,0,7,3,0,0,0,0,0,83,27,15,1,0,0,21,1,floor1_town; party wiped
804,13148,1,Normal,35,5,5,5,0,27,27,0,0,25,0,1,1,1,10,4,0,3,3,0,0,140,0,24,0,1,1,36,1,floor1_town
804,13148,1,Normal,31,2,2,2,0,27,27,0,0,10,0,1,1,0,5,0,0,3,3,0,0,56,0,7,0,1,1,50,1,ai_farm
804,13148,1,Normal,30,4,4,4,0,27,27,0,0,20,0,1,1,0,12,6,0,3,3,0,0,112,0,23,0,1,1,78,1,ai_farm
804,13148,1,Normal,27,5,5,5,0,27,27,0,0,25,0,1,1,0,14,5,0,3,3,0,0,140,2,27,0,1,1,113,1,ai_farm
804,13148,1,Normal,34,3,3,3,0,27,27,0,0,15,0,1,1,0,5,0,0,3,3,0,0,84,0,12,0,1,1,134,1,ai_farm
804,13148,1,Normal,25,1,1,1,0,27,35,0,3,5,0,1,2,0,2,0,0,3,3,0,0,28,0,3,0,1,1,141,1,ai_farm; +1 levelup
804,13148,2,Normal,25,0,0,0,0,35,35,3,3,0,0,2,2,0,0,0,1,3,3,0,0,0,0,0,0,1,1,141,0,
804,13148,3,Normal,29,3,3,3,0,35,10,3,3,36,0,2,2,2,9,6,0,0,0,0,0,180,25,23,0,1,1,159,1,
805,13149,1,Normal,40,5,5,5,0,27,27,0,0,25,0,1,1,0,10,0,0,3,3,0,0,140,0,20,0,1,1,36,1,floor1_town
805,13149,1,Normal,25,4,4,4,0,27,27,0,0,20,0,1,1,0,9,1,0,3,3,0,0,112,0,17,0,1,1,64,1,ai_farm
805,13149,1,Normal,29,4,4,4,0,27,27,0,0,20,0,1,1,0,12,6,0,3,3,0,0,112,4,26,0,1,1,92,1,ai_farm
805,13149,1,Normal,31,3,3,3,0,27,27,0,0,15,0,1,1,0,7,1,0,3,3,0,0,84,0,17,0,1,1,113,1,ai_farm
805,13149,1,Normal,26,2,2,2,0,27,27,0,0,10,0,1,1,0,6,6,0,3,3,0,0,56,14,17,0,1,1,127,1,ai_farm
805,13149,1,Normal,38,5,5,5,0,27,36,0,3,25,0,1,2,0,7,2,0,3,3,0,0,140,2,20,0,1,1,144,1,ai_farm; +1 levelup
805,13149,2,Normal,26,3,3,3,0,36,36,3,3,15,0,2,2,0,3,2,1,0,1,0,0,84,0,10,0,1,1,144,1,
805,13149,3,Normal,25,2,2,2,0,36,36,3,3,24,0,2,2,1,6,2,0,0,3,0,0,120,0,14,0,1,1,156,1,
806,13150,1,Normal,24,3,3,2,0,27,0,0,0,10,0,1,1,1,9,8,0,0,0,0,0,83,51,26,1,0,0,21,1,floor1_town; party wiped
807,13151,1,Normal,34,3,3,3,0,27,27,0,0,15,0,1,1,0,9,1,0,3,3,0,0,84,0,16,0,1,1,22,1,floor1_town
807,13151,1,Normal,25,2,2,2,0,27,27,0,0,10,0,1,1,0,6,2,0,3,3,0,0,56,0,12,0,1,1,36,1,ai_farm
807,13151,1,Normal,37,3,3,3,0,27,27,0,0,15,0,1,1,0,7,0,0,3,3,0,0,84,0,14,0,1,1,57,1,ai_farm
807,13151,1,Normal,30,4,4,4,0,27,27,0,0,20,0,1,1,0,11,5,0,3,3,0,0,112,28,25,0,1,1,85,1,ai_farm
807,13151,1,Normal,38,2,2,2,0,27,27,0,0,10,0,1,1,0,6,2,0,3,3,0,0,56,2,10,0,1,1,99,1,ai_farm
807,13151,1,Normal,25,3,3,3,0,27,27,0,0,15,0,1,1,0,9,7,0,3,3,0,0,84,14,23,0,1,1,120,1,ai_farm
807,13151,1,Normal,32,2,2,2,0,27,27,0,0,10,0,1,1,0,6,3,0,3,3,0,0,56,0,14,0,1,1,134,1,ai_farm
807,13151,1,Normal,29,1,1,1,0,27,35,0,2,5,0,1,2,0,2,0,0,3,3,0,0,28,0,4,0,1,1,141,1,ai_farm; +1 levelup
807,13151,2,Normal,28,1,1,1,0,35,35,2,2,5,0,2,2,0,3,2,2,0,1,0,0,28,0,8,0,1,1,141,1,
807,13151,3,Normal,28,5,5,4,0,35,0,2,2,48,0,2,2,3,15,9,0,0,0,0,0,293,44,41,1,0,0,171,1,party wiped
808,13152,1,Normal,23,3,3,2,0,27,0,0,0,10,0,1,1,1,8,3,0,0,0,0,0,79,27,17,1,0,0,21,1,floor1_town; party wiped
809,13153,1,Normal,27,4,4,4,0,27,27,0,0,20,0,1,1,0,8,4,0,3,3,0,0,112,2,21,0,1,1,29,1,floor1_town
809,13153,1,Normal,28,4,4,4,0,27,27,0,0,20,0,1,1,0,12,5,0,3,3,0,0,112,0,23,0,1,1,57,1,ai_farm
809,13153,1,Normal,32,5,5,5,0,27,27,0,0,25,0,1,1,0,14,6,0,3,3,0,0,140,2,30,0,1,1,92,1,ai_farm
809,13153,1,Normal,40,3,3,3,0,27,27,0,0,15,0,1,1,0,7,2,0,3,3,0,0,84,0,14,0,1,1,113,1,ai_farm
809,13153,1,Normal,31,3,3,3,0,27,27,0,0,15,0,1,1,0,9,3,0,3,3,0,0,84,18,17,0,1,1,134,1,ai_farm
809,13153,1,Normal,25,3,3,3,0,27,35,0,2,15,0,1,2,0,7,0,0,3,3,0,0,84,0,12,0,1,1,143,1,ai_farm; +1 levelup
809,13153,2,Normal,30,4,4,4,0,35,35,2,2,20,0,2,2,0,4,3,0,2,3,0,0,112,19,14,0,1,1,144,1,
809,13153,3,Normal,14,2,2,1,0,35,0,2,2,12,0,2,2,2,6,3,0,0,0,0,0,113,35,18,1,0,0,156,1,party wiped
810,13154,1,Normal,32,3,3,3,0,27,27,0,0,15,0,1,1,2,5,0,0,3,3,0,0,84,0,11,0,1,1,22,1,floor1_town
810,13154,1,Normal,27,1,1,1,0,27,27,0,0,5,0,1,1,0,3,2,0,3,3,0,0,28,0,6,0,1,1,29,1,ai_farm
810,13154,1,Normal,38,5,5,5,0,27,27,0,0,25,0,1,1,0,15,6,0,3,3,0,0,140,6,30,0,1,1,64,1,ai_farm
810,13154,1,Normal,26,3,3,3,0,27,27,0,0,15,0,1,1,0,9,3,0,3,3,0,0,84,0,18,0,1,1,85,1,ai_farm
810,13154,1,Normal,25,2,2,2,0,27,27,0,0,10,0,1,1,0,3,0,0,3,3,0,0,56,0,7,0,1,1,99,1,ai_farm
810,13154,1,Normal,35,4,4,4,0,27,27,0,0,20,0,1,1,0,9,6,0,3,3,0,0,112,0,22,0,1,1,127,1,ai_farm
810,13154,1,Normal,35,4,4,4,0,27,35,0,2,20,0,1,2,0,11,4,0,3,3,0,0,112,2,27,0,1,1,143,1,ai_farm; +1 levelup
810,13154,2,Normal,28,5,5,5,0,35,35,2,2,25,0,2,2,0,4,3,1,0,0,0,0,140,8,19,0,1,1,144,1,
810,13154,3,Normal,35,2,2,2,0,35,35,2,2,24,0,2,2,2,4,0,0,2,3,0,0,120,0,12,0,1,1,156,1,
811,13155,1,Normal,20,3,3,2,0,27,0,0,0,10,0,1,1,0,6,3,0,0,0,0,0,56,27,15,1,0,0,21,1,floor1_town; party wiped
812,13156,1,Normal,25,2,2,2,0,27,27,0,0,10,0,1,1,2,4,0,0,3,3,0,0,56,0,11,0,1,1,15,1,floor1_town
812,13156,1,Normal,34,4,4,4,0,27,27,0,0,20,0,1,1,0,8,3,0,3,3,0,0,112,0,19,0,1,1,43,1,ai_farm
812,13156,1,Normal,33,3,3,3,0,27,27,0,0,15,0,1,1,0,8,3,0,3,3,0,0,84,0,22,0,1,1,64,1,ai_farm
812,13156,1,Normal,25,2,2,2,0,27,27,0,0,10,0,1,1,0,6,3,0,3,3,0,0,56,0,12,0,1,1,78,1,ai_farm
812,13156,1,Normal,34,3,3,3,0,27,27,0,0,15,0,1,1,0,7,5,0,3,3,0,0,84,14,19,0,1,1,99,1,ai_farm
812,13156,1,Normal,36,2,2,2,0,27,27,0,0,10,0,1,1,0,5,3,0,3,3,0,0,56,0,10,0,1,1,113,1,ai_farm
812,13156,1,Normal,35,6,6,6,0,27,35,0,1,30,0,1,2,0,14,3,0,3,3,0,0,168,0,30,0,1,1,143,1,ai_farm; +1 levelup
812,13156,2,Normal,35,5,5,5,0,35,35,1,1,25,0,2,2,2,5,3,0,1,3,0,0,140,27,24,0,1,1,144,1,
812,13156,3,Normal,38,4,4,4,0,35,35,1,1,48,0,2,2,2,9,4,0,0,2,0,0,240,3,27,0,1,1,168,1,
813,13157,1,Normal,30,4,4,4,0,27,27,0,0,20,0,1,1,0,11,5,0,3,3,0,0,112,0,23,0,1,1,29,1,floor1_town
813,13157,1,Normal,25,2,2,2,0,27,27,0,0,10,0,1,1,0,5,0,0,3,3,0,0,56,0,10,0,1,1,43,1,ai_farm
813,13157,1,Normal,37,4,4,4,0,27,27,0,0,20,0,1,1,0,9,0,0,3,3,0,0,112,0,19,0,1,1,71,1,ai_farm
813,13157,1,Normal,33,4,4,4,0,27,27,0,0,20,0,1,1,0,11,6,0,3,3,0,0,112,14,28,0,1,1,99,1,ai_farm
813,13157,1,Normal,36,5,5,5,0,27,27,0,0,25,0,1,1,0,15,5,0,3,3,0,0,140,4,32,0,1,1,134,1,ai_farm
813,13157,1,Normal,25,3,3,3,0,27,35,0,3,15,0,1,2,0,5,0,0,3,3,0,0,84,0,12,0,1,1,143,1,ai_farm; +1 levelup
813,13157,2,Normal,33,4,4,4,0,35,26,3,3,20,0,2,2,1,4,3,0,2,3,0,0,112,33,20,0,1,1,144,1,
813,13157,3,Normal,29,4,4,4,0,26,35,3,3,48,0,2,2,0,12,6,0,0,1,0,0,240,19,25,0,1,1,168,1,
814,13158,1,Normal,34,5,5,5,0,27,27,0,0,25,0,1,1,2,12,4,0,3,3,0,0,140,2,30,0,1,1,36,1,floor1_town
814,13158,1,Normal,31,2,2,2,0,27,27,0,0,10,0,1,1,0,5,1,0,3,3,0,0,56,0,9,0,1,1,50,1,ai_farm
814,13158,1,Normal,25,2,2,2,0,27,27,0,0,10,0,1,1,0,4,0,0,3,3,0,0,56,0,7,0,1,1,64,1,ai_farm
814,13158,1,Normal,28,4,4,4,0,27,27,0,0,20,0,1,1,0,9,5,0,3,3,0,0,112,2,20,0,1,1,92,1,ai_farm
814,13158,1,Normal,28,3,3,3,0,27,27,0,0,15,0,1,1,0,7,2,0,3,3,0,0,84,2,17,0,1,1,113,1,ai_farm
814,13158,1,Normal,34,6,6,6,0,27,35,0,2,30,0,1,2,0,13,6,0,3,3,0,0,168,4,29,0,1,1,143,1,ai_farm; +1 levelup
814,13158,2,Normal,25,4,4,4,0,35,35,2,2,20,0,2,2,0,6,1,0,0,2,0,0,112,8,14,0,1,1,144,1,
814,13158,3,Normal,32,3,3,3,0,35,35,2,2,36,0,2,2,1,8,1,1,0,2,0,0,180,0,17,0,1,1,162,1,
815,13159,1,Normal,39,7,7,6,0,27,0,0,0,30,0,1,1,0,18,7,0,0,0,0,0,191,31,39,1,0,0,49,1,floor1_town; party wiped
816,13160,1,Normal,28,3,3,3,0,27,27,0,0,15,0,1,1,2,9,5,0,3,3,0,0,84,0,22,0,1,1,22,1,floor1_town
816,13160,1,Normal,37,7,7,7,0,27,27,0,0,35,0,1,1,0,21,7,0,3,3,0,0,196,2,44,0,1,1,71,1,ai_farm
816,13160,1,Normal,29,3,3,3,0,27,27,0,0,15,0,1,1,0,7,1,0,3,3,0,0,84,0,15,0,1,1,92,1,ai_farm
816,13160,1,Normal,29,2,2,2,0,27,27,0,0,10,0,1,1,0,6,2,0,3,3,0,0,56,2,13,0,1,1,106,1,ai_farm
816,13160,1,Normal,40,3,3,3,0,27,27,0,0,15,0,1,1,0,9,2,0,3,3,0,0,84,2,19,0,1,1,127,1,ai_farm
816,13160,1,Normal,31,6,6,6,0,27,34,0,3,30,0,1,2,0,12,2,0,3,3,0,0,168,2,26,0,1,1,145,1,ai_farm; +1 levelup
816,13160,2,Normal,34,3,3,3,0,34,23,3,3,15,0,2,2,1,3,3,1,0,0,0,0,84,11,12,0,1,1,145,1,
816,13160,3,Normal,33,3,3,3,0,23,18,3,3,36,0,2,2,2,8,6,0,0,0,0,0,180,36,22,0,1,1,163,1,
817,13161,1,Normal,32,4,4,4,0,27,27,0,0,20,0,1,1,1,9,0,0,3,3,0,0,112,0,21,0,1,1,29,1,floor1_town
817,13161,1,Normal,34,6,6,6,0,27,27,0,0,30,0,1,1,0,15,7,0,3,3,0,0,168,0,36,0,1,1,71,1,ai_farm
817,13161,1,Normal,28,2,2,2,0,27,27,0,0,10,0,1,1,0,5,2,0,3,3,0,0,56,2,11,0,1,1,85,1,ai_farm
817,13161,1,Normal,27,3,3,3,0,27,27,0,0,15,0,1,1,0,9,3,0,3,3,0,0,84,0,16,0,1,1,106,1,ai_farm
817,13161,1,Normal,38,5,5,5,0,27,35,0,2,25,0,1,2,0,14,9,0,3,3,0,0,140,22,33,0,1,1,141,1,ai_farm; +1 levelup
817,13161,2,Normal,29,4,4,4,0,35,35,2,2,20,0,2,2,0,6,6,0,0,0,0,0,112,11,17,0,1,1,142,1,
817,13161,3,Normal,15,3,3,2,0,35,0,2,2,24,0,2,2,0,9,5,0,0,0,0,0,163,35,23,1,0,0,160,1,party wiped
818,13162,1,Normal,37,6,6,6,0,27,27,0,0,30,0,1,1,2,15,4,0,3,3,0,0,168,2,36,0,1,1,43,1,floor1_town
818,13162,1,Normal,8,2,2,1,0,27,0,0,0,5,0,1,1,0,6,5,0,0,0,0,0,55,27,16,1,0,0,56,1,ai_farm; party wiped
819,13163,1,Normal,26,4,4,4,0,27,27,0,0,20,0,1,1,1,10,3,0,3,3,0,0,112,0,19,0,1,1,29,1,floor1_town
819,13163,1,Normal,19,3,3,2,0,27,0,0,0,10,0,1,1,0,9,5,0,0,0,0,0,74,27,19,1,0,0,49,1,ai_farm; party wiped
820,13164,1,Normal,31,2,2,2,0,27,27,0,0,10,0,1,1,0,4,3,2,3,3,0,0,56,0,10,0,1,1,15,1,floor1_town
820,13164,1,Normal,39,2,2,2,0,27,27,0,0,10,0,1,1,0,3,0,2,3,3,0,0,56,0,7,0,1,1,29,1,ai_farm
820,13164,1,Normal,38,4,4,4,0,27,27,0,0,20,0,1,1,2,10,1,0,3,3,0,0,112,0,23,0,1,1,57,1,ai_farm
820,13164,1,Normal,33,3,3,3,0,27,27,0,0,15,0,1,1,0,8,2,0,3,3,0,0,84,2,13,0,1,1,78,1,ai_farm
820,13164,1,Normal,29,5,5,5,0,27,27,0,0,25,0,1,1,0,13,0,0,3,3,0,0,140,0,23,0,1,1,113,1,ai_farm
820,13164,1,Normal,34,2,2,2,0,27,27,0,0,10,0,1,1,0,5,1,0,3,3,0,0,56,0,9,0,1,1,127,1,ai_farm
820,13164,1,Normal,31,5,5,5,0,27,35,0,2,25,0,1,2,0,13,1,0,3,3,0,0,140,2,22,0,1,1,144,1,ai_farm; +1 levelup
820,13164,2,Normal,34,3,3,2,0,35,0,2,2,10,0,2,2,2,3,3,0,0,0,0,0,82,35,18,1,0,0,144,1,party wiped
821,13165,1,Normal,25,4,4,3,0,27,0,0,0,15,0,1,1,1,8,3,0,0,0,0,0,111,27,22,1,0,0,28,1,floor1_town; party wiped
822,13166,1,Normal,40,4,4,4,0,27,27,0,0,20,0,1,1,2,8,0,0,3,3,0,0,112,0,18,0,1,1,29,1,floor1_town
822,13166,1,Normal,36,6,6,6,0,27,27,0,0,30,0,1,1,0,16,5,0,3,3,0,0,168,4,31,0,1,1,71,1,ai_farm
822,13166,1,Normal,12,3,3,2,0,27,0,0,0,10,0,1,1,0,7,6,0,0,0,0,0,83,27,21,1,0,0,91,1,ai_farm; party wiped
823,13167,1,Normal,29,5,5,5,0,27,27,0,0,25,0,1,1,1,12,7,0,3,3,0,0,140,28,31,0,1,1,36,1,floor1_town
823,13167,1,Normal,37,5,5,5,0,27,27,0,0,25,0,1,1,0,13,5,0,3,3,0,0,140,23,28,0,1,1,71,1,ai_farm
823,13167,1,Normal,27,3,3,3,0,27,27,0,0,15,0,1,1,0,7,3,0,3,3,0,0,84,12,17,0,1,1,92,1,ai_farm
823,13167,1,Normal,35,4,4,4,0,27,27,0,0,20,0,1,1,0,9,2,0,3,3,0,0,112,0,18,0,1,1,120,1,ai_farm
823,13167,1,Normal,39,6,6,6,0,27,35,0,3,30,0,1,2,0,15,6,0,3,3,0,0,168,0,35,0,1,1,144,1,ai_farm; +1 levelup
823,13167,2,Normal,33,5,5,5,0,35,35,3,3,25,0,2,2,1,7,3,0,0,3,0,0,140,19,24,0,1,1,146,1,
823,13167,3,Normal,22,4,4,3,0,35,0,3,3,36,0,2,2,2,12,8,0,0,0,0,0,214,54,30,1,0,0,170,1,party wiped
824,13168,1,Normal,18,4,4,3,0,27,0,0,0,15,0,1,1,0,11,8,0,0,0,0,0,107,29,35,1,0,0,28,1,floor1_town; party wiped
825,13169,1,Normal,38,5,5,5,0,27,27,0,0,25,0,1,1,1,15,4,0,3,3,0,0,140,0,31,0,1,1,36,1,floor1_town
825,13169,1,Normal,38,5,5,5,0,27,27,0,0,25,0,1,1,0,13,3,0,3,3,0,0,140,0,29,0,1,1,71,1,ai_farm
825,13169,1,Normal,32,4,4,4,0,27,27,0,0,20,0,1,1,0,12,4,0,3,3,0,0,112,12,27,0,1,1,99,1,ai_farm
825,13169,1,Normal,25,2,2,2,0,27,27,0,0,10,0,1,1,0,5,1,0,3,3,0,0,56,2,11,0,1,1,113,1,ai_farm
825,13169,1,Normal,31,1,1,1,0,27,27,0,0,5,0,1,1,0,3,3,0,3,3,0,0,28,24,10,0,1,1,120,1,ai_farm
825,13169,1,Normal,29,4,4,4,0,27,35,0,3,20,0,1,2,0,6,1,0,3,3,0,0,112,9,14,0,1,1,142,1,ai_farm; +1 levelup
825,13169,2,Normal,38,3,3,3,0,35,26,3,3,15,0,2,2,2,3,0,0,0,3,0,0,84,9,16,0,1,1,142,1,
825,13169,3,Normal,33,2,2,2,0,26,5,3,3,24,0,2,2,2,6,4,0,0,0,0,0,120,30,17,0,1,1,154,1,
826,13170,1,Normal,27,1,1,1,0,27,27,0,0,5,0,1,1,0,3,0,0,3,3,0,0,28,0,5,0,1,1,8,1,floor1_town
826,13170,1,Normal,29,1,1,1,0,27,27,0,0,5,0,1,1,0,3,3,0,3,3,0,0,28,18,9,0,1,1,15,1,ai_farm
826,13170,1,Normal,26,3,3,3,0,27,27,0,0,15,0,1,1,0,9,2,0,3,3,0,0,84,2,15,0,1,1,36,1,ai_farm
826,13170,1,Normal,25,1,1,1,0,27,27,0,0,5,0,1,1,0,3,0,0,3,3,0,0,28,0,5,0,1,1,43,1,ai_farm
826,13170,1,Normal,34,5,5,5,0,27,27,0,0,25,0,1,1,0,11,0,0,3,3,0,0,140,0,20,0,1,1,78,1,ai_farm
826,13170,1,Normal,33,4,4,4,0,27,27,0,0,20,0,1,1,0,10,7,0,3,3,0,0,112,16,25,0,1,1,106,1,ai_farm
826,13170,1,Normal,29,3,3,3,0,27,27,0,0,15,0,1,1,0,8,4,0,3,3,0,0,84,0,16,0,1,1,127,1,ai_farm
826,13170,1,Normal,34,3,3,3,0,27,35,0,1,15,0,1,2,0,7,0,0,3,3,0,0,84,0,12,0,1,1,142,1,ai_farm; +1 levelup
826,13170,2,Normal,30,3,3,3,0,35,35,1,1,15,0,2,2,1,4,3,1,2,3,0,0,84,11,18,0,1,1,143,1,
826,13170,3,Normal,30,2,2,2,0,35,35,1,1,24,0,2,2,1,6,0,0,0,3,0,0,120,0,10,0,1,1,155,1,
827,13171,1,Normal,31,3,3,3,0,27,27,0,0,15,0,1,1,1,9,2,0,3,3,0,0,84,0,21,0,1,1,22,1,floor1_town
827,13171,1,Normal,32,2,2,2,0,27,27,0,0,10,0,1,1,0,4,1,0,3,3,0,0,56,2,7,0,1,1,36,1,ai_farm
827,13171,1,Normal,37,6,6,6,0,27,27,0,0,30,0,1,1,0,15,4,0,3,3,0,0,168,2,28,0,1,1,78,1,ai_farm
827,13171,1,Normal,8,2,2,1,0,27,0,0,0,5,0,1,1,0,5,3,0,0,0,0,0,53,27,16,1,0,0,91,1,ai_farm; party wiped
828,13172,1,Normal,36,5,5,5,0,27,27,0,0,25,0,1,1,0,13,6,0,3,3,0,0,140,0,25,0,1,1,36,1,floor1_town
828,13172,1,Normal,30,3,3,3,0,27,27,0,0,15,0,1,1,0,9,2,0,3,3,0,0,84,0,16,0,1,1,57,1,ai_farm
828,13172,1,Normal,38,4,4,4,0,27,27,0,0,20,0,1,1,0,8,0,0,3,3,0,0,112,0,17,0,1,1,85,1,ai_farm
828,13172,1,Normal,39,4,4,4,0,27,27,0,0,20,0,1,1,0,9,0,0,3,3,0,0,112,0,17,0,1,1,113,1,ai_farm
828,13172,1,Normal,35,5,5,5,0,27,34,0,1,25,0,1,2,0,13,2,0,3,3,0,0,140,0,25,0,1,1,142,1,ai_farm; +1 levelup
828,13172,2,Normal,36,3,3,3,0,34,34,1,1,15,0,2,2,0,3,3,1,0,0,0,0,84,0,12,0,1,1,142,1,
828,13172,3,Normal,12,2,2,1,0,34,0,1,1,12,0,2,2,1,6,3,0,0,0,0,0,111,34,15,1,0,0,154,1,party wiped
829,13173,1,Normal,25,3,3,3,0,27,27,0,0,15,0,1,1,1,6,1,0,3,3,0,0,84,0,12,0,1,1,22,1,floor1_town
829,13173,1,Normal,26,3,3,3,0,27,27,0,0,15,0,1,1,0,8,0,0,3,3,0,0,84,0,13,0,1,1,43,1,ai_farm
829,13173,1,Normal,35,3,3,3,0,27,27,0,0,15,0,1,1,0,8,1,0,3,3,0,0,84,0,15,0,1,1,64,1,ai_farm
829,13173,1,Normal,32,2,2,2,0,27,27,0,0,10,0,1,1,0,6,5,0,3,3,0,0,56,0,14,0,1,1,78,1,ai_farm
829,13173,1,Normal,27,3,3,3,0,27,27,0,0,15,0,1,1,0,8,0,0,3,3,0,0,84,0,13,0,1,1,99,1,ai_farm
829,13173,1,Normal,26,2,2,2,0,27,27,0,0,10,0,1,1,0,4,0,0,3,3,0,0,56,0,8,0,1,1,113,1,ai_farm
829,13173,1,Normal,34,2,2,2,0,27,27,0,0,10,0,1,1,0,6,1,0,3,3,0,0,56,2,12,0,1,1,127,1,ai_farm
829,13173,1,Normal,26,2,2,2,0,27,35,0,3,10,0,1,2,0,4,0,0,3,3,0,0,56,0,7,0,1,1,141,1,ai_farm; +1 levelup
829,13173,2,Normal,31,3,3,3,0,35,23,3,3,15,0,2,2,1,3,3,0,0,0,0,0,84,12,16,0,1,1,141,1,
829,13173,3,Normal,40,4,4,4,0,23,29,3,3,48,0,2,2,2,11,3,0,0,1,0,0,240,6,21,0,1,1,165,1,
830,13174,1,Normal,21,1,1,0,0,27,0,0,0,0,0,1,1,0,3,3,0,0,0,0,0,27,27,10,1,0,0,7,1,floor1_town; party wiped
831,13175,1,Normal,34,5,5,5,0,27,27,0,0,25,0,1,1,2,9,1,0,3,3,0,0,140,0,20,0,1,1,36,1,floor1_town
831,13175,1,Normal,39,4,4,4,0,27,27,0,0,20,0,1,1,0,11,6,0,3,3,0,0,112,8,26,0,1,1,64,1,ai_farm
831,13175,1,Normal,30,4,4,3,0,27,0,0,0,15,0,1,1,0,12,9,0,0,0,0,0,111,31,27,1,0,0,91,1,ai_farm; party wiped
832,13176,1,Normal,39,4,4,4,0,27,27,0,0,20,0,1,1,0,9,2,0,3,3,0,0,112,0,15,0,1,1,29,1,floor1_town
832,13176,1,Normal,26,2,2,2,0,27,27,0,0,10,0,1,1,0,6,4,0,3,3,0,0,56,0,15,0,1,1,43,1,ai_farm
832,13176,1,Normal,40,2,2,2,0,27,27,0,0,10,0,1,1,0,5,2,0,3,3,0,0,56,0,11,0,1,1,57,1,ai_farm
832,13176,1,Normal,33,3,3,3,0,27,27,0,0,15,0,1,1,0,8,3,0,3,3,0,0,84,12,20,0,1,1,78,1,ai_farm
832,13176,1,Normal,26,3,3,3,0,27,27,0,0,15,0,1,1,0,8,2,0,3,3,0,0,84,0,16,0,1,1,99,1,ai_farm
832,13176,1,Normal,39,5,5,5,0,27,27,0,0,25,0,1,1,0,11,4,0,3,3,0,0,140,26,26,0,1,1,134,1,ai_farm
832,13176,1,Normal,35,5,5,5,0,27,35,0,2,25,0,1,2,0,7,0,0,3,3,0,0,140,18,17,0,1,1,145,1,ai_farm; +1 levelup
832,13176,2,Normal,38,4,4,4,0,35,26,2,2,20,0,2,2,0,4,0,0,1,3,0,0,112,27,19,0,1,1,147,1,
832,13176,3,Normal,3,1,1,0,0,26,0,2,2,0,0,2,2,1,3,3,1,0,0,0,0,38,35,9,1,0,0,153,1,party wiped
833,13177,1,Normal,28,4,4,4,0,27,27,0,0,20,0,1,1,2,11,5,0,3,3,0,0,112,4,26,0,1,1,29,1,floor1_town
833,13177,1,Normal,26,3,3,3,0,27,27,0,0,15,0,1,1,0,7,3,0,3,3,0,0,84,0,19,0,1,1,50,1,ai_farm
833,13177,1,Normal,31,1,1,1,0,27,27,0,0,5,0,1,1,0,2,0,0,3,3,0,0,28,0,3,0,1,1,57,1,ai_farm
833,13177,1,Normal,34,4,4,4,0,27,27,0,0,20,0,1,1,0,12,5,0,3,3,0,0,112,0,30,0,1,1,85,1,ai_farm
833,13177,1,Normal,40,3,3,3,0,27,27,0,0,15,0,1,1,0,6,4,0,3,3,0,0,84,16,21,0,1,1,106,1,ai_farm
833,13177,1,Normal,39,4,4,4,0,27,27,0,0,20,0,1,1,0,9,1,0,3,3,0,0,112,0,20,0,1,1,134,1,ai_farm
833,13177,1,Normal,34,4,4,4,0,27,34,0,2,20,0,1,2,0,5,0,0,3,3,0,0,112,0,11,0,1,1,144,1,ai_farm; +1 levelup
833,13177,2,Normal,33,3,3,3,0,34,34,2,2,15,0,2,2,0,5,1,0,1,3,0,0,84,8,11,0,1,1,145,1,
833,13177,3,Normal,25,2,2,2,0,34,18,2,2,24,0,2,2,0,5,3,0,0,0,0,0,120,16,15,0,1,1,157,1,
834,13178,1,Normal,32,4,4,4,0,27,27,0,0,20,0,1,1,0,9,2,0,3,3,0,0,112,0,20,0,1,1,29,1,floor1_town
834,13178,1,Normal,38,5,5,5,0,27,27,0,0,25,0,1,1,0,15,1,0,3,3,0,0,140,0,27,0,1,1,64,1,ai_farm
834,13178,1,Normal,34,4,4,4,0,27,27,0,0,20,0,1,1,0,11,3,0,3,3,0,0,112,0,18,0,1,1,92,1,ai_farm
834,13178,1,Normal,26,1,1,1,0,27,27,0,0,5,0,1,1,0,3,0,0,3,3,0,0,28,0,4,0,1,1,99,1,ai_farm
834,13178,1,Normal,27,3,3,3,0,27,27,0,0,15,0,1,1,0,9,4,0,3,3,0,0,84,0,18,0,1,1,120,1,ai_farm
834,13178,1,Normal,40,1,1,1,0,27,27,0,0,5,0,1,1,0,1,0,0,3,3,0,0,28,0,3,0,1,1,127,1,ai_farm
834,13178,1,Normal,26,1,1,1,0,27,27,0,0,5,0,1,1,0,1,0,0,3,3,0,0,28,0,4,0,1,1,134,1,ai_farm
834,13178,1,Normal,3,1,1,0,0,27,0,0,0,0,0,1,1,0,3,3,0,0,0,0,0,27,27,8,1,0,0,140,1,ai_farm; party wiped
835,13179,1,Normal,37,4,4,4,0,27,27,0,0,20,0,1,1,2,7,4,0,3,3,0,0,112,12,21,0,1,1,29,1,floor1_town
835,13179,1,Normal,28,1,1,1,0,27,27,0,0,5,0,1,1,0,2,0,0,3,3,0,0,28,0,4,0,1,1,36,1,ai_farm
835,13179,1,Normal,34,2,2,2,0,27,27,0,0,10,0,1,1,0,5,0,0,3,3,0,0,56,0,9,0,1,1,50,1,ai_farm
835,13179,1,Normal,27,2,2,2,0,27,27,0,0,10,0,1,1,0,4,2,0,3,3,0,0,56,0,10,0,1,1,64,1,ai_farm
835,13179,1,Normal,26,3,3,3,0,27,27,0,0,15,0,1,1,0,8,3,0,3,3,0,0,84,0,18,0,1,1,85,1,ai_farm
835,13179,1,Normal,37,6,6,6,0,27,27,0,0,30,0,1,1,0,13,2,0,3,3,0,0,168,0,26,0,1,1,127,1,ai_farm
835,13179,1,Normal,34,4,4,4,0,27,35,0,2,20,0,1,2,0,10,0,0,3,3,0,0,112,0,22,0,1,1,143,1,ai_farm; +1 levelup
835,13179,2,Normal,36,2,2,2,0,35,32,2,2,10,0,2,2,0,3,1,0,0,2,0,0,56,3,9,0,1,1,143,1,
835,13179,3,Normal,18,4,4,3,0,32,0,2,2,36,0,2,2,0,12,10,0,0,0,0,0,225,36,35,1,0,0,167,1,party wiped
836,13180,1,Normal,26,1,1,1,0,27,27,0,0,5,0,1,1,0,1,0,0,3,3,0,0,28,0,5,0,1,1,8,1,floor1_town
836,13180,1,Normal,30,1,1,1,0,27,27,0,0,5,0,1,1,0,1,0,0,3,3,0,0,28,0,3,0,1,1,15,1,ai_farm
836,13180,1,Normal,37,3,3,3,0,27,27,0,0,15,0,1,1,0,4,3,0,3,3,0,0,84,2,14,0,1,1,36,1,ai_farm
836,13180,1,Normal,29,2,2,2,0,27,27,0,0,10,0,1,1,0,4,0,0,3,3,0,0,56,0,8,0,1,1,50,1,ai_farm
836,13180,1,Normal,26,4,4,4,0,27,27,0,0,20,0,1,1,0,11,6,0,3,3,0,0,112,14,31,0,1,1,78,1,ai_farm
836,13180,1,Normal,28,3,3,3,0,27,27,0,0,15,0,1,1,0,9,0,0,3,3,0,0,84,0,18,0,1,1,99,1,ai_farm
836,13180,1,Normal,36,4,4,4,0,27,27,0,0,20,0,1,1,0,9,5,0,3,3,0,0,112,12,22,0,1,1,127,1,ai_farm
836,13180,1,Normal,33,3,3,3,0,27,36,0,2,15,0,1,2,0,6,5,0,3,3,0,0,84,18,16,0,1,1,142,1,ai_farm; +1 levelup
836,13180,2,Normal,30,1,1,1,0,36,27,2,2,5,0,2,2,0,0,0,1,3,3,0,0,28,9,2,0,1,1,142,1,
836,13180,3,Normal,30,3,3,3,0,27,36,2,2,36,0,2,2,3,8,3,0,0,1,0,0,180,0,18,0,1,1,160,1,
837,13181,1,Normal,30,4,4,4,0,27,27,0,0,20,0,1,1,2,11,5,0,3,3,0,0,112,2,24,0,1,1,29,1,floor1_town
837,13181,1,Normal,25,4,4,4,0,27,27,0,0,20,0,1,1,0,9,0,0,3,3,0,0,112,0,16,0,1,1,57,1,ai_farm
837,13181,1,Normal,28,2,2,2,0,27,27,0,0,10,0,1,1,0,6,1,0,3,3,0,0,56,0,12,0,1,1,71,1,ai_farm
837,13181,1,Normal,33,5,5,5,0,27,27,0,0,25,0,1,1,0,14,4,0,3,3,0,0,140,0,30,0,1,1,106,1,ai_farm
837,13181,1,Normal,32,3,3,3,0,27,27,0,0,15,0,1,1,0,8,2,0,3,3,0,0,84,2,14,0,1,1,127,1,ai_farm
837,13181,1,Normal,29,4,4,4,0,27,35,0,1,20,0,1,2,0,11,6,0,3,3,0,0,112,12,26,0,1,1,143,1,ai_farm; +1 levelup
837,13181,2,Normal,33,3,3,3,0,35,35,1,1,15,0,2,2,0,3,3,2,0,0,0,0,84,0,11,0,1,1,143,1,
837,13181,3,Normal,20,3,3,2,0,35,0,1,1,24,0,2,2,3,8,5,0,0,0,0,0,165,35,23,1,0,0,161,1,party wiped
838,13182,1,Normal,35,3,3,3,0,27,27,0,0,15,0,1,1,1,6,3,0,3,3,0,0,84,9,20,0,1,1,22,1,floor1_town
838,13182,1,Normal,39,5,5,5,0,27,27,0,0,25,0,1,1,0,13,4,0,3,3,0,0,140,2,22,0,1,1,57,1,ai_farm
838,13182,1,Normal,27,4,4,4,0,27,27,0,0,20,0,1,1,0,11,4,0,3,3,0,0,112,9,22,0,1,1,85,1,ai_farm
838,13182,1,Normal,39,2,2,2,0,27,27,0,0,10,0,1,1,0,6,0,0,3,3,0,0,56,0,11,0,1,1,99,1,ai_farm
838,13182,1,Normal,25,4,4,4,0,27,27,0,0,20,0,1,1,0,11,1,0,3,3,0,0,112,2,21,0,1,1,127,1,ai_farm
838,13182,1,Normal,33,5,5,5,0,27,35,0,3,25,0,1,2,0,10,2,0,3,3,0,0,140,0,20,0,1,1,144,1,ai_farm; +1 levelup
838,13182,2,Normal,33,4,4,4,0,35,35,3,3,20,0,2,2,0,4,3,0,0,0,0,0,112,8,16,0,1,1,145,1,
838,13182,3,Normal,27,6,6,5,0,35,0,3,3,60,0,2,2,2,17,8,0,0,0,0,0,353,38,40,1,0,0,181,1,party wiped
839,13183,1,Normal,30,5,5,4,0,27,0,0,0,20,0,1,1,2,15,7,0,0,0,0,0,130,27,35,1,0,0,35,1,floor1_town; party wiped
840,13184,1,Normal,28,4,4,4,0,27,27,0,0,20,0,1,1,1,8,5,0,3,3,0,0,112,0,20,0,1,1,29,1,floor1_town
840,13184,1,Normal,39,4,4,4,0,27,27,0,0,20,0,1,1,0,12,4,0,3,3,0,0,112,2,24,0,1,1,57,1,ai_farm
840,13184,1,Normal,30,4,4,4,0,27,27,0,0,20,0,1,1,0,11,4,0,3,3,0,0,112,12,23,0,1,1,85,1,ai_farm
840,13184,1,Normal,31,4,4,4,0,27,27,0,0,20,0,1,1,0,10,1,0,3,3,0,0,112,2,16,0,1,1,113,1,ai_farm
840,13184,1,Normal,40,4,4,4,0,27,34,0,2,20,0,1,2,0,9,1,0,3,3,0,0,112,0,18,0,1,1,141,1,ai_farm; +1 levelup
840,13184,2,Normal,39,4,4,4,0,34,34,2,2,20,0,2,2,0,3,2,0,0,1,0,0,112,0,12,0,1,1,141,1,
840,13184,3,Normal,38,6,6,6,0,34,34,2,2,72,0,2,2,0,16,7,0,0,3,0,0,360,0,33,0,1,1,177,1,
841,13185,1,Normal,33,4,4,4,0,27,27,0,0,20,0,1,1,2,8,3,0,3,3,0,0,112,0,22,0,1,1,29,1,floor1_town
841,13185,1,Normal,39,4,4,4,0,27,27,0,0,20,0,1,1,0,10,3,0,3,3,0,0,112,2,23,0,1,1,57,1,ai_farm
841,13185,1,Normal,38,4,4,4,0,27,27,0,0,20,0,1,1,0,11,6,0,3,3,0,0,112,2,24,0,1,1,85,1,ai_farm
841,13185,1,Normal,27,2,2,2,0,27,27,0,0,10,0,1,1,0,6,5,0,3,3,0,0,56,12,14,0,1,1,99,1,ai_farm
841,13185,1,Normal,37,4,4,4,0,27,27,0,0,20,0,1,1,0,9,3,0,3,3,0,0,112,26,21,0,1,1,127,1,ai_farm
841,13185,1,Normal,12,1,1,0,0,27,0,0,0,0,0,1,1,0,3,3,0,0,0,0,0,27,27,8,1,0,0,133,1,ai_farm; party wiped
842,13186,1,Normal,38,5,5,5,0,27,27,0,0,25,0,1,1,1,13,6,0,3,3,0,0,140,12,29,0,1,1,36,1,floor1_town
842,13186,1,Normal,25,2,2,2,0,27,27,0,0,10,0,1,1,0,6,1,0,3,3,0,0,56,2,11,0,1,1,50,1,ai_farm
842,13186,1,Normal,29,2,2,2,0,27,27,0,0,10,0,1,1,0,5,0,0,3,3,0,0,56,0,11,0,1,1,64,1,ai_farm
842,13186,1,Normal,26,3,3,3,0,27,27,0,0,15,0,1,1,0,9,4,0,3,3,0,0,84,24,19,0,1,1,85,1,ai_farm
842,13186,1,Normal,26,4,4,4,0,27,27,0,0,20,0,1,1,0,11,2,0,3,3,0,0,112,0,19,0,1,1,113,1,ai_farm
842,13186,1,Normal,16,4,4,3,0,27,0,0,0,15,0,1,1,0,11,7,0,0,0,0,0,102,29,25,1,0,0,140,1,ai_farm; party wiped
843,13187,1,Normal,27,3,3,3,0,27,27,0,0,15,0,1,1,2,9,3,0,3,3,0,0,84,26,22,0,1,1,22,1,floor1_town
843,13187,1,Normal,35,2,2,2,0,27,27,0,0,10,0,1,1,0,5,3,0,3,3,0,0,56,6,10,0,1,1,36,1,ai_farm
843,13187,1,Normal,27,3,3,3,0,27,27,0,0,15,0,1,1,0,5,0,0,3,3,0,0,84,0,10,0,1,1,57,1,ai_farm
843,13187,1,Normal,32,4,4,3,0,27,0,0,0,15,0,1,1,0,11,9,0,0,0,0,0,102,53,37,1,0,0,84,1,ai_farm; party wiped
844,13188,1,Normal,31,3,3,3,0,27,27,0,0,15,0,1,1,1,6,5,0,3,3,0,0,84,2,20,0,1,1,22,1,floor1_town
844,13188,1,Normal,36,6,6,6,0,27,27,0,0,30,0,1,1,0,12,4,0,3,3,0,0,168,14,29,0,1,1,64,1,ai_farm
844,13188,1,Normal,29,3,3,3,0,27,27,0,0,15,0,1,1,0,6,2,0,3,3,0,0,84,0,13,0,1,1,85,1,ai_farm
844,13188,1,Normal,32,4,4,4,0,27,27,0,0,20,0,1,1,0,11,4,0,3,3,0,0,112,0,22,0,1,1,113,1,ai_farm
844,13188,1,Normal,34,4,4,4,0,27,35,0,1,20,0,1,2,0,11,3,0,3,3,0,0,112,12,22,0,1,1,141,1,ai_farm; +1 levelup
844,13188,2,Normal,37,5,5,5,0,35,35,1,1,25,0,2,2,1,6,6,1,0,0,0,0,140,16,20,0,1,1,142,1,
844,13188,3,Normal,34,4,4,4,0,35,35,1,1,48,0,2,2,3,11,6,0,0,2,0,0,240,0,27,0,1,1,166,1,
845,13189,1,Normal,36,3,3,3,0,27,27,0,0,15,0,1,1,1,5,1,1,3,3,0,0,84,0,14,0,1,1,22,1,floor1_town
845,13189,1,Normal,25,3,3,3,0,27,27,0,0,15,0,1,1,1,8,5,0,3,3,0,0,84,0,22,0,1,1,43,1,ai_farm
845,13189,1,Normal,14,3,3,2,0,27,0,0,0,10,0,1,1,0,8,3,0,0,0,0,0,74,27,19,1,0,0,63,1,ai_farm; party wiped
846,13190,1,Normal,25,3,3,3,0,27,27,0,0,15,0,1,1,1,6,0,0,3,3,0,0,84,0,14,0,1,1,22,1,floor1_town
846,13190,1,Normal,35,2,2,2,0,27,27,0,0,10,0,1,1,0,5,1,0,3,3,0,0,56,0,10,0,1,1,36,1,ai_farm
846,13190,1,Normal,29,1,1,1,0,27,27,0,0,5,0,1,1,0,3,0,0,3,3,0,0,28,0,4,0,1,1,43,1,ai_farm
846,13190,1,Normal,37,4,4,4,0,27,27,0,0,20,0,1,1,0,8,0,0,3,3,0,0,112,0,16,0,1,1,71,1,ai_farm
846,13190,1,Normal,37,3,3,3,0,27,27,0,0,15,0,1,1,0,7,2,0,3,3,0,0,84,0,15,0,1,1,92,1,ai_farm
846,13190,1,Normal,28,4,4,4,0,27,27,0,0,20,0,1,1,0,10,0,0,3,3,0,0,112,0,19,0,1,1,120,1,ai_farm
846,13190,1,Normal,27,1,1,1,0,27,27,0,0,5,0,1,1,0,2,0,0,3,3,0,0,28,0,5,0,1,1,127,1,ai_farm
846,13190,1,Normal,30,0,0,0,0,27,27,0,0,0,0,1,1,0,0,0,0,3,3,0,0,0,0,0,0,1,1,127,0,ai_farm
846,13190,1,Normal,25,4,4,4,0,27,35,0,2,20,0,1,2,0,9,5,0,3,3,0,0,112,12,22,0,1,1,143,1,ai_farm; +1 levelup
846,13190,2,Normal,27,4,4,4,0,35,35,2,2,20,0,2,2,0,4,0,0,2,3,0,0,112,8,13,0,1,1,144,1,
846,13190,3,Normal,18,2,2,1,0,35,0,2,2,12,0,2,2,1,6,3,0,0,0,0,0,113,35,15,1,0,0,156,1,party wiped
847,13191,1,Normal,29,4,4,4,0,27,27,0,0,20,0,1,1,0,10,2,0,3,3,0,0,112,2,19,0,1,1,29,1,floor1_town
847,13191,1,Normal,26,2,2,2,0,27,27,0,0,10,0,1,1,0,6,3,0,3,3,0,0,56,0,11,0,1,1,43,1,ai_farm
847,13191,1,Normal,34,4,4,4,0,27,27,0,0,20,0,1,1,0,8,2,0,3,3,0,0,112,0,18,0,1,1,71,1,ai_farm
847,13191,1,Normal,39,5,5,5,0,27,27,0,0,25,0,1,1,0,12,3,0,3,3,0,0,140,0,27,0,1,1,106,1,ai_farm
847,13191,1,Normal,32,3,3,3,0,27,27,0,0,15,0,1,1,0,7,3,0,3,3,0,0,84,0,17,0,1,1,127,1,ai_farm
847,13191,1,Normal,28,3,3,3,0,27,36,0,2,15,0,1,2,0,8,3,0,3,3,0,0,84,4,17,0,1,1,142,1,ai_farm; +1 levelup
847,13191,2,Normal,31,3,3,3,0,36,24,2,2,15,0,2,2,0,3,3,1,0,0,0,0,84,12,14,0,1,1,142,1,
847,13191,3,Normal,24,3,3,2,0,24,0,2,2,24,0,2,2,0,9,6,1,0,0,0,0,165,36,21,1,0,0,160,1,party wiped
848,13192,1,Normal,34,5,5,5,0,27,27,0,0,25,0,1,1,1,10,3,0,3,3,0,0,140,24,27,0,1,1,36,1,floor1_town
848,13192,1,Normal,28,3,3,3,0,27,27,0,0,15,0,1,1,0,9,3,0,3,3,0,0,84,4,24,0,1,1,57,1,ai_farm
848,13192,1,Normal,27,4,4,3,0,27,0,0,0,15,0,1,1,0,10,5,0,0,0,0,0,93,29,22,1,0,0,84,1,ai_farm; party wiped
849,13193,1,Normal,30,3,3,2,0,27,0,0,0,10,0,1,1,0,8,4,0,0,0,0,0,83,27,19,1,0,0,21,1,floor1_town; party wiped
850,13194,1,Normal,27,2,2,2,0,27,27,0,0,10,0,1,1,1,6,1,0,3,3,0,0,56,0,13,0,1,1,15,1,floor1_town
850,13194,1,Normal,39,4,4,4,0,27,27,0,0,20,0,1,1,0,12,3,0,3,3,0,0,112,0,22,0,1,1,43,1,ai_farm
850,13194,1,Normal,32,1,1,1,0,27,27,0,0,5,0,1,1,0,3,0,0,3,3,0,0,28,0,5,0,1,1,50,1,ai_farm
850,13194,1,Normal,29,4,4,4,0,27,27,0,0,20,0,1,1,0,9,3,0,3,3,0,0,112,2,20,0,1,1,78,1,ai_farm
850,13194,1,Normal,29,1,1,1,0,27,27,0,0,5,0,1,1,0,3,0,0,3,3,0,0,28,0,4,0,1,1,85,1,ai_farm
850,13194,1,Normal,26,3,3,3,0,27,27,0,0,15,0,1,1,0,8,1,0,3,3,0,0,84,2,14,0,1,1,106,1,ai_farm
850,13194,1,Normal,32,5,5,5,0,27,35,0,3,25,0,1,2,0,13,2,0,3,3,0,0,140,0,25,0,1,1,141,1,ai_farm; +1 levelup
850,13194,2,Normal,26,4,4,4,0,35,26,3,3,20,0,2,2,0,6,3,0,0,3,0,0,112,42,20,0,1,1,142,1,
850,13194,3,Normal,31,4,4,3,0,26,0,3,3,36,0,2,2,2,11,7,0,0,0,0,0,192,35,29,1,0,0,166,1,party wiped
851,13195,1,Normal,32,3,3,3,0,27,27,0,0,15,0,1,1,0,8,3,0,3,3,0,0,84,0,18,0,1,1,22,1,floor1_town
851,13195,1,Normal,34,6,6,6,0,27,27,0,0,30,0,1,1,0,12,1,0,3,3,0,0,168,0,28,0,1,1,64,1,ai_farm
851,13195,1,Normal,32,4,4,4,0,27,27,0,0,20,0,1,1,0,11,6,0,3,3,0,0,112,0,23,0,1,1,92,1,ai_farm
851,13195,1,Normal,26,4,4,4,0,27,27,0,0,20,0,1,1,0,11,3,0,3,3,0,0,112,2,22,0,1,1,120,1,ai_farm
851,13195,1,Normal,26,4,4,4,0,27,35,0,1,20,0,1,2,0,10,2,0,3,3,0,0,112,0,18,0,1,1,142,1,ai_farm; +1 levelup
851,13195,2,Normal,37,3,3,3,0,35,5,1,1,15,0,2,2,0,3,3,0,0,0,0,0,84,30,15,0,1,1,142,1,
851,13195,3,Normal,25,2,2,2,0,5,35,1,1,24,0,2,2,1,6,5,0,0,1,0,0,120,15,14,0,1,1,154,1,
852,13196,1,Normal,37,5,5,5,0,27,27,0,0,25,0,1,1,1,11,1,0,3,3,0,0,140,0,24,0,1,1,36,1,floor1_town
852,13196,1,Normal,40,4,4,4,0,27,27,0,0,20,0,1,1,0,11,2,0,3,3,0,0,112,0,21,0,1,1,64,1,ai_farm
852,13196,1,Normal,3,1,1,0,0,27,0,0,0,0,0,1,1,0,3,3,0,0,0,0,0,18,27,9,1,0,0,70,1,ai_farm; party wiped
853,13197,1,Normal,26,2,2,2,0,27,27,0,0,10,0,1,1,0,4,1,0,3,3,0,0,56,0,9,0,1,1,15,1,floor1_town
853,13197,1,Normal,22,2,2,1,0,27,0,0,0,5,0,1,1,0,6,6,0,0,0,0,0,55,27,17,1,0,0,28,1,ai_farm; party wiped
854,13198,1,Normal,30,2,2,2,0,27,27,0,0,10,0,1,1,0,4,0,2,3,3,0,0,56,0,7,0,1,1,15,1,floor1_town
854,13198,1,Normal,36,2,2,2,0,27,27,0,0,10,0,1,1,2,6,4,0,3,3,0,0,56,18,17,0,1,1,29,1,ai_farm
854,13198,1,Normal,25,4,4,4,0,27,27,0,0,20,0,1,1,0,9,1,0,3,3,0,0,112,0,19,0,1,1,57,1,ai_farm
854,13198,1,Normal,37,4,4,4,0,27,27,0,0,20,0,1,1,0,9,2,0,3,3,0,0,112,4,23,0,1,1,85,1,ai_farm
854,13198,1,Normal,35,3,3,3,0,27,27,0,0,15,0,1,1,0,9,6,0,3,3,0,0,84,12,24,0,1,1,106,1,ai_farm
854,13198,1,Normal,39,5,5,5,0,27,34,0,2,25,0,1,2,0,13,4,0,3,3,0,0,140,6,24,0,1,1,141,1,ai_farm; +1 levelup
854,13198,2,Normal,23,4,4,3,0,34,0,2,2,15,0,2,2,0,3,3,2,0,0,0,0,96,34,14,1,0,0,141,1,party wiped
855,13199,1,Normal,19,2,2,1,0,27,0,0,0,5,0,1,1,0,4,3,0,0,0,0,0,44,27,12,1,0,0,14,1,floor1_town; party wiped
856,13200,1,Normal,40,6,6,6,0,27,27,0,0,30,0,1,1,2,16,7,0,3,3,0,0,168,2,33,0,1,1,43,1,floor1_town
856,13200,1,Normal,31,4,4,4,0,27,27,0,0,20,0,1,1,0,9,6,0,3,3,0,0,112,16,27,0,1,1,71,1,ai_farm
856,13200,1,Normal,33,3,3,3,0,27,27,0,0,15,0,1,1,0,8,4,0,3,3,0,0,84,16,20,0,1,1,92,1,ai_farm
856,13200,1,Normal,38,4,4,4,0,27,27,0,0,20,0,1,1,0,12,8,0,3,3,0,0,112,2,27,0,1,1,120,1,ai_farm
856,13200,1,Normal,40,5,5,5,0,27,35,0,2,25,0,1,2,0,13,4,0,3,3,0,0,140,2,30,0,1,1,143,1,ai_farm; +1 levelup
856,13200,2,Normal,40,6,6,6,0,35,35,2,2,30,0,2,2,1,5,3,1,1,3,0,0,168,11,22,0,1,1,144,1,
856,13200,3,Normal,37,5,5,5,0,35,35,2,2,60,0,2,2,1,15,6,0,0,3,0,0,300,9,32,0,1,1,174,1,
857,13201,1,Normal,28,3,3,3,0,27,27,0,0,15,0,1,1,0,8,3,0,3,3,0,0,84,0,17,0,1,1,22,1,floor1_town
857,13201,1,Normal,32,4,4,3,0,27,0,0,0,15,0,1,1,0,11,7,0,0,0,0,0,107,29,29,1,0,0,49,1,ai_farm; party wiped
858,13202,1,Normal,33,2,2,2,0,27,27,0,0,10,0,1,1,2,2,0,0,3,3,0,0,56,0,8,0,1,1,15,1,floor1_town
858,13202,1,Normal,28,3,3,3,0,27,27,0,0,15,0,1,1,0,7,3,0,3,3,0,0,84,4,16,0,1,1,36,1,ai_farm
858,13202,1,Normal,40,3,3,3,0,27,27,0,0,15,0,1,1,0,8,2,0,3,3,0,0,84,0,16,0,1,1,57,1,ai_farm
858,13202,1,Normal,27,3,3,3,0,27,27,0,0,15,0,1,1,0,5,1,0,3,3,0,0,84,0,13,0,1,1,78,1,ai_farm
858,13202,1,Normal,27,3,3,3,0,27,27,0,0,15,0,1,1,0,8,1,0,3,3,0,0,84,0,13,0,1,1,99,1,ai_farm
858,13202,1,Normal,18,3,3,2,0,27,0,0,0,10,0,1,1,0,5,3,0,0,0,0,0,81,27,20,1,0,0,119,1,ai_farm; party wiped
859,13203,1,Normal,38,6,6,6,0,27,27,0,0,30,0,1,1,0,13,3,0,3,3,0,0,168,2,28,0,1,1,43,1,floor1_town
859,13203,1,Normal,40,5,5,5,0,27,27,0,0,25,0,1,1,0,13,1,0,3,3,0,0,140,0,23,0,1,1,78,1,ai_farm
859,13203,1,Normal,28,2,2,2,0,27,27,0,0,10,0,1,1,0,4,0,0,3,3,0,0,56,0,6,0,1,1,92,1,ai_farm
859,13203,1,Normal,40,5,5,5,0,27,27,0,0,25,0,1,1,0,15,7,0,3,3,0,0,140,28,34,0,1,1,127,1,ai_farm
859,13203,1,Normal,28,3,3,3,0,27,35,0,2,15,0,1,2,0,8,0,0,3,3,0,0,84,0,12,0,1,1,142,1,ai_farm; +1 levelup
859,13203,2,Normal,30,2,2,2,0,35,35,2,2,10,0,2,2,0,2,0,0,1,3,0,0,56,0,6,0,1,1,142,1,
859,13203,3,Normal,34,2,2,2,0,35,35,2,2,24,0,2,2,1,5,2,0,0,1,0,0,120,0,10,0,1,1,154,1,
860,13204,1,Normal,26,4,4,4,0,27,27,0,0,20,0,1,1,2,12,8,0,3,3,0,0,112,2,27,0,1,1,29,1,floor1_town
860,13204,1,Normal,28,1,1,1,0,27,27,0,0,5,0,1,1,0,2,0,0,3,3,0,0,28,0,4,0,1,1,36,1,ai_farm
860,13204,1,Normal,38,3,3,3,0,27,27,0,0,15,0,1,1,0,8,1,0,3,3,0,0,84,0,18,0,1,1,57,1,ai_farm
860,13204,1,Normal,29,5,5,4,0,27,0,0,0,20,0,1,1,0,11,6,0,0,0,0,0,139,48,32,1,0,0,91,1,ai_farm; party wiped
861,13205,1,Normal,31,3,3,3,0,27,27,0,0,15,0,1,1,1,7,4,0,3,3,0,0,84,16,19,0,1,1,22,1,floor1_town
861,13205,1,Normal,39,4,4,4,0,27,27,0,0,20,0,1,1,0,11,1,0,3,3,0,0,112,0,18,0,1,1,50,1,ai_farm
861,13205,1,Normal,25,2,2,2,0,27,27,0,0,10,0,1,1,0,6,2,0,3,3,0,0,56,0,12,0,1,1,64,1,ai_farm
861,13205,1,Normal,38,5,5,5,0,27,27,0,0,25,0,1,1,0,13,3,0,3,3,0,0,140,12,25,0,1,1,99,1,ai_farm
861,13205,1,Normal,36,4,4,4,0,27,27,0,0,20,0,1,1,0,10,2,0,3,3,0,0,112,0,16,0,1,1,127,1,ai_farm
861,13205,1,Normal,25,3,3,3,0,27,35,0,3,15,0,1,2,0,7,1,0,3,3,0,0,84,2,12,0,1,1,142,1,ai_farm; +1 levelup
861,13205,2,Normal,15,4,4,3,0,35,0,3,3,15,0,2,2,1,3,3,0,0,0,0,0,108,35,22,1,0,0,142,1,party wiped
862,13206,1,Normal,36,5,5,5,0,27,27,0,0,25,0,1,1,2,13,6,0,3,3,0,0,140,2,32,0,1,1,36,1,floor1_town
862,13206,1,Normal,31,5,5,5,0,27,27,0,0,25,0,1,1,0,13,5,0,3,3,0,0,140,2,30,0,1,1,71,1,ai_farm
862,13206,1,Normal,36,3,3,3,0,27,27,0,0,15,0,1,1,0,9,6,0,3,3,0,0,84,4,22,0,1,1,92,1,ai_farm
862,13206,1,Normal,39,6,6,6,0,27,27,0,0,30,0,1,1,0,18,2,0,3,3,0,0,168,2,32,0,1,1,134,1,ai_farm
862,13206,1,Normal,28,3,3,3,0,27,35,0,2,15,0,1,2,0,8,1,0,3,3,0,0,84,2,16,0,1,1,143,1,ai_farm; +1 levelup
862,13206,2,Normal,34,4,4,4,0,35,35,2,2,20,0,2,2,0,3,1,2,0,2,0,0,112,0,9,0,1,1,143,1,
862,13206,3,Normal,30,2,2,2,0,35,35,2,2,24,0,2,2,0,6,0,3,0,3,0,0,120,0,9,0,1,1,155,1,
863,13207,1,Normal,40,4,4,4,0,27,27,0,0,20,0,1,1,1,11,4,0,3,3,0,0,112,4,25,0,1,1,29,1,floor1_town
863,13207,1,Normal,35,5,5,5,0,27,27,0,0,25,0,1,1,0,14,8,0,3,3,0,0,140,41,32,0,1,1,64,1,ai_farm
863,13207,1,Normal,40,3,3,3,0,27,27,0,0,15,0,1,1,0,8,3,0,3,3,0,0,84,0,14,0,1,1,85,1,ai_farm
863,13207,1,Normal,38,4,4,4,0,27,27,0,0,20,0,1,1,0,11,4,0,3,3,0,0,112,0,21,0,1,1,113,1,ai_farm
863,13207,1,Normal,37,5,5,5,0,27,35,0,2,25,0,1,2,0,14,7,0,3,3,0,0,140,2,33,0,1,1,142,1,ai_farm; +1 levelup
863,13207,2,Normal,31,2,2,2,0,35,35,2,2,10,0,2,2,0,3,2,0,0,1,0,0,56,0,8,0,1,1,142,1,
863,13207,3,Normal,34,3,3,3,0,35,35,2,2,36,0,2,2,0,8,3,0,0,3,0,0,180,0,17,0,1,1,160,1,
864,13208,1,Normal,29,3,3,3,0,27,27,0,0,15,0,1,1,0,6,0,2,3,3,0,0,84,0,10,0,1,1,22,1,floor1_town
864,13208,1,Normal,33,4,4,4,0,27,27,0,0,20,0,1,1,2,10,4,0,3,3,0,0,112,2,26,0,1,1,50,1,ai_farm
864,13208,1,Normal,28,5,5,5,0,27,27,0,0,25,0,1,1,0,14,9,0,3,3,0,0,140,12,39,0,1,1,85,1,ai_farm
864,13208,1,Normal,26,3,3,3,0,27,27,0,0,15,0,1,1,0,8,0,0,3,3,0,0,84,0,12,0,1,1,106,1,ai_farm
864,13208,1,Normal,32,4,4,4,0,27,27,0,0,20,0,1,1,0,12,3,0,3,3,0,0,112,2,23,0,1,1,134,1,ai_farm
864,13208,1,Normal,29,4,4,4,0,27,35,0,2,20,0,1,2,0,8,3,0,3,3,0,0,112,36,25,0,1,1,144,1,ai_farm; +1 levelup
864,13208,2,Normal,35,3,3,3,0,35,35,2,2,15,0,2,2,1,3,3,0,0,0,0,0,84,0,16,0,1,1,144,1,
864,13208,3,Normal,31,2,2,2,0,35,35,2,2,24,0,2,2,0,5,0,0,0,3,0,0,120,0,10,0,1,1,156,1,
865,13209,1,Normal,34,6,6,6,0,27,27,0,0,30,0,1,1,1,16,6,0,3,3,0,0,168,16,36,0,1,1,43,1,floor1_town
865,13209,1,Normal,29,2,2,2,0,27,27,0,0,10,0,1,1,0,5,0,0,3,3,0,0,56,0,7,0,1,1,57,1,ai_farm
865,13209,1,Normal,30,4,4,4,0,27,27,0,0,20,0,1,1,0,10,8,0,3,3,0,0,112,4,24,0,1,1,85,1,ai_farm
865,13209,1,Normal,36,2,2,2,0,27,27,0,0,10,0,1,1,0,5,3,0,3,3,0,0,56,0,12,0,1,1,99,1,ai_farm
865,13209,1,Normal,36,4,4,4,0,27,27,0,0,20,0,1,1,0,10,3,0,3,3,0,0,112,2,20,0,1,1,127,1,ai_farm
865,13209,1,Normal,38,4,4,4,0,27,34,0,2,20,0,1,2,0,10,3,0,3,3,0,0,112,0,20,0,1,1,143,1,ai_farm; +1 levelup
865,13209,2,Normal,39,1,1,1,0,34,34,2,2,5,0,2,2,1,2,0,1,1,3,0,0,28,0,6,0,1,1,143,1,
865,13209,3,Normal,40,1,1,1,0,34,34,2,2,12,0,2,2,1,3,2,0,0,1,0,0,60,0,8,0,1,1,149,1,
866,13210,1,Normal,39,5,5,5,0,27,27,0,0,25,0,1,1,2,12,6,0,3,3,0,0,140,0,29,0,1,1,36,1,floor1_town
866,13210,1,Normal,36,3,3,3,0,27,27,0,0,15,0,1,1,0,9,1,0,3,3,0,0,84,0,16,0,1,1,57,1,ai_farm
866,13210,1,Normal,34,4,4,4,0,27,27,0,0,20,0,1,1,0,12,3,0,3,3,0,0,112,0,24,0,1,1,85,1,ai_farm
866,13210,1,Normal,37,4,4,4,0,27,27,0,0,20,0,1,1,0,10,3,0,3,3,0,0,112,2,20,0,1,1,113,1,ai_farm
866,13210,1,Normal,31,4,4,4,0,27,36,0,1,20,0,1,2,0,11,4,0,3,3,0,0,112,2,23,0,1,1,141,1,ai_farm; +1 levelup
866,13210,2,Normal,35,2,2,2,0,36,36,1,1,10,0,2,2,0,3,1,1,0,2,0,0,56,0,9,0,1,1,141,1,
866,13210,3,Normal,25,2,2,2,0,36,36,1,1,24,0,2,2,1,6,4,0,0,1,0,0,120,6,14,0,1,1,153,1,
867,13211,1,Normal,27,2,2,2,0,27,27,0,0,10,0,1,1,1,5,1,0,3,3,0,0,56,0,11,0,1,1,15,1,floor1_town
867,13211,1,Normal,28,3,3,3,0,27,27,0,0,15,0,1,1,0,8,0,0,3,3,0,0,84,0,11,0,1,1,36,1,ai_farm
867,13211,1,Normal,32,2,2,2,0,27,27,0,0,10,0,1,1,0,5,0,0,3,3,0,0,56,0,8,0,1,1,50,1,ai_farm
867,13211,1,Normal,36,2,2,2,0,27,27,0,0,10,0,1,1,0,5,2,0,3,3,0,0,56,0,13,0,1,1,64,1,ai_farm
867,13211,1,Normal,33,4,4,4,0,27,27,0,0,20,0,1,1,0,10,0,0,3,3,0,0,112,0,20,0,1,1,92,1,ai_farm
867,13211,1,Normal,33,2,2,2,0,27,27,0,0,10,0,1,1,0,5,0,0,3,3,0,0,56,0,7,0,1,1,106,1,ai_farm
867,13211,1,Normal,29,3,3,3,0,27,27,0,0,15,0,1,1,0,5,0,0,3,3,0,0,84,0,12,0,1,1,127,1,ai_farm
867,13211,1,Normal,28,3,3,3,0,27,35,0,1,15,0,1,2,0,5,2,0,3,3,0,0,84,4,12,0,1,1,142,1,ai_farm; +1 levelup
867,13211,2,Normal,21,4,4,3,0,35,0,1,1,15,0,2,2,1,3,3,1,0,0,0,0,96,35,16,1,0,0,142,1,party wiped
868,13212,1,Normal,32,3,3,3,0,27,27,0,0,15,0,1,1,0,8,3,0,3,3,0,0,84,12,17,0,1,1,22,1,floor1_town
868,13212,1,Normal,40,7,7,7,0,27,27,0,0,35,0,1,1,0,19,4,0,3,3,0,0,196,0,41,0,1,1,71,1,ai_farm
868,13212,1,Normal,40,6,6,6,0,27,27,0,0,30,0,1,1,0,11,0,0,3,3,0,0,168,0,24,0,1,1,113,1,ai_farm
868,13212,1,Normal,11,2,2,1,0,27,0,0,0,5,0,1,1,0,4,3,0,0,0,0,0,37,27,12,1,0,0,126,1,ai_farm; party wiped
869,13213,1,Normal,27,4,4,3,0,27,0,0,0,15,0,1,1,1,9,7,0,0,0,0,0,93,38,24,1,0,0,28,1,floor1_town; party wiped
870,13214,1,Normal,25,4,4,4,0,27,27,0,0,20,0,1,1,0,11,3,0,3,3,0,0,112,2,19,0,1,1,29,1,floor1_town
870,13214,1,Normal,40,4,4,4,0,27,27,0,0,20,0,1,1,0,8,2,0,3,3,0,0,112,2,19,0,1,1,57,1,ai_farm
870,13214,1,Normal,39,3,3,3,0,27,27,0,0,15,0,1,1,0,4,0,0,3,3,0,0,84,0,9,0,1,1,78,1,ai_farm
870,13214,1,Normal,29,4,4,4,0,27,27,0,0,20,0,1,1,0,12,6,0,3,3,0,0,112,4,28,0,1,1,106,1,ai_farm
870,13214,1,Normal,38,3,3,3,0,27,27,0,0,15,0,1,1,0,7,0,0,3,3,0,0,84,0,15,0,1,1,127,1,ai_farm
870,13214,1,Normal,26,3,3,3,0,27,34,0,3,15,0,1,2,0,4,0,0,3,3,0,0,84,9,15,0,1,1,142,1,ai_farm; +1 levelup
870,13214,2,Normal,38,6,6,6,0,34,34,3,3,30,0,2,2,0,6,5,1,0,1,0,0,168,12,21,0,1,1,143,1,
870,13214,3,Normal,36,2,2,2,0,34,34,3,3,24,0,2,2,2,4,1,1,2,3,0,0,120,0,10,0,1,1,155,1,
871,13215,1,Normal,30,2,2,2,0,27,27,0,0,10,0,1,1,1,6,2,0,3,3,0,0,56,2,14,0,1,1,15,1,floor1_town
871,13215,1,Normal,31,1,1,1,0,27,27,0,0,5,0,1,1,0,2,0,0,3,3,0,0,28,0,5,0,1,1,22,1,ai_farm
871,13215,1,Normal,38,2,2,2,0,27,27,0,0,10,0,1,1,0,5,0,0,3,3,0,0,56,0,10,0,1,1,36,1,ai_farm
871,13215,1,Normal,21,3,3,2,0,27,0,0,0,10,0,1,1,0,8,5,0,0,0,0,0,63,27,23,1,0,0,56,1,ai_farm; party wiped
872,13216,1,Normal,35,2,2,2,0,27,27,0,0,10,0,1,1,0,5,0,0,3,3,0,0,56,0,9,0,1,1,15,1,floor1_town
872,13216,1,Normal,27,3,3,3,0,27,27,0,0,15,0,1,1,0,7,1,0,3,3,0,0,84,0,13,0,1,1,36,1,ai_farm
872,13216,1,Normal,35,4,4,4,0,27,27,0,0,20,0,1,1,0,9,2,0,3,3,0,0,112,4,18,0,1,1,64,1,ai_farm
872,13216,1,Normal,30,2,2,2,0,27,27,0,0,10,0,1,1,0,5,0,0,3,3,0,0,56,0,10,0,1,1,78,1,ai_farm
872,13216,1,Normal,27,5,5,5,0,27,27,0,0,25,0,1,1,0,13,4,0,3,3,0,0,140,0,24,0,1,1,113,1,ai_farm
872,13216,1,Normal,37,5,5,5,0,27,35,0,3,25,0,1,2,0,13,2,0,3,3,0,0,140,0,23,0,1,1,142,1,ai_farm; +1 levelup
872,13216,2,Normal,32,5,5,5,0,35,35,3,3,25,0,2,2,1,6,6,0,0,0,0,0,140,16,24,0,1,1,143,1,
872,13216,3,Normal,28,4,4,4,0,35,35,3,3,48,0,2,2,1,12,2,0,0,3,0,0,240,6,24,0,1,1,167,1,
873,13217,1,Normal,39,5,5,5,0,27,27,0,0,25,0,1,1,1,14,5,0,3,3,0,0,140,4,29,0,1,1,36,1,floor1_town
873,13217,1,Normal,38,4,4,4,0,27,27,0,0,20,0,1,1,0,12,6,0,3,3,0,0,112,24,27,0,1,1,64,1,ai_farm
873,13217,1,Normal,27,4,4,4,0,27,27,0,0,20,0,1,1,0,12,9,0,3,3,0,0,112,28,33,0,1,1,92,1,ai_farm
873,13217,1,Normal,30,3,3,3,0,27,27,0,0,15,0,1,1,0,8,3,0,3,3,0,0,84,0,19,0,1,1,113,1,ai_farm
873,13217,1,Normal,38,4,4,4,0,27,34,0,2,20,0,1,2,0,10,1,0,3,3,0,0,112,0,20,0,1,1,141,1,ai_farm; +1 levelup
873,13217,2,Normal,29,3,3,3,0,34,23,2,2,15,0,2,2,0,3,3,0,0,0,0,0,84,11,18,0,1,1,141,1,
873,13217,3,Normal,39,3,3,3,0,23,34,2,2,36,0,2,2,0,8,1,0,1,3,0,0,180,0,16,0,1,1,159,1,
874,13218,1,Normal,28,2,2,2,0,27,27,0,0,10,0,1,1,0,5,1,0,3,3,0,0,56,0,8,0,1,1,15,1,floor1_town
874,13218,1,Normal,32,3,3,3,0,27,27,0,0,15,0,1,1,0,7,2,0,3,3,0,0,84,0,18,0,1,1,36,1,ai_farm
874,13218,1,Normal,38,3,3,3,0,27,27,0,0,15,0,1,1,0,8,1,0,3,3,0,0,84,2,13,0,1,1,57,1,ai_farm
874,13218,1,Normal,29,3,3,3,0,27,27,0,0,15,0,1,1,0,6,1,0,3,3,0,0,84,0,10,0,1,1,78,1,ai_farm
874,13218,1,Normal,28,2,2,2,0,27,27,0,0,10,0,1,1,0,5,0,0,3,3,0,0,56,0,11,0,1,1,92,1,ai_farm
874,13218,1,Normal,26,4,4,3,0,27,0,0,0,15,0,1,1,0,11,6,0,0,0,0,0,102,27,25,1,0,0,119,1,ai_farm; party wiped
875,13219,1,Normal,33,3,3,3,0,27,27,0,0,15,0,1,1,1,7,0,0,3,3,0,0,84,0,11,0,1,1,22,1,floor1_town
875,13219,1,Normal,23,2,2,1,0,27,0,0,0,5,0,1,1,0,5,3,0,0,0,0,0,55,27,14,1,0,0,35,1,ai_farm; party wiped
876,13220,1,Normal,37,2,2,2,0,27,27,0,0,10,0,1,1,0,5,1,0,3,3,0,0,56,0,10,0,1,1,15,1,floor1_town
876,13220,1,Normal,38,5,5,5,0,27,27,0,0,25,0,1,1,0,15,9,0,3,3,0,0,140,24,37,0,1,1,50,1,ai_farm
876,13220,1,Normal,11,2,2,1,0,27,0,0,0,5,0,1,1,0,5,3,0,0,0,0,0,46,27,13,1,0,0,63,1,ai_farm; party wiped
877,13221,1,Normal,26,2,2,2,0,27,27,0,0,10,0,1,1,0,6,2,2,3,3,0,0,56,0,10,0,1,1,15,1,floor1_town
877,13221,1,Normal,31,2,2,2,0,27,27,0,0,10,0,1,1,2,6,3,0,3,3,0,0,56,0,17,0,1,1,29,1,ai_farm
877,13221,1,Normal,36,3,3,3,0,27,27,0,0,15,0,1,1,0,8,2,0,3,3,0,0,84,0,16,0,1,1,50,1,ai_farm
877,13221,1,Normal,33,4,4,4,0,27,27,0,0,20,0,1,1,0,12,5,0,3,3,0,0,112,4,24,0,1,1,78,1,ai_farm
877,13221,1,Normal,29,4,4,4,0,27,27,0,0,20,0,1,1,0,11,3,0,3,3,0,0,112,2,18,0,1,1,106,1,ai_farm
877,13221,1,Normal,25,2,2,2,0,27,27,0,0,10,0,1,1,0,4,1,0,3,3,0,0,56,0,8,0,1,1,120,1,ai_farm
877,13221,1,Normal,39,6,6,6,0,27,35,0,2,30,0,1,2,0,15,0,0,3,3,0,0,168,0,25,0,1,1,144,1,ai_farm; +1 levelup
877,13221,2,Normal,26,2,2,2,0,35,35,2,2,10,0,2,2,0,3,1,0,0,2,0,0,56,0,8,0,1,1,144,1,
877,13221,3,Normal,2,1,1,0,0,35,0,2,2,0,0,2,2,1,3,3,0,0,0,0,0,38,35,9,1,0,0,150,1,party wiped
878,13222,1,Normal,31,5,5,5,0,27,27,0,0,25,0,1,1,0,12,5,0,3,3,0,0,140,14,28,0,1,1,36,1,floor1_town
878,13222,1,Normal,35,5,5,5,0,27,27,0,0,25,0,1,1,0,14,4,0,3,3,0,0,140,2,25,0,1,1,71,1,ai_farm
878,13222,1,Normal,32,5,5,5,0,27,27,0,0,25,0,1,1,0,15,7,0,3,3,0,0,140,2,29,0,1,1,106,1,ai_farm
878,13222,1,Normal,25,4,4,4,0,27,27,0,0,20,0,1,1,0,9,2,0,3,3,0,0,112,0,21,0,1,1,134,1,ai_farm
878,13222,1,Normal,33,3,3,3,0,27,34,0,1,15,0,1,2,0,8,1,0,3,3,0,0,84,0,12,0,1,1,143,1,ai_farm; +1 levelup
878,13222,2,Normal,25,4,4,4,0,34,23,1,1,20,0,2,2,2,3,3,0,0,0,0,0,112,11,19,0,1,1,143,1,
878,13222,3,Normal,26,3,3,2,0,23,0,1,1,24,0,2,2,0,9,8,0,0,0,0,0,165,38,24,1,0,0,161,1,party wiped
879,13223,1,Normal,31,5,5,4,0,27,0,0,0,20,0,1,1,2,14,6,0,0,0,0,0,139,27,32,1,0,0,35,1,floor1_town; party wiped
880,13224,1,Normal,17,4,4,3,0,27,0,0,0,15,0,1,1,0,12,9,0,0,0,0,0,107,27,29,1,0,0,28,1,floor1_town; party wiped
881,13225,1,Normal,29,2,2,2,0,27,27,0,0,10,0,1,1,2,3,3,0,3,3,0,0,56,24,16,0,1,1,15,1,floor1_town
881,13225,1,Normal,27,2,2,2,0,27,27,0,0,10,0,1,1,0,6,2,0,3,3,0,0,56,0,12,0,1,1,29,1,ai_farm
881,13225,1,Normal,34,4,4,4,0,27,27,0,0,20,0,1,1,0,10,2,0,3,3,0,0,112,0,19,0,1,1,57,1,ai_farm
881,13225,1,Normal,32,3,3,3,0,27,27,0,0,15,0,1,1,0,9,6,0,3,3,0,0,84,0,21,0,1,1,78,1,ai_farm
881,13225,1,Normal,30,4,4,4,0,27,27,0,0,20,0,1,1,0,10,5,0,3,3,0,0,112,12,26,0,1,1,106,1,ai_farm
881,13225,1,Normal,39,5,5,5,0,27,34,0,3,25,0,1,2,0,12,5,0,3,3,0,0,140,4,24,0,1,1,141,1,ai_farm; +1 levelup
881,13225,2,Normal,31,2,2,2,0,34,34,3,3,10,0,2,2,0,3,2,2,0,1,0,0,56,0,8,0,1,1,141,1,
881,13225,3,Normal,40,5,5,5,0,34,34,3,3,60,0,2,2,2,12,2,1,0,2,0,0,300,0,24,0,1,1,171,1,
882,13226,1,Normal,34,4,4,4,0,27,27,0,0,20,0,1,1,0,10,5,0,3,3,0,0,112,0,22,0,1,1,29,1,floor1_town
882,13226,1,Normal,27,3,3,3,0,27,27,0,0,15,0,1,1,0,5,0,0,3,3,0,0,84,0,10,0,1,1,50,1,ai_farm
882,13226,1,Normal,37,4,4,4,0,27,27,0,0,20,0,1,1,0,9,4,0,3,3,0,0,112,0,23,0,1,1,78,1,ai_farm
882,13226,1,Normal,39,4,4,4,0,27,27,0,0,20,0,1,1,0,10,3,0,3,3,0,0,112,2,19,0,1,1,106,1,ai_farm
882,13226,1,Normal,38,3,3,3,0,27,27,0,0,15,0,1,1,0,6,2,0,3,3,0,0,84,0,16,0,1,1,127,1,ai_farm
882,13226,1,Normal,33,2,2,2,0,27,35,0,2,10,0,1,2,0,4,3,0,3,3,0,0,56,2,12,0,1,1,141,1,ai_farm; +1 levelup
882,13226,2,Normal,36,6,6,6,0,35,35,2,2,30,0,2,2,0,5,3,0,1,3,0,0,168,12,20,0,1,1,142,1,
882,13226,3,Normal,8,1,1,0,0,35,0,2,2,0,0,2,2,0,3,3,0,0,0,0,0,17,35,8,1,0,0,148,1,party wiped
883,13227,1,Normal,38,4,4,4,0,27,27,0,0,20,0,1,1,2,10,3,0,3,3,0,0,112,2,23,0,1,1,29,1,floor1_town
883,13227,1,Normal,27,2,2,2,0,27,27,0,0,10,0,1,1,0,6,5,0,3,3,0,0,56,0,16,0,1,1,43,1,ai_farm
883,13227,1,Normal,28,3,3,3,0,27,27,0,0,15,0,1,1,0,8,3,0,3,3,0,0,84,0,20,0,1,1,64,1,ai_farm
883,13227,1,Normal,38,4,4,4,0,27,27,0,0,20,0,1,1,0,9,4,0,3,3,0,0,112,2,20,0,1,1,92,1,ai_farm
883,13227,1,Normal,32,2,2,2,0,27,27,0,0,10,0,1,1,0,5,0,0,3,3,0,0,56,0,9,0,1,1,106,1,ai_farm
883,13227,1,Normal,31,2,2,2,0,27,27,0,0,10,0,1,1,0,6,4,0,3,3,0,0,56,4,16,0,1,1,120,1,ai_farm
883,13227,1,Normal,30,3,3,2,0,27,0,0,0,10,0,1,1,0,8,6,0,0,0,0,0,83,27,24,1,0,0,140,1,ai_farm; party wiped
884,13228,1,Normal,27,1,1,1,0,27,27,0,0,5,0,1,1,0,2,0,1,3,3,0,0,28,0,3,0,1,1,8,1,floor1_town
884,13228,1,Normal,28,2,2,2,0,27,27,0,0,10,0,1,1,1,5,2,0,3,3,0,0,56,0,10,0,1,1,22,1,ai_farm
884,13228,1,Normal,27,3,3,3,0,27,27,0,0,15,0,1,1,0,8,3,0,3,3,0,0,84,0,17,0,1,1,43,1,ai_farm
884,13228,1,Normal,27,3,3,3,0,27,27,0,0,15,0,1,1,0,7,2,0,3,3,0,0,84,0,15,0,1,1,64,1,ai_farm
884,13228,1,Normal,30,4,4,4,0,27,27,0,0,20,0,1,1,0,10,2,0,3,3,0,0,112,0,21,0,1,1,92,1,ai_farm
884,13228,1,Normal,30,3,3,3,0,27,27,0,0,15,0,1,1,0,8,1,0,3,3,0,0,84,0,18,0,1,1,113,1,ai_farm
884,13228,1,Normal,33,4,4,4,0,27,36,0,2,20,0,1,2,0,6,0,0,3,3,0,0,112,0,12,0,1,1,141,1,ai_farm; +1 levelup
884,13228,2,Normal,27,3,3,3,0,36,36,2,2,15,0,2,2,0,6,3,2,0,3,0,0,84,19,17,0,1,1,142,1,
884,13228,3,Normal,30,5,5,5,0,36,33,2,2,60,0,2,2,4,14,7,0,0,1,0,0,300,19,40,0,1,1,172,1,
885,13229,1,Normal,32,3,3,3,0,27,27,0,0,15,0,1,1,2,7,1,0,3,3,0,0,84,0,13,0,1,1,22,1,floor1_town
885,13229,1,Normal,30,5,5,5,0,27,27,0,0,25,0,1,1,0,13,3,0,3,3,0,0,140,4,26,0,1,1,57,1,ai_farm
885,13229,1,Normal,38,5,5,5,0,27,27,0,0,25,0,1,1,0,13,1,0,3,3,0,0,140,0,25,0,1,1,92,1,ai_farm
885,13229,1,Normal,33,4,4,4,0,27,27,0,0,20,0,1,1,0,10,6,0,3,3,0,0,112,14,23,0,1,1,120,1,ai_farm
885,13229,1,Normal,40,4,4,4,0,27,34,0,3,20,0,1,2,0,9,3,0,3,3,0,0,112,8,21,0,1,1,142,1,ai_farm; +1 levelup
885,13229,2,Normal,32,3,3,3,0,34,34,3,3,15,0,2,2,1,6,3,0,0,3,0,0,84,16,19,0,1,1,143,1,
885,13229,3,Normal,1,1,1,0,0,34,0,3,3,0,0,2,2,0,3,3,0,0,0,0,0,45,34,9,1,0,0,149,1,party wiped
886,13230,1,Normal,36,3,3,3,0,27,27,0,0,15,0,1,1,1,7,0,0,3,3,0,0,84,0,17,0,1,1,22,1,floor1_town
886,13230,1,Normal,33,3,3,3,0,27,27,0,0,15,0,1,1,0,6,1,0,3,3,0,0,84,0,12,0,1,1,43,1,ai_farm
886,13230,1,Normal,37,3,3,3,0,27,27,0,0,15,0,1,1,0,8,3,0,3,3,0,0,84,4,15,0,1,1,64,1,ai_farm
886,13230,1,Normal,31,2,2,2,0,27,27,0,0,10,0,1,1,0,5,2,0,3,3,0,0,56,0,9,0,1,1,78,1,ai_farm
886,13230,1,Normal,28,1,1,1,0,27,27,0,0,5,0,1,1,0,3,0,0,3,3,0,0,28,0,4,0,1,1,85,1,ai_farm
886,13230,1,Normal,28,3,3,3,0,27,27,0,0,15,0,1,1,0,7,3,0,3,3,0,0,84,2,18,0,1,1,106,1,ai_farm
886,13230,1,Normal,33,3,3,3,0,27,27,0,0,15,0,1,1,0,9,4,0,3,3,0,0,84,0,17,0,1,1,127,1,ai_farm
886,13230,1,Normal,31,4,4,4,0,27,36,0,2,20,0,1,2,0,11,2,0,3,3,0,0,112,0,22,0,1,1,143,1,ai_farm; +1 levelup
886,13230,2,Normal,34,2,2,2,0,36,24,2,2,10,0,2,2,0,3,3,1,0,0,0,0,56,12,9,0,1,1,143,1,
886,13230,3,Normal,29,4,4,3,0,24,0,2,2,36,0,2,2,1,11,6,0,0,0,0,0,223,60,25,1,0,0,167,1,party wiped
887,13231,1,Normal,25,4,4,4,0,27,27,0,0,20,0,1,1,2,10,3,0,3,3,0,0,112,2,23,0,1,1,29,1,floor1_town
887,13231,1,Normal,25,2,2,2,0,27,27,0,0,10,0,1,1,0,5,0,0,3,3,0,0,56,0,8,0,1,1,43,1,ai_farm
887,13231,1,Normal,31,2,2,2,0,27,27,0,0,10,0,1,1,0,6,3,0,3,3,0,0,56,6,12,0,1,1,57,1,ai_farm
887,13231,1,Normal,15,1,1,0,0,27,0,0,0,0,0,1,1,0,3,3,0,0,0,0,0,14,27,8,1,0,0,63,1,ai_farm; party wiped
888,13232,1,Normal,30,2,2,2,0,27,27,0,0,10,0,1,1,1,4,0,0,3,3,0,0,56,0,7,0,1,1,15,1,floor1_town
888,13232,1,Normal,32,5,5,5,0,27,27,0,0,25,0,1,1,0,13,4,0,3,3,0,0,140,2,26,0,1,1,50,1,ai_farm
888,13232,1,Normal,36,4,4,4,0,27,27,0,0,20,0,1,1,0,11,4,0,3,3,0,0,112,12,26,0,1,1,78,1,ai_farm
888,13232,1,Normal,31,2,2,2,0,27,27,0,0,10,0,1,1,0,4,0,0,3,3,0,0,56,0,9,0,1,1,92,1,ai_farm
888,13232,1,Normal,27,3,3,3,0,27,27,0,0,15,0,1,1,0,8,1,0,3,3,0,0,84,0,14,0,1,1,113,1,ai_farm
888,13232,1,Normal,37,4,4,4,0,27,35,0,2,20,0,1,2,0,12,4,0,3,3,0,0,112,0,25,0,1,1,141,1,ai_farm; +1 levelup
888,13232,2,Normal,20,2,2,1,0,35,0,2,2,5,0,2,2,0,3,3,1,0,0,0,0,54,35,12,1,0,0,141,1,party wiped
889,13233,1,Normal,35,5,5,5,0,27,27,0,0,25,0,1,1,2,11,2,0,3,3,0,0,140,0,22,0,1,1,36,1,floor1_town
889,13233,1,Normal,27,4,4,4,0,27,27,0,0,20,0,1,1,0,10,0,0,3,3,0,0,112,0,18,0,1,1,64,1,ai_farm
889,13233,1,Normal,32,4,4,4,0,27,27,0,0,20,0,1,1,0,11,2,0,3,3,0,0,112,0,21,0,1,1,92,1,ai_farm
889,13233,1,Normal,32,2,2,2,0,27,27,0,0,10,0,1,1,0,5,0,0,3,3,0,0,56,0,9,0,1,1,106,1,ai_farm
889,13233,1,Normal,27,4,4,3,0,27,0,0,0,15,0,1,1,0,10,5,0,0,0,0,0,111,27,25,1,0,0,133,1,ai_farm; party wiped
890,13234,1,Normal,39,4,4,4,0,27,27,0,0,20,0,1,1,1,10,3,0,3,3,0,0,112,0,20,0,1,1,29,1,floor1_town
890,13234,1,Normal,28,4,4,3,0,27,0,0,0,15,0,1,1,0,10,3,0,0,0,0,0,107,27,23,1,0,0,56,1,ai_farm; party wiped
891,13235,1,Normal,28,2,2,2,0,27,27,0,0,10,0,1,1,0,6,0,0,3,3,0,0,56,0,10,0,1,1,15,1,floor1_town
891,13235,1,Normal,33,2,2,2,0,27,27,0,0,10,0,1,1,0,6,4,0,3,3,0,0,56,24,17,0,1,1,29,1,ai_farm
891,13235,1,Normal,27,2,2,2,0,27,27,0,0,10,0,1,1,0,6,2,0,3,3,0,0,56,2,11,0,1,1,43,1,ai_farm
891,13235,1,Normal,1,1,1,0,0,27,0,0,0,0,0,1,1,0,3,3,0,0,0,0,0,9,27,9,1,0,0,49,1,ai_farm; party wiped
892,13236,1,Normal,33,5,5,5,0,27,27,0,0,25,0,1,1,1,10,0,0,3,3,0,0,140,0,21,0,1,1,36,1,floor1_town
892,13236,1,Normal,26,1,1,1,0,27,27,0,0,5,0,1,1,0,2,0,0,3,3,0,0,28,0,3,0,1,1,43,1,ai_farm
892,13236,1,Normal,30,1,1,1,0,27,27,0,0,5,0,1,1,0,3,1,0,3,3,0,0,28,2,6,0,1,1,50,1,ai_farm
892,13236,1,Normal,31,3,3,3,0,27,27,0,0,15,0,1,1,0,8,2,0,3,3,0,0,84,0,15,0,1,1,71,1,ai_farm
892,13236,1,Normal,40,3,3,3,0,27,27,0,0,15,0,1,1,0,6,1,0,3,3,0,0,84,2,13,0,1,1,92,1,ai_farm
892,13236,1,Normal,37,4,4,4,0,27,27,0,0,20,0,1,1,0,6,0,0,3,3,0,0,112,0,12,0,1,1,120,1,ai_farm
892,13236,1,Normal,32,3,3,3,0,27,34,0,1,15,0,1,2,0,8,6,0,3,3,0,0,84,12,22,0,1,1,141,1,ai_farm; +1 levelup
892,13236,2,Normal,31,2,2,2,0,34,34,1,1,10,0,2,2,0,3,1,1,0,2,0,0,56,0,8,0,1,1,141,1,
892,13236,3,Normal,27,4,4,4,0,34,30,1,1,48,0,2,2,2,10,3,0,0,0,0,0,240,4,23,0,1,1,165,1,
893,13237,1,Normal,37,3,3,3,0,27,27,0,0,15,0,1,1,0,7,5,0,3,3,0,0,84,2,16,0,1,1,22,1,floor1_town
893,13237,1,Normal,38,3,3,3,0,27,27,0,0,15,0,1,1,0,6,0,0,3,3,0,0,84,0,11,0,1,1,43,1,ai_farm
893,13237,1,Normal,40,4,4,4,0,27,27,0,0,20,0,1,1,0,9,5,0,3,3,0,0,112,0,24,0,1,1,71,1,ai_farm
893,13237,1,Normal,35,4,4,4,0,27,27,0,0,20,0,1,1,0,9,1,0,3,3,0,0,112,2,20,0,1,1,99,1,ai_farm
893,13237,1,Normal,29,1,1,0,0,27,0,0,0,0,0,1,1,0,3,3,0,0,0,0,0,27,27,8,1,0,0,105,1,ai_farm; party wiped
894,13238,1,Normal,26,4,4,4,0,27,27,0,0,20,0,1,1,1,10,5,0,3,3,0,0,112,2,23,0,1,1,29,1,floor1_town
894,13238,1,Normal,38,4,4,4,0,27,27,0,0,20,0,1,1,0,10,1,0,3,3,0,0,112,0,16,0,1,1,57,1,ai_farm
894,13238,1,Normal,31,3,3,3,0,27,27,0,0,15,0,1,1,0,5,1,0,3,3,0,0,84,0,12,0,1,1,78,1,ai_farm
894,13238,1,Normal,26,3,3,3,0,27,27,0,0,15,0,1,1,0,8,4,0,3,3,0,0,84,0,19,0,1,1,99,1,ai_farm
894,13238,1,Normal,33,3,3,3,0,27,27,0,0,15,0,1,1,0,9,1,0,3,3,0,0,84,2,16,0,1,1,120,1,ai_farm
894,13238,1,Normal,27,4,4,4,0,27,35,0,1,20,0,1,2,0,8,2,0,3,3,0,0,112,10,17,0,1,1,142,1,ai_farm; +1 levelup
894,13238,2,Normal,34,3,3,3,0,35,24,1,1,15,0,2,2,0,3,3,2,0,0,0,0,84,11,15,0,1,1,142,1,
894,13238,3,Normal,27,4,4,4,0,24,35,1,1,48,0,2,2,4,10,6,0,0,0,0,0,240,0,30,0,1,1,166,1,
895,13239,1,Normal,31,5,5,5,0,27,27,0,0,25,0,1,1,0,13,9,0,3,3,0,0,140,2,34,0,1,1,36,1,floor1_town
895,13239,1,Normal,34,5,5,5,0,27,27,0,0,25,0,1,1,0,13,6,0,3,3,0,0,140,0,29,0,1,1,71,1,ai_farm
895,13239,1,Normal,34,2,2,2,0,27,27,0,0,10,0,1,1,0,4,0,0,3,3,0,0,56,0,8,0,1,1,85,1,ai_farm
895,13239,1,Normal,26,4,4,4,0,27,27,0,0,20,0,1,1,0,12,4,0,3,3,0,0,112,0,22,0,1,1,113,1,ai_farm
895,13239,1,Normal,29,2,2,2,0,27,27,0,0,10,0,1,1,0,2,0,0,3,3,0,0,56,0,5,0,1,1,127,1,ai_farm
895,13239,1,Normal,32,2,2,2,0,27,34,0,3,10,0,1,2,0,6,2,0,3,3,0,0,56,2,12,0,1,1,141,1,ai_farm; +1 levelup
895,13239,2,Normal,33,4,4,4,0,34,34,3,3,20,0,2,2,0,6,6,2,0,0,0,0,112,7,19,0,1,1,142,1,
895,13239,3,Normal,34,3,3,3,0,34,34,3,3,36,0,2,2,2,9,3,0,0,1,0,0,180,0,18,0,1,1,160,1,
896,13240,1,Normal,35,5,5,5,0,27,27,0,0,25,0,1,1,1,10,1,0,3,3,0,0,140,0,21,0,1,1,36,1,floor1_town
896,13240,1,Normal,26,2,2,2,0,27,27,0,0,10,0,1,1,0,5,0,0,3,3,0,0,56,0,8,0,1,1,50,1,ai_farm
896,13240,1,Normal,29,3,3,3,0,27,27,0,0,15,0,1,1,0,6,3,0,3,3,0,0,84,16,19,0,1,1,71,1,ai_farm
896,13240,1,Normal,28,4,4,4,0,27,27,0,0,20,0,1,1,0,8,2,0,3,3,0,0,112,0,21,0,1,1,99,1,ai_farm
896,13240,1,Normal,30,5,5,5,0,27,27,0,0,25,0,1,1,0,13,4,0,3,3,0,0,140,14,25,0,1,1,134,1,ai_farm
896,13240,1,Normal,26,3,3,3,0,27,35,0,3,15,0,1,2,0,5,1,0,3,3,0,0,84,0,13,0,1,1,143,1,ai_farm; +1 levelup
896,13240,2,Normal,37,3,3,2,1,35,2,3,3,10,0,2,2,0,3,3,0,0,0,0,0,56,33,11,0,1,1,143,1,flee×1
896,13240,3,Normal,38,3,3,3,0,2,32,3,3,36,0,2,2,2,9,6,0,0,1,0,0,180,6,22,0,1,1,161,1,
897,13241,1,Normal,40,3,3,3,0,27,27,0,0,15,0,1,1,0,6,0,0,3,3,0,0,84,0,14,0,1,1,22,1,floor1_town
897,13241,1,Normal,38,3,3,3,0,27,27,0,0,15,0,1,1,0,6,2,0,3,3,0,0,84,0,14,0,1,1,43,1,ai_farm
897,13241,1,Normal,36,5,5,5,0,27,27,0,0,25,0,1,1,0,13,7,0,3,3,0,0,140,14,31,0,1,1,78,1,ai_farm
897,13241,1,Normal,28,2,2,2,0,27,27,0,0,10,0,1,1,0,2,0,0,3,3,0,0,56,0,6,0,1,1,92,1,ai_farm
897,13241,1,Normal,39,6,6,6,0,27,27,0,0,30,0,1,1,0,12,0,0,3,3,0,0,168,0,21,0,1,1,134,1,ai_farm
897,13241,1,Normal,31,3,3,3,0,27,35,0,2,15,0,1,2,0,5,0,0,3,3,0,0,84,0,9,0,1,1,143,1,ai_farm; +1 levelup
897,13241,2,Normal,32,3,3,3,0,35,35,2,2,15,0,2,2,1,3,3,1,0,0,0,0,84,0,12,0,1,1,143,1,
897,13241,3,Normal,27,1,1,1,0,35,35,2,2,12,0,2,2,1,3,1,1,0,2,0,0,60,0,6,0,1,1,149,1,
898,13242,1,Normal,29,3,3,3,0,27,27,0,0,15,0,1,1,1,5,1,1,3,3,0,0,84,0,14,0,1,1,22,1,floor1_town
898,13242,1,Normal,38,3,3,3,0,27,27,0,0,15,0,1,1,1,7,2,0,3,3,0,0,84,0,17,0,1,1,43,1,ai_farm
898,13242,1,Normal,35,4,4,4,0,27,27,0,0,20,0,1,1,0,10,2,0,3,3,0,0,112,0,18,0,1,1,71,1,ai_farm
898,13242,1,Normal,8,1,1,0,0,27,0,0,0,0,0,1,1,0,3,3,0,0,0,0,0,9,27,10,1,0,0,77,1,ai_farm; party wiped
899,13243,1,Normal,33,5,5,5,0,27,27,0,0,25,0,1,1,0,13,3,0,3,3,0,0,140,4,29,0,1,1,36,1,floor1_town
899,13243,1,Normal,30,5,5,5,0,27,27,0,0,25,0,1,1,0,10,0,0,3,3,0,0,140,0,22,0,1,1,71,1,ai_farm
899,13243,1,Normal,36,2,2,2,0,27,27,0,0,10,0,1,1,0,4,1,0,3,3,0,0,56,0,11,0,1,1,85,1,ai_farm
899,13243,1,Normal,27,1,1,1,0,27,27,0,0,5,0,1,1,0,3,0,0,3,3,0,0,28,0,5,0,1,1,92,1,ai_farm
899,13243,1,Normal,31,4,4,4,0,27,27,0,0,20,0,1,1,0,8,3,0,3,3,0,0,112,0,20,0,1,1,120,1,ai_farm
899,13243,1,Normal,26,2,2,2,0,27,27,0,0,10,0,1,1,0,4,0,0,3,3,0,0,56,0,7,0,1,1,134,1,ai_farm
899,13243,1,Normal,27,3,3,3,0,27,34,0,2,15,0,1,2,0,9,2,0,3,3,0,0,84,0,16,0,1,1,143,1,ai_farm; +1 levelup
899,13243,2,Normal,32,4,4,4,0,34,34,2,2,20,0,2,2,2,4,3,0,2,3,0,0,112,30,21,0,1,1,144,1,
899,13243,3,Normal,25,4,4,3,0,34,0,2,2,36,0,2,2,1,11,3,0,0,0,0,0,197,34,21,1,0,0,168,1,party wiped
900,13244,1,Normal,38,6,6,6,0,27,27,0,0,30,0,1,1,2,17,4,0,3,3,0,0,168,23,35,0,1,1,43,1,floor1_town
900,13244,1,Normal,17,2,2,1,0,27,0,0,0,5,0,1,1,0,6,3,0,0,0,0,0,46,27,13,1,0,0,56,1,ai_farm; party wiped
901,13245,1,Normal,14,3,3,2,0,27,0,0,0,10,0,1,1,0,9,3,0,0,0,0,0,83,27,17,1,0,0,21,1,floor1_town; party wiped
902,13246,1,Normal,32,2,2,2,0,27,27,0,0,10,0,1,1,2,6,5,0,3,3,0,0,56,12,17,0,1,1,15,1,floor1_town
902,13246,1,Normal,38,4,4,4,0,27,27,0,0,20,0,1,1,0,10,2,0,3,3,0,0,112,2,23,0,1,1,43,1,ai_farm
902,13246,1,Normal,36,4,4,4,0,27,27,0,0,20,0,1,1,0,12,6,0,3,3,0,0,112,22,28,0,1,1,71,1,ai_farm
902,13246,1,Normal,30,5,5,4,0,27,0,0,0,20,0,1,1,0,10,4,0,0,0,0,0,139,29,27,1,0,0,105,1,ai_farm; party wiped
903,13247,1,Normal,36,4,4,4,0,27,27,0,0,20,0,1,1,0,11,0,0,3,3,0,0,112,0,19,0,1,1,29,1,floor1_town
903,13247,1,Normal,40,3,3,3,0,27,27,0,0,15,0,1,1,0,8,1,0,3,3,0,0,84,0,13,0,1,1,50,1,ai_farm
903,13247,1,Normal,35,3,3,3,0,27,27,0,0,15,0,1,1,0,9,1,0,3,3,0,0,84,2,14,0,1,1,71,1,ai_farm
903,13247,1,Normal,37,4,4,4,0,27,27,0,0,20,0,1,1,0,4,0,0,3,3,0,0,112,0,15,0,1,1,99,1,ai_farm
903,13247,1,Normal,39,5,5,5,0,27,27,0,0,25,0,1,1,0,12,1,0,3,3,0,0,140,0,21,0,1,1,134,1,ai_farm
903,13247,1,Normal,39,4,4,4,0,27,34,0,3,20,0,1,2,0,9,0,0,3,3,0,0,112,0,17,0,1,1,144,1,ai_farm; +1 levelup
903,13247,2,Normal,25,3,3,3,0,34,34,3,3,15,0,2,2,0,3,2,2,0,1,0,0,84,0,11,0,1,1,144,1,
903,13247,3,Normal,13,3,3,2,0,34,0,3,3,24,0,2,2,3,6,3,0,0,0,0,0,176,34,19,1,0,0,162,1,party wiped
904,13248,1,Normal,25,2,2,2,0,27,27,0,0,10,0,1,1,2,5,1,0,3,3,0,0,56,0,12,0,1,1,15,1,floor1_town
904,13248,1,Normal,28,4,4,4,0,27,27,0,0,20,0,1,1,0,9,1,0,3,3,0,0,112,0,22,0,1,1,43,1,ai_farm
904,13248,1,Normal,34,7,7,7,0,27,27,0,0,35,0,1,1,0,18,6,0,3,3,0,0,196,4,39,0,1,1,92,1,ai_farm
904,13248,1,Normal,29,1,1,1,0,27,27,0,0,5,0,1,1,0,3,2,0,3,3,0,0,28,0,8,0,1,1,99,1,ai_farm
904,13248,1,Normal,35,5,5,5,0,27,27,0,0,25,0,1,1,0,11,2,0,3,3,0,0,140,0,21,0,1,1,134,1,ai_farm
904,13248,1,Normal,28,5,5,5,0,27,35,0,2,25,0,1,2,0,13,6,0,3,3,0,0,140,30,32,0,1,1,145,1,ai_farm; +1 levelup
904,13248,2,Normal,18,3,3,2,0,35,0,2,2,10,0,2,2,0,3,3,0,0,0,0,0,80,35,14,1,0,0,145,1,party wiped
905,13249,1,Normal,30,3,3,3,0,27,27,0,0,15,0,1,1,1,3,0,0,3,3,0,0,84,0,10,0,1,1,22,1,floor1_town
905,13249,1,Normal,39,6,6,6,0,27,27,0,0,30,0,1,1,0,17,8,0,3,3,0,0,168,4,38,0,1,1,64,1,ai_farm
905,13249,1,Normal,26,3,3,3,0,27,27,0,0,15,0,1,1,0,6,1,0,3,3,0,0,84,2,12,0,1,1,85,1,ai_farm
905,13249,1,Normal,29,2,2,2,0,27,27,0,0,10,0,1,1,0,5,1,0,3,3,0,0,56,2,12,0,1,1,99,1,ai_farm
905,13249,1,Normal,22,3,3,2,0,27,0,0,0,10,0,1,1,0,7,3,0,0,0,0,0,65,27,16,1,0,0,119,1,ai_farm; party wiped
906,13250,1,Normal,34,4,4,4,0,27,27,0,0,20,0,1,1,2,11,3,0,3,3,0,0,112,2,25,0,1,1,29,1,floor1_town
906,13250,1,Normal,25,1,1,1,0,27,27,0,0,5,0,1,1,0,3,1,0,3,3,0,0,28,0,5,0,1,1,36,1,ai_farm
906,13250,1,Normal,37,4,4,4,0,27,27,0,0,20,0,1,1,0,10,1,0,3,3,0,0,112,0,20,0,1,1,64,1,ai_farm
906,13250,1,Normal,28,1,1,1,0,27,27,0,0,5,0,1,1,0,1,0,0,3,3,0,0,28,0,4,0,1,1,71,1,ai_farm
906,13250,1,Normal,25,1,1,1,0,27,27,0,0,5,0,1,1,0,3,1,0,3,3,0,0,28,0,6,0,1,1,78,1,ai_farm
906,13250,1,Normal,34,3,3,3,0,27,27,0,0,15,0,1,1,0,9,7,0,3,3,0,0,84,24,25,0,1,1,99,1,ai_farm
906,13250,1,Normal,28,1,1,1,0,27,27,0,0,5,0,1,1,0,3,3,0,3,3,0,0,28,0,8,0,1,1,106,1,ai_farm
906,13250,1,Normal,38,5,5,5,0,27,35,0,1,25,0,1,2,0,11,1,0,3,3,0,0,140,2,25,0,1,1,141,1,ai_farm; +1 levelup
906,13250,2,Normal,33,5,5,5,0,35,17,1,1,25,0,2,2,2,6,6,0,0,0,0,0,140,36,32,0,1,1,142,1,
906,13250,3,Normal,26,4,4,4,0,17,35,1,1,48,0,2,2,1,11,4,0,0,3,0,0,240,3,23,0,1,1,166,1,
907,13251,1,Normal,39,3,3,3,0,27,27,0,0,15,0,1,1,1,8,0,0,3,3,0,0,84,0,13,0,1,1,22,1,floor1_town
907,13251,1,Normal,34,4,4,4,0,27,27,0,0,20,0,1,1,0,10,1,0,3,3,0,0,112,0,17,0,1,1,50,1,ai_farm
907,13251,1,Normal,29,4,4,4,0,27,27,0,0,20,0,1,1,0,8,0,0,3,3,0,0,112,0,17,0,1,1,78,1,ai_farm
907,13251,1,Normal,40,4,4,4,0,27,27,0,0,20,0,1,1,0,10,0,0,3,3,0,0,112,0,18,0,1,1,106,1,ai_farm
907,13251,1,Normal,30,5,5,5,0,27,35,0,3,25,0,1,2,0,15,11,0,3,3,0,0,140,32,43,0,1,1,141,1,ai_farm; +1 levelup
907,13251,2,Normal,27,3,3,3,0,35,35,3,3,15,0,2,2,0,3,1,0,0,2,0,0,84,0,8,0,1,1,141,1,
907,13251,3,Normal,32,3,3,3,0,35,35,3,3,36,0,2,2,0,9,5,0,0,3,0,0,180,3,24,0,1,1,159,1,
908,13252,1,Normal,28,4,4,4,0,27,27,0,0,20,0,1,1,2,10,6,0,3,3,0,0,112,12,30,0,1,1,29,1,floor1_town
908,13252,1,Normal,40,5,5,5,0,27,27,0,0,25,0,1,1,0,11,3,0,3,3,0,0,140,0,26,0,1,1,64,1,ai_farm
908,13252,1,Normal,40,3,3,3,0,27,27,0,0,15,0,1,1,0,5,0,0,3,3,0,0,84,0,10,0,1,1,85,1,ai_farm
908,13252,1,Normal,26,3,3,3,0,27,27,0,0,15,0,1,1,0,9,3,0,3,3,0,0,84,0,21,0,1,1,106,1,ai_farm
908,13252,1,Normal,34,3,3,3,0,27,27,0,0,15,0,1,1,0,6,0,0,3,3,0,0,84,0,13,0,1,1,127,1,ai_farm
908,13252,1,Normal,37,5,5,5,0,27,36,0,2,25,0,1,2,0,9,0,0,3,3,0,0,140,0,18,0,1,1,144,1,ai_farm; +1 levelup
908,13252,2,Normal,33,2,2,2,0,36,36,2,2,10,0,2,2,0,3,1,2,0,2,0,0,56,0,9,0,1,1,144,1,
908,13252,3,Normal,28,2,2,2,0,36,36,2,2,24,0,2,2,4,2,0,0,2,3,0,0,120,0,8,0,1,1,156,1,
909,13253,1,Normal,32,1,1,1,0,27,27,0,0,5,0,1,1,1,3,1,0,3,3,0,0,28,0,7,0,1,1,8,1,floor1_town
909,13253,1,Normal,31,4,4,4,0,27,27,0,0,20,0,1,1,0,10,1,0,3,3,0,0,112,0,20,0,1,1,36,1,ai_farm
909,13253,1,Normal,30,2,2,2,0,27,27,0,0,10,0,1,1,0,6,0,0,3,3,0,0,56,0,10,0,1,1,50,1,ai_farm
909,13253,1,Normal,31,4,4,4,0,27,27,0,0,20,0,1,1,0,10,5,0,3,3,0,0,112,20,26,0,1,1,78,1,ai_farm
909,13253,1,Normal,30,4,4,4,0,27,27,0,0,20,0,1,1,0,9,3,0,3,3,0,0,112,2,24,0,1,1,106,1,ai_farm
909,13253,1,Normal,37,1,1,1,0,27,27,0,0,5,0,1,1,0,2,0,0,3,3,0,0,28,0,5,0,1,1,113,1,ai_farm
909,13253,1,Normal,37,4,4,4,0,27,35,0,2,20,0,1,2,0,9,5,0,3,3,0,0,112,12,26,0,1,1,141,1,ai_farm; +1 levelup
909,13253,2,Normal,29,2,2,2,0,35,26,2,2,10,0,2,2,1,0,0,1,3,3,0,0,56,18,7,0,1,1,142,1,
909,13253,3,Normal,30,3,3,3,0,26,35,2,2,36,0,2,2,2,9,6,0,0,3,0,0,180,30,31,0,1,1,160,1,
910,13254,1,Normal,37,3,3,3,0,27,27,0,0,15,0,1,1,2,9,5,0,3,3,0,0,84,14,25,0,1,1,22,1,floor1_town
910,13254,1,Normal,38,4,4,4,0,27,27,0,0,20,0,1,1,0,11,3,0,3,3,0,0,112,0,20,0,1,1,50,1,ai_farm
910,13254,1,Normal,26,2,2,2,0,27,27,0,0,10,0,1,1,0,6,3,0,3,3,0,0,56,0,11,0,1,1,64,1,ai_farm
910,13254,1,Normal,25,2,2,2,0,27,27,0,0,10,0,1,1,0,6,2,0,3,3,0,0,56,4,14,0,1,1,78,1,ai_farm
910,13254,1,Normal,7,1,1,0,0,27,0,0,0,0,0,1,1,0,3,3,0,0,0,0,0,9,27,11,1,0,0,84,1,ai_farm; party wiped
911,13255,1,Normal,26,3,3,3,0,27,27,0,0,15,0,1,1,1,8,4,0,3,3,0,0,84,18,22,0,1,1,22,1,floor1_town
911,13255,1,Normal,39,6,6,6,0,27,27,0,0,30,0,1,1,0,16,7,0,3,3,0,0,168,0,34,0,1,1,64,1,ai_farm
911,13255,1,Normal,29,3,3,3,0,27,27,0,0,15,0,1,1,0,8,0,0,3,3,0,0,84,0,14,0,1,1,85,1,ai_farm
911,13255,1,Normal,37,4,4,4,0,27,27,0,0,20,0,1,1,0,9,0,0,3,3,0,0,112,0,15,0,1,1,113,1,ai_farm
911,13255,1,Normal,24,4,4,3,0,27,0,0,0,15,0,1,1,0,11,8,0,0,0,0,0,111,41,27,1,0,0,140,1,ai_farm; party wiped
912,13256,1,Normal,30,4,4,4,0,27,27,0,0,20,0,1,1,1,8,1,1,3,3,0,0,112,0,16,0,1,1,29,1,floor1_town
912,13256,1,Normal,33,2,2,2,0,27,27,0,0,10,0,1,1,1,5,3,0,3,3,0,0,56,18,16,0,1,1,43,1,ai_farm
912,13256,1,Normal,35,3,3,3,0,27,27,0,0,15,0,1,1,0,8,3,0,3,3,0,0,84,0,18,0,1,1,64,1,ai_farm
912,13256,1,Normal,25,2,2,2,0,27,27,0,0,10,0,1,1,0,5,2,0,3,3,0,0,56,0,12,0,1,1,78,1,ai_farm
912,13256,1,Normal,32,2,2,2,0,27,27,0,0,10,0,1,1,0,6,1,0,3,3,0,0,56,0,14,0,1,1,92,1,ai_farm
912,13256,1,Normal,36,4,4,4,0,27,27,0,0,20,0,1,1,0,11,2,0,3,3,0,0,112,2,22,0,1,1,120,1,ai_farm
912,13256,1,Normal,29,6,6,5,0,27,0,0,3,25,0,1,2,0,14,7,0,0,0,0,0,166,63,38,1,0,0,143,1,ai_farm; party wiped; +1 levelup
913,13257,1,Normal,35,2,2,2,0,27,27,0,0,10,0,1,1,1,5,0,0,3,3,0,0,56,0,8,0,1,1,15,1,floor1_town
913,13257,1,Normal,30,4,4,4,0,27,27,0,0,20,0,1,1,0,7,3,0,3,3,0,0,112,0,18,0,1,1,43,1,ai_farm
913,13257,1,Normal,33,2,2,2,0,27,27,0,0,10,0,1,1,0,4,2,0,3,3,0,0,56,0,12,0,1,1,57,1,ai_farm
913,13257,1,Normal,26,5,5,5,0,27,27,0,0,25,0,1,1,0,14,2,0,3,3,0,0,140,0,27,0,1,1,92,1,ai_farm
913,13257,1,Normal,25,2,2,2,0,27,27,0,0,10,0,1,1,0,5,0,0,3,3,0,0,56,0,8,0,1,1,106,1,ai_farm
913,13257,1,Normal,29,4,4,4,0,27,27,0,0,20,0,1,1,0,9,2,0,3,3,0,0,112,0,19,0,1,1,134,1,ai_farm
913,13257,1,Normal,25,2,2,2,0,27,35,0,3,10,0,1,2,0,4,0,0,3,3,0,0,56,0,10,0,1,1,142,1,ai_farm; +1 levelup
913,13257,2,Normal,32,3,3,3,0,35,11,3,3,15,0,2,2,0,3,3,0,0,0,0,0,84,24,16,0,1,1,142,1,
913,13257,3,Normal,15,2,2,1,0,11,0,3,3,12,0,2,2,0,6,4,0,0,0,0,0,113,35,16,1,0,0,154,1,party wiped
914,13258,1,Normal,40,5,5,5,0,27,27,0,0,25,0,1,1,0,13,8,0,3,3,0,0,140,12,29,0,1,1,36,1,floor1_town
914,13258,1,Normal,13,1,1,0,0,27,0,0,0,0,0,1,1,0,3,3,0,0,0,0,0,27,27,9,1,0,0,42,1,ai_farm; party wiped
915,13259,1,Normal,29,2,2,2,0,27,27,0,0,10,0,1,1,0,5,2,1,3,3,0,0,56,0,11,0,1,1,15,1,floor1_town
915,13259,1,Normal,33,4,4,4,0,27,27,0,0,20,0,1,1,1,11,1,0,3,3,0,0,112,0,19,0,1,1,43,1,ai_farm
915,13259,1,Normal,27,3,3,3,0,27,27,0,0,15,0,1,1,0,7,1,0,3,3,0,0,84,0,17,0,1,1,64,1,ai_farm
915,13259,1,Normal,39,2,2,2,0,27,27,0,0,10,0,1,1,0,5,3,0,3,3,0,0,56,0,11,0,1,1,78,1,ai_farm
915,13259,1,Normal,5,1,1,0,0,27,0,0,0,0,0,1,1,0,3,3,0,0,0,0,0,18,27,9,1,0,0,84,1,ai_farm; party wiped
916,13260,1,Normal,33,6,6,6,0,27,27,0,0,30,0,1,1,0,15,1,0,3,3,0,0,168,2,27,0,1,1,43,1,floor1_town
916,13260,1,Normal,28,3,3,3,0,27,27,0,0,15,0,1,1,0,7,0,0,3,3,0,0,84,0,11,0,1,1,64,1,ai_farm
916,13260,1,Normal,31,3,3,3,0,27,27,0,0,15,0,1,1,0,8,4,0,3,3,0,0,84,4,24,0,1,1,85,1,ai_farm
916,13260,1,Normal,30,1,1,1,0,27,27,0,0,5,0,1,1,0,2,0,0,3,3,0,0,28,0,3,0,1,1,92,1,ai_farm
916,13260,1,Normal,29,4,4,4,0,27,27,0,0,20,0,1,1,0,11,2,0,3,3,0,0,112,0,17,0,1,1,120,1,ai_farm
916,13260,1,Normal,32,2,2,2,0,27,27,0,0,10,0,1,1,0,5,3,0,3,3,0,0,56,0,14,0,1,1,134,1,ai_farm
916,13260,1,Normal,36,4,4,4,0,27,34,0,1,20,0,1,2,0,11,2,0,3,3,0,0,112,18,24,0,1,1,144,1,ai_farm; +1 levelup
916,13260,2,Normal,40,6,6,6,0,34,34,1,1,30,0,2,2,0,6,5,0,0,1,0,0,168,27,21,0,1,1,145,1,
916,13260,3,Normal,36,4,4,3,0,34,0,1,1,36,0,2,2,1,12,8,0,0,0,0,0,210,50,29,1,0,0,169,1,party wiped
917,13261,1,Normal,1,1,1,0,0,27,0,0,0,0,0,1,1,1,3,3,0,0,0,0,0,23,27,13,1,0,0,7,1,floor1_town; party wiped
918,13262,1,Normal,27,3,3,3,0,27,27,0,0,15,0,1,1,0,9,6,0,3,3,0,0,84,0,21,0,1,1,22,1,floor1_town
918,13262,1,Normal,39,3,3,3,0,27,27,0,0,15,0,1,1,0,7,1,0,3,3,0,0,84,0,13,0,1,1,43,1,ai_farm
918,13262,1,Normal,37,4,4,4,0,27,27,0,0,20,0,1,1,0,11,5,0,3,3,0,0,112,0,24,0,1,1,71,1,ai_farm
918,13262,1,Normal,33,4,4,4,0,27,27,0,0,20,0,1,1,0,11,6,0,3,3,0,0,112,2,24,0,1,1,99,1,ai_farm
918,13262,1,Normal,27,4,4,4,0,27,27,0,0,20,0,1,1,0,10,5,0,3,3,0,0,112,2,24,0,1,1,127,1,ai_farm
918,13262,1,Normal,37,4,4,4,0,27,36,0,3,20,0,1,2,0,8,0,0,3,3,0,0,112,0,12,0,1,1,143,1,ai_farm; +1 levelup
918,13262,2,Normal,30,3,3,3,0,36,36,3,3,15,0,2,2,0,3,3,2,0,0,0,0,84,0,11,0,1,1,143,1,
918,13262,3,Normal,31,5,5,5,0,36,14,3,3,60,0,2,2,2,15,11,0,0,0,0,0,300,38,43,0,1,1,173,1,
919,13263,1,Normal,31,3,3,3,0,27,27,0,0,15,0,1,1,1,6,0,0,3,3,0,0,84,0,12,0,1,1,22,1,floor1_town
919,13263,1,Normal,30,3,3,3,0,27,27,0,0,15,0,1,1,0,9,3,0,3,3,0,0,84,24,21,0,1,1,43,1,ai_farm
919,13263,1,Normal,37,5,5,5,0,27,27,0,0,25,0,1,1,0,14,6,0,3,3,0,0,140,12,28,0,1,1,78,1,ai_farm
919,13263,1,Normal,29,2,2,2,0,27,27,0,0,10,0,1,1,0,5,1,0,3,3,0,0,56,2,10,0,1,1,92,1,ai_farm
919,13263,1,Normal,34,4,4,4,0,27,27,0,0,20,0,1,1,0,10,5,0,3,3,0,0,112,24,24,0,1,1,120,1,ai_farm
919,13263,1,Normal,31,2,2,2,0,27,27,0,0,10,0,1,1,0,3,0,0,3,3,0,0,56,0,8,0,1,1,134,1,ai_farm
919,13263,1,Normal,32,5,5,5,0,27,34,0,2,25,0,1,2,0,9,1,0,3,3,0,0,140,2,21,0,1,1,145,1,ai_farm; +1 levelup
919,13263,2,Normal,35,2,2,2,0,34,34,2,2,10,0,2,2,0,3,2,2,0,1,0,0,56,0,9,0,1,1,145,1,
919,13263,3,Normal,7,1,1,0,0,34,0,2,2,0,0,2,2,2,3,3,0,0,0,0,0,57,34,13,1,0,0,151,1,party wiped
920,13264,1,Normal,36,5,5,5,0,27,27,0,0,25,0,1,1,0,15,9,0,3,3,0,0,140,36,34,0,1,1,36,1,floor1_town
920,13264,1,Normal,34,6,6,6,0,27,27,0,0,30,0,1,1,0,15,3,0,3,3,0,0,168,2,29,0,1,1,78,1,ai_farm
920,13264,1,Normal,12,2,2,1,0,27,0,0,0,5,0,1,1,0,6,5,0,0,0,0,0,55,27,15,1,0,0,91,1,ai_farm; party wiped
921,13265,1,Normal,25,2,2,2,0,27,27,0,0,10,0,1,1,0,3,0,2,3,3,0,0,56,0,8,0,1,1,15,1,floor1_town
921,13265,1,Normal,27,5,5,5,0,27,27,0,0,25,0,1,1,2,11,0,0,3,3,0,0,140,0,24,0,1,1,50,1,ai_farm
921,13265,1,Normal,26,3,3,3,0,27,27,0,0,15,0,1,1,0,8,6,0,3,3,0,0,84,21,22,0,1,1,71,1,ai_farm
921,13265,1,Normal,26,2,2,2,0,27,27,0,0,10,0,1,1,0,6,3,0,3,3,0,0,56,12,15,0,1,1,85,1,ai_farm
921,13265,1,Normal,26,2,2,2,0,27,27,0,0,10,0,1,1,0,4,0,0,3,3,0,0,56,0,8,0,1,1,99,1,ai_farm
921,13265,1,Normal,30,5,5,5,0,27,27,0,0,25,0,1,1,0,14,4,0,3,3,0,0,140,4,25,0,1,1,134,1,ai_farm
921,13265,1,Normal,36,5,5,5,0,27,35,0,3,25,0,1,2,0,8,0,0,3,3,0,0,140,0,17,0,1,1,145,1,ai_farm; +1 levelup
921,13265,2,Normal,27,4,4,4,0,35,23,3,3,20,0,2,2,1,3,3,0,0,0,0,0,112,12,15,0,1,1,145,1,
921,13265,3,Normal,29,3,3,3,0,23,35,3,3,36,0,2,2,1,8,1,0,0,2,0,0,180,0,16,0,1,1,163,1,
922,13266,1,Normal,29,5,5,5,0,27,27,0,0,25,0,1,1,0,11,2,0,3,3,0,0,140,0,20,0,1,1,36,1,floor1_town
922,13266,1,Normal,27,2,2,2,0,27,27,0,0,10,0,1,1,0,6,4,0,3,3,0,0,56,14,15,0,1,1,50,1,ai_farm
922,13266,1,Normal,32,4,4,4,0,27,27,0,0,20,0,1,1,0,10,4,0,3,3,0,0,112,0,23,0,1,1,78,1,ai_farm
922,13266,1,Normal,32,2,2,2,0,27,27,0,0,10,0,1,1,0,3,2,0,3,3,0,0,56,0,10,0,1,1,92,1,ai_farm
922,13266,1,Normal,31,6,6,6,0,27,27,0,0,30,0,1,1,0,17,4,0,3,3,0,0,168,0,35,0,1,1,134,1,ai_farm
922,13266,1,Normal,34,3,3,3,0,27,35,0,2,15,0,1,2,0,4,2,0,3,3,0,0,84,11,14,0,1,1,143,1,ai_farm; +1 levelup
922,13266,2,Normal,30,5,5,5,0,35,35,2,2,25,0,2,2,0,2,0,1,1,3,0,0,140,0,10,0,1,1,143,1,
922,13266,3,Normal,2,1,1,0,0,35,0,2,2,0,0,2,2,2,3,3,0,0,0,0,0,45,35,11,1,0,0,149,1,party wiped
923,13267,1,Normal,34,1,1,1,0,27,27,0,0,5,0,1,1,1,3,2,1,3,3,0,0,28,0,8,0,1,1,8,1,floor1_town
923,13267,1,Normal,35,3,3,3,0,27,27,0,0,15,0,1,1,1,5,2,0,3,3,0,0,84,0,13,0,1,1,29,1,ai_farm
923,13267,1,Normal,34,4,4,4,0,27,27,0,0,20,0,1,1,0,7,3,0,3,3,0,0,112,14,26,0,1,1,57,1,ai_farm
923,13267,1,Normal,39,2,2,2,0,27,27,0,0,10,0,1,1,0,6,0,0,3,3,0,0,56,0,12,0,1,1,71,1,ai_farm
923,13267,1,Normal,26,2,2,2,0,27,27,0,0,10,0,1,1,0,3,2,0,3,3,0,0,56,0,12,0,1,1,85,1,ai_farm
923,13267,1,Normal,38,6,6,6,0,27,27,0,0,30,0,1,1,0,13,2,0,3,3,0,0,168,0,27,0,1,1,127,1,ai_farm
923,13267,1,Normal,35,3,3,3,0,27,35,0,2,15,0,1,2,0,7,1,0,3,3,0,0,84,0,13,0,1,1,142,1,ai_farm; +1 levelup
923,13267,2,Normal,26,2,2,2,0,35,23,2,2,10,0,2,2,0,3,3,0,0,0,0,0,56,12,11,0,1,1,142,1,
923,13267,3,Normal,30,2,2,2,0,23,35,2,2,24,0,2,2,0,5,1,0,0,2,0,0,120,0,8,0,1,1,154,1,
924,13268,1,Normal,39,3,3,3,0,27,27,0,0,15,0,1,1,0,6,3,0,3,3,0,0,84,2,16,0,1,1,22,1,floor1_town
924,13268,1,Normal,8,1,1,0,0,27,0,0,0,0,0,1,1,0,3,3,0,0,0,0,0,18,27,9,1,0,0,28,1,ai_farm; party wiped
925,13269,1,Normal,28,3,3,3,0,27,27,0,0,15,0,1,1,2,8,2,0,3,3,0,0,84,0,18,0,1,1,22,1,floor1_town
925,13269,1,Normal,38,3,3,3,0,27,27,0,0,15,0,1,1,0,8,2,0,3,3,0,0,84,0,15,0,1,1,43,1,ai_farm
925,13269,1,Normal,34,3,3,3,0,27,27,0,0,15,0,1,1,0,8,0,0,3,3,0,0,84,0,13,0,1,1,64,1,ai_farm
925,13269,1,Normal,37,4,4,4,0,27,27,0,0,20,0,1,1,0,12,1,0,3,3,0,0,112,2,21,0,1,1,92,1,ai_farm
925,13269,1,Normal,31,2,2,2,0,27,27,0,0,10,0,1,1,0,5,2,0,3,3,0,0,56,0,9,0,1,1,106,1,ai_farm
925,13269,1,Normal,29,2,2,2,0,27,27,0,0,10,0,1,1,0,4,3,0,3,3,0,0,56,0,11,0,1,1,120,1,ai_farm
925,13269,1,Normal,40,6,6,6,0,27,34,0,2,30,0,1,2,0,10,1,0,3,3,0,0,168,0,22,0,1,1,144,1,ai_farm; +1 levelup
925,13269,2,Normal,16,3,3,2,0,34,0,2,2,10,0,2,2,1,3,3,0,0,0,0,0,80,34,16,1,0,0,144,1,party wiped
926,13270,1,Normal,32,2,2,2,0,27,27,0,0,10,0,1,1,0,2,0,0,3,3,0,0,56,0,6,0,1,1,15,1,floor1_town
926,13270,1,Normal,39,2,2,2,0,27,27,0,0,10,0,1,1,0,6,3,0,3,3,0,0,56,2,13,0,1,1,29,1,ai_farm
926,13270,1,Normal,38,6,6,6,0,27,27,0,0,30,0,1,1,0,16,5,0,3,3,0,0,168,0,30,0,1,1,71,1,ai_farm
926,13270,1,Normal,36,2,2,2,0,27,27,0,0,10,0,1,1,0,4,2,0,3,3,0,0,56,0,11,0,1,1,85,1,ai_farm
926,13270,1,Normal,32,3,3,3,0,27,27,0,0,15,0,1,1,0,8,4,0,3,3,0,0,84,0,16,0,1,1,106,1,ai_farm
926,13270,1,Normal,26,2,2,2,0,27,27,0,0,10,0,1,1,0,3,0,0,3,3,0,0,56,0,5,0,1,1,120,1,ai_farm
926,13270,1,Normal,32,3,3,3,0,27,34,0,1,15,0,1,2,0,8,0,0,3,3,0,0,84,0,13,0,1,1,141,1,ai_farm; +1 levelup
926,13270,2,Normal,37,5,5,5,0,34,34,1,1,25,0,2,2,2,6,5,0,0,1,0,0,140,11,29,0,1,1,142,1,
926,13270,3,Normal,26,3,3,3,0,34,34,1,1,36,0,2,2,0,9,2,0,0,2,0,0,180,0,16,0,1,1,160,1,
927,13271,1,Normal,37,4,4,4,0,27,27,0,0,20,0,1,1,1,7,1,1,3,3,0,0,112,0,17,0,1,1,29,1,floor1_town
927,13271,1,Normal,26,3,3,3,0,27,27,0,0,15,0,1,1,1,8,6,0,3,3,0,0,84,9,20,0,1,1,50,1,ai_farm
927,13271,1,Normal,30,3,3,3,0,27,27,0,0,15,0,1,1,0,7,5,0,3,3,0,0,84,0,18,0,1,1,71,1,ai_farm
927,13271,1,Normal,6,2,2,1,0,27,0,0,0,5,0,1,1,0,5,3,0,0,0,0,0,53,27,17,1,0,0,84,1,ai_farm; party wiped
928,13272,1,Normal,26,3,3,3,0,27,27,0,0,15,0,1,1,1,7,1,0,3,3,0,0,84,0,14,0,1,1,22,1,floor1_town
928,13272,1,Normal,33,4,4,4,0,27,27,0,0,20,0,1,1,0,12,3,0,3,3,0,0,112,0,27,0,1,1,50,1,ai_farm
928,13272,1,Normal,34,3,3,3,0,27,27,0,0,15,0,1,1,0,9,1,0,3,3,0,0,84,0,14,0,1,1,71,1,ai_farm
928,13272,1,Normal,28,3,3,3,0,27,27,0,0,15,0,1,1,0,8,6,0,3,3,0,0,84,22,23,0,1,1,92,1,ai_farm
928,13272,1,Normal,16,2,2,1,0,27,0,0,0,5,0,1,1,0,6,3,0,0,0,0,0,46,27,13,1,0,0,105,1,ai_farm; party wiped
929,13273,1,Normal,30,0,0,0,0,27,27,0,0,0,0,1,1,0,0,0,2,3,3,0,0,0,0,0,0,1,1,1,0,floor1_town
929,13273,1,Normal,34,3,3,3,0,27,27,0,0,15,0,1,1,2,5,0,0,3,3,0,0,84,0,14,0,1,1,22,1,ai_farm
929,13273,1,Normal,25,3,3,3,0,27,27,0,0,15,0,1,1,0,9,3,0,3,3,0,0,84,0,18,0,1,1,43,1,ai_farm
929,13273,1,Normal,38,3,3,3,0,27,27,0,0,15,0,1,1,0,5,0,0,3,3,0,0,84,0,11,0,1,1,64,1,ai_farm
929,13273,1,Normal,26,4,4,4,0,27,27,0,0,20,0,1,1,0,12,6,0,3,3,0,0,112,16,29,0,1,1,92,1,ai_farm
929,13273,1,Normal,37,5,5,5,0,27,27,0,0,25,0,1,1,0,13,4,0,3,3,0,0,140,18,28,0,1,1,127,1,ai_farm
929,13273,1,Normal,30,2,2,2,0,27,36,0,3,10,0,1,2,0,4,0,0,3,3,0,0,56,0,8,0,1,1,141,1,ai_farm; +1 levelup
929,13273,2,Normal,30,3,3,3,0,36,36,3,3,15,0,2,2,0,3,2,2,0,1,0,0,84,0,8,0,1,1,141,1,
929,13273,3,Normal,34,3,3,3,0,36,36,3,3,36,0,2,2,2,9,3,1,0,3,0,0,180,0,19,0,1,1,159,1,
930,13274,1,Normal,35,4,4,4,0,27,27,0,0,20,0,1,1,1,10,2,0,3,3,0,0,112,0,20,0,1,1,29,1,floor1_town
930,13274,1,Normal,28,2,2,2,0,27,27,0,0,10,0,1,1,0,6,3,0,3,3,0,0,56,0,12,0,1,1,43,1,ai_farm
930,13274,1,Normal,25,2,2,2,0,27,27,0,0,10,0,1,1,0,6,4,0,3,3,0,0,56,12,15,0,1,1,57,1,ai_farm
930,13274,1,Normal,30,3,3,3,0,27,27,0,0,15,0,1,1,0,8,4,0,3,3,0,0,84,11,20,0,1,1,78,1,ai_farm
930,13274,1,Normal,39,5,5,5,0,27,27,0,0,25,0,1,1,0,14,8,0,3,3,0,0,140,16,33,0,1,1,113,1,ai_farm
930,13274,1,Normal,26,1,1,1,0,27,27,0,0,5,0,1,1,0,3,3,0,3,3,0,0,28,0,7,0,1,1,120,1,ai_farm
930,13274,1,Normal,26,3,3,3,0,27,35,0,3,15,0,1,2,0,8,1,0,3,3,0,0,84,0,18,0,1,1,141,1,ai_farm; +1 levelup
930,13274,2,Normal,25,4,4,3,0,35,0,3,3,15,0,2,2,0,3,3,0,0,0,0,0,102,35,15,1,0,0,141,1,party wiped
931,13275,1,Normal,40,5,5,5,0,27,27,0,0,25,0,1,1,2,9,3,0,3,3,0,0,140,2,26,0,1,1,36,1,floor1_town
931,13275,1,Normal,32,3,3,3,0,27,27,0,0,15,0,1,1,0,9,2,0,3,3,0,0,84,2,15,0,1,1,57,1,ai_farm
931,13275,1,Normal,32,1,1,1,0,27,27,0,0,5,0,1,1,0,2,0,0,3,3,0,0,28,0,6,0,1,1,64,1,ai_farm
931,13275,1,Normal,35,4,4,4,0,27,27,0,0,20,0,1,1,0,10,5,0,3,3,0,0,112,0,23,0,1,1,92,1,ai_farm
931,13275,1,Normal,33,3,3,3,0,27,27,0,0,15,0,1,1,0,9,6,0,3,3,0,0,84,4,23,0,1,1,113,1,ai_farm
931,13275,1,Normal,37,5,5,5,0,27,34,0,2,25,0,1,2,0,8,0,0,3,3,0,0,140,0,15,0,1,1,142,1,ai_farm; +1 levelup
931,13275,2,Normal,28,4,4,4,0,34,34,2,2,20,0,2,2,0,3,2,1,0,1,0,0,112,0,15,0,1,1,142,1,
931,13275,3,Normal,32,2,2,2,0,34,34,2,2,24,0,2,2,2,4,0,0,1,3,0,0,120,0,13,0,1,1,154,1,
932,13276,1,Normal,28,2,2,2,0,27,27,0,0,10,0,1,1,1,4,0,0,3,3,0,0,56,0,7,0,1,1,15,1,floor1_town
932,13276,1,Normal,31,4,4,4,0,27,27,0,0,20,0,1,1,0,10,3,0,3,3,0,0,112,4,21,0,1,1,43,1,ai_farm
932,13276,1,Normal,34,3,3,3,0,27,27,0,0,15,0,1,1,0,7,3,0,3,3,0,0,84,12,16,0,1,1,64,1,ai_farm
932,13276,1,Normal,26,1,1,1,0,27,27,0,0,5,0,1,1,0,2,0,0,3,3,0,0,28,0,5,0,1,1,71,1,ai_farm
932,13276,1,Normal,33,3,3,3,0,27,27,0,0,15,0,1,1,0,5,1,0,3,3,0,0,84,0,12,0,1,1,92,1,ai_farm
932,13276,1,Normal,38,2,2,2,0,27,27,0,0,10,0,1,1,0,4,3,0,3,3,0,0,56,18,11,0,1,1,106,1,ai_farm
932,13276,1,Normal,38,3,3,3,0,27,27,0,0,15,0,1,1,0,6,2,0,3,3,0,0,84,0,15,0,1,1,127,1,ai_farm
932,13276,1,Normal,25,2,2,2,0,27,34,0,2,10,0,1,2,0,6,5,0,3,3,0,0,56,0,21,0,1,1,141,1,ai_farm; +1 levelup
932,13276,2,Normal,34,6,6,6,0,34,22,2,2,30,0,2,2,0,6,6,1,0,0,0,0,168,30,22,0,1,1,142,1,
932,13276,3,Normal,21,5,5,4,0,22,0,2,2,48,0,2,2,1,14,8,0,0,0,0,0,290,34,37,1,0,0,172,1,party wiped
933,13277,1,Normal,33,2,2,2,0,27,27,0,0,10,0,1,1,2,6,0,0,3,3,0,0,56,0,15,0,1,1,15,1,floor1_town
933,13277,1,Normal,28,4,4,4,0,27,27,0,0,20,0,1,1,0,7,0,0,3,3,0,0,112,0,16,0,1,1,43,1,ai_farm
933,13277,1,Normal,29,3,3,3,0,27,27,0,0,15,0,1,1,0,7,2,0,3,3,0,0,84,2,15,0,1,1,64,1,ai_farm
933,13277,1,Normal,39,6,6,6,0,27,27,0,0,30,0,1,1,0,9,3,0,3,3,0,0,168,0,29,0,1,1,106,1,ai_farm
933,13277,1,Normal,27,2,2,2,0,27,27,0,0,10,0,1,1,0,6,2,0,3,3,0,0,56,2,14,0,1,1,120,1,ai_farm
933,13277,1,Normal,40,3,3,3,0,27,35,0,3,15,0,1,2,0,9,3,0,3,3,0,0,84,0,16,0,1,1,141,1,ai_farm; +1 levelup
933,13277,2,Normal,35,3,3,3,0,35,35,3,3,15,0,2,2,0,3,2,1,0,1,0,0,84,0,11,0,1,1,141,1,
933,13277,3,Normal,28,5,5,5,0,35,35,3,3,60,0,2,2,1,14,6,0,0,0,0,0,300,0,30,0,1,1,171,1,
934,13278,1,Normal,25,1,1,0,0,27,0,0,0,0,0,1,1,1,3,3,0,0,0,0,0,18,27,9,1,0,0,7,1,floor1_town; party wiped
935,13279,1,Normal,26,4,4,4,0,27,27,0,0,20,0,1,1,0,8,0,0,3,3,0,0,112,0,15,0,1,1,29,1,floor1_town
935,13279,1,Normal,26,3,3,3,0,27,27,0,0,15,0,1,1,0,7,5,0,3,3,0,0,84,0,19,0,1,1,50,1,ai_farm
935,13279,1,Normal,27,2,2,2,0,27,27,0,0,10,0,1,1,0,3,1,0,3,3,0,0,56,0,11,0,1,1,64,1,ai_farm
935,13279,1,Normal,34,6,6,6,0,27,27,0,0,30,0,1,1,0,13,5,0,3,3,0,0,168,4,26,0,1,1,106,1,ai_farm
935,13279,1,Normal,36,4,4,4,0,27,27,0,0,20,0,1,1,0,12,5,0,3,3,0,0,112,4,24,0,1,1,134,1,ai_farm
935,13279,1,Normal,40,4,4,4,0,27,36,0,3,20,0,1,2,0,8,3,0,3,3,0,0,112,10,20,0,1,1,144,1,ai_farm; +1 levelup
935,13279,2,Normal,28,1,1,1,0,36,36,3,3,5,0,2,2,0,3,0,1,0,3,0,0,28,0,5,0,1,1,144,1,
935,13279,3,Normal,33,4,4,3,0,36,0,3,3,36,0,2,2,2,11,4,0,0,0,0,0,213,36,26,1,0,0,168,1,party wiped
936,13280,1,Normal,31,6,6,6,0,27,27,0,0,30,0,1,1,1,14,4,0,3,3,0,0,168,18,34,0,1,1,43,1,floor1_town
936,13280,1,Normal,38,5,5,5,0,27,27,0,0,25,0,1,1,0,10,3,0,3,3,0,0,140,0,22,0,1,1,78,1,ai_farm
936,13280,1,Normal,33,4,4,4,0,27,27,0,0,20,0,1,1,0,11,3,0,3,3,0,0,112,0,24,0,1,1,106,1,ai_farm
936,13280,1,Normal,33,5,5,5,0,27,35,0,2,25,0,1,2,0,15,3,0,3,3,0,0,140,0,29,0,1,1,141,1,ai_farm; +1 levelup
936,13280,2,Normal,35,3,3,3,0,35,35,2,2,15,0,2,2,0,5,3,2,1,3,0,0,84,11,16,0,1,1,142,1,
936,13280,3,Normal,27,3,3,3,0,35,35,2,2,36,0,2,2,2,8,2,0,1,3,0,0,180,0,18,0,1,1,160,1,
937,13281,1,Normal,36,4,4,4,0,27,27,0,0,20,0,1,1,0,12,1,0,3,3,0,0,112,0,20,0,1,1,29,1,floor1_town
937,13281,1,Normal,30,3,3,3,0,27,27,0,0,15,0,1,1,0,3,0,0,3,3,0,0,84,0,10,0,1,1,50,1,ai_farm
937,13281,1,Normal,29,1,1,1,0,27,27,0,0,5,0,1,1,0,3,0,0,3,3,0,0,28,0,4,0,1,1,57,1,ai_farm
937,13281,1,Normal,33,4,4,4,0,27,27,0,0,20,0,1,1,0,11,4,0,3,3,0,0,112,0,23,0,1,1,85,1,ai_farm
937,13281,1,Normal,37,5,5,5,0,27,27,0,0,25,0,1,1,0,10,0,0,3,3,0,0,140,0,19,0,1,1,120,1,ai_farm
937,13281,1,Normal,11,2,2,1,0,27,0,0,0,5,0,1,1,0,6,5,0,0,0,0,0,46,27,17,1,0,0,133,1,ai_farm; party wiped
938,13282,1,Normal,25,4,4,4,0,27,27,0,0,20,0,1,1,1,8,1,0,3,3,0,0,112,0,19,0,1,1,29,1,floor1_town
938,13282,1,Normal,34,2,2,2,0,27,27,0,0,10,0,1,1,0,6,4,0,3,3,0,0,56,0,13,0,1,1,43,1,ai_farm
938,13282,1,Normal,36,5,5,5,0,27,27,0,0,25,0,1,1,0,12,4,0,3,3,0,0,140,0,24,0,1,1,78,1,ai_farm
938,13282,1,Normal,28,2,2,2,0,27,27,0,0,10,0,1,1,0,5,0,0,3,3,0,0,56,0,8,0,1,1,92,1,ai_farm
938,13282,1,Normal,34,4,4,4,0,27,27,0,0,20,0,1,1,0,10,5,0,3,3,0,0,112,2,20,0,1,1,120,1,ai_farm
938,13282,1,Normal,40,5,5,5,0,27,35,0,2,25,0,1,2,0,11,3,0,3,3,0,0,140,24,30,0,1,1,143,1,ai_farm; +1 levelup
938,13282,2,Normal,37,5,5,5,0,35,35,2,2,25,0,2,2,0,6,3,0,0,1,0,0,140,6,21,0,1,1,144,1,
938,13282,3,Normal,21,4,4,3,0,35,0,2,2,36,0,2,2,2,11,6,0,0,0,0,0,233,51,30,1,0,0,168,1,party wiped
939,13283,1,Normal,29,4,4,4,0,27,27,0,0,20,0,1,1,0,9,2,0,3,3,0,0,112,0,17,0,1,1,29,1,floor1_town
939,13283,1,Normal,35,4,4,4,0,27,27,0,0,20,0,1,1,0,6,1,0,3,3,0,0,112,0,15,0,1,1,57,1,ai_farm
939,13283,1,Normal,33,2,2,2,0,27,27,0,0,10,0,1,1,0,6,2,0,3,3,0,0,56,0,11,0,1,1,71,1,ai_farm
939,13283,1,Normal,13,3,3,2,0,27,0,0,0,10,0,1,1,0,8,5,0,0,0,0,0,83,29,19,1,0,0,91,1,ai_farm; party wiped
940,13284,1,Normal,34,4,4,4,0,27,27,0,0,20,0,1,1,1,10,1,0,3,3,0,0,112,2,20,0,1,1,29,1,floor1_town
940,13284,1,Normal,35,5,5,5,0,27,27,0,0,25,0,1,1,0,14,2,0,3,3,0,0,140,0,25,0,1,1,64,1,ai_farm
940,13284,1,Normal,35,5,5,5,0,27,27,0,0,25,0,1,1,0,14,0,0,3,3,0,0,140,0,22,0,1,1,99,1,ai_farm
940,13284,1,Normal,25,2,2,2,0,27,27,0,0,10,0,1,1,0,4,0,0,3,3,0,0,56,0,7,0,1,1,113,1,ai_farm
940,13284,1,Normal,37,5,5,5,0,27,35,0,2,25,0,1,2,0,12,5,0,3,3,0,0,140,2,29,0,1,1,142,1,ai_farm; +1 levelup
940,13284,2,Normal,40,6,6,6,0,35,8,2,2,30,0,2,2,1,6,6,0,0,0,0,0,168,54,30,0,1,1,143,1,
940,13284,3,Normal,7,1,1,0,0,8,0,2,2,0,0,2,2,1,3,3,0,0,0,0,0,15,35,9,1,0,0,149,1,party wiped
941,13285,1,Normal,39,4,4,4,0,27,27,0,0,20,0,1,1,0,7,1,0,3,3,0,0,112,2,15,0,1,1,29,1,floor1_town
941,13285,1,Normal,6,2,2,1,0,27,0,0,0,5,0,1,1,0,6,5,0,0,0,0,0,55,29,18,1,0,0,42,1,ai_farm; party wiped
942,13286,1,Normal,27,3,3,3,0,27,27,0,0,15,0,1,1,2,9,4,0,3,3,0,0,84,0,19,0,1,1,22,1,floor1_town
942,13286,1,Normal,28,0,0,0,0,27,27,0,0,0,0,1,1,0,0,0,0,3,3,0,0,0,0,0,0,1,1,22,0,ai_farm
942,13286,1,Normal,37,5,5,5,0,27,27,0,0,25,0,1,1,0,11,1,0,3,3,0,0,140,0,21,0,1,1,57,1,ai_farm
942,13286,1,Normal,40,4,4,4,0,27,27,0,0,20,0,1,1,0,11,3,0,3,3,0,0,112,0,28,0,1,1,85,1,ai_farm
942,13286,1,Normal,31,3,3,3,0,27,27,0,0,15,0,1,1,0,7,3,0,3,3,0,0,84,0,16,0,1,1,106,1,ai_farm
942,13286,1,Normal,31,4,4,4,0,27,27,0,0,20,0,1,1,0,11,3,0,3,3,0,0,112,12,23,0,1,1,134,1,ai_farm
942,13286,1,Normal,33,4,4,4,0,27,35,0,2,20,0,1,2,0,5,1,0,3,3,0,0,112,18,15,0,1,1,144,1,ai_farm; +1 levelup
942,13286,2,Normal,38,6,6,6,0,35,26,2,2,30,0,2,2,0,4,0,2,3,3,0,0,168,36,23,0,1,1,147,1,
942,13286,3,Normal,39,3,3,3,0,26,35,2,2,36,0,2,2,2,9,2,0,0,2,0,0,180,0,21,0,1,1,165,1,
943,13287,1,Normal,32,2,2,2,0,27,27,0,0,10,0,1,1,0,4,3,0,3,3,0,0,56,0,12,0,1,1,15,1,floor1_town
943,13287,1,Normal,26,2,2,2,0,27,27,0,0,10,0,1,1,0,6,2,0,3,3,0,0,56,0,13,0,1,1,29,1,ai_farm
943,13287,1,Normal,35,2,2,2,0,27,27,0,0,10,0,1,1,0,5,3,0,3,3,0,0,56,2,12,0,1,1,43,1,ai_farm
943,13287,1,Normal,16,2,2,1,0,27,0,0,0,5,0,1,1,0,6,3,0,0,0,0,0,46,27,12,1,0,0,56,1,ai_farm; party wiped
944,13288,1,Normal,30,4,4,3,0,27,0,0,0,15,0,1,1,2,9,7,0,0,0,0,0,111,27,26,1,0,0,28,1,floor1_town; party wiped
945,13289,1,Normal,25,4,4,4,0,27,27,0,0,20,0,1,1,0,8,1,0,3,3,0,0,112,0,16,0,1,1,29,1,floor1_town
945,13289,1,Normal,26,4,4,3,0,27,0,0,0,15,0,1,1,0,9,4,0,0,0,0,0,102,29,22,1,0,0,56,1,ai_farm; party wiped
946,13290,1,Normal,30,2,2,2,0,27,27,0,0,10,0,1,1,1,6,2,1,3,3,0,0,56,0,12,0,1,1,15,1,floor1_town
946,13290,1,Normal,27,2,2,2,0,27,27,0,0,10,0,1,1,0,5,0,1,3,3,0,0,56,0,7,0,1,1,29,1,ai_farm
946,13290,1,Normal,34,5,5,5,0,27,27,0,0,25,0,1,1,1,9,4,0,3,3,0,0,140,24,31,0,1,1,64,1,ai_farm
946,13290,1,Normal,36,3,3,3,0,27,27,0,0,15,0,1,1,0,9,2,0,3,3,0,0,84,0,18,0,1,1,85,1,ai_farm
946,13290,1,Normal,20,3,3,2,0,27,0,0,0,10,0,1,1,0,7,3,0,0,0,0,0,79,27,15,1,0,0,105,1,ai_farm; party wiped
947,13291,1,Normal,12,1,1,0,0,27,0,0,0,0,0,1,1,0,3,3,0,0,0,0,0,27,27,8,1,0,0,7,1,floor1_town; party wiped
948,13292,1,Normal,40,4,4,4,0,27,27,0,0,20,0,1,1,2,10,1,0,3,3,0,0,112,0,23,0,1,1,29,1,floor1_town
948,13292,1,Normal,40,4,4,4,0,27,27,0,0,20,0,1,1,0,7,0,0,3,3,0,0,112,0,15,0,1,1,57,1,ai_farm
948,13292,1,Normal,30,4,4,4,0,27,27,0,0,20,0,1,1,0,12,6,0,3,3,0,0,112,16,25,0,1,1,85,1,ai_farm
948,13292,1,Normal,24,4,4,3,0,27,0,0,0,15,0,1,1,0,11,6,0,0,0,0,0,107,27,26,1,0,0,112,1,ai_farm; party wiped
949,13293,1,Normal,28,3,3,2,1,27,27,0,0,10,0,1,1,0,8,4,0,3,3,0,0,56,24,18,0,1,1,21,1,floor1_town; flee×1
949,13293,1,Normal,29,2,2,2,0,27,27,0,0,10,0,1,1,0,6,2,0,3,3,0,0,56,0,11,0,1,1,35,1,ai_farm
949,13293,1,Normal,39,3,3,3,0,27,27,0,0,15,0,1,1,0,9,3,0,3,3,0,0,84,2,17,0,1,1,56,1,ai_farm
949,13293,1,Normal,38,6,6,6,0,27,27,0,0,30,0,1,1,0,13,3,0,3,3,0,0,168,0,27,0,1,1,98,1,ai_farm
949,13293,1,Normal,34,3,3,3,0,27,27,0,0,15,0,1,1,0,6,0,0,3,3,0,0,84,0,12,0,1,1,119,1,ai_farm
949,13293,1,Normal,33,2,2,2,0,27,27,0,0,10,0,1,1,0,5,1,0,3,3,0,0,56,2,10,0,1,1,133,1,ai_farm
949,13293,1,Normal,4,1,1,0,0,27,0,0,0,0,0,1,1,0,3,3,0,0,0,0,0,18,27,10,1,0,0,139,1,ai_farm; party wiped
950,13294,1,Normal,33,5,5,5,0,27,27,0,0,25,0,1,1,2,13,4,0,3,3,0,0,140,0,27,0,1,1,36,1,floor1_town
950,13294,1,Normal,25,3,3,3,0,27,27,0,0,15,0,1,1,0,6,0,0,3,3,0,0,84,0,11,0,1,1,57,1,ai_farm
950,13294,1,Normal,4,1,1,0,0,27,0,0,0,0,0,1,1,0,3,3,0,0,0,0,0,18,27,10,1,0,0,63,1,ai_farm; party wiped
951,13295,1,Normal,38,6,6,6,0,27,27,0,0,30,0,1,1,1,17,2,0,3,3,0,0,168,0,29,0,1,1,43,1,floor1_town
951,13295,1,Normal,39,3,3,3,0,27,27,0,0,15,0,1,1,0,6,1,0,3,3,0,0,84,0,11,0,1,1,64,1,ai_farm
951,13295,1,Normal,30,2,2,2,0,27,27,0,0,10,0,1,1,0,6,1,0,3,3,0,0,56,0,11,0,1,1,78,1,ai_farm
951,13295,1,Normal,34,3,3,3,0,27,27,0,0,15,0,1,1,0,9,4,0,3,3,0,0,84,14,18,0,1,1,99,1,ai_farm
951,13295,1,Normal,36,5,5,5,0,27,27,0,0,25,0,1,1,0,13,0,0,3,3,0,0,140,0,24,0,1,1,134,1,ai_farm
951,13295,1,Normal,29,2,2,2,0,27,35,0,3,10,0,1,2,0,4,0,0,3,3,0,0,56,0,10,0,1,1,142,1,ai_farm; +1 levelup
951,13295,2,Normal,35,3,3,3,0,35,35,3,3,15,0,2,2,0,6,4,1,0,2,0,0,84,12,20,0,1,1,143,1,
951,13295,3,Normal,33,3,3,3,0,35,35,3,3,36,0,2,2,3,9,5,0,0,1,0,0,180,19,23,0,1,1,161,1,
952,13296,1,Normal,26,2,2,2,0,27,27,0,0,10,0,1,1,2,4,1,0,3,3,0,0,56,2,13,0,1,1,15,1,floor1_town
952,13296,1,Normal,27,2,2,2,0,27,27,0,0,10,0,1,1,0,5,1,0,3,3,0,0,56,2,9,0,1,1,29,1,ai_farm
952,13296,1,Normal,38,5,5,5,0,27,27,0,0,25,0,1,1,0,12,2,0,3,3,0,0,140,0,27,0,1,1,64,1,ai_farm
952,13296,1,Normal,40,2,2,2,0,27,27,0,0,10,0,1,1,0,6,3,0,3,3,0,0,56,2,12,0,1,1,78,1,ai_farm
952,13296,1,Normal,39,4,4,4,0,27,27,0,0,20,0,1,1,0,11,5,0,3,3,0,0,112,0,24,0,1,1,106,1,ai_farm
952,13296,1,Normal,27,4,4,3,0,27,0,0,0,15,0,1,1,0,9,4,0,0,0,0,0,109,27,22,1,0,0,133,1,ai_farm; party wiped
953,13297,1,Normal,31,2,2,2,0,27,27,0,0,10,0,1,1,1,6,3,0,3,3,0,0,56,12,14,0,1,1,15,1,floor1_town
953,13297,1,Normal,39,2,2,2,0,27,27,0,0,10,0,1,1,0,6,4,0,3,3,0,0,56,0,15,0,1,1,29,1,ai_farm
953,13297,1,Normal,38,2,2,2,0,27,27,0,0,10,0,1,1,0,3,0,0,3,3,0,0,56,0,7,0,1,1,43,1,ai_farm
953,13297,1,Normal,37,4,4,4,0,27,27,0,0,20,0,1,1,0,10,7,0,3,3,0,0,112,12,25,0,1,1,71,1,ai_farm
953,13297,1,Normal,37,4,4,4,0,27,27,0,0,20,0,1,1,0,8,1,0,3,3,0,0,112,0,16,0,1,1,99,1,ai_farm
953,13297,1,Normal,28,3,3,3,0,27,27,0,0,15,0,1,1,0,8,3,0,3,3,0,0,84,12,18,0,1,1,120,1,ai_farm
953,13297,1,Normal,35,4,4,4,0,27,35,0,3,20,0,1,2,0,10,5,0,3,3,0,0,112,14,21,0,1,1,142,1,ai_farm; +1 levelup
953,13297,2,Normal,40,5,5,5,0,35,35,3,3,25,0,2,2,0,2,0,2,2,3,0,0,140,27,14,0,1,1,145,1,
953,13297,3,Normal,40,3,3,3,0,35,35,3,3,36,0,2,2,2,9,8,1,0,0,0,0,180,0,28,0,1,1,163,1,
954,13298,1,Normal,36,2,2,2,0,27,27,0,0,10,0,1,1,0,3,0,2,3,3,0,0,56,0,8,0,1,1,15,1,floor1_town
954,13298,1,Normal,25,2,2,2,0,27,27,0,0,10,0,1,1,0,3,0,2,3,3,0,0,56,0,7,0,1,1,29,1,ai_farm
954,13298,1,Normal,1,1,1,0,0,27,0,0,0,0,0,1,1,2,3,3,0,0,0,0,0,23,27,12,1,0,0,35,1,ai_farm; party wiped
955,13299,1,Normal,40,7,7,7,0,27,27,0,0,35,0,1,1,1,20,11,0,3,3,0,0,196,0,47,0,1,1,50,1,floor1_town
955,13299,1,Normal,25,0,0,0,0,27,27,0,0,0,0,1,1,0,0,0,0,3,3,0,0,0,0,0,0,1,1,50,0,ai_farm
955,13299,1,Normal,37,2,2,2,0,27,27,0,0,10,0,1,1,0,5,0,0,3,3,0,0,56,0,8,0,1,1,64,1,ai_farm
955,13299,1,Normal,26,3,3,3,0,27,27,0,0,15,0,1,1,0,6,3,0,3,3,0,0,84,0,17,0,1,1,85,1,ai_farm
955,13299,1,Normal,1,1,1,0,0,27,0,0,0,0,0,1,1,0,3,3,0,0,0,0,0,9,27,9,1,0,0,91,1,ai_farm; party wiped
956,13300,1,Normal,29,5,5,5,0,27,27,0,0,25,0,1,1,2,6,3,0,3,3,0,0,140,14,23,0,1,1,36,1,floor1_town
956,13300,1,Normal,27,3,3,3,0,27,27,0,0,15,0,1,1,0,9,2,0,3,3,0,0,84,2,16,0,1,1,57,1,ai_farm
956,13300,1,Normal,40,4,4,4,0,27,27,0,0,20,0,1,1,0,9,0,0,3,3,0,0,112,0,19,0,1,1,85,1,ai_farm
956,13300,1,Normal,26,4,4,4,0,27,27,0,0,20,0,1,1,0,8,1,0,3,3,0,0,112,0,14,0,1,1,113,1,ai_farm
956,13300,1,Normal,28,2,2,2,0,27,27,0,0,10,0,1,1,0,6,1,0,3,3,0,0,56,0,9,0,1,1,127,1,ai_farm
956,13300,1,Normal,26,4,4,4,0,27,34,0,2,20,0,1,2,0,9,3,0,3,3,0,0,112,26,23,0,1,1,143,1,ai_farm; +1 levelup
956,13300,2,Normal,27,1,1,1,0,34,34,2,2,5,0,2,2,0,1,0,2,2,3,0,0,28,0,5,0,1,1,143,1,
956,13300,3,Normal,27,3,3,3,0,34,30,2,2,36,0,2,2,3,9,4,0,0,2,0,0,180,4,20,0,1,1,161,1,
957,13301,1,Normal,34,2,2,2,0,27,27,0,0,10,0,1,1,1,2,0,0,3,3,0,0,56,0,7,0,1,1,15,1,floor1_town
957,13301,1,Normal,29,5,5,4,1,27,27,0,0,20,0,1,1,0,11,3,0,3,3,0,0,112,24,25,0,1,1,49,1,ai_farm; flee×1
957,13301,1,Normal,31,3,3,3,0,27,27,0,0,15,0,1,1,0,9,9,0,3,3,0,0,84,2,21,0,1,1,70,1,ai_farm
957,13301,1,Normal,32,2,2,2,0,27,27,0,0,10,0,1,1,0,4,0,0,3,3,0,0,56,0,9,0,1,1,84,1,ai_farm
957,13301,1,Normal,3,1,1,0,0,27,0,0,0,0,0,1,1,0,3,3,0,0,0,0,0,18,27,8,1,0,0,90,1,ai_farm; party wiped
958,13302,1,Normal,2,1,1,0,0,27,0,0,0,0,0,1,1,0,3,3,0,0,0,0,0,25,27,10,1,0,0,7,1,floor1_town; party wiped
959,13303,1,Normal,27,3,3,3,0,27,27,0,0,15,0,1,1,0,6,0,1,3,3,0,0,84,0,11,0,1,1,22,1,floor1_town
959,13303,1,Normal,3,1,1,0,0,27,0,0,0,0,0,1,1,1,3,3,0,0,0,0,0,27,27,12,1,0,0,28,1,ai_farm; party wiped
960,13304,1,Normal,32,4,4,4,0,27,27,0,0,20,0,1,1,0,11,2,0,3,3,0,0,112,0,17,0,1,1,29,1,floor1_town
960,13304,1,Normal,27,3,3,3,0,27,27,0,0,15,0,1,1,0,9,3,0,3,3,0,0,84,4,17,0,1,1,50,1,ai_farm
960,13304,1,Normal,32,5,5,5,0,27,27,0,0,25,0,1,1,0,11,3,0,3,3,0,0,140,4,27,0,1,1,85,1,ai_farm
960,13304,1,Normal,39,4,4,4,0,27,27,0,0,20,0,1,1,0,8,4,0,3,3,0,0,112,4,21,0,1,1,113,1,ai_farm
960,13304,1,Normal,25,2,2,2,0,27,27,0,0,10,0,1,1,0,6,3,0,3,3,0,0,56,0,12,0,1,1,127,1,ai_farm
960,13304,1,Normal,32,1,1,1,0,27,27,0,0,5,0,1,1,0,3,0,0,3,3,0,0,28,0,4,0,1,1,134,1,ai_farm
960,13304,1,Normal,28,3,3,3,0,27,34,0,2,15,0,1,2,0,6,0,0,3,3,0,0,84,0,13,0,1,1,143,1,ai_farm; +1 levelup
960,13304,2,Normal,27,3,3,3,0,34,34,2,2,15,0,2,2,0,2,0,2,2,3,0,0,84,9,12,0,1,1,144,1,
960,13304,3,Normal,25,3,3,3,0,34,34,2,2,36,0,2,2,4,9,5,0,0,3,0,0,180,0,24,0,1,1,162,1,
961,13305,1,Normal,37,4,4,4,0,27,27,0,0,20,0,1,1,1,8,3,0,3,3,0,0,112,2,20,0,1,1,29,1,floor1_town
961,13305,1,Normal,34,2,2,2,0,27,27,0,0,10,0,1,1,0,5,1,0,3,3,0,0,56,0,11,0,1,1,43,1,ai_farm
961,13305,1,Normal,38,5,5,5,0,27,27,0,0,25,0,1,1,0,9,3,0,3,3,0,0,140,24,27,0,1,1,78,1,ai_farm
961,13305,1,Normal,28,3,3,3,0,27,27,0,0,15,0,1,1,0,6,0,0,3,3,0,0,84,0,13,0,1,1,99,1,ai_farm
961,13305,1,Normal,28,2,2,2,0,27,27,0,0,10,0,1,1,0,6,1,0,3,3,0,0,56,0,10,0,1,1,113,1,ai_farm
961,13305,1,Normal,28,3,3,2,0,27,0,0,0,10,0,1,1,0,9,5,0,0,0,0,0,83,27,21,1,0,0,133,1,ai_farm; party wiped
962,13306,1,Normal,25,1,1,1,0,27,27,0,0,5,0,1,1,0,3,0,0,3,3,0,0,28,0,5,0,1,1,8,1,floor1_town
962,13306,1,Normal,33,2,2,2,0,27,27,0,0,10,0,1,1,0,6,1,0,3,3,0,0,56,0,12,0,1,1,22,1,ai_farm
962,13306,1,Normal,25,4,4,3,0,27,0,0,0,15,0,1,1,0,12,8,0,0,0,0,0,111,29,32,1,0,0,49,1,ai_farm; party wiped
963,13307,1,Normal,24,2,2,1,0,27,0,0,0,5,0,1,1,1,5,3,0,0,0,0,0,55,27,13,1,0,0,14,1,floor1_town; party wiped
964,13308,1,Normal,35,2,2,2,0,27,27,0,0,10,0,1,1,0,6,3,0,3,3,0,0,56,12,13,0,1,1,15,1,floor1_town
964,13308,1,Normal,30,2,2,2,0,27,27,0,0,10,0,1,1,0,6,0,0,3,3,0,0,56,0,11,0,1,1,29,1,ai_farm
964,13308,1,Normal,10,1,1,0,0,27,0,0,0,0,0,1,1,0,3,3,0,0,0,0,0,27,27,9,1,0,0,35,1,ai_farm; party wiped
965,13309,1,Normal,39,5,5,5,0,27,27,0,0,25,0,1,1,2,11,3,0,3,3,0,0,140,15,26,0,1,1,36,1,floor1_town
965,13309,1,Normal,38,2,2,2,0,27,27,0,0,10,0,1,1,0,6,2,0,3,3,0,0,56,0,10,0,1,1,50,1,ai_farm
965,13309,1,Normal,26,5,5,5,0,27,27,0,0,25,0,1,1,0,15,10,0,3,3,0,0,140,18,40,0,1,1,85,1,ai_farm
965,13309,1,Normal,30,2,2,2,0,27,27,0,0,10,0,1,1,0,5,3,0,3,3,0,0,56,12,17,0,1,1,99,1,ai_farm
965,13309,1,Normal,22,2,2,1,0,27,0,0,0,5,0,1,1,0,6,3,0,0,0,0,0,46,27,13,1,0,0,112,1,ai_farm; party wiped
966,13310,1,Normal,28,4,4,4,0,27,27,0,0,20,0,1,1,0,11,0,0,3,3,0,0,112,0,17,0,1,1,29,1,floor1_town
966,13310,1,Normal,34,5,5,5,0,27,27,0,0,25,0,1,1,0,12,4,0,3,3,0,0,140,16,23,0,1,1,64,1,ai_farm
966,13310,1,Normal,34,3,3,3,0,27,27,0,0,15,0,1,1,0,8,2,0,3,3,0,0,84,0,18,0,1,1,85,1,ai_farm
966,13310,1,Normal,34,2,2,2,0,27,27,0,0,10,0,1,1,0,6,5,0,3,3,0,0,56,12,15,0,1,1,99,1,ai_farm
966,13310,1,Normal,25,3,3,3,0,27,27,0,0,15,0,1,1,0,9,3,0,3,3,0,0,84,2,19,0,1,1,120,1,ai_farm
966,13310,1,Normal,27,3,3,3,0,27,35,0,3,15,0,1,2,0,8,4,0,3,3,0,0,84,0,19,0,1,1,141,1,ai_farm; +1 levelup
966,13310,2,Normal,32,5,5,5,0,35,35,3,3,25,0,2,2,0,5,3,0,1,3,0,0,140,18,17,0,1,1,142,1,
966,13310,3,Normal,38,2,2,2,0,35,32,3,3,24,0,2,2,0,6,1,0,0,2,0,0,120,3,11,0,1,1,154,1,
967,13311,1,Normal,29,5,5,4,0,27,0,0,0,20,0,1,1,2,13,4,0,0,0,0,0,139,27,31,1,0,0,35,1,floor1_town; party wiped
968,13312,1,Normal,37,5,5,5,0,27,27,0,0,25,0,1,1,0,15,9,0,3,3,0,0,140,4,36,0,1,1,36,1,floor1_town
968,13312,1,Normal,36,3,3,3,0,27,27,0,0,15,0,1,1,0,8,1,0,3,3,0,0,84,2,17,0,1,1,57,1,ai_farm
968,13312,1,Normal,38,2,2,2,0,27,27,0,0,10,0,1,1,0,6,5,0,3,3,0,0,56,2,16,0,1,1,71,1,ai_farm
968,13312,1,Normal,28,3,3,3,0,27,27,0,0,15,0,1,1,0,9,8,0,3,3,0,0,84,16,23,0,1,1,92,1,ai_farm
968,13312,1,Normal,27,5,5,5,0,27,27,0,0,25,0,1,1,0,13,4,0,3,3,0,0,140,4,28,0,1,1,127,1,ai_farm
968,13312,1,Normal,37,4,4,4,0,27,35,0,2,20,0,1,2,0,11,3,0,3,3,0,0,112,0,23,0,1,1,143,1,ai_farm; +1 levelup
968,13312,2,Normal,39,5,5,5,0,35,35,2,2,25,0,2,2,0,5,3,2,1,3,0,0,140,11,22,0,1,1,144,1,
968,13312,3,Normal,36,5,5,5,0,35,35,2,2,60,0,2,2,2,12,5,0,1,3,0,0,300,3,29,0,1,1,174,1,
969,13313,1,Normal,26,4,4,4,0,27,27,0,0,20,0,1,1,2,11,3,0,3,3,0,0,112,2,23,0,1,1,29,1,floor1_town
969,13313,1,Normal,34,5,5,5,0,27,27,0,0,25,0,1,1,0,15,6,0,3,3,0,0,140,18,28,0,1,1,64,1,ai_farm
969,13313,1,Normal,28,4,4,3,0,27,0,0,0,15,0,1,1,0,8,4,0,0,0,0,0,102,29,20,1,0,0,91,1,ai_farm; party wiped
970,13314,1,Normal,31,5,5,5,0,27,27,0,0,25,0,1,1,0,14,7,0,3,3,0,0,140,24,33,0,1,1,36,1,floor1_town
970,13314,1,Normal,26,3,3,3,0,27,27,0,0,15,0,1,1,0,4,1,0,3,3,0,0,84,0,12,0,1,1,57,1,ai_farm
970,13314,1,Normal,32,4,4,4,0,27,27,0,0,20,0,1,1,0,12,9,0,3,3,0,0,112,16,30,0,1,1,85,1,ai_farm
970,13314,1,Normal,30,5,5,5,0,27,27,0,0,25,0,1,1,0,10,3,0,3,3,0,0,140,0,23,0,1,1,120,1,ai_farm
970,13314,1,Normal,28,5,5,5,0,27,35,0,3,25,0,1,2,0,12,2,0,3,3,0,0,140,2,29,0,1,1,143,1,ai_farm; +1 levelup
970,13314,2,Normal,36,3,3,3,0,35,23,3,3,15,0,2,2,0,3,3,2,0,0,0,0,84,12,11,0,1,1,143,1,
970,13314,3,Normal,37,4,4,4,0,23,35,3,3,48,0,2,2,3,9,3,1,1,3,0,0,240,0,20,0,1,1,167,1,
971,13315,1,Normal,35,2,2,2,0,27,27,0,0,10,0,1,1,2,4,0,0,3,3,0,0,56,0,11,0,1,1,15,1,floor1_town
971,13315,1,Normal,29,4,4,4,0,27,27,0,0,20,0,1,1,0,6,0,0,3,3,0,0,112,0,15,0,1,1,43,1,ai_farm
971,13315,1,Normal,29,3,3,3,0,27,27,0,0,15,0,1,1,0,8,3,0,3,3,0,0,84,12,16,0,1,1,64,1,ai_farm
971,13315,1,Normal,12,1,1,0,0,27,0,0,0,0,0,1,1,0,3,3,0,0,0,0,0,27,27,9,1,0,0,70,1,ai_farm; party wiped
972,13316,1,Normal,40,2,2,2,0,27,27,0,0,10,0,1,1,1,4,2,0,3,3,0,0,56,0,10,0,1,1,15,1,floor1_town
972,13316,1,Normal,10,1,1,0,0,27,0,0,0,0,0,1,1,0,3,3,0,0,0,0,0,27,27,9,1,0,0,21,1,ai_farm; party wiped
973,13317,1,Normal,29,2,2,2,0,27,27,0,0,10,0,1,1,1,5,1,1,3,3,0,0,56,0,10,0,1,1,15,1,floor1_town
973,13317,1,Normal,37,4,4,4,0,27,27,0,0,20,0,1,1,1,10,4,0,3,3,0,0,112,2,24,0,1,1,43,1,ai_farm
973,13317,1,Normal,12,2,2,1,0,27,0,0,0,5,0,1,1,0,6,5,0,0,0,0,0,51,29,17,1,0,0,56,1,ai_farm; party wiped
974,13318,1,Normal,34,6,6,6,0,27,27,0,0,30,0,1,1,1,13,1,0,3,3,0,0,168,0,24,0,1,1,43,1,floor1_town
974,13318,1,Normal,38,5,5,5,0,27,27,0,0,25,0,1,1,0,13,3,0,3,3,0,0,140,4,28,0,1,1,78,1,ai_farm
974,13318,1,Normal,32,4,4,4,0,27,27,0,0,20,0,1,1,0,9,0,0,3,3,0,0,112,0,15,0,1,1,106,1,ai_farm
974,13318,1,Normal,30,3,3,3,0,27,27,0,0,15,0,1,1,0,9,1,0,3,3,0,0,84,0,18,0,1,1,127,1,ai_farm
974,13318,1,Normal,29,2,2,2,0,27,34,0,2,10,0,1,2,0,6,1,0,3,3,0,0,56,0,10,0,1,1,141,1,ai_farm; +1 levelup
974,13318,2,Normal,37,5,5,5,0,34,34,2,2,25,0,2,2,0,5,1,1,0,2,0,0,140,9,16,0,1,1,142,1,
974,13318,3,Normal,39,3,3,3,0,34,31,2,2,36,0,2,2,3,9,4,0,0,2,0,0,180,3,20,0,1,1,160,1,
975,13319,1,Normal,38,4,4,4,0,27,27,0,0,20,0,1,1,2,9,4,0,3,3,0,0,112,0,22,0,1,1,29,1,floor1_town
975,13319,1,Normal,31,3,3,3,0,27,27,0,0,15,0,1,1,0,9,7,0,3,3,0,0,84,26,23,0,1,1,50,1,ai_farm
975,13319,1,Normal,34,3,3,3,0,27,27,0,0,15,0,1,1,0,9,5,0,3,3,0,0,84,13,20,0,1,1,71,1,ai_farm
975,13319,1,Normal,27,1,1,1,0,27,27,0,0,5,0,1,1,0,3,0,0,3,3,0,0,28,0,4,0,1,1,78,1,ai_farm
975,13319,1,Normal,38,5,5,5,0,27,27,0,0,25,0,1,1,0,12,0,0,3,3,0,0,140,0,20,0,1,1,113,1,ai_farm
975,13319,1,Normal,7,2,2,1,0,27,0,0,0,5,0,1,1,0,6,3,0,0,0,0,0,46,27,14,1,0,0,126,1,ai_farm; party wiped
976,13320,1,Normal,27,3,3,3,0,27,27,0,0,15,0,1,1,1,8,1,0,3,3,0,0,84,0,15,0,1,1,22,1,floor1_town
976,13320,1,Normal,25,4,4,3,0,27,0,0,0,15,0,1,1,0,8,4,0,0,0,0,0,111,27,24,1,0,0,49,1,ai_farm; party wiped
977,13321,1,Normal,32,3,3,3,0,27,27,0,0,15,0,1,1,2,9,4,0,3,3,0,0,84,0,21,0,1,1,22,1,floor1_town
977,13321,1,Normal,28,1,1,1,0,27,27,0,0,5,0,1,1,0,1,0,0,3,3,0,0,28,0,3,0,1,1,29,1,ai_farm
977,13321,1,Normal,40,4,4,4,0,27,27,0,0,20,0,1,1,0,10,6,0,3,3,0,0,112,6,25,0,1,1,57,1,ai_farm
977,13321,1,Normal,35,4,4,4,0,27,27,0,0,20,0,1,1,0,8,1,0,3,3,0,0,112,0,16,0,1,1,85,1,ai_farm
977,13321,1,Normal,28,1,1,1,0,27,27,0,0,5,0,1,1,0,3,3,0,3,3,0,0,28,0,8,0,1,1,92,1,ai_farm
977,13321,1,Normal,30,2,2,2,0,27,27,0,0,10,0,1,1,0,6,1,0,3,3,0,0,56,2,11,0,1,1,106,1,ai_farm
977,13321,1,Normal,25,2,2,2,0,27,27,0,0,10,0,1,1,0,6,2,0,3,3,0,0,56,2,14,0,1,1,120,1,ai_farm
977,13321,1,Normal,28,2,2,2,0,27,27,0,0,10,0,1,1,0,6,0,0,3,3,0,0,56,0,8,0,1,1,134,1,ai_farm
977,13321,1,Normal,37,4,4,4,0,27,35,0,1,20,0,1,2,0,7,1,0,3,3,0,0,112,11,19,0,1,1,144,1,ai_farm; +1 levelup
977,13321,2,Normal,36,5,5,5,0,35,26,1,1,25,0,2,2,0,4,0,1,2,3,0,0,140,27,17,0,1,1,146,1,
977,13321,3,Normal,37,5,5,5,0,26,35,1,1,60,0,2,2,3,13,1,0,0,3,0,0,300,2,26,0,1,1,176,1,
978,13322,1,Normal,36,2,2,2,0,27,27,0,0,10,0,1,1,1,4,0,0,3,3,0,0,56,0,10,0,1,1,15,1,floor1_town
978,13322,1,Normal,39,6,6,6,0,27,27,0,0,30,0,1,1,0,15,3,0,3,3,0,0,168,0,28,0,1,1,57,1,ai_farm
978,13322,1,Normal,3,1,1,0,0,27,0,0,0,0,0,1,1,0,3,3,0,0,0,0,0,18,27,11,1,0,0,63,1,ai_farm; party wiped
979,13323,1,Normal,25,4,4,4,0,27,27,0,0,20,0,1,1,2,10,4,0,3,3,0,0,112,0,23,0,1,1,29,1,floor1_town
979,13323,1,Normal,20,3,3,2,0,27,0,0,0,10,0,1,1,0,6,3,0,0,0,0,0,83,27,20,1,0,0,49,1,ai_farm; party wiped
980,13324,1,Normal,30,3,3,3,0,27,27,0,0,15,0,1,1,0,4,0,1,3,3,0,0,84,0,11,0,1,1,22,1,floor1_town
980,13324,1,Normal,31,3,3,3,0,27,27,0,0,15,0,1,1,1,7,4,0,3,3,0,0,84,0,21,0,1,1,43,1,ai_farm
980,13324,1,Normal,30,5,5,5,0,27,27,0,0,25,0,1,1,0,15,8,0,3,3,0,0,140,0,38,0,1,1,78,1,ai_farm
980,13324,1,Normal,28,3,3,3,0,27,27,0,0,15,0,1,1,0,9,0,0,3,3,0,0,84,0,16,0,1,1,99,1,ai_farm
980,13324,1,Normal,40,3,3,3,0,27,27,0,0,15,0,1,1,0,9,4,0,3,3,0,0,84,2,18,0,1,1,120,1,ai_farm
980,13324,1,Normal,34,3,3,3,0,27,36,0,2,15,0,1,2,0,8,3,0,3,3,0,0,84,2,20,0,1,1,141,1,ai_farm; +1 levelup
980,13324,2,Normal,40,5,5,5,0,36,36,2,2,25,0,2,2,1,5,0,1,0,3,0,0,140,27,23,0,1,1,144,1,
980,13324,3,Normal,25,4,4,4,0,36,36,2,2,48,0,2,2,1,12,4,0,0,3,0,0,240,35,28,0,1,1,168,1,
981,13325,1,Normal,34,3,3,3,0,27,27,0,0,15,0,1,1,0,8,1,0,3,3,0,0,84,2,17,0,1,1,22,1,floor1_town
981,13325,1,Normal,36,2,2,2,0,27,27,0,0,10,0,1,1,0,6,2,0,3,3,0,0,56,0,15,0,1,1,36,1,ai_farm
981,13325,1,Normal,36,5,5,5,0,27,27,0,0,25,0,1,1,0,9,0,0,3,3,0,0,140,0,18,0,1,1,71,1,ai_farm
981,13325,1,Normal,35,7,7,7,0,27,27,0,0,35,0,1,1,0,18,2,0,3,3,0,0,196,0,39,0,1,1,120,1,ai_farm
981,13325,1,Normal,31,3,3,3,0,27,34,0,2,15,0,1,2,0,5,0,0,3,3,0,0,84,0,12,0,1,1,141,1,ai_farm; +1 levelup
981,13325,2,Normal,30,4,4,4,0,34,34,2,2,20,0,2,2,0,6,4,1,0,2,0,0,112,12,20,0,1,1,142,1,
981,13325,3,Normal,14,2,2,1,0,34,0,2,2,12,0,2,2,2,6,4,0,0,0,0,0,110,34,19,1,0,0,154,1,party wiped
982,13326,1,Normal,39,6,6,6,0,27,27,0,0,30,0,1,1,1,16,6,0,3,3,0,0,168,4,35,0,1,1,43,1,floor1_town
982,13326,1,Normal,25,3,3,3,0,27,27,0,0,15,0,1,1,0,7,2,0,3,3,0,0,84,0,16,0,1,1,64,1,ai_farm
982,13326,1,Normal,35,3,3,3,0,27,27,0,0,15,0,1,1,0,8,3,0,3,3,0,0,84,0,20,0,1,1,85,1,ai_farm
982,13326,1,Normal,29,3,3,3,0,27,27,0,0,15,0,1,1,0,9,2,0,3,3,0,0,84,0,20,0,1,1,106,1,ai_farm
982,13326,1,Normal,39,3,3,3,0,27,27,0,0,15,0,1,1,0,9,3,0,3,3,0,0,84,0,17,0,1,1,127,1,ai_farm
982,13326,1,Normal,34,4,4,4,0,27,34,0,2,20,0,1,2,0,10,3,0,3,3,0,0,112,20,23,0,1,1,143,1,ai_farm; +1 levelup
982,13326,2,Normal,34,5,5,5,0,34,34,2,2,25,0,2,2,2,3,3,0,3,3,0,0,140,23,22,0,1,1,144,1,
982,13326,3,Normal,36,5,5,5,0,34,26,2,2,60,0,2,2,1,14,3,0,0,1,0,0,300,8,28,0,1,1,174,1,
983,13327,1,Normal,28,5,5,5,0,27,27,0,0,25,0,1,1,0,9,4,0,3,3,0,0,140,11,23,0,1,1,36,1,floor1_town
983,13327,1,Normal,31,5,5,5,0,27,27,0,0,25,0,1,1,0,14,5,0,3,3,0,0,140,0,28,0,1,1,71,1,ai_farm
983,13327,1,Normal,25,3,3,3,0,27,27,0,0,15,0,1,1,0,9,4,0,3,3,0,0,84,0,18,0,1,1,92,1,ai_farm
983,13327,1,Normal,38,1,1,1,0,27,27,0,0,5,0,1,1,0,3,1,0,3,3,0,0,28,0,5,0,1,1,99,1,ai_farm
983,13327,1,Normal,26,3,3,3,0,27,27,0,0,15,0,1,1,0,8,3,0,3,3,0,0,84,0,16,0,1,1,120,1,ai_farm
983,13327,1,Normal,30,4,4,4,0,27,35,0,2,20,0,1,2,0,9,2,0,3,3,0,0,112,0,19,0,1,1,142,1,ai_farm; +1 levelup
983,13327,2,Normal,10,2,2,1,0,35,0,2,2,5,0,2,2,1,3,3,0,0,0,0,0,54,35,12,1,0,0,142,1,party wiped
984,13328,1,Normal,33,4,4,4,0,27,27,0,0,20,0,1,1,1,10,2,0,3,3,0,0,112,0,19,0,1,1,29,1,floor1_town
984,13328,1,Normal,38,4,4,4,0,27,27,0,0,20,0,1,1,0,11,7,0,3,3,0,0,112,14,28,0,1,1,57,1,ai_farm
984,13328,1,Normal,5,1,1,0,0,27,0,0,0,0,0,1,1,0,3,3,0,0,0,0,0,23,27,11,1,0,0,63,1,ai_farm; party wiped
985,13329,1,Normal,37,3,3,3,0,27,27,0,0,15,0,1,1,0,3,0,0,3,3,0,0,84,0,9,0,1,1,22,1,floor1_town
985,13329,1,Normal,36,4,4,4,0,27,27,0,0,20,0,1,1,0,12,1,0,3,3,0,0,112,0,22,0,1,1,50,1,ai_farm
985,13329,1,Normal,39,5,5,4,0,27,0,0,0,20,0,1,1,0,12,4,0,0,0,0,0,139,27,28,1,0,0,84,1,ai_farm; party wiped
986,13330,1,Normal,26,2,2,2,0,27,27,0,0,10,0,1,1,1,5,0,0,3,3,0,0,56,0,8,0,1,1,15,1,floor1_town
986,13330,1,Normal,35,3,3,3,0,27,27,0,0,15,0,1,1,0,9,2,0,3,3,0,0,84,0,16,0,1,1,36,1,ai_farm
986,13330,1,Normal,39,3,3,3,0,27,27,0,0,15,0,1,1,0,9,1,0,3,3,0,0,84,0,17,0,1,1,57,1,ai_farm
986,13330,1,Normal,30,5,5,5,0,27,27,0,0,25,0,1,1,0,13,5,0,3,3,0,0,140,11,30,0,1,1,92,1,ai_farm
986,13330,1,Normal,25,2,2,2,0,27,27,0,0,10,0,1,1,0,6,3,0,3,3,0,0,56,2,16,0,1,1,106,1,ai_farm
986,13330,1,Normal,38,5,5,5,0,27,35,0,2,25,0,1,2,0,14,2,0,3,3,0,0,140,2,25,0,1,1,141,1,ai_farm; +1 levelup
986,13330,2,Normal,39,5,5,5,0,35,26,2,2,25,0,2,2,0,6,6,0,0,0,0,0,140,21,24,0,1,1,142,1,
986,13330,3,Normal,29,3,3,3,0,26,29,2,2,36,0,2,2,0,9,7,0,0,0,0,0,180,7,25,0,1,1,160,1,
987,13331,1,Normal,31,5,5,5,0,27,27,0,0,25,0,1,1,0,15,4,0,3,3,0,0,140,0,26,0,1,1,36,1,floor1_town
987,13331,1,Normal,37,4,4,4,0,27,27,0,0,20,0,1,1,0,10,4,0,3,3,0,0,112,2,19,0,1,1,64,1,ai_farm
987,13331,1,Normal,25,2,2,2,0,27,27,0,0,10,0,1,1,0,4,0,0,3,3,0,0,56,0,6,0,1,1,78,1,ai_farm
987,13331,1,Normal,30,4,4,4,0,27,27,0,0,20,0,1,1,0,10,3,0,3,3,0,0,112,4,20,0,1,1,106,1,ai_farm
987,13331,1,Normal,1,1,1,0,0,27,0,0,0,0,0,1,1,0,3,3,0,0,0,0,0,23,27,8,1,0,0,112,1,ai_farm; party wiped
988,13332,1,Normal,35,2,2,2,0,27,27,0,0,10,0,1,1,2,4,0,0,3,3,0,0,56,0,8,0,1,1,15,1,floor1_town
988,13332,1,Normal,32,4,4,4,0,27,27,0,0,20,0,1,1,0,12,7,0,3,3,0,0,112,18,31,0,1,1,43,1,ai_farm
988,13332,1,Normal,40,4,4,4,0,27,27,0,0,20,0,1,1,0,11,3,0,3,3,0,0,112,0,19,0,1,1,71,1,ai_farm
988,13332,1,Normal,15,1,1,0,0,27,0,0,0,0,0,1,1,0,3,3,0,0,0,0,0,27,27,8,1,0,0,77,1,ai_farm; party wiped
989,13333,1,Normal,40,6,6,5,0,27,0,0,0,25,0,1,1,0,16,11,0,0,0,0,0,158,39,37,1,0,0,42,1,floor1_town; party wiped
990,13334,1,Normal,29,4,4,4,0,27,27,0,0,20,0,1,1,2,10,3,0,3,3,0,0,112,0,20,0,1,1,29,1,floor1_town
990,13334,1,Normal,33,4,4,4,0,27,27,0,0,20,0,1,1,0,10,2,0,3,3,0,0,112,0,20,0,1,1,57,1,ai_farm
990,13334,1,Normal,33,4,4,4,0,27,27,0,0,20,0,1,1,0,9,4,0,3,3,0,0,112,0,24,0,1,1,85,1,ai_farm
990,13334,1,Normal,29,3,3,3,0,27,27,0,0,15,0,1,1,0,8,4,0,3,3,0,0,84,12,18,0,1,1,106,1,ai_farm
990,13334,1,Normal,25,3,3,3,0,27,27,0,0,15,0,1,1,0,8,1,0,3,3,0,0,84,0,14,0,1,1,127,1,ai_farm
990,13334,1,Normal,33,5,5,5,0,27,34,0,3,25,0,1,2,0,11,2,0,3,3,0,0,140,0,20,0,1,1,144,1,ai_farm; +1 levelup
990,13334,2,Normal,35,4,4,4,0,34,34,3,3,20,0,2,2,1,6,3,0,0,3,0,0,112,30,21,0,1,1,145,1,
990,13334,3,Normal,25,2,2,2,0,34,30,3,3,24,0,2,2,0,6,3,0,0,2,0,0,120,4,13,0,1,1,157,1,
991,13335,1,Normal,33,5,5,5,0,27,27,0,0,25,0,1,1,0,13,3,0,3,3,0,0,140,2,25,0,1,1,36,1,floor1_town
991,13335,1,Normal,29,4,4,4,0,27,27,0,0,20,0,1,1,0,10,5,0,3,3,0,0,112,0,27,0,1,1,64,1,ai_farm
991,13335,1,Normal,31,3,3,3,0,27,27,0,0,15,0,1,1,0,7,3,0,3,3,0,0,84,2,17,0,1,1,85,1,ai_farm
991,13335,1,Normal,28,1,1,1,0,27,27,0,0,5,0,1,1,0,2,0,0,3,3,0,0,28,0,3,0,1,1,92,1,ai_farm
991,13335,1,Normal,29,0,0,0,0,27,27,0,0,0,0,1,1,0,0,0,0,3,3,0,0,0,0,0,0,1,1,92,0,ai_farm
991,13335,1,Normal,37,5,5,5,0,27,27,0,0,25,0,1,1,0,12,1,0,3,3,0,0,140,0,23,0,1,1,127,1,ai_farm
991,13335,1,Normal,25,2,2,2,0,27,36,0,2,10,0,1,2,0,4,1,0,3,3,0,0,56,0,12,0,1,1,141,1,ai_farm; +1 levelup
991,13335,2,Normal,40,5,5,5,0,36,36,2,2,25,0,2,2,1,6,5,0,0,1,0,0,140,18,22,0,1,1,142,1,
991,13335,3,Normal,28,3,3,3,0,36,33,2,2,36,0,2,2,1,7,1,0,0,2,0,0,180,3,14,0,1,1,160,1,
992,13336,1,Normal,38,6,6,6,0,27,27,0,0,30,0,1,1,2,16,2,0,3,3,0,0,168,2,28,0,1,1,43,1,floor1_town
992,13336,1,Normal,27,3,3,3,0,27,27,0,0,15,0,1,1,0,8,1,0,3,3,0,0,84,0,14,0,1,1,64,1,ai_farm
992,13336,1,Normal,36,4,4,4,0,27,27,0,0,20,0,1,1,0,11,6,0,3,3,0,0,112,18,31,0,1,1,92,1,ai_farm
992,13336,1,Normal,7,2,2,1,0,27,0,0,0,5,0,1,1,0,6,4,0,0,0,0,0,55,27,13,1,0,0,105,1,ai_farm; party wiped
993,13337,1,Normal,27,2,2,2,0,27,27,0,0,10,0,1,1,0,6,0,0,3,3,0,0,56,0,10,0,1,1,15,1,floor1_town
993,13337,1,Normal,30,3,3,3,0,27,27,0,0,15,0,1,1,0,9,1,0,3,3,0,0,84,0,14,0,1,1,36,1,ai_farm
993,13337,1,Normal,35,6,6,6,0,27,27,0,0,30,0,1,1,0,14,2,0,3,3,0,0,168,0,27,0,1,1,78,1,ai_farm
993,13337,1,Normal,36,3,3,3,0,27,27,0,0,15,0,1,1,0,7,4,0,3,3,0,0,84,23,21,0,1,1,99,1,ai_farm
993,13337,1,Normal,27,3,3,3,0,27,27,0,0,15,0,1,1,0,9,3,0,3,3,0,0,84,0,17,0,1,1,120,1,ai_farm
993,13337,1,Normal,38,5,5,5,0,27,35,0,2,25,0,1,2,0,11,4,0,3,3,0,0,140,0,23,0,1,1,143,1,ai_farm; +1 levelup
993,13337,2,Normal,40,2,2,2,0,35,35,2,2,10,0,2,2,0,3,2,0,0,1,0,0,56,0,7,0,1,1,143,1,
993,13337,3,Normal,27,2,2,2,0,35,35,2,2,24,0,2,2,2,5,0,0,1,3,0,0,120,0,13,0,1,1,155,1,
994,13338,1,Normal,18,2,2,1,0,27,0,0,0,5,0,1,1,2,4,3,0,0,0,0,0,55,27,12,1,0,0,14,1,floor1_town; party wiped
995,13339,1,Normal,26,4,4,3,0,27,0,0,0,15,0,1,1,1,11,5,0,0,0,0,0,98,27,29,1,0,0,28,1,floor1_town; party wiped
996,13340,1,Normal,25,2,2,2,0,27,27,0,0,10,0,1,1,1,4,0,1,3,3,0,0,56,0,8,0,1,1,15,1,floor1_town
996,13340,1,Normal,36,3,3,3,0,27,27,0,0,15,0,1,1,1,8,1,0,3,3,0,0,84,0,19,0,1,1,36,1,ai_farm
996,13340,1,Normal,30,5,5,5,0,27,27,0,0,25,0,1,1,0,8,0,0,3,3,0,0,140,0,19,0,1,1,71,1,ai_farm
996,13340,1,Normal,33,2,2,2,0,27,27,0,0,10,0,1,1,0,6,1,0,3,3,0,0,56,0,13,0,1,1,85,1,ai_farm
996,13340,1,Normal,27,3,3,3,0,27,27,0,0,15,0,1,1,0,9,3,0,3,3,0,0,84,2,16,0,1,1,106,1,ai_farm
996,13340,1,Normal,30,5,5,5,0,27,35,0,2,25,0,1,2,0,10,1,0,3,3,0,0,140,2,24,0,1,1,141,1,ai_farm; +1 levelup
996,13340,2,Normal,22,3,3,2,0,35,0,2,2,10,0,2,2,0,3,3,0,0,0,0,0,82,35,11,1,0,0,141,1,party wiped
997,13341,1,Normal,30,5,5,5,0,27,27,0,0,25,0,1,1,1,10,6,0,3,3,0,0,140,2,27,0,1,1,36,1,floor1_town
997,13341,1,Normal,34,4,4,4,0,27,27,0,0,20,0,1,1,0,12,0,0,3,3,0,0,112,0,20,0,1,1,64,1,ai_farm
997,13341,1,Normal,29,6,6,6,0,27,27,0,0,30,0,1,1,0,15,4,0,3,3,0,0,168,0,30,0,1,1,106,1,ai_farm
997,13341,1,Normal,29,4,4,4,0,27,27,0,0,20,0,1,1,0,10,2,0,3,3,0,0,112,0,20,0,1,1,134,1,ai_farm
997,13341,1,Normal,32,3,3,3,0,27,36,0,1,15,0,1,2,0,3,0,0,3,3,0,0,84,9,10,0,1,1,143,1,ai_farm; +1 levelup
997,13341,2,Normal,34,7,7,7,0,36,27,1,1,35,0,2,2,2,6,4,0,0,2,0,0,196,25,33,0,1,1,145,1,
997,13341,3,Normal,38,3,3,3,0,27,36,1,1,36,0,2,2,1,9,3,0,0,3,0,0,180,2,20,0,1,1,163,1,
998,13342,1,Normal,34,4,4,4,0,27,27,0,0,20,0,1,1,0,9,3,2,3,3,0,0,112,0,18,0,1,1,29,1,floor1_town
998,13342,1,Normal,28,4,4,4,0,27,27,0,0,20,0,1,1,2,9,5,0,3,3,0,0,112,0,30,0,1,1,57,1,ai_farm
998,13342,1,Normal,9,2,2,1,0,27,0,0,0,5,0,1,1,0,6,6,0,0,0,0,0,55,27,18,1,0,0,70,1,ai_farm; party wiped
999,13343,1,Normal,39,4,4,4,0,27,27,0,0,20,0,1,1,1,11,6,0,3,3,0,0,112,12,23,0,1,1,29,1,floor1_town
999,13343,1,Normal,29,3,3,3,0,27,27,0,0,15,0,1,1,0,9,9,0,3,3,0,0,84,24,27,0,1,1,50,1,ai_farm
999,13343,1,Normal,31,3,3,3,0,27,27,0,0,15,0,1,1,0,6,2,0,3,3,0,0,84,0,14,0,1,1,71,1,ai_farm
999,13343,1,Normal,37,5,5,5,0,27,27,0,0,25,0,1,1,0,10,1,0,3,3,0,0,140,0,20,0,1,1,106,1,ai_farm
999,13343,1,Normal,34,3,3,3,0,27,27,0,0,15,0,1,1,0,7,2,0,3,3,0,0,84,0,14,0,1,1,127,1,ai_farm
999,13343,1,Normal,25,3,3,3,0,27,35,0,3,15,0,1,2,0,8,4,0,3,3,0,0,84,0,19,0,1,1,142,1,ai_farm; +1 levelup
999,13343,2,Normal,33,1,1,1,0,35,35,3,3,5,0,2,2,0,3,0,1,0,3,0,0,28,0,5,0,1,1,142,1,
999,13343,3,Normal,28,1,1,1,0,35,35,3,3,12,0,2,2,1,2,0,0,1,3,0,0,60,0,5,0,1,1,148,1,
1000,13344,1,Normal,17,1,1,0,0,27,0,0,0,0,0,1,1,2,3,3,0,0,0,0,0,18,27,11,1,0,0,7,1,floor1_town; party wiped
