run_id,seed,floor,floor_type,steps_moved,encounters,battles,battles_won,battles_fled,hp_before,hp_after,mp_before,mp_after,xp_gained,gold_gained,level_before,level_after,medicinal_herb_use_count,potion_use_count,dawn_chalice_use_count,medicinal_herb_remain_after,potion_remain_after,chalice_remain_after,skill_use_count,recovery_skill_use_count,total_damage_dealt,total_damage_taken,total_battle_turns,win_turns_sum,avg_turns_per_win,death_flag,clear_flag,next_floor_flag,floor1_town_uses_cumulative,last_battle_enemy_count,death_ai_equip,skill_activation_breakdown,companion_joins,companions_joined_cumulative,notes
1,12345,1,Normal,38,5,5,5,0,37,37,0,0,65,0,1,1,2,9,3,0,3,3,0,0,364,16,21,21,4.2,0,1,1,6,3,,,0,-,floor1_town
1,12345,2,Normal,38,3,3,3,0,37,46,0,3,50,0,1,2,0,6,5,2,0,1,0,0,280,8,15,15,5,0,1,1,7,4,,,1,Rat,companion_join:Rat; +1 levelup
1,12345,3,Normal,12,3,3,2,0,46,0,3,3,60,0,2,2,3,3,4,0,0,0,2,0,446,70,13,9,4.5,1,0,0,8,3,RH=Crude Sword|LH=Crude Sword|BD=Crude Armour|A1=Crude Bracelet|A2=Crude Bracelet,Swords_T1_03=2,0,Rat,party wiped
2,12346,1,Normal,36,3,3,3,0,37,37,0,0,40,0,1,1,0,3,0,0,3,3,0,0,224,16,10,10,3.333,0,1,1,4,2,,,1,Rat,floor1_town;companion_join:Rat
2,12346,2,Normal,25,4,4,4,0,37,45,0,1,60,0,1,2,0,4,3,2,0,0,0,0,336,8,14,14,3.5,0,1,1,5,3,,,0,Rat,+1 levelup
2,12346,3,Normal,2,1,1,0,0,45,0,1,1,0,0,2,2,2,0,0,0,0,0,0,0,88,45,3,0,0,1,0,0,5,3,RH=Crude Sword|LH=Crude Sword|BD=Crude Armour|A1=Crude Bracelet|A2=Crude Bracelet,,0,Rat,party wiped
3,12347,1,Normal,34,4,4,4,0,37,37,0,0,60,0,1,1,0,8,0,2,3,3,0,0,336,0,16,16,4,0,1,1,5,4,,,0,-,floor1_town
3,12347,2,Normal,37,1,1,1,0,37,29,0,0,10,0,1,1,0,0,0,4,3,3,0,0,56,8,2,2,2,0,1,1,5,2,,,1,Rat,companion_join:Rat
3,12347,3,Normal,1,1,1,0,0,29,0,0,0,0,0,1,1,6,3,3,0,0,0,0,0,172,37,8,0,0,1,0,0,11,4,RH=Crude Sword|LH=Crude Sword|BD=Crude Armour|A1=Crude Bracelet|A2=Crude Bracelet,,0,Rat,party wiped
4,12348,1,Normal,32,2,2,2,0,37,37,0,0,35,0,1,1,0,5,2,0,3,3,0,0,196,8,8,8,4,0,1,1,3,4,,,0,-,floor1_town
4,12348,2,Normal,37,2,2,2,0,37,29,0,0,30,0,1,1,0,6,0,2,0,3,0,0,168,16,9,9,4.5,0,1,1,4,3,,,1,Rat,companion_join:Rat
4,12348,3,Normal,29,4,4,3,0,29,0,0,1,48,0,1,2,3,4,3,0,0,0,1,0,388,44,12,8,2.667,1,0,0,22,4,RH=Crude Sword|LH=Crude Sword|BD=Crude Armour|A1=Crude Bracelet|A2=Crude Bracelet,Swords_T1_03=1,1,Rat|Goblin,companion_join:Goblin; party wiped; +1 levelup
5,12349,1,Normal,30,2,2,2,0,37,37,0,0,25,0,1,1,0,3,1,1,3,3,0,0,140,8,6,6,3,0,1,1,3,1,,,1,Rat,floor1_town;companion_join:Rat
5,12349,2,Normal,36,4,4,4,0,37,29,0,0,45,0,1,1,0,3,3,3,3,3,0,0,252,24,12,12,3,0,1,1,5,2,,,2,Rat|Rat|Rat,companion_join:Rat;companion_join:Rat
5,12349,3,Normal,32,3,3,2,0,29,0,0,2,36,0,1,2,3,6,3,0,0,0,1,0,352,44,11,6,3,1,0,0,17,4,RH=Crude Sword|LH=Crude Sword|BD=Crude Armour|A1=Crude Bracelet|A2=Crude Bracelet,Swords_T1_03=1,0,Rat|Rat|Rat,party wiped; +1 levelup
6,12350,1,Normal,28,0,0,0,0,37,37,0,0,0,0,1,1,0,0,0,0,3,3,0,0,0,0,0,0,0,0,1,1,1,0,,,0,-,floor1_town
6,12350,2,Normal,34,4,4,4,0,37,37,0,0,45,0,1,1,0,3,3,1,0,0,0,0,252,0,11,11,2.75,0,1,1,1,3,,,1,Rat,companion_join:Rat
6,12350,3,Normal,25,0,0,0,0,37,37,0,0,0,0,1,1,0,0,0,2,0,0,0,0,0,0,0,0,0,0,1,1,1,0,,,0,Rat,
6,12350,4,Normal,38,3,3,2,1,37,27,0,0,30,0,1,1,2,3,0,0,2,3,0,0,252,44,13,9,4.5,0,1,1,3,3,,,1,Rat|Rat,companion_join:Rat; flee×1
6,12350,5,Normal,31,3,3,3,0,27,38,0,2,40,0,1,2,0,4,1,0,2,3,0,0,224,24,12,12,4,0,1,1,5,2,,,1,Rat|Rat|Rat,companion_join:Rat; +1 levelup
6,12350,6,Normal,37,2,2,2,0,38,37,2,2,25,0,2,2,0,2,0,0,0,3,2,0,140,-1,5,5,2.5,0,1,1,5,2,,Swords_T1_03=2,0,Rat|Rat|Rat,
6,12350,7,Normal,27,3,3,3,0,37,40,2,2,35,0,2,2,0,0,3,0,3,3,1,0,196,47,10,10,3.333,0,1,1,6,1,,Swords_T1_03=1,2,Rat|Rat|Rat|Rat|Rat,companion_join:Rat;companion_join:Rat
6,12350,8,Normal,3,1,1,0,0,40,0,2,2,0,0,2,2,0,2,0,0,1,3,0,0,41,46,1,0,0,1,0,0,12,3,RH=Crude Sword|LH=Crude Sword|BD=Crude Armour|A1=Crude Bracelet|A2=Crude Bracelet,,0,Rat|Rat|Rat|Rat|Rat,party wiped
7,12351,1,Normal,26,2,2,2,0,37,37,0,0,25,0,1,1,0,4,0,1,3,3,0,0,140,0,6,6,3,0,1,1,3,3,,,1,Rat,floor1_town;companion_join:Rat
7,12351,2,Normal,15,3,3,2,0,37,0,0,0,20,0,1,1,1,3,3,0,0,0,0,0,165,37,10,4,2,1,0,0,3,4,RH=Crude Sword|LH=Crude Sword|BD=Crude Armour|A1=Crude Bracelet|A2=Crude Bracelet,,0,Rat,party wiped
8,12352,1,Normal,40,5,5,5,0,37,37,0,0,55,0,1,1,0,3,1,2,3,3,0,0,308,16,14,14,2.8,0,1,1,6,1,,,4,Rat|Rat|Rat|Rat,floor1_town;companion_join:Rat;companion_join:Rat;companion_join:Rat;companion_join:Rat
8,12352,2,Normal,40,4,4,4,0,37,37,0,0,40,0,1,1,0,3,1,2,0,2,0,0,224,0,9,9,2.25,0,1,1,6,4,,,0,Rat|Rat|Rat|Rat,
8,12352,3,Normal,22,4,4,3,0,37,0,0,1,72,0,1,2,2,6,6,0,0,0,3,0,536,86,18,11,3.667,1,0,0,13,3,RH=Crude Sword|LH=Crude Sword|BD=Crude Armour|A1=Crude Bracelet|A2=Crude Bracelet,Swords_T1_03=3,0,Rat|Rat|Rat|Rat,party wiped; +1 levelup
9,12353,1,Normal,38,3,3,3,0,37,37,0,0,50,0,1,1,0,7,2,1,3,3,0,0,280,16,13,13,4.333,0,1,1,4,4,,,1,Rat,floor1_town;companion_join:Rat
9,12353,2,Normal,34,4,4,4,0,37,45,0,1,50,0,1,2,0,5,0,2,2,3,0,0,280,24,13,13,3.25,0,1,1,6,3,,,2,Rat|Rat|Rat,companion_join:Rat;companion_join:Rat; +1 levelup
9,12353,3,Normal,30,4,4,4,0,45,45,1,1,84,0,2,2,0,5,4,3,0,2,4,0,420,18,14,14,3.5,0,1,1,7,2,,Swords_T1_03=4,1,Rat|Rat|Rat|Goblin,companion_join:Goblin
9,12353,4,Normal,35,5,5,5,0,45,32,1,1,65,0,2,2,3,3,3,0,0,2,3,0,364,31,19,19,3.8,0,1,1,8,3,,Swords_T1_03=3,2,Rat|Rat|Rat|Goblin|Rat|Rat,companion_join:Rat;companion_join:Rat
9,12353,5,Normal,31,2,2,2,0,32,29,1,1,30,0,2,2,0,3,3,0,0,0,1,0,168,29,9,9,4.5,0,1,1,9,4,,Swords_T1_03=1,0,Rat|Rat|Rat|Goblin|Rat|Rat,
9,12353,6,Normal,25,4,4,4,0,29,53,1,3,55,0,2,3,0,3,2,0,0,1,2,0,308,20,13,13,3.25,0,1,1,11,3,,Swords_T1_03=1|Swords_T1_04=1,1,Rat|Rat|Rat|Goblin|Rat|Rat|Rat,companion_join:Rat; +1 levelup
9,12353,7,Normal,35,2,2,2,0,53,46,3,3,25,0,3,3,0,0,1,0,3,3,2,0,140,38,6,6,3,0,1,1,12,1,,Swords_T1_03=1|Swords_T1_04=1,2,Rat|Rat|Rat|Goblin|Rat|Rat|Rat|Rat|Rat,companion_join:Rat;companion_join:Rat
9,12353,8,Normal,6,1,1,0,0,46,0,3,3,0,0,3,3,0,3,3,0,0,0,1,0,73,53,3,0,0,1,0,0,18,3,RH=Crude Sword|LH=Crude Sword|BD=Crude Armour|A1=Crude Bracelet|A2=Crude Bracelet,Swords_T1_04=1,0,Rat|Rat|Rat|Goblin|Rat|Rat|Rat|Rat|Rat,party wiped
10,12354,1,Normal,36,3,3,3,0,37,37,0,0,40,0,1,1,0,2,0,2,3,3,0,0,224,16,10,10,3.333,0,1,1,4,3,,,1,Rat,floor1_town;companion_join:Rat
10,12354,2,Normal,30,1,1,1,0,37,37,0,0,20,0,1,1,0,3,2,4,0,1,0,0,112,0,5,5,5,0,1,1,4,4,,,1,Rat|Rat,companion_join:Rat
10,12354,3,Normal,9,2,2,1,0,37,0,0,0,12,0,1,1,0,3,3,5,0,0,0,0,123,37,4,2,2,1,0,0,16,4,RH=Crude Sword|LH=Crude Sword|BD=Crude Armour|A1=Crude Bracelet|A2=Crude Bracelet,,1,Rat|Rat|Goblin,companion_join:Goblin; party wiped
11,12355,1,Normal,34,4,4,4,0,37,37,0,0,60,0,1,1,0,8,5,0,3,3,0,0,336,27,18,18,4.5,0,1,1,5,3,,,0,-,floor1_town
11,12355,2,Normal,27,3,3,3,0,37,45,0,2,50,0,1,2,2,3,3,0,0,0,0,0,280,13,16,16,5.333,0,1,1,5,4,,,0,-,+1 levelup
11,12355,3,Normal,32,1,1,1,0,45,16,2,2,24,0,2,2,0,0,0,0,0,0,1,0,120,28,3,3,3,0,1,1,5,2,,Swords_T1_03=1,0,-,
11,12355,4,Normal,39,3,3,3,0,16,36,2,2,40,0,2,2,0,3,3,0,0,0,3,0,224,6,11,11,3.667,0,1,1,6,1,,Swords_T1_03=3,1,Rat,companion_join:Rat
11,12355,5,Normal,34,5,5,4,1,36,37,2,2,40,0,2,2,0,3,1,0,0,2,2,0,252,34,13,11,2.75,0,1,1,7,1,,Swords_T1_03=2,1,Rat|Rat,companion_join:Rat; flee×1
11,12355,6,Normal,26,4,4,3,1,37,45,2,2,40,0,2,2,0,3,2,0,0,3,2,0,280,28,12,10,3.333,0,1,1,8,4,,Swords_T1_03=2,0,Rat|Rat,flee×1
11,12355,7,Normal,30,3,3,3,0,45,36,2,2,40,0,2,2,0,0,3,0,3,3,3,0,224,19,9,9,3,0,1,1,9,2,,Swords_T1_03=3,0,Rat|Rat,
11,12355,8,Normal,4,1,1,0,0,36,0,2,2,0,0,2,2,0,0,0,0,3,3,1,0,50,44,1,0,0,1,0,0,15,4,RH=Crude Sword|LH=Crude Sword|BD=Crude Armour|A1=Crude Bracelet|A2=Crude Bracelet,Swords_T1_03=1,0,Rat|Rat,party wiped
12,12356,1,Normal,32,2,2,2,0,37,37,0,0,25,0,1,1,0,3,0,2,3,3,0,0,140,16,7,7,3.5,0,1,1,3,2,,,1,Rat,floor1_town;companion_join:Rat
12,12356,2,Normal,35,4,4,4,0,37,37,0,0,45,0,1,1,0,4,0,2,2,3,0,0,252,16,11,11,2.75,0,1,1,5,2,,,2,Rat|Rat|Rat,companion_join:Rat;companion_join:Rat
12,12356,3,Normal,32,5,5,3,1,37,0,0,2,48,0,1,2,4,7,6,0,0,0,3,0,568,78,16,7,2.333,1,0,0,18,4,RH=Crude Sword|LH=Crude Sword|BD=Crude Armour|A1=Crude Bracelet|A2=Crude Bracelet,Swords_T1_03=3,1,Rat|Rat|Rat|Goblin,companion_join:Goblin; party wiped; +1 levelup; flee×1
13,12357,1,Normal,30,4,4,4,0,37,37,0,0,60,0,1,1,0,8,2,0,3,3,0,0,336,24,17,17,4.25,0,1,1,5,3,,,1,Rat,floor1_town;companion_join:Rat
13,12357,2,Normal,27,2,2,2,0,37,29,0,0,35,0,1,1,0,4,3,2,2,3,0,0,196,16,10,10,5,0,1,1,6,3,,,0,Rat,
13,12357,3,Normal,28,4,4,4,0,29,44,0,1,48,0,1,2,0,2,0,3,2,3,2,0,240,11,7,7,1.75,0,1,1,13,1,,Swords_T1_03=2,2,Rat|Goblin|Goblin,companion_join:Goblin;companion_join:Goblin; +1 levelup
13,12357,4,Normal,30,1,1,1,0,44,44,1,1,15,0,2,2,0,2,0,3,0,3,1,0,84,-1,4,4,4,0,1,1,13,3,,Swords_T1_03=1,1,Rat|Goblin|Goblin|Rat,companion_join:Rat
13,12357,5,Normal,25,2,2,2,0,44,35,1,1,30,0,2,2,0,0,3,3,3,3,2,0,168,33,9,9,4.5,0,1,1,14,2,,Swords_T1_03=2,1,Rat|Goblin|Goblin|Rat|Rat,companion_join:Rat
13,12357,6,Normal,34,5,5,5,0,35,35,1,1,55,0,2,2,0,3,2,3,0,1,4,0,308,-4,13,13,2.6,0,1,1,14,3,,Swords_T1_03=4,1,Rat|Goblin|Goblin|Rat|Rat|Rat,companion_join:Rat
13,12357,7,Normal,40,2,2,2,0,35,31,1,1,25,0,2,2,0,0,1,3,0,0,2,0,140,2,6,6,3,0,1,1,14,3,,Swords_T1_03=2,0,Rat|Goblin|Goblin|Rat|Rat|Rat,
13,12357,8,Normal,1,1,1,0,0,31,0,1,1,0,0,2,2,0,0,0,3,3,3,1,0,50,43,1,0,0,1,0,0,20,2,RH=Crude Sword|LH=Crude Sword|BD=Crude Armour|A1=Crude Bracelet|A2=Crude Bracelet,Swords_T1_03=1,0,Rat|Goblin|Goblin|Rat|Rat|Rat,party wiped
14,12358,1,Normal,28,2,2,2,0,37,37,0,0,30,0,1,1,0,5,0,2,3,3,0,0,168,8,8,8,4,0,1,1,3,3,,,0,-,floor1_town
14,12358,2,Normal,39,6,6,6,0,37,37,0,0,65,0,1,1,0,6,4,3,3,3,0,0,364,16,20,20,3.333,0,1,1,5,1,,,1,Rat,companion_join:Rat
14,12358,3,Normal,25,3,3,2,0,37,0,0,3,48,0,1,2,3,3,3,0,0,0,2,0,405,44,12,8,4,1,0,0,11,4,RH=Crude Sword|LH=Crude Sword|BD=Crude Armour|A1=Crude Bracelet|A2=Crude Bracelet,Swords_T1_03=2,0,Rat,party wiped; +1 levelup
15,12359,1,Normal,25,1,1,1,0,37,37,0,0,20,0,1,1,0,3,1,0,3,3,0,0,112,1,6,6,6,0,1,1,2,4,,,0,-,floor1_town
15,12359,2,Normal,37,3,3,3,0,37,37,0,0,15,0,1,1,0,0,0,1,3,3,0,0,84,0,3,3,1,0,1,1,2,1,,,2,Rat|Rat,companion_join:Rat;companion_join:Rat
15,12359,3,Normal,34,3,3,2,1,37,37,0,0,36,0,1,1,1,7,4,0,2,3,0,0,300,29,12,6,3,0,1,1,20,1,,,0,Rat|Rat,flee×1
15,12359,4,Normal,34,3,3,3,0,37,45,0,2,30,0,1,2,0,2,0,0,1,3,0,0,168,18,8,8,2.667,0,1,1,21,3,,,2,Rat|Rat|Rat|Rat,companion_join:Rat;companion_join:Rat; +1 levelup
15,12359,5,Normal,36,3,3,3,0,45,45,2,2,25,0,2,2,0,1,1,0,0,2,2,0,140,12,6,6,2,0,1,1,21,2,,Swords_T1_03=2,0,Rat|Rat|Rat|Rat,
15,12359,6,Normal,40,6,6,5,1,45,32,2,2,80,0,2,2,0,6,5,0,0,3,5,0,504,70,26,22,4.4,0,1,1,23,4,,Swords_T1_03=5,2,Rat|Rat|Rat|Rat|Rat|Rat,companion_join:Rat;companion_join:Rat; flee×1
15,12359,7,Normal,28,4,4,4,0,32,37,2,2,35,0,2,2,0,1,0,0,2,3,1,0,196,7,7,7,1.75,0,1,1,24,2,,Swords_T1_03=1,0,Rat|Rat|Rat|Rat|Rat|Rat,
15,12359,8,Normal,4,1,1,0,0,37,0,2,2,0,0,2,2,0,0,0,0,3,3,1,0,63,44,1,0,0,1,0,0,30,4,RH=Crude Sword|LH=Crude Sword|BD=Crude Armour|A1=Crude Bracelet|A2=Crude Bracelet,Swords_T1_03=1,0,Rat|Rat|Rat|Rat|Rat|Rat,party wiped
16,12360,1,Normal,39,4,4,4,0,37,37,0,0,50,0,1,1,0,6,2,1,3,3,0,0,280,24,14,14,3.5,0,1,1,5,4,,,2,Rat|Rat,floor1_town;companion_join:Rat;companion_join:Rat
16,12360,2,Normal,36,6,6,6,0,37,45,0,3,60,0,1,2,0,5,2,3,0,1,0,0,336,24,16,16,2.667,0,1,1,7,4,,,3,Rat|Rat|Rat|Rat|Rat,companion_join:Rat;companion_join:Rat;companion_join:Rat; +1 levelup
16,12360,3,Normal,27,1,1,1,0,45,44,3,3,12,0,2,2,0,0,0,4,0,1,1,0,60,0,1,1,1,0,1,1,7,1,,Swords_T1_03=1,1,Rat|Rat|Rat|Rat|Rat|Goblin,companion_join:Goblin
16,12360,4,Normal,29,1,1,1,0,44,36,3,3,10,0,2,2,0,0,0,4,0,1,0,0,56,8,2,2,2,0,1,1,7,2,,,0,Rat|Rat|Rat|Rat|Rat|Goblin,
16,12360,5,Normal,34,4,4,4,0,36,37,3,3,55,0,2,2,3,0,1,1,3,3,1,0,308,14,13,13,3.25,0,1,1,8,2,,Swords_T1_03=1,2,Rat|Rat|Rat|Rat|Rat|Goblin|Rat|Rat,companion_join:Rat;companion_join:Rat
16,12360,6,Normal,38,4,4,4,0,37,32,3,3,60,0,2,2,0,6,3,1,0,1,3,0,336,15,17,17,4.25,0,1,1,9,4,,Swords_T1_03=3,1,Rat|Rat|Rat|Rat|Rat|Goblin|Rat|Rat|Rat,companion_join:Rat
16,12360,7,Normal,30,2,2,2,0,32,32,3,3,20,0,2,2,0,2,0,1,1,3,1,0,112,12,5,5,2.5,0,1,1,10,3,,Swords_T1_03=1,0,Rat|Rat|Rat|Rat|Rat|Goblin|Rat|Rat|Rat,
16,12360,8,Normal,1,1,1,0,0,32,0,3,3,0,0,2,2,1,3,0,0,0,3,1,0,76,44,2,0,0,1,0,0,16,4,RH=Crude Sword|LH=Crude Sword|BD=Crude Armour|A1=Crude Bracelet|A2=Crude Bracelet,Swords_T1_03=1,0,Rat|Rat|Rat|Rat|Rat|Goblin|Rat|Rat|Rat,party wiped
17,12361,1,Normal,37,4,4,4,0,37,37,0,0,50,0,1,1,0,6,0,0,3,3,0,0,280,16,14,14,3.5,0,1,1,5,3,,,1,Rat,floor1_town;companion_join:Rat
17,12361,2,Normal,38,3,3,3,0,37,29,0,0,45,0,1,1,0,4,3,1,2,3,0,0,252,22,12,12,4,0,1,1,6,3,,,0,Rat,
17,12361,3,Normal,8,2,2,1,0,29,0,0,2,36,0,1,2,3,3,3,0,0,0,0,0,240,45,9,7,7,1,0,0,12,3,RH=Crude Sword|LH=Crude Sword|BD=Crude Armour|A1=Crude Bracelet|A2=Crude Bracelet,,0,Rat,party wiped; +1 levelup
18,12362,1,Normal,35,3,3,3,0,37,37,0,0,30,0,1,1,0,2,0,1,3,3,0,0,168,16,7,7,2.333,0,1,1,4,3,,,3,Rat|Rat|Rat,floor1_town;companion_join:Rat;companion_join:Rat;companion_join:Rat
18,12362,2,Normal,35,4,4,4,0,37,37,0,0,35,0,1,1,0,3,2,1,3,3,0,0,196,6,10,10,2.5,0,1,1,5,1,,,1,Rat|Rat|Rat|Rat,companion_join:Rat
18,12362,3,Normal,26,4,4,4,0,37,45,0,2,84,0,1,2,1,6,4,2,3,3,2,0,420,28,14,14,3.5,0,1,1,18,1,,Swords_T1_03=2,0,Rat|Rat|Rat|Rat,+1 levelup
18,12362,4,Normal,37,3,3,3,0,45,30,2,2,40,0,2,2,0,3,3,2,0,0,2,0,224,13,14,14,4.667,0,1,1,18,4,,Swords_T1_03=2,1,Rat|Rat|Rat|Rat|Rat,companion_join:Rat
18,12362,5,Normal,34,5,5,5,0,30,36,2,2,40,0,2,2,0,1,0,2,2,3,2,0,224,8,8,8,1.6,0,1,1,19,1,,Swords_T1_03=2,0,Rat|Rat|Rat|Rat|Rat,
18,12362,6,Normal,30,4,4,4,0,36,33,2,2,50,0,2,2,1,2,3,1,0,0,2,0,280,1,11,11,2.75,0,1,1,19,1,,Swords_T1_03=2,1,Rat|Rat|Rat|Rat|Rat|Rat,companion_join:Rat
18,12362,7,Normal,26,3,3,3,0,33,54,2,4,40,0,2,3,1,3,3,0,0,0,3,0,224,0,10,10,3.333,0,1,1,20,4,,Swords_T1_03=3,2,Rat|Rat|Rat|Rat|Rat|Rat|Rat|Rat,companion_join:Rat;companion_join:Rat; +1 levelup
18,12362,8,Normal,9,1,1,0,0,54,0,4,4,0,0,3,3,0,3,3,0,0,0,1,0,31,54,2,0,0,1,0,0,26,3,RH=Crude Sword|LH=Crude Sword|BD=Crude Armour|A1=Crude Bracelet|A2=Crude Bracelet,Swords_T1_04=1,0,Rat|Rat|Rat|Rat|Rat|Rat|Rat|Rat,party wiped
19,12363,1,Normal,33,4,4,4,0,37,37,0,0,45,0,1,1,1,4,0,1,3,3,0,0,252,14,12,12,3,0,1,1,5,2,,,1,Rat,floor1_town;companion_join:Rat
19,12363,2,Normal,33,3,3,3,0,37,37,0,0,25,0,1,1,0,0,0,3,3,3,0,0,140,16,5,5,1.667,0,1,1,7,1,,,2,Rat|Rat|Rat,companion_join:Rat;companion_join:Rat
19,12363,3,Normal,25,4,4,3,0,37,0,0,2,72,0,1,2,3,6,6,0,0,0,1,0,458,65,15,12,4,1,0,0,20,4,RH=Crude Sword|LH=Crude Sword|BD=Crude Armour|A1=Crude Bracelet|A2=Crude Bracelet,Swords_T1_03=1,1,Rat|Rat|Rat|Goblin,companion_join:Goblin; party wiped; +1 levelup
20,12364,1,Normal,31,2,2,2,0,37,37,0,0,30,0,1,1,0,4,2,1,3,3,0,0,168,0,7,7,3.5,0,1,1,3,2,,,0,-,floor1_town
20,12364,2,Normal,31,5,5,5,0,37,37,0,0,65,0,1,1,2,6,3,0,0,3,0,0,364,48,21,21,4.2,0,1,1,6,3,,,2,Rat|Rat,companion_join:Rat;companion_join:Rat
20,12364,3,Normal,29,3,3,1,1,37,0,0,3,12,0,1,2,2,6,6,0,0,0,0,0,276,73,10,2,2,1,0,0,18,4,RH=Crude Sword|LH=Crude Sword|BD=Crude Armour|A1=Crude Bracelet|A2=Crude Bracelet,,0,Rat|Rat,party wiped; +1 levelup; flee×1
21,12365,1,Normal,29,3,3,3,0,37,37,0,0,40,0,1,1,0,4,0,2,3,3,0,0,224,8,10,10,3.333,0,1,1,4,1,,,2,Rat|Rat,floor1_town;companion_join:Rat;companion_join:Rat
21,12365,2,Normal,26,1,1,1,0,37,29,0,0,20,0,1,1,0,3,1,2,0,2,0,0,112,8,7,7,7,0,1,1,4,4,,,1,Rat|Rat|Rat,companion_join:Rat
21,12365,3,Normal,1,1,1,0,0,29,0,0,0,0,0,1,1,3,3,3,1,0,0,0,0,172,37,5,0,0,1,0,0,10,4,RH=Crude Sword|LH=Crude Sword|BD=Crude Armour|A1=Crude Bracelet|A2=Crude Bracelet,,0,Rat|Rat|Rat,party wiped
22,12366,1,Normal,27,3,3,3,0,37,37,0,0,40,0,1,1,0,6,1,0,3,3,0,0,224,8,11,11,3.667,0,1,1,4,4,,,2,Rat|Rat,floor1_town;companion_join:Rat;companion_join:Rat
22,12366,2,Normal,37,4,4,3,1,37,11,0,0,35,0,1,1,0,3,3,0,0,0,0,0,252,34,9,7,2.333,0,1,1,5,4,,,2,Rat|Rat|Rat|Rat,companion_join:Rat;companion_join:Rat; flee×1
22,12366,3,Normal,29,1,1,0,1,11,2,0,0,0,0,1,1,0,3,3,0,0,0,0,0,120,35,4,0,0,0,1,1,11,3,,,0,Rat|Rat|Rat|Rat,flee×1
22,12366,4,Normal,28,3,3,3,0,2,45,0,3,30,0,1,2,0,1,0,0,3,3,1,0,168,16,7,7,2.333,0,1,1,13,1,,Swords_T1_03=1,3,Rat|Rat|Rat|Rat|Rat|Rat|Rat,companion_join:Rat;companion_join:Rat;companion_join:Rat; +1 levelup
22,12366,5,Normal,36,3,3,2,1,45,4,3,3,30,0,2,2,0,3,3,0,0,0,2,0,224,53,10,8,4,0,1,1,13,4,,Swords_T1_03=2,1,Rat|Rat|Rat|Rat|Rat|Rat|Rat|Rat,companion_join:Rat; flee×1
22,12366,6,Normal,21,4,4,3,0,4,0,3,3,45,0,2,2,0,3,3,0,0,0,2,0,334,44,13,10,3.333,1,0,0,14,4,RH=Crude Sword|LH=Crude Sword|BD=Crude Armour|A1=Crude Bracelet|A2=Crude Bracelet,Swords_T1_03=2,2,Rat|Rat|Rat|Rat|Rat|Rat|Rat|Rat|Rat|Rat,companion_join:Rat;companion_join:Rat; party wiped
23,12367,1,Normal,25,2,2,2,0,37,37,0,0,20,0,1,1,0,1,0,2,3,3,0,0,112,8,4,4,2,0,1,1,3,2,,,1,Rat,floor1_town;companion_join:Rat
23,12367,2,Normal,35,6,6,6,0,37,44,0,3,80,0,1,2,0,6,6,3,3,3,0,0,448,35,24,24,4,0,1,1,6,1,,,1,Rat|Rat,companion_join:Rat; +1 levelup
23,12367,3,Normal,33,5,5,5,0,44,2,3,3,132,0,2,2,4,9,9,0,0,0,3,0,660,63,24,24,4.8,0,1,1,8,3,,Swords_T1_03=3,1,Rat|Rat|Goblin,companion_join:Goblin
23,12367,4,Normal,35,2,2,2,0,2,36,3,3,35,0,2,2,0,3,1,0,0,2,1,0,196,7,9,9,4.5,0,1,1,9,3,,Swords_T1_03=1,0,Rat|Rat|Goblin,
23,12367,5,Normal,16,4,4,3,0,36,0,3,3,20,0,2,2,0,0,2,0,0,0,2,0,195,34,8,4,1.333,1,0,0,9,4,RH=Crude Sword|LH=Crude Sword|BD=Crude Armour|A1=Crude Bracelet|A2=Crude Bracelet,Swords_T1_03=2,2,Rat|Rat|Goblin|Rat|Rat,companion_join:Rat;companion_join:Rat; party wiped
24,12368,1,Normal,39,5,5,5,0,37,37,0,0,75,0,1,1,0,10,4,0,3,3,0,0,420,8,23,23,4.6,0,1,1,6,1,,,3,Rat|Rat|Rat,floor1_town;companion_join:Rat;companion_join:Rat;companion_join:Rat
24,12368,2,Normal,29,5,5,5,0,37,44,0,3,45,0,1,2,0,3,2,1,0,1,1,0,252,16,10,10,2,0,1,1,7,1,,Swords_T1_03=1,1,Rat|Rat|Rat|Rat,companion_join:Rat; +1 levelup
24,12368,3,Normal,31,5,5,5,0,44,22,3,3,144,0,2,2,3,6,6,0,0,0,5,0,720,57,25,25,5,0,1,1,9,4,,Swords_T1_03=5,2,Rat|Rat|Rat|Rat|Goblin|Goblin,companion_join:Goblin;companion_join:Goblin
24,12368,4,Normal,25,4,4,3,1,22,53,3,5,50,0,2,3,0,4,3,0,2,3,2,0,364,38,16,12,4,0,1,1,11,3,,Swords_T1_03=2,0,Rat|Rat|Rat|Rat|Goblin|Goblin,+1 levelup; flee×1
24,12368,5,Normal,37,4,4,4,0,53,39,5,5,45,0,3,3,0,2,2,0,0,1,1,0,252,12,11,11,2.75,0,1,1,11,2,,Swords_T1_03=1,2,Rat|Rat|Rat|Rat|Goblin|Goblin|Rat|Rat,companion_join:Rat;companion_join:Rat
24,12368,6,Normal,39,6,6,5,1,39,15,5,5,60,0,3,3,0,3,4,0,0,0,4,0,365,71,19,16,3.2,0,1,1,12,3,,Swords_T1_03=1|Swords_T1_04=3,3,Rat|Rat|Rat|Rat|Goblin|Goblin|Rat|Rat|Rat|Rat|Rat,companion_join:Rat;companion_join:Rat;companion_join:Rat; flee×1
24,12368,7,Normal,40,7,7,7,0,15,32,5,5,70,0,3,3,0,3,3,0,0,0,5,0,392,15,17,17,2.429,0,1,1,13,2,,Swords_T1_03=3|Swords_T1_04=2,1,Rat|Rat|Rat|Rat|Goblin|Goblin|Rat|Rat|Rat|Rat|Rat|Rat,companion_join:Rat
24,12368,8,Normal,19,2,2,1,0,32,0,5,5,60,0,3,3,0,6,5,0,0,0,3,0,182,53,8,6,6,1,0,0,25,4,RH=Crude Sword|LH=Crude Sword|BD=Crude Armour|A1=Crude Bracelet|A2=Crude Bracelet,Swords_T1_03=2|Swords_T1_04=1,0,Rat|Rat|Rat|Rat|Goblin|Goblin|Rat|Rat|Rat|Rat|Rat|Rat,party wiped
25,12369,1,Normal,37,3,3,3,0,37,37,0,0,55,0,1,1,0,6,0,1,3,3,0,0,308,8,13,13,4.333,0,1,1,4,4,,,2,Rat|Rat,floor1_town;companion_join:Rat;companion_join:Rat
25,12369,2,Normal,32,2,2,2,0,37,37,0,0,10,0,1,1,0,0,0,3,3,3,0,0,56,0,2,2,1,0,1,1,4,1,,,0,Rat|Rat,
25,12369,3,Normal,2,1,1,0,0,37,0,0,0,0,0,1,1,3,3,3,2,0,0,0,0,145,37,5,0,0,1,0,0,10,4,RH=Crude Sword|LH=Crude Sword|BD=Crude Armour|A1=Crude Bracelet|A2=Crude Bracelet,,0,Rat|Rat,party wiped
26,12370,1,Normal,35,5,5,5,0,37,37,0,0,55,0,1,1,0,7,3,0,3,3,0,0,308,22,17,17,3.4,0,1,1,6,1,,,1,Rat,floor1_town;companion_join:Rat
26,12370,2,Normal,38,4,4,4,0,37,21,0,2,70,0,1,2,0,7,6,1,0,0,1,0,392,51,22,22,5.5,0,1,1,8,4,,Swords_T1_03=1,1,Rat|Rat,companion_join:Rat; +1 levelup
26,12370,3,Normal,32,2,2,2,0,21,9,2,2,48,0,2,2,2,3,3,0,0,0,2,0,240,34,12,12,6,0,1,1,9,3,,Swords_T1_03=2,0,Rat|Rat,
26,12370,4,Normal,25,3,3,3,0,9,45,2,2,30,0,2,2,0,3,0,0,0,3,1,0,168,-1,7,7,2.333,0,1,1,10,4,,Swords_T1_03=1,1,Rat|Rat|Rat,companion_join:Rat
26,12370,5,Normal,31,4,4,4,0,45,37,2,2,40,0,2,2,0,0,3,0,0,0,2,0,224,6,9,9,2.25,0,1,1,10,4,,Swords_T1_03=2,3,Rat|Rat|Rat|Rat|Rat|Rat,companion_join:Rat;companion_join:Rat;companion_join:Rat
26,12370,6,Normal,38,5,5,4,1,37,37,2,2,40,0,2,2,0,3,0,0,0,3,3,0,280,36,12,10,2.5,0,1,1,11,3,,Swords_T1_03=3,0,Rat|Rat|Rat|Rat|Rat|Rat,flee×1
26,12370,7,Normal,25,2,2,2,0,37,53,2,5,20,0,2,3,0,0,2,0,0,1,1,0,112,-9,4,4,2,0,1,1,11,1,,Swords_T1_03=1,1,Rat|Rat|Rat|Rat|Rat|Rat|Rat,companion_join:Rat; +1 levelup
26,12370,8,Normal,6,1,1,0,0,53,0,5,5,0,0,3,3,0,2,0,0,1,3,1,0,35,53,2,0,0,1,0,0,17,2,RH=Crude Sword|LH=Crude Sword|BD=Crude Armour|A1=Crude Bracelet|A2=Crude Bracelet,Swords_T1_04=1,0,Rat|Rat|Rat|Rat|Rat|Rat|Rat,party wiped
27,12371,1,Normal,33,5,5,5,0,37,37,0,0,45,0,1,1,0,3,0,1,3,3,0,0,252,26,14,14,2.8,0,1,1,6,3,,,3,Rat|Rat|Rat,floor1_town;companion_join:Rat;companion_join:Rat;companion_join:Rat
27,12371,2,Normal,36,4,4,4,0,37,45,0,2,55,0,1,2,0,6,5,2,0,1,0,0,308,8,13,13,3.25,0,1,1,7,4,,,1,Rat|Rat|Rat|Rat,companion_join:Rat; +1 levelup
27,12371,3,Normal,37,2,2,2,0,45,34,2,2,72,0,2,2,3,3,4,0,0,0,1,0,360,38,13,13,6.5,0,1,1,8,3,,Swords_T1_03=1,2,Rat|Rat|Rat|Rat|Goblin|Goblin,companion_join:Goblin;companion_join:Goblin
27,12371,4,Normal,29,5,5,4,1,34,37,2,2,60,0,2,2,0,6,6,0,0,0,2,0,364,51,19,18,4.5,0,1,1,10,4,,Swords_T1_03=2,0,Rat|Rat|Rat|Rat|Goblin|Goblin,flee×1
27,12371,5,Normal,37,6,6,5,1,37,13,2,2,65,0,2,2,0,3,3,0,0,0,5,0,420,45,18,16,3.2,0,1,1,11,4,,Swords_T1_03=5,1,Rat|Rat|Rat|Rat|Goblin|Goblin|Rat,companion_join:Rat; flee×1
27,12371,6,Normal,36,4,4,4,0,13,52,2,4,55,0,2,3,0,3,2,0,0,1,0,0,308,8,12,12,3,0,1,1,12,1,,,1,Rat|Rat|Rat|Rat|Goblin|Goblin|Rat|Rat,companion_join:Rat; +1 levelup
27,12371,7,Normal,39,2,2,2,0,52,43,4,4,15,0,3,3,0,0,0,0,0,1,1,0,84,7,3,3,1.5,0,1,1,12,1,,Swords_T1_03=1,2,Rat|Rat|Rat|Rat|Goblin|Goblin|Rat|Rat|Rat|Rat,companion_join:Rat;companion_join:Rat
27,12371,8,Normal,1,1,1,0,0,43,0,4,4,0,0,3,3,0,3,3,0,0,0,2,0,60,50,3,0,0,1,0,0,18,3,RH=Crude Sword|LH=Crude Sword|BD=Crude Armour|A1=Crude Bracelet|A2=Crude Bracelet,Swords_T1_03=1|Swords_T1_04=1,0,Rat|Rat|Rat|Rat|Goblin|Goblin|Rat|Rat|Rat|Rat,party wiped
28,12372,1,Normal,31,3,3,3,0,37,37,0,0,35,0,1,1,0,5,1,2,3,3,0,0,196,8,11,11,3.667,0,1,1,4,3,,,1,Rat,floor1_town;companion_join:Rat
28,12372,2,Normal,40,4,4,4,0,37,31,0,0,55,0,1,1,0,3,2,4,0,1,0,0,308,14,14,14,3.5,0,1,1,5,2,,,1,Rat|Rat,companion_join:Rat
28,12372,3,Normal,32,0,0,0,0,31,31,0,0,0,0,1,1,0,0,0,6,0,1,0,0,0,0,0,0,0,0,1,1,5,0,,,0,Rat|Rat,
28,12372,4,Normal,33,5,5,5,0,31,36,0,2,70,0,1,2,1,6,3,5,0,3,3,0,392,53,20,20,4,0,1,1,7,2,,Swords_T1_03=3,2,Rat|Rat|Rat|Rat,companion_join:Rat;companion_join:Rat; +1 levelup
28,12372,5,Normal,27,3,3,3,0,36,44,2,2,30,0,2,2,0,0,3,5,3,3,2,0,168,3,8,8,2.667,0,1,1,8,1,,Swords_T1_03=2,2,Rat|Rat|Rat|Rat|Rat|Rat,companion_join:Rat;companion_join:Rat
28,12372,6,Normal,40,2,2,2,0,44,37,2,2,25,0,2,2,0,2,0,5,1,3,3,0,140,18,6,6,3,0,1,1,8,4,,Swords_T1_03=3,0,Rat|Rat|Rat|Rat|Rat|Rat,
28,12372,7,Normal,37,4,4,4,0,37,24,2,2,50,0,2,2,2,1,3,3,0,0,2,0,280,11,14,14,3.5,0,1,1,8,4,,Swords_T1_03=2,2,Rat|Rat|Rat|Rat|Rat|Rat|Rat|Rat,companion_join:Rat;companion_join:Rat
28,12372,8,Normal,10,1,1,0,0,24,0,2,2,0,0,2,2,2,0,0,1,3,3,1,0,75,44,2,0,0,1,0,0,14,2,RH=Crude Sword|LH=Crude Sword|BD=Crude Armour|A1=Crude Bracelet|A2=Crude Bracelet,Swords_T1_03=1,0,Rat|Rat|Rat|Rat|Rat|Rat|Rat|Rat,party wiped
29,12373,1,Normal,29,1,1,1,0,37,37,0,0,5,0,1,1,0,0,0,1,3,3,0,0,28,6,2,2,2,0,1,1,2,1,,,1,Rat,floor1_town;companion_join:Rat
29,12373,2,Normal,33,4,4,4,0,37,29,0,0,55,0,1,1,0,6,2,3,0,1,0,0,308,24,15,15,3.75,0,1,1,4,3,,,1,Rat|Rat,companion_join:Rat
29,12373,3,Normal,30,3,3,3,0,29,45,0,3,60,0,1,2,0,5,1,5,1,3,1,0,300,0,9,9,3,0,1,1,16,1,,Swords_T1_03=1,0,Rat|Rat,+1 levelup
29,12373,4,Normal,38,4,4,4,0,45,38,3,3,35,0,2,2,0,1,2,5,0,1,2,0,196,5,9,9,2.25,0,1,1,16,1,,Swords_T1_03=2,1,Rat|Rat|Rat,companion_join:Rat
29,12373,5,Normal,25,0,0,0,0,38,38,3,3,0,0,2,2,0,0,0,5,0,1,0,0,0,0,0,0,0,0,1,1,16,0,,,0,Rat|Rat|Rat,
29,12373,6,Normal,26,4,4,3,0,38,0,3,3,40,0,2,2,5,0,1,0,0,0,2,0,307,36,15,12,4,1,0,0,16,4,RH=Crude Sword|LH=Crude Sword|BD=Crude Armour|A1=Crude Bracelet|A2=Crude Bracelet,Swords_T1_03=2,0,Rat|Rat|Rat,party wiped
30,12374,1,Normal,27,3,3,3,0,37,37,0,0,20,0,1,1,0,0,0,2,3,3,0,0,112,8,5,5,1.667,0,1,1,4,2,,,0,-,floor1_town
30,12374,2,Normal,37,2,2,2,0,37,37,0,0,25,0,1,1,0,3,3,4,0,0,0,0,140,0,8,8,4,0,1,1,4,4,,,1,Rat,companion_join:Rat
30,12374,3,Normal,3,1,1,0,0,37,0,0,0,0,0,1,1,4,3,3,0,0,0,0,0,155,37,6,0,0,1,0,0,10,4,RH=Crude Sword|LH=Crude Sword|BD=Crude Armour|A1=Crude Bracelet|A2=Crude Bracelet,,0,Rat,party wiped
31,12375,1,Normal,25,1,1,1,0,37,37,0,0,15,0,1,1,0,1,0,1,3,3,0,0,84,8,3,3,3,0,1,1,2,3,,,0,-,floor1_town
31,12375,2,Normal,25,4,4,4,0,37,29,0,0,50,0,1,1,0,3,3,1,0,0,0,0,280,16,13,13,3.25,0,1,1,3,2,,,1,Rat,companion_join:Rat
31,12375,3,Normal,1,1,1,0,0,29,0,0,0,0,0,1,1,1,3,3,0,0,0,0,0,148,37,5,0,0,1,0,0,9,3,RH=Crude Sword|LH=Crude Sword|BD=Crude Armour|A1=Crude Bracelet|A2=Crude Bracelet,,0,Rat,party wiped
32,12376,1,Normal,39,5,5,5,0,37,37,0,0,90,0,1,1,0,13,3,2,3,3,0,0,504,16,27,27,5.4,0,1,1,6,4,,,2,Rat|Rat,floor1_town;companion_join:Rat;companion_join:Rat
32,12376,2,Normal,28,2,2,2,0,37,44,0,2,25,0,1,2,0,3,2,3,0,1,1,0,140,0,8,8,4,0,1,1,6,1,,Swords_T1_03=1,0,Rat|Rat,+1 levelup
32,12376,3,Normal,40,2,2,2,0,44,42,2,2,24,0,2,2,0,0,0,4,0,1,2,0,120,0,3,3,1.5,0,1,1,6,1,,Swords_T1_03=2,0,Rat|Rat,
32,12376,4,Normal,32,3,3,3,0,42,37,2,2,55,0,2,2,0,3,4,4,0,0,2,0,308,25,16,16,5.333,0,1,1,7,4,,Swords_T1_03=2,0,Rat|Rat,
32,12376,5,Normal,25,3,3,3,0,37,45,2,2,30,0,2,2,2,0,0,2,0,0,0,0,168,-8,7,7,2.333,0,1,1,7,4,,,1,Rat|Rat|Rat,companion_join:Rat
32,12376,6,Normal,34,4,4,3,1,45,10,2,2,35,0,2,2,2,0,0,0,0,0,3,0,252,32,10,8,2.667,0,1,1,7,3,,Swords_T1_03=3,1,Rat|Rat|Rat|Rat,companion_join:Rat; flee×1
32,12376,7,Normal,35,5,5,5,0,10,41,2,4,70,0,2,3,0,3,3,0,0,0,3,0,392,22,17,17,3.4,0,1,1,8,2,,Swords_T1_03=3,4,Rat|Rat|Rat|Rat|Rat|Rat|Rat|Rat,companion_join:Rat;companion_join:Rat;companion_join:Rat;companion_join:Rat; +1 levelup
32,12376,8,Normal,2,1,1,0,0,41,0,4,4,0,0,3,3,0,3,3,0,0,0,1,0,35,53,3,0,0,1,0,0,14,3,RH=Crude Sword|LH=Crude Sword|BD=Crude Armour|A1=Crude Bracelet|A2=Crude Bracelet,Swords_T1_04=1,0,Rat|Rat|Rat|Rat|Rat|Rat|Rat|Rat,party wiped
33,12377,1,Normal,37,3,3,3,0,37,37,0,0,30,0,1,1,0,2,0,0,3,3,0,0,168,8,8,8,2.667,0,1,1,4,1,,,2,Rat|Rat,floor1_town;companion_join:Rat;companion_join:Rat
33,12377,2,Normal,30,2,2,2,0,37,29,0,0,30,0,1,1,0,3,2,0,3,3,0,0,168,16,7,7,3.5,0,1,1,5,2,,,2,Rat|Rat|Rat|Rat,companion_join:Rat;companion_join:Rat
33,12377,3,Normal,26,3,3,2,0,29,0,0,2,60,0,1,2,1,6,4,0,0,0,0,0,393,74,14,12,6,1,0,0,17,2,RH=Crude Sword|LH=Crude Sword|BD=Crude Armour|A1=Crude Bracelet|A2=Crude Bracelet,,0,Rat|Rat|Rat|Rat,party wiped; +1 levelup
34,12378,1,Normal,35,2,2,2,0,37,37,0,0,15,0,1,1,0,0,0,2,3,3,0,0,84,8,3,3,1.5,0,1,1,3,1,,,1,Rat,floor1_town;companion_join:Rat
34,12378,2,Normal,27,2,2,2,0,37,29,0,0,35,0,1,1,0,3,1,4,0,2,0,0,196,8,10,10,5,0,1,1,3,3,,,0,Rat,
34,12378,3,Normal,32,4,4,3,0,29,0,0,2,84,0,1,2,6,7,6,0,0,0,1,0,540,64,19,16,5.333,1,0,0,21,4,RH=Crude Sword|LH=Crude Sword|BD=Crude Armour|A1=Crude Bracelet|A2=Crude Bracelet,Swords_T1_03=1,1,Rat|Goblin,companion_join:Goblin; party wiped; +1 levelup
35,12379,1,Normal,33,3,3,3,0,37,37,0,0,35,0,1,1,0,4,3,0,3,3,0,0,196,0,9,9,3,0,1,1,4,1,,,0,-,floor1_town
35,12379,2,Normal,40,3,3,2,1,37,8,0,0,20,0,1,1,0,3,3,0,0,0,0,0,168,29,10,5,2.5,0,1,1,4,3,,,1,Rat,companion_join:Rat; flee×1
35,12379,3,Normal,25,4,4,3,1,8,2,0,2,60,0,1,2,0,6,3,0,0,0,1,0,360,45,12,11,3.667,0,1,1,22,4,,Swords_T1_03=1,0,Rat,+1 levelup; flee×1
35,12379,4,Normal,31,4,4,4,0,2,32,2,2,50,0,2,2,0,3,1,0,0,2,2,0,280,11,12,12,3,0,1,1,23,4,,Swords_T1_03=2,1,Rat|Rat,companion_join:Rat
35,12379,5,Normal,33,4,4,4,0,32,45,2,2,45,0,2,2,0,3,0,0,0,3,3,0,252,-3,11,11,2.75,0,1,1,24,3,,Swords_T1_03=3,0,Rat|Rat,
35,12379,6,Normal,17,2,2,1,0,45,0,2,2,15,0,2,2,0,0,3,0,0,0,0,0,185,45,8,4,4,1,0,0,24,4,RH=Crude Sword|LH=Crude Sword|BD=Crude Armour|A1=Crude Bracelet|A2=Crude Bracelet,,1,Rat|Rat|Rat,companion_join:Rat; party wiped
36,12380,1,Normal,31,4,4,4,0,37,37,0,0,30,0,1,1,0,1,0,1,3,3,0,0,168,8,6,6,1.5,0,1,1,5,1,,,2,Rat|Rat,floor1_town;companion_join:Rat;companion_join:Rat
36,12380,2,Normal,35,2,2,2,0,37,37,0,0,20,0,1,1,0,2,0,2,1,3,0,0,112,0,5,5,2.5,0,1,1,5,1,,,0,Rat|Rat,
36,12380,3,Normal,39,3,3,3,0,37,45,0,2,72,0,1,2,2,7,5,0,0,1,0,0,360,1,16,16,5.333,0,1,1,23,2,,,0,Rat|Rat,+1 levelup
36,12380,4,Normal,5,1,1,0,0,45,0,2,2,0,0,2,2,0,0,1,0,0,0,1,0,83,44,3,0,0,1,0,0,23,4,RH=Crude Sword|LH=Crude Sword|BD=Crude Armour|A1=Crude Bracelet|A2=Crude Bracelet,Swords_T1_03=1,0,Rat|Rat,party wiped
37,12381,1,Normal,29,3,3,3,0,37,37,0,0,40,0,1,1,0,4,3,0,3,3,0,0,224,8,11,11,3.667,0,1,1,4,4,,,0,-,floor1_town
37,12381,2,Normal,15,3,3,2,0,37,0,0,0,25,0,1,1,0,3,3,0,0,0,0,0,168,43,11,8,4,1,0,0,5,4,RH=Crude Sword|LH=Crude Sword|BD=Crude Armour|A1=Crude Bracelet|A2=Crude Bracelet,,0,-,party wiped
38,12382,1,Normal,27,3,3,3,0,37,37,0,0,30,0,1,1,0,2,0,1,3,3,0,0,168,8,7,7,2.333,0,1,1,4,1,,,1,Rat,floor1_town;companion_join:Rat
38,12382,2,Normal,28,3,3,3,0,37,37,0,0,30,0,1,1,0,3,0,1,0,3,0,0,168,0,8,8,2.667,0,1,1,4,1,,,0,Rat,
38,12382,3,Normal,6,1,1,0,0,37,0,0,0,0,0,1,1,2,3,3,0,0,0,0,0,219,37,7,0,0,1,0,0,10,4,RH=Crude Sword|LH=Crude Sword|BD=Crude Armour|A1=Crude Bracelet|A2=Crude Bracelet,,0,Rat,party wiped
39,12383,1,Normal,25,4,4,4,0,37,37,0,0,70,0,1,1,0,8,2,2,3,3,0,0,392,16,17,17,4.25,0,1,1,5,4,,,2,Rat|Rat,floor1_town;companion_join:Rat;companion_join:Rat
39,12383,2,Normal,36,4,4,3,1,37,4,0,2,50,0,1,2,2,3,3,0,0,0,2,0,364,46,18,14,4.667,0,1,1,5,4,,Swords_T1_03=2,2,Rat|Rat|Rat|Rat,companion_join:Rat;companion_join:Rat; +1 levelup; flee×1
39,12383,3,Normal,25,0,0,0,0,4,39,2,2,0,0,2,2,1,0,0,0,0,0,0,0,0,0,0,0,0,0,1,1,5,0,,,0,Rat|Rat|Rat|Rat,
39,12383,4,Normal,37,5,5,4,1,39,36,2,2,55,0,2,2,0,3,1,0,0,2,3,0,364,34,16,14,3.5,0,1,1,6,3,,Swords_T1_03=3,4,Rat|Rat|Rat|Rat|Rat|Rat|Rat|Rat,companion_join:Rat;companion_join:Rat;companion_join:Rat;companion_join:Rat; flee×1
39,12383,5,Normal,25,3,3,3,0,36,44,2,2,35,0,2,2,0,3,1,0,0,3,1,0,196,4,9,9,3,0,1,1,7,2,,Swords_T1_03=1,1,Rat|Rat|Rat|Rat|Rat|Rat|Rat|Rat|Rat,companion_join:Rat
39,12383,6,Normal,28,3,3,3,0,44,44,2,2,55,0,2,2,0,3,3,0,0,3,3,0,308,27,12,12,4,0,1,1,8,4,,Swords_T1_03=3,0,Rat|Rat|Rat|Rat|Rat|Rat|Rat|Rat|Rat,
39,12383,7,Normal,31,3,3,2,0,44,0,2,2,30,0,2,2,0,0,3,0,0,0,1,0,196,43,9,7,3.5,1,0,0,8,3,RH=Crude Sword|LH=Crude Sword|BD=Crude Armour|A1=Crude Bracelet|A2=Crude Bracelet,Swords_T1_03=1,1,Rat|Rat|Rat|Rat|Rat|Rat|Rat|Rat|Rat|Rat,companion_join:Rat; party wiped
40,12384,1,Normal,39,2,2,2,0,37,37,0,0,20,0,1,1,0,2,0,1,3,3,0,0,112,0,5,5,2.5,0,1,1,3,1,,,0,-,floor1_town
40,12384,2,Normal,40,5,5,5,0,37,37,0,0,40,0,1,1,0,3,2,1,0,1,0,0,224,0,11,11,2.2,0,1,1,3,3,,,0,-,
40,12384,3,Normal,13,2,2,1,0,37,0,0,0,12,0,1,1,2,3,3,0,0,0,0,0,198,37,7,3,3,1,0,0,15,3,RH=Crude Sword|LH=Crude Sword|BD=Crude Armour|A1=Crude Bracelet|A2=Crude Bracelet,,0,-,party wiped
41,12385,1,Normal,37,2,2,2,0,37,37,0,0,30,0,1,1,0,3,1,2,3,3,0,0,168,16,8,8,4,0,1,1,3,4,,,0,-,floor1_town
41,12385,2,Normal,32,5,5,5,0,37,37,0,0,50,0,1,1,0,3,3,4,3,3,0,0,280,14,13,13,2.6,0,1,1,5,1,,,1,Rat,companion_join:Rat
41,12385,3,Normal,27,2,2,2,0,37,22,0,2,48,0,1,2,1,3,3,3,0,0,0,0,240,23,8,8,4,0,1,1,11,2,,,0,Rat,+1 levelup
41,12385,4,Normal,29,2,2,2,0,22,37,2,2,25,0,2,2,0,3,1,3,0,2,1,0,140,7,7,7,3.5,0,1,1,12,1,,Swords_T1_03=1,1,Rat|Rat,companion_join:Rat
41,12385,5,Normal,34,4,4,4,0,37,45,2,2,55,0,2,2,2,0,2,1,0,0,4,0,308,-12,14,14,3.5,0,1,1,12,3,,Swords_T1_03=4,0,Rat|Rat,
41,12385,6,Normal,36,3,3,3,0,45,36,2,2,20,0,2,2,0,0,0,1,0,0,1,0,112,8,4,4,1.333,0,1,1,12,1,,Swords_T1_03=1,2,Rat|Rat|Rat|Rat,companion_join:Rat;companion_join:Rat
41,12385,7,Normal,21,3,3,2,0,36,0,2,2,25,0,2,2,1,0,0,0,0,0,3,0,196,33,7,5,2.5,1,0,0,12,4,RH=Crude Sword|LH=Crude Sword|BD=Crude Armour|A1=Crude Bracelet|A2=Crude Bracelet,Swords_T1_03=3,0,Rat|Rat|Rat|Rat,party wiped
42,12386,1,Normal,35,2,2,2,0,37,37,0,0,35,0,1,1,0,4,1,0,3,3,0,0,196,8,9,9,4.5,0,1,1,3,4,,,0,-,floor1_town
42,12386,2,Normal,31,5,5,5,0,37,35,0,0,55,0,1,1,1,3,3,0,0,0,0,0,308,2,14,14,2.8,0,1,1,3,4,,,3,Rat|Rat|Rat,companion_join:Rat;companion_join:Rat;companion_join:Rat
42,12386,3,Normal,2,1,1,0,0,35,0,0,0,0,0,1,1,2,3,3,0,0,0,0,0,180,37,6,0,0,1,0,0,9,4,RH=Crude Sword|LH=Crude Sword|BD=Crude Armour|A1=Crude Bracelet|A2=Crude Bracelet,,0,Rat|Rat|Rat,party wiped
43,12387,1,Normal,33,4,4,4,0,37,37,0,0,50,0,1,1,0,5,0,2,3,3,0,0,280,16,12,12,3,0,1,1,5,4,,,1,Rat,floor1_town;companion_join:Rat
43,12387,2,Normal,33,2,2,2,0,37,37,0,0,25,0,1,1,0,2,0,2,1,3,0,0,140,0,5,5,2.5,0,1,1,5,3,,,1,Rat|Rat,companion_join:Rat
43,12387,3,Normal,12,3,3,2,0,37,0,0,3,48,0,1,2,2,5,3,0,0,0,0,0,292,65,12,9,4.5,1,0,0,17,2,RH=Crude Sword|LH=Crude Sword|BD=Crude Armour|A1=Crude Bracelet|A2=Crude Bracelet,,1,Rat|Rat|Goblin,companion_join:Goblin; party wiped; +1 levelup
44,12388,1,Normal,31,2,2,2,0,37,37,0,0,30,0,1,1,0,3,3,0,3,3,0,0,168,0,8,8,4,0,1,1,3,2,,,0,-,floor1_town
44,12388,2,Normal,26,4,4,4,0,37,29,0,0,50,0,1,1,0,4,0,2,3,3,0,0,280,24,11,11,2.75,0,1,1,5,2,,,0,-,
44,12388,3,Normal,11,1,1,0,0,29,0,0,0,0,0,1,1,4,3,3,0,0,0,0,0,176,37,6,0,0,1,0,0,11,4,RH=Crude Sword|LH=Crude Sword|BD=Crude Armour|A1=Crude Bracelet|A2=Crude Bracelet,,0,-,party wiped
45,12389,1,Normal,29,4,4,4,0,37,37,0,0,60,0,1,1,0,7,4,1,3,3,0,0,336,16,15,15,3.75,0,1,1,5,4,,,1,Rat,floor1_town;companion_join:Rat
45,12389,2,Normal,36,2,2,2,0,37,10,0,0,35,0,1,1,2,3,3,0,0,0,0,0,196,27,11,11,5.5,0,1,1,5,3,,,1,Rat|Rat,companion_join:Rat
45,12389,3,Normal,1,1,1,0,0,10,0,0,0,0,0,1,1,2,3,3,0,0,0,0,0,60,37,3,0,0,1,0,0,11,4,RH=Crude Sword|LH=Crude Sword|BD=Crude Armour|A1=Crude Bracelet|A2=Crude Bracelet,,0,Rat|Rat,party wiped
46,12390,1,Normal,27,5,5,5,0,37,37,0,0,75,0,1,1,0,10,1,0,3,3,0,0,420,24,21,21,4.2,0,1,1,6,4,,,1,Rat,floor1_town;companion_join:Rat
46,12390,2,Normal,36,4,4,4,0,37,37,0,1,60,0,1,2,0,3,3,2,0,0,0,0,336,16,14,14,3.5,0,1,1,6,4,,,0,Rat,+1 levelup
46,12390,3,Normal,15,2,2,1,0,37,0,1,1,36,0,2,2,4,3,3,0,0,0,2,0,335,43,11,7,7,1,0,0,7,4,RH=Crude Sword|LH=Crude Sword|BD=Crude Armour|A1=Crude Bracelet|A2=Crude Bracelet,Swords_T1_03=2,0,Rat,party wiped
47,12391,1,Normal,25,0,0,0,0,37,37,0,0,0,0,1,1,0,0,0,1,3,3,0,0,0,0,0,0,0,0,1,1,1,0,,,0,-,floor1_town
47,12391,2,Normal,27,2,2,2,0,37,37,0,0,15,0,1,1,0,0,0,2,3,3,0,0,84,8,3,3,1.5,0,1,1,2,1,,,1,Rat,companion_join:Rat
47,12391,3,Normal,18,3,3,2,0,37,0,0,0,48,0,1,1,2,9,7,0,0,0,0,0,363,37,13,9,4.5,1,0,0,20,4,RH=Crude Sword|LH=Crude Sword|BD=Crude Armour|A1=Crude Bracelet|A2=Crude Bracelet,,0,Rat,party wiped
48,12392,1,Normal,39,2,2,2,0,37,37,0,0,20,0,1,1,0,3,0,0,3,3,0,0,112,0,6,6,3,0,1,1,3,1,,,0,-,floor1_town
48,12392,2,Normal,28,3,3,3,0,37,37,0,0,30,0,1,1,0,1,0,0,2,3,0,0,168,0,6,6,2,0,1,1,3,1,,,0,-,
48,12392,3,Normal,1,1,1,0,0,37,0,0,0,0,0,1,1,0,3,3,0,0,0,0,0,121,37,4,0,0,1,0,0,9,4,RH=Crude Sword|LH=Crude Sword|BD=Crude Armour|A1=Crude Bracelet|A2=Crude Bracelet,,0,-,party wiped
49,12393,1,Normal,37,0,0,0,0,37,37,0,0,0,0,1,1,0,0,0,1,3,3,0,0,0,0,0,0,0,0,1,1,1,0,,,0,-,floor1_town
49,12393,2,Normal,31,3,3,3,0,37,37,0,0,35,0,1,1,0,3,3,3,0,0,0,0,196,8,9,9,3,0,1,1,2,4,,,2,Rat|Rat,companion_join:Rat;companion_join:Rat
49,12393,3,Normal,29,3,3,3,0,37,45,0,2,72,0,1,2,2,7,4,1,2,3,0,0,360,21,14,14,4.667,0,1,1,20,1,,,0,Rat|Rat,+1 levelup
49,12393,4,Normal,32,4,4,4,0,45,37,2,2,50,0,2,2,1,2,3,0,0,0,3,0,280,5,14,14,3.5,0,1,1,20,3,,Swords_T1_03=3,2,Rat|Rat|Rat|Rat,companion_join:Rat;companion_join:Rat
49,12393,5,Normal,32,0,0,0,0,37,37,2,2,0,0,2,2,0,0,0,0,0,0,0,0,0,0,0,0,0,0,1,1,20,0,,,0,Rat|Rat|Rat|Rat,
49,12393,6,Normal,9,1,1,0,0,37,0,2,2,0,0,2,2,0,0,0,0,0,0,0,0,56,37,2,0,0,1,0,0,20,4,RH=Crude Sword|LH=Crude Sword|BD=Crude Armour|A1=Crude Bracelet|A2=Crude Bracelet,,0,Rat|Rat|Rat|Rat,party wiped
50,12394,1,Normal,35,5,5,5,0,37,37,0,0,60,0,1,1,0,6,2,2,3,3,0,0,336,16,16,16,3.2,0,1,1,6,1,,,1,Rat,floor1_town;companion_join:Rat
50,12394,2,Normal,34,3,3,3,0,37,19,0,2,60,0,1,2,1,6,3,1,0,0,1,0,336,42,19,19,6.333,0,1,1,7,4,,Swords_T1_03=1,1,Rat|Rat,companion_join:Rat; +1 levelup
50,12394,3,Normal,7,2,2,1,0,19,0,2,2,24,0,2,2,2,3,3,0,0,0,1,0,180,45,7,3,3,1,0,0,8,4,RH=Crude Sword|LH=Crude Sword|BD=Crude Armour|A1=Crude Bracelet|A2=Crude Bracelet,Swords_T1_03=1,0,Rat|Rat,party wiped
51,12395,1,Normal,33,2,2,2,0,37,37,0,0,20,0,1,1,0,2,0,1,3,3,0,0,112,8,5,5,2.5,0,1,1,3,3,,,1,Rat,floor1_town;companion_join:Rat
51,12395,2,Normal,35,4,4,4,0,37,37,0,0,55,0,1,1,0,6,0,3,0,3,0,0,308,8,13,13,3.25,0,1,1,4,3,,,2,Rat|Rat|Rat,companion_join:Rat;companion_join:Rat
51,12395,3,Normal,27,2,2,2,0,37,44,0,2,48,0,1,2,2,3,3,2,0,0,0,0,240,0,9,9,4.5,0,1,1,16,3,,,0,Rat|Rat|Rat,+1 levelup
51,12395,4,Normal,33,4,4,4,0,44,44,2,2,45,0,2,2,0,3,1,2,0,2,1,0,252,16,10,10,2.5,0,1,1,17,4,,Swords_T1_03=1,0,Rat|Rat|Rat,
51,12395,5,Normal,26,3,3,3,0,44,27,2,2,35,0,2,2,0,0,2,2,0,0,3,0,196,14,8,8,2.667,0,1,1,17,3,,Swords_T1_03=3,1,Rat|Rat|Rat|Rat,companion_join:Rat
51,12395,6,Normal,40,4,4,4,0,27,36,2,2,55,0,2,2,0,5,1,2,0,2,2,0,308,18,17,17,4.25,0,1,1,19,2,,Swords_T1_03=2,0,Rat|Rat|Rat|Rat,
51,12395,7,Normal,28,1,1,1,0,36,35,2,2,5,0,2,2,0,0,0,2,0,2,1,0,28,0,1,1,1,0,1,1,19,1,,Swords_T1_03=1,0,Rat|Rat|Rat|Rat,
51,12395,8,Normal,2,1,1,0,0,35,0,2,2,0,0,2,2,2,3,0,0,0,3,0,0,68,44,2,0,0,1,0,0,25,4,RH=Crude Sword|LH=Crude Sword|BD=Crude Armour|A1=Crude Bracelet|A2=Crude Bracelet,,0,Rat|Rat|Rat|Rat,party wiped
52,12396,1,Normal,31,4,4,4,0,37,37,0,0,70,0,1,1,0,11,3,2,3,3,0,0,392,16,20,20,5,0,1,1,5,2,,,1,Rat,floor1_town;companion_join:Rat
52,12396,2,Normal,32,4,4,4,0,37,29,0,2,55,0,1,2,3,3,3,1,0,0,1,0,308,32,18,18,4.5,0,1,1,5,3,,Swords_T1_03=1,2,Rat|Rat|Rat,companion_join:Rat;companion_join:Rat; +1 levelup
52,12396,3,Normal,37,3,3,3,0,29,18,2,2,72,0,2,2,1,3,3,0,0,0,3,0,360,25,11,11,3.667,0,1,1,6,3,,Swords_T1_03=3,0,Rat|Rat|Rat,
52,12396,4,Normal,7,2,2,1,0,18,0,2,2,20,0,2,2,0,3,3,0,0,0,2,0,140,44,9,7,7,1,0,0,7,3,RH=Crude Sword|LH=Crude Sword|BD=Crude Armour|A1=Crude Bracelet|A2=Crude Bracelet,Swords_T1_03=2,0,Rat|Rat|Rat,party wiped
53,12397,1,Normal,29,4,4,4,0,37,37,0,0,55,0,1,1,0,6,0,0,3,3,0,0,308,8,14,14,3.5,0,1,1,5,4,,,0,-,floor1_town
53,12397,2,Normal,31,2,2,2,0,37,29,0,0,30,0,1,1,0,2,0,2,3,3,0,0,168,16,7,7,3.5,0,1,1,6,2,,,1,Rat,companion_join:Rat
53,12397,3,Normal,3,1,1,0,0,29,0,0,0,0,0,1,1,2,3,3,0,0,0,0,0,155,37,6,0,0,1,0,0,12,3,RH=Crude Sword|LH=Crude Sword|BD=Crude Armour|A1=Crude Bracelet|A2=Crude Bracelet,,0,Rat,party wiped
54,12398,1,Normal,27,3,3,3,0,37,37,0,0,30,0,1,1,0,1,0,2,3,3,0,0,168,8,6,6,2,0,1,1,4,3,,,1,Rat,floor1_town;companion_join:Rat
54,12398,2,Normal,40,4,4,4,0,37,37,0,0,60,0,1,1,0,9,6,4,0,0,0,0,336,16,20,20,5,0,1,1,6,4,,,2,Rat|Rat|Rat,companion_join:Rat;companion_join:Rat
54,12398,3,Normal,13,1,1,0,0,37,0,0,0,0,0,1,1,5,3,3,0,0,0,0,0,191,37,6,0,0,1,0,0,12,4,RH=Crude Sword|LH=Crude Sword|BD=Crude Armour|A1=Crude Bracelet|A2=Crude Bracelet,,0,Rat|Rat|Rat,party wiped
55,12399,1,Normal,25,2,2,2,0,37,37,0,0,40,0,1,1,0,6,3,0,3,3,0,0,224,16,12,12,6,0,1,1,3,4,,,1,Rat,floor1_town;companion_join:Rat
55,12399,2,Normal,29,2,2,2,0,37,37,0,0,15,0,1,1,0,1,0,2,2,3,0,0,84,0,3,3,1.5,0,1,1,3,1,,,0,Rat,
55,12399,3,Normal,5,1,1,0,0,37,0,0,0,0,0,1,1,2,3,3,0,0,0,0,0,108,37,5,0,0,1,0,0,9,4,RH=Crude Sword|LH=Crude Sword|BD=Crude Armour|A1=Crude Bracelet|A2=Crude Bracelet,,0,Rat,party wiped
56,12400,1,Normal,39,5,5,5,0,37,37,0,0,55,0,1,1,0,5,0,1,3,3,0,0,308,8,13,13,2.6,0,1,1,6,1,,,3,Rat|Rat|Rat,floor1_town;companion_join:Rat;companion_join:Rat;companion_join:Rat
56,12400,2,Normal,26,5,5,5,0,37,45,0,2,65,0,1,2,0,4,3,1,2,3,2,0,364,42,14,14,2.8,0,1,1,7,1,,Swords_T1_03=2,1,Rat|Rat|Rat|Rat,companion_join:Rat; +1 levelup
56,12400,3,Normal,24,3,3,2,0,45,0,2,2,36,0,2,2,1,2,3,0,0,0,4,0,285,41,9,6,3,1,0,0,7,4,RH=Crude Sword|LH=Crude Sword|BD=Crude Armour|A1=Crude Bracelet|A2=Crude Bracelet,Swords_T1_03=4,1,Rat|Rat|Rat|Rat|Goblin,companion_join:Goblin; party wiped
57,12401,1,Normal,37,5,5,5,0,37,37,0,0,70,0,1,1,0,11,3,0,3,3,0,0,392,0,21,21,4.2,0,1,1,6,3,,,1,Rat,floor1_town;companion_join:Rat
57,12401,2,Normal,35,4,4,4,0,37,31,0,2,50,0,1,2,0,4,1,0,2,3,1,0,280,28,13,13,3.25,0,1,1,7,3,,Swords_T1_03=1,0,Rat,+1 levelup
57,12401,3,Normal,39,2,2,2,0,31,33,2,2,24,0,2,2,0,2,0,2,1,3,0,0,120,11,5,5,2.5,0,1,1,8,1,,,0,Rat,
57,12401,4,Normal,26,3,3,3,0,33,36,2,2,35,0,2,2,0,1,3,2,0,0,2,0,196,-5,10,10,3.333,0,1,1,8,3,,Swords_T1_03=2,1,Rat|Rat,companion_join:Rat
57,12401,5,Normal,33,4,4,4,0,36,36,2,2,50,0,2,2,1,3,0,1,0,3,2,0,280,14,11,11,2.75,0,1,1,9,4,,Swords_T1_03=2,2,Rat|Rat|Rat|Rat,companion_join:Rat;companion_join:Rat
57,12401,6,Normal,31,4,4,4,0,36,53,2,5,75,0,2,3,1,6,6,0,0,3,3,0,420,46,22,22,5.5,0,1,1,11,4,,Swords_T1_03=3,1,Rat|Rat|Rat|Rat|Rat,companion_join:Rat; +1 levelup
57,12401,7,Normal,25,2,2,2,0,53,40,5,5,20,0,3,3,0,0,1,0,0,2,0,0,112,13,5,5,2.5,0,1,1,11,3,,,0,Rat|Rat|Rat|Rat|Rat,
57,12401,8,Normal,1,1,1,0,0,40,0,5,5,0,0,3,3,0,3,3,0,0,0,2,0,72,51,4,0,0,1,0,0,17,3,RH=Crude Sword|LH=Crude Sword|BD=Crude Armour|A1=Crude Bracelet|A2=Crude Bracelet,Swords_T1_03=1|Swords_T1_04=1,0,Rat|Rat|Rat|Rat|Rat,party wiped
58,12402,1,Normal,35,2,2,2,0,37,37,0,0,15,0,1,1,0,0,0,1,3,3,0,0,84,0,3,3,1.5,0,1,1,3,2,,,2,Rat|Rat,floor1_town;companion_join:Rat;companion_join:Rat
58,12402,2,Normal,30,5,5,5,0,37,37,0,0,75,0,1,1,0,8,1,1,1,3,0,0,420,26,21,21,4.2,0,1,1,6,3,,,1,Rat|Rat|Rat,companion_join:Rat
58,12402,3,Normal,40,4,4,3,1,37,11,0,2,84,0,1,2,3,9,9,0,0,0,2,0,600,54,20,15,5,0,1,1,14,4,,Swords_T1_03=2,1,Rat|Rat|Rat|Goblin,companion_join:Goblin; +1 levelup; flee×1
58,12402,4,Normal,32,3,3,3,0,11,46,2,2,25,0,2,2,0,2,0,0,1,3,2,0,140,12,5,5,1.667,0,1,1,15,1,,Swords_T1_03=2,0,Rat|Rat|Rat|Goblin,
58,12402,5,Normal,26,2,2,2,0,46,45,2,2,15,0,2,2,0,0,0,0,1,3,1,0,84,0,3,3,1.5,0,1,1,15,2,,Swords_T1_03=1,0,Rat|Rat|Rat|Goblin,
58,12402,6,Normal,38,4,4,3,1,45,46,2,2,60,0,2,2,0,4,3,0,0,3,2,0,364,35,13,12,4,0,1,1,16,4,,Swords_T1_03=2,2,Rat|Rat|Rat|Goblin|Rat|Rat,companion_join:Rat;companion_join:Rat; flee×1
58,12402,7,Normal,36,3,3,2,1,46,45,2,2,25,0,2,2,0,0,3,0,3,3,2,0,196,50,7,5,2.5,0,1,1,17,1,,Swords_T1_03=2,0,Rat|Rat|Rat|Goblin|Rat|Rat,flee×1
58,12402,8,Normal,3,1,1,0,0,45,0,2,2,0,0,2,2,0,0,0,0,3,3,1,0,68,45,1,0,0,1,0,0,23,3,RH=Crude Sword|LH=Crude Sword|BD=Crude Armour|A1=Crude Bracelet|A2=Crude Bracelet,Swords_T1_03=1,0,Rat|Rat|Rat|Goblin|Rat|Rat,party wiped
59,12403,1,Normal,33,1,1,1,0,37,37,0,0,10,0,1,1,0,0,0,2,3,3,0,0,56,8,2,2,2,0,1,1,2,2,,,0,-,floor1_town
59,12403,2,Normal,7,2,2,1,0,37,0,0,0,20,0,1,1,2,3,3,0,0,0,0,0,221,37,12,6,6,1,0,0,2,4,RH=Crude Sword|LH=Crude Sword|BD=Crude Armour|A1=Crude Bracelet|A2=Crude Bracelet,,1,Rat,companion_join:Rat; party wiped
60,12404,1,Normal,31,3,3,3,0,37,37,0,0,35,0,1,1,0,3,0,1,3,3,0,0,196,8,8,8,2.667,0,1,1,4,2,,,2,Rat|Rat,floor1_town;companion_join:Rat;companion_join:Rat
60,12404,2,Normal,27,4,4,4,0,37,21,0,0,55,0,1,1,2,3,3,1,0,0,0,0,308,16,13,13,3.25,0,1,1,4,4,,,1,Rat|Rat|Rat,companion_join:Rat
60,12404,3,Normal,29,3,3,2,0,21,0,0,3,36,0,1,2,3,3,3,0,0,0,2,0,318,44,10,6,3,1,0,0,10,4,RH=Crude Sword|LH=Crude Sword|BD=Crude Armour|A1=Crude Bracelet|A2=Crude Bracelet,Swords_T1_03=2,1,Rat|Rat|Rat|Goblin,companion_join:Goblin; party wiped; +1 levelup
61,12405,1,Normal,29,3,3,3,0,37,37,0,0,45,0,1,1,0,6,1,2,3,3,0,0,252,16,14,14,4.667,0,1,1,4,4,,,2,Rat|Rat,floor1_town;companion_join:Rat;companion_join:Rat
61,12405,2,Normal,29,3,3,3,0,37,29,0,0,45,0,1,1,0,4,2,2,0,1,0,0,252,16,10,10,3.333,0,1,1,5,2,,,0,Rat|Rat,
61,12405,3,Normal,27,3,3,3,0,29,9,0,2,72,0,1,2,4,3,3,0,0,0,2,0,360,33,11,11,3.667,0,1,1,11,4,,Swords_T1_03=2,0,Rat|Rat,+1 levelup
61,12405,4,Normal,27,4,4,4,0,9,44,2,2,55,0,2,2,0,4,3,0,2,3,2,0,308,50,14,14,3.5,0,1,1,13,2,,Swords_T1_03=2,2,Rat|Rat|Rat|Rat,companion_join:Rat;companion_join:Rat
61,12405,5,Normal,32,5,5,5,0,44,43,2,2,45,0,2,2,0,2,1,0,0,2,3,0,252,-2,10,10,2,0,1,1,13,1,,Swords_T1_03=3,1,Rat|Rat|Rat|Rat|Rat,companion_join:Rat
61,12405,6,Normal,14,2,2,1,0,43,0,2,2,5,0,2,2,0,0,2,0,0,0,1,0,109,42,7,1,1,1,0,0,13,4,RH=Crude Sword|LH=Crude Sword|BD=Crude Armour|A1=Crude Bracelet|A2=Crude Bracelet,Swords_T1_03=1,0,Rat|Rat|Rat|Rat|Rat,party wiped
62,12406,1,Normal,27,4,4,4,0,37,37,0,0,50,0,1,1,1,3,0,0,3,3,0,0,280,16,14,14,3.5,0,1,1,5,3,,,1,Rat,floor1_town;companion_join:Rat
62,12406,2,Normal,28,2,2,2,0,37,37,0,0,15,0,1,1,0,1,0,0,2,3,0,0,84,0,3,3,1.5,0,1,1,5,1,,,1,Rat|Rat,companion_join:Rat
62,12406,3,Normal,9,1,1,0,0,37,0,0,0,0,0,1,1,1,3,3,1,0,0,0,0,130,37,4,0,0,1,0,0,11,3,RH=Crude Sword|LH=Crude Sword|BD=Crude Armour|A1=Crude Bracelet|A2=Crude Bracelet,,0,Rat|Rat,party wiped
63,12407,1,Normal,25,3,3,3,0,37,37,0,0,45,0,1,1,0,6,2,2,3,3,0,0,252,14,15,15,5,0,1,1,4,4,,,2,Rat|Rat,floor1_town;companion_join:Rat;companion_join:Rat
63,12407,2,Normal,28,2,2,2,0,37,37,0,0,20,0,1,1,0,2,0,3,1,3,0,0,112,0,5,5,2.5,0,1,1,4,3,,,1,Rat|Rat|Rat,companion_join:Rat
63,12407,3,Normal,30,2,2,2,0,37,45,0,3,36,0,1,2,2,3,3,1,3,3,0,0,180,21,11,11,5.5,0,1,1,16,1,,,0,Rat|Rat|Rat,+1 levelup
63,12407,4,Normal,26,5,5,4,0,45,0,3,3,55,0,2,2,1,3,3,0,0,0,4,0,364,41,17,15,3.75,1,0,0,16,4,RH=Crude Sword|LH=Crude Sword|BD=Crude Armour|A1=Crude Bracelet|A2=Crude Bracelet,Swords_T1_03=4,1,Rat|Rat|Rat|Rat,companion_join:Rat; party wiped
64,12408,1,Normal,39,4,4,4,0,37,37,0,0,70,0,1,1,0,8,5,0,3,3,0,0,392,16,20,20,5,0,1,1,5,3,,,1,Rat,floor1_town;companion_join:Rat
64,12408,2,Normal,30,4,4,4,0,37,46,0,3,30,0,1,2,0,0,0,1,3,3,0,0,168,16,6,6,1.5,0,1,1,7,1,,,2,Rat|Rat|Rat,companion_join:Rat;companion_join:Rat; +1 levelup
64,12408,3,Normal,15,2,2,1,0,46,0,3,3,36,0,2,2,2,3,3,0,0,0,1,0,215,45,8,6,6,1,0,0,7,3,RH=Crude Sword|LH=Crude Sword|BD=Crude Armour|A1=Crude Bracelet|A2=Crude Bracelet,Swords_T1_03=1,0,Rat|Rat|Rat,party wiped
65,12409,1,Normal,37,6,6,6,0,37,37,0,0,90,0,1,1,0,11,1,2,3,3,0,0,504,26,21,21,3.5,0,1,1,7,2,,,2,Rat|Rat,floor1_town;companion_join:Rat;companion_join:Rat
65,12409,2,Normal,38,2,2,2,0,37,37,0,3,30,0,1,2,0,3,1,2,0,2,0,0,168,8,8,8,4,0,1,1,7,2,,,0,Rat|Rat,+1 levelup
65,12409,3,Normal,18,3,3,2,0,37,0,3,3,48,0,2,2,4,3,3,0,0,0,1,0,310,44,12,10,5,1,0,0,8,4,RH=Crude Sword|LH=Crude Sword|BD=Crude Armour|A1=Crude Bracelet|A2=Crude Bracelet,Swords_T1_03=1,1,Rat|Rat|Goblin,companion_join:Goblin; party wiped
66,12410,1,Normal,28,6,6,5,0,37,0,0,0,55,0,1,1,0,9,4,0,0,0,0,0,417,45,22,15,3,1,0,0,6,4,RH=Crude Sword|LH=Crude Sword|BD=Crude Armour|A1=Crude Bracelet|A2=Crude Bracelet,,2,Rat|Rat,floor1_town;companion_join:Rat;companion_join:Rat; party wiped
67,12411,1,Normal,33,4,4,4,0,37,37,0,0,50,0,1,1,0,4,3,1,3,3,0,0,280,42,15,15,3.75,0,1,1,5,4,,,1,Rat,floor1_town;companion_join:Rat
67,12411,2,Normal,30,3,3,3,0,37,44,0,1,50,0,1,2,1,3,3,0,0,0,0,0,280,34,13,13,4.333,0,1,1,5,4,,,1,Rat|Rat,companion_join:Rat; +1 levelup
67,12411,3,Normal,20,3,3,2,0,44,0,1,1,60,0,2,2,2,6,6,0,0,0,2,0,421,73,13,9,4.5,1,0,0,7,3,RH=Crude Sword|LH=Crude Sword|BD=Crude Armour|A1=Crude Bracelet|A2=Crude Bracelet,Swords_T1_03=2,0,Rat|Rat,party wiped
68,12412,1,Normal,31,3,3,3,0,37,37,0,0,25,0,1,1,0,2,0,0,3,3,0,0,140,6,6,6,2,0,1,1,4,1,,,1,Rat,floor1_town;companion_join:Rat
68,12412,2,Normal,35,2,2,2,0,37,37,0,0,15,0,1,1,0,1,0,2,2,3,0,0,84,0,3,3,1.5,0,1,1,4,1,,,0,Rat,
68,12412,3,Normal,31,3,3,3,0,37,44,0,1,72,0,1,2,4,6,4,0,0,2,1,0,360,30,20,20,6.667,0,1,1,16,1,,Swords_T1_03=1,0,Rat,+1 levelup
68,12412,4,Normal,33,2,2,2,0,44,45,1,1,25,0,2,2,0,0,2,0,0,0,2,0,140,-3,5,5,2.5,0,1,1,16,3,,Swords_T1_03=2,2,Rat|Rat|Rat,companion_join:Rat;companion_join:Rat
68,12412,5,Normal,3,1,1,0,0,45,0,1,1,0,0,2,2,0,0,0,0,0,0,1,0,53,44,2,0,0,1,0,0,16,4,RH=Crude Sword|LH=Crude Sword|BD=Crude Armour|A1=Crude Bracelet|A2=Crude Bracelet,Swords_T1_03=1,0,Rat|Rat|Rat,party wiped
69,12413,1,Normal,29,4,4,4,0,37,37,0,0,65,0,1,1,0,9,3,1,3,3,0,0,364,8,17,17,4.25,0,1,1,5,2,,,1,Rat,floor1_town;companion_join:Rat
69,12413,2,Normal,28,4,4,4,0,37,44,0,3,50,0,1,2,1,5,3,0,1,3,2,0,280,28,14,14,3.5,0,1,1,6,1,,Swords_T1_03=2,1,Rat|Rat,companion_join:Rat; +1 levelup
69,12413,3,Normal,13,1,1,0,0,44,0,3,3,0,0,2,2,1,1,3,1,0,0,0,0,90,44,4,0,0,1,0,0,6,3,RH=Crude Sword|LH=Crude Sword|BD=Crude Armour|A1=Crude Bracelet|A2=Crude Bracelet,,0,Rat|Rat,party wiped
70,12414,1,Normal,27,2,2,2,0,37,37,0,0,25,0,1,1,0,2,0,2,3,3,0,0,140,8,6,6,3,0,1,1,3,3,,,0,-,floor1_town
70,12414,2,Normal,36,4,4,4,0,37,29,0,0,60,0,1,1,1,3,3,1,0,0,0,0,336,8,15,15,3.75,0,1,1,3,3,,,2,Rat|Rat,companion_join:Rat;companion_join:Rat
70,12414,3,Normal,1,1,1,0,0,29,0,0,0,0,0,1,1,2,3,3,0,0,0,0,0,123,37,5,0,0,1,0,0,9,4,RH=Crude Sword|LH=Crude Sword|BD=Crude Armour|A1=Crude Bracelet|A2=Crude Bracelet,,0,Rat|Rat,party wiped
71,12415,1,Normal,25,3,3,3,0,37,37,0,0,30,0,1,1,0,3,1,1,3,3,0,0,168,16,10,10,3.333,0,1,1,4,3,,,1,Rat,floor1_town;companion_join:Rat
71,12415,2,Normal,29,4,4,4,0,37,37,0,0,40,0,1,1,2,3,3,0,0,0,0,0,224,0,14,14,3.5,0,1,1,4,3,,,1,Rat|Rat,companion_join:Rat
71,12415,3,Normal,26,2,2,2,0,37,45,0,2,48,0,1,2,0,6,0,2,0,3,0,0,240,0,8,8,4,0,1,1,16,2,,,1,Rat|Rat|Goblin,companion_join:Goblin; +1 levelup
71,12415,4,Normal,32,4,4,4,0,45,32,2,2,60,0,2,2,0,3,5,2,0,1,3,0,336,31,15,15,3.75,0,1,1,17,4,,Swords_T1_03=3,1,Rat|Rat|Goblin|Rat,companion_join:Rat
71,12415,5,Normal,39,5,5,5,0,32,36,2,2,75,0,2,2,0,3,3,2,3,3,3,0,420,44,17,17,3.4,0,1,1,19,3,,Swords_T1_03=3,2,Rat|Rat|Goblin|Rat|Rat|Rat,companion_join:Rat;companion_join:Rat
71,12415,6,Normal,31,1,1,1,0,36,36,2,2,15,0,2,2,0,1,0,2,2,3,1,0,84,-1,3,3,3,0,1,1,19,3,,Swords_T1_03=1,0,Rat|Rat|Goblin|Rat|Rat|Rat,
71,12415,7,Normal,36,5,5,5,0,36,52,2,4,40,0,2,3,0,2,0,2,0,3,3,0,224,-10,8,8,1.6,0,1,1,19,1,,Swords_T1_03=3,4,Rat|Rat|Goblin|Rat|Rat|Rat|Rat|Rat|Rat|Rat,companion_join:Rat;companion_join:Rat;companion_join:Rat;companion_join:Rat; +1 levelup
71,12415,8,Normal,22,3,3,2,0,52,0,4,4,120,0,3,3,2,9,6,0,0,0,4,0,420,50,14,11,5.5,1,0,0,37,4,RH=Crude Sword|LH=Crude Sword|BD=Crude Armour|A1=Crude Bracelet|A2=Crude Bracelet,Swords_T1_03=2|Swords_T1_04=2,0,Rat|Rat|Goblin|Rat|Rat|Rat|Rat|Rat|Rat|Rat,party wiped
72,12416,1,Normal,38,2,2,2,0,37,37,0,0,15,0,1,1,0,0,0,2,3,3,0,0,84,8,3,3,1.5,0,1,1,3,2,,,1,Rat,floor1_town;companion_join:Rat
72,12416,2,Normal,37,7,7,7,0,37,46,0,2,90,0,1,2,0,8,0,3,0,3,0,0,504,32,23,23,3.286,0,1,1,7,3,,,2,Rat|Rat|Rat,companion_join:Rat;companion_join:Rat; +1 levelup
72,12416,3,Normal,28,2,2,1,0,46,0,2,2,36,0,2,2,5,3,6,0,0,0,0,0,275,60,14,8,8,1,0,0,8,3,RH=Crude Sword|LH=Crude Sword|BD=Crude Armour|A1=Crude Bracelet|A2=Crude Bracelet,,0,Rat|Rat|Rat,party wiped
73,12417,1,Normal,36,5,5,5,0,37,37,0,0,65,0,1,1,0,8,1,0,3,3,0,0,364,16,17,17,3.4,0,1,1,6,3,,,2,Rat|Rat,floor1_town;companion_join:Rat;companion_join:Rat
73,12417,2,Normal,31,3,3,3,0,37,37,0,0,25,0,1,1,0,0,0,2,3,3,0,0,140,8,6,6,2,0,1,1,7,2,,,0,Rat|Rat,
73,12417,3,Normal,32,3,3,3,0,37,44,0,2,48,0,1,2,0,3,3,4,0,0,1,0,240,-1,8,8,2.667,0,1,1,13,1,,Swords_T1_03=1,1,Rat|Rat|Goblin,companion_join:Goblin; +1 levelup
73,12417,4,Normal,28,4,4,4,0,44,44,2,2,45,0,2,2,2,0,0,2,3,3,3,0,252,23,11,11,2.75,0,1,1,14,1,,Swords_T1_03=3,1,Rat|Rat|Goblin|Rat,companion_join:Rat
73,12417,5,Normal,39,5,5,5,0,44,44,2,2,45,0,2,2,0,3,1,2,0,2,2,0,252,-2,14,14,2.8,0,1,1,14,2,,Swords_T1_03=2,2,Rat|Rat|Goblin|Rat|Rat|Rat,companion_join:Rat;companion_join:Rat
73,12417,6,Normal,32,5,5,5,0,44,44,2,2,70,0,2,2,2,6,6,0,0,2,5,0,392,52,28,28,5.6,0,1,1,16,4,,Swords_T1_03=5,2,Rat|Rat|Goblin|Rat|Rat|Rat|Rat|Rat,companion_join:Rat;companion_join:Rat
73,12417,7,Normal,40,4,4,3,1,44,46,2,4,30,0,2,3,0,0,2,0,3,3,1,0,196,47,10,9,3,0,1,1,17,2,,Swords_T1_03=1,1,Rat|Rat|Goblin|Rat|Rat|Rat|Rat|Rat|Rat,companion_join:Rat; +1 levelup; flee×1
73,12417,8,Normal,9,1,1,0,0,46,0,4,4,0,0,3,3,0,3,3,0,0,0,1,0,118,51,3,0,0,1,0,0,23,2,RH=Crude Sword|LH=Crude Sword|BD=Crude Armour|A1=Crude Bracelet|A2=Crude Bracelet,Swords_T1_03=1,0,Rat|Rat|Goblin|Rat|Rat|Rat|Rat|Rat|Rat,party wiped
74,12418,1,Normal,34,5,5,5,0,37,37,0,0,80,0,1,1,0,14,5,2,3,3,0,0,448,16,27,27,5.4,0,1,1,6,3,,,1,Rat,floor1_town;companion_join:Rat
74,12418,2,Normal,38,6,6,6,0,37,44,0,3,90,0,1,2,1,7,6,1,2,3,3,0,504,41,25,25,4.167,0,1,1,8,2,,Swords_T1_03=3,2,Rat|Rat|Rat,companion_join:Rat;companion_join:Rat; +1 levelup
74,12418,3,Normal,23,2,2,1,0,44,0,3,3,24,0,2,2,3,2,3,0,0,0,2,0,296,42,8,3,3,1,0,0,8,4,RH=Crude Sword|LH=Crude Sword|BD=Crude Armour|A1=Crude Bracelet|A2=Crude Bracelet,Swords_T1_03=2,1,Rat|Rat|Rat|Goblin,companion_join:Goblin; party wiped
75,12419,1,Normal,32,2,2,2,0,37,37,0,0,30,0,1,1,0,4,1,0,3,3,0,0,168,8,9,9,4.5,0,1,1,3,2,,,0,-,floor1_town
75,12419,2,Normal,34,3,3,3,0,37,37,0,0,40,0,1,1,0,5,1,2,1,3,0,0,224,8,10,10,3.333,0,1,1,4,1,,,1,Rat,companion_join:Rat
75,12419,3,Normal,7,1,1,0,0,37,0,0,0,0,0,1,1,2,3,3,2,0,0,0,0,123,37,4,0,0,1,0,0,10,4,RH=Crude Sword|LH=Crude Sword|BD=Crude Armour|A1=Crude Bracelet|A2=Crude Bracelet,,0,Rat,party wiped
76,12420,1,Normal,30,3,3,3,0,37,37,0,0,40,0,1,1,1,5,3,0,3,3,0,0,224,24,13,13,4.333,0,1,1,4,4,,,1,Rat,floor1_town;companion_join:Rat
76,12420,2,Normal,30,3,3,3,0,37,37,0,0,35,0,1,1,0,3,2,1,0,1,0,0,196,8,10,10,3.333,0,1,1,5,2,,,1,Rat|Rat,companion_join:Rat
76,12420,3,Normal,26,2,2,1,0,37,0,0,2,36,0,1,2,1,3,3,0,0,0,0,0,273,49,9,7,7,1,0,0,11,2,RH=Crude Sword|LH=Crude Sword|BD=Crude Armour|A1=Crude Bracelet|A2=Crude Bracelet,,0,Rat|Rat,party wiped; +1 levelup
77,12421,1,Normal,28,3,3,3,0,37,37,0,0,45,0,1,1,0,6,3,0,3,3,0,0,252,16,14,14,4.667,0,1,1,4,4,,,1,Rat,floor1_town;companion_join:Rat
77,12421,2,Normal,29,2,2,2,0,37,37,0,0,30,0,1,1,0,3,0,2,0,3,0,0,168,0,6,6,3,0,1,1,4,3,,,0,Rat,
77,12421,3,Normal,40,5,5,5,0,37,32,0,2,108,0,1,2,4,6,6,0,0,0,3,0,540,33,20,20,4,0,1,1,11,2,,Swords_T1_03=3,0,Rat,+1 levelup
77,12421,4,Normal,35,1,1,1,0,32,46,2,2,10,0,2,2,0,0,0,0,3,3,0,0,56,0,2,2,2,0,1,1,12,2,,,1,Rat|Rat,companion_join:Rat
77,12421,5,Normal,32,4,4,4,0,46,37,2,2,40,0,2,2,0,3,2,0,0,1,3,0,224,6,10,10,2.5,0,1,1,12,1,,Swords_T1_03=3,0,Rat|Rat,
77,12421,6,Normal,33,2,2,2,0,37,36,2,2,10,0,2,2,0,0,0,0,0,1,1,0,56,0,2,2,1,0,1,1,12,1,,Swords_T1_03=1,1,Rat|Rat|Rat,companion_join:Rat
77,12421,7,Normal,34,4,4,4,0,36,38,2,2,55,0,2,2,0,3,1,0,0,3,1,0,308,26,14,14,3.5,0,1,1,13,2,,Swords_T1_03=1,2,Rat|Rat|Rat|Rat|Rat,companion_join:Rat;companion_join:Rat
77,12421,8,Normal,4,1,1,0,0,38,0,2,2,0,0,2,2,0,3,1,0,0,2,0,0,63,46,2,0,0,1,0,0,19,4,RH=Crude Sword|LH=Crude Sword|BD=Crude Armour|A1=Crude Bracelet|A2=Crude Bracelet,,0,Rat|Rat|Rat|Rat|Rat,party wiped
78,12422,1,Normal,26,3,3,3,0,37,37,0,0,45,0,1,1,0,6,3,1,3,3,0,0,252,8,12,12,4,0,1,1,4,4,,,0,-,floor1_town
78,12422,2,Normal,37,5,5,5,0,37,37,0,0,50,0,1,1,0,4,0,3,1,3,0,0,280,16,12,12,2.4,0,1,1,6,3,,,2,Rat|Rat,companion_join:Rat;companion_join:Rat
78,12422,3,Normal,10,2,2,1,0,37,0,0,2,12,0,1,2,4,3,3,0,0,0,1,0,270,44,10,2,2,1,0,0,12,4,RH=Crude Sword|LH=Crude Sword|BD=Crude Armour|A1=Crude Bracelet|A2=Crude Bracelet,Swords_T1_03=1,0,Rat|Rat,party wiped; +1 levelup
79,12423,1,Normal,40,4,4,4,0,37,37,0,0,60,0,1,1,0,7,1,0,3,3,0,0,336,24,17,17,4.25,0,1,1,5,2,,,0,-,floor1_town
79,12423,2,Normal,33,7,7,6,1,37,5,0,2,60,0,1,2,0,3,3,0,0,0,3,0,364,38,17,15,2.5,0,1,1,5,4,,Swords_T1_03=3,2,Rat|Rat,companion_join:Rat;companion_join:Rat; +1 levelup; flee×1
79,12423,3,Normal,27,3,3,3,0,5,46,2,2,60,0,2,2,1,4,3,0,2,3,1,0,300,34,11,11,3.667,0,1,1,7,1,,Swords_T1_03=1,0,Rat|Rat,
79,12423,4,Normal,26,2,2,2,0,46,46,2,2,30,0,2,2,0,2,1,0,0,2,2,0,168,-2,6,6,3,0,1,1,7,4,,Swords_T1_03=2,1,Rat|Rat|Rat,companion_join:Rat
79,12423,5,Normal,25,3,3,3,0,46,40,2,2,35,0,2,2,0,1,2,0,2,3,1,0,196,24,9,9,3,0,1,1,8,3,,Swords_T1_03=1,0,Rat|Rat|Rat,
79,12423,6,Normal,32,3,3,2,1,40,12,2,2,25,0,2,2,0,2,3,0,0,0,2,0,196,26,10,7,3.5,0,1,1,8,3,,Swords_T1_03=2,0,Rat|Rat|Rat,flee×1
79,12423,7,Normal,25,3,3,3,0,12,44,2,4,35,0,2,3,0,3,0,0,0,3,4,0,196,15,8,8,2.667,0,1,1,9,1,,Swords_T1_03=3|Swords_T1_04=1,2,Rat|Rat|Rat|Rat|Rat,companion_join:Rat;companion_join:Rat; +1 levelup
79,12423,8,Normal,13,2,2,1,0,44,0,4,4,60,0,3,3,0,5,3,0,0,0,7,0,294,56,13,4,4,1,0,0,21,1,RH=Crude Sword|LH=Crude Sword|BD=Crude Armour|A1=Crude Bracelet|A2=Crude Bracelet,Swords_T1_03=2|Swords_T1_04=5,0,Rat|Rat|Rat|Rat|Rat,party wiped
80,12424,1,Normal,38,5,5,5,0,37,37,0,0,70,0,1,1,0,8,2,1,3,3,0,0,392,16,21,21,4.2,0,1,1,6,4,,,2,Rat|Rat,floor1_town;companion_join:Rat;companion_join:Rat
80,12424,2,Normal,25,5,5,5,0,37,44,0,2,75,0,1,2,2,5,3,1,1,3,3,0,420,19,20,20,4,0,1,1,7,4,,Swords_T1_03=3,0,Rat|Rat,+1 levelup
80,12424,3,Normal,18,3,3,2,0,44,0,2,2,48,0,2,2,1,4,6,0,0,0,2,0,386,72,10,7,3.5,1,0,0,8,4,RH=Crude Sword|LH=Crude Sword|BD=Crude Armour|A1=Crude Bracelet|A2=Crude Bracelet,Swords_T1_03=2,1,Rat|Rat|Goblin,companion_join:Goblin; party wiped
81,12425,1,Normal,36,5,5,5,0,37,37,0,0,40,0,1,1,0,3,3,2,3,3,0,0,224,8,11,11,2.2,0,1,1,6,4,,,3,Rat|Rat|Rat,floor1_town;companion_join:Rat;companion_join:Rat;companion_join:Rat
81,12425,2,Normal,40,5,5,5,0,37,45,0,3,70,0,1,2,0,8,1,4,0,2,1,0,392,32,20,20,4,0,1,1,9,1,,Swords_T1_03=1,2,Rat|Rat|Rat|Rat|Rat,companion_join:Rat;companion_join:Rat; +1 levelup
81,12425,3,Normal,2,1,1,0,0,45,0,3,3,0,0,2,2,4,0,2,0,0,0,2,0,123,43,6,0,0,1,0,0,9,3,RH=Crude Sword|LH=Crude Sword|BD=Crude Armour|A1=Crude Bracelet|A2=Crude Bracelet,Swords_T1_03=2,0,Rat|Rat|Rat|Rat|Rat,party wiped
82,12426,1,Normal,34,3,3,3,0,37,37,0,0,20,0,1,1,0,0,0,1,3,3,0,0,112,6,5,5,1.667,0,1,1,4,2,,,0,-,floor1_town
82,12426,2,Normal,32,4,4,4,0,37,37,0,0,45,0,1,1,0,3,2,1,0,1,0,0,252,0,10,10,2.5,0,1,1,4,1,,,3,Rat|Rat|Rat,companion_join:Rat;companion_join:Rat;companion_join:Rat
82,12426,3,Normal,9,2,2,1,0,37,0,0,0,24,0,1,1,3,5,3,0,0,0,0,0,339,37,11,4,4,1,0,0,16,4,RH=Crude Sword|LH=Crude Sword|BD=Crude Armour|A1=Crude Bracelet|A2=Crude Bracelet,,0,Rat|Rat|Rat,party wiped
83,12427,1,Normal,32,2,2,2,0,37,37,0,0,40,0,1,1,0,6,4,2,3,3,0,0,224,0,12,12,6,0,1,1,3,4,,,0,-,floor1_town
83,12427,2,Normal,26,4,4,4,0,37,37,0,0,55,0,1,1,0,5,0,3,0,3,0,0,308,16,13,13,3.25,0,1,1,5,4,,,2,Rat|Rat,companion_join:Rat;companion_join:Rat
83,12427,3,Normal,11,1,1,0,0,37,0,0,0,0,0,1,1,3,3,3,1,0,0,0,0,116,37,4,0,0,1,0,0,11,4,RH=Crude Sword|LH=Crude Sword|BD=Crude Armour|A1=Crude Bracelet|A2=Crude Bracelet,,0,Rat|Rat,party wiped
84,12428,1,Normal,30,4,4,4,0,37,37,0,0,35,0,1,1,0,2,0,0,3,3,0,0,196,16,8,8,2,0,1,1,5,1,,,1,Rat,floor1_town;companion_join:Rat
84,12428,2,Normal,25,4,4,4,0,37,37,0,0,40,0,1,1,0,3,1,2,0,2,0,0,224,0,11,11,2.75,0,1,1,5,3,,,0,Rat,
84,12428,3,Normal,9,1,1,0,0,37,0,0,0,0,0,1,1,0,3,3,2,0,0,0,0,95,37,3,0,0,1,0,0,11,4,RH=Crude Sword|LH=Crude Sword|BD=Crude Armour|A1=Crude Bracelet|A2=Crude Bracelet,,0,Rat,party wiped
85,12429,1,Normal,28,2,2,2,0,37,37,0,0,20,0,1,1,0,1,0,2,3,3,0,0,112,0,4,4,2,0,1,1,3,1,,,1,Rat,floor1_town;companion_join:Rat
85,12429,2,Normal,30,3,3,3,0,37,37,0,0,35,0,1,1,0,3,0,4,0,3,0,0,196,8,8,8,2.667,0,1,1,4,3,,,1,Rat|Rat,companion_join:Rat
85,12429,3,Normal,8,2,2,1,0,37,0,0,0,12,0,1,1,6,3,3,0,0,0,0,0,264,37,9,2,2,1,0,0,16,4,RH=Crude Sword|LH=Crude Sword|BD=Crude Armour|A1=Crude Bracelet|A2=Crude Bracelet,,0,Rat|Rat,party wiped
86,12430,1,Normal,26,1,1,1,0,37,37,0,0,20,0,1,1,0,3,3,0,3,3,0,0,112,16,7,7,7,0,1,1,2,4,,,1,Rat,floor1_town;companion_join:Rat
86,12430,2,Normal,30,5,5,5,0,37,29,0,0,55,0,1,1,0,3,0,2,3,3,0,0,308,32,13,13,2.6,0,1,1,5,2,,,1,Rat|Rat,companion_join:Rat
86,12430,3,Normal,32,2,2,2,0,29,44,0,2,36,0,1,2,0,3,2,2,0,1,0,0,180,0,7,7,3.5,0,1,1,17,2,,,1,Rat|Rat|Goblin,companion_join:Goblin; +1 levelup
86,12430,4,Normal,26,3,3,3,0,44,23,2,2,25,0,2,2,0,0,1,2,0,0,2,0,140,19,6,6,2,0,1,1,17,2,,Swords_T1_03=2,1,Rat|Rat|Goblin|Rat,companion_join:Rat
86,12430,5,Normal,34,3,3,3,0,23,44,2,2,40,0,2,2,2,3,3,0,0,0,4,0,224,10,13,13,4.333,0,1,1,18,4,,Swords_T1_03=4,0,Rat|Rat|Goblin|Rat,
86,12430,6,Normal,29,1,1,1,0,44,30,2,2,10,0,2,2,0,0,0,0,0,0,1,0,56,13,2,2,2,0,1,1,18,2,,Swords_T1_03=1,0,Rat|Rat|Goblin|Rat,
86,12430,7,Normal,33,6,6,5,1,30,43,2,2,60,0,2,2,0,5,3,0,3,3,6,0,392,46,18,15,3,0,1,1,21,1,,Swords_T1_03=6,0,Rat|Rat|Goblin|Rat,flee×1
86,12430,8,Normal,1,1,1,0,0,43,0,2,2,0,0,2,2,0,0,0,0,3,3,1,0,74,43,1,0,0,1,0,0,27,4,RH=Crude Sword|LH=Crude Sword|BD=Crude Armour|A1=Crude Bracelet|A2=Crude Bracelet,Swords_T1_03=1,0,Rat|Rat|Goblin|Rat,party wiped
87,12431,1,Normal,40,6,6,6,0,37,37,0,0,50,0,1,1,0,4,0,1,3,3,0,0,280,8,11,11,1.833,0,1,1,7,1,,,2,Rat|Rat,floor1_town;companion_join:Rat;companion_join:Rat
87,12431,2,Normal,35,4,4,4,0,37,46,0,3,55,0,1,2,0,3,2,3,0,1,0,0,308,8,13,13,3.25,0,1,1,7,1,,,1,Rat|Rat|Rat,companion_join:Rat; +1 levelup
87,12431,3,Normal,23,3,3,2,0,46,0,3,3,24,0,2,2,4,0,1,0,0,0,2,0,315,44,8,3,1.5,1,0,0,7,4,RH=Crude Sword|LH=Crude Sword|BD=Crude Armour|A1=Crude Bracelet|A2=Crude Bracelet,Swords_T1_03=2,0,Rat|Rat|Rat,party wiped
88,12432,1,Normal,38,3,3,3,0,37,37,0,0,40,0,1,1,0,5,3,0,3,3,0,0,224,30,15,15,5,0,1,1,4,3,,,1,Rat,floor1_town;companion_join:Rat
88,12432,2,Normal,29,4,4,4,0,37,37,0,0,35,0,1,1,0,3,2,1,0,1,0,0,196,0,8,8,2,0,1,1,4,1,,,1,Rat|Rat,companion_join:Rat
88,12432,3,Normal,1,1,1,0,0,37,0,0,0,0,0,1,1,1,3,3,0,0,0,0,0,95,37,3,0,0,1,0,0,10,4,RH=Crude Sword|LH=Crude Sword|BD=Crude Armour|A1=Crude Bracelet|A2=Crude Bracelet,,0,Rat|Rat,party wiped
89,12433,1,Normal,36,4,4,4,0,37,37,0,0,55,0,1,1,0,8,1,1,3,3,0,0,308,16,16,16,4,0,1,1,5,3,,,2,Rat|Rat,floor1_town;companion_join:Rat;companion_join:Rat
89,12433,2,Normal,37,4,4,4,0,37,46,0,2,55,0,1,2,0,6,4,2,0,1,0,0,308,14,16,16,4,0,1,1,7,4,,,2,Rat|Rat|Rat|Rat,companion_join:Rat;companion_join:Rat; +1 levelup
89,12433,3,Normal,10,2,2,1,0,46,0,2,2,12,0,2,2,2,0,1,0,0,0,1,0,208,45,6,2,2,1,0,0,7,4,RH=Crude Sword|LH=Crude Sword|BD=Crude Armour|A1=Crude Bracelet|A2=Crude Bracelet,Swords_T1_03=1,0,Rat|Rat|Rat|Rat,party wiped
90,12434,1,Normal,34,3,3,3,0,37,37,0,0,40,0,1,1,0,3,1,2,3,3,0,0,224,16,10,10,3.333,0,1,1,4,4,,,0,-,floor1_town
90,12434,2,Normal,39,3,3,3,0,37,29,0,0,50,0,1,1,0,6,0,3,2,3,0,0,280,24,12,12,4,0,1,1,6,3,,,0,-,
90,12434,3,Normal,34,2,2,2,0,29,43,0,1,24,0,1,2,0,1,0,3,2,3,1,0,120,0,4,4,2,0,1,1,12,1,,Swords_T1_03=1,0,-,+1 levelup
90,12434,4,Normal,27,0,0,0,0,43,43,1,1,0,0,2,2,0,0,0,3,2,3,0,0,0,0,0,0,0,0,1,1,12,0,,,0,-,
90,12434,5,Normal,25,4,4,4,0,43,44,1,1,45,0,2,2,0,3,0,3,1,3,3,0,252,9,9,9,2.25,0,1,1,13,3,,Swords_T1_03=3,1,Rat,companion_join:Rat
90,12434,6,Normal,33,4,4,4,0,44,44,1,1,30,0,2,2,0,1,0,3,0,3,1,0,168,-1,6,6,1.5,0,1,1,13,2,,Swords_T1_03=1,2,Rat|Rat|Rat,companion_join:Rat;companion_join:Rat
90,12434,7,Normal,33,4,4,4,0,44,33,1,1,50,0,2,2,0,0,3,3,0,0,4,0,280,7,14,14,3.5,0,1,1,13,3,,Swords_T1_03=4,1,Rat|Rat|Rat|Rat,companion_join:Rat
90,12434,8,Normal,5,1,1,0,0,33,0,1,1,0,0,2,2,1,0,0,2,3,3,0,0,41,44,1,0,0,1,0,0,19,2,RH=Crude Sword|LH=Crude Sword|BD=Crude Armour|A1=Crude Bracelet|A2=Crude Bracelet,,0,Rat|Rat|Rat|Rat,party wiped
91,12435,1,Normal,32,3,3,3,0,37,37,0,0,40,0,1,1,0,3,1,1,3,3,0,0,224,8,10,10,3.333,0,1,1,4,4,,,0,-,floor1_town
91,12435,2,Normal,28,1,1,1,0,37,29,0,0,20,0,1,1,0,3,2,2,0,1,0,0,112,8,6,6,6,0,1,1,4,4,,,0,-,
91,12435,3,Normal,20,3,3,2,0,29,0,0,0,36,0,1,1,4,7,5,0,0,0,0,0,322,37,14,8,4,1,0,0,22,4,RH=Crude Sword|LH=Crude Sword|BD=Crude Armour|A1=Crude Bracelet|A2=Crude Bracelet,,0,-,party wiped
92,12436,1,Normal,30,4,4,4,0,37,37,0,0,50,0,1,1,0,6,3,2,3,3,0,0,280,16,14,14,3.5,0,1,1,5,3,,,1,Rat,floor1_town;companion_join:Rat
92,12436,2,Normal,26,3,3,3,0,37,37,0,0,30,0,1,1,0,3,3,2,0,0,0,0,168,0,8,8,2.667,0,1,1,5,1,,,1,Rat|Rat,companion_join:Rat
92,12436,3,Normal,1,1,1,0,0,37,0,0,0,0,0,1,1,2,3,3,0,0,0,0,0,88,37,4,0,0,1,0,0,11,4,RH=Crude Sword|LH=Crude Sword|BD=Crude Armour|A1=Crude Bracelet|A2=Crude Bracelet,,0,Rat|Rat,party wiped
93,12437,1,Normal,28,2,2,2,0,37,37,0,0,25,0,1,1,0,3,2,1,3,3,0,0,140,0,7,7,3.5,0,1,1,3,1,,,0,-,floor1_town
93,12437,2,Normal,27,4,4,4,0,37,29,0,0,50,0,1,1,0,4,0,1,1,3,0,0,280,24,12,12,3,0,1,1,5,3,,,1,Rat,companion_join:Rat
93,12437,3,Normal,2,1,1,0,0,29,0,0,0,0,0,1,1,1,3,3,0,0,0,0,0,100,37,4,0,0,1,0,0,11,4,RH=Crude Sword|LH=Crude Sword|BD=Crude Armour|A1=Crude Bracelet|A2=Crude Bracelet,,0,Rat,party wiped
94,12438,1,Normal,26,3,3,3,0,37,37,0,0,35,0,1,1,0,3,0,2,3,3,0,0,196,16,8,8,2.667,0,1,1,4,4,,,0,-,floor1_town
94,12438,2,Normal,29,3,3,3,0,37,29,0,0,35,0,1,1,0,3,0,4,0,3,0,0,196,16,8,8,2.667,0,1,1,5,4,,,2,Rat|Rat,companion_join:Rat;companion_join:Rat
94,12438,3,Normal,36,1,1,1,0,29,46,0,3,48,0,1,2,5,3,3,0,0,0,0,0,240,31,10,10,10,0,1,1,11,4,,,0,Rat|Rat,+1 levelup
94,12438,4,Normal,33,4,4,4,0,46,45,3,3,60,0,2,2,0,3,3,0,0,0,3,0,336,31,15,15,3.75,0,1,1,12,2,,Swords_T1_03=3,2,Rat|Rat|Rat|Rat,companion_join:Rat;companion_join:Rat
94,12438,5,Normal,32,2,2,2,0,45,43,3,3,15,0,2,2,0,0,0,0,0,0,2,0,84,0,3,3,1.5,0,1,1,12,2,,Swords_T1_03=2,0,Rat|Rat|Rat|Rat,
94,12438,6,Normal,38,3,3,2,1,43,38,3,3,30,0,2,2,0,3,0,0,0,3,3,0,196,54,8,7,3.5,0,1,1,13,2,,Swords_T1_03=3,1,Rat|Rat|Rat|Rat|Rat,companion_join:Rat; flee×1
94,12438,7,Normal,32,3,3,3,0,38,37,3,3,25,0,2,2,0,0,1,0,0,2,2,0,140,-1,5,5,1.667,0,1,1,13,1,,Swords_T1_03=2,1,Rat|Rat|Rat|Rat|Rat|Rat,companion_join:Rat
94,12438,8,Normal,5,1,1,0,0,37,0,3,3,0,0,2,2,0,3,3,0,0,0,2,0,128,44,5,0,0,1,0,0,19,2,RH=Crude Sword|LH=Crude Sword|BD=Crude Armour|A1=Crude Bracelet|A2=Crude Bracelet,Swords_T1_03=2,0,Rat|Rat|Rat|Rat|Rat|Rat,party wiped
95,12439,1,Normal,40,4,4,4,0,37,37,0,0,70,0,1,1,0,9,1,0,3,3,0,0,392,0,18,18,4.5,0,1,1,5,4,,,1,Rat,floor1_town;companion_join:Rat
95,12439,2,Normal,31,4,4,4,0,37,45,0,3,60,0,1,2,0,6,4,0,3,3,0,0,336,30,17,17,4.25,0,1,1,7,2,,,0,Rat,+1 levelup
95,12439,3,Normal,4,1,1,0,0,45,0,3,3,0,0,2,2,1,3,3,0,0,0,0,0,88,45,4,0,0,1,0,0,7,4,RH=Crude Sword|LH=Crude Sword|BD=Crude Armour|A1=Crude Bracelet|A2=Crude Bracelet,,0,Rat,party wiped
96,12440,1,Normal,38,4,4,4,0,37,37,0,0,35,0,1,1,0,3,0,2,3,3,0,0,196,0,8,8,2,0,1,1,5,1,,,2,Rat|Rat,floor1_town;companion_join:Rat;companion_join:Rat
96,12440,2,Normal,32,3,3,3,0,37,37,0,0,40,0,1,1,0,3,1,4,0,2,0,0,224,8,10,10,3.333,0,1,1,6,4,,,0,Rat|Rat,
96,12440,3,Normal,34,4,4,4,0,37,31,0,2,108,0,1,2,2,6,6,2,0,0,2,0,540,40,18,18,4.5,0,1,1,13,2,,Swords_T1_03=2,0,Rat|Rat,+1 levelup
96,12440,4,Normal,40,3,3,3,0,31,45,2,2,40,0,2,2,0,3,1,2,0,2,3,0,224,-3,8,8,2.667,0,1,1,14,2,,Swords_T1_03=3,1,Rat|Rat|Rat,companion_join:Rat
96,12440,5,Normal,37,4,4,4,0,45,36,2,2,25,0,2,2,0,0,0,2,0,2,1,0,140,8,5,5,1.25,0,1,1,14,2,,Swords_T1_03=1,1,Rat|Rat|Rat|Rat,companion_join:Rat
96,12440,6,Normal,27,2,2,2,0,36,37,2,2,35,0,2,2,0,1,2,2,2,3,1,0,196,19,7,7,3.5,0,1,1,15,3,,Swords_T1_03=1,0,Rat|Rat|Rat|Rat,
96,12440,7,Normal,27,4,4,4,0,37,53,2,4,55,0,2,3,2,2,3,0,0,0,2,0,308,-9,12,12,3,0,1,1,15,4,,Swords_T1_03=2,1,Rat|Rat|Rat|Rat|Rat,companion_join:Rat; +1 levelup
96,12440,8,Normal,8,1,1,0,0,53,0,4,4,0,0,3,3,0,2,0,0,1,3,2,0,113,52,3,0,0,1,0,0,21,1,RH=Crude Sword|LH=Crude Sword|BD=Crude Armour|A1=Crude Bracelet|A2=Crude Bracelet,Swords_T1_03=1|Swords_T1_04=1,0,Rat|Rat|Rat|Rat|Rat,party wiped
97,12441,1,Normal,36,4,4,4,0,37,37,0,0,50,0,1,1,0,6,0,0,3,3,0,0,280,0,14,14,3.5,0,1,1,5,3,,,1,Rat,floor1_town;companion_join:Rat
97,12441,2,Normal,27,3,3,3,0,37,31,0,0,35,0,1,1,0,3,2,2,3,3,0,0,196,14,11,11,3.667,0,1,1,6,1,,,3,Rat|Rat|Rat|Rat,companion_join:Rat;companion_join:Rat;companion_join:Rat
97,12441,3,Normal,37,4,4,4,0,31,44,0,2,84,0,1,2,3,4,3,1,3,3,2,0,420,6,13,13,3.25,0,1,1,19,1,,Swords_T1_03=2,0,Rat|Rat|Rat|Rat,+1 levelup
97,12441,4,Normal,30,2,2,2,0,44,45,2,2,30,0,2,2,0,3,0,1,0,3,0,0,168,-1,6,6,3,0,1,1,19,3,,,2,Rat|Rat|Rat|Rat|Rat|Rat,companion_join:Rat;companion_join:Rat
97,12441,5,Normal,38,4,4,4,0,45,36,2,2,45,0,2,2,0,0,3,1,0,0,2,0,252,7,9,9,2.25,0,1,1,19,2,,Swords_T1_03=2,3,Rat|Rat|Rat|Rat|Rat|Rat|Rat|Rat|Rat,companion_join:Rat;companion_join:Rat;companion_join:Rat
97,12441,6,Normal,34,3,3,3,0,36,37,2,2,50,0,2,2,1,3,0,0,0,3,3,0,280,20,12,12,4,0,1,1,20,3,,Swords_T1_03=3,0,Rat|Rat|Rat|Rat|Rat|Rat|Rat|Rat|Rat,
97,12441,7,Normal,38,6,6,6,0,37,40,2,4,70,0,2,3,0,2,3,0,1,3,4,0,392,33,18,18,3,0,1,1,21,3,,Swords_T1_03=2|Swords_T1_04=2,1,Rat|Rat|Rat|Rat|Rat|Rat|Rat|Rat|Rat|Rat,companion_join:Rat; +1 levelup
97,12441,8,Normal,9,1,1,0,0,40,0,4,4,0,0,3,3,0,3,3,0,0,0,1,0,162,51,3,0,0,1,0,0,27,3,RH=Crude Sword|LH=Crude Sword|BD=Crude Armour|A1=Crude Bracelet|A2=Crude Bracelet,Swords_T1_03=1,0,Rat|Rat|Rat|Rat|Rat|Rat|Rat|Rat|Rat|Rat,party wiped
98,12442,1,Normal,34,5,5,5,0,37,37,0,0,70,0,1,1,0,9,6,1,3,3,0,0,392,29,18,18,3.6,0,1,1,6,4,,,1,Rat,floor1_town;companion_join:Rat
98,12442,2,Normal,35,3,3,3,0,37,37,0,0,20,0,1,1,0,1,0,3,2,3,0,0,112,0,4,4,1.333,0,1,1,6,1,,,1,Rat|Rat,companion_join:Rat
98,12442,3,Normal,37,4,4,4,0,37,43,0,2,48,0,1,2,0,3,0,5,0,3,2,0,240,-1,7,7,1.75,0,1,1,12,1,,Swords_T1_03=2,1,Rat|Rat|Goblin,companion_join:Goblin; +1 levelup
98,12442,4,Normal,33,4,4,4,0,43,35,2,2,45,0,2,2,1,0,3,4,0,0,2,0,252,6,10,10,2.5,0,1,1,12,1,,Swords_T1_03=2,0,Rat|Rat|Goblin,
98,12442,5,Normal,37,3,3,3,0,35,36,2,2,25,0,2,2,0,0,0,4,3,3,0,0,140,16,5,5,1.667,0,1,1,13,1,,,1,Rat|Rat|Goblin|Rat,companion_join:Rat
98,12442,6,Normal,35,5,5,5,0,36,36,2,2,45,0,2,2,0,2,0,4,1,3,2,0,252,-2,10,10,2,0,1,1,13,1,,Swords_T1_03=2,1,Rat|Rat|Goblin|Rat|Rat,companion_join:Rat
98,12442,7,Normal,27,3,3,3,0,36,53,2,5,50,0,2,3,1,1,3,3,0,0,2,0,280,12,11,11,3.667,0,1,1,13,2,,Swords_T1_03=2,0,Rat|Rat|Goblin|Rat|Rat,+1 levelup
98,12442,8,Normal,6,1,1,0,0,53,0,5,5,0,0,3,3,3,3,3,0,0,0,1,0,103,53,5,0,0,1,0,0,19,2,RH=Crude Sword|LH=Crude Sword|BD=Crude Armour|A1=Crude Bracelet|A2=Crude Bracelet,Swords_T1_04=1,0,Rat|Rat|Goblin|Rat|Rat,party wiped
99,12443,1,Normal,32,3,3,3,0,37,37,0,0,40,0,1,1,0,4,0,0,3,3,0,0,224,8,10,10,3.333,0,1,1,4,4,,,0,-,floor1_town
99,12443,2,Normal,36,3,3,3,0,37,21,0,0,50,0,1,1,1,3,3,0,0,0,0,0,280,16,13,13,4.333,0,1,1,4,2,,,0,-,
99,12443,3,Normal,3,1,1,0,0,21,0,0,0,0,0,1,1,2,3,3,0,0,0,0,0,151,37,7,0,0,1,0,0,10,3,RH=Crude Sword|LH=Crude Sword|BD=Crude Armour|A1=Crude Bracelet|A2=Crude Bracelet,,0,-,party wiped
100,12444,1,Normal,30,3,3,3,0,37,37,0,0,25,0,1,1,0,1,0,1,3,3,0,0,140,6,6,6,2,0,1,1,4,1,,,0,-,floor1_town
100,12444,2,Normal,33,1,1,1,0,37,37,0,0,5,0,1,1,0,0,0,1,3,3,0,0,28,0,1,1,1,0,1,1,4,1,,,0,-,
100,12444,3,Normal,35,2,2,2,0,37,37,0,0,48,0,1,1,3,3,3,0,3,3,0,0,240,21,11,11,5.5,0,1,1,16,1,,,0,-,
100,12444,4,Normal,40,4,4,4,0,37,45,0,3,30,0,1,2,0,0,0,0,3,3,0,0,168,16,6,6,1.5,0,1,1,18,1,,,1,Rat,companion_join:Rat; +1 levelup
100,12444,5,Normal,30,4,4,4,0,45,45,3,3,40,0,2,2,0,3,0,0,0,3,1,0,224,-1,8,8,2,0,1,1,18,4,,Swords_T1_03=1,1,Rat|Rat,companion_join:Rat
100,12444,6,Normal,31,2,2,2,0,45,24,3,3,25,0,2,2,0,0,3,0,0,0,1,0,140,20,8,8,4,0,1,1,18,2,,Swords_T1_03=1,0,Rat|Rat,
100,12444,7,Normal,38,6,6,6,0,24,32,3,3,90,0,2,2,0,6,5,0,0,1,5,0,504,51,25,25,4.167,0,1,1,20,2,,Swords_T1_03=5,2,Rat|Rat|Rat|Rat,companion_join:Rat;companion_join:Rat
100,12444,8,Normal,16,2,2,1,0,32,0,3,6,60,0,2,3,0,4,0,0,1,3,3,0,180,58,4,3,3,1,0,0,32,3,RH=Crude Sword|LH=Crude Sword|BD=Crude Armour|A1=Crude Bracelet|A2=Crude Bracelet,Swords_T1_03=3,0,Rat|Rat|Rat|Rat,party wiped; +1 levelup
101,12445,1,Normal,28,3,3,3,0,37,37,0,0,40,0,1,1,0,6,3,2,3,3,0,0,224,0,12,12,4,0,1,1,4,3,,,1,Rat,floor1_town;companion_join:Rat
101,12445,2,Normal,32,3,3,3,0,37,37,0,0,50,0,1,1,0,6,3,4,3,3,0,0,280,16,14,14,4.667,0,1,1,6,2,,,1,Rat|Rat,companion_join:Rat
101,12445,3,Normal,40,3,3,3,0,37,27,0,2,72,0,1,2,2,3,3,3,0,0,2,0,360,15,11,11,3.667,0,1,1,12,2,,Swords_T1_03=2,1,Rat|Rat|Goblin,companion_join:Goblin; +1 levelup
101,12445,4,Normal,38,7,7,7,0,27,44,2,2,65,0,2,2,0,3,1,3,0,2,4,0,364,-4,15,15,2.143,0,1,1,13,3,,Swords_T1_03=4,2,Rat|Rat|Goblin|Rat|Rat,companion_join:Rat;companion_join:Rat
101,12445,5,Normal,30,3,3,3,0,44,44,2,2,40,0,2,2,3,0,2,0,0,0,2,0,224,-2,12,12,4,0,1,1,13,3,,Swords_T1_03=2,0,Rat|Rat|Goblin|Rat|Rat,
101,12445,6,Normal,3,1,1,0,0,44,0,2,2,0,0,2,2,0,0,0,0,0,0,1,0,111,43,5,0,0,1,0,0,13,4,RH=Crude Sword|LH=Crude Sword|BD=Crude Armour|A1=Crude Bracelet|A2=Crude Bracelet,Swords_T1_03=1,0,Rat|Rat|Goblin|Rat|Rat,party wiped
102,12446,1,Normal,26,3,3,3,0,37,37,0,0,25,0,1,1,0,1,0,1,3,3,0,0,140,0,5,5,1.667,0,1,1,4,1,,,2,Rat|Rat,floor1_town;companion_join:Rat;companion_join:Rat
102,12446,2,Normal,31,4,4,4,0,37,29,0,0,55,0,1,1,0,6,2,3,0,3,0,0,308,16,14,14,3.5,0,1,1,5,4,,,1,Rat|Rat|Rat,companion_join:Rat
102,12446,3,Normal,28,3,3,3,0,29,44,0,2,60,0,1,2,2,3,3,2,0,0,0,0,300,0,11,11,3.667,0,1,1,17,3,,,0,Rat|Rat|Rat,+1 levelup
102,12446,4,Normal,32,4,4,4,0,44,44,2,2,55,0,2,2,1,3,1,1,0,2,0,0,308,20,15,15,3.75,0,1,1,18,3,,,2,Rat|Rat|Rat|Rat|Rat,companion_join:Rat;companion_join:Rat
102,12446,5,Normal,34,5,5,5,0,44,44,2,2,50,0,2,2,1,0,2,0,3,3,4,0,280,8,14,14,2.8,0,1,1,19,1,,Swords_T1_03=4,2,Rat|Rat|Rat|Rat|Rat|Rat|Rat,companion_join:Rat;companion_join:Rat
102,12446,6,Normal,32,4,4,4,0,44,36,2,2,50,0,2,2,0,3,3,0,3,3,2,0,280,20,13,13,3.25,0,1,1,20,2,,Swords_T1_03=2,0,Rat|Rat|Rat|Rat|Rat|Rat|Rat,
102,12446,7,Normal,28,2,2,2,0,36,45,2,4,30,0,2,3,0,3,3,0,0,0,3,0,168,-2,8,8,4,0,1,1,20,4,,Swords_T1_03=2|Swords_T1_04=1,1,Rat|Rat|Rat|Rat|Rat|Rat|Rat|Rat,companion_join:Rat; +1 levelup
102,12446,8,Normal,4,1,1,0,0,45,0,4,4,0,0,3,3,0,3,1,0,0,2,0,0,120,53,3,0,0,1,0,0,26,2,RH=Crude Sword|LH=Crude Sword|BD=Crude Armour|A1=Crude Bracelet|A2=Crude Bracelet,,0,Rat|Rat|Rat|Rat|Rat|Rat|Rat|Rat,party wiped
103,12447,1,Normal,40,4,4,4,0,37,37,0,0,55,0,1,1,1,6,4,1,3,3,0,0,308,8,16,16,4,0,1,1,5,1,,,0,-,floor1_town
103,12447,2,Normal,37,3,3,3,0,37,37,0,0,40,0,1,1,0,4,1,2,2,3,0,0,224,8,9,9,3,0,1,1,6,2,,,1,Rat,companion_join:Rat
103,12447,3,Normal,5,1,1,0,0,37,0,0,0,0,0,1,1,1,3,3,1,0,0,0,0,144,37,5,0,0,1,0,0,12,3,RH=Crude Sword|LH=Crude Sword|BD=Crude Armour|A1=Crude Bracelet|A2=Crude Bracelet,,0,Rat,party wiped
104,12448,1,Normal,38,3,3,3,0,37,37,0,0,40,0,1,1,0,3,2,0,3,3,0,0,224,16,10,10,3.333,0,1,1,4,4,,,2,Rat|Rat,floor1_town;companion_join:Rat;companion_join:Rat
104,12448,2,Normal,27,3,3,3,0,37,29,0,0,20,0,1,1,0,0,0,0,3,3,0,0,112,8,4,4,1.333,0,1,1,4,2,,,1,Rat|Rat|Rat,companion_join:Rat
104,12448,3,Normal,1,1,1,0,0,29,0,0,0,0,0,1,1,0,3,3,0,0,0,0,0,98,37,3,0,0,1,0,0,10,4,RH=Crude Sword|LH=Crude Sword|BD=Crude Armour|A1=Crude Bracelet|A2=Crude Bracelet,,0,Rat|Rat|Rat,party wiped
105,12449,1,Normal,36,5,5,5,0,37,37,0,0,75,0,1,1,0,10,4,2,3,3,0,0,420,16,23,23,4.6,0,1,1,6,2,,,0,-,floor1_town
105,12449,2,Normal,34,3,3,3,0,37,44,0,2,40,0,1,2,0,3,0,4,3,3,0,0,224,16,10,10,3.333,0,1,1,7,2,,,0,-,+1 levelup
105,12449,3,Normal,35,5,5,5,0,44,44,2,2,132,0,2,2,1,9,7,3,0,2,5,0,660,31,22,22,4.4,0,1,1,9,2,,Swords_T1_03=5,0,-,
105,12449,4,Normal,26,4,4,4,0,44,36,2,2,35,0,2,2,0,0,2,3,0,0,3,0,196,5,8,8,2,0,1,1,9,3,,Swords_T1_03=3,0,-,
105,12449,5,Normal,37,2,2,2,0,36,34,2,2,10,0,2,2,0,0,0,3,0,0,2,0,56,0,2,2,1,0,1,1,9,1,,Swords_T1_03=2,0,-,
105,12449,6,Normal,26,4,4,3,1,34,11,2,5,40,0,2,3,3,0,0,0,0,0,1,0,308,52,12,8,2.667,0,1,1,9,4,,Swords_T1_03=1,2,Rat|Rat,companion_join:Rat;companion_join:Rat; +1 levelup; flee×1
105,12449,7,Normal,28,5,5,5,0,11,38,5,5,55,0,3,3,0,3,2,0,0,1,4,0,308,10,15,15,3,0,1,1,10,1,,Swords_T1_03=2|Swords_T1_04=2,0,Rat|Rat,
105,12449,8,Normal,3,1,1,0,0,38,0,5,5,0,0,3,3,0,3,0,0,0,3,0,0,62,52,2,0,0,1,0,0,16,2,RH=Crude Sword|LH=Crude Sword|BD=Crude Armour|A1=Crude Bracelet|A2=Crude Bracelet,,0,Rat|Rat,party wiped
106,12450,1,Normal,34,5,5,5,0,37,37,0,0,60,0,1,1,0,6,2,0,3,3,0,0,336,16,16,16,3.2,0,1,1,6,4,,,2,Rat|Rat,floor1_town;companion_join:Rat;companion_join:Rat
106,12450,2,Normal,29,3,3,3,0,37,29,0,0,35,0,1,1,0,3,1,2,0,2,0,0,196,8,9,9,3,0,1,1,6,3,,,1,Rat|Rat|Rat,companion_join:Rat
106,12450,3,Normal,37,4,4,3,0,29,0,0,1,84,0,1,2,3,6,6,0,0,0,3,0,515,60,17,15,5,1,0,0,13,4,RH=Crude Sword|LH=Crude Sword|BD=Crude Armour|A1=Crude Bracelet|A2=Crude Bracelet,Swords_T1_03=3,1,Rat|Rat|Rat|Goblin,companion_join:Goblin; party wiped; +1 levelup
107,12451,1,Normal,32,5,5,5,0,37,37,0,0,50,0,1,1,0,4,1,1,3,3,0,0,280,0,12,12,2.4,0,1,1,6,2,,,3,Rat|Rat|Rat,floor1_town;companion_join:Rat;companion_join:Rat;companion_join:Rat
107,12451,2,Normal,33,3,3,3,0,37,29,0,0,40,0,1,1,0,4,0,2,1,3,0,0,224,16,9,9,3,0,1,1,7,2,,,1,Rat|Rat|Rat|Rat,companion_join:Rat
107,12451,3,Normal,36,4,4,4,0,29,43,0,1,72,0,1,2,0,3,3,4,0,0,3,0,360,-1,9,9,2.25,0,1,1,13,1,,Swords_T1_03=3,0,Rat|Rat|Rat|Rat,+1 levelup
107,12451,4,Normal,36,2,2,2,0,43,21,1,1,25,0,2,2,1,0,0,3,0,0,0,0,140,22,7,7,3.5,0,1,1,13,4,,,1,Rat|Rat|Rat|Rat|Rat,companion_join:Rat
107,12451,5,Normal,27,4,4,4,0,21,45,1,1,65,0,2,2,0,6,5,3,0,1,3,0,364,21,17,17,4.25,0,1,1,15,4,,Swords_T1_03=3,3,Rat|Rat|Rat|Rat|Rat|Rat|Rat|Rat,companion_join:Rat;companion_join:Rat;companion_join:Rat
107,12451,6,Normal,35,5,5,4,1,45,43,1,1,45,0,2,2,3,0,1,0,3,3,5,0,336,34,15,12,3,0,1,1,16,1,,Swords_T1_03=5,1,Rat|Rat|Rat|Rat|Rat|Rat|Rat|Rat|Rat,companion_join:Rat; flee×1
107,12451,7,Normal,33,2,2,2,0,43,39,1,2,15,0,2,3,0,0,0,0,3,3,1,0,84,13,3,3,1.5,0,1,1,16,2,,Swords_T1_03=1,0,Rat|Rat|Rat|Rat|Rat|Rat|Rat|Rat|Rat,+1 levelup
107,12451,8,Normal,12,1,1,0,0,39,0,2,2,0,0,3,3,0,3,1,0,0,2,1,0,110,54,4,0,0,1,0,0,22,2,RH=Crude Sword|LH=Crude Sword|BD=Crude Armour|A1=Crude Bracelet|A2=Crude Bracelet,Swords_T1_04=1,0,Rat|Rat|Rat|Rat|Rat|Rat|Rat|Rat|Rat,party wiped
108,12452,1,Normal,30,3,3,3,0,37,37,0,0,20,0,1,1,0,0,0,0,3,3,0,0,112,8,4,4,1.333,0,1,1,4,1,,,2,Rat|Rat,floor1_town;companion_join:Rat;companion_join:Rat
108,12452,2,Normal,29,4,4,4,0,37,29,0,0,75,0,1,1,1,9,8,0,0,0,0,0,420,45,23,23,5.75,0,1,1,6,4,,,0,Rat|Rat,
108,12452,3,Normal,18,2,2,1,0,29,0,0,2,36,0,1,2,2,3,3,0,0,0,1,0,277,47,9,7,7,1,0,0,12,3,RH=Crude Sword|LH=Crude Sword|BD=Crude Armour|A1=Crude Bracelet|A2=Crude Bracelet,Swords_T1_03=1,0,Rat|Rat,party wiped; +1 levelup
109,12453,1,Normal,28,3,3,3,0,37,37,0,0,45,0,1,1,0,4,1,1,3,3,0,0,252,8,11,11,3.667,0,1,1,4,4,,,1,Rat,floor1_town;companion_join:Rat
109,12453,2,Normal,34,4,4,4,0,37,37,0,0,50,0,1,1,1,3,3,2,0,0,0,0,280,8,13,13,3.25,0,1,1,5,3,,,0,Rat,
109,12453,3,Normal,28,4,4,2,1,37,0,0,2,48,0,1,2,3,6,6,0,0,0,3,0,394,85,12,8,4,1,0,0,12,4,RH=Crude Sword|LH=Crude Sword|BD=Crude Armour|A1=Crude Bracelet|A2=Crude Bracelet,Swords_T1_03=3,0,Rat,party wiped; +1 levelup; flee×1
110,12454,1,Normal,26,3,3,3,0,37,37,0,0,45,0,1,1,0,6,5,0,3,3,0,0,252,21,13,13,4.333,0,1,1,4,4,,,0,-,floor1_town
110,12454,2,Normal,27,3,3,3,0,37,29,0,0,25,0,1,1,0,0,0,2,3,3,0,0,140,8,6,6,2,0,1,1,4,2,,,1,Rat,companion_join:Rat
110,12454,3,Normal,2,1,1,0,0,29,0,0,0,0,0,1,1,1,3,3,3,0,0,0,0,170,37,6,0,0,1,0,0,10,3,RH=Crude Sword|LH=Crude Sword|BD=Crude Armour|A1=Crude Bracelet|A2=Crude Bracelet,,0,Rat,party wiped
111,12455,1,Normal,40,5,5,5,0,37,37,0,0,60,0,1,1,0,6,0,1,3,3,0,0,336,8,13,13,2.6,0,1,1,6,3,,,2,Rat|Rat,floor1_town;companion_join:Rat;companion_join:Rat
111,12455,2,Normal,25,3,3,3,0,37,37,0,0,30,0,1,1,0,1,0,2,3,3,0,0,168,16,6,6,2,0,1,1,8,1,,,1,Rat|Rat|Rat,companion_join:Rat
111,12455,3,Normal,1,1,1,0,0,37,0,0,0,0,0,1,1,4,3,3,0,0,0,0,0,95,37,5,0,0,1,0,0,14,4,RH=Crude Sword|LH=Crude Sword|BD=Crude Armour|A1=Crude Bracelet|A2=Crude Bracelet,,0,Rat|Rat|Rat,party wiped
112,12456,1,Normal,38,3,3,3,0,37,37,0,0,50,0,1,1,0,7,0,2,3,3,0,0,280,16,12,12,4,0,1,1,4,4,,,0,-,floor1_town
112,12456,2,Normal,34,3,3,3,0,37,37,0,0,35,0,1,1,0,3,2,4,0,1,0,0,196,0,9,9,3,0,1,1,4,3,,,0,-,
112,12456,3,Normal,10,2,2,1,0,37,0,0,2,24,0,1,2,6,3,3,0,0,0,1,0,268,44,11,4,4,1,0,0,10,4,RH=Crude Sword|LH=Crude Sword|BD=Crude Armour|A1=Crude Bracelet|A2=Crude Bracelet,Swords_T1_03=1,0,-,party wiped; +1 levelup
113,12457,1,Normal,36,3,3,3,0,37,37,0,0,30,0,1,1,0,2,0,1,3,3,0,0,168,14,8,8,2.667,0,1,1,4,2,,,0,-,floor1_town
113,12457,2,Normal,32,3,3,3,0,37,29,0,0,40,0,1,1,0,3,0,2,0,3,0,0,224,8,9,9,3,0,1,1,4,3,,,0,-,
113,12457,3,Normal,2,1,1,0,0,29,0,0,0,0,0,1,1,0,3,3,4,0,0,0,0,63,37,2,0,0,1,0,0,10,4,RH=Crude Sword|LH=Crude Sword|BD=Crude Armour|A1=Crude Bracelet|A2=Crude Bracelet,,0,-,party wiped
114,12458,1,Normal,34,6,6,6,0,37,37,0,0,70,0,1,1,1,8,4,1,3,3,0,0,392,0,19,19,3.167,0,1,1,7,1,,,2,Rat|Rat,floor1_town;companion_join:Rat;companion_join:Rat
114,12458,2,Normal,31,3,3,3,0,37,45,0,2,30,0,1,2,0,3,1,2,0,2,0,0,168,8,8,8,2.667,0,1,1,7,2,,,0,Rat|Rat,+1 levelup
114,12458,3,Normal,38,3,3,2,0,45,0,2,2,48,0,2,2,2,3,5,0,0,0,4,0,454,55,12,6,3,1,0,0,8,4,RH=Crude Sword|LH=Crude Sword|BD=Crude Armour|A1=Crude Bracelet|A2=Crude Bracelet,Swords_T1_03=4,1,Rat|Rat|Goblin,companion_join:Goblin; party wiped
115,12459,1,Normal,32,4,4,4,0,37,37,0,0,50,0,1,1,0,6,2,0,3,3,0,0,280,0,12,12,3,0,1,1,5,3,,,2,Rat|Rat,floor1_town;companion_join:Rat;companion_join:Rat
115,12459,2,Normal,35,3,3,3,0,37,29,0,0,30,0,1,1,0,2,0,0,1,3,0,0,168,16,7,7,2.333,0,1,1,6,3,,,1,Rat|Rat|Rat,companion_join:Rat
115,12459,3,Normal,38,3,3,2,1,29,6,0,2,60,0,1,2,2,3,3,0,0,0,1,0,300,51,11,9,4.5,0,1,1,12,3,,Swords_T1_03=1,0,Rat|Rat|Rat,+1 levelup; flee×1
115,12459,4,Normal,25,2,2,2,0,6,44,2,2,30,0,2,2,0,3,0,0,0,3,0,0,168,0,8,8,4,0,1,1,13,3,,,1,Rat|Rat|Rat|Rat,companion_join:Rat
115,12459,5,Normal,14,3,3,2,0,44,0,2,2,15,0,2,2,0,0,3,0,0,0,2,0,167,42,7,3,1.5,1,0,0,13,4,RH=Crude Sword|LH=Crude Sword|BD=Crude Armour|A1=Crude Bracelet|A2=Crude Bracelet,Swords_T1_03=2,1,Rat|Rat|Rat|Rat|Rat,companion_join:Rat; party wiped
116,12460,1,Normal,30,3,3,3,0,37,37,0,0,30,0,1,1,0,3,3,2,3,3,0,0,168,31,9,9,3,0,1,1,4,4,,,2,Rat|Rat,floor1_town;companion_join:Rat;companion_join:Rat
116,12460,2,Normal,26,3,3,3,0,37,37,0,0,45,0,1,1,1,6,6,1,0,0,0,0,252,6,16,16,5.333,0,1,1,5,4,,,0,Rat|Rat,
116,12460,3,Normal,10,1,1,0,0,37,0,0,0,0,0,1,1,1,3,3,0,0,0,0,0,112,37,4,0,0,1,0,0,11,4,RH=Crude Sword|LH=Crude Sword|BD=Crude Armour|A1=Crude Bracelet|A2=Crude Bracelet,,0,Rat|Rat,party wiped
117,12461,1,Normal,28,1,1,1,0,37,37,0,0,10,0,1,1,0,0,0,0,3,3,0,0,56,0,2,2,2,0,1,1,2,2,,,0,-,floor1_town
117,12461,2,Normal,29,4,4,4,0,37,37,0,0,45,0,1,1,0,6,1,0,0,2,0,0,252,8,13,13,3.25,0,1,1,3,3,,,2,Rat|Rat,companion_join:Rat;companion_join:Rat
117,12461,3,Normal,11,2,2,1,0,37,0,0,0,24,0,1,1,0,6,4,0,0,0,0,0,243,37,8,4,4,1,0,0,15,3,RH=Crude Sword|LH=Crude Sword|BD=Crude Armour|A1=Crude Bracelet|A2=Crude Bracelet,,0,Rat|Rat,party wiped
118,12462,1,Normal,26,1,1,1,0,37,37,0,0,15,0,1,1,0,1,0,1,3,3,0,0,84,8,4,4,4,0,1,1,2,3,,,1,Rat,floor1_town;companion_join:Rat
118,12462,2,Normal,39,4,4,4,0,37,37,0,0,30,0,1,1,0,3,0,3,0,3,0,0,168,0,7,7,1.75,0,1,1,2,3,,,2,Rat|Rat|Rat,companion_join:Rat;companion_join:Rat
118,12462,3,Normal,36,3,3,3,0,37,30,0,2,72,0,1,2,1,6,4,2,0,0,1,0,360,16,12,12,4,0,1,1,14,1,,Swords_T1_03=1,1,Rat|Rat|Rat|Goblin,companion_join:Goblin; +1 levelup
118,12462,4,Normal,28,3,3,3,0,30,45,2,2,30,0,2,2,0,2,0,2,1,3,1,0,168,-1,6,6,2,0,1,1,15,1,,Swords_T1_03=1,1,Rat|Rat|Rat|Goblin|Rat,companion_join:Rat
118,12462,5,Normal,37,3,3,3,0,45,44,2,2,30,0,2,2,0,1,2,2,3,3,2,0,168,12,7,7,2.333,0,1,1,16,1,,Swords_T1_03=2,1,Rat|Rat|Rat|Goblin|Rat|Rat,companion_join:Rat
118,12462,6,Normal,39,4,4,4,0,44,44,2,2,45,0,2,2,0,3,3,2,3,3,3,0,252,18,11,11,2.75,0,1,1,17,1,,Swords_T1_03=3,0,Rat|Rat|Rat|Goblin|Rat|Rat,
118,12462,7,Normal,30,2,2,2,0,44,38,2,2,20,0,2,2,0,1,0,2,2,3,2,0,112,4,6,6,3,0,1,1,17,1,,Swords_T1_03=2,0,Rat|Rat|Rat|Goblin|Rat|Rat,
118,12462,8,Normal,26,4,4,3,0,38,0,2,4,180,0,2,3,2,11,3,0,0,0,2,0,478,64,18,16,5.333,1,0,0,41,4,RH=Crude Sword|LH=Crude Sword|BD=Crude Armour|A1=Crude Bracelet|A2=Crude Bracelet,Swords_T1_04=2,0,Rat|Rat|Rat|Goblin|Rat|Rat,party wiped; +1 levelup
119,12463,1,Normal,40,2,2,2,0,37,37,0,0,20,0,1,1,0,2,0,0,3,3,0,0,112,0,4,4,2,0,1,1,3,3,,,1,Rat,floor1_town;companion_join:Rat
119,12463,2,Normal,36,4,4,4,0,37,37,0,0,50,0,1,1,0,5,0,1,1,3,0,0,280,16,12,12,3,0,1,1,5,3,,,1,Rat|Rat,companion_join:Rat
119,12463,3,Normal,3,1,1,0,0,37,0,0,0,0,0,1,1,2,3,3,0,0,0,0,0,148,37,6,0,0,1,0,0,11,3,RH=Crude Sword|LH=Crude Sword|BD=Crude Armour|A1=Crude Bracelet|A2=Crude Bracelet,,0,Rat|Rat,party wiped
120,12464,1,Normal,38,6,6,6,0,37,37,0,0,50,0,1,1,0,4,0,1,3,3,0,0,280,16,14,14,2.333,0,1,1,7,2,,,1,Rat,floor1_town;companion_join:Rat
120,12464,2,Normal,39,2,2,2,0,37,37,0,0,20,0,1,1,0,2,0,3,1,3,0,0,112,6,5,5,2.5,0,1,1,8,3,,,0,Rat,
120,12464,3,Normal,29,1,1,1,0,37,37,0,0,12,0,1,1,0,0,0,5,3,3,0,0,60,0,2,2,2,0,1,1,14,1,,,0,Rat,
120,12464,4,Normal,30,5,5,5,0,37,43,0,2,45,0,1,2,0,3,0,5,3,3,1,0,252,20,12,12,2.4,0,1,1,15,1,,Swords_T1_03=1,0,Rat,+1 levelup
120,12464,5,Normal,40,5,5,5,0,43,35,2,2,85,0,2,2,0,6,5,5,0,1,3,0,476,26,24,24,4.8,0,1,1,16,4,,Swords_T1_03=3,1,Rat|Rat,companion_join:Rat
120,12464,6,Normal,36,2,2,2,0,35,34,2,2,10,0,2,2,0,0,0,5,0,1,1,0,56,0,2,2,1,0,1,1,16,1,,Swords_T1_03=1,1,Rat|Rat|Rat,companion_join:Rat
120,12464,7,Normal,34,2,2,2,0,34,36,2,2,30,0,2,2,1,0,1,4,3,3,1,0,168,20,9,9,4.5,0,1,1,17,2,,Swords_T1_03=1,1,Rat|Rat|Rat|Rat,companion_join:Rat
120,12464,8,Normal,8,1,1,0,0,36,0,2,2,0,0,2,2,2,0,0,2,3,3,1,0,48,43,1,0,0,1,0,0,23,4,RH=Crude Sword|LH=Crude Sword|BD=Crude Armour|A1=Crude Bracelet|A2=Crude Bracelet,Swords_T1_03=1,0,Rat|Rat|Rat|Rat,party wiped
121,12465,1,Normal,36,5,5,5,0,37,37,0,0,70,0,1,1,0,7,5,2,3,3,0,0,392,32,21,21,4.2,0,1,1,6,1,,,0,-,floor1_town
121,12465,2,Normal,25,0,0,0,0,37,37,0,0,0,0,1,1,0,0,0,4,3,3,0,0,0,0,0,0,0,0,1,1,6,0,,,0,-,
121,12465,3,Normal,26,3,3,3,0,37,45,0,3,36,0,1,2,1,2,0,3,3,3,0,0,180,0,7,7,2.333,0,1,1,24,1,,,0,-,+1 levelup
121,12465,4,Normal,40,6,6,6,0,45,32,3,3,65,0,2,2,0,4,2,3,0,1,2,0,364,24,17,17,2.833,0,1,1,25,4,,Swords_T1_03=2,2,Rat|Rat,companion_join:Rat;companion_join:Rat
121,12465,5,Normal,25,4,4,4,0,32,37,3,3,50,0,2,2,0,3,2,3,0,1,1,0,280,7,12,12,3,0,1,1,26,4,,Swords_T1_03=1,2,Rat|Rat|Rat|Rat,companion_join:Rat;companion_join:Rat
121,12465,6,Normal,28,4,4,3,0,37,0,3,3,40,0,2,2,3,0,1,0,0,0,4,0,305,33,14,10,3.333,1,0,0,26,4,RH=Crude Sword|LH=Crude Sword|BD=Crude Armour|A1=Crude Bracelet|A2=Crude Bracelet,Swords_T1_03=4,1,Rat|Rat|Rat|Rat|Rat,companion_join:Rat; party wiped
122,12466,1,Normal,34,4,4,4,0,37,37,0,0,40,0,1,1,0,2,0,1,3,3,0,0,224,16,10,10,2.5,0,1,1,5,4,,,1,Rat,floor1_town;companion_join:Rat
122,12466,2,Normal,30,4,4,4,0,37,37,0,0,35,0,1,1,0,2,0,3,2,3,0,0,196,8,7,7,1.75,0,1,1,6,1,,,2,Rat|Rat|Rat,companion_join:Rat;companion_join:Rat
122,12466,3,Normal,34,6,6,6,0,37,32,0,1,156,0,1,2,5,9,8,0,0,0,4,0,780,37,27,27,4.5,0,1,1,19,3,,Swords_T1_03=4,1,Rat|Rat|Rat|Goblin,companion_join:Goblin; +1 levelup
122,12466,4,Normal,30,4,4,3,1,32,10,1,1,40,0,2,2,0,3,3,0,0,0,4,0,280,46,14,11,3.667,0,1,1,20,3,,Swords_T1_03=4,0,Rat|Rat|Rat|Goblin,flee×1
122,12466,5,Normal,31,6,6,6,0,10,54,1,2,60,0,2,3,0,3,3,0,0,0,0,0,336,0,14,14,2.333,0,1,1,21,1,,,3,Rat|Rat|Rat|Goblin|Rat|Rat|Rat,companion_join:Rat;companion_join:Rat;companion_join:Rat; +1 levelup
122,12466,6,Normal,9,1,1,0,0,54,0,2,2,0,0,3,3,0,0,0,0,0,0,1,0,104,52,4,0,0,1,0,0,21,4,RH=Crude Sword|LH=Crude Sword|BD=Crude Armour|A1=Crude Bracelet|A2=Crude Bracelet,Swords_T1_03=1,0,Rat|Rat|Rat|Goblin|Rat|Rat|Rat,party wiped
123,12467,1,Normal,32,2,2,2,0,37,37,0,0,30,0,1,1,0,4,0,2,3,3,0,0,168,8,8,8,4,0,1,1,3,3,,,0,-,floor1_town
123,12467,2,Normal,37,3,3,3,0,37,29,0,0,45,0,1,1,1,4,3,1,0,0,0,0,252,16,13,13,4.333,0,1,1,4,2,,,1,Rat,companion_join:Rat
123,12467,3,Normal,35,3,3,2,1,29,3,0,2,48,0,1,2,2,4,3,0,0,0,0,0,277,43,10,9,4.5,0,1,1,16,3,,,0,Rat,+1 levelup; flee×1
123,12467,4,Normal,31,3,3,3,0,3,36,2,2,40,0,2,2,0,3,0,0,0,3,2,0,224,7,10,10,3.333,0,1,1,17,3,,Swords_T1_03=2,0,Rat,
123,12467,5,Normal,34,2,2,2,0,36,29,2,2,25,0,2,2,0,0,3,0,0,0,2,0,140,5,7,7,3.5,0,1,1,17,3,,Swords_T1_03=2,2,Rat|Rat|Rat,companion_join:Rat;companion_join:Rat
123,12467,6,Normal,29,2,2,2,0,29,45,2,2,25,0,2,2,0,3,2,0,0,1,1,0,140,-1,7,7,3.5,0,1,1,18,4,,Swords_T1_03=1,0,Rat|Rat|Rat,
123,12467,7,Normal,30,5,5,5,0,45,45,2,2,65,0,2,2,0,3,3,0,0,1,3,0,364,13,17,17,3.4,0,1,1,19,3,,Swords_T1_03=3,0,Rat|Rat|Rat,
123,12467,8,Normal,11,2,2,1,0,45,0,2,5,60,0,2,3,0,6,3,0,0,0,3,0,259,58,8,5,5,1,0,0,31,3,RH=Crude Sword|LH=Crude Sword|BD=Crude Armour|A1=Crude Bracelet|A2=Crude Bracelet,Swords_T1_03=3,0,Rat|Rat|Rat,party wiped; +1 levelup
124,12468,1,Normal,30,4,4,4,0,37,37,0,0,60,0,1,1,0,9,3,0,3,3,0,0,336,8,17,17,4.25,0,1,1,5,4,,,1,Rat,floor1_town;companion_join:Rat
124,12468,2,Normal,28,3,3,3,0,37,44,0,2,45,0,1,2,0,3,2,0,0,1,0,0,252,0,10,10,3.333,0,1,1,5,1,,,1,Rat|Rat,companion_join:Rat; +1 levelup
124,12468,3,Normal,4,1,1,0,0,44,0,2,2,0,0,2,2,2,0,1,0,0,0,0,0,104,44,4,0,0,1,0,0,5,3,RH=Crude Sword|LH=Crude Sword|BD=Crude Armour|A1=Crude Bracelet|A2=Crude Bracelet,,0,Rat|Rat,party wiped
125,12469,1,Normal,28,2,2,2,0,37,37,0,0,20,0,1,1,0,1,0,2,3,3,0,0,112,8,5,5,2.5,0,1,1,3,1,,,0,-,floor1_town
125,12469,2,Normal,38,5,5,5,0,37,37,0,0,60,0,1,1,0,3,0,2,2,3,0,0,336,24,15,15,3,0,1,1,6,3,,,1,Rat,companion_join:Rat
125,12469,3,Normal,2,1,1,0,0,37,0,0,0,0,0,1,1,2,3,3,2,0,0,0,0,140,37,5,0,0,1,0,0,12,3,RH=Crude Sword|LH=Crude Sword|BD=Crude Armour|A1=Crude Bracelet|A2=Crude Bracelet,,0,Rat,party wiped
126,12470,1,Normal,26,4,4,4,0,37,37,0,0,60,0,1,1,0,7,0,0,3,3,0,0,336,16,15,15,3.75,0,1,1,5,2,,,0,-,floor1_town
126,12470,2,Normal,35,3,3,3,0,37,37,0,0,35,0,1,1,0,3,2,0,0,1,0,0,196,0,10,10,3.333,0,1,1,5,4,,,0,-,
126,12470,3,Normal,7,1,1,0,0,37,0,0,0,0,0,1,1,1,3,3,0,0,0,0,0,131,37,4,0,0,1,0,0,11,4,RH=Crude Sword|LH=Crude Sword|BD=Crude Armour|A1=Crude Bracelet|A2=Crude Bracelet,,0,-,party wiped
127,12471,1,Normal,40,5,5,5,0,37,37,0,0,65,0,1,1,0,6,5,2,3,3,0,0,364,8,19,19,3.8,0,1,1,6,4,,,2,Rat|Rat,floor1_town;companion_join:Rat;companion_join:Rat
127,12471,2,Normal,38,6,6,6,0,37,45,0,3,80,0,1,2,1,5,3,1,2,3,2,0,448,27,22,22,3.667,0,1,1,8,2,,Swords_T1_03=2,1,Rat|Rat|Rat,companion_join:Rat; +1 levelup
127,12471,3,Normal,30,3,3,3,0,45,44,3,3,84,0,2,2,1,6,6,0,2,3,3,0,420,35,14,14,4.667,0,1,1,10,1,,Swords_T1_03=3,1,Rat|Rat|Rat|Goblin,companion_join:Goblin
127,12471,4,Normal,37,5,5,4,0,44,0,3,3,45,0,2,2,0,2,3,0,0,0,4,0,336,40,13,9,2.25,1,0,0,10,4,RH=Crude Sword|LH=Crude Sword|BD=Crude Armour|A1=Crude Bracelet|A2=Crude Bracelet,Swords_T1_03=4,0,Rat|Rat|Rat|Goblin,party wiped
128,12472,1,Normal,37,4,4,4,0,37,37,0,0,50,0,1,1,0,6,4,0,3,3,0,0,280,8,15,15,3.75,0,1,1,5,4,,,0,-,floor1_town
128,12472,2,Normal,40,6,6,6,0,37,14,0,2,90,0,1,2,0,6,4,0,0,0,2,0,504,50,23,23,3.833,0,1,1,6,2,,Swords_T1_03=2,3,Rat|Rat|Rat,companion_join:Rat;companion_join:Rat;companion_join:Rat; +1 levelup
128,12472,3,Normal,29,3,3,2,0,14,0,2,2,36,0,2,2,0,3,3,0,0,0,2,0,268,42,8,6,3,1,0,0,7,4,RH=Crude Sword|LH=Crude Sword|BD=Crude Armour|A1=Crude Bracelet|A2=Crude Bracelet,Swords_T1_03=2,1,Rat|Rat|Rat|Goblin,companion_join:Goblin; party wiped
129,12473,1,Normal,35,3,3,3,0,37,37,0,0,60,0,1,1,0,8,4,1,3,3,0,0,336,24,21,21,7,0,1,1,4,4,,,2,Rat|Rat,floor1_town;companion_join:Rat;companion_join:Rat
129,12473,2,Normal,26,1,1,1,0,37,37,0,0,20,0,1,1,0,3,3,3,0,0,0,0,112,0,6,6,6,0,1,1,4,4,,,0,Rat|Rat,
129,12473,3,Normal,30,3,3,3,0,37,44,0,1,84,0,1,2,5,4,3,0,2,3,2,0,420,52,15,15,5,0,1,1,11,1,,Swords_T1_03=2,0,Rat|Rat,+1 levelup
129,12473,4,Normal,38,2,2,2,0,44,43,1,1,15,0,2,2,0,0,0,0,2,3,1,0,84,0,3,3,1.5,0,1,1,11,2,,Swords_T1_03=1,0,Rat|Rat,
129,12473,5,Normal,22,2,2,1,0,43,0,1,1,20,0,2,2,0,2,3,0,0,0,2,0,196,41,9,5,5,1,0,0,11,4,RH=Crude Sword|LH=Crude Sword|BD=Crude Armour|A1=Crude Bracelet|A2=Crude Bracelet,Swords_T1_03=2,0,Rat|Rat,party wiped
130,12474,1,Normal,33,5,5,5,0,37,37,0,0,70,0,1,1,0,8,3,0,3,3,0,0,392,16,18,18,3.6,0,1,1,6,4,,,3,Rat|Rat|Rat,floor1_town;companion_join:Rat;companion_join:Rat;companion_join:Rat
130,12474,2,Normal,27,3,3,3,0,37,45,0,2,30,0,1,2,0,2,0,0,3,3,0,0,168,16,7,7,2.333,0,1,1,8,1,,,2,Rat|Rat|Rat|Rat|Rat,companion_join:Rat;companion_join:Rat; +1 levelup
130,12474,3,Normal,39,3,3,2,1,45,1,2,2,48,0,2,2,2,3,3,0,0,0,3,0,287,41,9,8,4,0,1,1,8,3,,Swords_T1_03=3,0,Rat|Rat|Rat|Rat|Rat,flee×1
130,12474,4,Normal,26,4,4,4,0,1,32,2,2,50,0,2,2,0,5,1,0,1,3,2,0,280,24,14,14,3.5,0,1,1,10,4,,Swords_T1_03=2,2,Rat|Rat|Rat|Rat|Rat|Rat|Rat,companion_join:Rat;companion_join:Rat
130,12474,5,Normal,33,3,3,3,0,32,45,2,2,40,0,2,2,0,3,3,0,0,0,0,0,224,0,12,12,4,0,1,1,11,1,,,2,Rat|Rat|Rat|Rat|Rat|Rat|Rat|Rat|Rat,companion_join:Rat;companion_join:Rat
130,12474,6,Normal,3,1,1,0,0,45,0,2,2,0,0,2,2,0,0,0,0,0,0,0,0,56,45,3,0,0,1,0,0,11,4,RH=Crude Sword|LH=Crude Sword|BD=Crude Armour|A1=Crude Bracelet|A2=Crude Bracelet,,0,Rat|Rat|Rat|Rat|Rat|Rat|Rat|Rat|Rat,party wiped
131,12475,1,Normal,31,4,4,4,0,37,37,0,0,50,0,1,1,0,5,0,1,3,3,0,0,280,24,12,12,3,0,1,1,5,3,,,1,Rat,floor1_town;companion_join:Rat
131,12475,2,Normal,28,2,2,2,0,37,37,0,0,10,0,1,1,0,0,0,2,3,3,0,0,56,0,2,2,1,0,1,1,5,1,,,1,Rat|Rat,companion_join:Rat
131,12475,3,Normal,13,2,2,1,0,37,0,0,0,36,0,1,1,2,6,6,0,0,0,0,0,275,58,11,8,8,1,0,0,17,4,RH=Crude Sword|LH=Crude Sword|BD=Crude Armour|A1=Crude Bracelet|A2=Crude Bracelet,,0,Rat|Rat,party wiped
132,12476,1,Normal,29,5,5,5,0,37,37,0,0,55,0,1,1,0,6,3,2,3,3,0,0,308,24,16,16,3.2,0,1,1,6,1,,,2,Rat|Rat,floor1_town;companion_join:Rat;companion_join:Rat
132,12476,2,Normal,40,5,5,5,0,37,37,0,2,65,0,1,2,0,4,0,2,0,3,0,0,364,24,17,17,3.4,0,1,1,7,3,,,0,Rat|Rat,+1 levelup
132,12476,3,Normal,40,4,4,3,1,37,11,2,2,96,0,2,2,3,6,6,0,0,0,4,0,600,44,18,14,4.667,0,1,1,9,3,,Swords_T1_03=4,1,Rat|Rat|Goblin,companion_join:Goblin; flee×1
132,12476,4,Normal,25,3,3,3,0,11,45,2,2,35,0,2,2,0,2,0,0,2,3,1,0,196,12,7,7,2.333,0,1,1,11,3,,Swords_T1_03=1,0,Rat|Rat|Goblin,
132,12476,5,Normal,28,2,2,2,0,45,36,2,2,25,0,2,2,0,2,0,0,0,3,1,0,140,8,6,6,3,0,1,1,11,2,,Swords_T1_03=1,1,Rat|Rat|Goblin|Rat,companion_join:Rat
132,12476,6,Normal,38,3,3,3,0,36,53,2,4,35,0,2,3,0,0,3,0,0,0,2,0,196,26,8,8,2.667,0,1,1,11,4,,Swords_T1_03=2,1,Rat|Rat|Goblin|Rat|Rat,companion_join:Rat; +1 levelup
132,12476,7,Normal,28,3,3,2,1,53,53,4,4,10,0,3,3,0,0,0,0,3,3,1,0,85,45,4,2,1,0,1,1,12,1,,Swords_T1_04=1,0,Rat|Rat|Goblin|Rat|Rat,flee×1
132,12476,8,Normal,14,2,2,1,0,53,0,4,4,60,0,3,3,0,6,2,0,0,3,4,0,186,55,9,5,5,1,0,0,24,1,RH=Crude Sword|LH=Crude Sword|BD=Crude Armour|A1=Crude Bracelet|A2=Crude Bracelet,Swords_T1_03=1|Swords_T1_04=3,0,Rat|Rat|Goblin|Rat|Rat,party wiped
133,12477,1,Normal,27,1,1,1,0,37,37,0,0,20,0,1,1,1,3,3,0,3,3,0,0,112,19,8,8,8,0,1,1,2,4,,,0,-,floor1_town
133,12477,2,Normal,26,4,4,4,0,37,37,0,0,30,0,1,1,0,2,0,0,1,3,0,0,168,0,7,7,1.75,0,1,1,2,1,,,1,Rat,companion_join:Rat
133,12477,3,Normal,31,3,3,3,0,37,45,0,2,72,0,1,2,0,8,3,1,0,1,0,0,360,0,13,13,4.333,0,1,1,20,2,,,0,Rat,+1 levelup
133,12477,4,Normal,29,3,3,3,0,45,19,2,2,25,0,2,2,1,0,1,0,0,0,1,0,140,25,9,9,3,0,1,1,20,3,,Swords_T1_03=1,2,Rat|Rat|Rat,companion_join:Rat;companion_join:Rat
133,12477,5,Normal,31,5,5,5,0,19,37,2,2,50,0,2,2,0,3,2,0,0,1,3,0,280,5,12,12,2.4,0,1,1,21,3,,Swords_T1_03=3,2,Rat|Rat|Rat|Rat|Rat,companion_join:Rat;companion_join:Rat
133,12477,6,Normal,32,4,4,3,1,37,45,2,2,35,0,2,2,0,3,2,0,0,2,2,0,252,28,12,10,3.333,0,1,1,22,1,,Swords_T1_03=2,1,Rat|Rat|Rat|Rat|Rat|Rat,companion_join:Rat; flee×1
133,12477,7,Normal,35,1,1,1,0,45,44,2,2,5,0,2,2,0,0,0,0,0,2,1,0,28,0,1,1,1,0,1,1,22,1,,Swords_T1_03=1,0,Rat|Rat|Rat|Rat|Rat|Rat,
133,12477,8,Normal,1,1,1,0,0,44,0,2,2,0,0,2,2,0,2,0,0,1,3,1,0,61,44,1,0,0,1,0,0,28,4,RH=Crude Sword|LH=Crude Sword|BD=Crude Armour|A1=Crude Bracelet|A2=Crude Bracelet,Swords_T1_03=1,0,Rat|Rat|Rat|Rat|Rat|Rat,party wiped
134,12478,1,Normal,25,1,1,1,0,37,37,0,0,5,0,1,1,0,0,0,2,3,3,0,0,28,0,1,1,1,0,1,1,2,1,,,0,-,floor1_town
134,12478,2,Normal,38,4,4,4,0,37,37,0,0,40,0,1,1,0,3,2,2,3,3,0,0,224,8,11,11,2.75,0,1,1,3,1,,,1,Rat,companion_join:Rat
134,12478,3,Normal,33,4,4,3,1,37,2,0,0,48,0,1,1,2,8,5,0,0,0,0,0,360,35,12,8,2.667,0,1,1,27,4,,,0,Rat,flee×1
134,12478,4,Normal,27,3,3,2,1,2,2,0,3,35,0,1,2,0,3,3,0,0,0,1,0,224,41,12,11,5.5,0,1,1,28,4,,Swords_T1_03=1,0,Rat,+1 levelup; flee×1
134,12478,5,Normal,24,3,3,2,0,2,0,3,3,35,0,2,2,0,3,3,0,0,0,1,0,224,43,11,9,4.5,1,0,0,29,3,RH=Crude Sword|LH=Crude Sword|BD=Crude Armour|A1=Crude Bracelet|A2=Crude Bracelet,Swords_T1_03=1,1,Rat|Rat,companion_join:Rat; party wiped
135,12479,1,Normal,39,2,2,2,0,37,37,0,0,20,0,1,1,0,1,0,0,3,3,0,0,112,8,5,5,2.5,0,1,1,3,2,,,0,-,floor1_town
135,12479,2,Normal,36,3,3,3,0,37,37,0,0,40,0,1,1,0,4,0,1,0,3,0,0,224,8,9,9,3,0,1,1,4,4,,,2,Rat|Rat,companion_join:Rat;companion_join:Rat
135,12479,3,Normal,36,4,4,3,0,37,0,0,2,84,0,1,2,3,6,6,0,0,0,2,0,540,57,17,14,4.667,1,0,0,16,4,RH=Crude Sword|LH=Crude Sword|BD=Crude Armour|A1=Crude Bracelet|A2=Crude Bracelet,Swords_T1_03=2,2,Rat|Rat|Goblin|Goblin,companion_join:Goblin;companion_join:Goblin; party wiped; +1 levelup
136,12480,1,Normal,37,4,4,4,0,37,37,0,0,55,0,1,1,0,7,2,2,3,3,0,0,308,16,15,15,3.75,0,1,1,5,2,,,1,Rat,floor1_town;companion_join:Rat
136,12480,2,Normal,27,2,2,2,0,37,37,0,0,35,0,1,1,2,3,3,0,0,0,0,0,196,0,11,11,5.5,0,1,1,5,3,,,0,Rat,
136,12480,3,Normal,7,2,2,1,0,37,0,0,1,36,0,1,2,0,3,3,0,0,0,0,0,208,72,7,6,6,1,0,0,11,4,RH=Crude Sword|LH=Crude Sword|BD=Crude Armour|A1=Crude Bracelet|A2=Crude Bracelet,,0,Rat,party wiped; +1 levelup
137,12481,1,Normal,35,3,3,3,0,37,37,0,0,40,0,1,1,0,5,2,0,3,3,0,0,224,8,11,11,3.667,0,1,1,4,4,,,1,Rat,floor1_town;companion_join:Rat
137,12481,2,Normal,36,2,2,2,0,37,29,0,0,30,0,1,1,0,2,0,2,1,3,0,0,168,8,6,6,3,0,1,1,4,4,,,1,Rat|Rat,companion_join:Rat
137,12481,3,Normal,28,2,2,1,0,29,0,0,1,36,0,1,2,3,3,3,0,0,0,1,0,296,58,10,8,8,1,0,0,10,4,RH=Crude Sword|LH=Crude Sword|BD=Crude Armour|A1=Crude Bracelet|A2=Crude Bracelet,Swords_T1_03=1,0,Rat|Rat,party wiped; +1 levelup
138,12482,1,Normal,33,2,2,2,0,37,37,0,0,25,0,1,1,0,3,1,1,3,3,0,0,140,8,8,8,4,0,1,1,3,4,,,0,-,floor1_town
138,12482,2,Normal,35,5,5,5,0,37,37,0,0,55,0,1,1,1,3,3,1,0,0,0,0,308,8,14,14,2.8,0,1,1,4,1,,,1,Rat,companion_join:Rat
138,12482,3,Normal,39,4,4,4,0,37,45,0,1,48,0,1,2,0,4,0,2,0,3,2,0,240,-1,8,8,2,0,1,1,16,1,,Swords_T1_03=2,0,Rat,+1 levelup
138,12482,4,Normal,39,5,5,5,0,45,46,1,1,60,0,2,2,1,2,3,1,1,3,4,0,336,24,16,16,3.2,0,1,1,17,3,,Swords_T1_03=4,4,Rat|Rat|Rat|Rat|Rat,companion_join:Rat;companion_join:Rat;companion_join:Rat;companion_join:Rat
138,12482,5,Normal,28,3,3,3,0,46,38,1,1,50,0,2,2,1,4,4,0,0,2,2,0,280,22,15,15,5,0,1,1,18,2,,Swords_T1_03=2,1,Rat|Rat|Rat|Rat|Rat|Rat,companion_join:Rat
138,12482,6,Normal,25,4,4,4,0,38,46,1,1,45,0,2,2,0,2,2,0,1,3,4,0,252,4,11,11,2.75,0,1,1,19,2,,Swords_T1_03=4,1,Rat|Rat|Rat|Rat|Rat|Rat|Rat,companion_join:Rat
138,12482,7,Normal,29,3,3,2,1,46,54,1,3,35,0,2,3,0,4,4,0,0,2,1,0,280,52,16,10,5,0,1,1,20,4,,Swords_T1_03=1,0,Rat|Rat|Rat|Rat|Rat|Rat|Rat,+1 levelup; flee×1
138,12482,8,Normal,2,1,1,0,0,54,0,3,3,0,0,3,3,0,3,3,0,0,0,1,0,99,70,2,0,0,1,0,0,26,3,RH=Crude Sword|LH=Crude Sword|BD=Crude Armour|A1=Crude Bracelet|A2=Crude Bracelet,Swords_T1_03=1,0,Rat|Rat|Rat|Rat|Rat|Rat|Rat,party wiped
139,12483,1,Normal,25,4,4,3,0,37,0,0,0,35,0,1,1,0,8,3,0,0,0,0,0,277,37,14,9,3,1,0,0,4,4,RH=Crude Sword|LH=Crude Sword|BD=Crude Armour|A1=Crude Bracelet|A2=Crude Bracelet,,1,Rat,floor1_town;companion_join:Rat; party wiped
140,12484,1,Normal,29,4,4,4,0,37,37,0,0,50,0,1,1,0,6,0,1,3,3,0,0,280,24,14,14,3.5,0,1,1,5,1,,,0,-,floor1_town
140,12484,2,Normal,36,1,1,1,0,37,29,0,0,20,0,1,1,0,3,2,1,0,1,0,0,112,8,5,5,5,0,1,1,5,4,,,0,-,
140,12484,3,Normal,18,2,2,1,0,29,0,0,0,12,0,1,1,2,4,3,0,0,0,0,0,211,37,7,2,2,1,0,0,17,4,RH=Crude Sword|LH=Crude Sword|BD=Crude Armour|A1=Crude Bracelet|A2=Crude Bracelet,,0,-,party wiped
141,12485,1,Normal,27,3,3,3,0,37,37,0,0,30,0,1,1,0,2,0,0,3,3,0,0,168,8,6,6,2,0,1,1,4,3,,,0,-,floor1_town
141,12485,2,Normal,34,4,4,4,0,37,37,0,0,55,0,1,1,0,6,3,2,0,1,0,0,308,8,13,13,3.25,0,1,1,5,4,,,3,Rat|Rat|Rat,companion_join:Rat;companion_join:Rat;companion_join:Rat
141,12485,3,Normal,25,3,3,3,0,37,45,0,2,48,0,1,2,0,4,0,3,0,3,1,0,240,-1,7,7,2.333,0,1,1,17,2,,Swords_T1_03=1,1,Rat|Rat|Rat|Goblin,companion_join:Goblin; +1 levelup
141,12485,4,Normal,35,3,3,3,0,45,39,2,2,45,0,2,2,0,3,3,3,0,3,3,0,252,18,15,15,5,0,1,1,18,4,,Swords_T1_03=3,1,Rat|Rat|Rat|Goblin|Rat,companion_join:Rat
141,12485,5,Normal,31,6,6,6,0,39,45,2,2,65,0,2,2,0,3,3,3,0,2,3,0,364,18,15,15,2.5,0,1,1,19,2,,Swords_T1_03=3,2,Rat|Rat|Rat|Goblin|Rat|Rat|Rat,companion_join:Rat;companion_join:Rat
141,12485,6,Normal,36,6,6,6,0,45,40,2,4,95,0,2,3,1,6,8,2,0,0,7,0,532,72,28,28,4.667,0,1,1,21,3,,Swords_T1_03=5|Swords_T1_04=2,2,Rat|Rat|Rat|Goblin|Rat|Rat|Rat|Rat|Rat,companion_join:Rat;companion_join:Rat; +1 levelup
141,12485,7,Normal,32,3,3,3,0,40,47,4,4,45,0,3,3,2,1,0,0,2,3,3,0,252,15,12,12,4,0,1,1,22,3,,Swords_T1_03=2|Swords_T1_04=1,1,Rat|Rat|Rat|Goblin|Rat|Rat|Rat|Rat|Rat|Rat,companion_join:Rat
141,12485,8,Normal,6,1,1,0,0,47,0,4,4,0,0,3,3,0,3,2,0,0,1,2,0,131,48,4,0,0,1,0,0,28,2,RH=Crude Sword|LH=Crude Sword|BD=Crude Armour|A1=Crude Bracelet|A2=Crude Bracelet,Swords_T1_03=2,0,Rat|Rat|Rat|Goblin|Rat|Rat|Rat|Rat|Rat|Rat,party wiped
142,12486,1,Normal,25,3,3,3,0,37,37,0,0,35,0,1,1,0,3,3,1,3,3,0,0,196,0,10,10,3.333,0,1,1,4,2,,,0,-,floor1_town
142,12486,2,Normal,39,5,5,5,0,37,45,0,2,75,0,1,2,3,6,3,0,0,3,0,0,420,16,20,20,4,0,1,1,6,3,,,2,Rat|Rat,companion_join:Rat;companion_join:Rat; +1 levelup
142,12486,3,Normal,31,2,2,2,0,45,20,2,2,60,0,2,2,2,0,3,0,0,0,2,0,300,23,10,10,5,0,1,1,6,3,,Swords_T1_03=2,2,Rat|Rat|Goblin|Goblin,companion_join:Goblin;companion_join:Goblin
142,12486,4,Normal,35,3,3,3,0,20,39,2,2,55,0,2,2,0,6,2,0,0,1,3,0,308,16,15,15,5,0,1,1,8,4,,Swords_T1_03=3,0,Rat|Rat|Goblin|Goblin,
142,12486,5,Normal,37,4,4,3,1,39,32,2,2,25,0,2,2,0,0,1,0,3,3,1,0,140,38,6,5,1.667,0,1,1,9,2,,Swords_T1_03=1,0,Rat|Rat|Goblin|Goblin,flee×1
142,12486,6,Normal,19,2,2,1,0,32,0,2,2,20,0,2,2,0,3,3,0,0,0,0,0,168,45,9,7,7,1,0,0,10,4,RH=Crude Sword|LH=Crude Sword|BD=Crude Armour|A1=Crude Bracelet|A2=Crude Bracelet,,1,Rat|Rat|Goblin|Goblin|Rat,companion_join:Rat; party wiped
143,12487,1,Normal,39,3,3,3,0,37,37,0,0,45,0,1,1,0,6,5,2,3,3,0,0,252,21,14,14,4.667,0,1,1,4,1,,,1,Rat,floor1_town;companion_join:Rat
143,12487,2,Normal,39,4,4,4,0,37,22,0,2,75,0,1,2,0,6,6,4,0,0,0,0,420,32,21,21,5.25,0,1,1,5,4,,,2,Rat|Rat|Rat,companion_join:Rat;companion_join:Rat; +1 levelup
143,12487,3,Normal,25,1,1,0,0,22,0,2,2,0,0,2,2,5,3,3,0,0,0,0,0,195,46,7,0,0,1,0,0,6,4,RH=Crude Sword|LH=Crude Sword|BD=Crude Armour|A1=Crude Bracelet|A2=Crude Bracelet,,0,Rat|Rat|Rat,party wiped
144,12488,1,Normal,37,6,6,6,0,37,37,0,0,70,0,1,1,0,7,2,1,3,3,0,0,392,26,18,18,3,0,1,1,7,1,,,5,Rat|Rat|Rat|Rat|Rat,floor1_town;companion_join:Rat;companion_join:Rat;companion_join:Rat;companion_join:Rat;companion_join:Rat
144,12488,2,Normal,28,3,3,3,0,37,45,0,1,45,0,1,2,0,4,0,3,0,3,0,0,252,24,10,10,3.333,0,1,1,9,4,,,1,Rat|Rat|Rat|Rat|Rat|Rat,companion_join:Rat; +1 levelup
144,12488,3,Normal,32,2,2,2,0,45,44,1,1,48,0,2,2,1,0,3,4,0,0,2,0,240,13,6,6,3,0,1,1,9,1,,Swords_T1_03=2,0,Rat|Rat|Rat|Rat|Rat|Rat,
144,12488,4,Normal,28,2,2,2,0,44,37,1,1,25,0,2,2,1,0,0,3,0,0,2,0,140,5,6,6,3,0,1,1,9,2,,Swords_T1_03=2,1,Rat|Rat|Rat|Rat|Rat|Rat|Rat,companion_join:Rat
144,12488,5,Normal,25,2,2,2,0,37,26,1,1,25,0,2,2,1,0,0,2,0,0,2,0,140,9,6,6,3,0,1,1,9,4,,Swords_T1_03=2,1,Rat|Rat|Rat|Rat|Rat|Rat|Rat|Rat,companion_join:Rat
144,12488,6,Normal,32,3,3,3,0,26,44,1,1,35,0,2,2,0,3,2,2,0,1,3,0,196,-2,10,10,3.333,0,1,1,10,1,,Swords_T1_03=3,0,Rat|Rat|Rat|Rat|Rat|Rat|Rat|Rat,
144,12488,7,Normal,25,1,1,1,0,44,36,1,1,10,0,2,2,0,0,0,2,0,1,1,0,56,7,2,2,2,0,1,1,10,2,,Swords_T1_03=1,0,Rat|Rat|Rat|Rat|Rat|Rat|Rat|Rat,
144,12488,8,Normal,1,1,1,0,0,36,0,1,1,0,0,2,2,0,0,0,2,3,3,0,0,27,45,1,0,0,1,0,0,16,1,RH=Crude Sword|LH=Crude Sword|BD=Crude Armour|A1=Crude Bracelet|A2=Crude Bracelet,,0,Rat|Rat|Rat|Rat|Rat|Rat|Rat|Rat,party wiped
145,12489,1,Normal,35,4,4,4,0,37,37,0,0,50,0,1,1,0,4,1,2,3,3,0,0,280,24,12,12,3,0,1,1,5,4,,,2,Rat|Rat,floor1_town;companion_join:Rat;companion_join:Rat
145,12489,2,Normal,40,6,6,6,0,37,46,0,1,85,0,1,2,1,6,4,2,0,2,3,0,476,31,24,24,4,0,1,1,6,4,,Swords_T1_03=3,4,Rat|Rat|Rat|Rat|Rat|Rat,companion_join:Rat;companion_join:Rat;companion_join:Rat;companion_join:Rat; +1 levelup
145,12489,3,Normal,15,2,2,1,0,46,0,1,1,12,0,2,2,4,0,2,0,0,0,2,0,270,44,7,1,1,1,0,0,6,4,RH=Crude Sword|LH=Crude Sword|BD=Crude Armour|A1=Crude Bracelet|A2=Crude Bracelet,Swords_T1_03=2,0,Rat|Rat|Rat|Rat|Rat|Rat,party wiped
146,12490,1,Normal,33,2,2,2,0,37,37,0,0,30,0,1,1,0,3,2,0,3,3,0,0,168,16,9,9,4.5,0,1,1,3,2,,,0,-,floor1_town
146,12490,2,Normal,32,3,3,3,0,37,37,0,0,25,0,1,1,0,2,0,2,1,3,0,0,140,0,6,6,2,0,1,1,3,1,,,0,-,
146,12490,3,Normal,27,1,1,1,0,37,37,0,0,12,0,1,1,0,0,0,3,3,3,0,0,60,0,2,2,2,0,1,1,9,1,,,0,-,
146,12490,4,Normal,37,6,6,6,0,37,42,0,1,50,0,1,2,0,2,0,3,3,3,2,0,280,8,12,12,2,0,1,1,10,2,,Swords_T1_03=2,1,Rat,companion_join:Rat; +1 levelup
146,12490,5,Normal,31,4,4,4,0,42,36,1,1,65,0,2,2,0,5,3,3,1,3,3,0,364,24,17,17,4.25,0,1,1,11,3,,Swords_T1_03=3,3,Rat|Rat|Rat|Rat,companion_join:Rat;companion_join:Rat;companion_join:Rat
146,12490,6,Normal,25,1,1,1,0,36,44,1,1,10,0,2,2,0,1,0,3,0,3,1,0,56,-9,2,2,2,0,1,1,11,2,,Swords_T1_03=1,0,Rat|Rat|Rat|Rat,
146,12490,7,Normal,33,5,5,5,0,44,44,1,1,90,0,2,2,3,6,6,0,0,2,2,0,504,27,29,29,5.8,0,1,1,13,4,,Swords_T1_03=2,0,Rat|Rat|Rat|Rat,
146,12490,8,Normal,13,1,1,0,0,44,0,1,1,0,0,2,2,0,3,3,0,0,0,2,0,204,42,6,0,0,1,0,0,19,2,RH=Crude Sword|LH=Crude Sword|BD=Crude Armour|A1=Crude Bracelet|A2=Crude Bracelet,Swords_T1_03=2,0,Rat|Rat|Rat|Rat,party wiped
147,12491,1,Normal,31,3,3,3,0,37,37,0,0,45,0,1,1,1,6,1,1,3,3,0,0,252,0,12,12,4,0,1,1,4,4,,,1,Rat,floor1_town;companion_join:Rat
147,12491,2,Normal,39,4,4,4,0,37,45,0,2,60,0,1,2,0,6,3,2,0,1,0,0,336,24,15,15,3.75,0,1,1,7,4,,,2,Rat|Rat|Rat,companion_join:Rat;companion_join:Rat; +1 levelup
147,12491,3,Normal,19,3,3,2,0,45,0,2,2,48,0,2,2,2,3,4,0,0,0,3,0,367,47,9,6,3,1,0,0,8,4,RH=Crude Sword|LH=Crude Sword|BD=Crude Armour|A1=Crude Bracelet|A2=Crude Bracelet,Swords_T1_03=3,2,Rat|Rat|Rat|Goblin|Goblin,companion_join:Goblin;companion_join:Goblin; party wiped
148,12492,1,Normal,29,4,4,4,0,37,37,0,0,60,0,1,1,0,9,3,0,3,3,0,0,336,18,18,18,4.5,0,1,1,5,3,,,1,Rat,floor1_town;companion_join:Rat
148,12492,2,Normal,39,3,3,3,0,37,29,0,0,30,0,1,1,0,3,0,0,0,3,0,0,168,8,8,8,2.667,0,1,1,5,4,,,0,Rat,
148,12492,3,Normal,21,3,3,2,0,29,0,0,3,36,0,1,2,0,3,3,0,0,0,2,0,296,42,8,5,2.5,1,0,0,11,4,RH=Crude Sword|LH=Crude Sword|BD=Crude Armour|A1=Crude Bracelet|A2=Crude Bracelet,Swords_T1_03=2,0,Rat,party wiped; +1 levelup
149,12493,1,Normal,27,3,3,3,0,37,37,0,0,40,0,1,1,0,7,0,1,3,3,0,0,224,8,14,14,4.667,0,1,1,4,3,,,0,-,floor1_town
149,12493,2,Normal,25,1,1,1,0,37,37,0,0,20,0,1,1,0,3,0,1,0,3,0,0,112,0,6,6,6,0,1,1,4,4,,,0,-,
149,12493,3,Normal,27,2,2,2,0,37,37,0,0,24,0,1,1,0,2,0,1,2,3,0,0,120,0,4,4,2,0,1,1,16,1,,,1,Goblin,companion_join:Goblin
149,12493,4,Normal,29,2,2,2,0,37,26,0,1,40,0,1,2,1,2,3,0,0,0,0,0,224,19,9,9,4.5,0,1,1,16,4,,,1,Goblin|Rat,companion_join:Rat; +1 levelup
149,12493,5,Normal,29,2,2,2,0,26,36,1,1,15,0,2,2,0,0,0,0,3,3,2,0,84,7,3,3,1.5,0,1,1,17,2,,Swords_T1_03=2,0,Goblin|Rat,
149,12493,6,Normal,24,4,4,3,0,36,0,1,1,50,0,2,2,0,3,3,0,0,0,1,0,336,35,14,11,3.667,1,0,0,17,4,RH=Crude Sword|LH=Crude Sword|BD=Crude Armour|A1=Crude Bracelet|A2=Crude Bracelet,Swords_T1_03=1,0,Goblin|Rat,party wiped
150,12494,1,Normal,19,2,2,1,0,37,0,0,0,20,0,1,1,0,6,5,0,0,0,0,0,218,37,12,6,6,1,0,0,2,4,RH=Crude Sword|LH=Crude Sword|BD=Crude Armour|A1=Crude Bracelet|A2=Crude Bracelet,,1,Rat,floor1_town;companion_join:Rat; party wiped
151,12495,1,Normal,39,5,5,5,0,37,37,0,0,55,0,1,1,0,6,1,1,3,3,0,0,308,8,13,13,2.6,0,1,1,6,2,,,2,Rat|Rat,floor1_town;companion_join:Rat;companion_join:Rat
151,12495,2,Normal,25,2,2,2,0,37,37,0,0,20,0,1,1,0,2,0,2,1,3,0,0,112,0,6,6,3,0,1,1,6,1,,,0,Rat|Rat,
151,12495,3,Normal,25,4,4,3,0,37,0,0,3,84,0,1,2,2,7,6,0,0,0,3,0,624,89,18,12,4,1,0,0,14,4,RH=Crude Sword|LH=Crude Sword|BD=Crude Armour|A1=Crude Bracelet|A2=Crude Bracelet,Swords_T1_03=3,0,Rat|Rat,party wiped; +1 levelup
152,12496,1,Normal,37,3,3,3,0,37,37,0,0,45,0,1,1,0,6,0,2,3,3,0,0,252,16,11,11,3.667,0,1,1,4,2,,,2,Rat|Rat,floor1_town;companion_join:Rat;companion_join:Rat
152,12496,2,Normal,27,4,4,4,0,37,45,0,3,65,0,1,2,0,6,3,4,0,3,0,0,364,8,18,18,4.5,0,1,1,5,3,,,1,Rat|Rat|Rat,companion_join:Rat; +1 levelup
152,12496,3,Normal,27,3,3,3,0,45,45,3,3,60,0,2,2,4,0,3,1,3,3,2,0,300,19,10,10,3.333,0,1,1,6,1,,Swords_T1_03=2,0,Rat|Rat|Rat,
152,12496,4,Normal,29,4,4,4,0,45,37,3,3,50,0,2,2,0,3,2,1,0,1,0,0,280,21,14,14,3.5,0,1,1,7,3,,,1,Rat|Rat|Rat|Rat,companion_join:Rat
152,12496,5,Normal,39,2,2,2,0,37,45,3,3,20,0,2,2,0,0,1,1,3,3,0,0,112,13,5,5,2.5,0,1,1,8,1,,,1,Rat|Rat|Rat|Rat|Rat,companion_join:Rat
152,12496,6,Normal,37,4,4,4,0,45,45,3,3,50,0,2,2,0,4,0,1,0,3,2,0,280,11,13,13,3.25,0,1,1,9,3,,Swords_T1_03=2,2,Rat|Rat|Rat|Rat|Rat|Rat|Rat,companion_join:Rat;companion_join:Rat
152,12496,7,Normal,25,3,3,2,1,45,4,3,5,35,0,2,3,1,0,3,0,0,0,3,0,198,60,10,8,4,0,1,1,9,4,,Swords_T1_03=1|Swords_T1_04=2,0,Rat|Rat|Rat|Rat|Rat|Rat|Rat,+1 levelup; flee×1
152,12496,8,Normal,3,1,1,0,0,4,0,5,5,0,0,3,3,0,3,3,0,0,0,2,0,131,52,6,0,0,1,0,0,15,1,RH=Crude Sword|LH=Crude Sword|BD=Crude Armour|A1=Crude Bracelet|A2=Crude Bracelet,Swords_T1_04=2,0,Rat|Rat|Rat|Rat|Rat|Rat|Rat,party wiped
153,12497,1,Normal,35,4,4,4,0,37,37,0,0,40,0,1,1,0,1,0,1,3,3,0,0,224,24,9,9,2.25,0,1,1,5,2,,,0,-,floor1_town
153,12497,2,Normal,38,3,3,3,0,37,37,0,0,40,0,1,1,0,3,3,3,0,0,0,0,224,0,10,10,3.333,0,1,1,5,3,,,1,Rat,companion_join:Rat
153,12497,3,Normal,27,4,4,3,0,37,0,0,2,108,0,1,2,5,6,6,0,0,0,3,0,600,73,20,19,6.333,1,0,0,12,4,RH=Crude Sword|LH=Crude Sword|BD=Crude Armour|A1=Crude Bracelet|A2=Crude Bracelet,Swords_T1_03=3,0,Rat,party wiped; +1 levelup
154,12498,1,Normal,33,4,4,4,0,37,37,0,0,35,0,1,1,0,3,0,2,3,3,0,0,196,16,11,11,2.75,0,1,1,5,1,,,2,Rat|Rat,floor1_town;companion_join:Rat;companion_join:Rat
154,12498,2,Normal,36,6,6,6,0,37,44,0,2,85,0,1,2,0,6,6,2,0,0,1,0,476,21,24,24,4,0,1,1,6,2,,Swords_T1_03=1,1,Rat|Rat|Rat,companion_join:Rat; +1 levelup
154,12498,3,Normal,12,1,1,0,0,44,0,2,2,0,0,2,2,1,0,0,1,0,0,0,0,104,44,3,0,0,1,0,0,6,2,RH=Crude Sword|LH=Crude Sword|BD=Crude Armour|A1=Crude Bracelet|A2=Crude Bracelet,,0,Rat|Rat|Rat,party wiped
155,12499,1,Normal,31,3,3,3,0,37,37,0,0,50,0,1,1,0,7,2,0,3,3,0,0,280,8,13,13,4.333,0,1,1,4,4,,,1,Rat,floor1_town;companion_join:Rat
155,12499,2,Normal,35,4,4,4,0,37,37,0,0,45,0,1,1,0,3,2,2,3,3,0,0,252,8,12,12,3,0,1,1,5,2,,,2,Rat|Rat|Rat,companion_join:Rat;companion_join:Rat
155,12499,3,Normal,26,4,4,4,0,37,46,0,3,108,0,1,2,2,6,6,0,0,0,3,0,540,11,17,17,4.25,0,1,1,12,3,,Swords_T1_03=3,1,Rat|Rat|Rat|Goblin,companion_join:Goblin; +1 levelup
155,12499,4,Normal,36,3,3,2,1,46,37,3,3,15,0,2,2,0,0,0,0,3,3,2,0,140,40,5,3,1.5,0,1,1,13,1,,Swords_T1_03=2,0,Rat|Rat|Rat|Goblin,flee×1
155,12499,5,Normal,36,1,1,1,0,37,46,3,3,15,0,2,2,0,2,0,0,1,3,0,0,84,-9,3,3,3,0,1,1,13,3,,,1,Rat|Rat|Rat|Goblin|Rat,companion_join:Rat
155,12499,6,Normal,34,3,3,3,0,46,8,3,3,35,0,2,2,0,1,3,0,0,0,0,0,196,38,12,12,4,0,1,1,13,4,,,2,Rat|Rat|Rat|Goblin|Rat|Rat|Rat,companion_join:Rat;companion_join:Rat
155,12499,7,Normal,31,3,3,3,0,8,46,3,3,30,0,2,2,0,2,0,0,1,3,3,0,168,-3,6,6,2,0,1,1,14,2,,Swords_T1_03=3,1,Rat|Rat|Rat|Goblin|Rat|Rat|Rat|Rat,companion_join:Rat
155,12499,8,Normal,12,1,1,0,0,46,0,3,3,0,0,2,2,0,0,0,0,3,3,1,0,50,45,1,0,0,1,0,0,20,2,RH=Crude Sword|LH=Crude Sword|BD=Crude Armour|A1=Crude Bracelet|A2=Crude Bracelet,Swords_T1_03=1,0,Rat|Rat|Rat|Goblin|Rat|Rat|Rat|Rat,party wiped
156,12500,1,Normal,29,2,2,2,0,37,37,0,0,35,0,1,1,1,6,3,1,3,3,0,0,196,8,12,12,6,0,1,1,3,3,,,2,Rat|Rat,floor1_town;companion_join:Rat;companion_join:Rat
156,12500,2,Normal,27,2,2,2,0,37,37,0,0,35,0,1,1,0,5,1,2,0,2,0,0,196,8,10,10,5,0,1,1,4,4,,,1,Rat|Rat|Rat,companion_join:Rat
156,12500,3,Normal,6,1,1,0,0,37,0,0,0,0,0,1,1,0,3,3,2,0,0,0,0,146,37,4,0,0,1,0,0,10,4,RH=Crude Sword|LH=Crude Sword|BD=Crude Armour|A1=Crude Bracelet|A2=Crude Bracelet,,0,Rat|Rat|Rat,party wiped
157,12501,1,Normal,27,3,3,3,0,37,37,0,0,25,0,1,1,0,0,0,0,3,3,0,0,140,8,5,5,1.667,0,1,1,4,2,,,1,Rat,floor1_town;companion_join:Rat
157,12501,2,Normal,29,4,4,4,0,37,37,0,0,35,0,1,1,0,2,0,0,3,3,0,0,196,14,9,9,2.25,0,1,1,6,1,,,2,Rat|Rat|Rat,companion_join:Rat;companion_join:Rat
157,12501,3,Normal,25,0,0,0,0,37,37,0,0,0,0,1,1,0,0,0,2,3,3,0,0,0,0,0,0,0,0,1,1,6,0,,,0,Rat|Rat|Rat,
157,12501,4,Normal,31,3,3,3,0,37,37,0,0,35,0,1,1,1,3,1,1,3,3,0,0,196,8,9,9,3,0,1,1,7,2,,,1,Rat|Rat|Rat|Rat,companion_join:Rat
157,12501,5,Normal,26,4,4,4,0,37,31,0,1,45,0,1,2,0,3,0,1,0,3,0,0,252,13,11,11,2.75,0,1,1,7,2,,,1,Rat|Rat|Rat|Rat|Rat,companion_join:Rat; +1 levelup
157,12501,6,Normal,31,4,4,4,0,31,44,1,1,45,0,2,2,0,4,0,1,2,3,1,0,252,12,10,10,2.5,0,1,1,9,1,,Swords_T1_03=1,2,Rat|Rat|Rat|Rat|Rat|Rat|Rat,companion_join:Rat;companion_join:Rat
157,12501,7,Normal,28,4,4,4,0,44,42,1,1,30,0,2,2,0,2,0,1,0,3,2,0,168,0,7,7,1.75,0,1,1,9,1,,Swords_T1_03=2,3,Rat|Rat|Rat|Rat|Rat|Rat|Rat|Rat|Rat|Rat,companion_join:Rat;companion_join:Rat;companion_join:Rat
157,12501,8,Normal,5,1,1,0,0,42,0,1,1,0,0,2,2,0,3,0,1,0,3,2,0,126,42,2,0,0,1,0,0,15,3,RH=Crude Sword|LH=Crude Sword|BD=Crude Armour|A1=Crude Bracelet|A2=Crude Bracelet,Swords_T1_03=2,0,Rat|Rat|Rat|Rat|Rat|Rat|Rat|Rat|Rat|Rat,party wiped
158,12502,1,Normal,25,1,1,1,0,37,37,0,0,20,0,1,1,0,3,3,2,3,3,0,0,112,0,7,7,7,0,1,1,2,4,,,0,-,floor1_town
158,12502,2,Normal,37,5,5,5,0,37,37,0,0,45,0,1,1,0,3,2,4,0,1,0,0,252,0,10,10,2,0,1,1,2,2,,,3,Rat|Rat|Rat,companion_join:Rat;companion_join:Rat;companion_join:Rat
158,12502,3,Normal,37,4,4,4,0,37,41,0,2,96,0,1,2,2,6,4,2,0,0,2,0,480,1,15,15,3.75,0,1,1,14,2,,Swords_T1_03=2,2,Rat|Rat|Rat|Goblin|Goblin,companion_join:Goblin;companion_join:Goblin; +1 levelup
158,12502,4,Normal,35,4,4,4,0,41,38,2,2,50,0,2,2,1,3,1,1,0,2,3,0,280,13,14,14,3.5,0,1,1,15,2,,Swords_T1_03=3,1,Rat|Rat|Rat|Goblin|Goblin|Rat,companion_join:Rat
158,12502,5,Normal,33,3,3,3,0,38,43,2,2,25,0,2,2,0,0,2,1,0,0,1,0,140,-6,6,6,2,0,1,1,15,1,,Swords_T1_03=1,1,Rat|Rat|Rat|Goblin|Goblin|Rat|Rat,companion_join:Rat
158,12502,6,Normal,9,1,1,0,0,43,0,2,2,0,0,2,2,1,0,0,0,0,0,1,0,56,42,4,0,0,1,0,0,15,4,RH=Crude Sword|LH=Crude Sword|BD=Crude Armour|A1=Crude Bracelet|A2=Crude Bracelet,Swords_T1_03=1,0,Rat|Rat|Rat|Goblin|Goblin|Rat|Rat,party wiped
159,12503,1,Normal,39,6,6,6,0,37,46,0,1,105,0,1,2,0,15,7,0,3,3,0,0,588,45,31,31,5.167,0,1,1,7,3,,,2,Rat|Rat,floor1_town;companion_join:Rat;companion_join:Rat; +1 levelup
159,12503,2,Normal,27,3,3,2,1,46,9,1,1,30,0,2,2,1,3,3,0,0,0,2,0,224,35,12,9,4.5,0,1,1,7,4,,Swords_T1_03=2,1,Rat|Rat|Rat,companion_join:Rat; flee×1
159,12503,3,Normal,8,1,1,0,0,9,0,1,1,0,0,2,2,2,0,0,0,0,0,0,0,35,42,2,0,0,1,0,0,7,4,RH=Crude Sword|LH=Crude Sword|BD=Crude Armour|A1=Crude Bracelet|A2=Crude Bracelet,,0,Rat|Rat|Rat,party wiped
160,12504,1,Normal,37,5,5,5,0,37,37,0,0,70,0,1,1,0,8,0,1,3,3,0,0,392,16,15,15,3,0,1,1,6,4,,,2,Rat|Rat,floor1_town;companion_join:Rat;companion_join:Rat
160,12504,2,Normal,33,4,4,4,0,37,36,0,2,50,0,1,2,0,3,0,3,0,3,1,0,280,15,12,12,3,0,1,1,6,4,,Swords_T1_03=1,0,Rat|Rat,+1 levelup
160,12504,3,Normal,4,1,1,0,0,36,0,2,2,0,0,2,2,3,3,3,0,0,0,1,0,172,43,5,0,0,1,0,0,7,4,RH=Crude Sword|LH=Crude Sword|BD=Crude Armour|A1=Crude Bracelet|A2=Crude Bracelet,Swords_T1_03=1,0,Rat|Rat,party wiped
161,12505,1,Normal,35,4,4,4,0,37,37,0,0,60,0,1,1,0,8,4,0,3,3,0,0,336,8,18,18,4.5,0,1,1,5,4,,,2,Rat|Rat,floor1_town;companion_join:Rat;companion_join:Rat
161,12505,2,Normal,12,2,2,1,0,37,0,0,0,20,0,1,1,0,3,3,0,0,0,0,0,193,37,9,5,5,1,0,0,5,4,RH=Crude Sword|LH=Crude Sword|BD=Crude Armour|A1=Crude Bracelet|A2=Crude Bracelet,,0,Rat|Rat,party wiped
162,12506,1,Normal,33,5,5,5,0,37,37,0,0,85,0,1,1,1,12,9,0,3,3,0,0,476,40,27,27,5.4,0,1,1,6,4,,,3,Rat|Rat|Rat,floor1_town;companion_join:Rat;companion_join:Rat;companion_join:Rat
162,12506,2,Normal,25,3,3,3,0,37,31,0,2,45,0,1,2,0,3,3,0,0,0,1,0,252,21,14,14,4.667,0,1,1,6,2,,Swords_T1_03=1,1,Rat|Rat|Rat|Rat,companion_join:Rat; +1 levelup
162,12506,3,Normal,30,4,4,3,0,31,0,2,2,84,0,2,2,2,6,6,0,0,0,4,0,517,83,14,11,3.667,1,0,0,8,4,RH=Crude Sword|LH=Crude Sword|BD=Crude Armour|A1=Crude Bracelet|A2=Crude Bracelet,Swords_T1_03=4,0,Rat|Rat|Rat|Rat,party wiped
163,12507,1,Normal,31,4,4,4,0,37,37,0,0,60,0,1,1,0,7,1,2,3,3,0,0,336,30,16,16,4,0,1,1,5,4,,,2,Rat|Rat,floor1_town;companion_join:Rat;companion_join:Rat
163,12507,2,Normal,25,1,1,1,0,37,29,0,0,20,0,1,1,0,3,1,2,0,2,0,0,112,8,5,5,5,0,1,1,5,4,,,0,Rat|Rat,
163,12507,3,Normal,12,1,1,0,0,29,0,0,0,0,0,1,1,0,3,3,2,0,0,0,0,130,37,3,0,0,1,0,0,11,4,RH=Crude Sword|LH=Crude Sword|BD=Crude Armour|A1=Crude Bracelet|A2=Crude Bracelet,,0,Rat|Rat,party wiped
164,12508,1,Normal,29,4,4,4,0,37,37,0,0,45,0,1,1,0,6,3,1,3,3,0,0,252,0,13,13,3.25,0,1,1,5,1,,,1,Rat,floor1_town;companion_join:Rat
164,12508,2,Normal,26,3,3,3,0,37,37,0,0,40,0,1,1,0,3,2,3,0,1,0,0,224,0,11,11,3.667,0,1,1,5,2,,,2,Rat|Rat|Rat,companion_join:Rat;companion_join:Rat
164,12508,3,Normal,39,5,5,5,0,37,32,0,2,84,0,1,2,2,3,3,2,0,0,3,0,420,22,14,14,2.8,0,1,1,11,2,,Swords_T1_03=3,1,Rat|Rat|Rat|Goblin,companion_join:Goblin; +1 levelup
164,12508,4,Normal,37,3,3,3,0,32,46,2,2,55,0,2,2,2,3,3,0,0,0,2,0,308,-2,15,15,5,0,1,1,12,4,,Swords_T1_03=2,1,Rat|Rat|Rat|Goblin|Rat,companion_join:Rat
164,12508,5,Normal,40,5,5,4,1,46,31,2,2,50,0,2,2,0,3,3,0,0,0,4,0,336,60,17,15,3.75,0,1,1,13,1,,Swords_T1_03=4,3,Rat|Rat|Rat|Goblin|Rat|Rat|Rat|Rat,companion_join:Rat;companion_join:Rat;companion_join:Rat; flee×1
164,12508,6,Normal,33,4,4,4,0,31,54,2,5,35,0,2,3,0,1,0,0,2,3,2,0,196,8,7,7,1.75,0,1,1,14,2,,Swords_T1_03=2,1,Rat|Rat|Rat|Goblin|Rat|Rat|Rat|Rat|Rat,companion_join:Rat; +1 levelup
164,12508,7,Normal,36,2,2,2,0,54,46,5,5,20,0,3,3,0,1,0,0,1,3,0,0,112,8,4,4,2,0,1,1,14,3,,,2,Rat|Rat|Rat|Goblin|Rat|Rat|Rat|Rat|Rat|Rat|Rat,companion_join:Rat;companion_join:Rat
164,12508,8,Normal,40,0,0,0,0,46,46,5,5,0,0,3,3,0,0,0,0,1,3,0,0,0,0,0,0,0,0,1,1,14,0,,,0,Rat|Rat|Rat|Goblin|Rat|Rat|Rat|Rat|Rat|Rat|Rat,
164,12508,9,Normal,10,2,2,1,0,46,0,5,5,20,0,3,3,0,1,3,0,0,0,3,0,140,42,7,4,4,1,0,0,14,4,RH=Crude Sword|LH=Crude Sword|BD=Crude Armour|A1=Crude Bracelet|A2=Crude Bracelet,Swords_T1_03=2|Swords_T1_04=1,1,Rat|Rat|Rat|Goblin|Rat|Rat|Rat|Rat|Rat|Rat|Rat|Rat,companion_join:Rat; party wiped
165,12509,1,Normal,27,4,4,4,0,37,37,0,0,45,0,1,1,0,3,0,2,3,3,0,0,252,16,10,10,2.5,0,1,1,5,3,,,0,-,floor1_town
165,12509,2,Normal,33,4,4,4,0,37,24,0,0,50,0,1,1,0,3,3,2,0,0,0,0,280,13,13,13,3.25,0,1,1,5,3,,,1,Rat,companion_join:Rat
165,12509,3,Normal,16,3,3,2,0,24,0,0,2,36,0,1,2,2,3,3,0,0,0,1,0,378,45,11,6,3,1,0,0,11,4,RH=Crude Sword|LH=Crude Sword|BD=Crude Armour|A1=Crude Bracelet|A2=Crude Bracelet,Swords_T1_03=1,0,Rat,party wiped; +1 levelup
166,12510,1,Normal,25,2,2,2,0,37,37,0,0,15,0,1,1,0,1,0,0,3,3,0,0,84,8,4,4,2,0,1,1,3,2,,,1,Rat,floor1_town;companion_join:Rat
166,12510,2,Normal,27,2,2,2,0,37,37,0,0,25,0,1,1,0,3,1,2,3,3,0,0,140,8,8,8,4,0,1,1,4,1,,,0,Rat,
166,12510,3,Normal,12,1,1,0,0,37,0,0,0,0,0,1,1,2,3,3,2,0,0,0,0,113,37,4,0,0,1,0,0,10,4,RH=Crude Sword|LH=Crude Sword|BD=Crude Armour|A1=Crude Bracelet|A2=Crude Bracelet,,0,Rat,party wiped
167,12511,1,Normal,39,4,4,4,0,37,37,0,0,80,0,1,1,0,12,2,2,3,3,0,0,448,16,22,22,5.5,0,1,1,5,4,,,1,Rat,floor1_town;companion_join:Rat
167,12511,2,Normal,30,4,4,4,0,37,32,0,2,80,0,1,2,1,6,6,1,0,0,1,0,448,33,22,22,5.5,0,1,1,6,4,,Swords_T1_03=1,1,Rat|Rat,companion_join:Rat; +1 levelup
167,12511,3,Normal,32,3,3,2,0,32,0,2,2,36,0,2,2,2,3,3,0,0,0,2,0,270,43,8,5,2.5,1,0,0,7,4,RH=Crude Sword|LH=Crude Sword|BD=Crude Armour|A1=Crude Bracelet|A2=Crude Bracelet,Swords_T1_03=2,1,Rat|Rat|Goblin,companion_join:Goblin; party wiped
168,12512,1,Normal,37,5,5,5,0,37,37,0,0,75,0,1,1,0,9,4,0,3,3,0,0,420,16,20,20,4,0,1,1,6,4,,,3,Rat|Rat|Rat,floor1_town;companion_join:Rat;companion_join:Rat;companion_join:Rat
168,12512,2,Normal,31,3,3,2,1,37,37,0,0,20,0,1,1,0,3,3,0,3,3,0,0,196,29,9,5,2.5,0,1,1,7,1,,,0,Rat|Rat|Rat,flee×1
168,12512,3,Normal,4,1,1,0,0,37,0,0,0,0,0,1,1,0,3,3,0,0,0,0,0,103,37,3,0,0,1,0,0,13,4,RH=Crude Sword|LH=Crude Sword|BD=Crude Armour|A1=Crude Bracelet|A2=Crude Bracelet,,0,Rat|Rat|Rat,party wiped
169,12513,1,Normal,35,6,6,6,0,37,37,0,0,55,0,1,1,0,4,0,1,3,3,0,0,308,22,14,14,2.333,0,1,1,7,2,,,4,Rat|Rat|Rat|Rat,floor1_town;companion_join:Rat;companion_join:Rat;companion_join:Rat;companion_join:Rat
169,12513,2,Normal,35,5,5,5,0,37,36,0,3,75,0,1,2,2,6,4,0,3,3,1,0,420,46,22,22,4.4,0,1,1,9,2,,Swords_T1_03=1,0,Rat|Rat|Rat|Rat,+1 levelup
169,12513,3,Normal,20,2,2,1,0,36,0,3,3,24,0,2,2,0,3,3,0,0,0,2,0,262,42,6,3,3,1,0,0,10,3,RH=Crude Sword|LH=Crude Sword|BD=Crude Armour|A1=Crude Bracelet|A2=Crude Bracelet,Swords_T1_03=2,1,Rat|Rat|Rat|Rat|Goblin,companion_join:Goblin; party wiped
170,12514,1,Normal,33,3,3,3,0,37,37,0,0,55,0,1,1,0,8,3,0,3,3,0,0,308,8,14,14,4.667,0,1,1,4,4,,,0,-,floor1_town
170,12514,2,Normal,28,5,5,5,0,37,44,0,1,50,0,1,2,0,4,1,0,2,3,1,0,280,24,13,13,2.6,0,1,1,6,1,,Swords_T1_03=1,2,Rat|Rat,companion_join:Rat;companion_join:Rat; +1 levelup
170,12514,3,Normal,39,3,3,2,1,44,12,1,1,60,0,2,2,2,2,3,0,0,0,2,0,300,30,10,9,4.5,0,1,1,6,3,,Swords_T1_03=2,1,Rat|Rat|Goblin,companion_join:Goblin; flee×1
170,12514,4,Normal,38,5,5,5,0,12,32,1,1,50,0,2,2,0,3,3,0,0,0,3,0,280,10,14,14,2.8,0,1,1,7,4,,Swords_T1_03=3,2,Rat|Rat|Goblin|Rat|Rat,companion_join:Rat;companion_join:Rat
170,12514,5,Normal,35,5,5,5,0,32,53,1,3,85,0,2,3,0,6,6,0,0,0,3,0,476,53,24,24,4.8,0,1,1,9,3,,Swords_T1_03=3,4,Rat|Rat|Goblin|Rat|Rat|Rat|Rat|Rat|Rat,companion_join:Rat;companion_join:Rat;companion_join:Rat;companion_join:Rat; +1 levelup
170,12514,6,Normal,37,5,5,4,1,53,53,3,3,30,0,3,3,0,0,0,0,3,3,2,0,224,38,9,7,1.75,0,1,1,10,2,,Swords_T1_03=2,2,Rat|Rat|Goblin|Rat|Rat|Rat|Rat|Rat|Rat|Rat|Rat,companion_join:Rat;companion_join:Rat; flee×1
170,12514,7,Normal,29,1,1,1,0,53,38,3,3,10,0,3,3,0,0,0,0,3,3,1,0,56,13,2,2,2,0,1,1,10,2,,Swords_T1_03=1,0,Rat|Rat|Goblin|Rat|Rat|Rat|Rat|Rat|Rat|Rat|Rat,
170,12514,8,Normal,13,2,2,1,0,38,0,3,3,60,0,3,3,0,5,1,0,1,3,3,0,151,56,5,4,4,1,0,0,22,4,RH=Crude Sword|LH=Crude Sword|BD=Crude Armour|A1=Crude Bracelet|A2=Crude Bracelet,Swords_T1_03=1|Swords_T1_04=2,0,Rat|Rat|Goblin|Rat|Rat|Rat|Rat|Rat|Rat|Rat|Rat,party wiped
171,12515,1,Normal,31,4,4,4,0,37,37,0,0,65,0,1,1,0,8,3,1,3,3,0,0,364,24,19,19,4.75,0,1,1,5,4,,,1,Rat,floor1_town;companion_join:Rat
171,12515,2,Normal,25,3,3,3,0,37,45,0,2,40,0,1,2,0,5,0,3,0,3,0,0,224,16,12,12,4,0,1,1,6,3,,,1,Rat|Rat,companion_join:Rat; +1 levelup
171,12515,3,Normal,32,1,1,1,0,45,44,2,2,12,0,2,2,0,0,0,5,0,3,1,0,60,0,1,1,1,0,1,1,6,1,,Swords_T1_03=1,0,Rat|Rat,
171,12515,4,Normal,35,2,2,2,0,44,37,2,2,25,0,2,2,0,3,1,5,0,3,1,0,140,19,11,11,5.5,0,1,1,7,3,,Swords_T1_03=1,0,Rat|Rat,
171,12515,5,Normal,33,4,4,4,0,37,32,2,2,65,0,2,2,0,3,6,5,0,0,2,0,364,24,17,17,4.25,0,1,1,8,3,,Swords_T1_03=2,1,Rat|Rat|Rat,companion_join:Rat
171,12515,6,Normal,40,5,5,5,0,32,39,2,2,55,0,2,2,0,3,3,5,0,0,2,0,308,4,15,15,3,0,1,1,9,1,,Swords_T1_03=2,2,Rat|Rat|Rat|Rat|Rat,companion_join:Rat;companion_join:Rat
171,12515,7,Normal,25,2,2,2,0,39,45,2,2,30,0,2,2,0,3,0,5,0,3,1,0,168,8,8,8,4,0,1,1,10,4,,Swords_T1_03=1,1,Rat|Rat|Rat|Rat|Rat|Rat,companion_join:Rat
171,12515,8,Normal,13,1,1,0,0,45,0,2,2,0,0,2,2,1,0,0,4,3,3,0,0,82,45,2,0,0,1,0,0,16,1,RH=Crude Sword|LH=Crude Sword|BD=Crude Armour|A1=Crude Bracelet|A2=Crude Bracelet,,0,Rat|Rat|Rat|Rat|Rat|Rat,party wiped
172,12516,1,Normal,29,2,2,2,0,37,37,0,0,20,0,1,1,0,1,0,0,3,3,0,0,112,0,5,5,2.5,0,1,1,3,1,,,0,-,floor1_town
172,12516,2,Normal,36,6,6,5,1,37,37,0,0,70,0,1,1,0,9,3,0,0,3,0,0,448,42,19,16,3.2,0,1,1,5,2,,,2,Rat|Rat,companion_join:Rat;companion_join:Rat; flee×1
172,12516,3,Normal,29,2,2,2,0,37,44,0,2,48,0,1,2,1,3,3,1,0,0,1,0,240,0,8,8,4,0,1,1,11,3,,Swords_T1_03=1,0,Rat|Rat,+1 levelup
172,12516,4,Normal,29,3,3,3,0,44,37,2,2,55,0,2,2,1,3,3,0,0,0,1,0,308,30,17,17,5.667,0,1,1,12,3,,Swords_T1_03=1,1,Rat|Rat|Rat,companion_join:Rat
172,12516,5,Normal,39,4,4,3,1,37,32,2,2,40,0,2,2,0,3,1,0,0,2,2,0,252,36,11,10,3.333,0,1,1,13,3,,Swords_T1_03=2,2,Rat|Rat|Rat|Rat|Rat,companion_join:Rat;companion_join:Rat; flee×1
172,12516,6,Normal,30,3,3,3,0,32,39,2,2,35,0,2,2,0,2,0,0,1,3,2,0,196,4,8,8,2.667,0,1,1,14,1,,Swords_T1_03=2,3,Rat|Rat|Rat|Rat|Rat|Rat|Rat|Rat,companion_join:Rat;companion_join:Rat;companion_join:Rat
172,12516,7,Normal,35,4,4,4,0,39,53,2,5,50,0,2,3,0,2,3,0,2,3,2,0,280,28,13,13,3.25,0,1,1,16,2,,Swords_T1_03=1|Swords_T1_04=1,2,Rat|Rat|Rat|Rat|Rat|Rat|Rat|Rat|Rat|Rat,companion_join:Rat;companion_join:Rat; +1 levelup
172,12516,8,Normal,9,2,2,0,1,53,0,5,5,0,0,3,3,0,6,6,0,0,0,3,0,127,99,6,0,0,1,0,0,28,2,RH=Crude Sword|LH=Crude Sword|BD=Crude Armour|A1=Crude Bracelet|A2=Crude Bracelet,Swords_T1_03=2|Swords_T1_04=1,0,Rat|Rat|Rat|Rat|Rat|Rat|Rat|Rat|Rat|Rat,party wiped; flee×1
173,12517,1,Normal,27,4,4,4,0,37,37,0,0,40,0,1,1,0,3,0,1,3,3,0,0,224,8,8,8,2,0,1,1,5,2,,,0,-,floor1_town
173,12517,2,Normal,27,3,3,3,0,37,37,0,0,30,0,1,1,0,3,0,3,0,3,0,0,168,0,7,7,2.333,0,1,1,5,1,,,0,-,
173,12517,3,Normal,30,4,4,3,0,37,0,0,2,48,0,1,2,3,4,3,0,0,0,1,0,335,44,11,8,2.667,1,0,0,17,4,RH=Crude Sword|LH=Crude Sword|BD=Crude Armour|A1=Crude Bracelet|A2=Crude Bracelet,Swords_T1_03=1,1,Goblin,companion_join:Goblin; party wiped; +1 levelup
174,12518,1,Normal,25,2,2,2,0,37,37,0,0,20,0,1,1,0,3,0,2,3,3,0,0,112,0,6,6,3,0,1,1,3,3,,,1,Rat,floor1_town;companion_join:Rat
174,12518,2,Normal,27,2,2,2,0,37,37,0,0,10,0,1,1,0,0,0,2,3,3,0,0,56,6,3,3,1.5,0,1,1,4,1,,,1,Rat|Rat,companion_join:Rat
174,12518,3,Normal,34,3,3,2,1,37,9,0,0,48,0,1,1,3,7,6,0,0,0,0,0,360,31,14,10,5,0,1,1,22,3,,,1,Rat|Rat|Goblin,companion_join:Goblin; flee×1
174,12518,4,Normal,31,4,4,3,1,9,9,0,3,50,0,1,2,0,3,3,0,0,0,2,0,336,62,15,13,4.333,0,1,1,23,3,,Swords_T1_03=2,0,Rat|Rat|Goblin,+1 levelup; flee×1
174,12518,5,Normal,40,2,2,2,0,9,23,3,3,40,0,2,2,0,3,3,0,0,0,0,0,224,21,11,11,5.5,0,1,1,24,4,,,0,Rat|Rat|Goblin,
174,12518,6,Normal,31,4,4,4,0,23,23,3,3,50,0,2,2,0,3,3,0,0,0,2,0,280,19,14,14,3.5,0,1,1,25,3,,Swords_T1_03=2,4,Rat|Rat|Goblin|Rat|Rat|Rat|Rat,companion_join:Rat;companion_join:Rat;companion_join:Rat;companion_join:Rat
174,12518,7,Normal,34,6,6,6,0,23,52,3,6,90,0,2,3,0,6,3,0,3,3,3,0,504,51,23,23,3.833,0,1,1,29,2,,Swords_T1_03=3,2,Rat|Rat|Goblin|Rat|Rat|Rat|Rat|Rat|Rat,companion_join:Rat;companion_join:Rat; +1 levelup
174,12518,8,Normal,3,1,1,0,0,52,0,6,6,0,0,3,3,0,3,3,0,0,0,1,0,190,50,5,0,0,1,0,0,35,3,RH=Crude Sword|LH=Crude Sword|BD=Crude Armour|A1=Crude Bracelet|A2=Crude Bracelet,Swords_T1_03=1,0,Rat|Rat|Goblin|Rat|Rat|Rat|Rat|Rat|Rat,party wiped
175,12519,1,Normal,39,4,4,4,0,37,37,0,0,50,0,1,1,0,6,1,1,3,3,0,0,280,30,15,15,3.75,0,1,1,5,1,,,0,-,floor1_town
175,12519,2,Normal,32,2,2,2,0,37,37,0,0,15,0,1,1,0,3,0,3,0,3,0,0,84,0,7,7,3.5,0,1,1,5,1,,,1,Rat,companion_join:Rat
175,12519,3,Normal,36,4,4,3,0,37,0,0,2,84,0,1,2,5,6,6,0,0,0,0,0,457,45,17,16,5.333,1,0,0,17,4,RH=Crude Sword|LH=Crude Sword|BD=Crude Armour|A1=Crude Bracelet|A2=Crude Bracelet,,1,Rat|Goblin,companion_join:Goblin; party wiped; +1 levelup
176,12520,1,Normal,37,5,5,5,0,37,37,0,0,50,0,1,1,0,5,1,2,3,3,0,0,280,12,13,13,2.6,0,1,1,6,1,,,1,Rat,floor1_town;companion_join:Rat
176,12520,2,Normal,39,6,6,6,0,37,37,0,1,70,0,1,2,0,5,0,2,0,3,0,0,392,32,17,17,2.833,0,1,1,8,1,,,2,Rat|Rat|Rat,companion_join:Rat;companion_join:Rat; +1 levelup
176,12520,3,Normal,35,4,4,4,0,37,44,1,1,72,0,2,2,0,3,0,2,0,3,3,0,360,-2,9,9,2.25,0,1,1,9,1,,Swords_T1_03=3,1,Rat|Rat|Rat|Goblin,companion_join:Goblin
176,12520,4,Normal,39,9,9,9,0,44,45,1,1,100,0,2,2,2,3,5,0,0,0,5,0,560,7,25,25,2.778,0,1,1,10,1,,Swords_T1_03=5,2,Rat|Rat|Rat|Goblin|Rat|Rat,companion_join:Rat;companion_join:Rat
176,12520,5,Normal,28,3,3,2,1,45,54,1,3,20,0,2,3,0,1,0,0,2,3,1,0,168,37,6,4,2,0,1,1,11,3,,Swords_T1_03=1,0,Rat|Rat|Rat|Goblin|Rat|Rat,+1 levelup; flee×1
176,12520,6,Normal,37,6,6,6,0,54,49,3,3,55,0,3,3,0,2,2,0,0,1,2,0,308,3,13,13,2.167,0,1,1,11,1,,Swords_T1_03=1|Swords_T1_04=1,1,Rat|Rat|Rat|Goblin|Rat|Rat|Rat,companion_join:Rat
176,12520,7,Normal,37,3,3,3,0,49,47,3,3,20,0,3,3,0,0,1,0,0,0,1,0,112,2,5,5,1.667,0,1,1,11,1,,Swords_T1_04=1,2,Rat|Rat|Rat|Goblin|Rat|Rat|Rat|Rat|Rat,companion_join:Rat;companion_join:Rat
176,12520,8,Normal,16,1,1,0,0,47,0,3,3,0,0,3,3,0,3,2,0,0,1,2,0,61,52,2,0,0,1,0,0,17,3,RH=Crude Sword|LH=Crude Sword|BD=Crude Armour|A1=Crude Bracelet|A2=Crude Bracelet,Swords_T1_03=1|Swords_T1_04=1,0,Rat|Rat|Rat|Goblin|Rat|Rat|Rat|Rat|Rat,party wiped
177,12521,1,Normal,35,5,5,5,0,37,37,0,0,50,0,1,1,0,5,0,0,3,3,0,0,280,8,12,12,2.4,0,1,1,6,2,,,2,Rat|Rat,floor1_town;companion_join:Rat;companion_join:Rat
177,12521,2,Normal,19,3,3,2,0,37,0,0,0,15,0,1,1,0,3,3,0,0,0,0,0,192,37,11,3,1.5,1,0,0,6,4,RH=Crude Sword|LH=Crude Sword|BD=Crude Armour|A1=Crude Bracelet|A2=Crude Bracelet,,1,Rat|Rat|Rat,companion_join:Rat; party wiped
178,12522,1,Normal,33,6,6,6,0,37,37,0,0,70,0,1,1,0,8,4,2,3,3,0,0,392,30,21,21,3.5,0,1,1,7,3,,,4,Rat|Rat|Rat|Rat,floor1_town;companion_join:Rat;companion_join:Rat;companion_join:Rat;companion_join:Rat
178,12522,2,Normal,38,5,5,5,0,37,44,0,2,40,0,1,2,0,3,1,4,0,2,1,0,224,0,11,11,2.2,0,1,1,7,2,,Swords_T1_03=1,2,Rat|Rat|Rat|Rat|Rat|Rat,companion_join:Rat;companion_join:Rat; +1 levelup
178,12522,3,Normal,38,6,6,5,0,44,0,2,2,156,0,2,2,4,9,10,0,0,0,5,0,988,117,33,27,5.4,1,0,0,10,4,RH=Crude Sword|LH=Crude Sword|BD=Crude Armour|A1=Crude Bracelet|A2=Crude Bracelet,Swords_T1_03=5,1,Rat|Rat|Rat|Rat|Rat|Rat|Goblin,companion_join:Goblin; party wiped
179,12523,1,Normal,31,5,5,5,0,37,37,0,0,55,0,1,1,0,6,0,0,3,3,0,0,308,0,13,13,2.6,0,1,1,6,1,,,1,Rat,floor1_town;companion_join:Rat
179,12523,2,Normal,33,6,6,6,0,37,24,0,1,85,0,1,2,1,6,6,1,0,0,2,0,476,35,26,26,4.333,0,1,1,7,4,,Swords_T1_03=2,0,Rat,+1 levelup
179,12523,3,Normal,30,3,3,1,1,24,0,1,1,24,0,2,2,2,6,6,0,0,0,1,0,338,86,11,4,4,1,0,0,9,4,RH=Crude Sword|LH=Crude Sword|BD=Crude Armour|A1=Crude Bracelet|A2=Crude Bracelet,Swords_T1_03=1,0,Rat,party wiped; flee×1
180,12524,1,Normal,29,3,3,3,0,37,37,0,0,30,0,1,1,0,2,0,1,3,3,0,0,168,0,6,6,2,0,1,1,4,3,,,0,-,floor1_town
180,12524,2,Normal,29,4,4,4,0,37,46,0,2,70,0,1,2,0,8,3,1,1,3,0,0,392,24,18,18,4.5,0,1,1,6,4,,,1,Rat,companion_join:Rat; +1 levelup
180,12524,3,Normal,39,2,2,2,0,46,45,2,2,24,0,2,2,0,1,0,2,2,3,2,0,120,11,4,4,2,0,1,1,7,1,,Swords_T1_03=2,1,Rat|Goblin,companion_join:Goblin
180,12524,4,Normal,25,1,1,1,0,45,37,2,2,10,0,2,2,0,0,0,2,2,3,0,0,56,8,2,2,2,0,1,1,7,2,,,0,Rat|Goblin,
180,12524,5,Normal,35,5,5,5,0,37,45,2,2,45,0,2,2,0,2,2,2,0,1,3,0,252,3,11,11,2.2,0,1,1,7,1,,Swords_T1_03=3,1,Rat|Goblin|Rat,companion_join:Rat
180,12524,6,Normal,36,2,2,2,0,45,46,2,2,35,0,2,2,2,2,1,0,1,3,2,0,196,28,12,12,6,0,1,1,8,3,,Swords_T1_03=2,0,Rat|Goblin|Rat,
180,12524,7,Normal,30,4,4,4,0,46,30,2,2,50,0,2,2,0,1,3,0,0,0,1,0,280,15,13,13,3.25,0,1,1,8,2,,Swords_T1_03=1,3,Rat|Goblin|Rat|Rat|Rat|Rat,companion_join:Rat;companion_join:Rat;companion_join:Rat
180,12524,8,Normal,8,1,1,0,0,30,0,2,2,0,0,2,2,0,2,0,0,1,3,1,0,50,45,2,0,0,1,0,0,14,2,RH=Crude Sword|LH=Crude Sword|BD=Crude Armour|A1=Crude Bracelet|A2=Crude Bracelet,Swords_T1_03=1,0,Rat|Goblin|Rat|Rat|Rat|Rat,party wiped
181,12525,1,Normal,9,2,2,1,0,37,0,0,0,15,0,1,1,0,5,3,0,0,0,0,0,193,37,11,4,4,1,0,0,2,4,RH=Crude Sword|LH=Crude Sword|BD=Crude Armour|A1=Crude Bracelet|A2=Crude Bracelet,,0,-,floor1_town; party wiped
182,12526,1,Normal,25,3,3,3,0,37,37,0,0,55,0,1,1,0,8,4,1,3,3,0,0,308,16,18,18,6,0,1,1,4,3,,,1,Rat,floor1_town;companion_join:Rat
182,12526,2,Normal,25,3,3,3,0,37,37,0,0,20,0,1,1,0,1,0,2,3,3,0,0,112,8,5,5,1.667,0,1,1,5,1,,,1,Rat|Rat,companion_join:Rat
182,12526,3,Normal,38,4,4,3,0,37,0,0,3,48,0,1,2,4,5,3,0,0,0,2,0,431,43,13,8,2.667,1,0,0,17,4,RH=Crude Sword|LH=Crude Sword|BD=Crude Armour|A1=Crude Bracelet|A2=Crude Bracelet,Swords_T1_03=2,1,Rat|Rat|Goblin,companion_join:Goblin; party wiped; +1 levelup
183,12527,1,Normal,39,6,6,6,0,37,37,0,0,90,0,1,1,1,12,3,1,3,3,0,0,504,25,29,29,4.833,0,1,1,7,3,,,4,Rat|Rat|Rat|Rat,floor1_town;companion_join:Rat;companion_join:Rat;companion_join:Rat;companion_join:Rat
183,12527,2,Normal,29,3,3,3,0,37,45,0,2,25,0,1,2,0,1,0,1,2,3,1,0,140,-1,5,5,1.667,0,1,1,7,3,,Swords_T1_03=1,2,Rat|Rat|Rat|Rat|Rat|Rat,companion_join:Rat;companion_join:Rat; +1 levelup
183,12527,3,Normal,5,1,1,0,0,45,0,2,2,0,0,2,2,2,2,3,0,0,0,0,0,129,45,4,0,0,1,0,0,7,4,RH=Crude Sword|LH=Crude Sword|BD=Crude Armour|A1=Crude Bracelet|A2=Crude Bracelet,,0,Rat|Rat|Rat|Rat|Rat|Rat,party wiped
184,12528,1,Normal,37,6,6,6,0,37,37,0,0,65,0,1,1,0,6,4,1,3,3,0,0,364,14,18,18,3,0,1,1,7,1,,,2,Rat|Rat,floor1_town;companion_join:Rat;companion_join:Rat
184,12528,2,Normal,37,4,4,4,0,37,34,0,1,45,0,1,2,0,3,1,1,0,2,1,0,252,26,12,12,3,0,1,1,8,2,,Swords_T1_03=1,0,Rat|Rat,+1 levelup
184,12528,3,Normal,2,1,1,0,0,34,0,1,1,0,0,2,2,3,3,3,0,0,0,0,0,148,45,5,0,0,1,0,0,9,4,RH=Crude Sword|LH=Crude Sword|BD=Crude Armour|A1=Crude Bracelet|A2=Crude Bracelet,,0,Rat|Rat,party wiped
185,12529,1,Normal,34,5,5,5,0,37,37,0,0,55,0,1,1,0,5,2,2,3,3,0,0,308,16,14,14,2.8,0,1,1,6,4,,,0,-,floor1_town
185,12529,2,Normal,29,5,5,5,0,37,45,0,2,50,0,1,2,1,3,3,1,3,3,0,0,280,13,14,14,2.8,0,1,1,7,2,,,0,-,+1 levelup
185,12529,3,Normal,16,4,4,3,0,45,0,2,2,96,0,2,2,2,6,6,0,0,0,4,0,540,45,17,16,5.333,1,0,0,8,4,RH=Crude Sword|LH=Crude Sword|BD=Crude Armour|A1=Crude Bracelet|A2=Crude Bracelet,Swords_T1_03=4,0,-,party wiped
186,12530,1,Normal,32,4,4,4,0,37,37,0,0,55,0,1,1,0,6,2,0,3,3,0,0,308,24,12,12,3,0,1,1,5,2,,,2,Rat|Rat,floor1_town;companion_join:Rat;companion_join:Rat
186,12530,2,Normal,26,2,2,2,0,37,37,0,0,15,0,1,1,0,0,0,0,3,3,0,0,84,0,3,3,1.5,0,1,1,5,2,,,1,Rat|Rat|Rat,companion_join:Rat
186,12530,3,Normal,22,3,3,1,1,37,0,0,0,24,0,1,1,0,9,7,0,0,0,0,0,360,73,14,5,5,1,0,0,23,3,RH=Crude Sword|LH=Crude Sword|BD=Crude Armour|A1=Crude Bracelet|A2=Crude Bracelet,,0,Rat|Rat|Rat,party wiped; flee×1
187,12531,1,Normal,30,2,2,2,0,37,37,0,0,15,0,1,1,0,0,0,2,3,3,0,0,84,8,3,3,1.5,0,1,1,3,1,,,1,Rat,floor1_town;companion_join:Rat
187,12531,2,Normal,34,4,4,4,0,37,37,0,0,40,0,1,1,0,3,1,3,0,2,0,0,224,0,9,9,2.25,0,1,1,3,3,,,0,Rat,
187,12531,3,Normal,32,2,2,2,0,37,44,0,1,48,0,1,2,3,4,3,1,0,0,0,0,240,0,10,10,5,0,1,1,15,3,,,0,Rat,+1 levelup
187,12531,4,Normal,30,5,5,5,0,44,44,1,1,50,0,2,2,0,3,3,1,0,0,2,0,280,21,13,13,2.6,0,1,1,16,4,,Swords_T1_03=2,1,Rat|Rat,companion_join:Rat
187,12531,5,Normal,32,1,1,1,0,44,20,1,1,20,0,2,2,1,0,0,0,0,0,1,0,112,23,5,5,5,0,1,1,16,4,,Swords_T1_03=1,0,Rat|Rat,
187,12531,6,Normal,26,3,3,3,0,20,44,1,1,40,0,2,2,0,3,2,0,0,1,2,0,224,-2,10,10,3.333,0,1,1,17,4,,Swords_T1_03=2,0,Rat|Rat,
187,12531,7,Normal,17,2,2,1,0,44,0,1,1,10,0,2,2,0,0,1,0,0,0,2,0,134,42,5,2,2,1,0,0,17,4,RH=Crude Sword|LH=Crude Sword|BD=Crude Armour|A1=Crude Bracelet|A2=Crude Bracelet,Swords_T1_03=2,0,Rat|Rat,party wiped
188,12532,1,Normal,28,3,3,3,0,37,37,0,0,40,0,1,1,0,6,1,0,3,3,0,0,224,0,12,12,4,0,1,1,4,3,,,2,Rat|Rat,floor1_town;companion_join:Rat;companion_join:Rat
188,12532,2,Normal,20,3,3,2,0,37,0,0,0,35,0,1,1,1,3,3,0,0,0,0,0,277,37,13,10,5,1,0,0,4,4,RH=Crude Sword|LH=Crude Sword|BD=Crude Armour|A1=Crude Bracelet|A2=Crude Bracelet,,1,Rat|Rat|Rat,companion_join:Rat; party wiped
189,12533,1,Normal,26,4,4,4,0,37,37,0,0,65,0,1,1,0,9,2,2,3,3,0,0,364,16,16,16,4,0,1,1,5,4,,,0,-,floor1_town
189,12533,2,Normal,26,3,3,3,0,37,29,0,0,20,0,1,1,0,0,0,3,3,3,0,0,112,8,4,4,1.333,0,1,1,5,2,,,0,-,
189,12533,3,Normal,19,1,1,0,0,29,0,0,0,0,0,1,1,3,3,3,0,0,0,0,0,185,37,7,0,0,1,0,0,11,4,RH=Crude Sword|LH=Crude Sword|BD=Crude Armour|A1=Crude Bracelet|A2=Crude Bracelet,,0,-,party wiped
190,12534,1,Normal,18,2,2,1,0,37,0,0,0,20,0,1,1,0,6,4,0,0,0,0,0,193,37,11,6,6,1,0,0,2,4,RH=Crude Sword|LH=Crude Sword|BD=Crude Armour|A1=Crude Bracelet|A2=Crude Bracelet,,1,Rat,floor1_town;companion_join:Rat; party wiped
191,12535,1,Normal,38,5,5,5,0,37,37,0,0,65,0,1,1,0,5,2,1,3,3,0,0,364,24,17,17,3.4,0,1,1,6,2,,,2,Rat|Rat,floor1_town;companion_join:Rat;companion_join:Rat
191,12535,2,Normal,33,2,2,2,0,37,45,0,2,35,0,1,2,1,3,3,0,0,0,0,0,196,0,11,11,5.5,0,1,1,6,3,,,0,Rat|Rat,+1 levelup
191,12535,3,Normal,37,4,4,4,0,45,44,2,2,84,0,2,2,1,3,3,0,3,3,4,0,420,59,14,14,3.5,0,1,1,8,1,,Swords_T1_03=4,1,Rat|Rat|Goblin,companion_join:Goblin
191,12535,4,Normal,40,1,1,1,0,44,37,2,2,20,0,2,2,0,3,0,0,0,3,1,0,112,6,5,5,5,0,1,1,8,4,,Swords_T1_03=1,0,Rat|Rat|Goblin,
191,12535,5,Normal,22,3,3,2,0,37,0,2,2,20,0,2,2,0,0,3,0,0,0,3,0,168,34,8,5,2.5,1,0,0,8,4,RH=Crude Sword|LH=Crude Sword|BD=Crude Armour|A1=Crude Bracelet|A2=Crude Bracelet,Swords_T1_03=3,0,Rat|Rat|Goblin,party wiped
192,12536,1,Normal,36,4,4,4,0,37,37,0,0,60,0,1,1,0,7,4,0,3,3,0,0,336,14,19,19,4.75,0,1,1,5,2,,,1,Rat,floor1_town;companion_join:Rat
192,12536,2,Normal,32,3,3,3,0,37,45,0,2,40,0,1,2,0,4,2,1,0,1,0,0,224,8,10,10,3.333,0,1,1,6,4,,,2,Rat|Rat|Rat,companion_join:Rat;companion_join:Rat; +1 levelup
192,12536,3,Normal,36,3,3,3,0,45,17,2,2,84,0,2,2,1,3,4,0,0,0,4,0,420,41,13,13,4.333,0,1,1,7,3,,Swords_T1_03=4,0,Rat|Rat|Rat,
192,12536,4,Normal,32,5,5,5,0,17,45,2,2,35,0,2,2,0,1,0,0,2,3,3,0,196,-3,7,7,1.4,0,1,1,8,2,,Swords_T1_03=3,1,Rat|Rat|Rat|Rat,companion_join:Rat
192,12536,5,Normal,27,2,2,2,0,45,44,2,2,25,0,2,2,0,2,2,0,3,3,2,0,140,12,7,7,3.5,0,1,1,9,1,,Swords_T1_03=2,0,Rat|Rat|Rat|Rat,
192,12536,6,Normal,27,4,4,4,0,44,35,2,2,30,0,2,2,0,0,0,0,3,3,1,0,168,8,7,7,1.75,0,1,1,9,1,,Swords_T1_03=1,1,Rat|Rat|Rat|Rat|Rat,companion_join:Rat
192,12536,7,Normal,31,4,4,4,0,35,54,2,5,35,0,2,3,0,3,0,0,0,3,2,0,196,-12,9,9,2.25,0,1,1,9,2,,Swords_T1_03=2,2,Rat|Rat|Rat|Rat|Rat|Rat|Rat,companion_join:Rat;companion_join:Rat; +1 levelup
192,12536,8,Normal,18,1,1,0,0,54,0,5,5,0,0,3,3,0,3,3,0,0,0,0,0,109,54,4,0,0,1,0,0,15,2,RH=Crude Sword|LH=Crude Sword|BD=Crude Armour|A1=Crude Bracelet|A2=Crude Bracelet,,0,Rat|Rat|Rat|Rat|Rat|Rat|Rat,party wiped
193,12537,1,Normal,34,6,6,6,0,37,37,0,0,80,0,1,1,0,10,2,1,3,3,0,0,448,8,22,22,3.667,0,1,1,7,1,,,2,Rat|Rat,floor1_town;companion_join:Rat;companion_join:Rat
193,12537,2,Normal,36,2,2,2,0,37,44,0,3,30,0,1,2,0,6,3,1,0,3,0,0,168,13,11,11,5.5,0,1,1,8,3,,,0,Rat|Rat,+1 levelup
193,12537,3,Normal,6,2,2,1,0,44,0,3,3,36,0,2,2,2,3,6,0,0,0,2,0,328,81,11,6,6,1,0,0,9,3,RH=Crude Sword|LH=Crude Sword|BD=Crude Armour|A1=Crude Bracelet|A2=Crude Bracelet,Swords_T1_03=2,1,Rat|Rat|Goblin,companion_join:Goblin; party wiped
194,12538,1,Normal,32,4,4,4,0,37,37,0,0,55,0,1,1,0,5,3,2,3,3,0,0,308,8,14,14,3.5,0,1,1,5,1,,,2,Rat|Rat,floor1_town;companion_join:Rat;companion_join:Rat
194,12538,2,Normal,34,3,3,3,0,37,45,0,2,55,0,1,2,3,3,3,0,0,0,0,0,308,0,16,16,5.333,0,1,1,5,3,,,1,Rat|Rat|Rat,companion_join:Rat; +1 levelup
194,12538,3,Normal,5,1,1,0,0,45,0,2,2,0,0,2,2,1,0,0,0,0,0,1,0,60,44,2,0,0,1,0,0,5,4,RH=Crude Sword|LH=Crude Sword|BD=Crude Armour|A1=Crude Bracelet|A2=Crude Bracelet,Swords_T1_03=1,0,Rat|Rat|Rat,party wiped
195,12539,1,Normal,30,3,3,3,0,37,37,0,0,40,0,1,1,0,4,2,1,3,3,0,0,224,16,9,9,3,0,1,1,4,4,,,0,-,floor1_town
195,12539,2,Normal,31,2,2,2,0,37,37,0,0,20,0,1,1,0,3,0,2,0,3,0,0,112,0,5,5,2.5,0,1,1,4,3,,,1,Rat,companion_join:Rat
195,12539,3,Normal,31,5,5,5,0,37,45,0,1,120,0,1,2,2,9,4,1,0,3,1,0,600,40,23,23,4.6,0,1,1,23,2,,Swords_T1_03=1,0,Rat,+1 levelup
195,12539,4,Normal,25,5,5,5,0,45,38,1,1,60,0,2,2,0,3,4,1,0,2,2,0,336,19,17,17,3.4,0,1,1,24,3,,Swords_T1_03=2,1,Rat|Rat,companion_join:Rat
195,12539,5,Normal,28,3,3,3,0,38,38,1,1,50,0,2,2,1,2,2,0,1,3,1,0,280,25,14,14,4.667,0,1,1,25,4,,Swords_T1_03=1,1,Rat|Rat|Rat,companion_join:Rat
195,12539,6,Normal,29,3,3,2,1,38,45,1,2,30,0,2,3,0,1,3,0,3,3,1,0,224,57,10,8,4,0,1,1,26,2,,Swords_T1_03=1,0,Rat|Rat|Rat,+1 levelup; flee×1
195,12539,7,Normal,36,3,3,3,0,45,50,2,2,25,0,3,3,0,2,0,0,1,3,2,0,140,-9,5,5,1.667,0,1,1,26,1,,Swords_T1_03=2,1,Rat|Rat|Rat|Rat,companion_join:Rat
195,12539,8,Normal,14,1,1,0,0,50,0,2,2,0,0,3,3,0,1,0,0,2,3,2,0,127,48,2,0,0,1,0,0,32,2,RH=Crude Sword|LH=Crude Sword|BD=Crude Armour|A1=Crude Bracelet|A2=Crude Bracelet,Swords_T1_03=2,0,Rat|Rat|Rat|Rat,party wiped
196,12540,1,Normal,28,3,3,3,0,37,37,0,0,30,0,1,1,0,1,0,2,3,3,0,0,168,16,6,6,2,0,1,1,4,1,,,1,Rat,floor1_town;companion_join:Rat
196,12540,2,Normal,26,1,1,1,0,37,37,0,0,20,0,1,1,0,3,2,2,0,1,0,0,112,0,7,7,7,0,1,1,4,4,,,0,Rat,
196,12540,3,Normal,14,3,3,2,0,37,0,0,0,36,0,1,1,2,6,3,0,0,0,0,0,275,37,11,8,4,1,0,0,22,4,RH=Crude Sword|LH=Crude Sword|BD=Crude Armour|A1=Crude Bracelet|A2=Crude Bracelet,,1,Rat|Goblin,companion_join:Goblin; party wiped
197,12541,1,Normal,26,4,4,4,0,37,37,0,0,60,0,1,1,0,5,1,0,3,3,0,0,336,16,18,18,4.5,0,1,1,5,3,,,1,Rat,floor1_town;companion_join:Rat
197,12541,2,Normal,33,3,3,3,0,37,37,0,0,20,0,1,1,0,2,0,2,1,3,0,0,112,0,6,6,2,0,1,1,5,1,,,1,Rat|Rat,companion_join:Rat
197,12541,3,Normal,40,3,3,3,0,37,27,0,3,72,0,1,2,2,3,3,0,0,0,1,0,360,29,13,13,4.333,0,1,1,11,3,,Swords_T1_03=1,0,Rat|Rat,+1 levelup
197,12541,4,Normal,30,2,2,2,0,27,46,3,3,30,0,2,2,0,3,1,0,0,2,0,0,168,0,9,9,4.5,0,1,1,12,2,,,0,Rat|Rat,
197,12541,5,Normal,25,3,3,3,0,46,3,3,3,40,0,2,2,0,0,2,0,0,0,3,0,224,40,9,9,3,0,1,1,12,3,,Swords_T1_03=3,1,Rat|Rat|Rat,companion_join:Rat
197,12541,6,Normal,38,3,3,3,0,3,46,3,3,55,0,2,2,0,4,3,0,2,3,2,0,308,41,16,16,5.333,0,1,1,14,3,,Swords_T1_03=2,1,Rat|Rat|Rat|Rat,companion_join:Rat
197,12541,7,Normal,26,0,0,0,0,46,46,3,3,0,0,2,2,0,0,0,0,2,3,0,0,0,0,0,0,0,0,1,1,14,0,,,0,Rat|Rat|Rat|Rat,
197,12541,8,Normal,2,1,1,0,0,46,0,3,3,0,0,2,2,0,0,0,0,3,3,0,0,28,46,1,0,0,1,0,0,20,4,RH=Crude Sword|LH=Crude Sword|BD=Crude Armour|A1=Crude Bracelet|A2=Crude Bracelet,,0,Rat|Rat|Rat|Rat,party wiped
198,12542,1,Normal,40,2,2,2,0,37,37,0,0,15,0,1,1,0,0,0,2,3,3,0,0,84,8,3,3,1.5,0,1,1,3,1,,,1,Rat,floor1_town;companion_join:Rat
198,12542,2,Normal,30,1,1,1,0,37,29,0,0,15,0,1,1,0,3,0,4,0,3,0,0,84,8,4,4,4,0,1,1,3,3,,,0,Rat,
198,12542,3,Normal,30,4,4,4,0,29,45,0,3,84,0,1,2,0,10,4,4,0,1,0,0,420,0,14,14,3.5,0,1,1,27,2,,,0,Rat,+1 levelup
198,12542,4,Normal,30,2,2,2,0,45,36,3,3,15,0,2,2,0,0,0,4,0,1,1,0,84,8,3,3,1.5,0,1,1,27,2,,Swords_T1_03=1,1,Rat|Rat,companion_join:Rat
198,12542,5,Normal,29,1,1,1,0,36,45,3,3,5,0,2,2,0,0,1,4,0,0,0,0,28,-9,2,2,2,0,1,1,27,1,,,0,Rat|Rat,
198,12542,6,Normal,26,4,4,4,0,45,43,3,3,50,0,2,2,4,0,0,0,3,3,4,0,280,35,14,14,3.5,0,1,1,28,1,,Swords_T1_03=4,2,Rat|Rat|Rat|Rat,companion_join:Rat;companion_join:Rat
198,12542,7,Normal,25,3,3,2,0,43,0,3,3,25,0,2,2,0,3,3,0,0,0,2,0,196,41,11,6,3,1,0,0,28,4,RH=Crude Sword|LH=Crude Sword|BD=Crude Armour|A1=Crude Bracelet|A2=Crude Bracelet,Swords_T1_03=2,2,Rat|Rat|Rat|Rat|Rat|Rat,companion_join:Rat;companion_join:Rat; party wiped
199,12543,1,Normal,38,3,3,2,1,37,37,0,0,25,0,1,1,0,6,3,0,3,3,0,0,224,34,13,7,3.5,0,1,1,4,2,,,1,Rat,floor1_town;companion_join:Rat; flee×1
199,12543,2,Normal,27,5,5,5,0,37,46,0,1,80,0,1,2,0,9,6,2,0,2,0,0,448,53,26,26,5.2,0,1,1,8,4,,,1,Rat|Rat,companion_join:Rat; +1 levelup
199,12543,3,Normal,29,3,3,3,0,46,35,1,1,60,0,2,2,0,3,3,4,0,2,2,0,300,24,10,10,3.333,0,1,1,9,2,,Swords_T1_03=2,1,Rat|Rat|Goblin,companion_join:Goblin
199,12543,4,Normal,28,3,3,3,0,35,24,1,1,40,0,2,2,1,0,2,3,0,0,2,0,224,9,10,10,3.333,0,1,1,9,4,,Swords_T1_03=2,0,Rat|Rat|Goblin,
199,12543,5,Normal,26,2,2,2,0,24,46,1,1,25,0,2,2,0,3,3,3,0,0,1,0,140,-1,8,8,4,0,1,1,10,4,,Swords_T1_03=1,0,Rat|Rat|Goblin,
199,12543,6,Normal,37,3,3,3,0,46,46,1,1,45,0,2,2,1,3,0,2,0,3,2,0,252,17,12,12,4,0,1,1,11,2,,Swords_T1_03=2,1,Rat|Rat|Goblin|Rat,companion_join:Rat
199,12543,7,Normal,36,4,4,4,0,46,34,1,4,50,0,2,3,0,0,3,2,0,0,1,0,280,33,13,13,3.25,0,1,1,11,3,,Swords_T1_03=1,0,Rat|Rat|Goblin|Rat,+1 levelup
199,12543,8,Normal,10,2,2,1,0,34,0,4,4,60,0,3,3,2,6,5,0,0,0,3,0,300,53,12,7,7,1,0,0,23,2,RH=Crude Sword|LH=Crude Sword|BD=Crude Armour|A1=Crude Bracelet|A2=Crude Bracelet,Swords_T1_03=1|Swords_T1_04=2,0,Rat|Rat|Goblin|Rat,party wiped
200,12544,1,Normal,36,5,5,5,0,37,37,0,0,70,0,1,1,1,10,8,0,3,3,0,0,392,13,21,21,4.2,0,1,1,6,1,,,3,Rat|Rat|Rat,floor1_town;companion_join:Rat;companion_join:Rat;companion_join:Rat
200,12544,2,Normal,39,4,4,4,0,37,38,0,2,40,0,1,2,0,1,0,0,3,3,0,0,224,23,8,8,2,0,1,1,7,2,,,1,Rat|Rat|Rat|Rat,companion_join:Rat; +1 levelup
200,12544,3,Normal,31,2,2,2,0,38,31,2,2,60,0,2,2,1,4,3,0,0,0,2,0,300,25,10,10,5,0,1,1,9,3,,Swords_T1_03=2,1,Rat|Rat|Rat|Rat|Goblin,companion_join:Goblin
200,12544,4,Normal,32,4,4,4,0,31,44,2,2,40,0,2,2,0,2,0,0,1,3,3,0,224,11,9,9,2.25,0,1,1,11,1,,Swords_T1_03=3,1,Rat|Rat|Rat|Rat|Goblin|Rat,companion_join:Rat
200,12544,5,Normal,33,4,4,4,0,44,44,2,2,45,0,2,2,0,1,3,0,0,0,3,0,252,-3,14,14,3.5,0,1,1,11,1,,Swords_T1_03=3,1,Rat|Rat|Rat|Rat|Goblin|Rat|Rat,companion_join:Rat
200,12544,6,Normal,29,3,3,3,0,44,44,2,2,40,0,2,2,0,2,0,0,1,3,3,0,224,13,9,9,3,0,1,1,12,2,,Swords_T1_03=3,1,Rat|Rat|Rat|Rat|Goblin|Rat|Rat|Rat,companion_join:Rat
200,12544,7,Normal,34,3,3,2,0,44,0,2,3,20,0,2,3,0,1,3,0,0,0,6,0,168,76,10,7,3.5,1,0,0,12,4,RH=Crude Sword|LH=Crude Sword|BD=Crude Armour|A1=Crude Bracelet|A2=Crude Bracelet,Swords_T1_03=2|Swords_T1_04=4,1,Rat|Rat|Rat|Rat|Goblin|Rat|Rat|Rat|Rat,companion_join:Rat; party wiped; +1 levelup
201,12545,1,Normal,34,4,4,4,0,37,37,0,0,50,0,1,1,0,4,0,0,3,3,0,0,280,8,11,11,2.75,0,1,1,5,4,,,2,Rat|Rat,floor1_town;companion_join:Rat;companion_join:Rat
201,12545,2,Normal,32,4,4,4,0,37,28,0,2,70,0,1,2,1,6,3,1,0,0,1,0,392,31,19,19,4.75,0,1,1,6,4,,Swords_T1_03=1,1,Rat|Rat|Rat,companion_join:Rat; +1 levelup
201,12545,3,Normal,14,2,2,1,0,28,0,2,2,24,0,2,2,1,3,3,0,0,0,2,0,208,42,7,4,4,1,0,0,7,4,RH=Crude Sword|LH=Crude Sword|BD=Crude Armour|A1=Crude Bracelet|A2=Crude Bracelet,Swords_T1_03=2,0,Rat|Rat|Rat,party wiped
202,12546,1,Normal,32,2,2,2,0,37,37,0,0,35,0,1,1,0,4,1,1,3,3,0,0,196,8,9,9,4.5,0,1,1,3,3,,,1,Rat,floor1_town;companion_join:Rat
202,12546,2,Normal,32,3,3,3,0,37,29,0,0,45,0,1,1,2,4,3,1,2,3,0,0,252,24,13,13,4.333,0,1,1,4,3,,,2,Rat|Rat|Rat,companion_join:Rat;companion_join:Rat
202,12546,3,Normal,21,2,2,1,0,29,0,0,2,36,0,1,2,2,3,3,0,0,0,1,0,275,65,9,7,7,1,0,0,10,4,RH=Crude Sword|LH=Crude Sword|BD=Crude Armour|A1=Crude Bracelet|A2=Crude Bracelet,Swords_T1_03=1,0,Rat|Rat|Rat,party wiped; +1 levelup
203,12547,1,Normal,30,3,3,3,0,37,37,0,0,20,0,1,1,0,0,0,2,3,3,0,0,112,8,4,4,1.333,0,1,1,4,1,,,1,Rat,floor1_town;companion_join:Rat
203,12547,2,Normal,38,6,6,6,0,37,46,0,3,80,0,1,2,0,7,1,2,0,3,0,0,448,24,20,20,3.333,0,1,1,6,2,,,2,Rat|Rat|Rat,companion_join:Rat;companion_join:Rat; +1 levelup
203,12547,3,Normal,4,1,1,0,0,46,0,3,3,0,0,2,2,2,0,3,0,0,0,1,0,213,45,5,0,0,1,0,0,6,4,RH=Crude Sword|LH=Crude Sword|BD=Crude Armour|A1=Crude Bracelet|A2=Crude Bracelet,Swords_T1_03=1,0,Rat|Rat|Rat,party wiped
204,12548,1,Normal,28,1,1,1,0,37,37,0,0,10,0,1,1,0,0,0,1,3,3,0,0,56,8,2,2,2,0,1,1,2,2,,,1,Rat,floor1_town;companion_join:Rat
204,12548,2,Normal,33,2,2,2,0,37,37,0,0,40,0,1,1,0,6,2,3,0,2,0,0,224,8,11,11,5.5,0,1,1,3,4,,,0,Rat,
204,12548,3,Normal,33,1,1,1,0,37,37,0,0,12,0,1,1,0,1,0,5,2,3,0,0,60,0,2,2,2,0,1,1,9,1,,,0,Rat,
204,12548,4,Normal,30,5,5,5,0,37,35,0,1,75,0,1,2,4,5,5,1,0,0,0,0,420,32,23,23,4.6,0,1,1,10,1,,,2,Rat|Rat|Rat,companion_join:Rat;companion_join:Rat; +1 levelup
204,12548,5,Normal,1,1,1,0,0,35,0,1,1,0,0,2,2,1,0,0,0,0,0,1,0,81,34,3,0,0,1,0,0,10,4,RH=Crude Sword|LH=Crude Sword|BD=Crude Armour|A1=Crude Bracelet|A2=Crude Bracelet,Swords_T1_03=1,0,Rat|Rat|Rat,party wiped
205,12549,1,Normal,26,3,3,3,0,37,37,0,0,50,0,1,1,0,7,4,2,3,3,0,0,280,0,14,14,4.667,0,1,1,4,4,,,1,Rat,floor1_town;companion_join:Rat
205,12549,2,Normal,31,4,4,4,0,37,45,0,2,65,0,1,2,1,6,3,3,0,0,0,0,364,21,20,20,5,0,1,1,5,4,,,1,Rat|Rat,companion_join:Rat; +1 levelup
205,12549,3,Normal,40,5,5,5,0,45,45,2,2,120,0,2,2,2,6,4,2,0,2,3,0,600,44,19,19,3.8,0,1,1,7,2,,Swords_T1_03=3,0,Rat|Rat,
205,12549,4,Normal,33,2,2,2,0,45,35,2,2,15,0,2,2,0,0,1,2,0,1,1,0,84,9,5,5,2.5,0,1,1,7,2,,Swords_T1_03=1,2,Rat|Rat|Rat|Rat,companion_join:Rat;companion_join:Rat
205,12549,5,Normal,31,3,3,3,0,35,32,2,2,45,0,2,2,0,2,1,2,1,3,2,0,252,26,11,11,3.667,0,1,1,8,3,,Swords_T1_03=2,0,Rat|Rat|Rat|Rat,
205,12549,6,Normal,28,3,3,3,0,32,54,2,4,40,0,2,3,0,3,3,2,0,0,1,0,224,0,11,11,3.667,0,1,1,9,3,,Swords_T1_04=1,1,Rat|Rat|Rat|Rat|Rat,companion_join:Rat; +1 levelup
205,12549,7,Normal,26,1,1,0,1,54,11,4,4,0,0,3,3,2,0,0,0,0,0,1,0,84,43,5,0,0,0,1,1,9,4,,Swords_T1_04=1,0,Rat|Rat|Rat|Rat|Rat,flee×1
205,12549,8,Normal,4,1,1,0,0,11,0,4,4,0,0,3,3,0,2,0,0,1,3,2,0,61,52,2,0,0,1,0,0,15,2,RH=Crude Sword|LH=Crude Sword|BD=Crude Armour|A1=Crude Bracelet|A2=Crude Bracelet,Swords_T1_03=1|Swords_T1_04=1,0,Rat|Rat|Rat|Rat|Rat,party wiped
206,12550,1,Normal,40,5,5,5,0,37,37,0,0,50,0,1,1,0,4,0,1,3,3,0,0,280,24,12,12,2.4,0,1,1,6,2,,,1,Rat,floor1_town;companion_join:Rat
206,12550,2,Normal,33,4,4,4,0,37,44,0,1,50,0,1,2,1,3,3,2,3,3,0,0,280,16,14,14,3.5,0,1,1,7,2,,,2,Rat|Rat|Rat,companion_join:Rat;companion_join:Rat; +1 levelup
206,12550,3,Normal,26,3,3,2,1,44,43,1,1,48,0,2,2,2,3,3,0,3,3,3,0,300,34,9,8,4,0,1,1,8,1,,Swords_T1_03=3,1,Rat|Rat|Rat|Goblin,companion_join:Goblin; flee×1
206,12550,4,Normal,39,4,4,4,0,43,44,1,1,50,0,2,2,0,3,3,0,0,0,3,0,280,-4,14,14,3.5,0,1,1,8,3,,Swords_T1_03=3,0,Rat|Rat|Rat|Goblin,
206,12550,5,Normal,34,4,4,3,1,44,35,1,1,20,0,2,2,0,0,0,0,3,3,2,0,140,46,6,4,1.333,0,1,1,9,1,,Swords_T1_03=2,0,Rat|Rat|Rat|Goblin,flee×1
206,12550,6,Normal,36,1,1,1,0,35,44,1,1,15,0,2,2,0,2,0,0,1,3,1,0,84,-10,3,3,3,0,1,1,9,3,,Swords_T1_03=1,0,Rat|Rat|Rat|Goblin,
206,12550,7,Normal,40,3,3,3,0,44,36,1,1,30,0,2,2,0,1,2,0,0,1,1,0,168,7,7,7,2.333,0,1,1,9,1,,Swords_T1_03=1,1,Rat|Rat|Rat|Goblin|Rat,companion_join:Rat
206,12550,8,Normal,13,2,2,1,0,36,0,1,3,60,0,2,3,0,6,3,0,0,0,3,0,260,60,6,4,4,1,0,0,21,4,RH=Crude Sword|LH=Crude Sword|BD=Crude Armour|A1=Crude Bracelet|A2=Crude Bracelet,Swords_T1_03=3,0,Rat|Rat|Rat|Goblin|Rat,party wiped; +1 levelup
207,12551,1,Normal,38,6,6,6,0,37,37,0,0,80,0,1,1,0,10,4,2,3,3,0,0,448,8,22,22,3.667,0,1,1,7,4,,,2,Rat|Rat,floor1_town;companion_join:Rat;companion_join:Rat
207,12551,2,Normal,38,4,4,4,0,37,29,0,2,60,0,1,2,1,3,3,3,0,0,2,0,336,23,17,17,4.25,0,1,1,7,4,,Swords_T1_03=2,2,Rat|Rat|Rat|Rat,companion_join:Rat;companion_join:Rat; +1 levelup
207,12551,3,Normal,31,3,3,1,1,29,0,2,2,48,0,2,2,3,6,6,0,0,0,2,0,435,86,13,7,7,1,0,0,9,4,RH=Crude Sword|LH=Crude Sword|BD=Crude Armour|A1=Crude Bracelet|A2=Crude Bracelet,Swords_T1_03=2,0,Rat|Rat|Rat|Rat,party wiped; flee×1
208,12552,1,Normal,36,5,5,5,0,37,37,0,0,60,0,1,1,0,8,0,0,3,3,0,0,336,0,15,15,3,0,1,1,6,4,,,2,Rat|Rat,floor1_town;companion_join:Rat;companion_join:Rat
208,12552,2,Normal,28,3,3,3,0,37,37,0,0,20,0,1,1,0,1,0,1,2,3,0,0,112,0,4,4,1.333,0,1,1,6,1,,,1,Rat|Rat|Rat,companion_join:Rat
208,12552,3,Normal,6,1,1,0,0,37,0,0,0,0,0,1,1,3,3,3,0,0,0,0,0,116,37,4,0,0,1,0,0,12,4,RH=Crude Sword|LH=Crude Sword|BD=Crude Armour|A1=Crude Bracelet|A2=Crude Bracelet,,0,Rat|Rat|Rat,party wiped
209,12553,1,Normal,34,6,6,6,0,37,37,0,0,60,0,1,1,0,4,0,2,3,3,0,0,336,24,13,13,2.167,0,1,1,7,1,,,3,Rat|Rat|Rat,floor1_town;companion_join:Rat;companion_join:Rat;companion_join:Rat
209,12553,2,Normal,40,5,5,5,0,37,44,0,3,70,0,1,2,2,3,3,0,3,3,1,0,392,12,19,19,3.8,0,1,1,8,1,,Swords_T1_03=1,0,Rat|Rat|Rat,+1 levelup
209,12553,3,Normal,23,2,2,1,0,44,0,3,3,36,0,2,2,2,6,6,0,0,0,1,0,303,57,10,5,5,1,0,0,9,3,RH=Crude Sword|LH=Crude Sword|BD=Crude Armour|A1=Crude Bracelet|A2=Crude Bracelet,Swords_T1_03=1,0,Rat|Rat|Rat,party wiped
210,12554,1,Normal,32,3,3,3,0,37,37,0,0,35,0,1,1,0,4,3,0,3,3,0,0,196,24,11,11,3.667,0,1,1,4,4,,,1,Rat,floor1_town;companion_join:Rat
210,12554,2,Normal,37,1,1,1,0,37,37,0,0,10,0,1,1,0,2,0,2,1,3,0,0,56,0,4,4,4,0,1,1,4,2,,,0,Rat,
210,12554,3,Normal,24,3,3,2,0,37,0,0,0,36,0,1,1,3,7,5,0,0,0,0,0,335,37,13,6,3,1,0,0,22,3,RH=Crude Sword|LH=Crude Sword|BD=Crude Armour|A1=Crude Bracelet|A2=Crude Bracelet,,0,Rat,party wiped
211,12555,1,Normal,30,3,3,3,0,37,37,0,0,25,0,1,1,0,0,0,1,3,3,0,0,140,8,6,6,2,0,1,1,4,2,,,1,Rat,floor1_town;companion_join:Rat
211,12555,2,Normal,36,3,3,3,0,37,37,0,0,35,0,1,1,0,3,1,3,0,2,0,0,196,8,8,8,2.667,0,1,1,5,3,,,2,Rat|Rat|Rat,companion_join:Rat;companion_join:Rat
211,12555,3,Normal,31,5,5,5,0,37,44,0,3,84,0,1,2,0,7,4,4,0,1,2,0,420,-2,13,13,2.6,0,1,1,23,2,,Swords_T1_03=2,0,Rat|Rat|Rat,+1 levelup
211,12555,4,Normal,33,2,2,2,0,44,37,3,3,35,0,2,2,2,3,1,2,0,3,3,0,196,16,12,12,6,0,1,1,24,3,,Swords_T1_03=3,0,Rat|Rat|Rat,
211,12555,5,Normal,28,3,3,3,0,37,44,3,3,25,0,2,2,0,0,1,2,0,2,1,0,140,-8,6,6,2,0,1,1,24,2,,Swords_T1_03=1,0,Rat|Rat|Rat,
211,12555,6,Normal,28,2,2,2,0,44,32,3,3,15,0,2,2,0,0,0,2,0,2,0,0,84,12,4,4,2,0,1,1,24,2,,,0,Rat|Rat|Rat,
211,12555,7,Normal,25,1,1,1,0,32,44,3,3,20,0,2,2,0,3,1,2,0,2,1,0,112,-1,7,7,7,0,1,1,25,4,,Swords_T1_03=1,0,Rat|Rat|Rat,
211,12555,8,Normal,15,1,1,0,0,44,0,3,3,0,0,2,2,0,0,0,2,3,3,1,0,61,43,1,0,0,1,0,0,31,2,RH=Crude Sword|LH=Crude Sword|BD=Crude Armour|A1=Crude Bracelet|A2=Crude Bracelet,Swords_T1_03=1,0,Rat|Rat|Rat,party wiped
212,12556,1,Normal,28,3,3,3,0,37,37,0,0,35,0,1,1,0,4,1,0,3,3,0,0,196,0,8,8,2.667,0,1,1,4,4,,,0,-,floor1_town
212,12556,2,Normal,30,4,4,4,0,37,37,0,0,60,0,1,1,1,6,4,1,0,0,0,0,336,16,18,18,4.5,0,1,1,6,4,,,1,Rat,companion_join:Rat
212,12556,3,Normal,8,1,1,0,0,37,0,0,0,0,0,1,1,3,3,3,0,0,0,0,0,168,37,5,0,0,1,0,0,12,4,RH=Crude Sword|LH=Crude Sword|BD=Crude Armour|A1=Crude Bracelet|A2=Crude Bracelet,,0,Rat,party wiped
213,12557,1,Normal,26,2,2,2,0,37,37,0,0,15,0,1,1,0,1,0,1,3,3,0,0,84,0,3,3,1.5,0,1,1,3,1,,,1,Rat,floor1_town;companion_join:Rat
213,12557,2,Normal,38,5,5,5,0,37,29,0,0,80,0,1,1,3,5,3,0,1,3,0,0,448,29,22,22,4.4,0,1,1,4,3,,,1,Rat|Rat,companion_join:Rat
213,12557,3,Normal,27,2,2,1,0,29,0,0,2,24,0,1,2,2,3,3,0,0,0,1,0,300,43,10,5,5,1,0,0,10,4,RH=Crude Sword|LH=Crude Sword|BD=Crude Armour|A1=Crude Bracelet|A2=Crude Bracelet,Swords_T1_03=1,0,Rat|Rat,party wiped; +1 levelup
214,12558,1,Normal,40,5,5,5,0,37,37,0,0,55,0,1,1,0,6,1,2,3,3,0,0,308,6,15,15,3,0,1,1,6,4,,,2,Rat|Rat,floor1_town;companion_join:Rat;companion_join:Rat
214,12558,2,Normal,40,4,4,4,0,37,37,0,0,40,0,1,1,0,3,3,4,0,0,0,0,224,8,10,10,2.5,0,1,1,7,1,,,2,Rat|Rat|Rat|Rat,companion_join:Rat;companion_join:Rat
214,12558,3,Normal,25,1,1,1,0,37,45,0,1,24,0,1,2,0,3,0,4,0,3,0,0,120,0,4,4,4,0,1,1,13,2,,,0,Rat|Rat|Rat|Rat,+1 levelup
214,12558,4,Normal,34,5,5,5,0,45,44,1,1,65,0,2,2,2,3,4,2,0,2,3,0,364,11,19,19,3.8,0,1,1,14,1,,Swords_T1_03=3,1,Rat|Rat|Rat|Rat|Rat,companion_join:Rat
214,12558,5,Normal,31,4,4,4,0,44,39,1,1,40,0,2,2,2,0,2,0,0,0,4,0,224,1,13,13,3.25,0,1,1,14,3,,Swords_T1_03=4,2,Rat|Rat|Rat|Rat|Rat|Rat|Rat,companion_join:Rat;companion_join:Rat
214,12558,6,Normal,27,0,0,0,0,39,39,1,1,0,0,2,2,0,0,0,0,0,0,0,0,0,0,0,0,0,0,1,1,14,0,,,0,Rat|Rat|Rat|Rat|Rat|Rat|Rat,
214,12558,7,Normal,28,5,5,5,0,39,44,1,1,50,0,2,2,0,1,0,0,2,3,5,0,280,27,13,13,2.6,0,1,1,15,1,,Swords_T1_03=5,2,Rat|Rat|Rat|Rat|Rat|Rat|Rat|Rat|Rat,companion_join:Rat;companion_join:Rat
214,12558,8,Normal,2,1,1,0,0,44,0,1,1,0,0,2,2,0,0,0,0,3,3,0,0,42,45,1,0,0,1,0,0,21,4,RH=Crude Sword|LH=Crude Sword|BD=Crude Armour|A1=Crude Bracelet|A2=Crude Bracelet,,0,Rat|Rat|Rat|Rat|Rat|Rat|Rat|Rat|Rat,party wiped
215,12559,1,Normal,38,5,5,5,0,37,37,0,0,65,0,1,1,0,9,1,1,3,3,0,0,364,16,18,18,3.6,0,1,1,6,3,,,1,Rat,floor1_town;companion_join:Rat
215,12559,2,Normal,39,4,4,4,0,37,44,0,2,60,0,1,2,0,5,3,2,0,0,1,0,336,8,16,16,4,0,1,1,7,3,,Swords_T1_03=1,0,Rat,+1 levelup
215,12559,3,Normal,3,1,1,0,0,44,0,2,2,0,0,2,2,3,0,0,0,0,0,2,0,170,42,6,0,0,1,0,0,7,3,RH=Crude Sword|LH=Crude Sword|BD=Crude Armour|A1=Crude Bracelet|A2=Crude Bracelet,Swords_T1_03=2,0,Rat,party wiped
216,12560,1,Normal,36,5,5,5,0,37,37,0,0,65,0,1,1,0,6,0,2,3,3,0,0,364,8,15,15,3,0,1,1,6,3,,,0,-,floor1_town
216,12560,2,Normal,38,4,4,4,0,37,45,0,3,40,0,1,2,0,3,3,2,0,0,0,0,224,0,10,10,2.5,0,1,1,6,3,,,1,Rat,companion_join:Rat; +1 levelup
216,12560,3,Normal,38,4,4,4,0,45,45,3,3,84,0,2,2,1,3,3,2,0,0,4,0,420,1,10,10,2.5,0,1,1,7,3,,Swords_T1_03=4,1,Rat|Goblin,companion_join:Goblin
216,12560,4,Normal,40,4,4,3,1,45,9,3,3,35,0,2,2,2,0,0,0,0,0,4,0,224,32,10,9,3,0,1,1,7,4,,Swords_T1_03=4,1,Rat|Goblin|Rat,companion_join:Rat; flee×1
216,12560,5,Normal,26,3,3,3,0,9,24,3,3,35,0,2,2,0,3,3,0,0,0,2,0,196,19,10,10,3.333,0,1,1,8,4,,Swords_T1_03=2,2,Rat|Goblin|Rat|Rat|Rat,companion_join:Rat;companion_join:Rat
216,12560,6,Normal,33,3,3,3,0,24,53,3,4,50,0,2,3,0,4,2,0,2,3,1,0,280,20,12,12,4,0,1,1,10,3,,Swords_T1_03=1,2,Rat|Goblin|Rat|Rat|Rat|Rat|Rat,companion_join:Rat;companion_join:Rat; +1 levelup
216,12560,7,Normal,30,4,4,3,1,53,51,4,4,40,0,3,3,0,5,4,0,0,2,9,0,254,38,19,16,5.333,0,1,1,11,3,,Swords_T1_03=3|Swords_T1_04=6,0,Rat|Goblin|Rat|Rat|Rat|Rat|Rat,flee×1
216,12560,8,Normal,21,2,2,0,1,51,0,4,4,0,0,3,3,0,6,6,0,0,0,3,0,56,101,4,0,0,1,0,0,23,4,RH=Crude Sword|LH=Crude Sword|BD=Crude Armour|A1=Crude Bracelet|A2=Crude Bracelet,Swords_T1_03=1|Swords_T1_04=2,0,Rat|Goblin|Rat|Rat|Rat|Rat|Rat,party wiped; flee×1
217,12561,1,Normal,34,5,5,5,0,37,37,0,0,65,0,1,1,0,7,5,0,3,3,0,0,364,29,18,18,3.6,0,1,1,6,1,,,2,Rat|Rat,floor1_town;companion_join:Rat;companion_join:Rat
217,12561,2,Normal,30,5,5,5,0,37,44,0,1,75,0,1,2,0,6,3,0,0,3,1,0,420,34,20,20,4,0,1,1,7,4,,Swords_T1_03=1,1,Rat|Rat|Rat,companion_join:Rat; +1 levelup
217,12561,3,Normal,15,1,1,0,0,44,0,1,1,0,0,2,2,2,0,3,0,0,0,1,0,180,43,5,0,0,1,0,0,7,4,RH=Crude Sword|LH=Crude Sword|BD=Crude Armour|A1=Crude Bracelet|A2=Crude Bracelet,Swords_T1_03=1,0,Rat|Rat|Rat,party wiped
218,12562,1,Normal,32,4,4,4,0,37,37,0,0,65,0,1,1,0,9,3,2,3,3,0,0,364,14,21,21,5.25,0,1,1,5,3,,,1,Rat,floor1_town;companion_join:Rat
218,12562,2,Normal,26,2,2,2,0,37,37,0,0,20,0,1,1,0,1,0,3,2,3,0,0,112,8,4,4,2,0,1,1,6,2,,,1,Rat|Rat,companion_join:Rat
218,12562,3,Normal,8,1,1,0,0,37,0,0,0,0,0,1,1,3,3,3,0,0,0,0,0,116,37,4,0,0,1,0,0,12,4,RH=Crude Sword|LH=Crude Sword|BD=Crude Armour|A1=Crude Bracelet|A2=Crude Bracelet,,0,Rat|Rat,party wiped
219,12563,1,Normal,30,3,3,3,0,37,37,0,0,45,0,1,1,0,4,0,0,3,3,0,0,252,16,10,10,3.333,0,1,1,4,4,,,0,-,floor1_town
219,12563,2,Normal,31,4,4,4,0,37,37,0,0,50,0,1,1,2,3,3,0,0,0,0,0,280,0,16,16,4,0,1,1,4,4,,,2,Rat|Rat,companion_join:Rat;companion_join:Rat
219,12563,3,Normal,17,2,2,1,0,37,0,0,1,24,0,1,2,2,3,3,0,0,0,1,0,243,44,7,4,4,1,0,0,10,4,RH=Crude Sword|LH=Crude Sword|BD=Crude Armour|A1=Crude Bracelet|A2=Crude Bracelet,Swords_T1_03=1,0,Rat|Rat,party wiped; +1 levelup
220,12564,1,Normal,28,1,1,1,0,37,37,0,0,5,0,1,1,0,0,0,2,3,3,0,0,28,0,1,1,1,0,1,1,2,1,,,0,-,floor1_town
220,12564,2,Normal,40,4,4,4,0,37,37,0,0,55,0,1,1,0,6,1,4,1,3,0,0,308,16,15,15,3.75,0,1,1,4,3,,,0,-,
220,12564,3,Normal,2,1,1,0,0,37,0,0,0,0,0,1,1,0,3,3,5,0,0,0,0,120,37,4,0,0,1,0,0,10,4,RH=Crude Sword|LH=Crude Sword|BD=Crude Armour|A1=Crude Bracelet|A2=Crude Bracelet,,0,-,party wiped
221,12565,1,Normal,26,4,4,4,0,37,37,0,0,50,0,1,1,0,4,2,0,3,3,0,0,280,24,12,12,3,0,1,1,5,2,,,1,Rat,floor1_town;companion_join:Rat
221,12565,2,Normal,15,2,2,1,0,37,0,0,0,20,0,1,1,2,3,3,0,0,0,0,0,193,37,11,7,7,1,0,0,5,4,RH=Crude Sword|LH=Crude Sword|BD=Crude Armour|A1=Crude Bracelet|A2=Crude Bracelet,,1,Rat|Rat,companion_join:Rat; party wiped
222,12566,1,Normal,40,3,3,3,0,37,37,0,0,35,0,1,1,0,3,1,1,3,3,0,0,196,8,9,9,3,0,1,1,4,3,,,1,Rat,floor1_town;companion_join:Rat
222,12566,2,Normal,40,6,6,6,0,37,37,0,2,75,0,1,2,2,3,3,1,3,3,1,0,420,16,19,19,3.167,0,1,1,5,2,,Swords_T1_03=1,1,Rat|Rat,companion_join:Rat; +1 levelup
222,12566,3,Normal,37,1,1,1,0,37,45,2,2,12,0,2,2,0,0,0,3,3,3,1,0,60,0,1,1,1,0,1,1,6,1,,Swords_T1_03=1,0,Rat|Rat,
222,12566,4,Normal,39,5,5,5,0,45,46,2,2,55,0,2,2,2,3,3,1,0,0,1,0,308,-2,17,17,3.4,0,1,1,6,1,,Swords_T1_03=1,2,Rat|Rat|Rat|Rat,companion_join:Rat;companion_join:Rat
222,12566,5,Normal,28,4,4,4,0,46,27,2,2,30,0,2,2,0,0,0,1,0,0,3,0,168,16,6,6,1.5,0,1,1,6,2,,Swords_T1_03=3,2,Rat|Rat|Rat|Rat|Rat|Rat,companion_join:Rat;companion_join:Rat
222,12566,6,Normal,30,4,4,4,0,27,46,2,2,40,0,2,2,0,3,2,1,0,1,2,0,224,-2,10,10,2.5,0,1,1,7,3,,Swords_T1_03=2,0,Rat|Rat|Rat|Rat|Rat|Rat,
222,12566,7,Normal,31,4,4,3,1,46,46,2,2,50,0,2,2,1,3,3,0,0,1,0,0,308,34,14,13,4.333,0,1,1,8,4,,,1,Rat|Rat|Rat|Rat|Rat|Rat|Rat,companion_join:Rat; flee×1
222,12566,8,Normal,3,1,1,0,0,46,0,2,2,0,0,2,2,0,0,0,0,3,3,1,0,76,45,1,0,0,1,0,0,14,1,RH=Crude Sword|LH=Crude Sword|BD=Crude Armour|A1=Crude Bracelet|A2=Crude Bracelet,Swords_T1_03=1,0,Rat|Rat|Rat|Rat|Rat|Rat|Rat,party wiped
223,12567,1,Normal,38,5,5,5,0,37,37,0,0,55,0,1,1,0,4,0,0,3,3,0,0,308,24,13,13,2.6,0,1,1,6,2,,,2,Rat|Rat,floor1_town;companion_join:Rat;companion_join:Rat
223,12567,2,Normal,40,3,3,3,0,37,46,0,2,50,0,1,2,0,4,2,2,2,3,0,0,280,16,13,13,4.333,0,1,1,7,3,,,0,Rat|Rat,+1 levelup
223,12567,3,Normal,15,3,3,2,0,46,0,2,2,48,0,2,2,4,6,6,0,0,0,3,0,363,71,15,11,5.5,1,0,0,9,4,RH=Crude Sword|LH=Crude Sword|BD=Crude Armour|A1=Crude Bracelet|A2=Crude Bracelet,Swords_T1_03=3,0,Rat|Rat,party wiped
224,12568,1,Normal,36,4,4,4,0,37,37,0,0,40,0,1,1,0,3,0,1,3,3,0,0,224,8,10,10,2.5,0,1,1,5,3,,,1,Rat,floor1_town;companion_join:Rat
224,12568,2,Normal,31,4,4,4,0,37,44,0,3,60,0,1,2,1,5,3,2,0,0,0,0,336,16,19,19,4.75,0,1,1,6,2,,,2,Rat|Rat|Rat,companion_join:Rat;companion_join:Rat; +1 levelup
224,12568,3,Normal,5,1,1,0,0,44,0,3,3,0,0,2,2,3,0,0,0,0,0,1,0,146,43,3,0,0,1,0,0,6,4,RH=Crude Sword|LH=Crude Sword|BD=Crude Armour|A1=Crude Bracelet|A2=Crude Bracelet,Swords_T1_03=1,0,Rat|Rat|Rat,party wiped
225,12569,1,Normal,34,4,4,4,0,37,37,0,0,55,0,1,1,0,5,3,2,3,3,0,0,308,24,15,15,3.75,0,1,1,5,2,,,1,Rat,floor1_town;companion_join:Rat
225,12569,2,Normal,39,3,3,3,0,37,44,0,2,45,0,1,2,2,3,3,0,0,0,0,0,252,24,12,12,4,0,1,1,5,4,,,1,Rat|Rat,companion_join:Rat; +1 levelup
225,12569,3,Normal,5,1,1,0,0,44,0,2,2,0,0,2,2,0,0,0,0,0,0,0,0,52,44,1,0,0,1,0,0,5,4,RH=Crude Sword|LH=Crude Sword|BD=Crude Armour|A1=Crude Bracelet|A2=Crude Bracelet,,0,Rat|Rat,party wiped
226,12570,1,Normal,32,3,3,3,0,37,37,0,0,55,0,1,1,0,9,5,1,3,3,0,0,308,8,16,16,5.333,0,1,1,4,3,,,1,Rat,floor1_town;companion_join:Rat
226,12570,2,Normal,37,1,1,1,0,37,37,0,0,20,0,1,1,0,3,2,1,0,1,0,0,112,0,6,6,6,0,1,1,4,4,,,0,Rat,
226,12570,3,Normal,18,2,2,1,0,37,0,0,0,24,0,1,1,2,6,5,0,0,0,0,0,236,37,8,4,4,1,0,0,16,4,RH=Crude Sword|LH=Crude Sword|BD=Crude Armour|A1=Crude Bracelet|A2=Crude Bracelet,,0,Rat,party wiped
227,12571,1,Normal,30,3,3,3,0,37,37,0,0,20,0,1,1,0,0,0,2,3,3,0,0,112,8,4,4,1.333,0,1,1,4,2,,,1,Rat,floor1_town;companion_join:Rat
227,12571,2,Normal,37,5,5,5,0,37,37,0,0,70,0,1,1,1,5,3,2,1,3,0,0,392,18,21,21,4.2,0,1,1,5,3,,,1,Rat|Rat,companion_join:Rat
227,12571,3,Normal,30,2,2,1,0,37,0,0,3,36,0,1,2,2,3,3,0,0,0,0,0,210,59,7,6,6,1,0,0,11,4,RH=Crude Sword|LH=Crude Sword|BD=Crude Armour|A1=Crude Bracelet|A2=Crude Bracelet,,0,Rat|Rat,party wiped; +1 levelup
228,12572,1,Normal,28,3,3,3,0,37,37,0,0,35,0,1,1,0,3,1,0,3,3,0,0,196,16,9,9,3,0,1,1,4,2,,,1,Rat,floor1_town;companion_join:Rat
228,12572,2,Normal,31,5,5,5,0,37,37,0,0,55,0,1,1,0,3,1,0,3,3,0,0,308,8,12,12,2.4,0,1,1,5,1,,,2,Rat|Rat|Rat,companion_join:Rat;companion_join:Rat
228,12572,3,Normal,8,1,1,0,0,37,0,0,0,0,0,1,1,1,3,3,0,0,0,0,0,138,37,4,0,0,1,0,0,11,4,RH=Crude Sword|LH=Crude Sword|BD=Crude Armour|A1=Crude Bracelet|A2=Crude Bracelet,,0,Rat|Rat|Rat,party wiped
229,12573,1,Normal,26,3,3,3,0,37,37,0,0,35,0,1,1,0,4,0,2,3,3,0,0,196,8,11,11,3.667,0,1,1,4,3,,,1,Rat,floor1_town;companion_join:Rat
229,12573,2,Normal,31,1,1,1,0,37,37,0,0,20,0,1,1,0,3,0,2,0,3,0,0,112,0,5,5,5,0,1,1,4,4,,,0,Rat,
229,12573,3,Normal,2,1,1,0,0,37,0,0,0,0,0,1,1,1,3,3,3,0,0,0,0,138,37,5,0,0,1,0,0,10,3,RH=Crude Sword|LH=Crude Sword|BD=Crude Armour|A1=Crude Bracelet|A2=Crude Bracelet,,0,Rat,party wiped
230,12574,1,Normal,40,5,5,5,0,37,37,0,0,70,0,1,1,0,8,1,0,3,3,0,0,392,16,18,18,3.6,0,1,1,6,4,,,2,Rat|Rat,floor1_town;companion_join:Rat;companion_join:Rat
230,12574,2,Normal,34,4,4,4,0,37,43,0,3,55,0,1,2,1,3,3,0,0,0,1,0,308,9,14,14,3.5,0,1,1,6,3,,Swords_T1_03=1,2,Rat|Rat|Rat|Rat,companion_join:Rat;companion_join:Rat; +1 levelup
230,12574,3,Normal,30,3,3,3,0,43,45,3,3,60,0,2,2,1,3,1,0,0,2,3,0,300,10,10,10,3.333,0,1,1,7,2,,Swords_T1_03=3,1,Rat|Rat|Rat|Rat|Goblin,companion_join:Goblin
230,12574,4,Normal,39,5,5,4,1,45,8,3,3,30,0,2,2,0,0,2,0,0,0,2,0,224,35,9,7,1.75,0,1,1,7,4,,Swords_T1_03=2,1,Rat|Rat|Rat|Rat|Goblin|Rat,companion_join:Rat; flee×1
230,12574,5,Normal,28,3,3,3,0,8,45,3,3,40,0,2,2,0,3,2,0,0,1,1,0,224,-1,9,9,3,0,1,1,8,1,,Swords_T1_03=1,0,Rat|Rat|Rat|Rat|Goblin|Rat,
230,12574,6,Normal,22,2,2,1,0,45,0,3,3,15,0,2,2,0,0,1,0,0,0,0,0,137,45,5,3,3,1,0,0,8,3,RH=Crude Sword|LH=Crude Sword|BD=Crude Armour|A1=Crude Bracelet|A2=Crude Bracelet,,0,Rat|Rat|Rat|Rat|Goblin|Rat,party wiped
231,12575,1,Normal,38,5,5,5,0,37,37,0,0,50,0,1,1,0,1,0,1,3,3,0,0,280,16,10,10,2,0,1,1,6,1,,,4,Rat|Rat|Rat|Rat,floor1_town;companion_join:Rat;companion_join:Rat;companion_join:Rat;companion_join:Rat
231,12575,2,Normal,38,5,5,5,0,37,33,0,3,75,0,1,2,0,8,2,1,0,3,1,0,420,50,18,18,3.6,0,1,1,8,4,,Swords_T1_03=1,2,Rat|Rat|Rat|Rat|Rat|Rat,companion_join:Rat;companion_join:Rat; +1 levelup
231,12575,3,Normal,8,1,1,0,0,33,0,3,3,0,0,2,2,1,3,3,0,0,0,1,0,214,45,6,0,0,1,0,0,9,4,RH=Crude Sword|LH=Crude Sword|BD=Crude Armour|A1=Crude Bracelet|A2=Crude Bracelet,Swords_T1_03=1,0,Rat|Rat|Rat|Rat|Rat|Rat,party wiped
232,12576,1,Normal,36,3,3,3,0,37,37,0,0,35,0,1,1,0,4,0,0,3,3,0,0,196,8,8,8,2.667,0,1,1,4,3,,,1,Rat,floor1_town;companion_join:Rat
232,12576,2,Normal,35,5,5,5,0,37,31,0,1,80,0,1,2,0,7,4,0,0,2,1,0,448,51,22,22,4.4,0,1,1,6,3,,Swords_T1_03=1,2,Rat|Rat|Rat,companion_join:Rat;companion_join:Rat; +1 levelup
232,12576,3,Normal,12,2,2,1,0,31,0,1,1,24,0,2,2,2,3,3,0,0,0,2,0,356,42,10,3,3,1,0,0,7,4,RH=Crude Sword|LH=Crude Sword|BD=Crude Armour|A1=Crude Bracelet|A2=Crude Bracelet,Swords_T1_03=2,1,Rat|Rat|Rat|Goblin,companion_join:Goblin; party wiped
233,12577,1,Normal,34,4,4,4,0,37,37,0,0,45,0,1,1,0,5,3,1,3,3,0,0,252,21,13,13,3.25,0,1,1,5,3,,,1,Rat,floor1_town;companion_join:Rat
233,12577,2,Normal,40,4,4,4,0,37,37,0,0,50,0,1,1,1,3,3,2,3,3,0,0,280,24,15,15,3.75,0,1,1,7,1,,,1,Rat|Rat,companion_join:Rat
233,12577,3,Normal,10,2,2,1,0,37,0,0,2,12,0,1,2,3,3,3,0,0,0,1,0,217,44,7,2,2,1,0,0,13,4,RH=Crude Sword|LH=Crude Sword|BD=Crude Armour|A1=Crude Bracelet|A2=Crude Bracelet,Swords_T1_03=1,0,Rat|Rat,party wiped; +1 levelup
234,12578,1,Normal,32,3,3,3,0,37,37,0,0,25,0,1,1,0,2,0,2,3,3,0,0,140,8,6,6,2,0,1,1,4,2,,,1,Rat,floor1_town;companion_join:Rat
234,12578,2,Normal,27,1,1,1,0,37,37,0,0,15,0,1,1,0,2,0,4,1,3,0,0,84,0,3,3,3,0,1,1,4,3,,,1,Rat|Rat,companion_join:Rat
234,12578,3,Normal,34,4,4,4,0,37,32,0,2,108,0,1,2,4,7,6,2,0,0,1,0,540,13,18,18,4.5,0,1,1,22,4,,Swords_T1_03=1,0,Rat|Rat,+1 levelup
234,12578,4,Normal,39,3,3,3,0,32,37,2,2,30,0,2,2,0,2,0,2,1,3,2,0,168,7,9,9,3,0,1,1,23,1,,Swords_T1_03=2,0,Rat|Rat,
234,12578,5,Normal,26,1,1,1,0,37,46,2,2,15,0,2,2,0,1,1,2,0,2,0,0,84,-9,4,4,4,0,1,1,23,3,,,0,Rat|Rat,
234,12578,6,Normal,39,4,4,4,0,46,4,2,2,45,0,2,2,2,0,2,0,0,0,3,0,252,39,12,12,3,0,1,1,23,4,,Swords_T1_03=3,1,Rat|Rat|Rat,companion_join:Rat
234,12578,7,Normal,39,2,2,2,0,4,38,2,2,30,0,2,2,0,2,0,0,1,3,2,0,168,6,8,8,4,0,1,1,24,3,,Swords_T1_03=2,0,Rat|Rat|Rat,
234,12578,8,Normal,20,1,1,0,0,38,0,2,2,0,0,2,2,0,0,0,0,3,3,0,0,28,46,1,0,0,1,0,0,30,3,RH=Crude Sword|LH=Crude Sword|BD=Crude Armour|A1=Crude Bracelet|A2=Crude Bracelet,,0,Rat|Rat|Rat,party wiped
235,12579,1,Normal,30,5,5,5,0,37,37,0,0,50,0,1,1,0,3,0,1,3,3,0,0,280,16,10,10,2,0,1,1,6,2,,,1,Rat,floor1_town;companion_join:Rat
235,12579,2,Normal,37,4,4,3,1,37,37,0,0,35,0,1,1,1,3,3,0,3,3,0,0,252,32,12,9,3,0,1,1,7,1,,,0,Rat,flee×1
235,12579,3,Normal,4,1,1,0,0,37,0,0,0,0,0,1,1,0,3,3,0,0,0,0,0,148,37,6,0,0,1,0,0,13,3,RH=Crude Sword|LH=Crude Sword|BD=Crude Armour|A1=Crude Bracelet|A2=Crude Bracelet,,0,Rat,party wiped
236,12580,1,Normal,28,3,3,3,0,37,37,0,0,25,0,1,1,0,0,0,2,3,3,0,0,140,16,5,5,1.667,0,1,1,4,2,,,2,Rat|Rat,floor1_town;companion_join:Rat;companion_join:Rat
236,12580,2,Normal,39,1,1,1,0,37,29,0,0,15,0,1,1,0,1,0,4,2,3,0,0,84,8,3,3,3,0,1,1,4,3,,,0,Rat|Rat,
236,12580,3,Normal,12,2,2,1,0,29,0,0,0,36,0,1,1,5,6,6,0,0,0,0,0,303,51,12,7,7,1,0,0,16,4,RH=Crude Sword|LH=Crude Sword|BD=Crude Armour|A1=Crude Bracelet|A2=Crude Bracelet,,0,Rat|Rat,party wiped
237,12581,1,Normal,26,4,4,4,0,37,37,0,0,35,0,1,1,0,1,0,1,3,3,0,0,196,16,7,7,1.75,0,1,1,5,2,,,2,Rat|Rat,floor1_town;companion_join:Rat;companion_join:Rat
237,12581,2,Normal,40,4,4,4,0,37,37,0,0,45,0,1,1,0,4,1,3,0,2,0,0,252,16,10,10,2.5,0,1,1,7,3,,,0,Rat|Rat,
237,12581,3,Normal,26,2,2,1,0,37,0,0,3,24,0,1,2,3,3,3,0,0,0,1,0,281,43,9,4,4,1,0,0,13,4,RH=Crude Sword|LH=Crude Sword|BD=Crude Armour|A1=Crude Bracelet|A2=Crude Bracelet,Swords_T1_03=1,1,Rat|Rat|Goblin,companion_join:Goblin; party wiped; +1 levelup
238,12582,1,Normal,40,5,5,5,0,37,37,0,0,55,0,1,1,0,6,0,2,3,3,0,0,308,16,15,15,3,0,1,1,6,3,,,0,-,floor1_town
238,12582,2,Normal,36,4,4,4,0,37,29,0,0,35,0,1,1,0,3,0,4,0,3,0,0,196,8,8,8,2,0,1,1,6,2,,,3,Rat|Rat|Rat,companion_join:Rat;companion_join:Rat;companion_join:Rat
238,12582,3,Normal,28,3,3,2,0,29,0,0,3,48,0,1,2,5,6,6,0,0,0,2,0,446,57,15,8,4,1,0,0,13,4,RH=Crude Sword|LH=Crude Sword|BD=Crude Armour|A1=Crude Bracelet|A2=Crude Bracelet,Swords_T1_03=2,0,Rat|Rat|Rat,party wiped; +1 levelup
239,12583,1,Normal,38,5,5,5,0,37,37,0,0,55,0,1,1,0,7,1,0,3,3,0,0,308,8,14,14,2.8,0,1,1,6,1,,,3,Rat|Rat|Rat,floor1_town;companion_join:Rat;companion_join:Rat;companion_join:Rat
239,12583,2,Normal,25,2,2,2,0,37,29,0,0,20,0,1,1,0,0,0,1,3,3,0,0,112,16,4,4,2,0,1,1,7,2,,,1,Rat|Rat|Rat|Rat,companion_join:Rat
239,12583,3,Normal,37,3,3,2,1,29,3,0,1,60,0,1,2,2,6,3,0,0,0,0,0,337,42,12,11,5.5,0,1,1,19,3,,,0,Rat|Rat|Rat|Rat,+1 levelup; flee×1
239,12583,4,Normal,28,3,3,3,0,3,37,1,1,30,0,2,2,0,2,0,0,1,3,2,0,168,6,7,7,2.333,0,1,1,20,1,,Swords_T1_03=2,1,Rat|Rat|Rat|Rat|Rat,companion_join:Rat
239,12583,5,Normal,34,6,6,6,0,37,43,1,1,50,0,2,2,0,1,3,0,3,3,3,0,280,4,12,12,2,0,1,1,21,1,,Swords_T1_03=3,4,Rat|Rat|Rat|Rat|Rat|Rat|Rat|Rat|Rat,companion_join:Rat;companion_join:Rat;companion_join:Rat;companion_join:Rat
239,12583,6,Normal,30,4,4,4,0,43,29,1,1,60,0,2,2,0,3,3,0,0,0,4,0,336,10,14,14,3.5,0,1,1,21,4,,Swords_T1_03=4,1,Rat|Rat|Rat|Rat|Rat|Rat|Rat|Rat|Rat|Rat,companion_join:Rat
239,12583,7,Normal,28,1,1,1,0,29,36,1,1,10,0,2,2,0,0,0,0,3,3,1,0,56,8,2,2,2,0,1,1,22,2,,Swords_T1_03=1,0,Rat|Rat|Rat|Rat|Rat|Rat|Rat|Rat|Rat|Rat,
239,12583,8,Normal,22,1,1,0,0,36,0,1,1,0,0,2,2,0,2,0,0,1,3,1,0,50,44,1,0,0,1,0,0,28,4,RH=Crude Sword|LH=Crude Sword|BD=Crude Armour|A1=Crude Bracelet|A2=Crude Bracelet,Swords_T1_03=1,0,Rat|Rat|Rat|Rat|Rat|Rat|Rat|Rat|Rat|Rat,party wiped
240,12584,1,Normal,36,5,5,5,0,37,37,0,0,60,0,1,1,0,5,0,2,3,3,0,0,336,24,16,16,3.2,0,1,1,6,2,,,0,-,floor1_town
240,12584,2,Normal,30,2,2,2,0,37,37,0,0,30,0,1,1,0,4,0,4,0,3,0,0,168,8,7,7,3.5,0,1,1,7,3,,,0,-,
240,12584,3,Normal,14,3,3,2,0,37,0,0,3,24,0,1,2,4,3,3,0,0,0,2,0,262,43,8,3,1.5,1,0,0,13,4,RH=Crude Sword|LH=Crude Sword|BD=Crude Armour|A1=Crude Bracelet|A2=Crude Bracelet,Swords_T1_03=2,0,-,party wiped; +1 levelup
241,12585,1,Normal,34,3,3,3,0,37,37,0,0,45,0,1,1,0,6,2,0,3,3,0,0,252,8,12,12,4,0,1,1,4,4,,,2,Rat|Rat,floor1_town;companion_join:Rat;companion_join:Rat
241,12585,2,Normal,35,5,5,5,0,37,45,0,2,60,0,1,2,1,3,3,1,0,0,0,0,336,0,16,16,3.2,0,1,1,4,3,,,2,Rat|Rat|Rat|Rat,companion_join:Rat;companion_join:Rat; +1 levelup
241,12585,3,Normal,29,3,3,3,0,45,45,2,2,36,0,2,2,0,2,0,2,1,3,1,0,180,20,6,6,2,0,1,1,5,1,,Swords_T1_03=1,0,Rat|Rat|Rat|Rat,
241,12585,4,Normal,40,5,5,5,0,45,45,2,2,65,0,2,2,0,3,3,2,1,3,3,0,364,14,16,16,3.2,0,1,1,6,3,,Swords_T1_03=3,0,Rat|Rat|Rat|Rat,
241,12585,5,Normal,32,4,4,4,0,45,29,2,2,60,0,2,2,2,1,3,0,0,0,2,0,336,14,16,16,4,0,1,1,6,4,,Swords_T1_03=2,2,Rat|Rat|Rat|Rat|Rat|Rat,companion_join:Rat;companion_join:Rat
241,12585,6,Normal,26,3,3,2,1,29,8,2,5,35,0,2,3,0,3,3,0,0,0,2,0,252,44,12,9,4.5,0,1,1,7,4,,Swords_T1_03=1|Swords_T1_04=1,0,Rat|Rat|Rat|Rat|Rat|Rat,+1 levelup; flee×1
241,12585,7,Normal,39,6,6,6,0,8,53,5,5,55,0,3,3,0,3,1,0,0,2,4,0,308,10,13,13,2.167,0,1,1,8,1,,Swords_T1_03=3|Swords_T1_04=1,2,Rat|Rat|Rat|Rat|Rat|Rat|Rat|Rat,companion_join:Rat;companion_join:Rat
241,12585,8,Normal,1,1,1,0,0,53,0,5,5,0,0,3,3,0,3,3,0,0,0,1,0,72,53,3,0,0,1,0,0,14,4,RH=Crude Sword|LH=Crude Sword|BD=Crude Armour|A1=Crude Bracelet|A2=Crude Bracelet,Swords_T1_04=1,0,Rat|Rat|Rat|Rat|Rat|Rat|Rat|Rat,party wiped
242,12586,1,Normal,31,4,4,4,0,37,37,0,0,75,0,1,1,0,11,6,1,3,3,0,0,420,6,22,22,5.5,0,1,1,5,3,,,2,Rat|Rat,floor1_town;companion_join:Rat;companion_join:Rat
242,12586,2,Normal,29,5,5,5,0,37,45,0,3,45,0,1,2,0,3,2,3,0,1,0,0,252,6,12,12,2.4,0,1,1,5,4,,,1,Rat|Rat|Rat,companion_join:Rat; +1 levelup
242,12586,3,Normal,13,2,2,1,0,45,0,3,3,48,0,2,2,5,3,4,0,0,0,2,0,398,57,12,8,8,1,0,0,6,4,RH=Crude Sword|LH=Crude Sword|BD=Crude Armour|A1=Crude Bracelet|A2=Crude Bracelet,Swords_T1_03=2,0,Rat|Rat|Rat,party wiped
243,12587,1,Normal,29,4,4,4,0,37,37,0,0,40,0,1,1,0,2,0,0,3,3,0,0,224,0,8,8,2,0,1,1,5,3,,,1,Rat,floor1_town;companion_join:Rat
243,12587,2,Normal,32,3,3,3,0,37,37,0,0,30,0,1,1,0,2,0,2,3,3,0,0,168,8,7,7,2.333,0,1,1,6,1,,,2,Rat|Rat|Rat,companion_join:Rat;companion_join:Rat
243,12587,3,Normal,24,3,3,1,1,37,0,0,0,24,0,1,1,2,9,8,0,0,0,0,0,335,72,12,4,4,1,0,0,24,3,RH=Crude Sword|LH=Crude Sword|BD=Crude Armour|A1=Crude Bracelet|A2=Crude Bracelet,,0,Rat|Rat|Rat,party wiped; flee×1
244,12588,1,Normal,27,4,4,4,0,37,37,0,0,50,0,1,1,0,5,2,1,3,3,0,0,280,24,14,14,3.5,0,1,1,5,2,,,2,Rat|Rat,floor1_town;companion_join:Rat;companion_join:Rat
244,12588,2,Normal,28,1,1,1,0,37,37,0,0,5,0,1,1,0,0,0,1,3,3,0,0,28,0,1,1,1,0,1,1,5,1,,,1,Rat|Rat|Rat,companion_join:Rat
244,12588,3,Normal,33,2,2,2,0,37,45,0,1,60,0,1,2,1,6,4,1,0,2,0,0,300,15,11,11,5.5,0,1,1,17,2,,,0,Rat|Rat|Rat,+1 levelup
244,12588,4,Normal,25,3,3,2,1,45,45,1,1,40,0,2,2,1,3,4,0,0,1,0,0,308,37,15,11,5.5,0,1,1,18,4,,,1,Rat|Rat|Rat|Rat,companion_join:Rat; flee×1
244,12588,5,Normal,26,2,2,2,0,45,45,1,1,20,0,2,2,0,0,1,0,3,3,1,0,112,29,6,6,3,0,1,1,19,1,,Swords_T1_03=1,1,Rat|Rat|Rat|Rat|Rat,companion_join:Rat
244,12588,6,Normal,28,3,3,3,0,45,11,1,1,45,0,2,2,0,3,3,0,0,0,2,0,252,32,14,14,4.667,0,1,1,19,3,,Swords_T1_03=2,0,Rat|Rat|Rat|Rat|Rat,
244,12588,7,Normal,38,6,6,5,1,11,37,1,1,55,0,2,2,0,4,3,0,2,3,3,0,392,43,16,13,2.6,0,1,1,21,3,,Swords_T1_03=3,2,Rat|Rat|Rat|Rat|Rat|Rat|Rat,companion_join:Rat;companion_join:Rat; flee×1
244,12588,8,Normal,28,1,1,0,0,37,0,1,1,0,0,2,2,0,3,0,0,0,3,1,0,88,44,2,0,0,1,0,0,27,3,RH=Crude Sword|LH=Crude Sword|BD=Crude Armour|A1=Crude Bracelet|A2=Crude Bracelet,Swords_T1_03=1,0,Rat|Rat|Rat|Rat|Rat|Rat|Rat,party wiped
245,12589,1,Normal,25,5,5,5,0,37,37,0,0,60,0,1,1,0,6,1,2,3,3,0,0,336,24,15,15,3,0,1,1,6,1,,,1,Rat,floor1_town;companion_join:Rat
245,12589,2,Normal,40,2,2,2,0,37,37,0,0,25,0,1,1,0,3,0,3,2,3,0,0,140,8,5,5,2.5,0,1,1,7,2,,,0,Rat,
245,12589,3,Normal,30,3,3,2,0,37,0,0,2,60,0,1,2,5,3,3,0,0,0,2,0,366,61,14,11,5.5,1,0,0,13,3,RH=Crude Sword|LH=Crude Sword|BD=Crude Armour|A1=Crude Bracelet|A2=Crude Bracelet,Swords_T1_03=2,0,Rat,party wiped; +1 levelup
246,12590,1,Normal,39,4,4,4,0,37,37,0,0,55,0,1,1,0,7,5,1,3,3,0,0,308,0,15,15,3.75,0,1,1,5,1,,,3,Rat|Rat|Rat,floor1_town;companion_join:Rat;companion_join:Rat;companion_join:Rat
246,12590,2,Normal,25,4,4,4,0,37,46,0,2,50,0,1,2,0,3,3,2,0,0,0,0,280,8,11,11,2.75,0,1,1,6,3,,,2,Rat|Rat|Rat|Rat|Rat,companion_join:Rat;companion_join:Rat; +1 levelup
246,12590,3,Normal,5,1,1,0,0,46,0,2,2,0,0,2,2,2,0,0,0,0,0,0,0,78,46,3,0,0,1,0,0,6,4,RH=Crude Sword|LH=Crude Sword|BD=Crude Armour|A1=Crude Bracelet|A2=Crude Bracelet,,0,Rat|Rat|Rat|Rat|Rat,party wiped
247,12591,1,Normal,37,5,5,5,0,37,37,0,0,55,0,1,1,0,4,0,2,3,3,0,0,308,16,12,12,2.4,0,1,1,6,2,,,1,Rat,floor1_town;companion_join:Rat
247,12591,2,Normal,32,6,6,5,1,37,3,0,1,60,0,1,2,2,4,3,0,0,0,2,0,420,48,19,15,3,0,1,1,7,4,,Swords_T1_03=2,0,Rat,+1 levelup; flee×1
247,12591,3,Normal,31,4,4,2,1,3,0,1,1,48,0,2,2,2,6,6,0,0,0,2,0,363,87,12,8,4,1,0,0,9,4,RH=Crude Sword|LH=Crude Sword|BD=Crude Armour|A1=Crude Bracelet|A2=Crude Bracelet,Swords_T1_03=2,0,Rat,party wiped; flee×1
248,12592,1,Normal,35,4,4,4,0,37,37,0,0,50,0,1,1,0,5,2,0,3,3,0,0,280,8,14,14,3.5,0,1,1,5,1,,,1,Rat,floor1_town;companion_join:Rat
248,12592,2,Normal,36,1,1,1,0,37,29,0,0,10,0,1,1,0,0,0,2,3,3,0,0,56,8,2,2,2,0,1,1,5,2,,,1,Rat|Rat,companion_join:Rat
248,12592,3,Normal,25,2,2,1,0,29,0,0,0,36,0,1,1,2,6,6,0,0,0,0,0,335,58,11,6,6,1,0,0,17,4,RH=Crude Sword|LH=Crude Sword|BD=Crude Armour|A1=Crude Bracelet|A2=Crude Bracelet,,0,Rat|Rat,party wiped
249,12593,1,Normal,33,2,2,2,0,37,37,0,0,20,0,1,1,0,2,0,2,3,3,0,0,112,0,5,5,2.5,0,1,1,3,1,,,1,Rat,floor1_town;companion_join:Rat
249,12593,2,Normal,25,2,2,2,0,37,37,0,0,25,0,1,1,0,3,0,3,0,3,0,0,140,8,6,6,3,0,1,1,4,3,,,2,Rat|Rat|Rat,companion_join:Rat;companion_join:Rat
249,12593,3,Normal,37,6,6,6,0,37,45,0,1,168,0,1,2,5,10,9,0,2,3,4,0,840,63,28,28,4.667,0,1,1,19,2,,Swords_T1_03=4,1,Rat|Rat|Rat|Goblin,companion_join:Goblin; +1 levelup
249,12593,4,Normal,33,6,6,6,0,45,37,1,1,85,0,2,2,0,7,3,0,0,3,3,0,476,45,23,23,3.833,0,1,1,21,4,,Swords_T1_03=3,1,Rat|Rat|Rat|Goblin|Rat,companion_join:Rat
249,12593,5,Normal,39,2,2,2,0,37,45,1,3,20,0,2,3,0,0,1,0,0,2,0,0,112,6,5,5,2.5,0,1,1,21,2,,,1,Rat|Rat|Rat|Goblin|Rat|Rat,companion_join:Rat; +1 levelup
249,12593,6,Normal,33,5,5,4,1,45,45,3,3,40,0,3,3,0,2,2,0,1,3,4,0,225,60,11,9,2.25,0,1,1,22,2,,Swords_T1_03=2|Swords_T1_04=2,1,Rat|Rat|Rat|Goblin|Rat|Rat|Rat,companion_join:Rat; flee×1
249,12593,7,Normal,34,5,5,5,0,45,43,3,3,60,0,3,3,0,1,3,0,3,3,2,0,336,24,13,13,2.6,0,1,1,23,1,,Swords_T1_03=2,1,Rat|Rat|Rat|Goblin|Rat|Rat|Rat|Rat,companion_join:Rat
249,12593,8,Normal,1,1,1,0,0,43,0,3,3,0,0,3,3,0,3,3,0,0,0,1,0,236,51,5,0,0,1,0,0,29,2,RH=Crude Sword|LH=Crude Sword|BD=Crude Armour|A1=Crude Bracelet|A2=Crude Bracelet,Swords_T1_03=1,0,Rat|Rat|Rat|Goblin|Rat|Rat|Rat|Rat,party wiped
250,12594,1,Normal,31,3,3,3,0,37,37,0,0,40,0,1,1,0,5,2,0,3,3,0,0,224,8,13,13,4.333,0,1,1,4,4,,,1,Rat,floor1_town;companion_join:Rat
250,12594,2,Normal,27,5,5,5,0,37,44,0,3,65,0,1,2,0,7,1,2,2,3,0,0,364,22,18,18,3.6,0,1,1,7,2,,,1,Rat|Rat,companion_join:Rat; +1 levelup
250,12594,3,Normal,29,3,3,3,0,44,28,3,3,72,0,2,2,1,2,3,2,0,0,3,0,360,13,11,11,3.667,0,1,1,7,2,,Swords_T1_03=3,0,Rat|Rat,
250,12594,4,Normal,40,3,3,3,0,28,43,3,3,40,0,2,2,0,3,3,2,3,3,2,0,224,20,12,12,4,0,1,1,9,1,,Swords_T1_03=2,0,Rat|Rat,
250,12594,5,Normal,39,4,4,4,0,43,35,3,3,50,0,2,2,0,3,2,2,0,1,3,0,280,5,14,14,3.5,0,1,1,9,2,,Swords_T1_03=3,3,Rat|Rat|Rat|Rat|Rat,companion_join:Rat;companion_join:Rat;companion_join:Rat
250,12594,6,Normal,26,2,2,2,0,35,52,3,4,40,0,2,3,2,3,2,0,0,2,2,0,224,2,11,11,5.5,0,1,1,10,4,,Swords_T1_03=2,1,Rat|Rat|Rat|Rat|Rat|Rat,companion_join:Rat; +1 levelup
250,12594,7,Normal,34,4,4,4,0,52,31,4,4,70,0,3,3,0,3,5,0,0,0,2,0,392,40,15,15,3.75,0,1,1,11,3,,Swords_T1_03=1|Swords_T1_04=1,0,Rat|Rat|Rat|Rat|Rat|Rat,
250,12594,8,Normal,4,1,1,0,0,31,0,4,4,0,0,3,3,0,3,0,0,0,3,2,0,61,50,2,0,0,1,0,0,17,4,RH=Crude Sword|LH=Crude Sword|BD=Crude Armour|A1=Crude Bracelet|A2=Crude Bracelet,Swords_T1_03=1|Swords_T1_04=1,0,Rat|Rat|Rat|Rat|Rat|Rat,party wiped
251,12595,1,Normal,29,3,3,3,0,37,37,0,0,25,0,1,1,1,2,0,1,3,3,0,0,140,10,9,9,3,0,1,1,4,3,,,0,-,floor1_town
251,12595,2,Normal,25,3,3,3,0,37,37,0,0,35,0,1,1,0,3,2,3,3,3,0,0,196,8,10,10,3.333,0,1,1,5,1,,,3,Rat|Rat|Rat,companion_join:Rat;companion_join:Rat;companion_join:Rat
251,12595,3,Normal,15,2,2,1,0,37,0,0,0,36,0,1,1,3,6,6,0,0,0,0,0,343,58,12,7,7,1,0,0,17,4,RH=Crude Sword|LH=Crude Sword|BD=Crude Armour|A1=Crude Bracelet|A2=Crude Bracelet,,0,Rat|Rat|Rat,party wiped
252,12596,1,Normal,27,4,4,4,0,37,37,0,0,35,0,1,1,0,1,0,0,3,3,0,0,196,16,8,8,2,0,1,1,5,1,,,2,Rat|Rat,floor1_town;companion_join:Rat;companion_join:Rat
252,12596,2,Normal,35,5,5,5,0,37,36,0,1,85,0,1,2,0,9,5,2,0,2,0,0,476,24,25,25,5,0,1,1,7,3,,,2,Rat|Rat|Rat|Rat,companion_join:Rat;companion_join:Rat; +1 levelup
252,12596,3,Normal,32,6,6,6,0,36,44,1,1,132,0,2,2,2,6,6,1,0,0,6,0,660,8,20,20,3.333,0,1,1,9,3,,Swords_T1_03=6,0,Rat|Rat|Rat|Rat,
252,12596,4,Normal,29,1,1,1,0,44,43,1,1,5,0,2,2,0,0,0,1,0,0,1,0,28,0,1,1,1,0,1,1,9,1,,Swords_T1_03=1,1,Rat|Rat|Rat|Rat|Rat,companion_join:Rat
252,12596,5,Normal,37,3,3,2,1,43,28,1,1,40,0,2,2,1,3,3,0,0,0,3,0,308,54,15,11,5.5,0,1,1,10,4,,Swords_T1_03=3,0,Rat|Rat|Rat|Rat|Rat,flee×1
252,12596,6,Normal,33,4,4,4,0,28,19,1,4,50,0,2,3,0,3,3,0,0,0,2,0,280,32,17,17,4.25,0,1,1,11,4,,Swords_T1_03=1|Swords_T1_04=1,2,Rat|Rat|Rat|Rat|Rat|Rat|Rat,companion_join:Rat;companion_join:Rat; +1 levelup
252,12596,7,Normal,31,6,6,6,0,19,19,4,4,80,0,3,3,0,3,3,0,0,0,3,0,448,31,19,19,3.167,0,1,1,12,4,,Swords_T1_03=1|Swords_T1_04=2,1,Rat|Rat|Rat|Rat|Rat|Rat|Rat|Rat,companion_join:Rat
252,12596,8,Normal,17,1,1,0,0,19,0,4,4,0,0,3,3,0,3,3,0,0,0,0,0,78,52,2,0,0,1,0,0,18,4,RH=Crude Sword|LH=Crude Sword|BD=Crude Armour|A1=Crude Bracelet|A2=Crude Bracelet,,0,Rat|Rat|Rat|Rat|Rat|Rat|Rat|Rat,party wiped
253,12597,1,Normal,25,4,4,4,0,37,37,0,0,50,0,1,1,0,4,3,1,3,3,0,0,280,24,12,12,3,0,1,1,5,2,,,0,-,floor1_town
253,12597,2,Normal,32,3,3,3,0,37,37,0,0,40,0,1,1,0,3,3,1,3,3,0,0,224,18,14,14,4.667,0,1,1,6,1,,,0,-,
253,12597,3,Normal,36,3,3,3,0,37,43,0,2,72,0,1,2,2,3,3,1,0,0,2,0,360,-1,11,11,3.667,0,1,1,12,1,,Swords_T1_03=2,0,-,+1 levelup
253,12597,4,Normal,9,2,2,1,0,43,0,2,2,10,0,2,2,1,0,0,0,0,0,2,0,112,41,5,2,2,1,0,0,12,4,RH=Crude Sword|LH=Crude Sword|BD=Crude Armour|A1=Crude Bracelet|A2=Crude Bracelet,Swords_T1_03=2,0,-,party wiped
254,12598,1,Normal,39,5,5,5,0,37,37,0,0,75,0,1,1,0,9,1,0,3,3,0,0,420,18,21,21,4.2,0,1,1,6,4,,,2,Rat|Rat,floor1_town;companion_join:Rat;companion_join:Rat
254,12598,2,Normal,31,4,4,4,0,37,46,0,2,35,0,1,2,0,1,0,2,2,3,0,0,196,8,7,7,1.75,0,1,1,6,3,,,0,Rat|Rat,+1 levelup
254,12598,3,Normal,8,1,1,0,0,46,0,2,2,0,0,2,2,4,2,3,0,0,0,0,0,150,46,5,0,0,1,0,0,6,4,RH=Crude Sword|LH=Crude Sword|BD=Crude Armour|A1=Crude Bracelet|A2=Crude Bracelet,,0,Rat|Rat,party wiped
255,12599,1,Normal,37,5,5,5,0,37,37,0,0,55,0,1,1,0,7,4,1,3,3,0,0,308,0,15,15,3,0,1,1,6,4,,,0,-,floor1_town
255,12599,2,Normal,37,3,3,3,0,37,45,0,2,45,0,1,2,0,4,0,3,1,3,0,0,252,16,12,12,4,0,1,1,8,3,,,1,Rat,companion_join:Rat; +1 levelup
255,12599,3,Normal,38,3,3,3,0,45,44,2,2,60,0,2,2,1,2,3,4,2,3,2,0,300,13,8,8,2.667,0,1,1,9,1,,Swords_T1_03=2,1,Rat|Goblin,companion_join:Goblin
255,12599,4,Normal,40,3,3,3,0,44,36,2,2,40,0,2,2,0,2,2,4,0,1,3,0,224,5,10,10,3.333,0,1,1,9,3,,Swords_T1_03=3,2,Rat|Goblin|Rat|Rat,companion_join:Rat;companion_join:Rat
255,12599,5,Normal,39,5,5,5,0,36,44,2,2,75,0,2,2,3,0,1,1,3,3,3,0,420,6,16,16,3.2,0,1,1,10,1,,Swords_T1_03=3,1,Rat|Goblin|Rat|Rat|Rat,companion_join:Rat
255,12599,6,Normal,37,4,4,4,0,44,46,2,4,50,0,2,3,0,3,1,1,0,2,3,0,280,31,13,13,3.25,0,1,1,10,2,,Swords_T1_03=2|Swords_T1_04=1,1,Rat|Goblin|Rat|Rat|Rat|Rat,companion_join:Rat; +1 levelup
255,12599,7,Normal,35,5,5,5,0,46,38,4,4,70,0,3,3,0,3,4,1,0,1,3,0,392,34,19,19,3.8,0,1,1,11,1,,Swords_T1_03=2|Swords_T1_04=1,2,Rat|Goblin|Rat|Rat|Rat|Rat|Rat|Rat,companion_join:Rat;companion_join:Rat
255,12599,8,Normal,1,1,1,0,0,38,0,4,4,0,0,3,3,1,3,3,0,0,0,0,0,93,54,3,0,0,1,0,0,17,3,RH=Crude Sword|LH=Crude Sword|BD=Crude Armour|A1=Crude Bracelet|A2=Crude Bracelet,,0,Rat|Goblin|Rat|Rat|Rat|Rat|Rat|Rat,party wiped
256,12600,1,Normal,35,2,2,2,0,37,37,0,0,40,0,1,1,0,6,4,2,3,3,0,0,224,16,11,11,5.5,0,1,1,3,4,,,0,-,floor1_town
256,12600,2,Normal,31,4,4,4,0,37,44,0,3,70,0,1,2,2,4,3,1,2,3,0,0,392,21,20,20,5,0,1,1,4,3,,,1,Rat,companion_join:Rat; +1 levelup
256,12600,3,Normal,12,2,2,1,0,44,0,3,3,24,0,2,2,1,2,3,0,0,0,1,0,198,43,5,3,3,1,0,0,4,4,RH=Crude Sword|LH=Crude Sword|BD=Crude Armour|A1=Crude Bracelet|A2=Crude Bracelet,Swords_T1_03=1,0,Rat,party wiped
257,12601,1,Normal,33,1,1,1,0,37,37,0,0,15,0,1,1,0,2,0,1,3,3,0,0,84,0,5,5,5,0,1,1,2,3,,,1,Rat,floor1_town;companion_join:Rat
257,12601,2,Normal,26,4,4,4,0,37,37,0,0,55,0,1,1,0,6,2,1,3,3,0,0,308,24,16,16,4,0,1,1,5,1,,,2,Rat|Rat|Rat,companion_join:Rat;companion_join:Rat
257,12601,3,Normal,38,5,5,4,1,37,45,0,1,96,0,1,2,3,7,6,0,0,0,3,0,540,55,18,15,3.75,0,1,1,18,1,,Swords_T1_03=3,1,Rat|Rat|Rat|Goblin,companion_join:Goblin; +1 levelup; flee×1
257,12601,4,Normal,33,3,3,2,1,45,46,1,1,25,0,2,2,0,3,2,0,0,1,2,0,196,32,10,7,3.5,0,1,1,19,4,,Swords_T1_03=2,0,Rat|Rat|Rat|Goblin,flee×1
257,12601,5,Normal,30,5,5,5,0,46,36,1,1,55,0,2,2,0,1,1,0,2,3,4,0,308,28,12,12,2.4,0,1,1,20,1,,Swords_T1_03=4,1,Rat|Rat|Rat|Goblin|Rat,companion_join:Rat
257,12601,6,Normal,37,3,3,2,1,36,6,1,1,30,0,2,2,0,2,3,0,0,0,3,0,224,27,10,8,4,0,1,1,20,3,,Swords_T1_03=3,1,Rat|Rat|Rat|Goblin|Rat|Rat,companion_join:Rat; flee×1
257,12601,7,Normal,31,4,4,4,0,6,48,1,3,45,0,2,3,0,3,2,0,0,1,4,0,252,20,11,11,2.75,0,1,1,21,1,,Swords_T1_03=3|Swords_T1_04=1,0,Rat|Rat|Rat|Goblin|Rat|Rat,+1 levelup
257,12601,8,Normal,3,1,1,0,0,48,0,3,3,0,0,3,3,0,3,3,0,0,0,0,0,74,54,2,0,0,1,0,0,27,4,RH=Crude Sword|LH=Crude Sword|BD=Crude Armour|A1=Crude Bracelet|A2=Crude Bracelet,,0,Rat|Rat|Rat|Goblin|Rat|Rat,party wiped
258,12602,1,Normal,31,4,4,4,0,37,37,0,0,55,0,1,1,0,6,2,2,3,3,0,0,308,24,13,13,3.25,0,1,1,5,4,,,2,Rat|Rat,floor1_town;companion_join:Rat;companion_join:Rat
258,12602,2,Normal,40,4,4,4,0,37,29,0,0,40,0,1,1,0,3,1,4,3,3,0,0,224,16,9,9,2.25,0,1,1,6,2,,,2,Rat|Rat|Rat|Rat,companion_join:Rat;companion_join:Rat
258,12602,3,Normal,37,3,3,3,0,29,45,0,1,48,0,1,2,0,3,2,5,0,1,1,0,240,-1,8,8,2.667,0,1,1,12,1,,Swords_T1_03=1,1,Rat|Rat|Rat|Rat|Goblin,companion_join:Goblin; +1 levelup
258,12602,4,Normal,25,3,3,3,0,45,29,1,1,25,0,2,2,0,0,1,5,0,0,1,0,140,15,7,7,2.333,0,1,1,12,3,,Swords_T1_03=1,0,Rat|Rat|Rat|Rat|Goblin,
258,12602,5,Normal,39,6,6,6,0,29,45,1,1,70,0,2,2,1,3,3,4,0,0,4,0,392,9,20,20,3.333,0,1,1,14,3,,Swords_T1_03=4,2,Rat|Rat|Rat|Rat|Goblin|Rat|Rat,companion_join:Rat;companion_join:Rat
258,12602,6,Normal,34,2,2,2,0,45,37,1,1,40,0,2,2,2,2,0,2,1,3,2,0,224,44,12,12,6,0,1,1,15,4,,Swords_T1_03=2,1,Rat|Rat|Rat|Rat|Goblin|Rat|Rat|Rat,companion_join:Rat
258,12602,7,Normal,29,3,3,3,0,37,53,1,3,35,0,2,3,0,1,3,2,0,0,1,0,196,-9,8,8,2.667,0,1,1,15,1,,Swords_T1_03=1,0,Rat|Rat|Rat|Rat|Goblin|Rat|Rat|Rat,+1 levelup
258,12602,8,Normal,5,1,1,0,0,53,0,3,3,0,0,3,3,2,3,3,0,0,0,0,0,76,53,5,0,0,1,0,0,21,2,RH=Crude Sword|LH=Crude Sword|BD=Crude Armour|A1=Crude Bracelet|A2=Crude Bracelet,,0,Rat|Rat|Rat|Rat|Goblin|Rat|Rat|Rat,party wiped
259,12603,1,Normal,29,2,2,2,0,37,37,0,0,30,0,1,1,0,3,2,0,3,3,0,0,168,8,8,8,4,0,1,1,3,2,,,2,Rat|Rat,floor1_town;companion_join:Rat;companion_join:Rat
259,12603,2,Normal,31,2,2,2,0,37,37,0,0,30,0,1,1,0,3,2,1,3,3,0,0,168,10,9,9,4.5,0,1,1,4,2,,,0,Rat|Rat,
259,12603,3,Normal,16,4,4,3,0,37,0,0,1,72,0,1,2,3,7,6,0,0,0,1,0,457,80,17,14,4.667,1,0,0,17,4,RH=Crude Sword|LH=Crude Sword|BD=Crude Armour|A1=Crude Bracelet|A2=Crude Bracelet,Swords_T1_03=1,0,Rat|Rat,party wiped; +1 levelup
260,12604,1,Normal,27,2,2,2,0,37,37,0,0,20,0,1,1,0,2,0,2,3,3,0,0,112,0,5,5,2.5,0,1,1,3,3,,,0,-,floor1_town
260,12604,2,Normal,38,3,3,3,0,37,37,0,0,40,0,1,1,0,4,3,4,0,0,0,0,224,8,10,10,3.333,0,1,1,4,1,,,1,Rat,companion_join:Rat
260,12604,3,Normal,13,2,2,1,0,37,0,0,0,12,0,1,1,4,4,3,0,0,0,0,0,183,37,7,2,2,1,0,0,16,4,RH=Crude Sword|LH=Crude Sword|BD=Crude Armour|A1=Crude Bracelet|A2=Crude Bracelet,,0,Rat,party wiped
261,12605,1,Normal,25,2,2,2,0,37,37,0,0,20,0,1,1,0,2,0,0,3,3,0,0,112,8,6,6,3,0,1,1,3,2,,,0,-,floor1_town
261,12605,2,Normal,33,4,4,4,0,37,29,0,0,60,0,1,1,0,7,4,1,0,1,0,0,336,24,19,19,4.75,0,1,1,5,4,,,1,Rat,companion_join:Rat
261,12605,3,Normal,29,4,4,3,0,29,0,0,2,60,0,1,2,3,7,6,0,0,0,2,0,502,56,16,10,3.333,1,0,0,18,4,RH=Crude Sword|LH=Crude Sword|BD=Crude Armour|A1=Crude Bracelet|A2=Crude Bracelet,Swords_T1_03=2,0,Rat,party wiped; +1 levelup
262,12606,1,Normal,39,2,2,2,0,37,37,0,0,25,0,1,1,0,3,0,1,3,3,0,0,140,0,7,7,3.5,0,1,1,3,3,,,1,Rat,floor1_town;companion_join:Rat
262,12606,2,Normal,35,4,4,4,0,37,37,0,0,25,0,1,1,0,1,0,2,2,3,0,0,140,0,5,5,1.25,0,1,1,3,1,,,2,Rat|Rat|Rat,companion_join:Rat;companion_join:Rat
262,12606,3,Normal,33,1,1,1,0,37,37,0,0,12,0,1,1,0,1,0,3,2,3,0,0,60,0,2,2,2,0,1,1,9,1,,,0,Rat|Rat|Rat,
262,12606,4,Normal,25,4,4,4,0,37,29,0,0,35,0,1,1,0,2,0,3,1,3,0,0,196,16,7,7,1.75,0,1,1,10,3,,,1,Rat|Rat|Rat|Rat,companion_join:Rat
262,12606,5,Normal,28,3,3,3,0,29,23,0,2,45,0,1,2,0,3,3,3,0,0,1,0,252,20,13,13,4.333,0,1,1,11,4,,Swords_T1_03=1,2,Rat|Rat|Rat|Rat|Rat|Rat,companion_join:Rat;companion_join:Rat; +1 levelup
262,12606,6,Normal,29,1,1,1,0,23,44,2,2,5,0,2,2,0,0,0,3,3,3,0,0,28,0,1,1,1,0,1,1,12,1,,,1,Rat|Rat|Rat|Rat|Rat|Rat|Rat,companion_join:Rat
262,12606,7,Normal,28,4,4,4,0,44,44,2,2,50,0,2,2,1,3,3,2,0,0,4,0,280,-4,13,13,3.25,0,1,1,12,4,,Swords_T1_03=4,3,Rat|Rat|Rat|Rat|Rat|Rat|Rat|Rat|Rat|Rat,companion_join:Rat;companion_join:Rat;companion_join:Rat
262,12606,8,Normal,9,1,1,0,0,44,0,2,2,0,0,2,2,1,0,0,1,3,3,1,0,63,43,1,0,0,1,0,0,18,3,RH=Crude Sword|LH=Crude Sword|BD=Crude Armour|A1=Crude Bracelet|A2=Crude Bracelet,Swords_T1_03=1,0,Rat|Rat|Rat|Rat|Rat|Rat|Rat|Rat|Rat|Rat,party wiped
263,12607,1,Normal,37,4,4,4,0,37,37,0,0,60,0,1,1,0,7,2,0,3,3,0,0,336,24,17,17,4.25,0,1,1,5,4,,,1,Rat,floor1_town;companion_join:Rat
263,12607,2,Normal,34,4,4,4,0,37,45,0,3,55,0,1,2,0,6,1,1,0,3,0,0,308,24,15,15,3.75,0,1,1,7,4,,,1,Rat|Rat,companion_join:Rat; +1 levelup
263,12607,3,Normal,28,2,2,1,0,45,0,3,3,24,0,2,2,1,3,6,0,0,0,1,0,243,62,9,6,6,1,0,0,8,4,RH=Crude Sword|LH=Crude Sword|BD=Crude Armour|A1=Crude Bracelet|A2=Crude Bracelet,Swords_T1_03=1,0,Rat|Rat,party wiped
264,12608,1,Normal,35,3,3,3,0,37,37,0,0,50,0,1,1,0,6,0,1,3,3,0,0,280,16,12,12,4,0,1,1,4,3,,,2,Rat|Rat,floor1_town;companion_join:Rat;companion_join:Rat
264,12608,2,Normal,39,4,4,4,0,37,29,0,0,35,0,1,1,0,1,0,3,2,3,0,0,196,8,7,7,1.75,0,1,1,4,2,,,2,Rat|Rat|Rat|Rat,companion_join:Rat;companion_join:Rat
264,12608,3,Normal,19,2,2,1,0,29,0,0,3,36,0,1,2,5,3,3,0,0,0,1,0,307,44,13,8,8,1,0,0,10,3,RH=Crude Sword|LH=Crude Sword|BD=Crude Armour|A1=Crude Bracelet|A2=Crude Bracelet,Swords_T1_03=1,0,Rat|Rat|Rat|Rat,party wiped; +1 levelup
265,12609,1,Normal,33,2,2,2,0,37,37,0,0,25,0,1,1,0,2,0,2,3,3,0,0,140,0,6,6,3,0,1,1,3,3,,,1,Rat,floor1_town;companion_join:Rat
265,12609,2,Normal,26,3,3,3,0,37,29,0,0,30,0,1,1,0,3,0,3,0,3,0,0,168,8,10,10,3.333,0,1,1,3,2,,,0,Rat,
265,12609,3,Normal,26,3,3,3,0,29,24,0,3,72,0,1,2,1,6,6,4,0,0,0,0,360,37,14,14,4.667,0,1,1,15,1,,,0,Rat,+1 levelup
265,12609,4,Normal,28,3,3,3,0,24,45,3,3,40,0,2,2,0,3,1,4,0,2,2,0,224,-2,9,9,3,0,1,1,16,4,,Swords_T1_03=2,1,Rat|Rat,companion_join:Rat
265,12609,5,Normal,40,3,3,3,0,45,38,3,3,20,0,2,2,0,0,1,4,0,1,1,0,112,6,6,6,2,0,1,1,16,1,,Swords_T1_03=1,0,Rat|Rat,
265,12609,6,Normal,40,3,3,3,0,38,37,3,3,35,0,2,2,1,0,1,3,0,0,1,0,196,0,8,8,2.667,0,1,1,16,1,,Swords_T1_03=1,1,Rat|Rat|Rat,companion_join:Rat
265,12609,7,Normal,33,3,3,3,0,37,44,3,3,20,0,2,2,0,0,0,3,3,3,2,0,112,16,5,5,1.667,0,1,1,17,1,,Swords_T1_03=2,2,Rat|Rat|Rat|Rat|Rat,companion_join:Rat;companion_join:Rat
265,12609,8,Normal,10,1,1,0,0,44,0,3,3,0,0,2,2,0,0,0,3,3,3,0,0,46,45,1,0,0,1,0,0,23,1,RH=Crude Sword|LH=Crude Sword|BD=Crude Armour|A1=Crude Bracelet|A2=Crude Bracelet,,0,Rat|Rat|Rat|Rat|Rat,party wiped
266,12610,1,Normal,31,2,2,2,0,37,37,0,0,35,0,1,1,0,5,0,1,3,3,0,0,196,16,9,9,4.5,0,1,1,3,4,,,0,-,floor1_town
266,12610,2,Normal,25,1,1,1,0,37,29,0,0,15,0,1,1,0,1,0,3,2,3,0,0,84,8,4,4,4,0,1,1,3,3,,,0,-,
266,12610,3,Normal,7,1,1,0,0,29,0,0,0,0,0,1,1,3,3,3,0,0,0,0,0,158,37,5,0,0,1,0,0,9,4,RH=Crude Sword|LH=Crude Sword|BD=Crude Armour|A1=Crude Bracelet|A2=Crude Bracelet,,0,-,party wiped
267,12611,1,Normal,29,3,3,3,0,37,37,0,0,25,0,1,1,0,1,0,2,3,3,0,0,140,8,5,5,1.667,0,1,1,4,3,,,0,-,floor1_town
267,12611,2,Normal,25,1,1,1,0,37,29,0,0,20,0,1,1,0,3,0,4,0,3,0,0,112,8,5,5,5,0,1,1,4,4,,,1,Rat,companion_join:Rat
267,12611,3,Normal,28,2,2,1,1,29,1,0,0,12,0,1,1,5,4,3,0,0,0,0,0,240,36,9,2,2,0,1,1,16,4,,,1,Rat|Goblin,companion_join:Goblin; flee×1
267,12611,4,Normal,34,2,2,2,0,1,37,0,0,20,0,1,1,0,2,0,0,1,3,0,0,112,0,5,5,2.5,0,1,1,17,1,,,0,Rat|Goblin,
267,12611,5,Normal,33,4,4,4,0,37,45,0,3,40,0,1,2,0,2,0,0,2,3,1,0,224,15,9,9,2.25,0,1,1,18,3,,Swords_T1_03=1,0,Rat|Goblin,+1 levelup
267,12611,6,Normal,39,4,4,4,0,45,16,3,3,50,0,2,2,0,2,3,0,0,0,2,0,280,27,12,12,3,0,1,1,18,3,,Swords_T1_03=2,2,Rat|Goblin|Rat|Rat,companion_join:Rat;companion_join:Rat
267,12611,7,Normal,39,4,4,4,0,16,45,3,3,55,0,2,2,0,4,1,0,2,3,0,0,308,13,12,12,3,0,1,1,20,3,,,1,Rat|Goblin|Rat|Rat|Rat,companion_join:Rat
267,12611,8,Normal,3,1,1,0,0,45,0,3,3,0,0,2,2,0,0,0,0,3,3,1,0,82,44,1,0,0,1,0,0,26,4,RH=Crude Sword|LH=Crude Sword|BD=Crude Armour|A1=Crude Bracelet|A2=Crude Bracelet,Swords_T1_03=1,0,Rat|Goblin|Rat|Rat|Rat,party wiped
268,12612,1,Normal,27,2,2,2,0,37,37,0,0,30,0,1,1,0,3,3,1,3,3,0,0,168,16,8,8,4,0,1,1,3,4,,,0,-,floor1_town
268,12612,2,Normal,35,4,4,4,0,37,37,0,0,45,0,1,1,1,3,3,2,3,3,0,0,252,8,13,13,3.25,0,1,1,4,1,,,1,Rat,companion_join:Rat
268,12612,3,Normal,7,1,1,0,0,37,0,0,0,0,0,1,1,3,3,3,0,0,0,0,0,176,37,7,0,0,1,0,0,10,4,RH=Crude Sword|LH=Crude Sword|BD=Crude Armour|A1=Crude Bracelet|A2=Crude Bracelet,,0,Rat,party wiped
269,12613,1,Normal,25,3,3,3,0,37,37,0,0,45,0,1,1,0,6,3,2,3,3,0,0,252,8,13,13,4.333,0,1,1,4,1,,,0,-,floor1_town
269,12613,2,Normal,28,5,5,5,0,37,45,0,2,55,0,1,2,0,3,1,2,3,3,0,0,308,24,13,13,2.6,0,1,1,6,2,,,1,Rat,companion_join:Rat; +1 levelup
269,12613,3,Normal,34,4,4,3,0,45,0,2,2,60,0,2,2,2,3,3,0,0,0,3,0,397,42,13,9,3,1,0,0,6,4,RH=Crude Sword|LH=Crude Sword|BD=Crude Armour|A1=Crude Bracelet|A2=Crude Bracelet,Swords_T1_03=3,1,Rat|Goblin,companion_join:Goblin; party wiped
270,12614,1,Normal,39,5,5,5,0,37,37,0,0,55,0,1,1,0,5,2,0,3,3,0,0,308,8,16,16,3.2,0,1,1,6,4,,,1,Rat,floor1_town;companion_join:Rat
270,12614,2,Normal,33,4,4,4,0,37,46,0,1,50,0,1,2,0,3,3,2,0,0,0,0,280,0,14,14,3.5,0,1,1,6,3,,,1,Rat|Rat,companion_join:Rat; +1 levelup
270,12614,3,Normal,25,1,1,1,0,46,32,1,1,36,0,2,2,2,0,0,0,0,0,1,0,180,13,5,5,5,0,1,1,6,3,,Swords_T1_03=1,1,Rat|Rat|Goblin,companion_join:Goblin
270,12614,4,Normal,29,2,2,2,0,32,46,1,1,15,0,2,2,0,1,0,0,2,3,1,0,84,-1,4,4,2,0,1,1,7,1,,Swords_T1_03=1,1,Rat|Rat|Goblin|Rat,companion_join:Rat
270,12614,5,Normal,28,3,3,3,0,46,46,1,1,35,0,2,2,0,2,3,0,0,0,1,0,196,13,9,9,3,0,1,1,7,2,,Swords_T1_03=1,0,Rat|Rat|Goblin|Rat,
270,12614,6,Normal,33,4,4,4,0,46,46,1,1,35,0,2,2,0,1,0,0,2,3,2,0,196,36,9,9,2.25,0,1,1,8,2,,Swords_T1_03=2,1,Rat|Rat|Goblin|Rat|Rat,companion_join:Rat
270,12614,7,Normal,29,2,2,2,0,46,46,1,1,30,0,2,2,0,2,1,0,0,2,0,0,168,0,6,6,3,0,1,1,8,2,,,0,Rat|Rat|Goblin|Rat|Rat,
270,12614,8,Normal,3,1,1,0,0,46,0,1,1,0,0,2,2,0,0,0,0,3,3,1,0,48,45,1,0,0,1,0,0,14,4,RH=Crude Sword|LH=Crude Sword|BD=Crude Armour|A1=Crude Bracelet|A2=Crude Bracelet,Swords_T1_03=1,0,Rat|Rat|Goblin|Rat|Rat,party wiped
271,12615,1,Normal,37,4,4,4,0,37,37,0,0,60,0,1,1,0,9,4,2,3,3,0,0,336,8,16,16,4,0,1,1,5,3,,,3,Rat|Rat|Rat,floor1_town;companion_join:Rat;companion_join:Rat;companion_join:Rat
271,12615,2,Normal,36,4,4,4,0,37,45,0,3,70,0,1,2,1,9,7,3,0,2,0,0,392,32,25,25,6.25,0,1,1,7,4,,,1,Rat|Rat|Rat|Rat,companion_join:Rat; +1 levelup
271,12615,3,Normal,39,3,3,3,0,45,42,3,3,60,0,2,2,1,0,2,2,0,0,3,0,300,0,7,7,2.333,0,1,1,7,1,,Swords_T1_03=3,0,Rat|Rat|Rat|Rat,
271,12615,4,Normal,31,5,5,4,1,42,35,3,3,40,0,2,2,2,0,0,0,3,3,4,0,252,45,11,9,2.25,0,1,1,8,1,,Swords_T1_03=4,3,Rat|Rat|Rat|Rat|Rat|Rat|Rat,companion_join:Rat;companion_join:Rat;companion_join:Rat; flee×1
271,12615,5,Normal,34,6,6,6,0,35,53,3,4,75,0,2,3,0,8,4,0,0,2,3,0,420,43,22,22,3.667,0,1,1,10,4,,Swords_T1_03=3,2,Rat|Rat|Rat|Rat|Rat|Rat|Rat|Rat|Rat,companion_join:Rat;companion_join:Rat; +1 levelup
271,12615,6,Normal,37,4,4,4,0,53,27,4,4,40,0,3,3,0,0,2,0,0,0,2,0,224,24,12,12,3,0,1,1,10,4,,Swords_T1_03=1|Swords_T1_04=1,0,Rat|Rat|Rat|Rat|Rat|Rat|Rat|Rat|Rat,
271,12615,7,Normal,28,2,2,2,0,27,53,4,4,20,0,3,3,0,1,0,0,2,3,0,0,112,0,4,4,2,0,1,1,11,3,,,1,Rat|Rat|Rat|Rat|Rat|Rat|Rat|Rat|Rat|Rat,companion_join:Rat
271,12615,8,Normal,20,2,2,1,0,53,0,4,4,60,0,3,3,0,6,4,0,0,0,3,0,182,54,7,4,4,1,0,0,23,3,RH=Crude Sword|LH=Crude Sword|BD=Crude Armour|A1=Crude Bracelet|A2=Crude Bracelet,Swords_T1_03=1|Swords_T1_04=2,0,Rat|Rat|Rat|Rat|Rat|Rat|Rat|Rat|Rat|Rat,party wiped
272,12616,1,Normal,35,3,3,3,0,37,37,0,0,40,0,1,1,0,6,2,0,3,3,0,0,224,8,10,10,3.333,0,1,1,4,3,,,2,Rat|Rat,floor1_town;companion_join:Rat;companion_join:Rat
272,12616,2,Normal,26,2,2,2,0,37,37,0,0,30,0,1,1,0,3,1,1,0,2,0,0,168,0,6,6,3,0,1,1,4,2,,,0,Rat|Rat,
272,12616,3,Normal,8,2,2,0,1,37,0,0,0,0,0,1,1,3,6,6,0,0,0,0,0,123,65,7,0,0,1,0,0,16,4,RH=Crude Sword|LH=Crude Sword|BD=Crude Armour|A1=Crude Bracelet|A2=Crude Bracelet,,0,Rat|Rat,party wiped; flee×1
273,12617,1,Normal,33,2,2,2,0,37,37,0,0,40,0,1,1,0,6,3,1,3,3,0,0,224,8,12,12,6,0,1,1,3,4,,,1,Rat,floor1_town;companion_join:Rat
273,12617,2,Normal,32,6,6,6,0,37,32,0,2,95,0,1,2,3,6,4,0,0,0,2,0,532,37,25,25,4.167,0,1,1,4,3,,Swords_T1_03=2,2,Rat|Rat|Rat,companion_join:Rat;companion_join:Rat; +1 levelup
273,12617,3,Normal,17,2,2,1,0,32,0,2,2,24,0,2,2,0,3,3,0,0,0,1,0,204,44,7,4,4,1,0,0,5,3,RH=Crude Sword|LH=Crude Sword|BD=Crude Armour|A1=Crude Bracelet|A2=Crude Bracelet,Swords_T1_03=1,0,Rat|Rat|Rat,party wiped
274,12618,1,Normal,31,4,4,4,0,37,37,0,0,35,0,1,1,0,1,0,0,3,3,0,0,196,16,8,8,2,0,1,1,5,2,,,1,Rat,floor1_town;companion_join:Rat
274,12618,2,Normal,32,1,1,1,0,37,29,0,0,10,0,1,1,0,0,0,0,3,3,0,0,56,8,2,2,2,0,1,1,5,2,,,0,Rat,
274,12618,3,Normal,21,4,4,3,0,29,0,0,0,48,0,1,1,1,8,5,0,0,0,0,0,369,39,14,10,3.333,1,0,0,29,4,RH=Crude Sword|LH=Crude Sword|BD=Crude Armour|A1=Crude Bracelet|A2=Crude Bracelet,,0,Rat,party wiped
275,12619,1,Normal,29,1,1,1,0,37,37,0,0,5,0,1,1,0,0,0,1,3,3,0,0,28,10,2,2,2,0,1,1,2,1,,,0,-,floor1_town
275,12619,2,Normal,15,3,3,2,0,37,0,0,0,30,0,1,1,1,3,3,0,0,0,0,0,224,37,12,9,4.5,1,0,0,2,4,RH=Crude Sword|LH=Crude Sword|BD=Crude Armour|A1=Crude Bracelet|A2=Crude Bracelet,,0,-,party wiped
276,12620,1,Normal,27,3,3,3,0,37,37,0,0,35,0,1,1,0,3,0,2,3,3,0,0,196,16,8,8,2.667,0,1,1,4,4,,,1,Rat,floor1_town;companion_join:Rat
276,12620,2,Normal,25,4,4,4,0,37,31,0,0,55,0,1,1,0,5,1,3,1,3,0,0,308,14,14,14,3.5,0,1,1,5,3,,,2,Rat|Rat|Rat,companion_join:Rat;companion_join:Rat
276,12620,3,Normal,21,2,2,1,0,31,0,0,3,36,0,1,2,4,3,3,0,0,0,0,0,322,45,10,7,7,1,0,0,11,3,RH=Crude Sword|LH=Crude Sword|BD=Crude Armour|A1=Crude Bracelet|A2=Crude Bracelet,,0,Rat|Rat|Rat,party wiped; +1 levelup
277,12621,1,Normal,25,4,4,4,0,37,37,0,0,35,0,1,1,0,6,1,1,3,3,0,0,196,14,12,12,3,0,1,1,5,2,,,1,Rat,floor1_town;companion_join:Rat
277,12621,2,Normal,20,3,3,2,0,37,0,0,0,25,0,1,1,1,3,3,0,0,0,0,0,193,37,10,7,3.5,1,0,0,5,4,RH=Crude Sword|LH=Crude Sword|BD=Crude Armour|A1=Crude Bracelet|A2=Crude Bracelet,,1,Rat|Rat,companion_join:Rat; party wiped
278,12622,1,Normal,39,2,2,2,0,37,37,0,0,10,0,1,1,0,0,0,2,3,3,0,0,56,0,2,2,1,0,1,1,3,1,,,2,Rat|Rat,floor1_town;companion_join:Rat;companion_join:Rat
278,12622,2,Normal,32,3,3,3,0,37,29,0,0,50,0,1,1,0,6,6,2,0,0,0,0,280,21,15,15,5,0,1,1,4,2,,,1,Rat|Rat|Rat,companion_join:Rat
278,12622,3,Normal,30,4,4,4,0,29,45,0,2,108,0,1,2,2,9,8,0,0,1,1,0,540,31,19,19,4.75,0,1,1,17,2,,Swords_T1_03=1,3,Rat|Rat|Rat|Goblin|Goblin|Goblin,companion_join:Goblin;companion_join:Goblin;companion_join:Goblin; +1 levelup
278,12622,4,Normal,38,6,6,6,0,45,44,2,2,50,0,2,2,0,0,1,0,3,3,3,0,280,16,11,11,1.833,0,1,1,18,1,,Swords_T1_03=3,1,Rat|Rat|Rat|Goblin|Goblin|Goblin|Rat,companion_join:Rat
278,12622,5,Normal,30,4,4,4,0,44,44,2,2,55,0,2,2,0,3,3,0,3,3,1,0,308,20,13,13,3.25,0,1,1,19,1,,Swords_T1_03=1,1,Rat|Rat|Rat|Goblin|Goblin|Goblin|Rat|Rat,companion_join:Rat
278,12622,6,Normal,30,4,4,4,0,44,53,2,4,50,0,2,3,0,5,3,0,1,3,3,0,280,32,16,16,4,0,1,1,20,3,,Swords_T1_03=2|Swords_T1_04=1,2,Rat|Rat|Rat|Goblin|Goblin|Goblin|Rat|Rat|Rat|Rat,companion_join:Rat;companion_join:Rat; +1 levelup
278,12622,7,Normal,4,1,1,0,0,53,0,4,4,0,0,3,3,0,1,3,0,0,0,3,0,3,53,5,0,0,1,0,0,20,4,RH=Crude Sword|LH=Crude Sword|BD=Crude Armour|A1=Crude Bracelet|A2=Crude Bracelet,Swords_T1_04=3,0,Rat|Rat|Rat|Goblin|Goblin|Goblin|Rat|Rat|Rat|Rat,party wiped
279,12623,1,Normal,37,6,6,6,0,37,37,0,0,70,0,1,1,0,9,1,0,3,3,0,0,392,16,19,19,3.167,0,1,1,7,3,,,1,Rat,floor1_town;companion_join:Rat
279,12623,2,Normal,40,5,5,5,0,37,44,0,2,45,0,1,2,0,3,3,0,3,3,1,0,252,32,15,15,3,0,1,1,9,1,,Swords_T1_03=1,0,Rat,+1 levelup
279,12623,3,Normal,29,2,2,2,0,44,45,2,2,60,0,2,2,0,6,5,0,0,1,2,0,300,11,9,9,4.5,0,1,1,10,2,,Swords_T1_03=2,0,Rat,
279,12623,4,Normal,32,5,5,5,0,45,37,2,2,50,0,2,2,0,1,1,0,2,3,2,0,280,29,12,12,2.4,0,1,1,11,3,,Swords_T1_03=2,0,Rat,
279,12623,5,Normal,33,5,5,5,0,37,36,2,2,55,0,2,2,0,2,3,0,0,0,3,0,308,-2,12,12,2.4,0,1,1,11,1,,Swords_T1_03=3,3,Rat|Rat|Rat|Rat,companion_join:Rat;companion_join:Rat;companion_join:Rat
279,12623,6,Normal,34,3,3,2,1,36,53,2,3,30,0,2,3,0,3,1,0,0,2,2,0,224,30,11,9,4.5,0,1,1,12,4,,Swords_T1_03=2,1,Rat|Rat|Rat|Rat|Rat,companion_join:Rat; +1 levelup; flee×1
279,12623,7,Normal,27,3,3,3,0,53,35,3,3,30,0,3,3,0,0,2,0,0,0,3,0,168,14,7,7,2.333,0,1,1,12,2,,Swords_T1_03=2|Swords_T1_04=1,1,Rat|Rat|Rat|Rat|Rat|Rat,companion_join:Rat
279,12623,8,Normal,4,1,1,0,0,35,0,3,3,0,0,3,3,0,2,0,0,1,3,1,0,60,51,2,0,0,1,0,0,18,2,RH=Crude Sword|LH=Crude Sword|BD=Crude Armour|A1=Crude Bracelet|A2=Crude Bracelet,Swords_T1_03=1,0,Rat|Rat|Rat|Rat|Rat|Rat,party wiped
280,12624,1,Normal,35,3,3,3,0,37,37,0,0,45,0,1,1,0,7,0,2,3,3,0,0,252,16,13,13,4.333,0,1,1,4,3,,,0,-,floor1_town
280,12624,2,Normal,37,3,3,3,0,37,37,0,0,40,0,1,1,1,3,0,1,2,3,0,0,224,8,10,10,3.333,0,1,1,5,2,,,1,Rat,companion_join:Rat
280,12624,3,Normal,31,2,2,2,0,37,12,0,2,60,0,1,2,1,3,3,0,0,0,1,0,300,54,10,10,5,0,1,1,11,2,,Swords_T1_03=1,0,Rat,+1 levelup
280,12624,4,Normal,31,4,4,3,0,12,0,2,2,30,0,2,2,0,3,3,0,0,0,2,0,277,43,15,8,2.667,1,0,0,12,4,RH=Crude Sword|LH=Crude Sword|BD=Crude Armour|A1=Crude Bracelet|A2=Crude Bracelet,Swords_T1_03=2,0,Rat,party wiped
281,12625,1,Normal,33,1,1,1,0,37,37,0,0,15,0,1,1,0,3,0,0,3,3,0,0,84,0,5,5,5,0,1,1,2,3,,,0,-,floor1_town
281,12625,2,Normal,33,3,3,3,0,37,29,0,0,30,0,1,1,0,2,0,1,1,3,0,0,168,8,7,7,2.333,0,1,1,2,2,,,0,-,
281,12625,3,Normal,35,2,2,2,0,29,37,0,0,48,0,1,1,1,4,3,2,0,0,0,0,240,0,8,8,4,0,1,1,14,3,,,1,Goblin,companion_join:Goblin
281,12625,4,Normal,23,2,2,1,0,37,0,0,1,10,0,1,2,2,0,0,0,0,0,1,0,139,57,6,2,2,1,0,0,14,4,RH=Crude Sword|LH=Crude Sword|BD=Crude Armour|A1=Crude Bracelet|A2=Crude Bracelet,Swords_T1_03=1,0,Goblin,party wiped; +1 levelup
282,12626,1,Normal,31,6,6,6,0,37,37,0,0,70,0,1,1,0,6,1,1,3,3,0,0,392,16,16,16,2.667,0,1,1,7,4,,,2,Rat|Rat,floor1_town;companion_join:Rat;companion_join:Rat
282,12626,2,Normal,34,4,4,4,0,37,44,0,1,35,0,1,2,0,1,0,3,2,3,0,0,196,16,8,8,2,0,1,1,9,2,,,1,Rat|Rat|Rat,companion_join:Rat; +1 levelup
282,12626,3,Normal,37,4,4,3,1,44,44,1,1,84,0,2,2,3,9,9,0,2,3,2,0,480,69,18,15,5,0,1,1,12,1,,Swords_T1_03=2,1,Rat|Rat|Rat|Goblin,companion_join:Goblin; flee×1
282,12626,4,Normal,34,1,1,1,0,44,36,1,1,10,0,2,2,0,0,0,0,2,3,0,0,56,8,2,2,2,0,1,1,12,2,,,1,Rat|Rat|Rat|Goblin|Rat,companion_join:Rat
282,12626,5,Normal,29,1,1,1,0,36,35,1,1,5,0,2,2,0,0,0,0,2,3,1,0,28,0,1,1,1,0,1,1,12,1,,Swords_T1_03=1,0,Rat|Rat|Rat|Goblin|Rat,
282,12626,6,Normal,40,2,2,2,0,35,44,1,1,25,0,2,2,0,2,2,0,0,1,1,0,140,-10,8,8,4,0,1,1,12,2,,Swords_T1_03=1,1,Rat|Rat|Rat|Goblin|Rat|Rat,companion_join:Rat
282,12626,7,Normal,10,2,2,1,0,44,0,1,1,5,0,2,2,0,0,1,0,0,0,1,0,81,43,4,1,1,1,0,0,12,4,RH=Crude Sword|LH=Crude Sword|BD=Crude Armour|A1=Crude Bracelet|A2=Crude Bracelet,Swords_T1_03=1,0,Rat|Rat|Rat|Goblin|Rat|Rat,party wiped
283,12627,1,Normal,29,1,1,1,0,37,37,0,0,10,0,1,1,0,0,0,0,3,3,0,0,56,8,2,2,2,0,1,1,2,2,,,0,-,floor1_town
283,12627,2,Normal,26,1,1,1,0,37,37,0,0,5,0,1,1,0,0,0,0,3,3,0,0,28,0,1,1,1,0,1,1,2,1,,,0,-,
283,12627,3,Normal,27,3,3,3,0,37,37,0,0,48,0,1,1,0,5,0,0,2,3,0,0,240,0,8,8,2.667,0,1,1,20,1,,,1,Goblin,companion_join:Goblin
283,12627,4,Normal,32,3,3,3,0,37,37,0,0,30,0,1,1,0,1,0,0,1,3,0,0,168,0,6,6,2,0,1,1,20,1,,,1,Goblin|Rat,companion_join:Rat
283,12627,5,Normal,30,3,3,2,1,37,3,0,3,30,0,1,2,0,1,3,0,0,0,2,0,224,48,10,8,4,0,1,1,20,4,,Swords_T1_03=2,0,Goblin|Rat,+1 levelup; flee×1
283,12627,6,Normal,27,4,4,4,0,3,45,3,3,55,0,2,2,0,3,3,0,0,0,2,0,308,-2,12,12,3,0,1,1,21,2,,Swords_T1_03=2,0,Goblin|Rat,
283,12627,7,Normal,3,1,1,0,0,45,0,3,3,0,0,2,2,0,0,0,0,0,0,0,0,56,45,2,0,0,1,0,0,21,4,RH=Crude Sword|LH=Crude Sword|BD=Crude Armour|A1=Crude Bracelet|A2=Crude Bracelet,,0,Goblin|Rat,party wiped
284,12628,1,Normal,27,4,4,4,0,37,37,0,0,45,0,1,1,0,3,0,1,3,3,0,0,252,22,13,13,3.25,0,1,1,5,3,,,2,Rat|Rat,floor1_town;companion_join:Rat;companion_join:Rat
284,12628,2,Normal,32,3,3,3,0,37,24,0,0,45,0,1,1,1,3,3,1,0,0,0,0,252,21,13,13,4.333,0,1,1,6,4,,,3,Rat|Rat|Rat|Rat|Rat,companion_join:Rat;companion_join:Rat;companion_join:Rat
284,12628,3,Normal,14,2,2,1,0,24,0,0,1,24,0,1,2,1,3,3,0,0,0,0,0,240,44,8,4,4,1,0,0,12,3,RH=Crude Sword|LH=Crude Sword|BD=Crude Armour|A1=Crude Bracelet|A2=Crude Bracelet,,0,Rat|Rat|Rat|Rat|Rat,party wiped; +1 levelup
285,12629,1,Normal,25,1,1,1,0,37,37,0,0,10,0,1,1,0,0,0,0,3,3,0,0,56,0,2,2,2,0,1,1,2,2,,,0,-,floor1_town
285,12629,2,Normal,39,5,5,5,0,37,29,0,0,60,0,1,1,0,3,1,1,3,3,0,0,336,32,15,15,3,0,1,1,5,2,,,0,-,
285,12629,3,Normal,35,4,4,4,0,29,46,0,2,108,0,1,2,1,9,5,2,0,2,1,0,540,27,18,18,4.5,0,1,1,18,2,,Swords_T1_03=1,1,Goblin,companion_join:Goblin; +1 levelup
285,12629,4,Normal,36,4,4,4,0,46,37,2,2,45,0,2,2,2,0,2,0,0,0,2,0,252,21,11,11,2.75,0,1,1,18,2,,Swords_T1_03=2,1,Goblin|Rat,companion_join:Rat
285,12629,5,Normal,31,4,4,3,0,37,0,2,2,35,0,2,2,0,3,3,0,0,0,3,0,251,57,13,9,3,1,0,0,19,4,RH=Crude Sword|LH=Crude Sword|BD=Crude Armour|A1=Crude Bracelet|A2=Crude Bracelet,Swords_T1_03=3,2,Goblin|Rat|Rat|Rat,companion_join:Rat;companion_join:Rat; party wiped
286,12630,1,Normal,39,1,1,1,0,37,37,0,0,5,0,1,1,0,0,0,1,3,3,0,0,28,0,1,1,1,0,1,1,2,1,,,0,-,floor1_town
286,12630,2,Normal,40,3,3,3,0,37,37,0,0,25,0,1,1,0,2,0,1,1,3,0,0,140,0,5,5,1.667,0,1,1,2,1,,,1,Rat,companion_join:Rat
286,12630,3,Normal,14,3,3,2,0,37,0,0,0,24,0,1,1,2,6,3,0,0,0,0,0,292,37,13,6,3,1,0,0,20,3,RH=Crude Sword|LH=Crude Sword|BD=Crude Armour|A1=Crude Bracelet|A2=Crude Bracelet,,0,Rat,party wiped
287,12631,1,Normal,37,3,3,3,0,37,37,0,0,35,0,1,1,1,3,3,1,3,3,0,0,196,29,11,11,3.667,0,1,1,4,2,,,1,Rat,floor1_town;companion_join:Rat
287,12631,2,Normal,28,3,3,3,0,37,29,0,0,35,0,1,1,0,3,1,3,0,2,0,0,196,8,9,9,3,0,1,1,4,2,,,1,Rat|Rat,companion_join:Rat
287,12631,3,Normal,5,1,1,0,0,29,0,0,0,0,0,1,1,3,3,3,0,0,0,0,0,112,37,5,0,0,1,0,0,10,4,RH=Crude Sword|LH=Crude Sword|BD=Crude Armour|A1=Crude Bracelet|A2=Crude Bracelet,,0,Rat|Rat,party wiped
288,12632,1,Normal,35,4,4,4,0,37,37,0,0,45,0,1,1,0,1,0,1,3,3,0,0,252,24,10,10,2.5,0,1,1,5,1,,,2,Rat|Rat,floor1_town;companion_join:Rat;companion_join:Rat
288,12632,2,Normal,35,4,4,4,0,37,37,0,0,40,0,1,1,0,1,0,2,2,3,0,0,224,16,9,9,2.25,0,1,1,7,2,,,1,Rat|Rat|Rat,companion_join:Rat
288,12632,3,Normal,3,1,1,0,0,37,0,0,0,0,0,1,1,2,3,3,0,0,0,0,0,116,37,5,0,0,1,0,0,13,4,RH=Crude Sword|LH=Crude Sword|BD=Crude Armour|A1=Crude Bracelet|A2=Crude Bracelet,,0,Rat|Rat|Rat,party wiped
289,12633,1,Normal,33,4,4,4,0,37,37,0,0,30,0,1,1,0,0,0,2,3,3,0,0,168,16,6,6,1.5,0,1,1,5,1,,,2,Rat|Rat,floor1_town;companion_join:Rat;companion_join:Rat
289,12633,2,Normal,35,6,6,6,0,37,32,0,1,85,0,1,2,1,6,3,2,0,3,0,0,476,42,22,22,3.667,0,1,1,6,2,,,2,Rat|Rat|Rat|Rat,companion_join:Rat;companion_join:Rat; +1 levelup
289,12633,3,Normal,13,2,2,0,1,32,0,1,1,0,0,2,2,3,6,6,0,0,0,1,0,300,79,11,0,0,1,0,0,8,3,RH=Crude Sword|LH=Crude Sword|BD=Crude Armour|A1=Crude Bracelet|A2=Crude Bracelet,Swords_T1_03=1,0,Rat|Rat|Rat|Rat,party wiped; flee×1
290,12634,1,Normal,31,4,4,4,0,37,37,0,0,40,0,1,1,0,3,1,0,3,3,0,0,224,16,9,9,2.25,0,1,1,5,2,,,1,Rat,floor1_town;companion_join:Rat
290,12634,2,Normal,31,4,4,3,0,37,0,0,0,30,0,1,1,1,3,3,0,0,0,0,0,246,43,13,10,3.333,1,0,0,6,4,RH=Crude Sword|LH=Crude Sword|BD=Crude Armour|A1=Crude Bracelet|A2=Crude Bracelet,,1,Rat|Rat,companion_join:Rat; party wiped
291,12635,1,Normal,29,1,1,1,0,37,37,0,0,5,0,1,1,0,0,0,2,3,3,0,0,28,6,2,2,2,0,1,1,2,1,,,1,Rat,floor1_town;companion_join:Rat
291,12635,2,Normal,35,3,3,3,0,37,16,0,0,40,0,1,1,1,5,3,1,0,0,0,0,224,35,14,14,4.667,0,1,1,4,4,,,1,Rat|Rat,companion_join:Rat
291,12635,3,Normal,20,3,3,2,0,16,0,0,0,48,0,1,1,1,9,7,0,0,0,0,0,370,51,14,11,5.5,1,0,0,22,4,RH=Crude Sword|LH=Crude Sword|BD=Crude Armour|A1=Crude Bracelet|A2=Crude Bracelet,,0,Rat|Rat,party wiped
292,12636,1,Normal,27,2,2,2,0,37,37,0,0,35,0,1,1,0,5,3,0,3,3,0,0,196,8,10,10,5,0,1,1,3,3,,,0,-,floor1_town
292,12636,2,Normal,30,3,3,3,0,37,29,0,0,20,0,1,1,0,1,0,1,2,3,0,0,112,8,6,6,2,0,1,1,3,1,,,1,Rat,companion_join:Rat
292,12636,3,Normal,3,1,1,0,0,29,0,0,0,0,0,1,1,3,3,3,0,0,0,0,0,148,37,5,0,0,1,0,0,9,4,RH=Crude Sword|LH=Crude Sword|BD=Crude Armour|A1=Crude Bracelet|A2=Crude Bracelet,,0,Rat,party wiped
293,12637,1,Normal,25,2,2,2,0,37,37,0,0,35,0,1,1,0,4,3,1,3,3,0,0,196,8,10,10,5,0,1,1,3,3,,,0,-,floor1_town
293,12637,2,Normal,35,6,6,6,0,37,33,0,2,90,0,1,2,2,7,3,0,0,0,1,0,504,49,25,25,4.167,0,1,1,5,2,,Swords_T1_03=1,2,Rat|Rat,companion_join:Rat;companion_join:Rat; +1 levelup
293,12637,3,Normal,27,4,4,3,0,33,0,2,2,84,0,2,2,0,6,6,0,0,0,2,0,480,65,16,14,4.667,1,0,0,7,3,RH=Crude Sword|LH=Crude Sword|BD=Crude Armour|A1=Crude Bracelet|A2=Crude Bracelet,Swords_T1_03=2,2,Rat|Rat|Goblin|Goblin,companion_join:Goblin;companion_join:Goblin; party wiped
294,12638,1,Normal,39,5,5,5,0,37,37,0,0,55,0,1,1,0,8,1,0,3,3,0,0,308,18,16,16,3.2,0,1,1,6,1,,,2,Rat|Rat,floor1_town;companion_join:Rat;companion_join:Rat
294,12638,2,Normal,33,5,5,4,0,37,0,0,0,35,0,1,1,2,3,3,0,0,0,0,0,277,43,16,10,2.5,1,0,0,7,4,RH=Crude Sword|LH=Crude Sword|BD=Crude Armour|A1=Crude Bracelet|A2=Crude Bracelet,,1,Rat|Rat|Rat,companion_join:Rat; party wiped
295,12639,1,Normal,37,3,3,3,0,37,37,0,0,15,0,1,1,0,0,0,1,3,3,0,0,84,0,3,3,1,0,1,1,4,1,,,2,Rat|Rat,floor1_town;companion_join:Rat;companion_join:Rat
295,12639,2,Normal,37,4,4,4,0,37,37,0,0,55,0,1,1,0,6,3,3,0,0,0,0,308,16,16,16,4,0,1,1,6,4,,,0,Rat|Rat,
295,12639,3,Normal,27,4,4,2,1,37,0,0,3,72,0,1,2,3,6,6,0,0,0,3,0,532,109,17,11,5.5,1,0,0,13,3,RH=Crude Sword|LH=Crude Sword|BD=Crude Armour|A1=Crude Bracelet|A2=Crude Bracelet,Swords_T1_03=3,0,Rat|Rat,party wiped; +1 levelup; flee×1
296,12640,1,Normal,35,2,2,2,0,37,37,0,0,25,0,1,1,0,3,0,2,3,3,0,0,140,0,7,7,3.5,0,1,1,3,2,,,1,Rat,floor1_town;companion_join:Rat
296,12640,2,Normal,29,1,1,1,0,37,37,0,0,15,0,1,1,0,3,0,2,0,3,0,0,84,0,6,6,6,0,1,1,3,3,,,1,Rat|Rat,companion_join:Rat
296,12640,3,Normal,7,1,1,0,0,37,0,0,0,0,0,1,1,4,3,3,0,0,0,0,0,151,37,7,0,0,1,0,0,9,4,RH=Crude Sword|LH=Crude Sword|BD=Crude Armour|A1=Crude Bracelet|A2=Crude Bracelet,,0,Rat|Rat,party wiped
297,12641,1,Normal,33,4,4,4,0,37,37,0,0,50,0,1,1,0,4,0,1,3,3,0,0,280,14,13,13,3.25,0,1,1,5,3,,,2,Rat|Rat,floor1_town;companion_join:Rat;companion_join:Rat
297,12641,2,Normal,37,3,3,3,0,37,46,0,1,50,0,1,2,0,6,3,1,0,2,0,0,280,8,15,15,5,0,1,1,6,3,,,0,Rat|Rat,+1 levelup
297,12641,3,Normal,29,3,3,3,0,46,31,1,1,60,0,2,2,1,0,2,1,0,0,2,0,300,13,8,8,2.667,0,1,1,6,1,,Swords_T1_03=2,0,Rat|Rat,
297,12641,4,Normal,32,4,4,4,0,31,39,1,1,40,0,2,2,0,3,1,1,0,2,3,0,224,4,10,10,2.5,0,1,1,7,1,,Swords_T1_03=3,1,Rat|Rat|Rat,companion_join:Rat
297,12641,5,Normal,33,2,2,2,0,39,30,1,1,25,0,2,2,0,0,2,1,0,0,2,0,140,7,6,6,3,0,1,1,7,4,,Swords_T1_03=2,2,Rat|Rat|Rat|Rat|Rat,companion_join:Rat;companion_join:Rat
297,12641,6,Normal,40,4,4,4,0,30,24,1,1,55,0,2,2,0,3,3,1,0,0,4,0,308,18,16,16,4,0,1,1,8,2,,Swords_T1_03=4,1,Rat|Rat|Rat|Rat|Rat|Rat,companion_join:Rat
297,12641,7,Normal,35,3,3,3,0,24,52,1,2,35,0,2,3,0,3,0,1,0,3,2,0,196,-1,8,8,2.667,0,1,1,9,2,,Swords_T1_03=2,2,Rat|Rat|Rat|Rat|Rat|Rat|Rat|Rat,companion_join:Rat;companion_join:Rat; +1 levelup
297,12641,8,Normal,1,1,1,0,0,52,0,2,2,0,0,3,3,1,3,3,0,0,0,0,0,101,54,3,0,0,1,0,0,15,3,RH=Crude Sword|LH=Crude Sword|BD=Crude Armour|A1=Crude Bracelet|A2=Crude Bracelet,,0,Rat|Rat|Rat|Rat|Rat|Rat|Rat|Rat,party wiped
298,12642,1,Normal,30,3,3,3,0,37,37,0,0,35,0,1,1,0,4,0,2,3,3,0,0,196,8,8,8,2.667,0,1,1,4,3,,,0,-,floor1_town
298,12642,2,Normal,26,4,4,4,0,37,37,0,0,60,0,1,1,1,6,3,2,3,3,0,0,336,16,18,18,4.5,0,1,1,6,1,,,1,Rat,companion_join:Rat
298,12642,3,Normal,13,2,2,1,0,37,0,0,2,36,0,1,2,2,3,3,0,0,0,1,0,278,44,9,7,7,1,0,0,12,3,RH=Crude Sword|LH=Crude Sword|BD=Crude Armour|A1=Crude Bracelet|A2=Crude Bracelet,Swords_T1_03=1,0,Rat,party wiped; +1 levelup
299,12643,1,Normal,28,4,4,4,0,37,37,0,0,45,0,1,1,0,6,2,1,3,3,0,0,252,8,14,14,3.5,0,1,1,5,3,,,0,-,floor1_town
299,12643,2,Normal,31,3,3,3,0,37,29,0,0,45,0,1,1,0,5,0,2,0,3,0,0,252,24,11,11,3.667,0,1,1,7,4,,,1,Rat,companion_join:Rat
299,12643,3,Normal,40,5,5,4,1,29,2,0,2,108,0,1,2,4,6,6,0,0,0,4,0,628,61,21,19,4.75,0,1,1,14,3,,Swords_T1_03=4,2,Rat|Goblin|Goblin,companion_join:Goblin;companion_join:Goblin; +1 levelup; flee×1
299,12643,4,Normal,31,4,4,4,0,2,46,2,2,50,0,2,2,0,3,3,0,0,0,3,0,280,-3,13,13,3.25,0,1,1,15,4,,Swords_T1_03=3,1,Rat|Goblin|Goblin|Rat,companion_join:Rat
299,12643,5,Normal,40,1,1,1,0,46,45,2,2,5,0,2,2,0,0,0,0,0,0,1,0,28,0,1,1,1,0,1,1,15,1,,Swords_T1_03=1,0,Rat|Goblin|Goblin|Rat,
299,12643,6,Normal,32,2,2,2,0,45,27,2,2,20,0,2,2,0,0,0,0,0,0,2,0,112,16,4,4,2,0,1,1,15,2,,Swords_T1_03=2,2,Rat|Goblin|Goblin|Rat|Rat|Rat,companion_join:Rat;companion_join:Rat
299,12643,7,Normal,21,3,3,2,0,27,0,2,2,25,0,2,2,0,3,3,0,0,0,0,0,224,46,13,7,3.5,1,0,0,16,4,RH=Crude Sword|LH=Crude Sword|BD=Crude Armour|A1=Crude Bracelet|A2=Crude Bracelet,,1,Rat|Goblin|Goblin|Rat|Rat|Rat|Rat,companion_join:Rat; party wiped
300,12644,1,Normal,26,3,3,3,0,37,37,0,0,60,0,1,1,2,9,8,0,3,3,0,0,336,0,23,23,7.667,0,1,1,4,4,,,1,Rat,floor1_town;companion_join:Rat
300,12644,2,Normal,32,4,4,4,0,37,46,0,2,40,0,1,2,0,3,1,1,0,2,0,0,224,0,12,12,3,0,1,1,4,1,,,1,Rat|Rat,companion_join:Rat; +1 levelup
300,12644,3,Normal,13,1,1,0,0,46,0,2,2,0,0,2,2,1,0,2,0,0,0,0,0,69,46,3,0,0,1,0,0,4,4,RH=Crude Sword|LH=Crude Sword|BD=Crude Armour|A1=Crude Bracelet|A2=Crude Bracelet,,0,Rat|Rat,party wiped
301,12645,1,Normal,40,5,5,5,0,37,37,0,0,50,0,1,1,0,3,3,0,3,3,0,0,280,45,12,12,2.4,0,1,1,6,2,,,0,-,floor1_town
301,12645,2,Normal,33,3,3,3,0,37,37,0,0,30,0,1,1,0,3,3,2,0,0,0,0,168,0,8,8,2.667,0,1,1,6,1,,,0,-,
301,12645,3,Normal,5,1,1,0,0,37,0,0,0,0,0,1,1,4,3,3,0,0,0,0,0,168,37,5,0,0,1,0,0,12,4,RH=Crude Sword|LH=Crude Sword|BD=Crude Armour|A1=Crude Bracelet|A2=Crude Bracelet,,0,-,party wiped
302,12646,1,Normal,38,4,4,4,0,37,37,0,0,30,0,1,1,0,0,0,2,3,3,0,0,168,16,6,6,1.5,0,1,1,5,2,,,1,Rat,floor1_town;companion_join:Rat
302,12646,2,Normal,31,4,4,4,0,37,29,0,0,60,0,1,1,1,3,3,2,3,3,0,0,336,16,16,16,4,0,1,1,6,2,,,1,Rat|Rat,companion_join:Rat
302,12646,3,Normal,19,2,2,1,0,29,0,0,1,36,0,1,2,3,3,3,0,0,0,0,0,223,45,8,7,7,1,0,0,12,4,RH=Crude Sword|LH=Crude Sword|BD=Crude Armour|A1=Crude Bracelet|A2=Crude Bracelet,,0,Rat|Rat,party wiped; +1 levelup
303,12647,1,Normal,36,5,5,5,0,37,37,0,0,75,0,1,1,0,11,6,0,3,3,0,0,420,32,24,24,4.8,0,1,1,6,4,,,1,Rat,floor1_town;companion_join:Rat
303,12647,2,Normal,23,3,3,2,0,37,0,0,0,15,0,1,1,0,3,3,0,0,0,0,0,190,37,8,3,1.5,1,0,0,6,4,RH=Crude Sword|LH=Crude Sword|BD=Crude Armour|A1=Crude Bracelet|A2=Crude Bracelet,,0,Rat,party wiped
304,12648,1,Normal,34,2,2,2,0,37,37,0,0,25,0,1,1,0,3,0,1,3,3,0,0,140,8,6,6,3,0,1,1,3,3,,,2,Rat|Rat,floor1_town;companion_join:Rat;companion_join:Rat
304,12648,2,Normal,29,3,3,3,0,37,37,0,0,35,0,1,1,0,3,1,2,0,2,0,0,196,8,7,7,2.333,0,1,1,4,1,,,1,Rat|Rat|Rat,companion_join:Rat
304,12648,3,Normal,36,4,4,4,0,37,25,0,2,96,0,1,2,2,6,6,0,0,0,1,0,480,41,17,17,4.25,0,1,1,16,1,,Swords_T1_03=1,1,Rat|Rat|Rat|Goblin,companion_join:Goblin; +1 levelup
304,12648,4,Normal,31,3,3,3,0,25,22,2,2,45,0,2,2,0,3,3,0,0,0,2,0,252,22,12,12,4,0,1,1,17,4,,Swords_T1_03=2,1,Rat|Rat|Rat|Goblin|Rat,companion_join:Rat
304,12648,5,Normal,26,2,2,2,0,22,46,2,2,20,0,2,2,0,3,0,0,0,3,2,0,112,-2,8,8,4,0,1,1,18,3,,Swords_T1_03=2,2,Rat|Rat|Rat|Goblin|Rat|Rat|Rat,companion_join:Rat;companion_join:Rat
304,12648,6,Normal,27,2,2,2,0,46,46,2,2,25,0,2,2,0,0,3,0,3,3,0,0,140,25,7,7,3.5,0,1,1,19,1,,,0,Rat|Rat|Rat|Goblin|Rat|Rat|Rat,
304,12648,7,Normal,32,3,3,3,0,46,38,2,2,40,0,2,2,0,3,2,0,0,1,0,0,224,8,11,11,3.667,0,1,1,19,2,,,2,Rat|Rat|Rat|Goblin|Rat|Rat|Rat|Rat|Rat,companion_join:Rat;companion_join:Rat
304,12648,8,Normal,14,1,1,0,0,38,0,2,2,0,0,2,2,0,0,0,0,3,3,1,0,63,45,1,0,0,1,0,0,25,4,RH=Crude Sword|LH=Crude Sword|BD=Crude Armour|A1=Crude Bracelet|A2=Crude Bracelet,Swords_T1_03=1,0,Rat|Rat|Rat|Goblin|Rat|Rat|Rat|Rat|Rat,party wiped
305,12649,1,Normal,32,4,4,4,0,37,37,0,0,65,0,1,1,0,7,6,0,3,3,0,0,364,24,21,21,5.25,0,1,1,5,3,,,1,Rat,floor1_town;companion_join:Rat
305,12649,2,Normal,37,4,4,4,0,37,44,0,3,45,0,1,2,0,3,2,1,0,1,0,0,252,8,12,12,3,0,1,1,5,1,,,1,Rat|Rat,companion_join:Rat; +1 levelup
305,12649,3,Normal,6,1,1,0,0,44,0,3,3,0,0,2,2,1,0,1,0,0,0,0,0,67,44,2,0,0,1,0,0,5,4,RH=Crude Sword|LH=Crude Sword|BD=Crude Armour|A1=Crude Bracelet|A2=Crude Bracelet,,0,Rat|Rat,party wiped
306,12650,1,Normal,30,3,3,3,0,37,37,0,0,45,0,1,1,0,4,3,1,3,3,0,0,252,16,12,12,4,0,1,1,4,3,,,2,Rat|Rat,floor1_town;companion_join:Rat;companion_join:Rat
306,12650,2,Normal,31,4,4,4,0,37,46,0,2,55,0,1,2,0,6,3,3,0,2,0,0,308,8,13,13,3.25,0,1,1,5,3,,,2,Rat|Rat|Rat|Rat,companion_join:Rat;companion_join:Rat; +1 levelup
306,12650,3,Normal,7,2,2,0,1,46,0,2,2,0,0,2,2,4,3,5,0,0,0,2,0,240,79,8,0,0,1,0,0,6,4,RH=Crude Sword|LH=Crude Sword|BD=Crude Armour|A1=Crude Bracelet|A2=Crude Bracelet,Swords_T1_03=2,0,Rat|Rat|Rat|Rat,party wiped; flee×1
307,12651,1,Normal,28,3,3,3,0,37,37,0,0,40,0,1,1,1,4,3,1,3,3,0,0,224,19,12,12,4,0,1,1,4,4,,,0,-,floor1_town
307,12651,2,Normal,38,5,5,5,0,37,45,0,2,75,0,1,2,2,6,6,0,0,0,0,0,420,22,21,21,4.2,0,1,1,5,4,,,4,Rat|Rat|Rat|Rat,companion_join:Rat;companion_join:Rat;companion_join:Rat;companion_join:Rat; +1 levelup
307,12651,3,Normal,26,3,3,2,0,45,0,2,2,60,0,2,2,0,3,3,0,0,0,2,0,387,76,11,9,4.5,1,0,0,6,3,RH=Crude Sword|LH=Crude Sword|BD=Crude Armour|A1=Crude Bracelet|A2=Crude Bracelet,Swords_T1_03=2,2,Rat|Rat|Rat|Rat|Goblin|Goblin,companion_join:Goblin;companion_join:Goblin; party wiped
308,12652,1,Normal,26,2,2,2,0,37,37,0,0,20,0,1,1,0,0,0,1,3,3,0,0,112,8,4,4,2,0,1,1,3,2,,,1,Rat,floor1_town;companion_join:Rat
308,12652,2,Normal,33,3,3,3,0,37,31,0,0,30,0,1,1,0,3,1,1,0,2,0,0,168,6,9,9,3,0,1,1,3,1,,,2,Rat|Rat|Rat,companion_join:Rat;companion_join:Rat
308,12652,3,Normal,33,4,4,4,0,31,44,0,1,96,0,1,2,3,7,4,0,0,0,1,0,480,20,16,16,4,0,1,1,21,2,,Swords_T1_03=1,1,Rat|Rat|Rat|Goblin,companion_join:Goblin; +1 levelup
308,12652,4,Normal,35,2,2,1,1,44,35,1,1,10,0,2,2,0,0,0,0,3,3,1,0,112,45,4,2,2,0,1,1,22,2,,Swords_T1_03=1,1,Rat|Rat|Rat|Goblin|Rat,companion_join:Rat; flee×1
308,12652,5,Normal,36,5,5,5,0,35,7,1,1,55,0,2,2,0,3,3,0,0,0,6,0,308,22,15,15,3,0,1,1,22,4,,Swords_T1_03=6,0,Rat|Rat|Rat|Goblin|Rat,
308,12652,6,Normal,25,3,3,2,0,7,0,1,1,25,0,2,2,0,3,3,0,0,0,1,0,168,43,10,8,4,1,0,0,23,4,RH=Crude Sword|LH=Crude Sword|BD=Crude Armour|A1=Crude Bracelet|A2=Crude Bracelet,Swords_T1_03=1,1,Rat|Rat|Rat|Goblin|Rat|Rat,companion_join:Rat; party wiped
309,12653,1,Normal,40,5,5,5,0,37,37,0,0,50,0,1,1,0,4,1,2,3,3,0,0,280,16,12,12,2.4,0,1,1,6,2,,,4,Rat|Rat|Rat|Rat,floor1_town;companion_join:Rat;companion_join:Rat;companion_join:Rat;companion_join:Rat
309,12653,2,Normal,30,6,6,6,0,37,45,0,3,55,0,1,2,0,3,2,3,0,1,0,0,308,8,13,13,2.167,0,1,1,6,4,,,1,Rat|Rat|Rat|Rat|Rat,companion_join:Rat; +1 levelup
309,12653,3,Normal,2,1,1,0,0,45,0,3,3,0,0,2,2,5,0,1,0,0,0,1,0,150,44,6,0,0,1,0,0,6,4,RH=Crude Sword|LH=Crude Sword|BD=Crude Armour|A1=Crude Bracelet|A2=Crude Bracelet,Swords_T1_03=1,0,Rat|Rat|Rat|Rat|Rat,party wiped
310,12654,1,Normal,38,6,6,6,0,37,37,0,0,65,0,1,1,0,5,2,0,3,3,0,0,364,14,18,18,3,0,1,1,7,4,,,1,Rat,floor1_town;companion_join:Rat
310,12654,2,Normal,38,4,4,4,0,37,46,0,2,35,0,1,2,0,3,1,1,0,2,0,0,196,0,8,8,2,0,1,1,7,3,,,0,Rat,+1 levelup
310,12654,3,Normal,18,2,2,1,0,46,0,2,2,12,0,2,2,1,0,2,0,0,0,1,0,183,45,5,2,2,1,0,0,7,3,RH=Crude Sword|LH=Crude Sword|BD=Crude Armour|A1=Crude Bracelet|A2=Crude Bracelet,Swords_T1_03=1,0,Rat,party wiped
311,12655,1,Normal,36,5,5,5,0,37,37,0,0,65,0,1,1,0,8,2,2,3,3,0,0,364,8,16,16,3.2,0,1,1,6,1,,,1,Rat,floor1_town;companion_join:Rat
311,12655,2,Normal,33,5,5,5,0,37,46,0,2,55,0,1,2,1,3,3,2,0,0,0,0,308,0,15,15,3,0,1,1,6,1,,,1,Rat|Rat,companion_join:Rat; +1 levelup
311,12655,3,Normal,37,3,3,3,0,46,28,2,2,72,0,2,2,3,0,0,1,0,0,2,0,360,16,10,10,3.333,0,1,1,6,1,,Swords_T1_03=2,1,Rat|Rat|Goblin,companion_join:Goblin
311,12655,4,Normal,26,4,4,3,0,28,0,2,2,45,0,2,2,1,3,3,0,0,0,3,0,252,43,14,12,4,1,0,0,7,4,RH=Crude Sword|LH=Crude Sword|BD=Crude Armour|A1=Crude Bracelet|A2=Crude Bracelet,Swords_T1_03=3,1,Rat|Rat|Goblin|Rat,companion_join:Rat; party wiped
312,12656,1,Normal,34,2,2,2,0,37,37,0,0,35,0,1,1,0,4,1,0,3,3,0,0,196,16,10,10,5,0,1,1,3,4,,,1,Rat,floor1_town;companion_join:Rat
312,12656,2,Normal,34,4,4,4,0,37,37,0,0,60,0,1,1,0,8,2,1,0,3,0,0,336,16,17,17,4.25,0,1,1,5,3,,,2,Rat|Rat|Rat,companion_join:Rat;companion_join:Rat
312,12656,3,Normal,5,2,2,1,0,37,0,0,3,36,0,1,2,1,3,3,0,0,0,1,0,240,59,7,6,6,1,0,0,11,4,RH=Crude Sword|LH=Crude Sword|BD=Crude Armour|A1=Crude Bracelet|A2=Crude Bracelet,Swords_T1_03=1,0,Rat|Rat|Rat,party wiped; +1 levelup
313,12657,1,Normal,32,5,5,5,0,37,37,0,0,80,0,1,1,0,10,6,1,3,3,0,0,448,8,24,24,4.8,0,1,1,6,4,,,0,-,floor1_town
313,12657,2,Normal,36,3,3,3,0,37,37,0,1,35,0,1,2,0,3,1,3,0,2,0,0,196,8,8,8,2.667,0,1,1,6,2,,,0,-,+1 levelup
313,12657,3,Normal,37,3,3,3,0,37,7,1,1,84,0,2,2,5,3,3,0,0,0,3,0,420,35,12,12,4,0,1,1,7,4,,Swords_T1_03=3,0,-,
313,12657,4,Normal,34,5,5,5,0,7,45,1,1,55,0,2,2,0,3,2,0,0,1,3,0,308,-3,14,14,2.8,0,1,1,8,2,,Swords_T1_03=3,1,Rat,companion_join:Rat
313,12657,5,Normal,32,3,3,3,0,45,36,1,1,30,0,2,2,0,2,0,0,1,3,2,0,168,20,8,8,2.667,0,1,1,9,1,,Swords_T1_03=2,0,Rat,
313,12657,6,Normal,27,3,3,3,0,36,37,1,2,30,0,2,3,0,1,3,0,0,0,2,0,168,3,9,9,3,0,1,1,9,2,,Swords_T1_03=2,1,Rat|Rat,companion_join:Rat; +1 levelup
313,12657,7,Normal,25,5,5,4,1,37,37,2,2,30,0,3,3,0,1,0,0,2,3,3,0,169,43,7,6,1.5,0,1,1,10,1,,Swords_T1_03=2|Swords_T1_04=1,2,Rat|Rat|Rat|Rat,companion_join:Rat;companion_join:Rat; flee×1
313,12657,8,Normal,3,1,1,0,0,37,0,2,2,0,0,3,3,0,3,3,0,0,0,0,0,165,52,5,0,0,1,0,0,16,2,RH=Crude Sword|LH=Crude Sword|BD=Crude Armour|A1=Crude Bracelet|A2=Crude Bracelet,,0,Rat|Rat|Rat|Rat,party wiped
314,12658,1,Normal,30,5,5,5,0,37,37,0,0,40,0,1,1,0,3,0,0,3,3,0,0,224,0,9,9,1.8,0,1,1,6,2,,,2,Rat|Rat,floor1_town;companion_join:Rat;companion_join:Rat
314,12658,2,Normal,30,3,3,3,0,37,23,0,0,45,0,1,1,1,3,3,1,0,0,0,0,252,14,14,14,4.667,0,1,1,6,3,,,2,Rat|Rat|Rat|Rat,companion_join:Rat;companion_join:Rat
314,12658,3,Normal,3,1,1,0,0,23,0,0,0,0,0,1,1,1,3,3,0,0,0,0,0,140,37,4,0,0,1,0,0,12,4,RH=Crude Sword|LH=Crude Sword|BD=Crude Armour|A1=Crude Bracelet|A2=Crude Bracelet,,0,Rat|Rat|Rat|Rat,party wiped
315,12659,1,Normal,28,3,3,3,0,37,37,0,0,45,0,1,1,0,4,0,1,3,3,0,0,252,8,11,11,3.667,0,1,1,4,3,,,0,-,floor1_town
315,12659,2,Normal,35,3,3,3,0,37,37,0,0,45,0,1,1,0,6,0,3,0,3,0,0,252,8,12,12,4,0,1,1,5,3,,,0,-,
315,12659,3,Normal,40,5,5,4,1,37,46,0,3,132,0,1,2,5,11,9,0,1,3,4,0,780,90,24,21,5.25,0,1,1,14,2,,Swords_T1_03=4,0,-,+1 levelup; flee×1
315,12659,4,Normal,25,3,3,3,0,46,24,3,3,35,0,2,2,0,1,3,0,0,0,2,0,196,20,10,10,3.333,0,1,1,14,3,,Swords_T1_03=2,0,-,
315,12659,5,Normal,34,1,1,1,0,24,46,3,3,10,0,2,2,0,0,0,0,3,3,0,0,56,0,2,2,2,0,1,1,15,2,,,0,-,
315,12659,6,Normal,29,4,4,4,0,46,54,3,6,40,0,2,3,0,3,1,0,0,2,2,0,224,7,10,10,2.5,0,1,1,15,2,,Swords_T1_03=2,0,-,+1 levelup
315,12659,7,Normal,30,2,2,1,1,54,11,6,6,10,0,3,3,0,0,2,0,0,0,1,0,84,43,5,2,2,0,1,1,15,4,,Swords_T1_04=1,0,-,flee×1
315,12659,8,Normal,15,1,1,0,0,11,0,6,6,0,0,3,3,0,2,0,0,1,3,1,0,76,52,1,0,0,1,0,0,21,4,RH=Crude Sword|LH=Crude Sword|BD=Crude Armour|A1=Crude Bracelet|A2=Crude Bracelet,Swords_T1_03=1,0,-,party wiped
316,12660,1,Normal,26,0,0,0,0,37,37,0,0,0,0,1,1,0,0,0,0,3,3,0,0,0,0,0,0,0,0,1,1,1,0,,,0,-,floor1_town
316,12660,2,Normal,37,3,3,3,0,37,29,0,0,40,0,1,1,0,5,1,0,0,2,0,0,224,16,9,9,3,0,1,1,2,4,,,1,Rat,companion_join:Rat
316,12660,3,Normal,33,3,3,2,0,29,0,0,0,36,0,1,1,0,7,3,0,0,0,0,0,335,48,13,7,3.5,1,0,0,20,3,RH=Crude Sword|LH=Crude Sword|BD=Crude Armour|A1=Crude Bracelet|A2=Crude Bracelet,,2,Rat|Goblin|Goblin,companion_join:Goblin;companion_join:Goblin; party wiped
317,12661,1,Normal,40,3,3,3,0,37,37,0,0,30,0,1,1,0,3,3,1,3,3,0,0,168,8,7,7,2.333,0,1,1,4,4,,,1,Rat,floor1_town;companion_join:Rat
317,12661,2,Normal,37,4,4,4,0,37,44,0,3,70,0,1,2,0,8,4,2,0,0,0,0,392,24,19,19,4.75,0,1,1,6,4,,,2,Rat|Rat|Rat,companion_join:Rat;companion_join:Rat; +1 levelup
317,12661,3,Normal,12,2,2,1,0,44,0,3,3,12,0,2,2,1,0,0,3,0,0,2,0,157,42,3,1,1,1,0,0,6,3,RH=Crude Sword|LH=Crude Sword|BD=Crude Armour|A1=Crude Bracelet|A2=Crude Bracelet,Swords_T1_03=2,0,Rat|Rat|Rat,party wiped
318,12662,1,Normal,38,4,4,4,0,37,37,0,0,45,0,1,1,0,5,0,2,3,3,0,0,252,0,11,11,2.75,0,1,1,5,4,,,1,Rat,floor1_town;companion_join:Rat
318,12662,2,Normal,31,2,2,2,0,37,37,0,0,25,0,1,1,0,3,3,4,0,0,0,0,140,0,7,7,3.5,0,1,1,5,1,,,1,Rat|Rat,companion_join:Rat
318,12662,3,Normal,2,1,1,0,0,37,0,0,0,0,0,1,1,5,3,3,1,0,0,0,0,123,37,6,0,0,1,0,0,11,4,RH=Crude Sword|LH=Crude Sword|BD=Crude Armour|A1=Crude Bracelet|A2=Crude Bracelet,,0,Rat|Rat,party wiped
319,12663,1,Normal,36,4,4,4,0,37,37,0,0,45,0,1,1,0,4,0,1,3,3,0,0,252,8,9,9,2.25,0,1,1,5,1,,,1,Rat,floor1_town;companion_join:Rat
319,12663,2,Normal,29,3,3,3,0,37,37,0,0,45,0,1,1,0,6,2,2,0,2,0,0,252,8,12,12,4,0,1,1,6,4,,,1,Rat|Rat,companion_join:Rat
319,12663,3,Normal,11,3,3,2,0,37,0,0,1,60,0,1,2,4,6,6,0,0,0,2,0,427,61,15,11,5.5,1,0,0,13,4,RH=Crude Sword|LH=Crude Sword|BD=Crude Armour|A1=Crude Bracelet|A2=Crude Bracelet,Swords_T1_03=2,0,Rat|Rat,party wiped; +1 levelup
320,12664,1,Normal,34,5,5,5,0,37,37,0,0,70,0,1,1,0,7,3,2,3,3,0,0,392,8,20,20,4,0,1,1,6,3,,,2,Rat|Rat,floor1_town;companion_join:Rat;companion_join:Rat
320,12664,2,Normal,25,3,3,3,0,37,45,0,2,30,0,1,2,0,3,0,2,0,3,0,0,168,8,7,7,2.333,0,1,1,6,2,,,1,Rat|Rat|Rat,companion_join:Rat; +1 levelup
320,12664,3,Normal,24,2,2,1,0,45,0,2,2,12,0,2,2,2,0,3,0,0,0,0,0,158,45,5,2,2,1,0,0,6,4,RH=Crude Sword|LH=Crude Sword|BD=Crude Armour|A1=Crude Bracelet|A2=Crude Bracelet,,0,Rat|Rat|Rat,party wiped
321,12665,1,Normal,32,3,3,3,0,37,37,0,0,35,0,1,1,0,3,1,0,3,3,0,0,196,8,10,10,3.333,0,1,1,4,2,,,1,Rat,floor1_town;companion_join:Rat
321,12665,2,Normal,29,4,4,3,0,37,0,0,0,45,0,1,1,0,5,3,0,0,0,0,0,330,45,14,11,3.667,1,0,0,5,4,RH=Crude Sword|LH=Crude Sword|BD=Crude Armour|A1=Crude Bracelet|A2=Crude Bracelet,,1,Rat|Rat,companion_join:Rat; party wiped
322,12666,1,Normal,30,3,3,3,0,37,37,0,0,50,0,1,1,0,8,6,2,3,3,0,0,280,0,18,18,6,0,1,1,4,2,,,2,Rat|Rat,floor1_town;companion_join:Rat;companion_join:Rat
322,12666,2,Normal,26,0,0,0,0,37,37,0,0,0,0,1,1,0,0,0,2,3,3,0,0,0,0,0,0,0,0,1,1,4,0,,,0,Rat|Rat,
322,12666,3,Normal,23,3,3,2,0,37,0,0,0,48,0,1,1,3,6,6,0,0,0,0,0,348,51,12,9,4.5,1,0,0,22,4,RH=Crude Sword|LH=Crude Sword|BD=Crude Armour|A1=Crude Bracelet|A2=Crude Bracelet,,1,Rat|Rat|Goblin,companion_join:Goblin; party wiped
323,12667,1,Normal,28,3,3,3,0,37,37,0,0,50,0,1,1,0,6,3,0,3,3,0,0,280,8,15,15,5,0,1,1,4,4,,,2,Rat|Rat,floor1_town;companion_join:Rat;companion_join:Rat
323,12667,2,Normal,38,4,4,4,0,37,37,0,0,30,0,1,1,0,2,0,2,1,3,0,0,168,0,8,8,2,0,1,1,4,1,,,0,Rat|Rat,
323,12667,3,Normal,18,2,2,1,0,37,0,0,3,36,0,1,2,4,3,3,0,0,0,1,0,296,54,11,7,7,1,0,0,10,3,RH=Crude Sword|LH=Crude Sword|BD=Crude Armour|A1=Crude Bracelet|A2=Crude Bracelet,Swords_T1_03=1,0,Rat|Rat,party wiped; +1 levelup
324,12668,1,Normal,26,3,3,3,0,37,37,0,0,30,0,1,1,0,3,3,1,3,3,0,0,168,21,9,9,3,0,1,1,4,1,,,0,-,floor1_town
324,12668,2,Normal,36,3,3,3,0,37,37,0,0,50,0,1,1,0,5,3,2,1,3,0,0,280,16,14,14,4.667,0,1,1,5,3,,,0,-,
324,12668,3,Normal,1,1,1,0,0,37,0,0,0,0,0,1,1,3,3,3,0,0,0,0,0,126,37,5,0,0,1,0,0,11,3,RH=Crude Sword|LH=Crude Sword|BD=Crude Armour|A1=Crude Bracelet|A2=Crude Bracelet,,0,-,party wiped
325,12669,1,Normal,40,5,5,5,0,37,37,0,0,65,0,1,1,0,7,3,0,3,3,0,0,364,16,18,18,3.6,0,1,1,6,2,,,1,Rat,floor1_town;companion_join:Rat
325,12669,2,Normal,39,3,3,3,0,37,46,0,2,35,0,1,2,0,3,1,2,0,2,0,0,196,8,9,9,3,0,1,1,6,2,,,1,Rat|Rat,companion_join:Rat; +1 levelup
325,12669,3,Normal,13,2,2,1,0,46,0,2,2,12,0,2,2,2,0,2,0,0,0,2,0,180,44,7,1,1,1,0,0,6,3,RH=Crude Sword|LH=Crude Sword|BD=Crude Armour|A1=Crude Bracelet|A2=Crude Bracelet,Swords_T1_03=2,0,Rat|Rat,party wiped
326,12670,1,Normal,38,6,6,6,0,37,37,0,0,60,0,1,1,0,3,0,1,3,3,0,0,336,24,15,15,2.5,0,1,1,7,1,,,1,Rat,floor1_town;companion_join:Rat
326,12670,2,Normal,29,3,3,3,0,37,46,0,2,50,0,1,2,0,8,0,1,0,3,0,0,280,24,14,14,4.667,0,1,1,9,3,,,2,Rat|Rat|Rat,companion_join:Rat;companion_join:Rat; +1 levelup
326,12670,3,Normal,31,4,4,4,0,46,46,2,2,60,0,2,2,1,0,3,1,0,0,3,0,300,-3,7,7,1.75,0,1,1,9,2,,Swords_T1_03=3,2,Rat|Rat|Rat|Goblin|Goblin,companion_join:Goblin;companion_join:Goblin
326,12670,4,Normal,25,3,3,3,0,46,37,2,2,45,0,2,2,1,2,0,0,1,3,3,0,252,38,11,11,3.667,0,1,1,10,2,,Swords_T1_03=3,1,Rat|Rat|Rat|Goblin|Goblin|Rat,companion_join:Rat
326,12670,5,Normal,8,2,2,1,0,37,0,2,2,15,0,2,2,0,1,3,0,0,0,2,0,168,35,9,4,4,1,0,0,10,4,RH=Crude Sword|LH=Crude Sword|BD=Crude Armour|A1=Crude Bracelet|A2=Crude Bracelet,Swords_T1_03=2,0,Rat|Rat|Rat|Goblin|Goblin|Rat,party wiped
327,12671,1,Normal,36,2,2,2,0,37,37,0,0,20,0,1,1,0,3,1,2,3,3,0,0,112,8,6,6,3,0,1,1,3,1,,,0,-,floor1_town
327,12671,2,Normal,35,5,5,5,0,37,37,0,0,75,0,1,1,1,6,4,1,0,2,0,0,420,8,17,17,3.4,0,1,1,4,3,,,1,Rat,companion_join:Rat
327,12671,3,Normal,26,5,5,3,1,37,0,0,2,48,0,1,2,1,6,6,0,0,0,3,0,420,79,15,9,3,1,0,0,11,3,RH=Crude Sword|LH=Crude Sword|BD=Crude Armour|A1=Crude Bracelet|A2=Crude Bracelet,Swords_T1_03=3,1,Rat|Goblin,companion_join:Goblin; party wiped; +1 levelup; flee×1
328,12672,1,Normal,34,4,4,4,0,37,37,0,0,35,0,1,1,0,4,0,1,3,3,0,0,196,6,10,10,2.5,0,1,1,5,1,,,1,Rat,floor1_town;companion_join:Rat
328,12672,2,Normal,39,2,2,2,0,37,31,0,0,25,0,1,1,0,2,0,1,1,3,0,0,140,6,7,7,3.5,0,1,1,5,3,,,0,Rat,
328,12672,3,Normal,14,2,2,1,0,31,0,0,0,12,0,1,1,1,4,3,0,0,0,0,0,180,37,7,2,2,1,0,0,17,3,RH=Crude Sword|LH=Crude Sword|BD=Crude Armour|A1=Crude Bracelet|A2=Crude Bracelet,,0,Rat,party wiped
329,12673,1,Normal,32,2,2,2,0,37,37,0,0,30,0,1,1,0,2,0,2,3,3,0,0,168,8,6,6,3,0,1,1,3,2,,,1,Rat,floor1_town;companion_join:Rat
329,12673,2,Normal,30,4,4,4,0,37,29,0,0,40,0,1,1,0,3,0,2,0,3,0,0,224,8,11,11,2.75,0,1,1,3,2,,,2,Rat|Rat|Rat,companion_join:Rat;companion_join:Rat
329,12673,3,Normal,11,2,2,1,0,29,0,0,0,24,0,1,1,2,6,5,0,0,0,0,0,243,37,9,5,5,1,0,0,15,4,RH=Crude Sword|LH=Crude Sword|BD=Crude Armour|A1=Crude Bracelet|A2=Crude Bracelet,,0,Rat|Rat|Rat,party wiped
330,12674,1,Normal,30,3,3,3,0,37,37,0,0,45,0,1,1,0,6,0,1,3,3,0,0,252,8,13,13,4.333,0,1,1,4,2,,,0,-,floor1_town
330,12674,2,Normal,32,6,6,6,0,37,44,0,1,85,0,1,2,0,6,6,1,0,0,1,0,476,20,23,23,3.833,0,1,1,5,4,,Swords_T1_03=1,1,Rat,companion_join:Rat; +1 levelup
330,12674,3,Normal,1,1,1,0,0,44,0,1,1,0,0,2,2,1,0,0,0,0,0,1,0,90,43,2,0,0,1,0,0,5,4,RH=Crude Sword|LH=Crude Sword|BD=Crude Armour|A1=Crude Bracelet|A2=Crude Bracelet,Swords_T1_03=1,0,Rat,party wiped
331,12675,1,Normal,28,5,5,5,0,37,37,0,0,70,0,1,1,0,10,1,2,3,3,0,0,392,8,18,18,3.6,0,1,1,6,3,,,1,Rat,floor1_town;companion_join:Rat
331,12675,2,Normal,29,4,4,4,0,37,21,0,2,70,0,1,2,2,3,3,1,0,0,1,0,392,36,18,18,4.5,0,1,1,6,4,,Swords_T1_03=1,1,Rat|Rat,companion_join:Rat; +1 levelup
331,12675,3,Normal,34,3,3,3,0,21,6,2,2,96,0,2,2,1,6,6,0,0,0,3,0,480,61,17,17,5.667,0,1,1,8,3,,Swords_T1_03=3,1,Rat|Rat|Goblin,companion_join:Goblin
331,12675,4,Normal,36,5,5,5,0,6,37,2,2,55,0,2,2,0,3,2,0,0,1,3,0,308,5,13,13,2.6,0,1,1,9,2,,Swords_T1_03=3,1,Rat|Rat|Goblin|Rat,companion_join:Rat
331,12675,5,Normal,33,3,3,2,1,37,53,2,5,25,0,2,3,0,3,2,0,0,2,2,0,196,40,8,6,3,0,1,1,10,4,,Swords_T1_03=2,1,Rat|Rat|Goblin|Rat|Rat,companion_join:Rat; +1 levelup; flee×1
331,12675,6,Normal,39,2,2,2,0,53,34,5,5,35,0,3,3,0,0,2,0,0,0,1,0,196,17,7,7,3.5,0,1,1,10,3,,Swords_T1_03=1,0,Rat|Rat|Goblin|Rat|Rat,
331,12675,7,Normal,34,5,5,4,1,34,53,5,5,30,0,3,3,0,1,0,0,2,3,1,0,224,26,9,7,1.75,0,1,1,11,1,,Swords_T1_03=1,0,Rat|Rat|Goblin|Rat|Rat,flee×1
331,12675,8,Normal,15,2,2,1,0,53,0,5,5,60,0,3,3,0,6,3,0,0,1,3,0,269,51,9,5,5,1,0,0,23,2,RH=Crude Sword|LH=Crude Sword|BD=Crude Armour|A1=Crude Bracelet|A2=Crude Bracelet,Swords_T1_03=2|Swords_T1_04=1,0,Rat|Rat|Goblin|Rat|Rat,party wiped
332,12676,1,Normal,26,1,1,1,0,37,37,0,0,20,0,1,1,0,3,3,0,3,3,0,0,112,0,7,7,7,0,1,1,2,4,,,0,-,floor1_town
332,12676,2,Normal,30,3,3,3,0,37,29,0,0,45,0,1,1,0,5,1,2,1,3,0,0,252,16,10,10,3.333,0,1,1,3,3,,,0,-,
332,12676,3,Normal,32,2,2,1,0,29,0,0,3,36,0,1,2,4,3,3,0,0,0,1,0,296,44,10,7,7,1,0,0,9,4,RH=Crude Sword|LH=Crude Sword|BD=Crude Armour|A1=Crude Bracelet|A2=Crude Bracelet,Swords_T1_03=1,0,-,party wiped; +1 levelup
333,12677,1,Normal,40,5,5,5,0,37,37,0,0,65,0,1,1,0,9,4,2,3,3,0,0,364,8,18,18,3.6,0,1,1,6,1,,,2,Rat|Rat,floor1_town;companion_join:Rat;companion_join:Rat
333,12677,2,Normal,39,3,3,3,0,37,44,0,3,35,0,1,2,0,4,2,2,0,1,0,0,196,8,10,10,3.333,0,1,1,7,2,,,1,Rat|Rat|Rat,companion_join:Rat; +1 levelup
333,12677,3,Normal,21,3,3,2,0,44,0,3,3,48,0,2,2,4,3,4,0,0,0,1,0,432,49,14,7,3.5,1,0,0,8,4,RH=Crude Sword|LH=Crude Sword|BD=Crude Armour|A1=Crude Bracelet|A2=Crude Bracelet,Swords_T1_03=1,1,Rat|Rat|Rat|Goblin,companion_join:Goblin; party wiped
334,12678,1,Normal,38,4,4,4,0,37,37,0,0,40,0,1,1,0,2,0,0,3,3,0,0,224,22,10,10,2.5,0,1,1,5,2,,,1,Rat,floor1_town;companion_join:Rat
334,12678,2,Normal,38,5,5,5,0,37,29,0,0,50,0,1,1,0,3,0,2,1,3,0,0,280,16,14,14,2.8,0,1,1,6,2,,,1,Rat|Rat,companion_join:Rat
334,12678,3,Normal,7,1,1,0,0,29,0,0,0,0,0,1,1,3,3,3,0,0,0,0,0,119,37,5,0,0,1,0,0,12,4,RH=Crude Sword|LH=Crude Sword|BD=Crude Armour|A1=Crude Bracelet|A2=Crude Bracelet,,0,Rat|Rat,party wiped
335,12679,1,Normal,36,4,4,4,0,37,37,0,0,50,0,1,1,0,4,0,1,3,3,0,0,280,14,14,14,3.5,0,1,1,5,1,,,2,Rat|Rat,floor1_town;companion_join:Rat;companion_join:Rat
335,12679,2,Normal,35,3,3,3,0,37,37,0,0,45,0,1,1,0,6,4,2,0,0,0,0,252,8,13,13,4.333,0,1,1,6,4,,,0,Rat|Rat,
335,12679,3,Normal,25,4,4,3,0,37,0,0,3,96,0,1,2,3,9,9,0,0,0,3,0,577,95,20,17,5.667,1,0,0,14,4,RH=Crude Sword|LH=Crude Sword|BD=Crude Armour|A1=Crude Bracelet|A2=Crude Bracelet,Swords_T1_03=3,0,Rat|Rat,party wiped; +1 levelup
336,12680,1,Normal,34,5,5,5,0,37,37,0,0,45,0,1,1,0,2,0,0,3,3,0,0,252,24,11,11,2.2,0,1,1,6,1,,,1,Rat,floor1_town;companion_join:Rat
336,12680,2,Normal,34,4,4,4,0,37,37,0,0,35,0,1,1,0,1,0,2,3,3,0,0,196,14,8,8,2,0,1,1,8,1,,,1,Rat|Rat,companion_join:Rat
336,12680,3,Normal,4,1,1,0,0,37,0,0,0,0,0,1,1,2,3,3,0,0,0,0,0,155,37,6,0,0,1,0,0,14,3,RH=Crude Sword|LH=Crude Sword|BD=Crude Armour|A1=Crude Bracelet|A2=Crude Bracelet,,0,Rat|Rat,party wiped
337,12681,1,Normal,32,2,2,2,0,37,37,0,0,25,0,1,1,0,2,0,1,3,3,0,0,140,8,6,6,3,0,1,1,3,2,,,2,Rat|Rat,floor1_town;companion_join:Rat;companion_join:Rat
337,12681,2,Normal,35,5,5,5,0,37,29,0,0,55,0,1,1,0,3,1,1,3,3,0,0,308,16,12,12,2.4,0,1,1,4,2,,,0,Rat|Rat,
337,12681,3,Normal,25,3,3,2,0,29,0,0,2,36,0,1,2,2,4,3,0,0,0,1,0,292,44,11,7,3.5,1,0,0,16,3,RH=Crude Sword|LH=Crude Sword|BD=Crude Armour|A1=Crude Bracelet|A2=Crude Bracelet,Swords_T1_03=1,0,Rat|Rat,party wiped; +1 levelup
338,12682,1,Normal,30,2,2,2,0,37,37,0,0,15,0,1,1,0,0,0,2,3,3,0,0,84,8,3,3,1.5,0,1,1,3,2,,,1,Rat,floor1_town;companion_join:Rat
338,12682,2,Normal,34,6,6,6,0,37,37,0,0,80,0,1,1,0,7,3,4,0,3,0,0,448,29,19,19,3.167,0,1,1,6,3,,,2,Rat|Rat|Rat,companion_join:Rat;companion_join:Rat
338,12682,3,Normal,38,4,4,3,0,37,0,0,2,72,0,1,2,5,6,6,0,0,0,3,0,528,53,15,10,3.333,1,0,0,13,4,RH=Crude Sword|LH=Crude Sword|BD=Crude Armour|A1=Crude Bracelet|A2=Crude Bracelet,Swords_T1_03=3,2,Rat|Rat|Rat|Goblin|Goblin,companion_join:Goblin;companion_join:Goblin; party wiped; +1 levelup
339,12683,1,Normal,28,3,3,3,0,37,37,0,0,30,0,1,1,0,3,3,1,3,3,0,0,168,0,9,9,3,0,1,1,4,4,,,1,Rat,floor1_town;companion_join:Rat
339,12683,2,Normal,30,3,3,3,0,37,24,0,0,40,0,1,1,0,4,3,3,0,0,0,0,224,21,15,15,5,0,1,1,5,3,,,1,Rat|Rat,companion_join:Rat
339,12683,3,Normal,31,6,6,5,1,24,3,0,1,156,0,1,2,5,12,10,0,0,0,3,0,840,68,28,26,5.2,0,1,1,19,3,,Swords_T1_03=3,1,Rat|Rat|Goblin,companion_join:Goblin; +1 levelup; flee×1
339,12683,4,Normal,26,2,2,2,0,3,36,1,1,20,0,2,2,0,1,0,0,2,3,2,0,112,7,5,5,2.5,0,1,1,20,2,,Swords_T1_03=2,0,Rat|Rat|Goblin,
339,12683,5,Normal,33,4,4,4,0,36,45,1,1,45,0,2,2,0,4,3,0,1,3,1,0,252,6,13,13,3.25,0,1,1,21,3,,Swords_T1_03=1,2,Rat|Rat|Goblin|Rat|Rat,companion_join:Rat;companion_join:Rat
339,12683,6,Normal,28,3,3,2,1,45,12,1,3,20,0,2,3,0,1,3,0,0,0,4,0,196,46,9,4,2,0,1,1,21,4,,Swords_T1_03=2|Swords_T1_04=2,2,Rat|Rat|Goblin|Rat|Rat|Rat|Rat,companion_join:Rat;companion_join:Rat; +1 levelup; flee×1
339,12683,7,Normal,27,4,4,4,0,12,38,3,3,55,0,3,3,0,3,1,0,0,2,2,0,308,30,11,11,2.75,0,1,1,22,3,,Swords_T1_03=2,2,Rat|Rat|Goblin|Rat|Rat|Rat|Rat|Rat|Rat,companion_join:Rat;companion_join:Rat
339,12683,8,Normal,7,1,1,0,0,38,0,3,3,0,0,3,3,0,3,3,0,0,0,2,0,140,52,6,0,0,1,0,0,28,2,RH=Crude Sword|LH=Crude Sword|BD=Crude Armour|A1=Crude Bracelet|A2=Crude Bracelet,Swords_T1_03=1|Swords_T1_04=1,0,Rat|Rat|Goblin|Rat|Rat|Rat|Rat|Rat|Rat,party wiped
340,12684,1,Normal,26,3,3,3,0,37,37,0,0,35,0,1,1,0,2,0,2,3,3,0,0,196,16,8,8,2.667,0,1,1,4,3,,,1,Rat,floor1_town;companion_join:Rat
340,12684,2,Normal,26,3,3,3,0,37,37,0,0,40,0,1,1,1,3,3,2,3,3,0,0,224,8,11,11,3.667,0,1,1,5,1,,,2,Rat|Rat|Rat,companion_join:Rat;companion_join:Rat
340,12684,3,Normal,34,3,3,3,0,37,45,0,1,72,0,1,2,2,6,4,0,0,2,1,0,360,27,14,14,4.667,0,1,1,12,2,,Swords_T1_03=1,0,Rat|Rat|Rat,+1 levelup
340,12684,4,Normal,4,1,1,0,0,45,0,1,1,0,0,2,2,0,0,2,0,0,0,0,0,55,45,3,0,0,1,0,0,12,4,RH=Crude Sword|LH=Crude Sword|BD=Crude Armour|A1=Crude Bracelet|A2=Crude Bracelet,,0,Rat|Rat|Rat,party wiped
341,12685,1,Normal,40,4,4,4,0,37,37,0,0,20,0,1,1,0,1,0,0,3,3,0,0,112,0,6,6,1.5,0,1,1,5,1,,,0,-,floor1_town
341,12685,2,Normal,9,2,2,1,0,37,0,0,0,20,0,1,1,0,3,3,0,0,0,0,0,165,37,9,5,5,1,0,0,5,4,RH=Crude Sword|LH=Crude Sword|BD=Crude Armour|A1=Crude Bracelet|A2=Crude Bracelet,,0,-,party wiped
342,12686,1,Normal,38,5,5,5,0,37,37,0,0,60,0,1,1,0,6,1,2,3,3,0,0,336,34,18,18,3.6,0,1,1,6,4,,,2,Rat|Rat,floor1_town;companion_join:Rat;companion_join:Rat
342,12686,2,Normal,34,4,4,4,0,37,35,0,2,50,0,1,2,0,4,1,4,2,3,1,0,280,16,11,11,2.75,0,1,1,7,2,,Swords_T1_03=1,2,Rat|Rat|Rat|Rat,companion_join:Rat;companion_join:Rat; +1 levelup
342,12686,3,Normal,15,3,3,2,0,35,0,2,2,60,0,2,2,4,6,6,0,0,0,1,0,397,59,14,11,5.5,1,0,0,9,4,RH=Crude Sword|LH=Crude Sword|BD=Crude Armour|A1=Crude Bracelet|A2=Crude Bracelet,Swords_T1_03=1,0,Rat|Rat|Rat|Rat,party wiped
343,12687,1,Normal,36,3,3,3,0,37,37,0,0,35,0,1,1,0,4,0,0,3,3,0,0,196,8,8,8,2.667,0,1,1,4,2,,,0,-,floor1_town
343,12687,2,Normal,29,3,3,3,0,37,29,0,0,40,0,1,1,0,3,1,2,0,2,0,0,224,8,10,10,3.333,0,1,1,4,4,,,1,Rat,companion_join:Rat
343,12687,3,Normal,24,2,2,1,0,29,0,0,0,24,0,1,1,3,6,3,0,0,0,0,0,268,37,9,4,4,1,0,0,16,4,RH=Crude Sword|LH=Crude Sword|BD=Crude Armour|A1=Crude Bracelet|A2=Crude Bracelet,,0,Rat,party wiped
344,12688,1,Normal,34,3,3,3,0,37,37,0,0,30,0,1,1,0,1,0,1,3,3,0,0,168,0,7,7,2.333,0,1,1,4,3,,,1,Rat,floor1_town;companion_join:Rat
344,12688,2,Normal,30,1,1,1,0,37,37,0,0,20,0,1,1,0,3,2,2,0,1,0,0,112,0,6,6,6,0,1,1,4,4,,,1,Rat|Rat,companion_join:Rat
344,12688,3,Normal,27,3,3,2,1,37,37,0,0,36,0,1,1,2,7,3,0,2,3,0,0,300,28,10,6,3,0,1,1,22,1,,,1,Rat|Rat|Goblin,companion_join:Goblin; flee×1
344,12688,4,Normal,28,4,4,4,0,37,14,0,2,40,0,1,2,0,2,3,0,0,0,2,0,224,38,12,12,3,0,1,1,22,3,,Swords_T1_03=2,1,Rat|Rat|Goblin|Rat,companion_join:Rat; +1 levelup
344,12688,5,Normal,30,3,3,2,0,14,0,2,2,30,0,2,2,0,3,3,0,0,0,2,0,274,58,15,10,5,1,0,0,23,4,RH=Crude Sword|LH=Crude Sword|BD=Crude Armour|A1=Crude Bracelet|A2=Crude Bracelet,Swords_T1_03=2,0,Rat|Rat|Goblin|Rat,party wiped
345,12689,1,Normal,32,3,3,3,0,37,37,0,0,30,0,1,1,0,1,0,0,3,3,0,0,168,16,6,6,2,0,1,1,4,1,,,0,-,floor1_town
345,12689,2,Normal,27,4,4,4,0,37,24,0,0,50,0,1,1,0,6,3,2,0,0,0,0,280,21,14,14,3.5,0,1,1,5,4,,,0,-,
345,12689,3,Normal,30,3,3,3,0,24,44,0,3,72,0,1,2,2,6,3,1,0,3,2,0,360,13,11,11,3.667,0,1,1,12,2,,Swords_T1_03=2,1,Goblin,companion_join:Goblin; +1 levelup
345,12689,4,Normal,32,5,5,5,0,44,44,3,3,60,0,2,2,0,3,3,1,0,3,4,0,336,22,16,16,3.2,0,1,1,13,1,,Swords_T1_03=4,1,Goblin|Rat,companion_join:Rat
345,12689,5,Normal,40,6,6,6,0,44,53,3,6,90,0,2,3,0,6,7,1,0,1,6,0,504,20,24,24,4,0,1,1,15,2,,Swords_T1_03=6,2,Goblin|Rat|Rat|Rat,companion_join:Rat;companion_join:Rat; +1 levelup
345,12689,6,Normal,31,1,1,1,0,53,49,6,6,20,0,3,3,1,0,1,0,0,0,1,0,112,2,4,4,4,0,1,1,15,4,,Swords_T1_03=1,0,Goblin|Rat|Rat|Rat,
345,12689,7,Normal,29,5,5,4,1,49,53,6,6,55,0,3,3,0,3,3,0,0,0,5,0,336,49,15,13,3.25,0,1,1,16,2,,Swords_T1_03=3|Swords_T1_04=2,0,Goblin|Rat|Rat|Rat,flee×1
345,12689,8,Normal,38,1,1,1,0,53,50,6,6,60,0,3,3,0,3,3,0,0,0,2,0,150,3,8,8,8,0,1,1,22,1,,Swords_T1_04=2,0,Goblin|Rat|Rat|Rat,
345,12689,9,Normal,34,2,2,2,0,50,53,6,6,35,0,3,3,0,3,0,0,0,3,1,0,196,24,7,7,3.5,0,1,1,23,4,,Swords_T1_03=1,1,Goblin|Rat|Rat|Rat|Rat,companion_join:Rat
345,12689,9,Normal,38,5,5,5,0,53,45,6,6,75,0,3,3,0,3,5,0,0,1,2,0,420,43,16,16,3.2,0,1,1,24,3,,Swords_T1_03=1|Swords_T1_04=1,2,Goblin|Rat|Rat|Rat|Rat|Rat|Rat,ai_farm;companion_join:Rat;companion_join:Rat
345,12689,9,Normal,34,2,2,2,0,45,32,6,6,25,0,3,3,0,0,1,0,0,0,1,0,140,11,5,5,2.5,0,1,1,24,2,,Swords_T1_03=1,2,Goblin|Rat|Rat|Rat|Rat|Rat|Rat|Rat|Rat,ai_farm;companion_join:Rat;companion_join:Rat
345,12689,9,Normal,28,3,3,3,0,32,61,6,8,30,0,3,4,0,3,2,0,0,1,3,0,168,0,10,10,3.333,0,1,1,25,3,,Swords_T1_04=3,0,Goblin|Rat|Rat|Rat|Rat|Rat|Rat|Rat|Rat,ai_farm; +1 levelup
345,12689,9,Normal,31,4,4,4,0,61,61,8,8,30,0,4,4,0,0,1,0,0,0,3,0,168,14,8,8,2,0,1,1,25,2,,Swords_T1_02=1|Swords_T1_03=1|Swords_T1_04=1,1,Goblin|Rat|Rat|Rat|Rat|Rat|Rat|Rat|Rat|Rat,ai_farm;companion_join:Rat
345,12689,9,Normal,32,5,5,4,1,61,52,8,8,20,0,4,4,0,0,0,0,3,3,2,0,140,53,7,6,1.5,0,1,1,26,1,,Swords_T1_02=1|Swords_T1_04=1,1,Goblin|Rat|Rat|Rat|Rat|Rat|Rat|Rat|Rat|Rat|Rat,ai_farm;companion_join:Rat; flee×1
345,12689,9,Normal,28,5,5,5,0,52,53,8,8,45,0,4,4,0,3,1,0,0,2,4,0,252,-7,13,13,2.6,0,1,1,26,1,,Swords_T1_02=2|Swords_T1_04=2,0,Goblin|Rat|Rat|Rat|Rat|Rat|Rat|Rat|Rat|Rat|Rat,ai_farm
345,12689,9,Normal,26,2,2,2,0,53,61,8,8,15,0,4,4,0,0,2,0,0,0,2,0,84,-10,6,6,3,0,1,1,26,2,,Swords_T1_03=1|Swords_T1_04=1,0,Goblin|Rat|Rat|Rat|Rat|Rat|Rat|Rat|Rat|Rat|Rat,ai_farm
345,12689,9,Normal,34,3,3,3,0,61,19,8,8,30,0,4,4,0,0,0,0,0,0,3,0,168,37,7,7,2.333,0,1,1,26,3,,Swords_T1_02=1|Swords_T1_03=1|Swords_T1_04=1,1,Goblin|Rat|Rat|Rat|Rat|Rat|Rat|Rat|Rat|Rat|Rat|Rat,ai_farm;companion_join:Rat
345,12689,9,Normal,28,3,3,3,0,19,50,8,8,25,0,4,4,0,0,0,0,3,3,1,0,140,8,5,5,1.667,0,1,1,27,3,,Swords_T1_02=1,0,Goblin|Rat|Rat|Rat|Rat|Rat|Rat|Rat|Rat|Rat|Rat|Rat,ai_farm
345,12689,9,Normal,33,3,3,2,1,50,7,8,8,35,0,4,4,0,3,3,0,0,0,3,0,280,38,12,8,4,0,1,1,27,4,,Swords_T1_02=1|Swords_T1_03=1|Swords_T1_04=1,1,Goblin|Rat|Rat|Rat|Rat|Rat|Rat|Rat|Rat|Rat|Rat|Rat|Rat,ai_farm;companion_join:Rat; flee×1
345,12689,9,Normal,31,4,4,4,0,7,53,8,8,50,0,4,4,0,3,2,0,0,1,1,0,280,6,11,11,2.75,0,1,1,28,1,,Swords_T1_03=1,1,Goblin|Rat|Rat|Rat|Rat|Rat|Rat|Rat|Rat|Rat|Rat|Rat|Rat|Rat,ai_farm;companion_join:Rat
345,12689,9,Normal,26,4,4,4,0,53,58,8,8,35,0,4,4,0,0,1,0,3,3,4,0,196,27,9,9,2.25,0,1,1,29,1,,Swords_T1_02=2|Swords_T1_03=1|Swords_T1_04=1,2,Goblin|Rat|Rat|Rat|Rat|Rat|Rat|Rat|Rat|Rat|Rat|Rat|Rat|Rat|Rat|Rat,ai_farm;companion_join:Rat;companion_join:Rat
345,12689,9,Normal,37,2,2,2,0,58,61,8,8,40,0,4,4,0,3,3,0,0,0,2,0,224,-6,11,11,5.5,0,1,1,29,4,,Swords_T1_02=1|Swords_T1_04=1,1,Goblin|Rat|Rat|Rat|Rat|Rat|Rat|Rat|Rat|Rat|Rat|Rat|Rat|Rat|Rat|Rat|Rat,ai_farm;companion_join:Rat
345,12689,9,Normal,34,5,5,5,0,61,53,8,8,65,0,4,4,0,3,0,0,0,3,3,0,364,31,15,15,3,0,1,1,30,3,,Swords_T1_02=2|Swords_T1_03=1,2,Goblin|Rat|Rat|Rat|Rat|Rat|Rat|Rat|Rat|Rat|Rat|Rat|Rat|Rat|Rat|Rat|Rat|Rat|Rat,ai_farm;companion_join:Rat;companion_join:Rat
345,12689,9,Normal,28,4,4,4,0,53,45,8,8,25,0,4,4,0,0,0,0,0,3,0,0,140,8,5,5,1.25,0,1,1,30,2,,,1,Goblin|Rat|Rat|Rat|Rat|Rat|Rat|Rat|Rat|Rat|Rat|Rat|Rat|Rat|Rat|Rat|Rat|Rat|Rat|Rat,ai_farm;companion_join:Rat
345,12689,9,Normal,28,1,1,1,0,45,61,8,8,15,0,4,4,0,0,2,0,0,1,1,0,84,0,3,3,3,0,1,1,30,3,,Swords_T1_02=1,1,Goblin|Rat|Rat|Rat|Rat|Rat|Rat|Rat|Rat|Rat|Rat|Rat|Rat|Rat|Rat|Rat|Rat|Rat|Rat|Rat|Rat,ai_farm;companion_join:Rat
345,12689,9,Normal,25,3,3,3,0,61,45,8,10,35,0,4,5,0,0,1,0,0,0,1,0,196,29,8,8,2.667,0,1,1,30,3,,Swords_T1_03=1,1,Goblin|Rat|Rat|Rat|Rat|Rat|Rat|Rat|Rat|Rat|Rat|Rat|Rat|Rat|Rat|Rat|Rat|Rat|Rat|Rat|Rat|Rat,ai_farm;companion_join:Rat; +1 levelup
345,12689,9,Normal,40,5,5,4,1,45,61,10,10,55,0,5,5,0,3,3,0,0,0,4,0,364,48,18,15,3.75,0,1,1,31,4,,Swords_T1_02=1|Swords_T1_04=2|Swords_T1_06=1,0,Goblin|Rat|Rat|Rat|Rat|Rat|Rat|Rat|Rat|Rat|Rat|Rat|Rat|Rat|Rat|Rat|Rat|Rat|Rat|Rat|Rat|Rat,ai_farm; flee×1
345,12689,9,Normal,31,3,3,3,0,61,61,10,10,35,0,5,5,0,2,0,0,1,3,2,0,196,35,9,9,3,0,1,1,32,4,,Swords_T1_04=1|Swords_T1_06=1,0,Goblin|Rat|Rat|Rat|Rat|Rat|Rat|Rat|Rat|Rat|Rat|Rat|Rat|Rat|Rat|Rat|Rat|Rat|Rat|Rat|Rat|Rat,ai_farm
345,12689,9,Normal,28,3,3,3,0,61,26,10,10,40,0,5,5,0,1,3,0,0,0,5,0,224,27,12,12,4,0,1,1,32,3,,Swords_T1_03=1|Swords_T1_04=3|Swords_T1_06=1,1,Goblin|Rat|Rat|Rat|Rat|Rat|Rat|Rat|Rat|Rat|Rat|Rat|Rat|Rat|Rat|Rat|Rat|Rat|Rat|Rat|Rat|Rat|Rat,ai_farm;companion_join:Rat
345,12689,9,Normal,25,2,2,2,0,26,68,10,10,15,0,5,5,0,2,0,0,1,3,2,0,84,-6,6,6,3,0,1,1,33,2,,Swords_T1_04=1|Swords_T1_06=1,0,Goblin|Rat|Rat|Rat|Rat|Rat|Rat|Rat|Rat|Rat|Rat|Rat|Rat|Rat|Rat|Rat|Rat|Rat|Rat|Rat|Rat|Rat|Rat,ai_farm
345,12689,9,Normal,28,3,3,3,0,68,49,10,10,40,0,5,5,0,1,2,0,0,1,1,0,224,19,10,10,3.333,0,1,1,33,1,,Swords_T1_04=1,1,Goblin|Rat|Rat|Rat|Rat|Rat|Rat|Rat|Rat|Rat|Rat|Rat|Rat|Rat|Rat|Rat|Rat|Rat|Rat|Rat|Rat|Rat|Rat|Rat,ai_farm;companion_join:Rat
345,12689,9,Normal,27,1,1,1,0,49,54,10,10,15,0,5,5,0,0,1,0,0,0,0,0,84,-5,3,3,3,0,1,1,33,3,,,0,Goblin|Rat|Rat|Rat|Rat|Rat|Rat|Rat|Rat|Rat|Rat|Rat|Rat|Rat|Rat|Rat|Rat|Rat|Rat|Rat|Rat|Rat|Rat|Rat,ai_farm
345,12689,9,Normal,32,4,4,4,0,54,52,10,10,55,0,5,5,0,2,0,0,1,3,2,0,308,40,13,13,3.25,0,1,1,34,1,,Swords_T1_03=2,0,Goblin|Rat|Rat|Rat|Rat|Rat|Rat|Rat|Rat|Rat|Rat|Rat|Rat|Rat|Rat|Rat|Rat|Rat|Rat|Rat|Rat|Rat|Rat|Rat,ai_farm
345,12689,9,Normal,28,2,2,2,0,52,44,10,10,35,0,5,5,0,1,3,0,0,0,2,0,196,5,9,9,4.5,0,1,1,34,3,,Swords_T1_02=1|Swords_T1_04=1,0,Goblin|Rat|Rat|Rat|Rat|Rat|Rat|Rat|Rat|Rat|Rat|Rat|Rat|Rat|Rat|Rat|Rat|Rat|Rat|Rat|Rat|Rat|Rat|Rat,ai_farm
345,12689,9,Normal,37,5,5,5,0,44,54,10,10,55,0,5,5,0,3,0,0,0,3,6,0,308,41,13,13,2.6,0,1,1,35,4,,Swords_T1_02=3|Swords_T1_03=1|Swords_T1_04=1|Swords_T1_06=1,3,Goblin|Rat|Rat|Rat|Rat|Rat|Rat|Rat|Rat|Rat|Rat|Rat|Rat|Rat|Rat|Rat|Rat|Rat|Rat|Rat|Rat|Rat|Rat|Rat|Rat|Rat|Rat,ai_farm;companion_join:Rat;companion_join:Rat;companion_join:Rat
345,12689,9,Normal,32,4,4,4,0,54,56,10,10,45,0,5,5,0,0,3,0,0,0,3,0,252,-12,9,9,2.25,0,1,1,35,3,,Swords_T1_03=2|Swords_T1_06=1,1,Goblin|Rat|Rat|Rat|Rat|Rat|Rat|Rat|Rat|Rat|Rat|Rat|Rat|Rat|Rat|Rat|Rat|Rat|Rat|Rat|Rat|Rat|Rat|Rat|Rat|Rat|Rat|Rat,ai_farm;companion_join:Rat
345,12689,9,Normal,39,3,3,2,1,56,68,10,10,20,0,5,5,0,1,0,0,2,3,1,0,140,38,7,4,2,0,1,1,36,1,,Swords_T1_04=1,1,Goblin|Rat|Rat|Rat|Rat|Rat|Rat|Rat|Rat|Rat|Rat|Rat|Rat|Rat|Rat|Rat|Rat|Rat|Rat|Rat|Rat|Rat|Rat|Rat|Rat|Rat|Rat|Rat|Rat,ai_farm;companion_join:Rat; flee×1
345,12689,9,Normal,38,5,5,5,0,68,68,10,10,60,0,5,5,0,2,3,0,0,0,3,0,336,17,13,13,2.6,0,1,1,36,1,,Swords_T1_03=1|Swords_T1_04=1|Swords_T1_06=1,2,Goblin|Rat|Rat|Rat|Rat|Rat|Rat|Rat|Rat|Rat|Rat|Rat|Rat|Rat|Rat|Rat|Rat|Rat|Rat|Rat|Rat|Rat|Rat|Rat|Rat|Rat|Rat|Rat|Rat|Rat|Rat,ai_farm;companion_join:Rat;companion_join:Rat
345,12689,9,Normal,31,3,3,3,0,68,61,10,10,30,0,5,5,0,0,0,0,3,3,1,0,168,52,7,7,2.333,0,1,1,37,2,,Swords_T1_04=1,0,Goblin|Rat|Rat|Rat|Rat|Rat|Rat|Rat|Rat|Rat|Rat|Rat|Rat|Rat|Rat|Rat|Rat|Rat|Rat|Rat|Rat|Rat|Rat|Rat|Rat|Rat|Rat|Rat|Rat|Rat|Rat,ai_farm
345,12689,9,Normal,32,4,4,4,0,61,54,10,10,40,0,5,5,0,2,0,0,1,3,1,0,224,5,9,9,2.25,0,1,1,37,1,,Swords_T1_03=1,3,Goblin|Rat|Rat|Rat|Rat|Rat|Rat|Rat|Rat|Rat|Rat|Rat|Rat|Rat|Rat|Rat|Rat|Rat|Rat|Rat|Rat|Rat|Rat|Rat|Rat|Rat|Rat|Rat|Rat|Rat|Rat|Rat|Rat|Rat,ai_farm;companion_join:Rat;companion_join:Rat;companion_join:Rat
345,12689,9,Normal,36,4,4,4,0,54,56,10,10,25,0,5,5,0,1,0,0,0,3,2,0,140,-8,7,7,1.75,0,1,1,37,1,,Swords_T1_02=2,2,Goblin|Rat|Rat|Rat|Rat|Rat|Rat|Rat|Rat|Rat|Rat|Rat|Rat|Rat|Rat|Rat|Rat|Rat|Rat|Rat|Rat|Rat|Rat|Rat|Rat|Rat|Rat|Rat|Rat|Rat|Rat|Rat|Rat|Rat|Rat|Rat,ai_farm;companion_join:Rat;companion_join:Rat
345,12689,9,Normal,40,7,7,7,0,56,69,10,12,80,0,5,6,0,2,3,0,1,3,6,0,448,31,18,18,2.571,0,1,1,38,1,,Swords_T1_03=2|Swords_T1_04=1|Swords_T1_06=3,4,Goblin|Rat|Rat|Rat|Rat|Rat|Rat|Rat|Rat|Rat|Rat|Rat|Rat|Rat|Rat|Rat|Rat|Rat|Rat|Rat|Rat|Rat|Rat|Rat|Rat|Rat|Rat|Rat|Rat|Rat|Rat|Rat|Rat|Rat|Rat|Rat|Rat|Rat|Rat|Rat,ai_farm;companion_join:Rat;companion_join:Rat;companion_join:Rat;companion_join:Rat; +1 levelup
345,12689,9,Normal,31,1,1,1,0,69,62,12,12,5,0,6,6,0,0,0,0,1,3,1,0,28,0,1,1,1,0,1,1,38,1,,Swords_T1_06=1,1,Goblin|Rat|Rat|Rat|Rat|Rat|Rat|Rat|Rat|Rat|Rat|Rat|Rat|Rat|Rat|Rat|Rat|Rat|Rat|Rat|Rat|Rat|Rat|Rat|Rat|Rat|Rat|Rat|Rat|Rat|Rat|Rat|Rat|Rat|Rat|Rat|Rat|Rat|Rat|Rat|Rat,ai_farm;companion_join:Rat
345,12689,9,Normal,27,3,3,3,0,62,76,12,12,30,0,6,6,0,1,1,0,0,2,2,0,168,-24,6,6,2,0,1,1,38,2,,Swords_T1_02=1|Swords_T1_06=1,0,Goblin|Rat|Rat|Rat|Rat|Rat|Rat|Rat|Rat|Rat|Rat|Rat|Rat|Rat|Rat|Rat|Rat|Rat|Rat|Rat|Rat|Rat|Rat|Rat|Rat|Rat|Rat|Rat|Rat|Rat|Rat|Rat|Rat|Rat|Rat|Rat|Rat|Rat|Rat|Rat|Rat,ai_farm
345,12689,9,Normal,26,1,1,1,0,76,76,12,12,5,0,6,6,0,0,0,0,0,2,0,0,28,0,1,1,1,0,1,1,38,1,,,1,Goblin|Rat|Rat|Rat|Rat|Rat|Rat|Rat|Rat|Rat|Rat|Rat|Rat|Rat|Rat|Rat|Rat|Rat|Rat|Rat|Rat|Rat|Rat|Rat|Rat|Rat|Rat|Rat|Rat|Rat|Rat|Rat|Rat|Rat|Rat|Rat|Rat|Rat|Rat|Rat|Rat|Rat,ai_farm;companion_join:Rat
345,12689,9,Normal,26,3,3,3,0,76,61,12,12,35,0,6,6,0,0,1,0,0,1,1,0,196,12,8,8,2.667,0,1,1,38,2,,Swords_T1_03=1,0,Goblin|Rat|Rat|Rat|Rat|Rat|Rat|Rat|Rat|Rat|Rat|Rat|Rat|Rat|Rat|Rat|Rat|Rat|Rat|Rat|Rat|Rat|Rat|Rat|Rat|Rat|Rat|Rat|Rat|Rat|Rat|Rat|Rat|Rat|Rat|Rat|Rat|Rat|Rat|Rat|Rat|Rat,ai_farm
345,12689,9,Normal,40,3,3,2,1,61,73,12,12,25,0,6,6,0,0,1,0,3,3,1,0,168,47,7,5,2.5,0,1,1,39,1,,Swords_T1_03=1,2,Goblin|Rat|Rat|Rat|Rat|Rat|Rat|Rat|Rat|Rat|Rat|Rat|Rat|Rat|Rat|Rat|Rat|Rat|Rat|Rat|Rat|Rat|Rat|Rat|Rat|Rat|Rat|Rat|Rat|Rat|Rat|Rat|Rat|Rat|Rat|Rat|Rat|Rat|Rat|Rat|Rat|Rat|Rat|Rat,ai_farm;companion_join:Rat;companion_join:Rat; flee×1
345,12689,9,Normal,40,5,5,5,0,73,64,12,12,70,0,6,6,0,3,1,0,0,2,2,0,392,-1,14,14,2.8,0,1,1,39,3,,Swords_T1_03=1|Swords_T1_06=1,1,Goblin|Rat|Rat|Rat|Rat|Rat|Rat|Rat|Rat|Rat|Rat|Rat|Rat|Rat|Rat|Rat|Rat|Rat|Rat|Rat|Rat|Rat|Rat|Rat|Rat|Rat|Rat|Rat|Rat|Rat|Rat|Rat|Rat|Rat|Rat|Rat|Rat|Rat|Rat|Rat|Rat|Rat|Rat|Rat|Rat,ai_farm;companion_join:Rat
345,12689,9,Normal,30,3,3,3,0,64,69,12,12,35,0,6,6,0,0,2,0,0,0,1,0,196,16,8,8,2.667,0,1,1,39,1,,Swords_T1_02=1,0,Goblin|Rat|Rat|Rat|Rat|Rat|Rat|Rat|Rat|Rat|Rat|Rat|Rat|Rat|Rat|Rat|Rat|Rat|Rat|Rat|Rat|Rat|Rat|Rat|Rat|Rat|Rat|Rat|Rat|Rat|Rat|Rat|Rat|Rat|Rat|Rat|Rat|Rat|Rat|Rat|Rat|Rat|Rat|Rat|Rat,ai_farm
345,12689,9,Normal,29,3,3,2,1,69,65,12,12,25,0,6,6,0,2,0,0,1,3,3,0,196,55,10,7,3.5,0,1,1,40,4,,Swords_T1_02=1|Swords_T1_04=1|Swords_T1_06=1,1,Goblin|Rat|Rat|Rat|Rat|Rat|Rat|Rat|Rat|Rat|Rat|Rat|Rat|Rat|Rat|Rat|Rat|Rat|Rat|Rat|Rat|Rat|Rat|Rat|Rat|Rat|Rat|Rat|Rat|Rat|Rat|Rat|Rat|Rat|Rat|Rat|Rat|Rat|Rat|Rat|Rat|Rat|Rat|Rat|Rat|Rat,ai_farm;companion_join:Rat; flee×1
345,12689,9,Normal,25,1,1,1,0,65,58,12,12,10,0,6,6,0,0,0,0,1,3,0,0,56,7,2,2,2,0,1,1,40,2,,,0,Goblin|Rat|Rat|Rat|Rat|Rat|Rat|Rat|Rat|Rat|Rat|Rat|Rat|Rat|Rat|Rat|Rat|Rat|Rat|Rat|Rat|Rat|Rat|Rat|Rat|Rat|Rat|Rat|Rat|Rat|Rat|Rat|Rat|Rat|Rat|Rat|Rat|Rat|Rat|Rat|Rat|Rat|Rat|Rat|Rat|Rat,ai_farm
345,12689,9,Normal,38,4,4,3,1,58,17,12,12,45,0,6,6,0,1,3,0,0,0,2,0,280,41,14,13,4.333,0,1,1,40,3,,Swords_T1_04=2,1,Goblin|Rat|Rat|Rat|Rat|Rat|Rat|Rat|Rat|Rat|Rat|Rat|Rat|Rat|Rat|Rat|Rat|Rat|Rat|Rat|Rat|Rat|Rat|Rat|Rat|Rat|Rat|Rat|Rat|Rat|Rat|Rat|Rat|Rat|Rat|Rat|Rat|Rat|Rat|Rat|Rat|Rat|Rat|Rat|Rat|Rat|Rat,ai_farm;companion_join:Rat; flee×1
345,12689,9,Normal,35,5,5,5,0,17,69,12,12,75,0,6,6,0,3,3,0,0,0,4,0,420,16,16,16,3.2,0,1,1,41,3,,Swords_T1_02=1|Swords_T1_03=1|Swords_T1_06=2,2,Goblin|Rat|Rat|Rat|Rat|Rat|Rat|Rat|Rat|Rat|Rat|Rat|Rat|Rat|Rat|Rat|Rat|Rat|Rat|Rat|Rat|Rat|Rat|Rat|Rat|Rat|Rat|Rat|Rat|Rat|Rat|Rat|Rat|Rat|Rat|Rat|Rat|Rat|Rat|Rat|Rat|Rat|Rat|Rat|Rat|Rat|Rat|Rat|Rat,ai_farm;companion_join:Rat;companion_join:Rat
345,12689,9,Normal,30,1,1,1,0,69,29,12,12,20,0,6,6,0,0,0,0,0,0,0,0,112,40,4,4,4,0,1,1,41,4,,,1,Goblin|Rat|Rat|Rat|Rat|Rat|Rat|Rat|Rat|Rat|Rat|Rat|Rat|Rat|Rat|Rat|Rat|Rat|Rat|Rat|Rat|Rat|Rat|Rat|Rat|Rat|Rat|Rat|Rat|Rat|Rat|Rat|Rat|Rat|Rat|Rat|Rat|Rat|Rat|Rat|Rat|Rat|Rat|Rat|Rat|Rat|Rat|Rat|Rat|Rat,ai_farm;companion_join:Rat
345,12689,9,Normal,34,3,3,3,0,29,69,12,12,35,0,6,6,0,1,0,0,2,3,2,0,196,-3,7,7,2.333,0,1,1,42,3,,Swords_T1_02=1|Swords_T1_06=1,2,Goblin|Rat|Rat|Rat|Rat|Rat|Rat|Rat|Rat|Rat|Rat|Rat|Rat|Rat|Rat|Rat|Rat|Rat|Rat|Rat|Rat|Rat|Rat|Rat|Rat|Rat|Rat|Rat|Rat|Rat|Rat|Rat|Rat|Rat|Rat|Rat|Rat|Rat|Rat|Rat|Rat|Rat|Rat|Rat|Rat|Rat|Rat|Rat|Rat|Rat|Rat|Rat,ai_farm;companion_join:Rat;companion_join:Rat
345,12689,9,Normal,28,4,4,4,0,69,70,12,12,40,0,6,6,0,2,1,0,0,2,4,0,224,-7,10,10,2.5,0,1,1,42,1,,Swords_T1_03=2|Swords_T1_04=2,3,Goblin|Rat|Rat|Rat|Rat|Rat|Rat|Rat|Rat|Rat|Rat|Rat|Rat|Rat|Rat|Rat|Rat|Rat|Rat|Rat|Rat|Rat|Rat|Rat|Rat|Rat|Rat|Rat|Rat|Rat|Rat|Rat|Rat|Rat|Rat|Rat|Rat|Rat|Rat|Rat|Rat|Rat|Rat|Rat|Rat|Rat|Rat|Rat|Rat|Rat|Rat|Rat|Rat|Rat|Rat,ai_farm;companion_join:Rat;companion_join:Rat;companion_join:Rat
345,12689,9,Normal,35,5,5,4,1,70,55,12,12,55,0,6,6,0,2,2,0,1,3,6,0,337,54,19,16,4,0,1,1,43,3,,Swords_T1_02=1|Swords_T1_04=3|Swords_T1_06=2,0,Goblin|Rat|Rat|Rat|Rat|Rat|Rat|Rat|Rat|Rat|Rat|Rat|Rat|Rat|Rat|Rat|Rat|Rat|Rat|Rat|Rat|Rat|Rat|Rat|Rat|Rat|Rat|Rat|Rat|Rat|Rat|Rat|Rat|Rat|Rat|Rat|Rat|Rat|Rat|Rat|Rat|Rat|Rat|Rat|Rat|Rat|Rat|Rat|Rat|Rat|Rat|Rat|Rat|Rat|Rat,ai_farm; flee×1
345,12689,9,Normal,31,2,2,2,0,55,55,12,12,35,0,6,6,0,1,2,0,0,1,0,0,196,0,8,8,4,0,1,1,43,4,,,0,Goblin|Rat|Rat|Rat|Rat|Rat|Rat|Rat|Rat|Rat|Rat|Rat|Rat|Rat|Rat|Rat|Rat|Rat|Rat|Rat|Rat|Rat|Rat|Rat|Rat|Rat|Rat|Rat|Rat|Rat|Rat|Rat|Rat|Rat|Rat|Rat|Rat|Rat|Rat|Rat|Rat|Rat|Rat|Rat|Rat|Rat|Rat|Rat|Rat|Rat|Rat|Rat|Rat|Rat|Rat,ai_farm
345,12689,9,Normal,36,4,4,3,1,55,76,12,12,40,0,6,6,0,0,1,0,3,3,2,0,280,33,11,9,3,0,1,1,44,3,,Swords_T1_03=1|Swords_T1_04=1,1,Goblin|Rat|Rat|Rat|Rat|Rat|Rat|Rat|Rat|Rat|Rat|Rat|Rat|Rat|Rat|Rat|Rat|Rat|Rat|Rat|Rat|Rat|Rat|Rat|Rat|Rat|Rat|Rat|Rat|Rat|Rat|Rat|Rat|Rat|Rat|Rat|Rat|Rat|Rat|Rat|Rat|Rat|Rat|Rat|Rat|Rat|Rat|Rat|Rat|Rat|Rat|Rat|Rat|Rat|Rat|Rat,ai_farm;companion_join:Rat; flee×1
345,12689,10,Normal,5,1,1,0,0,76,0,12,12,0,0,6,6,0,0,0,0,3,3,1,0,93,69,1,0,0,1,0,0,50,3,RH=Crude Sword|LH=Crude Sword|BD=Crude Armour|A1=Crude Bracelet|A2=Crude Bracelet,Swords_T1_06=1,0,Goblin|Rat|Rat|Rat|Rat|Rat|Rat|Rat|Rat|Rat|Rat|Rat|Rat|Rat|Rat|Rat|Rat|Rat|Rat|Rat|Rat|Rat|Rat|Rat|Rat|Rat|Rat|Rat|Rat|Rat|Rat|Rat|Rat|Rat|Rat|Rat|Rat|Rat|Rat|Rat|Rat|Rat|Rat|Rat|Rat|Rat|Rat|Rat|Rat|Rat|Rat|Rat|Rat|Rat|Rat|Rat,party wiped
346,12690,1,Normal,30,3,3,3,0,37,37,0,0,25,0,1,1,0,1,0,1,3,3,0,0,140,8,5,5,1.667,0,1,1,4,3,,,0,-,floor1_town
346,12690,2,Normal,30,3,3,3,0,37,37,0,0,30,0,1,1,0,2,0,3,1,3,0,0,168,0,7,7,2.333,0,1,1,4,2,,,0,-,
346,12690,3,Normal,36,3,3,3,0,37,45,0,2,60,0,1,2,0,7,2,4,0,1,0,0,300,22,12,12,4,0,1,1,22,2,,,0,-,+1 levelup
346,12690,4,Normal,30,1,1,1,0,45,44,2,2,5,0,2,2,0,0,0,4,0,1,1,0,28,0,1,1,1,0,1,1,22,1,,Swords_T1_03=1,0,-,
346,12690,5,Normal,39,4,4,4,0,44,34,2,2,40,0,2,2,1,0,1,3,3,3,4,0,224,19,8,8,2,0,1,1,23,2,,Swords_T1_03=4,1,Rat,companion_join:Rat
346,12690,6,Normal,37,5,5,5,0,34,44,2,2,55,0,2,2,1,3,3,2,0,0,4,0,308,-14,13,13,2.6,0,1,1,23,1,,Swords_T1_03=4,1,Rat|Rat,companion_join:Rat
346,12690,7,Normal,38,4,4,3,1,44,45,2,2,55,0,2,2,2,3,1,0,0,2,3,0,392,47,14,11,3.667,0,1,1,24,4,,Swords_T1_03=3,0,Rat|Rat,flee×1
346,12690,8,Normal,1,1,1,0,0,45,0,2,2,0,0,2,2,0,0,0,0,3,3,1,0,54,44,1,0,0,1,0,0,30,1,RH=Crude Sword|LH=Crude Sword|BD=Crude Armour|A1=Crude Bracelet|A2=Crude Bracelet,Swords_T1_03=1,0,Rat|Rat,party wiped
347,12691,1,Normal,28,4,4,4,0,37,37,0,0,65,0,1,1,0,9,4,0,3,3,0,0,364,0,16,16,4,0,1,1,5,4,,,3,Rat|Rat|Rat,floor1_town;companion_join:Rat;companion_join:Rat;companion_join:Rat
347,12691,2,Normal,32,2,2,2,0,37,29,0,0,30,0,1,1,0,3,3,1,0,0,0,0,168,8,12,12,6,0,1,1,5,2,,,0,Rat|Rat|Rat,
347,12691,3,Normal,30,3,3,3,0,29,29,0,2,60,0,1,2,0,3,3,3,0,0,2,0,300,25,11,11,3.667,0,1,1,11,2,,Swords_T1_03=2,0,Rat|Rat|Rat,+1 levelup
347,12691,4,Normal,38,4,4,4,0,29,37,2,2,50,0,2,2,0,3,2,3,0,1,1,0,280,7,12,12,3,0,1,1,12,3,,Swords_T1_03=1,2,Rat|Rat|Rat|Rat|Rat,companion_join:Rat;companion_join:Rat
347,12691,5,Normal,29,2,2,2,0,37,37,2,2,10,0,2,2,0,0,0,3,0,1,0,0,56,0,2,2,1,0,1,1,12,1,,,0,Rat|Rat|Rat|Rat|Rat,
347,12691,6,Normal,32,4,4,4,0,37,44,2,2,50,0,2,2,1,3,1,2,0,3,3,0,280,8,11,11,2.75,0,1,1,13,1,,Swords_T1_03=3,1,Rat|Rat|Rat|Rat|Rat|Rat,companion_join:Rat
347,12691,7,Normal,29,0,0,0,0,44,44,2,2,0,0,2,2,0,0,0,2,0,3,0,0,0,0,0,0,0,0,1,1,13,0,,,0,Rat|Rat|Rat|Rat|Rat|Rat,
347,12691,8,Normal,10,1,1,0,0,44,0,2,2,0,0,2,2,0,0,0,2,3,3,0,0,28,45,1,0,0,1,0,0,19,2,RH=Crude Sword|LH=Crude Sword|BD=Crude Armour|A1=Crude Bracelet|A2=Crude Bracelet,,0,Rat|Rat|Rat|Rat|Rat|Rat,party wiped
348,12692,1,Normal,26,4,4,4,0,37,37,0,0,45,0,1,1,0,1,0,1,3,3,0,0,252,30,11,11,2.75,0,1,1,5,2,,,1,Rat,floor1_town;companion_join:Rat
348,12692,2,Normal,40,4,4,4,0,37,29,0,0,45,0,1,1,0,3,3,3,0,0,0,0,252,8,11,11,2.75,0,1,1,5,2,,,2,Rat|Rat|Rat,companion_join:Rat;companion_join:Rat
348,12692,3,Normal,4,1,1,0,0,29,0,0,0,0,0,1,1,5,3,3,0,0,0,0,0,198,37,7,0,0,1,0,0,11,4,RH=Crude Sword|LH=Crude Sword|BD=Crude Armour|A1=Crude Bracelet|A2=Crude Bracelet,,0,Rat|Rat|Rat,party wiped
349,12693,1,Normal,40,3,3,3,0,37,37,0,0,35,0,1,1,0,3,1,2,3,3,0,0,196,8,10,10,3.333,0,1,1,4,1,,,1,Rat,floor1_town;companion_join:Rat
349,12693,2,Normal,40,2,2,2,0,37,37,0,0,25,0,1,1,0,3,1,2,0,2,0,0,140,0,7,7,3.5,0,1,1,4,1,,,1,Rat|Rat,companion_join:Rat
349,12693,3,Normal,1,1,1,0,0,37,0,0,0,0,0,1,1,4,3,3,0,0,0,0,0,148,37,6,0,0,1,0,0,10,4,RH=Crude Sword|LH=Crude Sword|BD=Crude Armour|A1=Crude Bracelet|A2=Crude Bracelet,,0,Rat|Rat,party wiped
350,12694,1,Normal,38,5,5,5,0,37,37,0,0,60,0,1,1,0,4,0,1,3,3,0,0,336,32,13,13,2.6,0,1,1,6,2,,,1,Rat,floor1_town;companion_join:Rat
350,12694,2,Normal,30,4,4,4,0,37,44,0,3,40,0,1,2,0,2,0,2,3,3,0,0,224,16,9,9,2.25,0,1,1,7,2,,,1,Rat|Rat,companion_join:Rat; +1 levelup
350,12694,3,Normal,14,2,2,1,0,44,0,3,3,24,0,2,2,4,6,3,0,0,0,2,0,300,53,12,5,5,1,0,0,8,4,RH=Crude Sword|LH=Crude Sword|BD=Crude Armour|A1=Crude Bracelet|A2=Crude Bracelet,Swords_T1_03=2,0,Rat|Rat,party wiped
351,12695,1,Normal,36,3,3,3,0,37,37,0,0,35,0,1,1,0,3,3,2,3,3,0,0,196,8,10,10,3.333,0,1,1,4,4,,,0,-,floor1_town
351,12695,2,Normal,40,2,2,2,0,37,21,0,0,30,0,1,1,0,3,3,3,0,0,0,0,168,16,8,8,4,0,1,1,4,3,,,1,Rat,companion_join:Rat
351,12695,3,Normal,10,2,2,1,0,21,0,0,0,12,0,1,1,3,3,3,0,0,0,0,0,215,37,7,2,2,1,0,0,16,4,RH=Crude Sword|LH=Crude Sword|BD=Crude Armour|A1=Crude Bracelet|A2=Crude Bracelet,,0,Rat,party wiped
352,12696,1,Normal,34,2,2,2,0,37,37,0,0,25,0,1,1,0,2,0,0,3,3,0,0,140,8,8,8,4,0,1,1,3,2,,,0,-,floor1_town
352,12696,2,Normal,29,4,4,4,0,37,29,0,0,65,0,1,1,1,5,3,0,1,3,0,0,364,32,18,18,4.5,0,1,1,4,2,,,0,-,
352,12696,3,Normal,2,1,1,0,0,29,0,0,0,0,0,1,1,0,3,3,0,0,0,0,0,98,37,3,0,0,1,0,0,10,4,RH=Crude Sword|LH=Crude Sword|BD=Crude Armour|A1=Crude Bracelet|A2=Crude Bracelet,,0,-,party wiped
353,12697,1,Normal,32,4,4,4,0,37,37,0,0,50,0,1,1,0,4,2,2,3,3,0,0,280,16,14,14,3.5,0,1,1,5,4,,,1,Rat,floor1_town;companion_join:Rat
353,12697,2,Normal,30,3,3,3,0,37,29,0,0,40,0,1,1,0,2,0,3,3,3,0,0,224,24,9,9,3,0,1,1,7,2,,,2,Rat|Rat|Rat,companion_join:Rat;companion_join:Rat
353,12697,3,Normal,27,4,4,3,0,29,0,0,3,84,0,1,2,3,6,6,0,0,0,3,0,511,71,19,16,5.333,1,0,0,14,4,RH=Crude Sword|LH=Crude Sword|BD=Crude Armour|A1=Crude Bracelet|A2=Crude Bracelet,Swords_T1_03=3,1,Rat|Rat|Rat|Goblin,companion_join:Goblin; party wiped; +1 levelup
354,12698,1,Normal,30,2,2,2,0,37,37,0,0,20,0,1,1,0,2,0,0,3,3,0,0,112,16,7,7,3.5,0,1,1,3,3,,,0,-,floor1_town
354,12698,2,Normal,34,4,4,4,0,37,37,0,0,45,0,1,1,0,3,3,0,0,0,0,0,252,0,11,11,2.75,0,1,1,3,1,,,1,Rat,companion_join:Rat
354,12698,3,Normal,6,2,2,1,0,37,0,0,0,24,0,1,1,0,6,3,0,0,0,0,0,243,37,9,4,4,1,0,0,15,3,RH=Crude Sword|LH=Crude Sword|BD=Crude Armour|A1=Crude Bracelet|A2=Crude Bracelet,,0,Rat,party wiped
355,12699,1,Normal,27,6,6,6,0,37,37,0,0,85,0,1,1,0,10,6,1,3,3,0,0,476,24,26,26,4.333,0,1,1,7,4,,,2,Rat|Rat,floor1_town;companion_join:Rat;companion_join:Rat
355,12699,2,Normal,26,2,2,2,0,37,46,0,1,40,0,1,2,1,3,3,0,0,0,1,0,224,7,10,10,5,0,1,1,7,4,,Swords_T1_03=1,2,Rat|Rat|Rat|Rat,companion_join:Rat;companion_join:Rat; +1 levelup
355,12699,3,Normal,1,1,1,0,0,46,0,1,1,0,0,2,2,1,0,0,0,0,0,1,0,95,45,3,0,0,1,0,0,7,3,RH=Crude Sword|LH=Crude Sword|BD=Crude Armour|A1=Crude Bracelet|A2=Crude Bracelet,Swords_T1_03=1,0,Rat|Rat|Rat|Rat,party wiped
356,12700,1,Normal,25,2,2,2,0,37,37,0,0,35,0,1,1,0,5,1,0,3,3,0,0,196,0,10,10,5,0,1,1,3,4,,,0,-,floor1_town
356,12700,2,Normal,33,6,6,5,1,37,37,0,0,55,0,1,1,0,4,3,0,2,3,0,0,364,29,16,14,2.8,0,1,1,4,3,,,0,-,flee×1
356,12700,3,Normal,4,1,1,0,0,37,0,0,0,0,0,1,1,0,3,3,2,0,0,0,0,123,37,4,0,0,1,0,0,10,3,RH=Crude Sword|LH=Crude Sword|BD=Crude Armour|A1=Crude Bracelet|A2=Crude Bracelet,,0,-,party wiped
357,12701,1,Normal,39,5,5,5,0,37,37,0,0,70,0,1,1,0,6,1,1,3,3,0,0,392,16,18,18,3.6,0,1,1,6,2,,,0,-,floor1_town
357,12701,2,Normal,40,5,5,5,0,37,33,0,2,55,0,1,2,2,3,3,0,0,0,1,0,308,12,14,14,2.8,0,1,1,6,4,,Swords_T1_03=1,1,Rat,companion_join:Rat; +1 levelup
357,12701,3,Normal,9,1,1,0,0,33,0,2,2,0,0,2,2,0,3,3,0,0,0,1,0,150,45,4,0,0,1,0,0,7,4,RH=Crude Sword|LH=Crude Sword|BD=Crude Armour|A1=Crude Bracelet|A2=Crude Bracelet,Swords_T1_03=1,0,Rat,party wiped
358,12702,1,Normal,37,6,6,6,0,37,37,0,0,80,0,1,1,0,10,4,2,3,3,0,0,448,8,23,23,3.833,0,1,1,7,2,,,3,Rat|Rat|Rat,floor1_town;companion_join:Rat;companion_join:Rat;companion_join:Rat
358,12702,2,Normal,33,3,3,3,0,37,18,0,2,45,0,1,2,2,3,3,1,0,0,1,0,252,26,14,14,4.667,0,1,1,7,4,,Swords_T1_03=1,1,Rat|Rat|Rat|Rat,companion_join:Rat; +1 levelup
358,12702,3,Normal,27,3,3,3,0,18,31,2,2,108,0,2,2,3,6,6,0,0,0,3,0,540,28,17,17,5.667,0,1,1,9,4,,Swords_T1_03=3,0,Rat|Rat|Rat|Rat,
358,12702,4,Normal,39,3,3,3,0,31,45,2,2,40,0,2,2,0,3,3,0,3,3,1,0,224,15,12,12,4,0,1,1,11,1,,Swords_T1_03=1,0,Rat|Rat|Rat|Rat,
358,12702,5,Normal,34,4,4,4,0,45,39,2,3,50,0,2,3,0,3,1,0,0,2,4,0,280,16,13,13,3.25,0,1,1,11,2,,Swords_T1_03=4,1,Rat|Rat|Rat|Rat|Rat,companion_join:Rat; +1 levelup
358,12702,6,Normal,25,3,3,2,0,39,0,3,3,10,0,3,3,0,0,2,0,0,0,4,0,140,52,8,4,2,1,0,0,11,4,RH=Crude Sword|LH=Crude Sword|BD=Crude Armour|A1=Crude Bracelet|A2=Crude Bracelet,Swords_T1_03=2|Swords_T1_04=2,0,Rat|Rat|Rat|Rat|Rat,party wiped
359,12703,1,Normal,35,2,2,2,0,37,37,0,0,20,0,1,1,0,3,0,1,3,3,0,0,112,8,5,5,2.5,0,1,1,3,3,,,0,-,floor1_town
359,12703,2,Normal,37,5,5,5,0,37,29,0,0,70,0,1,1,0,7,2,1,0,2,0,0,392,24,18,18,3.6,0,1,1,5,4,,,2,Rat|Rat,companion_join:Rat;companion_join:Rat
359,12703,3,Normal,3,1,1,0,0,29,0,0,0,0,0,1,1,0,3,3,2,0,0,0,0,163,37,5,0,0,1,0,0,11,3,RH=Crude Sword|LH=Crude Sword|BD=Crude Armour|A1=Crude Bracelet|A2=Crude Bracelet,,0,Rat|Rat,party wiped
360,12704,1,Normal,33,3,3,3,0,37,37,0,0,55,0,1,1,0,8,5,2,3,3,0,0,308,16,18,18,6,0,1,1,4,4,,,1,Rat,floor1_town;companion_join:Rat
360,12704,2,Normal,39,5,5,5,0,37,46,0,3,55,0,1,2,0,5,0,4,0,3,1,0,308,15,13,13,2.6,0,1,1,6,2,,Swords_T1_03=1,2,Rat|Rat|Rat,companion_join:Rat;companion_join:Rat; +1 levelup
360,12704,3,Normal,29,4,4,4,0,46,45,3,3,84,0,2,2,2,3,3,2,0,3,4,0,420,17,12,12,3,0,1,1,7,1,,Swords_T1_03=4,1,Rat|Rat|Rat|Goblin,companion_join:Goblin
360,12704,4,Normal,35,3,3,3,0,45,46,3,3,25,0,2,2,0,0,2,2,0,1,1,0,140,-2,5,5,1.667,0,1,1,7,1,,Swords_T1_03=1,0,Rat|Rat|Rat|Goblin,
360,12704,5,Normal,32,2,2,2,0,46,32,3,3,25,0,2,2,0,0,1,2,0,0,2,0,140,12,6,6,3,0,1,1,7,3,,Swords_T1_03=2,1,Rat|Rat|Rat|Goblin|Rat,companion_join:Rat
360,12704,6,Normal,26,3,3,3,0,32,38,3,3,30,0,2,2,0,3,0,2,0,3,2,0,168,6,9,9,3,0,1,1,8,3,,Swords_T1_03=2,1,Rat|Rat|Rat|Goblin|Rat|Rat,companion_join:Rat
360,12704,7,Normal,27,1,1,1,0,38,46,3,3,10,0,2,2,0,0,1,2,0,2,1,0,56,-9,2,2,2,0,1,1,8,2,,Swords_T1_03=1,0,Rat|Rat|Rat|Goblin|Rat|Rat,
360,12704,8,Normal,15,1,1,0,0,46,0,3,3,0,0,2,2,0,0,0,2,3,3,1,0,50,45,1,0,0,1,0,0,14,4,RH=Crude Sword|LH=Crude Sword|BD=Crude Armour|A1=Crude Bracelet|A2=Crude Bracelet,Swords_T1_03=1,0,Rat|Rat|Rat|Goblin|Rat|Rat,party wiped
361,12705,1,Normal,31,3,3,3,0,37,37,0,0,40,0,1,1,0,4,0,0,3,3,0,0,224,16,9,9,3,0,1,1,4,2,,,0,-,floor1_town
361,12705,2,Normal,38,3,3,3,0,37,37,0,0,45,0,1,1,0,6,0,0,0,3,0,0,252,8,12,12,4,0,1,1,5,3,,,0,-,
361,12705,3,Normal,22,1,1,0,0,37,0,0,0,0,0,1,1,1,3,3,0,0,0,0,0,148,37,6,0,0,1,0,0,11,3,RH=Crude Sword|LH=Crude Sword|BD=Crude Armour|A1=Crude Bracelet|A2=Crude Bracelet,,0,-,party wiped
362,12706,1,Normal,29,3,3,3,0,37,37,0,0,45,0,1,1,0,6,1,2,3,3,0,0,252,8,11,11,3.667,0,1,1,4,4,,,1,Rat,floor1_town;companion_join:Rat
362,12706,2,Normal,38,5,5,5,0,37,44,0,2,75,0,1,2,1,5,3,1,1,3,1,0,420,28,19,19,3.8,0,1,1,5,2,,Swords_T1_03=1,1,Rat|Rat,companion_join:Rat; +1 levelup
362,12706,3,Normal,7,2,2,0,1,44,0,2,2,0,0,2,2,1,4,6,0,0,0,1,0,183,86,7,0,0,1,0,0,6,3,RH=Crude Sword|LH=Crude Sword|BD=Crude Armour|A1=Crude Bracelet|A2=Crude Bracelet,Swords_T1_03=1,0,Rat|Rat,party wiped; flee×1
363,12707,1,Normal,27,2,2,2,0,37,37,0,0,20,0,1,1,0,3,0,0,3,3,0,0,112,0,6,6,3,0,1,1,3,3,,,2,Rat|Rat,floor1_town;companion_join:Rat;companion_join:Rat
363,12707,2,Normal,30,5,5,5,0,37,29,0,0,75,0,1,1,0,6,1,2,3,3,0,0,420,38,21,21,4.2,0,1,1,7,2,,,2,Rat|Rat|Rat|Rat,companion_join:Rat;companion_join:Rat
363,12707,3,Normal,31,3,3,3,0,29,46,0,3,60,0,1,2,0,3,2,4,0,1,2,0,300,-2,8,8,2.667,0,1,1,13,3,,Swords_T1_03=2,0,Rat|Rat|Rat|Rat,+1 levelup
363,12707,4,Normal,34,4,4,4,0,46,44,3,3,40,0,2,2,0,0,1,4,3,3,3,0,224,20,10,10,2.5,0,1,1,14,2,,Swords_T1_03=3,0,Rat|Rat|Rat|Rat,
363,12707,5,Normal,25,1,1,1,0,44,35,3,3,10,0,2,2,0,0,0,4,3,3,1,0,56,8,2,2,2,0,1,1,14,2,,Swords_T1_03=1,0,Rat|Rat|Rat|Rat,
363,12707,6,Normal,38,3,3,3,0,35,38,3,3,40,0,2,2,0,3,2,4,0,1,2,0,224,9,11,11,3.667,0,1,1,14,2,,Swords_T1_03=2,0,Rat|Rat|Rat|Rat,
363,12707,7,Normal,39,3,3,3,0,38,46,3,3,35,0,2,2,0,2,1,4,1,3,2,0,196,11,9,9,3,0,1,1,15,2,,Swords_T1_03=2,1,Rat|Rat|Rat|Rat|Rat,companion_join:Rat
363,12707,8,Normal,14,1,1,0,0,46,0,3,3,0,0,2,2,1,0,0,3,3,3,0,0,27,46,1,0,0,1,0,0,21,3,RH=Crude Sword|LH=Crude Sword|BD=Crude Armour|A1=Crude Bracelet|A2=Crude Bracelet,,0,Rat|Rat|Rat|Rat|Rat,party wiped
364,12708,1,Normal,25,3,3,3,0,37,37,0,0,35,0,1,1,0,5,1,2,3,3,0,0,196,8,9,9,3,0,1,1,4,1,,,2,Rat|Rat,floor1_town;companion_join:Rat;companion_join:Rat
364,12708,2,Normal,27,5,5,5,0,37,46,0,2,75,0,1,2,0,9,4,4,0,1,0,0,420,16,21,21,4.2,0,1,1,6,4,,,3,Rat|Rat|Rat|Rat|Rat,companion_join:Rat;companion_join:Rat;companion_join:Rat; +1 levelup
364,12708,3,Normal,7,1,1,0,0,46,0,2,2,0,0,2,2,5,0,1,0,0,0,0,0,148,46,6,0,0,1,0,0,6,4,RH=Crude Sword|LH=Crude Sword|BD=Crude Armour|A1=Crude Bracelet|A2=Crude Bracelet,,0,Rat|Rat|Rat|Rat|Rat,party wiped
365,12709,1,Normal,39,3,3,3,0,37,37,0,0,25,0,1,1,0,2,0,0,3,3,0,0,140,0,6,6,2,0,1,1,4,1,,,2,Rat|Rat,floor1_town;companion_join:Rat;companion_join:Rat
365,12709,2,Normal,38,3,3,3,0,37,29,0,0,20,0,1,1,0,0,0,1,3,3,0,0,112,8,4,4,1.333,0,1,1,4,2,,,1,Rat|Rat|Rat,companion_join:Rat
365,12709,3,Normal,13,2,2,1,0,29,0,0,0,12,0,1,1,2,4,3,1,0,0,0,0,172,37,6,2,2,1,0,0,16,4,RH=Crude Sword|LH=Crude Sword|BD=Crude Armour|A1=Crude Bracelet|A2=Crude Bracelet,,0,Rat|Rat|Rat,party wiped
366,12710,1,Normal,37,4,4,4,0,37,37,0,0,35,0,1,1,0,2,0,1,3,3,0,0,196,8,10,10,2.5,0,1,1,5,3,,,1,Rat,floor1_town;companion_join:Rat
366,12710,2,Normal,33,3,3,3,0,37,29,0,0,30,0,1,1,0,1,0,3,3,3,0,0,168,16,6,6,2,0,1,1,6,2,,,1,Rat|Rat,companion_join:Rat
366,12710,3,Normal,31,3,3,3,0,29,42,0,3,60,0,1,2,3,3,3,0,0,0,2,0,300,14,11,11,3.667,0,1,1,12,1,,Swords_T1_03=2,0,Rat|Rat,+1 levelup
366,12710,4,Normal,34,4,4,2,1,42,0,3,3,30,0,2,2,0,3,3,0,0,0,2,0,335,75,14,8,4,1,0,0,13,4,RH=Crude Sword|LH=Crude Sword|BD=Crude Armour|A1=Crude Bracelet|A2=Crude Bracelet,Swords_T1_03=2,0,Rat|Rat,party wiped; flee×1
367,12711,1,Normal,35,4,4,4,0,37,37,0,0,55,0,1,1,0,5,1,0,3,3,0,0,308,8,13,13,3.25,0,1,1,5,2,,,2,Rat|Rat,floor1_town;companion_join:Rat;companion_join:Rat
367,12711,2,Normal,31,5,5,5,0,37,46,0,1,55,0,1,2,0,5,0,2,0,3,0,0,308,22,15,15,3,0,1,1,8,4,,,1,Rat|Rat|Rat,companion_join:Rat; +1 levelup
367,12711,3,Normal,15,1,1,0,0,46,0,1,1,0,0,2,2,2,0,3,0,0,0,1,0,108,45,3,0,0,1,0,0,8,4,RH=Crude Sword|LH=Crude Sword|BD=Crude Armour|A1=Crude Bracelet|A2=Crude Bracelet,Swords_T1_03=1,0,Rat|Rat|Rat,party wiped
368,12712,1,Normal,33,4,4,4,0,37,37,0,0,75,0,1,1,1,11,6,0,3,3,0,0,420,21,21,21,5.25,0,1,1,5,4,,,2,Rat|Rat,floor1_town;companion_join:Rat;companion_join:Rat
368,12712,2,Normal,38,2,2,2,0,37,45,0,2,25,0,1,2,0,3,3,1,3,3,0,0,140,13,7,7,3.5,0,1,1,6,1,,,1,Rat|Rat|Rat,companion_join:Rat; +1 levelup
368,12712,3,Normal,34,2,2,2,0,45,45,2,2,60,0,2,2,1,5,3,2,1,3,1,0,300,23,11,11,5.5,0,1,1,7,2,,Swords_T1_03=1,0,Rat|Rat|Rat,
368,12712,4,Normal,40,4,4,4,0,45,45,2,2,30,0,2,2,0,1,0,2,3,3,1,0,168,12,7,7,1.75,0,1,1,8,1,,Swords_T1_03=1,1,Rat|Rat|Rat|Rat,companion_join:Rat
368,12712,5,Normal,25,3,3,3,0,45,45,2,2,50,0,2,2,0,3,2,2,0,1,2,0,280,-2,11,11,3.667,0,1,1,8,3,,Swords_T1_03=2,0,Rat|Rat|Rat|Rat,
368,12712,6,Normal,30,2,2,2,0,45,40,2,2,25,0,2,2,2,0,1,0,0,0,0,0,140,5,7,7,3.5,0,1,1,8,1,,,1,Rat|Rat|Rat|Rat|Rat,companion_join:Rat
368,12712,7,Normal,6,2,2,1,0,40,0,2,2,5,0,2,2,0,0,0,0,0,0,0,0,53,40,3,1,1,1,0,0,8,4,RH=Crude Sword|LH=Crude Sword|BD=Crude Armour|A1=Crude Bracelet|A2=Crude Bracelet,,0,Rat|Rat|Rat|Rat|Rat,party wiped
369,12713,1,Normal,31,3,3,3,0,37,37,0,0,55,0,1,1,0,8,3,2,3,3,0,0,308,0,16,16,5.333,0,1,1,4,4,,,1,Rat,floor1_town;companion_join:Rat
369,12713,2,Normal,32,4,4,4,0,37,21,0,2,70,0,1,2,3,6,6,0,0,0,0,0,392,45,22,22,5.5,0,1,1,6,4,,,1,Rat|Rat,companion_join:Rat; +1 levelup
369,12713,3,Normal,35,3,3,3,0,21,31,2,2,96,0,2,2,1,6,6,1,0,0,3,0,480,25,15,15,5,0,1,1,8,3,,Swords_T1_03=3,1,Rat|Rat|Goblin,companion_join:Goblin
369,12713,4,Normal,40,6,6,6,0,31,45,2,2,70,0,2,2,0,4,2,1,0,1,3,0,392,10,17,17,2.833,0,1,1,10,3,,Swords_T1_03=3,3,Rat|Rat|Goblin|Rat|Rat|Rat,companion_join:Rat;companion_join:Rat;companion_join:Rat
369,12713,5,Normal,35,2,2,2,0,45,54,2,4,25,0,2,3,1,0,1,0,0,0,1,0,140,42,8,8,4,0,1,1,10,4,,Swords_T1_03=1,1,Rat|Rat|Goblin|Rat|Rat|Rat|Rat,companion_join:Rat; +1 levelup
369,12713,6,Normal,32,3,3,3,0,54,42,4,4,40,0,3,3,0,3,0,0,0,3,2,0,224,43,10,10,3.333,0,1,1,11,4,,Swords_T1_03=1|Swords_T1_04=1,1,Rat|Rat|Goblin|Rat|Rat|Rat|Rat|Rat,companion_join:Rat
369,12713,7,Normal,34,1,1,1,0,42,54,4,4,5,0,3,3,0,0,2,0,0,1,3,0,28,-12,4,4,4,0,1,1,11,1,,Swords_T1_04=3,0,Rat|Rat|Goblin|Rat|Rat|Rat|Rat|Rat,
369,12713,8,Normal,1,1,1,0,0,54,0,4,4,0,0,3,3,0,3,2,0,0,1,1,0,1,54,1,0,0,1,0,0,17,4,RH=Crude Sword|LH=Crude Sword|BD=Crude Armour|A1=Crude Bracelet|A2=Crude Bracelet,Swords_T1_04=1,0,Rat|Rat|Goblin|Rat|Rat|Rat|Rat|Rat,party wiped
370,12714,1,Normal,29,4,4,4,0,37,37,0,0,55,0,1,1,0,6,2,1,3,3,0,0,308,0,15,15,3.75,0,1,1,5,4,,,1,Rat,floor1_town;companion_join:Rat
370,12714,2,Normal,33,4,4,4,0,37,44,0,1,55,0,1,2,0,6,6,2,0,0,1,0,308,7,15,15,3.75,0,1,1,6,2,,Swords_T1_03=1,1,Rat|Rat,companion_join:Rat; +1 levelup
370,12714,3,Normal,14,2,2,1,0,44,0,1,1,24,0,2,2,4,0,0,0,0,0,2,0,258,42,8,3,3,1,0,0,6,3,RH=Crude Sword|LH=Crude Sword|BD=Crude Armour|A1=Crude Bracelet|A2=Crude Bracelet,Swords_T1_03=2,0,Rat|Rat,party wiped
371,12715,1,Normal,27,3,3,3,0,37,37,0,0,45,0,1,1,0,7,1,2,3,3,0,0,252,0,14,14,4.667,0,1,1,4,2,,,1,Rat,floor1_town;companion_join:Rat
371,12715,2,Normal,37,2,2,2,0,37,29,0,0,25,0,1,1,0,3,3,3,0,0,0,0,140,8,7,7,3.5,0,1,1,4,4,,,0,Rat,
371,12715,3,Normal,32,3,3,3,0,29,45,0,3,72,0,1,2,1,5,3,3,0,0,1,0,360,-1,13,13,4.333,0,1,1,16,2,,Swords_T1_03=1,0,Rat,+1 levelup
371,12715,4,Normal,35,3,3,3,0,45,43,3,3,25,0,2,2,0,0,0,3,3,3,2,0,140,21,6,6,2,0,1,1,17,1,,Swords_T1_03=2,3,Rat|Rat|Rat|Rat,companion_join:Rat;companion_join:Rat;companion_join:Rat
371,12715,5,Normal,30,2,2,2,0,43,45,3,3,30,0,2,2,1,3,3,2,0,0,1,0,168,-3,9,9,4.5,0,1,1,17,4,,Swords_T1_03=1,2,Rat|Rat|Rat|Rat|Rat|Rat,companion_join:Rat;companion_join:Rat
371,12715,6,Normal,33,6,6,6,0,45,37,3,3,75,0,2,2,2,3,3,0,0,0,5,0,420,21,20,20,3.333,0,1,1,18,1,,Swords_T1_03=5,1,Rat|Rat|Rat|Rat|Rat|Rat|Rat,companion_join:Rat
371,12715,7,Normal,35,2,2,1,1,37,44,3,3,5,0,2,2,0,0,0,0,3,3,1,0,28,32,2,1,1,0,1,1,19,1,,Swords_T1_03=1,0,Rat|Rat|Rat|Rat|Rat|Rat|Rat,flee×1
371,12715,8,Normal,2,1,1,0,0,44,0,3,3,0,0,2,2,0,2,0,0,1,3,1,0,63,44,1,0,0,1,0,0,25,3,RH=Crude Sword|LH=Crude Sword|BD=Crude Armour|A1=Crude Bracelet|A2=Crude Bracelet,Swords_T1_03=1,0,Rat|Rat|Rat|Rat|Rat|Rat|Rat,party wiped
372,12716,1,Normal,25,3,3,3,0,37,37,0,0,35,0,1,1,0,3,1,0,3,3,0,0,196,8,9,9,3,0,1,1,4,4,,,0,-,floor1_town
372,12716,2,Normal,35,6,6,6,0,37,45,0,2,80,0,1,2,0,9,3,0,0,1,0,0,448,24,23,23,3.833,0,1,1,7,4,,,1,Rat,companion_join:Rat; +1 levelup
372,12716,3,Normal,13,1,1,0,0,45,0,2,2,0,0,2,2,0,0,1,0,0,0,0,0,35,45,1,0,0,1,0,0,7,4,RH=Crude Sword|LH=Crude Sword|BD=Crude Armour|A1=Crude Bracelet|A2=Crude Bracelet,,0,Rat,party wiped
373,12717,1,Normal,39,6,6,6,0,37,37,0,0,75,0,1,1,0,9,1,2,3,3,0,0,420,0,20,20,3.333,0,1,1,7,3,,,4,Rat|Rat|Rat|Rat,floor1_town;companion_join:Rat;companion_join:Rat;companion_join:Rat;companion_join:Rat
373,12717,2,Normal,35,7,7,7,0,37,45,0,2,100,0,1,2,3,6,4,1,0,2,3,0,560,21,29,29,4.143,0,1,1,8,4,,Swords_T1_03=3,2,Rat|Rat|Rat|Rat|Rat|Rat,companion_join:Rat;companion_join:Rat; +1 levelup
373,12717,3,Normal,2,1,1,0,0,45,0,2,2,0,0,2,2,2,0,2,0,0,0,1,0,150,44,4,0,0,1,0,0,8,4,RH=Crude Sword|LH=Crude Sword|BD=Crude Armour|A1=Crude Bracelet|A2=Crude Bracelet,Swords_T1_03=1,0,Rat|Rat|Rat|Rat|Rat|Rat,party wiped
374,12718,1,Normal,37,5,5,5,0,37,37,0,0,65,0,1,1,0,6,0,0,3,3,0,0,364,24,17,17,3.4,0,1,1,6,3,,,0,-,floor1_town
374,12718,2,Normal,34,4,4,3,1,37,44,0,1,40,0,1,2,0,5,3,0,1,3,0,0,308,29,15,10,3.333,0,1,1,7,2,,,2,Rat|Rat,companion_join:Rat;companion_join:Rat; +1 levelup; flee×1
374,12718,3,Normal,28,4,4,3,0,44,0,1,1,72,0,2,2,2,4,6,0,0,0,4,0,511,65,15,11,3.667,1,0,0,8,4,RH=Crude Sword|LH=Crude Sword|BD=Crude Armour|A1=Crude Bracelet|A2=Crude Bracelet,Swords_T1_03=4,0,Rat|Rat,party wiped
375,12719,1,Normal,35,1,1,1,0,37,37,0,0,15,0,1,1,0,1,0,1,3,3,0,0,84,0,4,4,4,0,1,1,2,3,,,0,-,floor1_town
375,12719,2,Normal,26,5,5,5,0,37,24,0,0,70,0,1,1,0,6,3,3,0,0,0,0,392,21,17,17,3.4,0,1,1,3,3,,,2,Rat|Rat,companion_join:Rat;companion_join:Rat
375,12719,3,Normal,1,1,1,0,0,24,0,0,0,0,0,1,1,1,3,3,3,0,0,0,0,160,37,5,0,0,1,0,0,9,3,RH=Crude Sword|LH=Crude Sword|BD=Crude Armour|A1=Crude Bracelet|A2=Crude Bracelet,,0,Rat|Rat,party wiped
376,12720,1,Normal,33,4,4,4,0,37,37,0,0,45,0,1,1,0,5,0,0,3,3,0,0,252,8,12,12,3,0,1,1,5,1,,,2,Rat|Rat,floor1_town;companion_join:Rat;companion_join:Rat
376,12720,2,Normal,40,4,4,4,0,37,37,0,0,40,0,1,1,0,2,0,2,2,3,0,0,224,16,9,9,2.25,0,1,1,7,2,,,0,Rat|Rat,
376,12720,3,Normal,39,3,3,3,0,37,45,0,3,48,0,1,2,0,4,1,4,0,2,1,0,240,-1,7,7,2.333,0,1,1,19,2,,Swords_T1_03=1,1,Rat|Rat|Goblin,companion_join:Goblin; +1 levelup
376,12720,4,Normal,38,5,5,5,0,45,29,3,3,60,0,2,2,2,0,2,2,0,0,3,0,336,13,15,15,3,0,1,1,19,4,,Swords_T1_03=3,2,Rat|Rat|Goblin|Rat|Rat,companion_join:Rat;companion_join:Rat
376,12720,5,Normal,30,3,3,3,0,29,45,3,3,35,0,2,2,0,3,1,2,0,2,1,0,196,-1,8,8,2.667,0,1,1,20,2,,Swords_T1_03=1,3,Rat|Rat|Goblin|Rat|Rat|Rat|Rat|Rat,companion_join:Rat;companion_join:Rat;companion_join:Rat
376,12720,6,Normal,35,3,3,3,0,45,45,3,3,45,0,2,2,2,0,2,0,0,0,2,0,252,-2,12,12,4,0,1,1,20,3,,Swords_T1_03=2,1,Rat|Rat|Goblin|Rat|Rat|Rat|Rat|Rat|Rat,companion_join:Rat
376,12720,7,Normal,40,4,4,4,0,45,21,3,5,60,0,2,3,0,3,3,0,0,0,3,0,336,45,21,21,5.25,0,1,1,21,2,,Swords_T1_03=2|Swords_T1_04=1,2,Rat|Rat|Goblin|Rat|Rat|Rat|Rat|Rat|Rat|Rat|Rat,companion_join:Rat;companion_join:Rat; +1 levelup
376,12720,8,Normal,32,3,3,1,1,21,0,5,5,60,0,3,3,0,9,5,0,0,2,7,0,283,99,10,4,4,1,0,0,39,1,RH=Crude Sword|LH=Crude Sword|BD=Crude Armour|A1=Crude Bracelet|A2=Crude Bracelet,Swords_T1_03=3|Swords_T1_04=4,0,Rat|Rat|Goblin|Rat|Rat|Rat|Rat|Rat|Rat|Rat|Rat,party wiped; flee×1
377,12721,1,Normal,31,4,4,4,0,37,37,0,0,50,0,1,1,0,7,1,1,3,3,0,0,280,16,15,15,3.75,0,1,1,5,4,,,0,-,floor1_town
377,12721,2,Normal,27,4,4,4,0,37,37,0,0,45,0,1,1,0,5,0,1,1,3,0,0,252,8,10,10,2.5,0,1,1,6,1,,,3,Rat|Rat|Rat,companion_join:Rat;companion_join:Rat;companion_join:Rat
377,12721,3,Normal,9,2,2,1,0,37,0,0,2,24,0,1,2,3,3,3,0,0,0,1,0,240,44,8,4,4,1,0,0,12,4,RH=Crude Sword|LH=Crude Sword|BD=Crude Armour|A1=Crude Bracelet|A2=Crude Bracelet,Swords_T1_03=1,0,Rat|Rat|Rat,party wiped; +1 levelup
378,12722,1,Normal,29,3,3,3,0,37,37,0,0,30,0,1,1,0,3,0,0,3,3,0,0,168,8,7,7,2.333,0,1,1,4,2,,,0,-,floor1_town
378,12722,2,Normal,35,5,5,5,0,37,37,0,0,55,0,1,1,0,3,3,2,0,0,0,0,308,8,13,13,2.6,0,1,1,5,3,,,0,-,
378,12722,3,Normal,18,2,2,0,1,37,0,0,0,0,0,1,1,3,6,6,0,0,0,0,0,211,65,7,0,0,1,0,0,17,4,RH=Crude Sword|LH=Crude Sword|BD=Crude Armour|A1=Crude Bracelet|A2=Crude Bracelet,,0,-,party wiped; flee×1
379,12723,1,Normal,27,2,2,2,0,37,37,0,0,15,0,1,1,1,0,0,0,3,3,0,0,84,0,4,4,2,0,1,1,3,2,,,0,-,floor1_town
379,12723,2,Normal,30,4,4,4,0,37,37,0,0,70,0,1,1,0,10,5,2,1,3,0,0,392,30,23,23,5.75,0,1,1,6,3,,,1,Rat,companion_join:Rat
379,12723,3,Normal,32,2,2,2,0,37,45,0,3,48,0,1,2,2,4,3,1,0,0,0,0,240,14,10,10,5,0,1,1,18,3,,,0,Rat,+1 levelup
379,12723,4,Normal,6,2,2,1,0,45,0,3,3,15,0,2,2,1,0,0,0,0,0,2,0,112,43,6,4,4,1,0,0,18,4,RH=Crude Sword|LH=Crude Sword|BD=Crude Armour|A1=Crude Bracelet|A2=Crude Bracelet,Swords_T1_03=2,1,Rat|Rat,companion_join:Rat; party wiped
380,12724,1,Normal,25,1,1,1,0,37,37,0,0,10,0,1,1,0,0,0,2,3,3,0,0,56,8,2,2,2,0,1,1,2,2,,,0,-,floor1_town
380,12724,2,Normal,35,5,5,5,0,37,37,0,0,65,0,1,1,0,5,0,2,1,3,0,0,364,32,15,15,3,0,1,1,6,3,,,0,-,
380,12724,3,Normal,25,1,1,0,0,37,0,0,0,0,0,1,1,1,3,3,3,0,0,0,0,148,37,5,0,0,1,0,0,12,3,RH=Crude Sword|LH=Crude Sword|BD=Crude Armour|A1=Crude Bracelet|A2=Crude Bracelet,,0,-,party wiped
381,12725,1,Normal,39,5,5,5,0,37,37,0,0,70,0,1,1,0,8,6,1,3,3,0,0,392,16,23,23,4.6,0,1,1,6,4,,,2,Rat|Rat,floor1_town;companion_join:Rat;companion_join:Rat
381,12725,2,Normal,28,2,2,2,0,37,44,0,2,30,0,1,2,0,3,0,1,0,3,0,0,168,8,8,8,4,0,1,1,6,3,,,2,Rat|Rat|Rat|Rat,companion_join:Rat;companion_join:Rat; +1 levelup
381,12725,3,Normal,28,2,2,2,0,44,44,2,2,36,0,2,2,0,0,2,1,0,1,2,0,180,-2,4,4,2,0,1,1,6,2,,Swords_T1_03=2,1,Rat|Rat|Rat|Rat|Goblin,companion_join:Goblin
381,12725,4,Normal,39,2,2,1,1,44,7,2,2,20,0,2,2,1,0,1,0,0,0,1,0,140,36,5,4,4,0,1,1,6,4,,Swords_T1_03=1,0,Rat|Rat|Rat|Rat|Goblin,flee×1
381,12725,5,Normal,33,4,4,4,0,7,35,2,2,55,0,2,2,0,3,3,0,0,0,3,0,308,6,12,12,3,0,1,1,7,2,,Swords_T1_03=3,2,Rat|Rat|Rat|Rat|Goblin|Rat|Rat,companion_join:Rat;companion_join:Rat
381,12725,6,Normal,38,6,6,6,0,35,44,2,2,60,0,2,2,0,3,1,0,0,2,4,0,336,14,14,14,2.333,0,1,1,8,1,,Swords_T1_03=4,3,Rat|Rat|Rat|Rat|Goblin|Rat|Rat|Rat|Rat|Rat,companion_join:Rat;companion_join:Rat;companion_join:Rat
381,12725,7,Normal,36,5,5,5,0,44,51,2,4,35,0,2,3,0,0,1,0,0,1,2,0,196,-1,7,7,1.4,0,1,1,8,3,,Swords_T1_03=2,2,Rat|Rat|Rat|Rat|Goblin|Rat|Rat|Rat|Rat|Rat|Rat|Rat,companion_join:Rat;companion_join:Rat; +1 levelup
381,12725,8,Normal,3,1,1,0,0,51,0,4,4,0,0,3,3,0,3,1,0,0,2,3,0,104,51,6,0,0,1,0,0,14,1,RH=Crude Sword|LH=Crude Sword|BD=Crude Armour|A1=Crude Bracelet|A2=Crude Bracelet,Swords_T1_04=3,0,Rat|Rat|Rat|Rat|Goblin|Rat|Rat|Rat|Rat|Rat|Rat|Rat,party wiped
382,12726,1,Normal,37,3,3,3,0,37,37,0,0,35,0,1,1,0,3,2,2,3,3,0,0,196,8,10,10,3.333,0,1,1,4,1,,,1,Rat,floor1_town;companion_join:Rat
382,12726,2,Normal,29,1,1,1,0,37,37,0,0,5,0,1,1,0,0,0,2,3,3,0,0,28,0,1,1,1,0,1,1,4,1,,,0,Rat,
382,12726,3,Normal,25,4,4,4,0,37,44,0,2,84,0,1,2,2,7,4,2,0,2,1,0,420,0,16,16,4,0,1,1,22,2,,Swords_T1_03=1,1,Rat|Goblin,companion_join:Goblin; +1 levelup
382,12726,4,Normal,27,3,3,3,0,44,44,2,2,45,0,2,2,0,1,2,2,2,3,1,0,252,23,10,10,3.333,0,1,1,23,3,,Swords_T1_03=1,2,Rat|Goblin|Rat|Rat,companion_join:Rat;companion_join:Rat
382,12726,5,Normal,36,3,3,3,0,44,44,2,2,35,0,2,2,0,3,0,2,2,3,0,0,196,13,9,9,3,0,1,1,24,2,,,2,Rat|Goblin|Rat|Rat|Rat|Rat,companion_join:Rat;companion_join:Rat
382,12726,6,Normal,40,3,3,3,0,44,36,2,2,40,0,2,2,1,4,3,1,1,3,3,0,224,21,15,15,5,0,1,1,25,2,,Swords_T1_03=3,2,Rat|Goblin|Rat|Rat|Rat|Rat|Rat|Rat,companion_join:Rat;companion_join:Rat
382,12726,7,Normal,28,1,1,1,0,36,31,2,2,15,0,2,2,0,1,0,1,0,3,1,0,84,4,3,3,3,0,1,1,25,3,,Swords_T1_03=1,1,Rat|Goblin|Rat|Rat|Rat|Rat|Rat|Rat|Rat,companion_join:Rat
382,12726,8,Normal,5,1,1,0,0,31,0,2,2,0,0,2,2,0,1,0,1,2,3,1,0,48,43,1,0,0,1,0,0,31,4,RH=Crude Sword|LH=Crude Sword|BD=Crude Armour|A1=Crude Bracelet|A2=Crude Bracelet,Swords_T1_03=1,0,Rat|Goblin|Rat|Rat|Rat|Rat|Rat|Rat|Rat,party wiped
383,12727,1,Normal,35,3,3,3,0,37,37,0,0,50,0,1,1,0,9,3,0,3,3,0,0,280,0,16,16,5.333,0,1,1,4,4,,,0,-,floor1_town
383,12727,2,Normal,35,3,3,3,0,37,19,0,0,45,0,1,1,2,5,3,0,0,0,0,0,252,24,16,16,5.333,0,1,1,5,3,,,0,-,
383,12727,3,Normal,21,3,3,2,0,19,0,0,2,48,0,1,2,0,3,3,0,0,0,1,0,314,44,9,7,3.5,1,0,0,11,4,RH=Crude Sword|LH=Crude Sword|BD=Crude Armour|A1=Crude Bracelet|A2=Crude Bracelet,Swords_T1_03=1,1,Goblin,companion_join:Goblin; party wiped; +1 levelup
384,12728,1,Normal,33,2,2,2,0,37,37,0,0,10,0,1,1,0,0,0,2,3,3,0,0,56,0,2,2,1,0,1,1,3,1,,,1,Rat,floor1_town;companion_join:Rat
384,12728,2,Normal,29,4,4,4,0,37,31,0,0,60,0,1,1,0,6,6,3,0,0,0,0,336,14,18,18,4.5,0,1,1,4,3,,,1,Rat|Rat,companion_join:Rat
384,12728,3,Normal,25,2,2,1,0,31,0,0,0,12,0,1,1,1,4,3,4,0,0,0,0,166,37,5,2,2,1,0,0,16,4,RH=Crude Sword|LH=Crude Sword|BD=Crude Armour|A1=Crude Bracelet|A2=Crude Bracelet,,1,Rat|Rat|Goblin,companion_join:Goblin; party wiped
385,12729,1,Normal,31,3,3,3,0,37,37,0,0,35,0,1,1,0,4,3,0,3,3,0,0,196,0,10,10,3.333,0,1,1,4,4,,,2,Rat|Rat,floor1_town;companion_join:Rat;companion_join:Rat
385,12729,2,Normal,25,4,4,4,0,37,16,0,0,50,0,1,1,0,3,3,0,0,0,0,0,280,27,15,15,3.75,0,1,1,5,4,,,0,Rat|Rat,
385,12729,3,Normal,29,3,3,2,0,16,0,0,2,48,0,1,2,2,3,3,0,0,0,1,0,327,58,10,8,4,1,0,0,11,3,RH=Crude Sword|LH=Crude Sword|BD=Crude Armour|A1=Crude Bracelet|A2=Crude Bracelet,Swords_T1_03=1,0,Rat|Rat,party wiped; +1 levelup
386,12730,1,Normal,29,4,4,4,0,37,37,0,0,45,0,1,1,0,5,0,1,3,3,0,0,252,8,10,10,2.5,0,1,1,5,1,,,1,Rat,floor1_town;companion_join:Rat
386,12730,2,Normal,37,2,2,2,0,37,29,0,0,15,0,1,1,0,0,0,3,3,3,0,0,84,8,3,3,1.5,0,1,1,5,2,,,0,Rat,
386,12730,3,Normal,22,2,2,1,0,29,0,0,0,24,0,1,1,4,6,6,0,0,0,0,0,243,48,12,7,7,1,0,0,17,4,RH=Crude Sword|LH=Crude Sword|BD=Crude Armour|A1=Crude Bracelet|A2=Crude Bracelet,,1,Rat|Goblin,companion_join:Goblin; party wiped
387,12731,1,Normal,27,2,2,2,0,37,37,0,0,15,0,1,1,0,1,0,0,3,3,0,0,84,8,4,4,2,0,1,1,3,2,,,0,-,floor1_town
387,12731,2,Normal,25,2,2,2,0,37,37,0,0,25,0,1,1,0,2,0,0,2,3,0,0,140,8,7,7,3.5,0,1,1,4,2,,,0,-,
387,12731,3,Normal,25,2,2,2,0,37,37,0,0,24,0,1,1,0,1,0,0,2,3,0,0,120,0,4,4,2,0,1,1,16,1,,,1,Goblin,companion_join:Goblin
387,12731,4,Normal,33,3,3,3,0,37,44,0,2,45,0,1,2,0,2,3,0,0,0,0,0,252,29,11,11,3.667,0,1,1,16,4,,,0,Goblin,+1 levelup
387,12731,5,Normal,32,6,6,6,0,44,44,2,2,60,0,2,2,0,3,2,0,0,1,4,0,336,28,13,13,2.167,0,1,1,17,4,,Swords_T1_03=4,2,Goblin|Rat|Rat,companion_join:Rat;companion_join:Rat
387,12731,6,Normal,32,3,3,3,0,44,35,2,2,35,0,2,2,0,2,0,0,1,3,2,0,196,20,9,9,3,0,1,1,18,2,,Swords_T1_03=2,1,Goblin|Rat|Rat|Rat,companion_join:Rat
387,12731,7,Normal,36,6,6,6,0,35,35,2,2,55,0,2,2,0,1,2,0,0,1,4,0,308,-4,14,14,2.333,0,1,1,18,2,,Swords_T1_03=4,1,Goblin|Rat|Rat|Rat|Rat,companion_join:Rat
387,12731,8,Normal,4,1,1,0,0,35,0,2,2,0,0,2,2,0,2,0,0,1,3,0,0,28,44,1,0,0,1,0,0,24,3,RH=Crude Sword|LH=Crude Sword|BD=Crude Armour|A1=Crude Bracelet|A2=Crude Bracelet,,0,Goblin|Rat|Rat|Rat|Rat,party wiped
388,12732,1,Normal,25,2,2,2,0,37,37,0,0,20,0,1,1,0,3,1,1,3,3,0,0,112,0,5,5,2.5,0,1,1,3,3,,,0,-,floor1_town
388,12732,2,Normal,37,4,4,4,0,37,37,0,0,45,0,1,1,1,3,1,1,0,2,0,0,252,8,13,13,3.25,0,1,1,4,3,,,2,Rat|Rat,companion_join:Rat;companion_join:Rat
388,12732,3,Normal,1,1,1,0,0,37,0,0,0,0,0,1,1,1,3,3,0,0,0,0,0,95,37,4,0,0,1,0,0,10,4,RH=Crude Sword|LH=Crude Sword|BD=Crude Armour|A1=Crude Bracelet|A2=Crude Bracelet,,0,Rat|Rat,party wiped
389,12733,1,Normal,39,3,3,3,0,37,37,0,0,20,0,1,1,0,0,0,2,3,3,0,0,112,8,4,4,1.333,0,1,1,4,1,,,0,-,floor1_town
389,12733,2,Normal,28,3,3,3,0,37,37,0,0,25,0,1,1,0,1,0,4,2,3,0,0,140,8,6,6,2,0,1,1,5,1,,,0,-,
389,12733,3,Normal,38,3,3,2,1,37,37,0,0,24,0,1,1,4,4,3,0,2,3,0,0,300,28,10,4,2,0,1,1,23,1,,,1,Goblin,companion_join:Goblin; flee×1
389,12733,4,Normal,25,2,2,2,0,37,37,0,0,25,0,1,1,0,3,0,0,0,3,0,0,140,8,6,6,3,0,1,1,24,3,,,1,Goblin|Rat,companion_join:Rat
389,12733,5,Normal,21,2,2,1,0,37,0,0,2,20,0,1,2,0,0,3,0,0,0,1,0,195,59,10,6,6,1,0,0,24,3,RH=Crude Sword|LH=Crude Sword|BD=Crude Armour|A1=Crude Bracelet|A2=Crude Bracelet,Swords_T1_03=1,1,Goblin|Rat|Rat,companion_join:Rat; party wiped; +1 levelup
390,12734,1,Normal,37,5,5,5,0,37,37,0,0,65,0,1,1,0,10,1,1,3,3,0,0,364,14,22,22,4.4,0,1,1,6,3,,,2,Rat|Rat,floor1_town;companion_join:Rat;companion_join:Rat
390,12734,2,Normal,31,4,4,4,0,37,45,0,2,50,0,1,2,0,6,1,1,0,2,0,0,280,8,13,13,3.25,0,1,1,7,4,,,3,Rat|Rat|Rat|Rat|Rat,companion_join:Rat;companion_join:Rat;companion_join:Rat; +1 levelup
390,12734,3,Normal,32,4,4,3,0,45,0,2,2,96,0,2,2,3,6,8,0,0,0,4,0,656,100,21,15,5,1,0,0,9,4,RH=Crude Sword|LH=Crude Sword|BD=Crude Armour|A1=Crude Bracelet|A2=Crude Bracelet,Swords_T1_03=4,2,Rat|Rat|Rat|Rat|Rat|Goblin|Goblin,companion_join:Goblin;companion_join:Goblin; party wiped
391,12735,1,Normal,35,1,1,1,0,37,37,0,0,10,0,1,1,0,0,0,2,3,3,0,0,56,8,2,2,2,0,1,1,2,2,,,0,-,floor1_town
391,12735,2,Normal,37,5,5,5,0,37,29,0,0,85,0,1,1,0,12,6,2,0,3,0,0,476,32,28,28,5.6,0,1,1,5,3,,,2,Rat|Rat,companion_join:Rat;companion_join:Rat
391,12735,3,Normal,24,3,3,2,0,29,0,0,2,60,0,1,2,3,6,6,0,0,0,2,0,440,88,15,11,5.5,1,0,0,12,4,RH=Crude Sword|LH=Crude Sword|BD=Crude Armour|A1=Crude Bracelet|A2=Crude Bracelet,Swords_T1_03=2,0,Rat|Rat,party wiped; +1 levelup
392,12736,1,Normal,33,2,2,2,0,37,37,0,0,35,0,1,1,0,5,1,0,3,3,0,0,196,0,8,8,4,0,1,1,3,3,,,1,Rat,floor1_town;companion_join:Rat
392,12736,2,Normal,29,3,3,3,0,37,37,0,0,30,0,1,1,0,3,0,0,0,3,0,0,168,0,7,7,2.333,0,1,1,3,2,,,0,Rat,
392,12736,3,Normal,38,4,4,4,0,37,46,0,2,60,0,1,2,0,5,3,1,2,3,0,0,300,14,11,11,2.75,0,1,1,16,1,,,1,Rat|Goblin,companion_join:Goblin; +1 levelup
392,12736,4,Normal,25,3,3,3,0,46,21,2,2,40,0,2,2,0,2,3,1,0,0,2,0,224,23,10,10,3.333,0,1,1,16,4,,Swords_T1_03=2,2,Rat|Goblin|Rat|Rat,companion_join:Rat;companion_join:Rat
392,12736,5,Normal,28,2,2,2,0,21,45,2,2,20,0,2,2,0,1,0,1,2,3,2,0,112,-1,6,6,3,0,1,1,17,2,,Swords_T1_03=2,1,Rat|Goblin|Rat|Rat|Rat,companion_join:Rat
392,12736,6,Normal,40,3,3,3,0,45,46,2,2,25,0,2,2,0,1,0,1,1,3,2,0,140,-3,6,6,2,0,1,1,17,2,,Swords_T1_03=2,1,Rat|Goblin|Rat|Rat|Rat|Rat,companion_join:Rat
392,12736,7,Normal,35,3,3,3,0,46,45,2,2,30,0,2,2,0,1,3,1,0,0,3,0,168,-2,8,8,2.667,0,1,1,17,1,,Swords_T1_03=3,1,Rat|Goblin|Rat|Rat|Rat|Rat|Rat,companion_join:Rat
392,12736,8,Normal,9,1,1,0,0,45,0,2,2,0,0,2,2,0,3,0,1,0,3,0,0,42,46,2,0,0,1,0,0,23,2,RH=Crude Sword|LH=Crude Sword|BD=Crude Armour|A1=Crude Bracelet|A2=Crude Bracelet,,0,Rat|Goblin|Rat|Rat|Rat|Rat|Rat,party wiped
393,12737,1,Normal,31,3,3,3,0,37,37,0,0,25,0,1,1,0,3,0,2,3,3,0,0,140,0,7,7,2.333,0,1,1,4,1,,,2,Rat|Rat,floor1_town;companion_join:Rat;companion_join:Rat
393,12737,2,Normal,39,3,3,3,0,37,37,0,0,30,0,1,1,0,3,1,3,0,2,0,0,168,0,8,8,2.667,0,1,1,4,1,,,1,Rat|Rat|Rat,companion_join:Rat
393,12737,3,Normal,7,1,1,0,0,37,0,0,0,0,0,1,1,3,3,3,0,0,0,0,0,186,37,5,0,0,1,0,0,10,4,RH=Crude Sword|LH=Crude Sword|BD=Crude Armour|A1=Crude Bracelet|A2=Crude Bracelet,,0,Rat|Rat|Rat,party wiped
394,12738,1,Normal,29,3,3,3,0,37,37,0,0,40,0,1,1,0,6,4,0,3,3,0,0,224,32,14,14,4.667,0,1,1,4,4,,,1,Rat,floor1_town;companion_join:Rat
394,12738,2,Normal,38,4,4,4,0,37,43,0,2,65,0,1,2,1,6,4,0,0,2,1,0,364,43,19,19,4.75,0,1,1,5,1,,Swords_T1_03=1,0,Rat,+1 levelup
394,12738,3,Normal,2,1,1,0,0,43,0,2,2,0,0,2,2,2,0,2,0,0,0,0,0,116,43,4,0,0,1,0,0,5,4,RH=Crude Sword|LH=Crude Sword|BD=Crude Armour|A1=Crude Bracelet|A2=Crude Bracelet,,0,Rat,party wiped
395,12739,1,Normal,27,2,2,2,0,37,37,0,0,40,0,1,1,0,6,3,2,3,3,0,0,224,0,11,11,5.5,0,1,1,3,4,,,1,Rat,floor1_town;companion_join:Rat
395,12739,2,Normal,32,2,2,2,0,37,29,0,0,35,0,1,1,0,5,0,3,0,3,0,0,196,16,10,10,5,0,1,1,4,4,,,0,Rat,
395,12739,3,Normal,26,1,1,0,0,29,0,0,0,0,0,1,1,0,3,3,4,0,0,0,0,98,37,4,0,0,1,0,0,10,3,RH=Crude Sword|LH=Crude Sword|BD=Crude Armour|A1=Crude Bracelet|A2=Crude Bracelet,,0,Rat,party wiped
396,12740,1,Normal,25,2,2,2,0,37,37,0,0,35,0,1,1,0,6,3,0,3,3,0,0,196,8,10,10,5,0,1,1,3,3,,,0,-,floor1_town
396,12740,2,Normal,31,3,3,3,0,37,29,0,0,55,0,1,1,0,6,5,0,0,1,0,0,308,34,18,18,6,0,1,1,4,4,,,0,-,
396,12740,3,Normal,27,4,4,3,1,29,45,0,2,84,0,1,2,1,9,8,0,0,1,3,0,517,68,19,16,5.333,0,1,1,12,2,,Swords_T1_03=3,0,-,+1 levelup; flee×1
396,12740,4,Normal,33,5,5,5,0,45,44,2,2,60,0,2,2,0,5,2,0,0,2,4,0,336,36,16,16,3.2,0,1,1,14,1,,Swords_T1_03=4,1,Rat,companion_join:Rat
396,12740,5,Normal,28,1,1,1,0,44,35,2,2,10,0,2,2,0,0,0,0,0,2,1,0,56,8,2,2,2,0,1,1,14,2,,Swords_T1_03=1,0,Rat,
396,12740,6,Normal,21,4,4,3,0,35,0,2,2,35,0,2,2,0,0,2,0,0,0,1,0,252,34,9,7,2.333,1,0,0,14,4,RH=Crude Sword|LH=Crude Sword|BD=Crude Armour|A1=Crude Bracelet|A2=Crude Bracelet,Swords_T1_03=1,0,Rat,party wiped
397,12741,1,Normal,39,6,6,6,0,37,37,0,0,70,0,1,1,0,5,0,1,3,3,0,0,392,24,17,17,2.833,0,1,1,7,2,,,2,Rat|Rat,floor1_town;companion_join:Rat;companion_join:Rat
397,12741,2,Normal,36,2,2,2,0,37,44,0,3,30,0,1,2,0,3,2,1,0,1,0,0,168,0,8,8,4,0,1,1,7,3,,,0,Rat|Rat,+1 levelup
397,12741,3,Normal,28,5,5,4,0,44,0,3,3,72,0,2,2,2,3,4,0,0,0,3,0,446,77,14,12,3,1,0,0,8,4,RH=Crude Sword|LH=Crude Sword|BD=Crude Armour|A1=Crude Bracelet|A2=Crude Bracelet,Swords_T1_03=3,0,Rat|Rat,party wiped
398,12742,1,Normal,37,3,3,3,0,37,37,0,0,55,0,1,1,0,7,3,0,3,3,0,0,308,0,16,16,5.333,0,1,1,4,4,,,1,Rat,floor1_town;companion_join:Rat
398,12742,2,Normal,29,3,3,3,0,37,29,0,0,35,0,1,1,0,3,0,1,0,3,0,0,196,16,8,8,2.667,0,1,1,5,2,,,0,Rat,
398,12742,3,Normal,30,2,2,2,0,29,45,0,2,48,0,1,2,2,3,3,0,0,0,1,0,240,0,7,7,3.5,0,1,1,11,1,,Swords_T1_03=1,0,Rat,+1 levelup
398,12742,4,Normal,35,4,4,3,1,45,9,2,2,45,0,2,2,0,3,3,0,0,0,3,0,308,69,16,14,4.667,0,1,1,12,4,,Swords_T1_03=3,0,Rat,flee×1
398,12742,5,Normal,38,5,5,5,0,9,33,2,2,40,0,2,2,0,1,0,0,2,3,2,0,224,11,9,9,1.8,0,1,1,13,2,,Swords_T1_03=2,1,Rat|Rat,companion_join:Rat
398,12742,6,Normal,25,2,2,2,0,33,22,2,2,35,0,2,2,0,2,3,0,0,0,1,0,196,24,9,9,4.5,0,1,1,13,3,,Swords_T1_03=1,1,Rat|Rat|Rat,companion_join:Rat
398,12742,7,Normal,17,4,4,3,0,22,0,2,5,50,0,2,3,0,3,3,0,0,0,3,0,308,85,16,14,4.667,1,0,0,14,4,RH=Crude Sword|LH=Crude Sword|BD=Crude Armour|A1=Crude Bracelet|A2=Crude Bracelet,Swords_T1_03=2|Swords_T1_04=1,2,Rat|Rat|Rat|Rat|Rat,companion_join:Rat;companion_join:Rat; party wiped; +1 levelup
399,12743,1,Normal,35,6,6,6,0,37,45,0,1,100,0,1,2,0,13,5,1,3,3,0,0,560,48,29,29,4.833,0,1,1,7,3,,,3,Rat|Rat|Rat,floor1_town;companion_join:Rat;companion_join:Rat;companion_join:Rat; +1 levelup
399,12743,2,Normal,25,2,2,2,0,45,36,1,1,30,0,2,2,0,3,0,3,3,3,1,0,168,21,7,7,3.5,0,1,1,8,2,,Swords_T1_03=1,1,Rat|Rat|Rat|Rat,companion_join:Rat
399,12743,3,Normal,32,3,3,3,0,36,44,1,1,84,0,2,2,4,3,3,0,0,0,2,0,420,-1,13,13,4.333,0,1,1,9,2,,Swords_T1_03=2,0,Rat|Rat|Rat|Rat,
399,12743,4,Normal,39,3,3,2,1,44,9,1,1,10,0,2,2,0,0,0,0,0,0,1,0,112,34,4,2,1,0,1,1,9,3,,Swords_T1_03=1,0,Rat|Rat|Rat|Rat,flee×1
399,12743,5,Normal,28,4,4,4,0,9,23,1,1,50,0,2,2,0,4,3,0,0,0,1,0,280,34,14,14,3.5,0,1,1,11,4,,Swords_T1_03=1,2,Rat|Rat|Rat|Rat|Rat|Rat,companion_join:Rat;companion_join:Rat
399,12743,6,Normal,28,4,4,4,0,23,51,1,2,50,0,2,3,0,3,3,0,0,0,2,0,280,25,13,13,3.25,0,1,1,12,1,,Swords_T1_03=2,1,Rat|Rat|Rat|Rat|Rat|Rat|Rat,companion_join:Rat; +1 levelup
399,12743,7,Normal,27,4,4,4,0,51,53,2,2,40,0,3,3,0,2,0,0,1,3,2,0,224,38,11,11,2.75,0,1,1,13,1,,Swords_T1_03=2,1,Rat|Rat|Rat|Rat|Rat|Rat|Rat|Rat,companion_join:Rat
399,12743,8,Normal,5,1,1,0,0,53,0,2,2,0,0,3,3,0,3,3,0,0,0,1,0,130,53,7,0,0,1,0,0,19,1,RH=Crude Sword|LH=Crude Sword|BD=Crude Armour|A1=Crude Bracelet|A2=Crude Bracelet,Swords_T1_04=1,0,Rat|Rat|Rat|Rat|Rat|Rat|Rat|Rat,party wiped
400,12744,1,Normal,33,4,4,4,0,37,37,0,0,45,0,1,1,0,3,0,2,3,3,0,0,252,8,12,12,3,0,1,1,5,2,,,1,Rat,floor1_town;companion_join:Rat
400,12744,2,Normal,36,4,4,4,0,37,37,0,0,45,0,1,1,0,3,0,2,1,3,0,0,252,8,12,12,3,0,1,1,6,1,,,2,Rat|Rat|Rat,companion_join:Rat;companion_join:Rat
400,12744,3,Normal,14,3,3,2,0,37,0,0,2,48,0,1,2,2,3,3,0,0,0,3,0,382,54,13,8,4,1,0,0,12,3,RH=Crude Sword|LH=Crude Sword|BD=Crude Armour|A1=Crude Bracelet|A2=Crude Bracelet,Swords_T1_03=3,0,Rat|Rat|Rat,party wiped; +1 levelup
401,12745,1,Normal,31,4,4,4,0,37,37,0,0,70,0,1,1,0,9,2,1,3,3,0,0,392,16,18,18,4.5,0,1,1,5,3,,,1,Rat,floor1_town;companion_join:Rat
401,12745,2,Normal,39,6,6,6,0,37,29,0,2,75,0,1,2,0,5,3,2,0,0,3,0,420,35,19,19,3.167,0,1,1,6,3,,Swords_T1_03=3,2,Rat|Rat|Rat,companion_join:Rat;companion_join:Rat; +1 levelup
401,12745,3,Normal,21,3,3,2,0,29,0,2,2,84,0,2,2,4,6,6,0,0,0,2,0,458,66,15,13,6.5,1,0,0,8,3,RH=Crude Sword|LH=Crude Sword|BD=Crude Armour|A1=Crude Bracelet|A2=Crude Bracelet,Swords_T1_03=2,0,Rat|Rat|Rat,party wiped
402,12746,1,Normal,29,1,1,1,0,37,37,0,0,5,0,1,1,0,0,0,2,3,3,0,0,28,0,1,1,1,0,1,1,2,1,,,1,Rat,floor1_town;companion_join:Rat
402,12746,2,Normal,33,5,5,5,0,37,37,0,0,60,0,1,1,0,6,0,2,0,3,0,0,336,16,14,14,2.8,0,1,1,4,4,,,2,Rat|Rat|Rat,companion_join:Rat;companion_join:Rat
402,12746,3,Normal,5,1,1,0,0,37,0,0,0,0,0,1,1,4,3,3,0,0,0,0,0,151,37,6,0,0,1,0,0,10,4,RH=Crude Sword|LH=Crude Sword|BD=Crude Armour|A1=Crude Bracelet|A2=Crude Bracelet,,0,Rat|Rat|Rat,party wiped
403,12747,1,Normal,27,2,2,2,0,37,37,0,0,30,0,1,1,0,6,0,0,3,3,0,0,168,0,9,9,4.5,0,1,1,3,3,,,0,-,floor1_town
403,12747,2,Normal,37,7,7,7,0,37,36,0,1,100,0,1,2,2,6,5,0,0,1,2,0,560,50,30,30,4.286,0,1,1,5,4,,Swords_T1_03=2,0,-,+1 levelup
403,12747,3,Normal,36,2,2,2,0,36,44,1,1,36,0,2,2,0,3,2,0,0,1,1,0,180,-1,6,6,3,0,1,1,6,1,,Swords_T1_03=1,1,Goblin,companion_join:Goblin
403,12747,4,Normal,34,1,1,1,0,44,43,1,1,5,0,2,2,0,0,0,0,0,1,1,0,28,0,1,1,1,0,1,1,6,1,,Swords_T1_03=1,0,Goblin,
403,12747,5,Normal,38,4,4,4,0,43,36,1,1,50,0,2,2,0,3,1,0,0,3,2,0,280,21,12,12,3,0,1,1,7,2,,Swords_T1_03=2,3,Goblin|Rat|Rat|Rat,companion_join:Rat;companion_join:Rat;companion_join:Rat
403,12747,6,Normal,25,2,2,2,0,36,44,1,1,20,0,2,2,0,0,2,0,0,1,1,0,112,-9,5,5,2.5,0,1,1,7,3,,Swords_T1_03=1,0,Goblin|Rat|Rat|Rat,
403,12747,7,Normal,30,2,2,2,0,44,43,1,1,15,0,2,2,0,0,1,0,0,0,2,0,84,13,3,3,1.5,0,1,1,7,1,,Swords_T1_03=2,1,Goblin|Rat|Rat|Rat|Rat,companion_join:Rat
403,12747,8,Normal,2,1,1,0,0,43,0,1,1,0,0,2,2,0,0,0,0,3,3,1,0,63,43,1,0,0,1,0,0,13,4,RH=Crude Sword|LH=Crude Sword|BD=Crude Armour|A1=Crude Bracelet|A2=Crude Bracelet,Swords_T1_03=1,0,Goblin|Rat|Rat|Rat|Rat,party wiped
404,12748,1,Normal,25,3,3,3,0,37,37,0,0,35,0,1,1,0,3,0,2,3,3,0,0,196,8,8,8,2.667,0,1,1,4,4,,,0,-,floor1_town
404,12748,2,Normal,34,4,4,4,0,37,37,0,0,50,0,1,1,0,3,3,4,3,3,0,0,280,16,15,15,3.75,0,1,1,5,1,,,2,Rat|Rat,companion_join:Rat;companion_join:Rat
404,12748,3,Normal,25,2,2,2,0,37,45,0,2,48,0,1,2,2,3,2,2,0,1,1,0,240,-1,10,10,5,0,1,1,11,2,,Swords_T1_03=1,0,Rat|Rat,+1 levelup
404,12748,4,Normal,37,2,2,2,0,45,43,2,2,10,0,2,2,0,0,0,2,0,1,2,0,56,0,2,2,1,0,1,1,11,1,,Swords_T1_03=2,0,Rat|Rat,
404,12748,5,Normal,34,2,2,2,0,43,45,2,2,35,0,2,2,1,3,1,1,0,3,2,0,196,26,9,9,4.5,0,1,1,12,3,,Swords_T1_03=2,0,Rat|Rat,
404,12748,6,Normal,36,4,4,4,0,45,45,2,2,45,0,2,2,1,2,3,0,1,3,2,0,252,11,10,10,2.5,0,1,1,13,3,,Swords_T1_03=2,2,Rat|Rat|Rat|Rat,companion_join:Rat;companion_join:Rat
404,12748,7,Normal,29,4,4,4,0,45,36,2,2,35,0,2,2,0,1,0,0,0,3,1,0,196,8,7,7,1.75,0,1,1,13,1,,Swords_T1_03=1,2,Rat|Rat|Rat|Rat|Rat|Rat,companion_join:Rat;companion_join:Rat
404,12748,8,Normal,9,1,1,0,0,36,0,2,2,0,0,2,2,0,3,3,0,0,0,1,0,102,44,3,0,0,1,0,0,19,3,RH=Crude Sword|LH=Crude Sword|BD=Crude Armour|A1=Crude Bracelet|A2=Crude Bracelet,Swords_T1_03=1,0,Rat|Rat|Rat|Rat|Rat|Rat,party wiped
405,12749,1,Normal,39,3,3,3,0,37,37,0,0,40,0,1,1,0,5,2,0,3,3,0,0,224,8,10,10,3.333,0,1,1,4,4,,,3,Rat|Rat|Rat,floor1_town;companion_join:Rat;companion_join:Rat;companion_join:Rat
405,12749,2,Normal,40,4,4,4,0,37,37,0,0,55,0,1,1,0,6,0,0,0,3,0,0,308,16,14,14,3.5,0,1,1,6,4,,,2,Rat|Rat|Rat|Rat|Rat,companion_join:Rat;companion_join:Rat
405,12749,3,Normal,29,3,3,3,0,37,16,0,1,60,0,1,2,1,3,3,0,0,0,1,0,300,27,11,11,3.667,0,1,1,12,2,,Swords_T1_03=1,0,Rat|Rat|Rat|Rat|Rat,+1 levelup
405,12749,4,Normal,39,4,4,4,0,16,44,1,1,60,0,2,2,0,5,0,0,0,3,2,0,336,24,14,14,3.5,0,1,1,15,3,,Swords_T1_03=2,0,Rat|Rat|Rat|Rat|Rat,
405,12749,5,Normal,26,2,2,2,0,44,34,1,1,30,0,2,2,0,0,2,0,0,1,2,0,168,8,7,7,3.5,0,1,1,15,2,,Swords_T1_03=2,0,Rat|Rat|Rat|Rat|Rat,
405,12749,6,Normal,34,2,2,2,0,34,44,1,1,25,0,2,2,0,1,1,0,2,3,1,0,140,5,6,6,3,0,1,1,16,2,,Swords_T1_03=1,1,Rat|Rat|Rat|Rat|Rat|Rat,companion_join:Rat
405,12749,7,Normal,38,1,1,1,0,44,44,1,1,15,0,2,2,0,1,0,0,1,3,0,0,84,0,4,4,4,0,1,1,16,3,,,0,Rat|Rat|Rat|Rat|Rat|Rat,
405,12749,8,Normal,22,2,2,1,0,44,0,1,3,60,0,2,3,0,6,5,0,0,0,3,0,252,69,7,5,5,1,0,0,28,4,RH=Crude Sword|LH=Crude Sword|BD=Crude Armour|A1=Crude Bracelet|A2=Crude Bracelet,Swords_T1_03=3,0,Rat|Rat|Rat|Rat|Rat|Rat,party wiped; +1 levelup
406,12750,1,Normal,37,5,5,5,0,37,37,0,0,75,0,1,1,0,10,2,1,3,3,0,0,420,8,21,21,4.2,0,1,1,6,3,,,1,Rat,floor1_town;companion_join:Rat
406,12750,2,Normal,40,5,5,5,0,37,36,0,2,65,0,1,2,0,9,3,1,0,2,1,0,364,28,19,19,3.8,0,1,1,8,4,,Swords_T1_03=1,1,Rat|Rat,companion_join:Rat; +1 levelup
406,12750,3,Normal,9,2,2,1,0,36,0,2,2,24,0,2,2,2,3,3,0,0,0,2,0,300,42,8,3,3,1,0,0,9,4,RH=Crude Sword|LH=Crude Sword|BD=Crude Armour|A1=Crude Bracelet|A2=Crude Bracelet,Swords_T1_03=2,0,Rat|Rat,party wiped
407,12751,1,Normal,35,2,2,2,0,37,37,0,0,35,0,1,1,0,5,0,0,3,3,0,0,196,8,10,10,5,0,1,1,3,3,,,0,-,floor1_town
407,12751,2,Normal,36,4,4,4,0,37,45,0,2,65,0,1,2,0,4,3,0,3,3,0,0,364,32,17,17,4.25,0,1,1,5,2,,,1,Rat,companion_join:Rat; +1 levelup
407,12751,3,Normal,2,1,1,0,0,45,0,2,2,0,0,2,2,2,3,3,0,0,0,1,0,120,44,5,0,0,1,0,0,5,4,RH=Crude Sword|LH=Crude Sword|BD=Crude Armour|A1=Crude Bracelet|A2=Crude Bracelet,Swords_T1_03=1,0,Rat,party wiped
408,12752,1,Normal,33,3,3,3,0,37,37,0,0,15,0,1,1,0,0,0,1,3,3,0,0,84,6,4,4,1.333,0,1,1,4,1,,,0,-,floor1_town
408,12752,2,Normal,38,2,2,2,0,37,29,0,0,30,0,1,1,0,3,0,2,0,3,0,0,168,16,7,7,3.5,0,1,1,5,4,,,0,-,
408,12752,3,Normal,6,1,1,0,0,29,0,0,0,0,0,1,1,2,3,3,0,0,0,0,0,148,37,5,0,0,1,0,0,11,4,RH=Crude Sword|LH=Crude Sword|BD=Crude Armour|A1=Crude Bracelet|A2=Crude Bracelet,,0,-,party wiped
409,12753,1,Normal,31,2,2,2,0,37,37,0,0,35,0,1,1,0,4,3,0,3,3,0,0,196,24,10,10,5,0,1,1,3,4,,,0,-,floor1_town
409,12753,2,Normal,26,3,3,3,0,37,37,0,0,30,0,1,1,0,3,0,2,0,3,0,0,168,0,8,8,2.667,0,1,1,3,1,,,0,-,
409,12753,3,Normal,31,3,3,3,0,37,42,0,2,84,0,1,2,3,6,5,1,0,0,1,0,420,1,13,13,4.333,0,1,1,15,2,,Swords_T1_03=1,0,-,+1 levelup
409,12753,4,Normal,34,4,4,4,0,42,44,2,2,45,0,2,2,0,3,0,1,1,3,2,0,252,35,13,13,3.25,0,1,1,17,3,,Swords_T1_03=2,1,Rat,companion_join:Rat
409,12753,5,Normal,29,2,2,2,0,44,43,2,2,30,0,2,2,0,2,3,1,2,3,2,0,168,13,11,11,5.5,0,1,1,18,2,,Swords_T1_03=2,1,Rat|Rat,companion_join:Rat
409,12753,6,Normal,36,3,3,3,0,43,35,2,2,35,0,2,2,0,2,2,1,0,1,3,0,196,5,9,9,3,0,1,1,18,2,,Swords_T1_03=3,1,Rat|Rat|Rat,companion_join:Rat
409,12753,7,Normal,29,2,2,1,1,35,31,2,2,15,0,2,2,1,1,1,0,2,3,2,0,168,36,7,3,3,0,1,1,19,3,,Swords_T1_03=2,1,Rat|Rat|Rat|Rat,companion_join:Rat; flee×1
409,12753,8,Normal,4,1,1,0,0,31,0,2,2,0,0,2,2,0,0,0,0,3,3,1,0,91,43,2,0,0,1,0,0,25,2,RH=Crude Sword|LH=Crude Sword|BD=Crude Armour|A1=Crude Bracelet|A2=Crude Bracelet,Swords_T1_03=1,0,Rat|Rat|Rat|Rat,party wiped
410,12754,1,Normal,29,2,2,2,0,37,37,0,0,20,0,1,1,0,1,0,1,3,3,0,0,112,8,4,4,2,0,1,1,3,2,,,1,Rat,floor1_town;companion_join:Rat
410,12754,2,Normal,32,2,2,2,0,37,29,0,0,25,0,1,1,0,2,0,3,1,3,0,0,140,8,6,6,3,0,1,1,3,2,,,1,Rat|Rat,companion_join:Rat
410,12754,3,Normal,29,7,7,7,0,29,45,0,2,156,0,1,2,2,11,5,2,1,3,3,0,780,13,25,25,3.571,0,1,1,22,1,,Swords_T1_03=3,3,Rat|Rat|Goblin|Goblin|Goblin,companion_join:Goblin;companion_join:Goblin;companion_join:Goblin; +1 levelup
410,12754,4,Normal,36,4,4,4,0,45,31,2,2,45,0,2,2,1,1,3,1,0,0,2,0,252,12,12,12,3,0,1,1,22,3,,Swords_T1_03=2,1,Rat|Rat|Goblin|Goblin|Goblin|Rat,companion_join:Rat
410,12754,5,Normal,30,3,3,3,0,31,45,2,2,40,0,2,2,0,3,1,1,0,2,2,0,224,-2,10,10,3.333,0,1,1,23,3,,Swords_T1_03=2,1,Rat|Rat|Goblin|Goblin|Goblin|Rat|Rat,companion_join:Rat
410,12754,6,Normal,39,6,6,6,0,45,52,2,5,50,0,2,3,0,0,2,1,0,0,1,0,280,21,11,11,1.833,0,1,1,23,1,,Swords_T1_03=1,2,Rat|Rat|Goblin|Goblin|Goblin|Rat|Rat|Rat|Rat,companion_join:Rat;companion_join:Rat; +1 levelup
410,12754,7,Normal,36,4,4,4,0,52,52,5,5,55,0,3,3,0,3,1,1,0,2,4,0,308,40,13,13,3.25,0,1,1,24,2,,Swords_T1_03=2|Swords_T1_04=2,1,Rat|Rat|Goblin|Goblin|Goblin|Rat|Rat|Rat|Rat|Rat,companion_join:Rat
410,12754,8,Normal,5,1,1,0,0,52,0,5,5,0,0,3,3,1,3,3,0,0,0,2,0,36,54,3,0,0,1,0,0,30,3,RH=Crude Sword|LH=Crude Sword|BD=Crude Armour|A1=Crude Bracelet|A2=Crude Bracelet,Swords_T1_04=2,0,Rat|Rat|Goblin|Goblin|Goblin|Rat|Rat|Rat|Rat|Rat,party wiped
411,12755,1,Normal,27,4,4,4,0,37,37,0,0,50,0,1,1,0,3,0,2,3,3,0,0,280,24,11,11,2.75,0,1,1,5,2,,,0,-,floor1_town
411,12755,2,Normal,25,3,3,3,0,37,45,0,2,50,0,1,2,1,4,3,2,2,3,0,0,280,16,16,16,5.333,0,1,1,6,2,,,1,Rat,companion_join:Rat; +1 levelup
411,12755,3,Normal,28,2,2,2,0,45,31,2,2,48,0,2,2,1,2,3,1,0,0,2,0,240,12,8,8,4,0,1,1,6,3,,Swords_T1_03=2,0,Rat,
411,12755,4,Normal,26,4,4,4,0,31,45,2,2,45,0,2,2,0,3,2,1,0,1,0,0,252,13,13,13,3.25,0,1,1,8,1,,,2,Rat|Rat|Rat,companion_join:Rat;companion_join:Rat
411,12755,5,Normal,40,4,4,4,0,45,34,2,2,25,0,2,2,0,0,0,1,0,1,3,0,140,8,5,5,1.25,0,1,1,8,1,,Swords_T1_03=3,1,Rat|Rat|Rat|Rat,companion_join:Rat
411,12755,6,Normal,34,4,4,4,0,34,36,2,2,40,0,2,2,0,1,1,1,2,3,2,0,224,18,10,10,2.5,0,1,1,9,2,,Swords_T1_03=2,0,Rat|Rat|Rat|Rat,
411,12755,7,Normal,37,4,4,4,0,36,53,2,4,45,0,2,3,0,2,3,1,0,0,3,0,252,-12,11,11,2.75,0,1,1,9,3,,Swords_T1_03=3,0,Rat|Rat|Rat|Rat,+1 levelup
411,12755,8,Normal,6,1,1,0,0,53,0,4,4,0,0,3,3,1,3,3,0,0,0,1,0,130,51,3,0,0,1,0,0,15,4,RH=Crude Sword|LH=Crude Sword|BD=Crude Armour|A1=Crude Bracelet|A2=Crude Bracelet,Swords_T1_03=1,0,Rat|Rat|Rat|Rat,party wiped
412,12756,1,Normal,40,3,3,3,0,37,37,0,0,35,0,1,1,0,4,2,1,3,3,0,0,196,14,11,11,3.667,0,1,1,4,4,,,1,Rat,floor1_town;companion_join:Rat
412,12756,2,Normal,40,2,2,2,0,37,37,0,0,25,0,1,1,0,3,2,1,3,3,0,0,140,8,7,7,3.5,0,1,1,5,1,,,2,Rat|Rat|Rat,companion_join:Rat;companion_join:Rat
412,12756,3,Normal,24,2,2,1,0,37,0,0,0,12,0,1,1,2,4,3,1,0,0,0,0,183,37,7,2,2,1,0,0,17,4,RH=Crude Sword|LH=Crude Sword|BD=Crude Armour|A1=Crude Bracelet|A2=Crude Bracelet,,0,Rat|Rat|Rat,party wiped
413,12757,1,Normal,38,4,4,4,0,37,37,0,0,45,0,1,1,0,3,0,2,3,3,0,0,252,16,10,10,2.5,0,1,1,5,2,,,2,Rat|Rat,floor1_town;companion_join:Rat;companion_join:Rat
413,12757,2,Normal,26,4,4,4,0,37,37,0,0,50,0,1,1,0,4,3,3,3,3,0,0,280,14,13,13,3.25,0,1,1,7,1,,,3,Rat|Rat|Rat|Rat|Rat,companion_join:Rat;companion_join:Rat;companion_join:Rat
413,12757,3,Normal,17,3,3,2,0,37,0,0,2,48,0,1,2,3,3,3,0,0,0,2,0,328,42,11,8,4,1,0,0,13,4,RH=Crude Sword|LH=Crude Sword|BD=Crude Armour|A1=Crude Bracelet|A2=Crude Bracelet,Swords_T1_03=2,0,Rat|Rat|Rat|Rat|Rat,party wiped; +1 levelup
414,12758,1,Normal,36,2,2,2,0,37,37,0,0,25,0,1,1,0,0,0,0,3,3,0,0,140,0,6,6,3,0,1,1,3,3,,,0,-,floor1_town
414,12758,2,Normal,27,1,1,1,0,37,37,0,0,20,0,1,1,0,3,2,1,0,1,0,0,112,0,5,5,5,0,1,1,3,4,,,0,-,
414,12758,3,Normal,15,2,2,0,1,37,0,0,0,0,0,1,1,2,6,6,0,0,0,0,0,237,72,8,0,0,1,0,0,15,4,RH=Crude Sword|LH=Crude Sword|BD=Crude Armour|A1=Crude Bracelet|A2=Crude Bracelet,,0,-,party wiped; flee×1
415,12759,1,Normal,34,3,3,3,0,37,37,0,0,35,0,1,1,0,2,0,2,3,3,0,0,196,16,8,8,2.667,0,1,1,4,2,,,0,-,floor1_town
415,12759,2,Normal,35,3,3,3,0,37,29,0,0,55,0,1,1,1,4,3,2,2,3,0,0,308,29,14,14,4.667,0,1,1,5,3,,,1,Rat,companion_join:Rat
415,12759,3,Normal,34,2,2,2,0,29,43,0,3,60,0,1,2,4,3,3,0,0,0,1,0,300,11,14,14,7,0,1,1,11,3,,Swords_T1_03=1,0,Rat,+1 levelup
415,12759,4,Normal,28,1,1,1,0,43,43,3,3,5,0,2,2,0,0,0,0,0,0,0,0,28,0,1,1,1,0,1,1,11,1,,,1,Rat|Rat,companion_join:Rat
415,12759,5,Normal,28,3,3,3,0,43,31,3,3,25,0,2,2,0,0,0,0,3,3,0,0,140,26,5,5,1.667,0,1,1,12,2,,,2,Rat|Rat|Rat|Rat,companion_join:Rat;companion_join:Rat
415,12759,6,Normal,25,2,2,2,0,31,43,3,3,10,0,2,2,0,0,0,0,3,3,1,0,56,0,2,2,1,0,1,1,13,1,,Swords_T1_03=1,1,Rat|Rat|Rat|Rat|Rat,companion_join:Rat
415,12759,7,Normal,32,2,2,2,0,43,36,3,3,25,0,2,2,0,2,0,0,1,3,0,0,140,7,7,7,3.5,0,1,1,13,3,,,0,Rat|Rat|Rat|Rat|Rat,
415,12759,8,Normal,9,1,1,0,0,36,0,3,3,0,0,2,2,0,0,0,0,3,3,1,0,50,43,1,0,0,1,0,0,19,4,RH=Crude Sword|LH=Crude Sword|BD=Crude Armour|A1=Crude Bracelet|A2=Crude Bracelet,Swords_T1_03=1,0,Rat|Rat|Rat|Rat|Rat,party wiped
416,12760,1,Normal,32,2,2,2,0,37,37,0,0,15,0,1,1,0,1,0,0,3,3,0,0,84,6,4,4,2,0,1,1,3,2,,,1,Rat,floor1_town;companion_join:Rat
416,12760,2,Normal,29,4,4,4,0,37,37,0,0,50,0,1,1,0,3,0,0,2,3,0,0,280,18,14,14,3.5,0,1,1,5,2,,,4,Rat|Rat|Rat|Rat|Rat,companion_join:Rat;companion_join:Rat;companion_join:Rat;companion_join:Rat
416,12760,3,Normal,39,5,5,4,1,37,44,0,1,96,0,1,2,2,6,3,0,0,3,4,0,540,43,15,14,3.5,0,1,1,12,1,,Swords_T1_03=4,1,Rat|Rat|Rat|Rat|Rat|Goblin,companion_join:Goblin; +1 levelup; flee×1
416,12760,4,Normal,29,4,4,3,1,44,44,1,1,30,0,2,2,0,0,3,0,3,3,1,0,196,41,7,6,2,0,1,1,13,1,,Swords_T1_03=1,1,Rat|Rat|Rat|Rat|Rat|Goblin|Rat,companion_join:Rat; flee×1
416,12760,5,Normal,33,2,2,2,0,44,45,1,1,30,0,2,2,0,3,0,0,0,3,1,0,168,-2,6,6,3,0,1,1,13,3,,Swords_T1_03=1,1,Rat|Rat|Rat|Rat|Rat|Goblin|Rat|Rat,companion_join:Rat
416,12760,6,Normal,34,3,3,2,1,45,36,1,1,25,0,2,2,0,0,3,0,3,3,2,0,196,44,8,5,2.5,0,1,1,14,2,,Swords_T1_03=2,0,Rat|Rat|Rat|Rat|Rat|Goblin|Rat|Rat,flee×1
416,12760,7,Normal,35,3,3,3,0,36,45,1,1,50,0,2,2,0,6,0,0,0,3,1,0,280,3,10,10,3.333,0,1,1,15,2,,Swords_T1_03=1,2,Rat|Rat|Rat|Rat|Rat|Goblin|Rat|Rat|Rat|Rat,companion_join:Rat;companion_join:Rat
416,12760,8,Normal,25,1,1,0,0,45,0,1,1,0,0,2,2,0,1,0,0,2,3,1,0,84,44,2,0,0,1,0,0,21,1,RH=Crude Sword|LH=Crude Sword|BD=Crude Armour|A1=Crude Bracelet|A2=Crude Bracelet,Swords_T1_03=1,0,Rat|Rat|Rat|Rat|Rat|Goblin|Rat|Rat|Rat|Rat,party wiped
417,12761,1,Normal,30,3,3,3,0,37,37,0,0,25,0,1,1,0,0,0,1,3,3,0,0,140,16,5,5,1.667,0,1,1,4,1,,,1,Rat,floor1_town;companion_join:Rat
417,12761,2,Normal,32,3,3,3,0,37,37,0,0,20,0,1,1,0,0,0,1,3,3,0,0,112,14,5,5,1.667,0,1,1,6,1,,,2,Rat|Rat|Rat,companion_join:Rat;companion_join:Rat
417,12761,3,Normal,6,1,1,0,0,37,0,0,0,0,0,1,1,2,3,3,0,0,0,0,0,116,37,4,0,0,1,0,0,12,4,RH=Crude Sword|LH=Crude Sword|BD=Crude Armour|A1=Crude Bracelet|A2=Crude Bracelet,,0,Rat|Rat|Rat,party wiped
418,12762,1,Normal,28,2,2,2,0,37,37,0,0,20,0,1,1,0,2,0,0,3,3,0,0,112,0,5,5,2.5,0,1,1,3,1,,,0,-,floor1_town
418,12762,2,Normal,34,4,4,4,0,37,37,0,0,35,0,1,1,0,1,0,2,2,3,0,0,196,8,8,8,2,0,1,1,4,1,,,1,Rat,companion_join:Rat
418,12762,3,Normal,21,2,2,1,0,37,0,0,0,36,0,1,1,2,6,6,0,0,0,0,0,268,37,11,7,7,1,0,0,16,3,RH=Crude Sword|LH=Crude Sword|BD=Crude Armour|A1=Crude Bracelet|A2=Crude Bracelet,,0,Rat,party wiped
419,12763,1,Normal,26,3,3,3,0,37,37,0,0,25,0,1,1,0,2,0,1,3,3,0,0,140,0,6,6,2,0,1,1,4,3,,,3,Rat|Rat|Rat,floor1_town;companion_join:Rat;companion_join:Rat;companion_join:Rat
419,12763,2,Normal,33,7,7,7,0,37,37,0,0,55,0,1,1,0,2,0,1,2,3,0,0,308,24,13,13,1.857,0,1,1,7,2,,,1,Rat|Rat|Rat|Rat,companion_join:Rat
419,12763,3,Normal,23,3,3,2,0,37,0,0,2,36,0,1,2,2,3,3,0,0,0,0,0,290,56,12,7,3.5,1,0,0,19,4,RH=Crude Sword|LH=Crude Sword|BD=Crude Armour|A1=Crude Bracelet|A2=Crude Bracelet,,0,Rat|Rat|Rat|Rat,party wiped; +1 levelup
420,12764,1,Normal,40,5,5,5,0,37,37,0,0,60,0,1,1,0,8,0,2,3,3,0,0,336,0,16,16,3.2,0,1,1,6,3,,,2,Rat|Rat,floor1_town;companion_join:Rat;companion_join:Rat
420,12764,2,Normal,35,6,6,6,0,37,44,0,2,80,0,1,2,0,9,4,4,0,2,2,0,448,27,20,20,3.333,0,1,1,8,4,,Swords_T1_03=2,3,Rat|Rat|Rat|Rat|Rat,companion_join:Rat;companion_join:Rat;companion_join:Rat; +1 levelup
420,12764,3,Normal,30,3,3,3,0,44,29,2,2,120,0,2,2,6,6,8,0,0,0,3,0,600,36,19,19,6.333,0,1,1,10,3,,Swords_T1_03=3,1,Rat|Rat|Rat|Rat|Rat|Goblin,companion_join:Goblin
420,12764,4,Normal,28,4,4,4,0,29,40,2,4,60,0,2,3,0,3,3,0,0,0,3,0,336,47,16,16,4,0,1,1,11,2,,Swords_T1_03=3,1,Rat|Rat|Rat|Rat|Rat|Goblin|Rat,companion_join:Rat; +1 levelup
420,12764,5,Normal,26,4,4,3,1,40,43,4,4,30,0,3,3,0,2,0,0,1,3,2,0,224,32,8,6,2,0,1,1,12,1,,Swords_T1_03=2,1,Rat|Rat|Rat|Rat|Rat|Goblin|Rat|Rat,companion_join:Rat; flee×1
420,12764,6,Normal,31,5,5,4,1,43,12,4,4,40,0,3,3,0,1,3,0,0,0,3,0,252,27,11,9,2.25,0,1,1,12,2,,Swords_T1_03=2|Swords_T1_04=1,3,Rat|Rat|Rat|Rat|Rat|Goblin|Rat|Rat|Rat|Rat|Rat,companion_join:Rat;companion_join:Rat;companion_join:Rat; flee×1
420,12764,7,Normal,30,4,4,4,0,12,40,4,4,55,0,3,3,0,3,3,0,3,3,6,0,308,40,15,15,3.75,0,1,1,14,2,,Swords_T1_03=2|Swords_T1_04=4,0,Rat|Rat|Rat|Rat|Rat|Goblin|Rat|Rat|Rat|Rat|Rat,
420,12764,8,Normal,10,2,2,1,0,40,0,4,4,60,0,3,3,0,6,1,0,0,3,2,0,151,53,7,5,5,1,0,0,26,4,RH=Crude Sword|LH=Crude Sword|BD=Crude Armour|A1=Crude Bracelet|A2=Crude Bracelet,Swords_T1_03=1|Swords_T1_04=1,0,Rat|Rat|Rat|Rat|Rat|Goblin|Rat|Rat|Rat|Rat|Rat,party wiped
421,12765,1,Normal,38,7,7,7,0,37,37,0,0,90,0,1,1,0,10,6,1,3,3,0,0,504,24,25,25,3.571,0,1,1,8,2,,,3,Rat|Rat|Rat,floor1_town;companion_join:Rat;companion_join:Rat;companion_join:Rat
421,12765,2,Normal,39,2,2,2,0,37,44,0,2,35,0,1,2,0,3,3,2,0,0,1,0,196,7,9,9,4.5,0,1,1,8,4,,Swords_T1_03=1,1,Rat|Rat|Rat|Rat,companion_join:Rat; +1 levelup
421,12765,3,Normal,2,1,1,0,0,44,0,2,2,0,0,2,2,2,0,0,0,0,0,0,0,74,44,2,0,0,1,0,0,8,4,RH=Crude Sword|LH=Crude Sword|BD=Crude Armour|A1=Crude Bracelet|A2=Crude Bracelet,,0,Rat|Rat|Rat|Rat,party wiped
422,12766,1,Normal,36,4,4,4,0,37,37,0,0,55,0,1,1,0,8,2,2,3,3,0,0,308,32,15,15,3.75,0,1,1,5,3,,,0,-,floor1_town
422,12766,2,Normal,28,3,3,3,0,37,37,0,0,40,0,1,1,0,5,0,4,3,3,0,0,224,16,10,10,3.333,0,1,1,7,1,,,0,-,
422,12766,3,Normal,29,3,3,3,0,37,31,0,1,60,0,1,2,2,3,3,2,0,0,1,0,300,14,11,11,3.667,0,1,1,13,1,,Swords_T1_03=1,1,Goblin,companion_join:Goblin; +1 levelup
422,12766,4,Normal,26,2,2,2,0,31,38,1,1,25,0,2,2,0,3,2,2,0,1,1,0,140,7,7,7,3.5,0,1,1,14,1,,Swords_T1_03=1,1,Goblin|Rat,companion_join:Rat
422,12766,5,Normal,35,4,4,4,0,38,33,1,1,55,0,2,2,1,3,3,1,0,1,3,0,308,22,16,16,4,0,1,1,15,1,,Swords_T1_03=3,0,Goblin|Rat,
422,12766,6,Normal,34,4,4,4,0,33,27,1,1,55,0,2,2,1,3,4,0,0,0,1,0,308,21,17,17,4.25,0,1,1,16,4,,Swords_T1_03=1,1,Goblin|Rat|Rat,companion_join:Rat
422,12766,7,Normal,27,2,2,2,0,27,55,1,3,15,0,2,3,0,0,0,0,3,3,0,0,84,13,3,3,1.5,0,1,1,17,2,,,1,Goblin|Rat|Rat|Rat,companion_join:Rat; +1 levelup
422,12766,8,Normal,22,2,2,1,0,55,0,3,3,60,0,3,3,0,5,3,0,0,0,2,0,271,53,7,3,3,1,0,0,29,2,RH=Crude Sword|LH=Crude Sword|BD=Crude Armour|A1=Crude Bracelet|A2=Crude Bracelet,Swords_T1_03=1|Swords_T1_04=1,0,Goblin|Rat|Rat|Rat,party wiped
423,12767,1,Normal,34,4,4,4,0,37,37,0,0,25,0,1,1,0,1,0,0,3,3,0,0,140,8,6,6,1.5,0,1,1,5,1,,,2,Rat|Rat,floor1_town;companion_join:Rat;companion_join:Rat
423,12767,2,Normal,39,4,4,4,0,37,37,0,0,45,0,1,1,0,3,2,1,0,1,0,0,252,8,10,10,2.5,0,1,1,6,3,,,2,Rat|Rat|Rat|Rat,companion_join:Rat;companion_join:Rat
423,12767,3,Normal,30,3,3,2,1,37,46,0,2,60,0,1,2,3,6,3,0,0,3,2,0,397,57,14,11,5.5,0,1,1,13,2,,Swords_T1_03=2,0,Rat|Rat|Rat|Rat,+1 levelup; flee×1
423,12767,4,Normal,35,3,3,2,0,46,0,2,2,20,0,2,2,0,0,3,0,0,0,2,0,168,44,10,6,3,1,0,0,13,4,RH=Crude Sword|LH=Crude Sword|BD=Crude Armour|A1=Crude Bracelet|A2=Crude Bracelet,Swords_T1_03=2,1,Rat|Rat|Rat|Rat|Rat,companion_join:Rat; party wiped
424,12768,1,Normal,32,2,2,2,0,37,37,0,0,10,0,1,1,0,0,0,2,3,3,0,0,56,6,3,3,1.5,0,1,1,3,1,,,2,Rat|Rat,floor1_town;companion_join:Rat;companion_join:Rat
424,12768,2,Normal,34,2,2,2,0,37,29,0,0,25,0,1,1,0,3,0,2,3,3,0,0,140,14,8,8,4,0,1,1,4,2,,,1,Rat|Rat|Rat,companion_join:Rat
424,12768,3,Normal,2,1,1,0,0,29,0,0,0,0,0,1,1,3,3,3,0,0,0,0,0,198,37,6,0,0,1,0,0,10,4,RH=Crude Sword|LH=Crude Sword|BD=Crude Armour|A1=Crude Bracelet|A2=Crude Bracelet,,0,Rat|Rat|Rat,party wiped
425,12769,1,Normal,30,1,1,1,0,37,37,0,0,10,0,1,1,0,0,0,0,3,3,0,0,56,8,2,2,2,0,1,1,2,2,,,0,-,floor1_town
425,12769,2,Normal,28,4,4,4,0,37,3,0,0,55,0,1,1,0,3,3,0,0,0,0,0,308,34,12,12,3,0,1,1,2,4,,,1,Rat,companion_join:Rat
425,12769,3,Normal,8,2,2,1,0,3,0,0,0,12,0,1,1,2,4,3,0,0,0,0,0,148,37,6,2,2,1,0,0,14,4,RH=Crude Sword|LH=Crude Sword|BD=Crude Armour|A1=Crude Bracelet|A2=Crude Bracelet,,0,Rat,party wiped
426,12770,1,Normal,28,3,3,3,0,37,37,0,0,45,0,1,1,0,7,1,2,3,3,0,0,252,16,14,14,4.667,0,1,1,4,3,,,1,Rat,floor1_town;companion_join:Rat
426,12770,2,Normal,31,3,3,3,0,37,25,0,0,45,0,1,1,0,6,3,3,0,0,0,0,252,20,13,13,4.333,0,1,1,5,4,,,1,Rat|Rat,companion_join:Rat
426,12770,3,Normal,12,1,1,0,0,25,0,0,0,0,0,1,1,3,3,3,0,0,0,0,0,151,37,7,0,0,1,0,0,11,3,RH=Crude Sword|LH=Crude Sword|BD=Crude Armour|A1=Crude Bracelet|A2=Crude Bracelet,,0,Rat|Rat,party wiped
427,12771,1,Normal,26,3,3,3,0,37,37,0,0,45,0,1,1,0,4,0,0,3,3,0,0,252,16,12,12,4,0,1,1,4,4,,,1,Rat,floor1_town;companion_join:Rat
427,12771,2,Normal,26,4,4,4,0,37,37,0,0,45,0,1,1,0,3,2,0,3,3,0,0,252,8,12,12,3,0,1,1,5,2,,,0,Rat,
427,12771,3,Normal,21,2,2,1,0,37,0,0,1,36,0,1,2,1,3,3,0,0,0,0,0,254,80,9,7,7,1,0,0,11,2,RH=Crude Sword|LH=Crude Sword|BD=Crude Armour|A1=Crude Bracelet|A2=Crude Bracelet,,0,Rat,party wiped; +1 levelup
428,12772,1,Normal,40,5,5,5,0,37,37,0,0,45,0,1,1,0,2,0,1,3,3,0,0,252,26,11,11,2.2,0,1,1,6,3,,,2,Rat|Rat,floor1_town;companion_join:Rat;companion_join:Rat
428,12772,2,Normal,15,3,3,2,0,37,0,0,0,40,0,1,1,2,6,6,0,0,0,0,0,330,58,19,14,7,1,0,0,7,4,RH=Crude Sword|LH=Crude Sword|BD=Crude Armour|A1=Crude Bracelet|A2=Crude Bracelet,,0,Rat|Rat,party wiped
429,12773,1,Normal,38,4,4,4,0,37,37,0,0,40,0,1,1,0,3,0,0,3,3,0,0,224,22,10,10,2.5,0,1,1,5,2,,,1,Rat,floor1_town;companion_join:Rat
429,12773,2,Normal,37,5,5,3,2,37,8,0,0,50,0,1,1,1,6,6,0,0,0,0,0,392,61,19,14,4.667,0,1,1,6,4,,,0,Rat,flee×2
429,12773,3,Normal,10,1,1,0,0,8,0,0,0,0,0,1,1,0,3,3,0,0,0,0,0,95,37,3,0,0,1,0,0,12,4,RH=Crude Sword|LH=Crude Sword|BD=Crude Armour|A1=Crude Bracelet|A2=Crude Bracelet,,0,Rat,party wiped
430,12774,1,Normal,36,3,3,3,0,37,37,0,0,35,0,1,1,0,3,2,1,3,3,0,0,196,16,9,9,3,0,1,1,4,4,,,2,Rat|Rat,floor1_town;companion_join:Rat;companion_join:Rat
430,12774,2,Normal,25,2,2,2,0,37,37,0,0,35,0,1,1,1,3,3,2,0,0,0,0,196,0,10,10,5,0,1,1,4,4,,,1,Rat|Rat|Rat,companion_join:Rat
430,12774,3,Normal,27,2,2,2,0,37,45,0,2,36,0,1,2,0,4,1,2,2,3,0,0,180,0,6,6,3,0,1,1,16,1,,,0,Rat|Rat|Rat,+1 levelup
430,12774,4,Normal,35,3,3,3,0,45,44,2,2,35,0,2,2,0,2,0,2,0,3,2,0,196,-1,8,8,2.667,0,1,1,16,2,,Swords_T1_03=2,1,Rat|Rat|Rat|Rat,companion_join:Rat
430,12774,5,Normal,30,4,4,4,0,44,45,2,2,50,0,2,2,0,2,3,2,1,3,3,0,280,15,16,16,4,0,1,1,17,3,,Swords_T1_03=3,3,Rat|Rat|Rat|Rat|Rat|Rat|Rat,companion_join:Rat;companion_join:Rat;companion_join:Rat
430,12774,6,Normal,29,2,2,2,0,45,30,2,2,30,0,2,2,0,1,3,2,0,0,2,0,168,13,7,7,3.5,0,1,1,17,2,,Swords_T1_03=2,1,Rat|Rat|Rat|Rat|Rat|Rat|Rat|Rat,companion_join:Rat
430,12774,7,Normal,36,3,3,3,0,30,19,2,2,55,0,2,2,2,3,3,0,0,0,2,0,308,24,17,17,5.667,0,1,1,18,4,,Swords_T1_03=2,1,Rat|Rat|Rat|Rat|Rat|Rat|Rat|Rat|Rat,companion_join:Rat
430,12774,8,Normal,1,1,1,0,0,19,0,2,2,0,0,2,2,0,2,0,0,1,3,2,0,123,43,3,0,0,1,0,0,24,1,RH=Crude Sword|LH=Crude Sword|BD=Crude Armour|A1=Crude Bracelet|A2=Crude Bracelet,Swords_T1_03=2,0,Rat|Rat|Rat|Rat|Rat|Rat|Rat|Rat|Rat,party wiped
431,12775,1,Normal,34,4,4,4,0,37,37,0,0,45,0,1,1,0,4,0,2,3,3,0,0,252,16,12,12,3,0,1,1,5,4,,,1,Rat,floor1_town;companion_join:Rat
431,12775,2,Normal,38,7,7,7,0,37,45,0,2,85,0,1,2,3,4,3,0,2,3,3,0,476,11,22,22,3.143,0,1,1,6,1,,Swords_T1_03=3,1,Rat|Rat,companion_join:Rat; +1 levelup
431,12775,3,Normal,29,2,2,2,0,45,45,2,2,36,0,2,2,0,2,1,0,0,2,1,0,180,-1,5,5,2.5,0,1,1,6,1,,Swords_T1_03=1,1,Rat|Rat|Goblin,companion_join:Goblin
431,12775,4,Normal,37,3,3,2,1,45,45,2,2,25,0,2,2,0,3,2,0,0,3,2,0,196,40,9,6,3,0,1,1,7,4,,Swords_T1_03=2,1,Rat|Rat|Goblin|Rat,companion_join:Rat; flee×1
431,12775,5,Normal,33,4,4,4,0,45,44,2,2,35,0,2,2,0,0,1,0,0,2,3,0,196,-2,7,7,1.75,0,1,1,7,1,,Swords_T1_03=3,1,Rat|Rat|Goblin|Rat|Rat,companion_join:Rat
431,12775,6,Normal,32,6,6,6,0,44,37,2,2,50,0,2,2,0,0,2,0,0,0,1,0,280,6,10,10,1.667,0,1,1,7,1,,Swords_T1_03=1,2,Rat|Rat|Goblin|Rat|Rat|Rat|Rat,companion_join:Rat;companion_join:Rat
431,12775,7,Normal,37,3,3,2,1,37,53,2,4,25,0,2,3,0,2,0,0,1,3,2,0,168,39,9,7,3.5,0,1,1,8,4,,Swords_T1_03=2,0,Rat|Rat|Goblin|Rat|Rat|Rat|Rat,+1 levelup; flee×1
431,12775,8,Normal,18,3,3,2,0,53,0,4,4,120,0,3,3,0,9,6,0,0,0,4,0,386,70,14,12,6,1,0,0,26,4,RH=Crude Sword|LH=Crude Sword|BD=Crude Armour|A1=Crude Bracelet|A2=Crude Bracelet,Swords_T1_03=2|Swords_T1_04=2,0,Rat|Rat|Goblin|Rat|Rat|Rat|Rat,party wiped
432,12776,1,Normal,32,5,5,5,0,37,37,0,0,70,0,1,1,0,8,1,1,3,3,0,0,392,0,18,18,3.6,0,1,1,6,2,,,2,Rat|Rat,floor1_town;companion_join:Rat;companion_join:Rat
432,12776,2,Normal,40,3,3,3,0,37,45,0,3,30,0,1,2,0,3,0,3,0,3,0,0,168,0,7,7,2.333,0,1,1,6,3,,,0,Rat|Rat,+1 levelup
432,12776,3,Normal,34,1,1,1,0,45,37,3,3,24,0,2,2,1,0,3,2,0,0,1,0,120,7,4,4,4,0,1,1,6,2,,Swords_T1_03=1,0,Rat|Rat,
432,12776,4,Normal,27,1,1,1,0,37,23,3,3,10,0,2,2,0,0,0,2,0,0,1,0,56,13,2,2,2,0,1,1,6,2,,Swords_T1_03=1,0,Rat|Rat,
432,12776,5,Normal,30,3,3,3,0,23,45,3,3,45,0,2,2,0,5,0,2,0,3,1,0,252,12,12,12,4,0,1,1,8,4,,Swords_T1_03=1,0,Rat|Rat,
432,12776,6,Normal,38,3,3,3,0,45,45,3,3,25,0,2,2,0,0,2,2,0,1,2,0,140,-2,8,8,2.667,0,1,1,8,2,,Swords_T1_03=2,0,Rat|Rat,
432,12776,7,Normal,26,2,2,2,0,45,45,3,3,25,0,2,2,1,0,1,1,3,3,1,0,140,22,6,6,3,0,1,1,9,1,,Swords_T1_03=1,1,Rat|Rat|Rat,companion_join:Rat
432,12776,8,Normal,1,1,1,0,0,45,0,3,3,0,0,2,2,1,1,0,0,2,3,0,0,28,45,1,0,0,1,0,0,15,3,RH=Crude Sword|LH=Crude Sword|BD=Crude Armour|A1=Crude Bracelet|A2=Crude Bracelet,,0,Rat|Rat|Rat,party wiped
433,12777,1,Normal,30,2,2,2,0,37,37,0,0,25,0,1,1,0,3,2,2,3,3,0,0,140,0,6,6,3,0,1,1,3,4,,,0,-,floor1_town
433,12777,2,Normal,37,4,4,4,0,37,37,0,0,50,0,1,1,0,5,2,4,1,3,0,0,280,8,13,13,3.25,0,1,1,4,3,,,1,Rat,companion_join:Rat
433,12777,3,Normal,8,2,2,1,0,37,0,0,2,36,0,1,2,5,3,3,0,0,0,1,0,378,44,13,6,6,1,0,0,10,4,RH=Crude Sword|LH=Crude Sword|BD=Crude Armour|A1=Crude Bracelet|A2=Crude Bracelet,Swords_T1_03=1,0,Rat,party wiped; +1 levelup
434,12778,1,Normal,28,4,4,4,0,37,37,0,0,60,0,1,1,0,8,4,0,3,3,0,0,336,16,18,18,4.5,0,1,1,5,4,,,1,Rat,floor1_town;companion_join:Rat
434,12778,2,Normal,29,1,1,1,0,37,37,0,0,5,0,1,1,0,0,0,1,3,3,0,0,28,0,1,1,1,0,1,1,5,1,,,0,Rat,
434,12778,3,Normal,3,1,1,0,0,37,0,0,0,0,0,1,1,2,3,3,0,0,0,0,0,140,37,5,0,0,1,0,0,11,4,RH=Crude Sword|LH=Crude Sword|BD=Crude Armour|A1=Crude Bracelet|A2=Crude Bracelet,,0,Rat,party wiped
435,12779,1,Normal,26,2,2,2,0,37,37,0,0,20,0,1,1,0,2,0,2,3,3,0,0,112,8,6,6,3,0,1,1,3,1,,,1,Rat,floor1_town;companion_join:Rat
435,12779,2,Normal,32,5,5,5,0,37,45,0,3,80,0,1,2,1,9,5,1,0,1,0,0,448,22,24,24,4.8,0,1,1,5,2,,,3,Rat|Rat|Rat|Rat,companion_join:Rat;companion_join:Rat;companion_join:Rat; +1 levelup
435,12779,3,Normal,18,2,2,1,0,45,0,3,3,12,0,2,2,2,0,1,0,0,0,1,0,148,44,5,2,2,1,0,0,5,4,RH=Crude Sword|LH=Crude Sword|BD=Crude Armour|A1=Crude Bracelet|A2=Crude Bracelet,Swords_T1_03=1,0,Rat|Rat|Rat|Rat,party wiped
436,12780,1,Normal,40,3,3,3,0,37,37,0,0,35,0,1,1,0,4,0,0,3,3,0,0,196,0,9,9,3,0,1,1,4,3,,,0,-,floor1_town
436,12780,2,Normal,34,2,2,2,0,37,37,0,0,40,0,1,1,0,3,2,2,0,1,0,0,224,0,10,10,5,0,1,1,4,4,,,1,Rat,companion_join:Rat
436,12780,3,Normal,4,1,1,0,0,37,0,0,0,0,0,1,1,3,3,3,0,0,0,0,0,176,37,7,0,0,1,0,0,10,3,RH=Crude Sword|LH=Crude Sword|BD=Crude Armour|A1=Crude Bracelet|A2=Crude Bracelet,,0,Rat,party wiped
437,12781,1,Normal,38,2,2,2,0,37,37,0,0,25,0,1,1,0,3,0,1,3,3,0,0,140,16,6,6,3,0,1,1,3,3,,,1,Rat,floor1_town;companion_join:Rat
437,12781,2,Normal,36,5,5,5,0,37,46,0,2,85,0,1,2,0,10,3,3,2,3,0,0,476,32,23,23,4.6,0,1,1,6,3,,,2,Rat|Rat|Rat,companion_join:Rat;companion_join:Rat; +1 levelup
437,12781,3,Normal,24,3,3,2,0,46,0,2,2,36,0,2,2,3,2,3,0,0,0,1,0,284,45,9,6,3,1,0,0,6,4,RH=Crude Sword|LH=Crude Sword|BD=Crude Armour|A1=Crude Bracelet|A2=Crude Bracelet,Swords_T1_03=1,1,Rat|Rat|Rat|Goblin,companion_join:Goblin; party wiped
438,12782,1,Normal,36,2,2,2,0,37,37,0,0,20,0,1,1,0,2,0,0,3,3,0,0,112,0,5,5,2.5,0,1,1,3,3,,,1,Rat,floor1_town;companion_join:Rat
438,12782,2,Normal,37,3,3,3,0,37,29,0,0,50,0,1,1,0,4,1,1,0,2,0,0,280,16,13,13,4.333,0,1,1,4,3,,,1,Rat|Rat,companion_join:Rat
438,12782,3,Normal,1,1,1,0,0,29,0,0,0,0,0,1,1,1,3,3,0,0,0,0,0,123,37,4,0,0,1,0,0,10,4,RH=Crude Sword|LH=Crude Sword|BD=Crude Armour|A1=Crude Bracelet|A2=Crude Bracelet,,0,Rat|Rat,party wiped
439,12783,1,Normal,34,3,3,3,0,37,37,0,0,40,0,1,1,0,4,0,1,3,3,0,0,224,8,10,10,3.333,0,1,1,4,2,,,1,Rat,floor1_town;companion_join:Rat
439,12783,2,Normal,34,4,4,4,0,37,37,0,0,50,0,1,1,0,3,3,3,3,3,0,0,280,22,14,14,3.5,0,1,1,5,1,,,2,Rat|Rat|Rat,companion_join:Rat;companion_join:Rat
439,12783,3,Normal,26,4,4,4,0,37,33,0,1,60,0,1,2,0,3,0,5,0,3,3,0,300,9,8,8,2,0,1,1,11,1,,Swords_T1_03=3,2,Rat|Rat|Rat|Goblin|Goblin,companion_join:Goblin;companion_join:Goblin; +1 levelup
439,12783,4,Normal,26,3,3,3,0,33,45,1,1,60,0,2,2,4,3,3,1,0,3,2,0,336,2,16,16,5.333,0,1,1,12,4,,Swords_T1_03=2,1,Rat|Rat|Rat|Goblin|Goblin|Rat,companion_join:Rat
439,12783,5,Normal,25,4,4,4,0,45,44,1,1,35,0,2,2,0,0,2,1,0,1,2,0,196,-1,9,9,2.25,0,1,1,12,1,,Swords_T1_03=2,2,Rat|Rat|Rat|Goblin|Goblin|Rat|Rat|Rat,companion_join:Rat;companion_join:Rat
439,12783,6,Normal,36,5,5,5,0,44,54,1,4,60,0,2,3,1,3,1,0,0,3,4,0,336,26,17,17,3.4,0,1,1,13,3,,Swords_T1_03=4,1,Rat|Rat|Rat|Goblin|Goblin|Rat|Rat|Rat|Rat,companion_join:Rat; +1 levelup
439,12783,7,Normal,32,5,5,5,0,54,54,4,4,75,0,3,3,0,3,6,0,0,0,6,0,420,57,20,20,4,0,1,1,14,3,,Swords_T1_03=4|Swords_T1_04=2,0,Rat|Rat|Rat|Goblin|Goblin|Rat|Rat|Rat|Rat,
439,12783,8,Normal,17,2,2,1,0,54,0,4,4,60,0,3,3,0,6,5,0,0,0,4,0,173,56,9,6,6,1,0,0,26,3,RH=Crude Sword|LH=Crude Sword|BD=Crude Armour|A1=Crude Bracelet|A2=Crude Bracelet,Swords_T1_03=2|Swords_T1_04=2,0,Rat|Rat|Rat|Goblin|Goblin|Rat|Rat|Rat|Rat,party wiped
440,12784,1,Normal,32,4,4,4,0,37,37,0,0,50,0,1,1,0,6,1,2,3,3,0,0,280,26,14,14,3.5,0,1,1,5,4,,,0,-,floor1_town
440,12784,2,Normal,31,1,1,1,0,37,37,0,0,15,0,1,1,0,2,0,2,1,3,0,0,84,0,3,3,3,0,1,1,5,3,,,0,-,
440,12784,3,Normal,5,1,1,0,0,37,0,0,0,0,0,1,1,3,3,3,0,0,0,0,0,95,37,5,0,0,1,0,0,11,4,RH=Crude Sword|LH=Crude Sword|BD=Crude Armour|A1=Crude Bracelet|A2=Crude Bracelet,,0,-,party wiped
441,12785,1,Normal,30,2,2,2,0,37,37,0,0,20,0,1,1,0,1,0,1,3,3,0,0,112,8,4,4,2,0,1,1,3,2,,,0,-,floor1_town
441,12785,2,Normal,29,3,3,3,0,37,29,0,0,45,0,1,1,1,3,3,2,3,3,0,0,252,24,15,15,5,0,1,1,4,2,,,1,Rat,companion_join:Rat
441,12785,3,Normal,25,3,3,3,0,29,46,0,2,60,0,1,2,1,4,3,2,0,0,1,0,300,-1,12,12,4,0,1,1,16,2,,Swords_T1_03=1,2,Rat|Goblin|Goblin,companion_join:Goblin;companion_join:Goblin; +1 levelup
441,12785,4,Normal,33,2,2,2,0,46,26,2,2,25,0,2,2,1,0,0,1,0,0,2,0,140,18,6,6,3,0,1,1,16,3,,Swords_T1_03=2,0,Rat|Goblin|Goblin,
441,12785,5,Normal,32,5,5,5,0,26,39,2,2,60,0,2,2,1,4,3,0,2,3,3,0,336,31,17,17,3.4,0,1,1,18,3,,Swords_T1_03=3,1,Rat|Goblin|Goblin|Rat,companion_join:Rat
441,12785,6,Normal,27,5,5,3,1,39,0,2,2,45,0,2,2,0,5,6,0,0,0,3,0,333,69,18,13,4.333,1,0,0,19,4,RH=Crude Sword|LH=Crude Sword|BD=Crude Armour|A1=Crude Bracelet|A2=Crude Bracelet,Swords_T1_03=3,0,Rat|Goblin|Goblin|Rat,party wiped; flee×1
442,12786,1,Normal,28,4,4,4,0,37,37,0,0,50,0,1,1,0,6,6,2,3,3,0,0,280,35,19,19,4.75,0,1,1,5,4,,,1,Rat,floor1_town;companion_join:Rat
442,12786,2,Normal,34,2,2,2,0,37,37,0,0,30,0,1,1,0,3,2,2,0,1,0,0,168,0,9,9,4.5,0,1,1,5,4,,,1,Rat|Rat,companion_join:Rat
442,12786,3,Normal,17,2,2,1,0,37,0,0,0,12,0,1,1,2,3,3,0,0,0,0,0,205,37,7,2,2,1,0,0,17,4,RH=Crude Sword|LH=Crude Sword|BD=Crude Armour|A1=Crude Bracelet|A2=Crude Bracelet,,0,Rat|Rat,party wiped
443,12787,1,Normal,26,2,2,2,0,37,37,0,0,35,0,1,1,0,5,1,1,3,3,0,0,196,8,10,10,5,0,1,1,3,3,,,2,Rat|Rat,floor1_town;companion_join:Rat;companion_join:Rat
443,12787,2,Normal,27,3,3,3,0,37,37,0,0,25,0,1,1,0,2,0,1,1,3,0,0,140,6,7,7,2.333,0,1,1,4,1,,,0,Rat|Rat,
443,12787,3,Normal,14,2,2,1,0,37,0,0,0,12,0,1,1,1,4,3,0,0,0,0,0,215,37,8,2,2,1,0,0,16,3,RH=Crude Sword|LH=Crude Sword|BD=Crude Armour|A1=Crude Bracelet|A2=Crude Bracelet,,0,Rat|Rat,party wiped
444,12788,1,Normal,40,2,2,2,0,37,37,0,0,20,0,1,1,0,2,0,2,3,3,0,0,112,0,5,5,2.5,0,1,1,3,3,,,0,-,floor1_town
444,12788,2,Normal,27,3,3,3,0,37,37,0,0,30,0,1,1,0,1,0,4,3,3,0,0,168,8,7,7,2.333,0,1,1,4,1,,,2,Rat|Rat,companion_join:Rat;companion_join:Rat
444,12788,3,Normal,6,1,1,0,0,37,0,0,0,0,0,1,1,2,3,3,3,0,0,0,0,120,37,4,0,0,1,0,0,10,4,RH=Crude Sword|LH=Crude Sword|BD=Crude Armour|A1=Crude Bracelet|A2=Crude Bracelet,,0,Rat|Rat,party wiped
445,12789,1,Normal,38,5,5,5,0,37,37,0,0,60,0,1,1,0,5,3,0,3,3,0,0,336,24,16,16,3.2,0,1,1,6,2,,,0,-,floor1_town
445,12789,2,Normal,30,4,4,4,0,37,45,0,3,45,0,1,2,0,3,3,1,0,0,0,0,252,24,12,12,3,0,1,1,8,4,,,1,Rat,companion_join:Rat; +1 levelup
445,12789,3,Normal,26,3,3,2,0,45,0,3,3,48,0,2,2,2,3,3,0,0,0,3,0,388,57,10,6,3,1,0,0,9,4,RH=Crude Sword|LH=Crude Sword|BD=Crude Armour|A1=Crude Bracelet|A2=Crude Bracelet,Swords_T1_03=3,1,Rat|Goblin,companion_join:Goblin; party wiped
446,12790,1,Normal,36,5,5,5,0,37,37,0,0,70,0,1,1,0,6,2,2,3,3,0,0,392,32,18,18,3.6,0,1,1,6,4,,,1,Rat,floor1_town;companion_join:Rat
446,12790,2,Normal,32,2,2,2,0,37,37,0,0,20,0,1,1,0,0,0,4,3,3,0,0,112,0,4,4,2,0,1,1,6,1,,,0,Rat,
446,12790,3,Normal,27,2,2,2,0,37,45,0,2,48,0,1,2,0,3,3,5,0,0,1,0,240,-1,8,8,4,0,1,1,12,2,,Swords_T1_03=1,1,Rat|Goblin,companion_join:Goblin; +1 levelup
446,12790,4,Normal,31,4,4,4,0,45,23,2,2,50,0,2,2,2,0,0,3,0,0,1,0,280,21,12,12,3,0,1,1,12,2,,Swords_T1_03=1,1,Rat|Goblin|Rat,companion_join:Rat
446,12790,5,Normal,38,3,3,3,0,23,45,2,2,40,0,2,2,0,3,3,3,0,0,2,0,224,-2,10,10,3.333,0,1,1,13,4,,Swords_T1_03=2,1,Rat|Goblin|Rat|Rat,companion_join:Rat
446,12790,6,Normal,35,4,4,4,0,45,45,2,2,45,0,2,2,0,2,0,3,1,3,2,0,252,14,10,10,2.5,0,1,1,14,2,,Swords_T1_03=2,0,Rat|Goblin|Rat|Rat,
446,12790,7,Normal,40,5,5,5,0,45,50,2,5,80,0,2,3,3,1,3,0,0,0,1,0,448,9,21,21,4.2,0,1,1,14,4,,Swords_T1_03=1,1,Rat|Goblin|Rat|Rat|Rat,companion_join:Rat; +1 levelup
446,12790,8,Normal,11,2,2,1,0,50,0,5,5,60,0,3,3,0,5,0,0,0,3,3,0,186,63,8,4,4,1,0,0,26,1,RH=Crude Sword|LH=Crude Sword|BD=Crude Armour|A1=Crude Bracelet|A2=Crude Bracelet,Swords_T1_03=1|Swords_T1_04=2,0,Rat|Goblin|Rat|Rat|Rat,party wiped
447,12791,1,Normal,34,6,6,6,0,37,37,0,0,75,0,1,1,0,7,1,0,3,3,0,0,420,22,19,19,3.167,0,1,1,7,1,,,2,Rat|Rat,floor1_town;companion_join:Rat;companion_join:Rat
447,12791,2,Normal,38,2,2,2,0,37,45,0,3,35,0,1,2,0,4,1,0,2,3,0,0,196,8,9,9,4.5,0,1,1,8,3,,,1,Rat|Rat|Rat,companion_join:Rat; +1 levelup
447,12791,3,Normal,2,1,1,0,0,45,0,3,3,0,0,2,2,1,2,3,0,0,0,1,0,182,44,5,0,0,1,0,0,8,4,RH=Crude Sword|LH=Crude Sword|BD=Crude Armour|A1=Crude Bracelet|A2=Crude Bracelet,Swords_T1_03=1,0,Rat|Rat|Rat,party wiped
448,12792,1,Normal,32,3,3,3,0,37,37,0,0,45,0,1,1,0,6,3,1,3,3,0,0,252,0,15,15,5,0,1,1,4,2,,,0,-,floor1_town
448,12792,2,Normal,34,4,4,4,0,37,37,0,0,45,0,1,1,0,3,2,1,0,1,0,0,252,16,13,13,3.25,0,1,1,6,1,,,0,-,
448,12792,3,Normal,1,1,1,0,0,37,0,0,0,0,0,1,1,1,3,3,0,0,0,0,0,129,37,4,0,0,1,0,0,12,4,RH=Crude Sword|LH=Crude Sword|BD=Crude Armour|A1=Crude Bracelet|A2=Crude Bracelet,,0,-,party wiped
449,12793,1,Normal,30,5,5,5,0,37,37,0,0,65,0,1,1,0,7,1,0,3,3,0,0,364,24,17,17,3.4,0,1,1,6,4,,,1,Rat,floor1_town;companion_join:Rat
449,12793,2,Normal,40,4,4,4,0,37,34,0,3,60,0,1,2,1,3,3,1,0,0,0,0,336,28,15,15,3.75,0,1,1,6,3,,,1,Rat|Rat,companion_join:Rat; +1 levelup
449,12793,3,Normal,26,1,1,1,0,34,46,3,3,24,0,2,2,0,3,0,1,0,3,0,0,120,0,5,5,5,0,1,1,7,2,,,0,Rat|Rat,
449,12793,4,Normal,30,5,5,4,1,46,8,3,3,40,0,2,2,1,0,3,0,0,0,3,0,308,49,13,8,2,0,1,1,7,4,,Swords_T1_03=3,1,Rat|Rat|Rat,companion_join:Rat; flee×1
449,12793,5,Normal,34,2,2,2,0,8,33,3,3,20,0,2,2,0,1,0,0,2,3,2,0,112,11,6,6,3,0,1,1,8,1,,Swords_T1_03=2,1,Rat|Rat|Rat|Rat,companion_join:Rat
449,12793,6,Normal,27,3,3,3,0,33,33,3,3,45,0,2,2,0,2,3,0,3,3,2,0,252,25,12,12,4,0,1,1,9,2,,Swords_T1_03=2,2,Rat|Rat|Rat|Rat|Rat|Rat,companion_join:Rat;companion_join:Rat
449,12793,7,Normal,37,4,4,3,1,33,39,3,3,40,0,2,2,0,3,3,0,3,3,3,0,280,27,13,10,3.333,0,1,1,10,2,,Swords_T1_03=3,2,Rat|Rat|Rat|Rat|Rat|Rat|Rat|Rat,companion_join:Rat;companion_join:Rat; flee×1
449,12793,8,Normal,5,1,1,0,0,39,0,3,3,0,0,2,2,0,1,0,0,2,3,1,0,61,45,1,0,0,1,0,0,16,2,RH=Crude Sword|LH=Crude Sword|BD=Crude Armour|A1=Crude Bracelet|A2=Crude Bracelet,Swords_T1_03=1,0,Rat|Rat|Rat|Rat|Rat|Rat|Rat|Rat,party wiped
450,12794,1,Normal,28,4,4,4,0,37,37,0,0,35,0,1,1,0,2,0,1,3,3,0,0,196,0,8,8,2,0,1,1,5,3,,,1,Rat,floor1_town;companion_join:Rat
450,12794,2,Normal,33,4,4,4,0,37,37,0,0,35,0,1,1,0,3,0,2,0,3,0,0,196,0,9,9,2.25,0,1,1,5,3,,,0,Rat,
450,12794,3,Normal,2,1,1,0,0,37,0,0,0,0,0,1,1,0,3,3,4,0,0,0,0,87,37,3,0,0,1,0,0,11,4,RH=Crude Sword|LH=Crude Sword|BD=Crude Armour|A1=Crude Bracelet|A2=Crude Bracelet,,0,Rat,party wiped
451,12795,1,Normal,26,2,2,2,0,37,37,0,0,10,0,1,1,0,0,0,2,3,3,0,0,56,0,2,2,1,0,1,1,3,1,,,0,-,floor1_town
451,12795,2,Normal,36,3,3,3,0,37,37,0,0,50,0,1,1,1,6,1,2,3,3,0,0,280,16,14,14,4.667,0,1,1,5,2,,,1,Rat,companion_join:Rat
451,12795,3,Normal,19,2,2,0,1,37,0,0,0,0,0,1,1,2,6,6,0,0,0,0,0,191,73,7,0,0,1,0,0,17,4,RH=Crude Sword|LH=Crude Sword|BD=Crude Armour|A1=Crude Bracelet|A2=Crude Bracelet,,0,Rat,party wiped; flee×1
452,12796,1,Normal,40,4,4,4,0,37,37,0,0,60,0,1,1,0,7,3,1,3,3,0,0,336,16,15,15,3.75,0,1,1,5,4,,,0,-,floor1_town
452,12796,2,Normal,37,5,5,5,0,37,38,0,2,50,0,1,2,1,3,3,0,3,3,0,0,280,26,14,14,2.8,0,1,1,6,2,,,2,Rat|Rat,companion_join:Rat;companion_join:Rat; +1 levelup
452,12796,3,Normal,3,1,1,0,0,38,0,2,2,0,0,2,2,0,3,3,0,0,0,1,0,140,45,3,0,0,1,0,0,7,4,RH=Crude Sword|LH=Crude Sword|BD=Crude Armour|A1=Crude Bracelet|A2=Crude Bracelet,Swords_T1_03=1,0,Rat|Rat,party wiped
453,12797,1,Normal,38,4,4,4,0,37,37,0,0,50,0,1,1,0,4,2,2,3,3,0,0,280,8,13,13,3.25,0,1,1,5,2,,,1,Rat,floor1_town;companion_join:Rat
453,12797,2,Normal,25,3,3,3,0,37,29,0,0,25,0,1,1,0,1,0,3,2,3,0,0,140,8,5,5,1.667,0,1,1,5,2,,,1,Rat|Rat,companion_join:Rat
453,12797,3,Normal,5,1,1,0,0,29,0,0,0,0,0,1,1,3,3,3,0,0,0,0,0,148,37,6,0,0,1,0,0,11,4,RH=Crude Sword|LH=Crude Sword|BD=Crude Armour|A1=Crude Bracelet|A2=Crude Bracelet,,0,Rat|Rat,party wiped
454,12798,1,Normal,36,2,2,2,0,37,37,0,0,35,0,1,1,0,4,2,0,3,3,0,0,196,8,10,10,5,0,1,1,3,4,,,1,Rat,floor1_town;companion_join:Rat
454,12798,2,Normal,39,4,4,4,0,37,37,0,0,35,0,1,1,0,1,0,2,3,3,0,0,196,8,8,8,2,0,1,1,4,1,,,1,Rat|Rat,companion_join:Rat
454,12798,3,Normal,2,1,1,0,0,37,0,0,0,0,0,1,1,2,3,3,0,0,0,0,0,138,37,4,0,0,1,0,0,10,4,RH=Crude Sword|LH=Crude Sword|BD=Crude Armour|A1=Crude Bracelet|A2=Crude Bracelet,,0,Rat|Rat,party wiped
455,12799,1,Normal,34,1,1,1,0,37,37,0,0,10,0,1,1,0,1,0,2,3,3,0,0,56,0,2,2,2,0,1,1,2,2,,,1,Rat,floor1_town;companion_join:Rat
455,12799,2,Normal,39,4,4,4,0,37,37,0,0,40,0,1,1,0,3,1,4,3,3,0,0,224,8,11,11,2.75,0,1,1,3,1,,,2,Rat|Rat|Rat,companion_join:Rat;companion_join:Rat
455,12799,3,Normal,23,3,3,2,0,37,0,0,0,48,0,1,1,1,7,6,3,0,0,0,0,388,37,13,8,4,1,0,0,21,3,RH=Crude Sword|LH=Crude Sword|BD=Crude Armour|A1=Crude Bracelet|A2=Crude Bracelet,,0,Rat|Rat|Rat,party wiped
456,12800,1,Normal,32,6,6,6,0,37,37,0,0,80,0,1,1,0,10,1,0,3,3,0,0,448,16,22,22,3.667,0,1,1,7,1,,,1,Rat,floor1_town;companion_join:Rat
456,12800,2,Normal,39,4,4,4,0,37,44,0,2,45,0,1,2,0,3,0,0,0,3,1,0,252,7,13,13,3.25,0,1,1,7,4,,Swords_T1_03=1,2,Rat|Rat|Rat,companion_join:Rat;companion_join:Rat; +1 levelup
456,12800,3,Normal,27,2,2,1,0,44,0,2,2,12,0,2,2,0,0,3,0,0,0,1,0,157,43,5,2,2,1,0,0,7,3,RH=Crude Sword|LH=Crude Sword|BD=Crude Armour|A1=Crude Bracelet|A2=Crude Bracelet,Swords_T1_03=1,0,Rat|Rat|Rat,party wiped
457,12801,1,Normal,30,2,2,2,0,37,37,0,0,30,0,1,1,0,2,0,2,3,3,0,0,168,8,7,7,3.5,0,1,1,3,4,,,0,-,floor1_town
457,12801,2,Normal,40,6,6,6,0,37,45,0,2,75,0,1,2,0,6,2,2,2,3,0,0,420,22,18,18,3,0,1,1,6,2,,,2,Rat|Rat,companion_join:Rat;companion_join:Rat; +1 levelup
457,12801,3,Normal,29,3,3,3,0,45,44,2,2,36,0,2,2,0,2,0,2,0,3,1,0,180,0,5,5,1.667,0,1,1,6,1,,Swords_T1_03=1,0,Rat|Rat,
457,12801,4,Normal,39,3,3,3,0,44,37,2,2,40,0,2,2,1,1,3,1,2,3,1,0,224,32,11,11,3.667,0,1,1,7,1,,Swords_T1_03=1,0,Rat|Rat,
457,12801,5,Normal,37,3,3,3,0,37,45,2,2,45,0,2,2,0,5,3,1,0,3,1,0,252,7,11,11,3.667,0,1,1,8,1,,Swords_T1_03=1,1,Rat|Rat|Rat,companion_join:Rat
457,12801,6,Normal,40,4,4,4,0,45,45,2,2,45,0,2,2,1,0,3,0,3,3,2,0,252,15,11,11,2.75,0,1,1,9,1,,Swords_T1_03=2,1,Rat|Rat|Rat|Rat,companion_join:Rat
457,12801,7,Normal,29,3,3,3,0,45,53,2,4,35,0,2,3,0,3,1,0,0,2,2,0,196,6,9,9,3,0,1,1,9,4,,Swords_T1_03=2,2,Rat|Rat|Rat|Rat|Rat|Rat,companion_join:Rat;companion_join:Rat; +1 levelup
457,12801,8,Normal,25,1,1,0,1,53,2,4,4,0,0,3,3,0,3,3,0,0,0,2,0,2,51,2,0,0,0,1,1,15,3,,Swords_T1_04=2,0,Rat|Rat|Rat|Rat|Rat|Rat,flee×1
457,12801,9,Normal,34,4,4,4,0,2,40,4,4,65,0,3,3,0,5,3,0,1,3,3,0,364,33,18,18,4.5,0,1,1,17,3,,Swords_T1_03=2|Swords_T1_04=1,1,Rat|Rat|Rat|Rat|Rat|Rat|Rat,companion_join:Rat
457,12801,9,Normal,38,3,3,3,0,40,45,4,4,45,0,3,3,0,1,3,0,3,3,1,0,252,24,12,12,4,0,1,1,18,2,,Swords_T1_03=1,1,Rat|Rat|Rat|Rat|Rat|Rat|Rat|Rat,ai_farm;companion_join:Rat
457,12801,9,Normal,35,3,3,3,0,45,38,4,4,30,0,3,3,0,2,0,0,1,3,3,0,168,1,7,7,2.333,0,1,1,18,2,,Swords_T1_03=3,1,Rat|Rat|Rat|Rat|Rat|Rat|Rat|Rat|Rat,ai_farm;companion_join:Rat
457,12801,9,Normal,40,3,3,3,0,38,45,4,4,30,0,3,3,0,1,1,0,0,2,2,0,168,6,6,6,2,0,1,1,18,1,,Swords_T1_03=2,0,Rat|Rat|Rat|Rat|Rat|Rat|Rat|Rat|Rat,ai_farm
457,12801,9,Normal,12,1,1,0,0,45,0,4,4,0,0,3,3,0,0,2,0,0,0,0,0,111,45,5,0,0,1,0,0,18,4,RH=Crude Sword|LH=Crude Sword|BD=Crude Armour|A1=Crude Bracelet|A2=Crude Bracelet,,0,Rat|Rat|Rat|Rat|Rat|Rat|Rat|Rat|Rat,ai_farm; party wiped
458,12802,1,Normal,28,4,4,4,0,37,37,0,0,50,0,1,1,0,4,2,0,3,3,0,0,280,26,14,14,3.5,0,1,1,5,2,,,2,Rat|Rat,floor1_town;companion_join:Rat;companion_join:Rat
458,12802,2,Normal,24,4,4,3,0,37,0,0,0,40,0,1,1,1,3,3,0,0,0,0,0,277,37,11,9,3,1,0,0,5,4,RH=Crude Sword|LH=Crude Sword|BD=Crude Armour|A1=Crude Bracelet|A2=Crude Bracelet,,2,Rat|Rat|Rat|Rat,companion_join:Rat;companion_join:Rat; party wiped
459,12803,1,Normal,26,1,1,1,0,37,37,0,0,20,0,1,1,0,3,1,1,3,3,0,0,112,0,6,6,6,0,1,1,2,4,,,0,-,floor1_town
459,12803,2,Normal,16,2,2,1,0,37,0,0,0,20,0,1,1,1,3,3,0,0,0,0,0,168,37,9,7,7,1,0,0,2,4,RH=Crude Sword|LH=Crude Sword|BD=Crude Armour|A1=Crude Bracelet|A2=Crude Bracelet,,0,-,party wiped
460,12804,1,Normal,40,5,5,5,0,37,37,0,0,45,0,1,1,0,6,0,0,3,3,0,0,252,0,12,12,2.4,0,1,1,6,3,,,3,Rat|Rat|Rat,floor1_town;companion_join:Rat;companion_join:Rat;companion_join:Rat
460,12804,2,Normal,33,2,2,2,0,37,37,0,0,40,0,1,1,2,3,3,0,0,0,0,0,224,0,12,12,6,0,1,1,6,4,,,1,Rat|Rat|Rat|Rat,companion_join:Rat
460,12804,3,Normal,12,2,2,1,0,37,0,0,2,36,0,1,2,1,3,3,0,0,0,1,0,270,44,9,7,7,1,0,0,12,3,RH=Crude Sword|LH=Crude Sword|BD=Crude Armour|A1=Crude Bracelet|A2=Crude Bracelet,Swords_T1_03=1,0,Rat|Rat|Rat|Rat,party wiped; +1 levelup
461,12805,1,Normal,38,7,7,7,0,37,37,0,0,90,0,1,1,0,12,5,1,3,3,0,0,504,16,27,27,3.857,0,1,1,8,4,,,2,Rat|Rat,floor1_town;companion_join:Rat;companion_join:Rat
461,12805,2,Normal,35,5,5,5,0,37,45,0,1,80,0,1,2,2,3,3,0,0,0,2,0,448,-1,18,18,3.6,0,1,1,8,3,,Swords_T1_03=2,1,Rat|Rat|Rat,companion_join:Rat; +1 levelup
461,12805,3,Normal,2,1,1,0,0,45,0,1,1,0,0,2,2,0,0,0,0,0,0,0,0,45,45,2,0,0,1,0,0,8,2,RH=Crude Sword|LH=Crude Sword|BD=Crude Armour|A1=Crude Bracelet|A2=Crude Bracelet,,0,Rat|Rat|Rat,party wiped
462,12806,1,Normal,36,5,5,5,0,37,37,0,0,55,0,1,1,0,2,0,2,3,3,0,0,308,30,12,12,2.4,0,1,1,6,4,,,1,Rat,floor1_town;companion_join:Rat
462,12806,2,Normal,33,5,5,5,0,37,45,0,2,45,0,1,2,0,2,0,2,1,3,0,0,252,8,9,9,1.8,0,1,1,7,2,,,2,Rat|Rat|Rat,companion_join:Rat;companion_join:Rat; +1 levelup
462,12806,3,Normal,25,3,3,3,0,45,45,2,2,84,0,2,2,2,6,5,1,1,3,2,0,420,13,15,15,5,0,1,1,9,2,,Swords_T1_03=2,1,Rat|Rat|Rat|Goblin,companion_join:Goblin
462,12806,4,Normal,40,2,2,2,0,45,35,2,2,40,0,2,2,1,4,4,0,0,2,1,0,224,27,15,15,7.5,0,1,1,10,4,,Swords_T1_03=1,1,Rat|Rat|Rat|Goblin|Rat,companion_join:Rat
462,12806,5,Normal,30,2,2,2,0,35,45,2,2,30,0,2,2,0,1,2,0,2,3,2,0,168,31,7,7,3.5,0,1,1,11,2,,Swords_T1_03=2,1,Rat|Rat|Rat|Goblin|Rat|Rat,companion_join:Rat
462,12806,6,Normal,25,3,3,3,0,45,53,2,5,50,0,2,3,0,2,3,0,0,0,0,0,280,24,13,13,4.333,0,1,1,11,3,,,1,Rat|Rat|Rat|Goblin|Rat|Rat|Rat,companion_join:Rat; +1 levelup
462,12806,7,Normal,40,4,4,3,1,53,53,5,5,50,0,3,3,0,3,2,0,0,1,3,0,282,40,13,11,3.667,0,1,1,12,3,,Swords_T1_03=1|Swords_T1_04=2,0,Rat|Rat|Rat|Goblin|Rat|Rat|Rat,flee×1
462,12806,8,Normal,1,1,1,0,0,53,0,5,5,0,0,3,3,0,3,1,0,0,2,1,0,81,51,2,0,0,1,0,0,18,4,RH=Crude Sword|LH=Crude Sword|BD=Crude Armour|A1=Crude Bracelet|A2=Crude Bracelet,Swords_T1_03=1,0,Rat|Rat|Rat|Goblin|Rat|Rat|Rat,party wiped
463,12807,1,Normal,34,6,6,6,0,37,37,0,0,85,0,1,1,0,9,0,1,3,3,0,0,476,16,21,21,3.5,0,1,1,7,2,,,2,Rat|Rat,floor1_town;companion_join:Rat;companion_join:Rat
463,12807,2,Normal,39,4,4,4,0,37,37,0,2,60,0,1,2,0,5,3,2,1,3,2,0,336,30,16,16,4,0,1,1,8,3,,Swords_T1_03=2,2,Rat|Rat|Rat|Rat,companion_join:Rat;companion_join:Rat; +1 levelup
463,12807,3,Normal,19,3,3,2,0,37,0,2,2,48,0,2,2,4,3,3,0,0,0,3,0,397,42,11,7,3.5,1,0,0,9,4,RH=Crude Sword|LH=Crude Sword|BD=Crude Armour|A1=Crude Bracelet|A2=Crude Bracelet,Swords_T1_03=3,0,Rat|Rat|Rat|Rat,party wiped
464,12808,1,Normal,32,2,2,2,0,37,37,0,0,30,0,1,1,0,5,1,2,3,3,0,0,168,18,10,10,5,0,1,1,3,3,,,2,Rat|Rat,floor1_town;companion_join:Rat;companion_join:Rat
464,12808,2,Normal,39,4,4,4,0,37,37,0,0,45,0,1,1,0,5,1,3,2,3,0,0,252,18,12,12,3,0,1,1,5,2,,,0,Rat|Rat,
464,12808,3,Normal,7,2,2,1,0,37,0,0,2,36,0,1,2,3,3,3,1,0,0,0,0,247,46,9,7,7,1,0,0,11,3,RH=Crude Sword|LH=Crude Sword|BD=Crude Armour|A1=Crude Bracelet|A2=Crude Bracelet,,0,Rat|Rat,party wiped; +1 levelup
465,12809,1,Normal,7,1,1,0,0,37,0,0,0,0,0,1,1,0,3,3,0,0,0,0,0,109,37,7,0,0,1,0,0,1,4,RH=Crude Sword|LH=Crude Sword|BD=Crude Armour|A1=Crude Bracelet|A2=Crude Bracelet,,0,-,floor1_town; party wiped
466,12810,1,Normal,28,3,3,3,0,37,37,0,0,50,0,1,1,1,7,4,1,3,3,0,0,280,8,16,16,5.333,0,1,1,4,4,,,0,-,floor1_town
466,12810,2,Normal,35,3,3,3,0,37,37,0,0,35,0,1,1,0,3,2,1,0,1,0,0,196,8,9,9,3,0,1,1,5,4,,,0,-,
466,12810,3,Normal,29,2,2,2,0,37,44,0,3,36,0,1,2,0,3,1,3,0,2,0,0,180,0,6,6,3,0,1,1,17,2,,,0,-,+1 levelup
466,12810,4,Normal,26,3,3,3,0,44,36,3,3,45,0,2,2,2,0,2,1,0,0,1,0,252,7,12,12,4,0,1,1,17,2,,Swords_T1_03=1,1,Rat,companion_join:Rat
466,12810,5,Normal,34,4,4,4,0,36,36,3,3,45,0,2,2,1,2,0,0,1,3,2,0,252,19,13,13,3.25,0,1,1,18,3,,Swords_T1_03=2,1,Rat|Rat,companion_join:Rat
466,12810,6,Normal,6,2,2,1,0,36,0,3,3,15,0,2,2,0,1,3,0,0,0,2,0,195,34,10,4,4,1,0,0,18,4,RH=Crude Sword|LH=Crude Sword|BD=Crude Armour|A1=Crude Bracelet|A2=Crude Bracelet,Swords_T1_03=2,1,Rat|Rat|Rat,companion_join:Rat; party wiped
467,12811,1,Normal,26,1,1,1,0,37,37,0,0,10,0,1,1,0,0,0,0,3,3,0,0,56,8,2,2,2,0,1,1,2,2,,,1,Rat,floor1_town;companion_join:Rat
467,12811,2,Normal,31,4,4,4,0,37,37,0,0,70,0,1,1,1,7,5,0,0,1,0,0,392,21,22,22,5.5,0,1,1,4,4,,,2,Rat|Rat|Rat,companion_join:Rat;companion_join:Rat
467,12811,3,Normal,29,3,3,3,0,37,46,0,3,84,0,1,2,1,6,5,0,0,1,2,0,420,12,13,13,4.333,0,1,1,11,2,,Swords_T1_03=2,2,Rat|Rat|Rat|Goblin|Goblin,companion_join:Goblin;companion_join:Goblin; +1 levelup
467,12811,4,Normal,29,4,4,4,0,46,46,3,3,50,0,2,2,0,3,1,0,0,3,2,0,280,12,14,14,3.5,0,1,1,12,3,,Swords_T1_03=2,0,Rat|Rat|Rat|Goblin|Goblin,
467,12811,5,Normal,28,2,2,2,0,46,45,3,3,25,0,2,2,0,0,2,0,0,1,1,0,140,0,5,5,2.5,0,1,1,12,2,,Swords_T1_03=1,1,Rat|Rat|Rat|Goblin|Goblin|Rat,companion_join:Rat
467,12811,6,Normal,34,3,3,3,0,45,37,3,3,35,0,2,2,0,0,1,0,3,3,2,0,196,51,8,8,2.667,0,1,1,13,2,,Swords_T1_03=2,2,Rat|Rat|Rat|Goblin|Goblin|Rat|Rat|Rat,companion_join:Rat;companion_join:Rat
467,12811,7,Normal,37,5,5,5,0,37,53,3,4,45,0,2,3,0,3,1,0,0,2,2,0,252,-10,12,12,2.4,0,1,1,13,1,,Swords_T1_03=2,0,Rat|Rat|Rat|Goblin|Goblin|Rat|Rat|Rat,+1 levelup
467,12811,8,Normal,8,1,1,0,0,53,0,4,4,0,0,3,3,0,3,2,0,0,1,1,0,79,55,3,0,0,1,0,0,19,2,RH=Crude Sword|LH=Crude Sword|BD=Crude Armour|A1=Crude Bracelet|A2=Crude Bracelet,Swords_T1_04=1,0,Rat|Rat|Rat|Goblin|Goblin|Rat|Rat|Rat,party wiped
468,12812,1,Normal,40,4,4,4,0,37,37,0,0,35,0,1,1,0,4,2,1,3,3,0,0,196,0,12,12,3,0,1,1,5,1,,,2,Rat|Rat,floor1_town;companion_join:Rat;companion_join:Rat
468,12812,2,Normal,33,5,5,5,0,37,37,0,0,55,0,1,1,0,3,0,2,3,3,0,0,308,24,14,14,2.8,0,1,1,8,2,,,2,Rat|Rat|Rat|Rat,companion_join:Rat;companion_join:Rat
468,12812,3,Normal,1,1,1,0,0,37,0,0,0,0,0,1,1,3,3,3,0,0,0,0,0,120,37,5,0,0,1,0,0,14,4,RH=Crude Sword|LH=Crude Sword|BD=Crude Armour|A1=Crude Bracelet|A2=Crude Bracelet,,0,Rat|Rat|Rat|Rat,party wiped
469,12813,1,Normal,37,4,4,4,0,37,37,0,0,55,0,1,1,0,5,1,0,3,3,0,0,308,0,13,13,3.25,0,1,1,5,3,,,0,-,floor1_town
469,12813,2,Normal,26,1,1,1,0,37,29,0,0,10,0,1,1,0,0,0,0,3,3,0,0,56,8,2,2,2,0,1,1,5,2,,,0,-,
469,12813,3,Normal,8,1,1,0,0,29,0,0,0,0,0,1,1,1,3,3,1,0,0,0,0,112,37,3,0,0,1,0,0,11,4,RH=Crude Sword|LH=Crude Sword|BD=Crude Armour|A1=Crude Bracelet|A2=Crude Bracelet,,0,-,party wiped
470,12814,1,Normal,35,3,3,3,0,37,37,0,0,30,0,1,1,0,0,0,1,3,3,0,0,168,16,6,6,2,0,1,1,4,2,,,0,-,floor1_town
470,12814,2,Normal,39,3,3,3,0,37,29,0,0,30,0,1,1,0,3,0,2,1,3,0,0,168,22,9,9,3,0,1,1,6,3,,,1,Rat,companion_join:Rat
470,12814,3,Normal,37,5,5,5,0,29,16,0,2,132,0,1,2,3,9,6,0,0,0,2,0,660,71,26,26,5.2,0,1,1,19,2,,Swords_T1_03=2,1,Rat|Goblin,companion_join:Goblin; +1 levelup
470,12814,4,Normal,34,2,2,2,0,16,45,2,2,20,0,2,2,0,1,0,0,2,3,2,0,112,-1,4,4,2,0,1,1,20,2,,Swords_T1_03=2,0,Rat|Goblin,
470,12814,5,Normal,25,3,3,3,0,45,38,2,2,40,0,2,2,0,2,3,0,0,0,3,0,224,4,11,11,3.667,0,1,1,20,4,,Swords_T1_03=3,1,Rat|Goblin|Rat,companion_join:Rat
470,12814,6,Normal,2,1,1,0,0,38,0,2,2,0,0,2,2,0,0,0,0,0,0,1,0,28,37,2,0,0,1,0,0,20,3,RH=Crude Sword|LH=Crude Sword|BD=Crude Armour|A1=Crude Bracelet|A2=Crude Bracelet,Swords_T1_03=1,0,Rat|Goblin|Rat,party wiped
471,12815,1,Normal,33,3,3,3,0,37,37,0,0,50,0,1,1,0,7,1,2,3,3,0,0,280,8,13,13,4.333,0,1,1,4,4,,,1,Rat,floor1_town;companion_join:Rat
471,12815,2,Normal,30,4,4,4,0,37,37,0,0,40,0,1,1,0,3,3,3,3,3,0,0,224,8,11,11,2.75,0,1,1,5,2,,,2,Rat|Rat|Rat,companion_join:Rat;companion_join:Rat
471,12815,3,Normal,23,2,2,1,0,37,0,0,1,12,0,1,2,3,3,3,0,0,0,1,0,296,44,12,3,3,1,0,0,11,4,RH=Crude Sword|LH=Crude Sword|BD=Crude Armour|A1=Crude Bracelet|A2=Crude Bracelet,Swords_T1_03=1,0,Rat|Rat|Rat,party wiped; +1 levelup
472,12816,1,Normal,31,4,4,4,0,37,37,0,0,50,0,1,1,0,5,0,1,3,3,0,0,280,8,14,14,3.5,0,1,1,5,1,,,1,Rat,floor1_town;companion_join:Rat
472,12816,2,Normal,26,2,2,2,0,37,29,0,0,20,0,1,1,0,0,0,1,3,3,0,0,112,16,4,4,2,0,1,1,6,2,,,0,Rat,
472,12816,3,Normal,4,1,1,0,0,29,0,0,0,0,0,1,1,2,3,3,0,0,0,0,0,98,37,5,0,0,1,0,0,12,3,RH=Crude Sword|LH=Crude Sword|BD=Crude Armour|A1=Crude Bracelet|A2=Crude Bracelet,,0,Rat,party wiped
473,12817,1,Normal,29,3,3,3,0,37,37,0,0,50,0,1,1,2,6,6,0,3,3,0,0,280,9,17,17,5.667,0,1,1,4,4,,,1,Rat,floor1_town;companion_join:Rat
473,12817,2,Normal,31,4,4,4,0,37,44,0,2,55,0,1,2,0,4,3,0,2,3,0,0,308,8,14,14,3.5,0,1,1,5,2,,,1,Rat|Rat,companion_join:Rat; +1 levelup
473,12817,3,Normal,27,1,1,1,0,44,16,2,2,36,0,2,2,1,2,3,0,0,0,0,0,180,28,6,6,6,0,1,1,5,3,,,1,Rat|Rat|Goblin,companion_join:Goblin
473,12817,4,Normal,25,4,4,4,0,16,36,2,2,45,0,2,2,0,3,1,0,0,2,2,0,252,6,11,11,2.75,0,1,1,6,3,,Swords_T1_03=2,0,Rat|Rat|Goblin,
473,12817,5,Normal,34,6,6,6,0,36,35,2,2,55,0,2,2,0,0,2,0,3,3,1,0,308,13,12,12,2,0,1,1,7,1,,Swords_T1_03=1,3,Rat|Rat|Goblin|Rat|Rat|Rat,companion_join:Rat;companion_join:Rat;companion_join:Rat
473,12817,6,Normal,34,3,3,3,0,35,29,2,2,35,0,2,2,0,3,3,0,0,0,2,0,196,4,11,11,3.667,0,1,1,7,1,,Swords_T1_03=2,2,Rat|Rat|Goblin|Rat|Rat|Rat|Rat|Rat,companion_join:Rat;companion_join:Rat
473,12817,7,Normal,39,3,3,3,0,29,44,2,3,40,0,2,3,0,3,1,0,0,2,2,0,224,7,8,8,2.667,0,1,1,8,3,,Swords_T1_03=2,1,Rat|Rat|Goblin|Rat|Rat|Rat|Rat|Rat|Rat,companion_join:Rat; +1 levelup
473,12817,8,Normal,25,2,2,1,0,44,0,3,3,60,0,3,3,0,5,2,0,1,3,2,0,151,59,6,5,5,1,0,0,20,3,RH=Crude Sword|LH=Crude Sword|BD=Crude Armour|A1=Crude Bracelet|A2=Crude Bracelet,Swords_T1_04=2,0,Rat|Rat|Goblin|Rat|Rat|Rat|Rat|Rat|Rat,party wiped
474,12818,1,Normal,27,5,5,5,0,37,37,0,0,80,0,1,1,0,12,2,1,3,3,0,0,448,8,21,21,4.2,0,1,1,6,3,,,1,Rat,floor1_town;companion_join:Rat
474,12818,2,Normal,31,5,5,5,0,37,26,0,2,70,0,1,2,1,3,3,1,0,0,1,0,392,33,20,20,4,0,1,1,7,2,,Swords_T1_03=1,1,Rat|Rat,companion_join:Rat; +1 levelup
474,12818,3,Normal,17,2,2,1,0,26,0,2,2,12,0,2,2,3,3,3,0,0,0,1,0,236,43,8,2,2,1,0,0,8,4,RH=Crude Sword|LH=Crude Sword|BD=Crude Armour|A1=Crude Bracelet|A2=Crude Bracelet,Swords_T1_03=1,0,Rat|Rat,party wiped
475,12819,1,Normal,25,2,2,2,0,37,37,0,0,25,0,1,1,0,3,1,2,3,3,0,0,140,8,6,6,3,0,1,1,3,4,,,1,Rat,floor1_town;companion_join:Rat
475,12819,2,Normal,32,3,3,3,0,37,29,0,0,30,0,1,1,0,0,0,3,3,3,0,0,168,24,6,6,2,0,1,1,5,2,,,0,Rat,
475,12819,3,Normal,4,1,1,0,0,29,0,0,0,0,0,1,1,3,3,3,1,0,0,0,0,126,37,4,0,0,1,0,0,11,4,RH=Crude Sword|LH=Crude Sword|BD=Crude Armour|A1=Crude Bracelet|A2=Crude Bracelet,,0,Rat,party wiped
476,12820,1,Normal,39,4,4,4,0,37,37,0,0,25,0,1,1,0,1,0,0,3,3,0,0,140,0,5,5,1.25,0,1,1,5,2,,,1,Rat,floor1_town;companion_join:Rat
476,12820,2,Normal,33,3,3,3,0,37,37,0,0,30,0,1,1,0,3,0,1,0,3,0,0,168,0,8,8,2.667,0,1,1,5,3,,,2,Rat|Rat|Rat,companion_join:Rat;companion_join:Rat
476,12820,3,Normal,25,1,1,1,0,37,37,0,0,12,0,1,1,0,0,0,2,3,3,0,0,60,0,2,2,2,0,1,1,11,1,,,0,Rat|Rat|Rat,
476,12820,4,Normal,36,6,6,6,0,37,32,0,2,65,0,1,2,1,3,3,1,0,0,1,0,364,28,16,16,2.667,0,1,1,12,4,,Swords_T1_03=1,3,Rat|Rat|Rat|Rat|Rat|Rat,companion_join:Rat;companion_join:Rat;companion_join:Rat; +1 levelup
476,12820,5,Normal,35,4,4,4,0,32,45,2,2,45,0,2,2,0,3,1,1,0,2,2,0,252,-2,10,10,2.5,0,1,1,13,2,,Swords_T1_03=2,0,Rat|Rat|Rat|Rat|Rat|Rat,
476,12820,6,Normal,25,4,4,4,0,45,32,2,2,45,0,2,2,0,0,2,1,3,3,2,0,252,35,11,11,2.75,0,1,1,14,2,,Swords_T1_03=2,1,Rat|Rat|Rat|Rat|Rat|Rat|Rat,companion_join:Rat
476,12820,7,Normal,25,3,3,2,1,32,8,2,2,40,0,2,2,1,3,3,0,0,0,1,0,252,36,13,12,6,0,1,1,15,4,,Swords_T1_03=1,0,Rat|Rat|Rat|Rat|Rat|Rat|Rat,flee×1
476,12820,8,Normal,1,1,1,0,0,8,0,2,2,0,0,2,2,0,2,0,0,1,3,2,0,116,43,2,0,0,1,0,0,21,3,RH=Crude Sword|LH=Crude Sword|BD=Crude Armour|A1=Crude Bracelet|A2=Crude Bracelet,Swords_T1_03=2,0,Rat|Rat|Rat|Rat|Rat|Rat|Rat,party wiped
477,12821,1,Normal,37,4,4,4,0,37,37,0,0,45,0,1,1,0,6,5,2,3,3,0,0,252,24,14,14,3.5,0,1,1,5,3,,,3,Rat|Rat|Rat,floor1_town;companion_join:Rat;companion_join:Rat;companion_join:Rat
477,12821,2,Normal,36,3,3,3,0,37,37,0,0,35,0,1,1,0,3,1,4,0,2,0,0,196,0,8,8,2.667,0,1,1,5,1,,,0,Rat|Rat|Rat,
477,12821,3,Normal,27,2,2,2,0,37,45,0,2,48,0,1,2,2,5,3,3,0,0,0,0,240,16,11,11,5.5,0,1,1,17,3,,,0,Rat|Rat|Rat,+1 levelup
477,12821,4,Normal,35,3,3,3,0,45,45,2,2,50,0,2,2,2,3,3,1,0,0,2,0,280,22,17,17,5.667,0,1,1,18,4,,Swords_T1_03=2,1,Rat|Rat|Rat|Rat,companion_join:Rat
477,12821,5,Normal,36,3,3,3,0,45,29,2,2,50,0,2,2,1,3,3,0,0,0,2,0,280,30,14,14,4.667,0,1,1,19,3,,Swords_T1_03=2,1,Rat|Rat|Rat|Rat|Rat,companion_join:Rat
477,12821,6,Normal,30,4,4,4,0,29,37,2,2,45,0,2,2,0,3,2,0,0,1,2,0,252,6,14,14,3.5,0,1,1,20,4,,Swords_T1_03=2,1,Rat|Rat|Rat|Rat|Rat|Rat,companion_join:Rat
477,12821,7,Normal,18,4,4,2,1,37,0,2,4,40,0,2,3,0,3,4,0,0,0,2,0,307,82,16,11,5.5,1,0,0,21,3,RH=Crude Sword|LH=Crude Sword|BD=Crude Armour|A1=Crude Bracelet|A2=Crude Bracelet,Swords_T1_03=2,1,Rat|Rat|Rat|Rat|Rat|Rat|Rat,companion_join:Rat; party wiped; +1 levelup; flee×1
478,12822,1,Normal,35,5,5,5,0,37,37,0,0,55,0,1,1,0,5,0,0,3,3,0,0,308,24,15,15,3,0,1,1,6,1,,,0,-,floor1_town
478,12822,2,Normal,29,2,2,2,0,37,37,0,0,20,0,1,1,0,0,0,2,3,3,0,0,112,8,4,4,2,0,1,1,7,2,,,0,-,
478,12822,3,Normal,28,0,0,0,0,37,37,0,0,0,0,1,1,0,0,0,4,3,3,0,0,0,0,0,0,0,0,1,1,7,0,,,0,-,
478,12822,4,Normal,40,4,4,4,0,37,45,0,2,25,0,1,2,0,1,0,4,2,3,0,0,140,0,5,5,1.25,0,1,1,7,1,,,0,-,+1 levelup
478,12822,5,Normal,33,3,3,3,0,45,45,2,2,35,0,2,2,0,2,1,4,0,2,2,0,196,-2,8,8,2.667,0,1,1,7,4,,Swords_T1_03=2,2,Rat|Rat,companion_join:Rat;companion_join:Rat
478,12822,6,Normal,35,6,6,6,0,45,45,2,2,100,0,2,2,2,6,5,2,0,2,6,0,560,24,25,25,4.167,0,1,1,9,4,,Swords_T1_03=6,0,Rat|Rat,
478,12822,7,Normal,32,4,4,4,0,45,32,2,2,60,0,2,2,1,3,2,1,0,3,4,0,336,23,13,13,3.25,0,1,1,10,4,,Swords_T1_03=4,1,Rat|Rat|Rat,companion_join:Rat
478,12822,8,Normal,16,2,2,1,0,32,0,2,4,60,0,2,3,1,5,3,0,0,0,5,0,320,56,6,3,3,1,0,0,22,3,RH=Crude Sword|LH=Crude Sword|BD=Crude Armour|A1=Crude Bracelet|A2=Crude Bracelet,Swords_T1_03=5,0,Rat|Rat|Rat,party wiped; +1 levelup
479,12823,1,Normal,33,4,4,4,0,37,37,0,0,60,0,1,1,0,9,1,1,3,3,0,0,336,16,17,17,4.25,0,1,1,5,4,,,0,-,floor1_town
479,12823,2,Normal,29,3,3,3,0,37,45,0,3,55,0,1,2,1,6,3,0,0,3,0,0,308,18,17,17,5.667,0,1,1,6,4,,,3,Rat|Rat|Rat,companion_join:Rat;companion_join:Rat;companion_join:Rat; +1 levelup
479,12823,3,Normal,26,5,5,2,2,45,0,3,3,36,0,2,2,1,6,9,0,0,0,2,0,508,121,15,6,3,1,0,0,8,4,RH=Crude Sword|LH=Crude Sword|BD=Crude Armour|A1=Crude Bracelet|A2=Crude Bracelet,Swords_T1_03=2,1,Rat|Rat|Rat|Goblin,companion_join:Goblin; party wiped; flee×2
480,12824,1,Normal,31,4,4,4,0,37,37,0,0,55,0,1,1,0,4,0,0,3,3,0,0,308,32,14,14,3.5,0,1,1,5,2,,,1,Rat,floor1_town;companion_join:Rat
480,12824,2,Normal,34,5,5,5,0,37,38,0,3,65,0,1,2,0,5,3,1,0,0,1,0,364,23,18,18,3.6,0,1,1,7,4,,Swords_T1_03=1,1,Rat|Rat,companion_join:Rat; +1 levelup
480,12824,3,Normal,8,2,2,1,0,38,0,3,3,24,0,2,2,1,6,6,0,0,0,3,0,247,65,9,6,6,1,0,0,9,4,RH=Crude Sword|LH=Crude Sword|BD=Crude Armour|A1=Crude Bracelet|A2=Crude Bracelet,Swords_T1_03=3,0,Rat|Rat,party wiped
481,12825,1,Normal,29,4,4,4,0,37,37,0,0,35,0,1,1,0,2,0,1,3,3,0,0,196,16,8,8,2,0,1,1,5,2,,,2,Rat|Rat,floor1_town;companion_join:Rat;companion_join:Rat
481,12825,2,Normal,26,2,2,2,0,37,29,0,0,35,0,1,1,0,3,1,2,0,2,0,0,196,8,8,8,4,0,1,1,5,4,,,1,Rat|Rat|Rat,companion_join:Rat
481,12825,3,Normal,22,2,2,1,0,29,0,0,0,24,0,1,1,1,6,4,2,0,0,0,0,211,37,8,4,4,1,0,0,17,3,RH=Crude Sword|LH=Crude Sword|BD=Crude Armour|A1=Crude Bracelet|A2=Crude Bracelet,,1,Rat|Rat|Rat|Goblin,companion_join:Goblin; party wiped
482,12826,1,Normal,27,4,4,4,0,37,37,0,0,60,0,1,1,0,6,0,2,3,3,0,0,336,16,14,14,3.5,0,1,1,5,3,,,2,Rat|Rat,floor1_town;companion_join:Rat;companion_join:Rat
482,12826,2,Normal,34,3,3,3,0,37,29,0,0,30,0,1,1,0,2,0,2,1,3,0,0,168,16,7,7,2.333,0,1,1,6,3,,,1,Rat|Rat|Rat,companion_join:Rat
482,12826,3,Normal,1,1,1,0,0,29,0,0,0,0,0,1,1,1,3,3,2,0,0,0,0,88,37,3,0,0,1,0,0,12,4,RH=Crude Sword|LH=Crude Sword|BD=Crude Armour|A1=Crude Bracelet|A2=Crude Bracelet,,0,Rat|Rat|Rat,party wiped
483,12827,1,Normal,25,2,2,2,0,37,37,0,0,30,0,1,1,0,3,3,1,3,3,0,0,168,22,9,9,4.5,0,1,1,3,2,,,0,-,floor1_town
483,12827,2,Normal,29,4,4,4,0,37,29,0,0,35,0,1,1,0,0,0,1,3,3,0,0,196,22,8,8,2,0,1,1,5,2,,,1,Rat,companion_join:Rat
483,12827,3,Normal,10,2,2,1,0,29,0,0,2,36,0,1,2,2,3,3,0,0,0,0,0,208,68,7,6,6,1,0,0,11,4,RH=Crude Sword|LH=Crude Sword|BD=Crude Armour|A1=Crude Bracelet|A2=Crude Bracelet,,0,Rat,party wiped; +1 levelup
484,12828,1,Normal,39,7,7,7,0,37,37,0,0,85,0,1,1,0,10,2,2,3,3,0,0,476,8,27,27,3.857,0,1,1,8,3,,,3,Rat|Rat|Rat,floor1_town;companion_join:Rat;companion_join:Rat;companion_join:Rat
484,12828,2,Normal,27,5,5,5,0,37,38,0,2,60,0,1,2,0,3,3,4,0,0,2,0,336,13,15,15,3,0,1,1,8,1,,Swords_T1_03=2,0,Rat|Rat|Rat,+1 levelup
484,12828,3,Normal,35,4,4,4,0,38,29,2,2,120,0,2,2,4,6,6,0,0,0,3,0,600,47,23,23,5.75,0,1,1,10,3,,Swords_T1_03=3,1,Rat|Rat|Rat|Goblin,companion_join:Goblin
484,12828,4,Normal,32,3,3,3,0,29,44,2,2,30,0,2,2,0,3,0,0,0,3,2,0,168,-1,6,6,2,0,1,1,11,1,,Swords_T1_03=2,1,Rat|Rat|Rat|Goblin|Rat,companion_join:Rat
484,12828,5,Normal,33,4,4,3,1,44,46,2,4,40,0,2,3,0,1,3,0,2,3,2,0,280,47,11,9,3,0,1,1,12,3,,Swords_T1_03=2,0,Rat|Rat|Rat|Goblin|Rat,+1 levelup; flee×1
484,12828,6,Normal,27,5,5,3,1,46,0,4,4,45,0,3,3,0,5,6,0,0,0,5,0,416,82,19,9,3,1,0,0,13,4,RH=Crude Sword|LH=Crude Sword|BD=Crude Armour|A1=Crude Bracelet|A2=Crude Bracelet,Swords_T1_03=3|Swords_T1_04=2,0,Rat|Rat|Rat|Goblin|Rat,party wiped; flee×1
485,12829,1,Normal,37,4,4,4,0,37,37,0,0,55,0,1,1,0,7,0,0,3,3,0,0,308,8,14,14,3.5,0,1,1,5,3,,,1,Rat,floor1_town;companion_join:Rat
485,12829,2,Normal,34,3,3,3,0,37,37,0,0,30,0,1,1,0,3,0,2,2,3,0,0,168,8,7,7,2.333,0,1,1,6,2,,,0,Rat,
485,12829,3,Normal,17,3,3,2,0,37,0,0,3,60,0,1,2,3,6,6,0,0,0,2,0,450,81,17,10,5,1,0,0,13,4,RH=Crude Sword|LH=Crude Sword|BD=Crude Armour|A1=Crude Bracelet|A2=Crude Bracelet,Swords_T1_03=2,0,Rat,party wiped; +1 levelup
486,12830,1,Normal,35,4,4,4,0,37,37,0,0,35,0,1,1,0,2,0,2,3,3,0,0,196,16,8,8,2,0,1,1,5,3,,,2,Rat|Rat,floor1_town;companion_join:Rat;companion_join:Rat
486,12830,2,Normal,37,5,5,5,0,37,37,0,0,60,0,1,1,0,6,4,4,0,0,0,0,336,8,17,17,3.4,0,1,1,6,4,,,2,Rat|Rat|Rat|Rat,companion_join:Rat;companion_join:Rat
486,12830,3,Normal,40,4,4,3,0,37,0,0,1,60,0,1,2,1,3,3,3,0,0,3,0,416,42,10,8,2.667,1,0,0,12,4,RH=Crude Sword|LH=Crude Sword|BD=Crude Armour|A1=Crude Bracelet|A2=Crude Bracelet,Swords_T1_03=3,0,Rat|Rat|Rat|Rat,party wiped; +1 levelup
487,12831,1,Normal,33,2,2,2,0,37,37,0,0,10,0,1,1,0,0,0,0,3,3,0,0,56,0,2,2,1,0,1,1,3,1,,,1,Rat,floor1_town;companion_join:Rat
487,12831,2,Normal,33,4,4,4,0,37,29,0,0,45,0,1,1,0,4,1,2,2,3,0,0,252,18,13,13,3.25,0,1,1,4,3,,,1,Rat|Rat,companion_join:Rat
487,12831,3,Normal,26,3,3,3,0,29,21,0,1,60,0,1,2,2,3,3,1,0,0,0,0,300,27,12,12,4,0,1,1,16,1,,,1,Rat|Rat|Goblin,companion_join:Goblin; +1 levelup
487,12831,4,Normal,40,3,3,3,0,21,38,1,1,40,0,2,2,0,3,1,1,0,2,1,0,224,7,11,11,3.667,0,1,1,17,3,,Swords_T1_03=1,0,Rat|Rat|Goblin,
487,12831,5,Normal,35,3,3,3,0,38,46,1,1,35,0,2,2,0,0,2,1,3,3,0,0,196,16,8,8,2.667,0,1,1,18,1,,,1,Rat|Rat|Goblin|Rat,companion_join:Rat
487,12831,6,Normal,40,5,5,5,0,46,46,1,1,45,0,2,2,0,3,2,1,0,1,4,0,252,10,11,11,2.2,0,1,1,18,1,,Swords_T1_03=4,2,Rat|Rat|Goblin|Rat|Rat|Rat,companion_join:Rat;companion_join:Rat
487,12831,7,Normal,33,4,4,4,0,46,25,1,1,40,0,2,2,1,0,1,0,0,0,0,0,224,21,10,10,2.5,0,1,1,18,4,,,1,Rat|Rat|Goblin|Rat|Rat|Rat|Rat,companion_join:Rat
487,12831,8,Normal,3,1,1,0,0,25,0,1,1,0,0,2,2,0,3,2,0,0,1,1,0,105,45,2,0,0,1,0,0,24,4,RH=Crude Sword|LH=Crude Sword|BD=Crude Armour|A1=Crude Bracelet|A2=Crude Bracelet,Swords_T1_03=1,0,Rat|Rat|Goblin|Rat|Rat|Rat|Rat,party wiped
488,12832,1,Normal,31,6,6,6,0,37,37,0,0,60,0,1,1,0,7,1,2,3,3,0,0,336,6,17,17,2.833,0,1,1,7,1,,,2,Rat|Rat,floor1_town;companion_join:Rat;companion_join:Rat
488,12832,2,Normal,35,3,3,3,0,37,29,0,0,25,0,1,1,0,1,0,3,2,3,0,0,140,8,6,6,2,0,1,1,7,2,,,1,Rat|Rat|Rat,companion_join:Rat
488,12832,3,Normal,32,3,3,3,0,29,2,0,3,84,0,1,2,5,3,3,0,0,0,2,0,420,41,14,14,4.667,0,1,1,13,4,,Swords_T1_03=2,1,Rat|Rat|Rat|Goblin,companion_join:Goblin; +1 levelup
488,12832,4,Normal,31,4,4,4,0,2,45,3,3,40,0,2,2,0,2,0,0,1,3,3,0,224,-3,8,8,2,0,1,1,14,2,,Swords_T1_03=3,3,Rat|Rat|Rat|Goblin|Rat|Rat|Rat,companion_join:Rat;companion_join:Rat;companion_join:Rat
488,12832,5,Normal,29,3,3,3,0,45,7,3,3,45,0,2,2,0,1,3,0,0,0,1,0,252,37,13,13,4.333,0,1,1,14,3,,Swords_T1_03=1,2,Rat|Rat|Rat|Goblin|Rat|Rat|Rat|Rat|Rat,companion_join:Rat;companion_join:Rat
488,12832,6,Normal,34,4,4,4,0,7,54,3,4,55,0,2,3,0,4,3,0,0,0,3,0,308,27,14,14,3.5,0,1,1,16,3,,Swords_T1_03=3,1,Rat|Rat|Rat|Goblin|Rat|Rat|Rat|Rat|Rat|Rat,companion_join:Rat; +1 levelup
488,12832,7,Normal,35,6,6,5,1,54,54,4,4,50,0,3,3,0,3,2,0,0,1,6,0,336,51,18,16,3.2,0,1,1,17,3,,Swords_T1_03=3|Swords_T1_04=3,3,Rat|Rat|Rat|Goblin|Rat|Rat|Rat|Rat|Rat|Rat|Rat|Rat|Rat,companion_join:Rat;companion_join:Rat;companion_join:Rat; flee×1
488,12832,8,Normal,1,1,1,0,0,54,0,4,4,0,0,3,3,0,3,3,0,0,0,2,0,103,52,3,0,0,1,0,0,23,2,RH=Crude Sword|LH=Crude Sword|BD=Crude Armour|A1=Crude Bracelet|A2=Crude Bracelet,Swords_T1_03=1|Swords_T1_04=1,0,Rat|Rat|Rat|Goblin|Rat|Rat|Rat|Rat|Rat|Rat|Rat|Rat|Rat,party wiped
489,12833,1,Normal,29,4,4,4,0,37,37,0,0,55,0,1,1,0,7,3,0,3,3,0,0,308,0,13,13,3.25,0,1,1,5,4,,,3,Rat|Rat|Rat,floor1_town;companion_join:Rat;companion_join:Rat;companion_join:Rat
489,12833,2,Normal,35,6,6,6,0,37,44,0,3,70,0,1,2,0,6,5,0,0,1,2,0,392,20,19,19,3.167,0,1,1,7,1,,Swords_T1_03=2,1,Rat|Rat|Rat|Rat,companion_join:Rat; +1 levelup
489,12833,3,Normal,29,2,2,2,0,44,31,3,3,36,0,2,2,1,0,1,0,0,0,0,0,180,13,6,6,3,0,1,1,7,2,,,0,Rat|Rat|Rat|Rat,
489,12833,4,Normal,26,3,3,3,0,31,45,3,3,30,0,2,2,0,2,0,0,1,3,1,0,168,-1,8,8,2.667,0,1,1,8,2,,Swords_T1_03=1,0,Rat|Rat|Rat|Rat,
489,12833,5,Normal,6,2,2,1,0,45,0,3,3,15,0,2,2,0,1,3,0,0,0,2,0,195,57,10,5,5,1,0,0,8,4,RH=Crude Sword|LH=Crude Sword|BD=Crude Armour|A1=Crude Bracelet|A2=Crude Bracelet,Swords_T1_03=2,0,Rat|Rat|Rat|Rat,party wiped
490,12834,1,Normal,27,3,3,3,0,37,37,0,0,60,0,1,1,0,9,8,1,3,3,0,0,336,0,17,17,5.667,0,1,1,4,4,,,0,-,floor1_town
490,12834,2,Normal,40,4,4,4,0,37,45,0,1,55,0,1,2,0,5,3,2,0,0,1,0,308,8,14,14,3.5,0,1,1,5,1,,Swords_T1_03=1,1,Rat,companion_join:Rat; +1 levelup
490,12834,3,Normal,9,2,2,1,0,45,0,1,1,12,0,2,2,2,0,0,0,0,0,2,0,176,43,4,1,1,1,0,0,5,4,RH=Crude Sword|LH=Crude Sword|BD=Crude Armour|A1=Crude Bracelet|A2=Crude Bracelet,Swords_T1_03=2,0,Rat,party wiped
491,12835,1,Normal,25,2,2,2,0,37,37,0,0,20,0,1,1,0,1,0,0,3,3,0,0,112,8,5,5,2.5,0,1,1,3,3,,,1,Rat,floor1_town;companion_join:Rat
491,12835,2,Normal,36,6,6,6,0,37,29,0,0,70,0,1,1,0,5,1,0,0,2,0,0,392,16,17,17,2.833,0,1,1,4,4,,,0,Rat,
491,12835,3,Normal,30,4,4,2,1,29,0,0,3,60,0,1,2,1,6,6,0,0,0,2,0,476,122,15,9,4.5,1,0,0,11,3,RH=Crude Sword|LH=Crude Sword|BD=Crude Armour|A1=Crude Bracelet|A2=Crude Bracelet,Swords_T1_03=2,0,Rat,party wiped; +1 levelup; flee×1
492,12836,1,Normal,39,5,5,5,0,37,37,0,0,55,0,1,1,0,4,3,1,3,3,0,0,308,36,17,17,3.4,0,1,1,6,4,,,0,-,floor1_town
492,12836,2,Normal,28,2,2,2,0,37,29,0,0,20,0,1,1,0,1,0,3,2,3,0,0,112,8,5,5,2.5,0,1,1,6,3,,,0,-,
492,12836,3,Normal,18,1,1,0,0,29,0,0,0,0,0,1,1,3,3,3,0,0,0,0,0,179,37,5,0,0,1,0,0,12,4,RH=Crude Sword|LH=Crude Sword|BD=Crude Armour|A1=Crude Bracelet|A2=Crude Bracelet,,0,-,party wiped
493,12837,1,Normal,37,4,4,4,0,37,37,0,0,60,0,1,1,0,7,3,2,3,3,0,0,336,16,18,18,4.5,0,1,1,5,4,,,2,Rat|Rat,floor1_town;companion_join:Rat;companion_join:Rat
493,12837,2,Normal,28,3,3,3,0,37,45,0,2,55,0,1,2,0,6,4,2,0,1,0,0,308,16,17,17,5.667,0,1,1,6,4,,,1,Rat|Rat|Rat,companion_join:Rat; +1 levelup
493,12837,3,Normal,34,4,4,4,0,45,44,2,2,60,0,2,2,0,3,1,4,0,3,3,0,300,14,9,9,2.25,0,1,1,7,1,,Swords_T1_03=3,1,Rat|Rat|Rat|Goblin,companion_join:Goblin
493,12837,4,Normal,29,4,4,4,0,44,45,2,2,55,0,2,2,0,3,6,4,0,0,0,0,308,23,16,16,4,0,1,1,8,2,,,0,Rat|Rat|Rat|Goblin,
493,12837,5,Normal,37,4,4,4,0,45,24,2,2,50,0,2,2,2,3,3,2,0,0,0,0,280,35,17,17,4.25,0,1,1,9,3,,,1,Rat|Rat|Rat|Goblin|Rat,companion_join:Rat
493,12837,6,Normal,25,2,2,2,0,24,53,2,4,35,0,2,3,0,3,1,2,0,2,1,0,196,-1,10,10,5,0,1,1,10,4,,Swords_T1_03=1,2,Rat|Rat|Rat|Goblin|Rat|Rat|Rat,companion_join:Rat;companion_join:Rat; +1 levelup
493,12837,7,Normal,25,3,3,3,0,53,31,4,4,45,0,3,3,2,0,2,0,0,0,1,0,252,22,11,11,3.667,0,1,1,10,2,,Swords_T1_04=1,0,Rat|Rat|Rat|Goblin|Rat|Rat|Rat,
493,12837,8,Normal,2,1,1,0,0,31,0,4,4,0,0,3,3,0,2,0,0,1,3,1,0,1,53,1,0,0,1,0,0,16,4,RH=Crude Sword|LH=Crude Sword|BD=Crude Armour|A1=Crude Bracelet|A2=Crude Bracelet,Swords_T1_04=1,0,Rat|Rat|Rat|Goblin|Rat|Rat|Rat,party wiped
494,12838,1,Normal,35,3,3,3,0,37,37,0,0,45,0,1,1,0,4,3,1,3,3,0,0,252,8,11,11,3.667,0,1,1,4,4,,,1,Rat,floor1_town;companion_join:Rat
494,12838,2,Normal,40,3,3,3,0,37,29,0,0,25,0,1,1,0,2,0,3,1,3,0,0,140,8,6,6,2,0,1,1,4,3,,,0,Rat,
494,12838,3,Normal,18,3,3,2,0,29,0,0,2,48,0,1,2,3,4,3,0,0,0,1,0,328,56,13,10,5,1,0,0,16,3,RH=Crude Sword|LH=Crude Sword|BD=Crude Armour|A1=Crude Bracelet|A2=Crude Bracelet,Swords_T1_03=1,0,Rat,party wiped; +1 levelup
495,12839,1,Normal,33,5,5,5,0,37,37,0,0,55,0,1,1,0,7,2,2,3,3,0,0,308,16,16,16,3.2,0,1,1,6,2,,,2,Rat|Rat,floor1_town;companion_join:Rat;companion_join:Rat
495,12839,2,Normal,36,3,3,3,0,37,37,0,0,20,0,1,1,0,1,0,3,2,3,0,0,112,0,4,4,1.333,0,1,1,6,1,,,0,Rat|Rat,
495,12839,3,Normal,28,4,4,2,1,37,0,0,1,48,0,1,2,5,9,7,0,0,0,2,0,540,71,19,8,4,1,0,0,24,3,RH=Crude Sword|LH=Crude Sword|BD=Crude Armour|A1=Crude Bracelet|A2=Crude Bracelet,Swords_T1_03=2,0,Rat|Rat,party wiped; +1 levelup; flee×1
496,12840,1,Normal,31,7,7,7,0,37,37,0,0,90,0,1,1,0,10,4,0,3,3,0,0,504,24,23,23,3.286,0,1,1,8,1,,,1,Rat,floor1_town;companion_join:Rat
496,12840,2,Normal,33,5,5,5,0,37,45,0,2,60,0,1,2,0,3,3,0,3,3,1,0,336,16,15,15,3,0,1,1,9,1,,Swords_T1_03=1,2,Rat|Rat|Rat,companion_join:Rat;companion_join:Rat; +1 levelup
496,12840,3,Normal,1,1,1,0,0,45,0,2,2,0,0,2,2,2,3,3,0,0,0,1,0,123,44,4,0,0,1,0,0,9,4,RH=Crude Sword|LH=Crude Sword|BD=Crude Armour|A1=Crude Bracelet|A2=Crude Bracelet,Swords_T1_03=1,0,Rat|Rat|Rat,party wiped
497,12841,1,Normal,29,3,3,3,0,37,37,0,0,35,0,1,1,0,4,0,2,3,3,0,0,196,8,9,9,3,0,1,1,4,3,,,1,Rat,floor1_town;companion_join:Rat
497,12841,2,Normal,40,5,5,5,0,37,45,0,1,70,0,1,2,0,8,1,2,0,2,1,0,392,16,18,18,3.6,0,1,1,6,1,,Swords_T1_03=1,3,Rat|Rat|Rat|Rat,companion_join:Rat;companion_join:Rat;companion_join:Rat; +1 levelup
497,12841,3,Normal,34,1,1,1,0,45,45,1,1,12,0,2,2,0,0,1,3,0,1,1,0,60,-1,2,2,2,0,1,1,6,1,,Swords_T1_03=1,0,Rat|Rat|Rat|Rat,
497,12841,4,Normal,26,3,3,3,0,45,36,1,1,25,0,2,2,0,0,0,3,0,1,1,0,140,8,6,6,2,0,1,1,6,3,,Swords_T1_03=1,2,Rat|Rat|Rat|Rat|Rat|Rat,companion_join:Rat;companion_join:Rat
497,12841,5,Normal,30,4,4,3,1,36,12,1,1,45,0,2,2,3,0,1,0,0,0,2,0,280,22,13,11,3.667,0,1,1,6,2,,Swords_T1_03=2,0,Rat|Rat|Rat|Rat|Rat|Rat,flee×1
497,12841,6,Normal,11,3,3,2,0,12,0,1,1,25,0,2,2,0,3,3,0,0,0,0,0,224,46,11,7,3.5,1,0,0,7,4,RH=Crude Sword|LH=Crude Sword|BD=Crude Armour|A1=Crude Bracelet|A2=Crude Bracelet,,0,Rat|Rat|Rat|Rat|Rat|Rat,party wiped
498,12842,1,Normal,27,3,3,3,0,37,37,0,0,25,0,1,1,0,3,0,0,3,3,0,0,140,0,7,7,2.333,0,1,1,4,1,,,1,Rat,floor1_town;companion_join:Rat
498,12842,2,Normal,35,1,1,1,0,37,29,0,0,15,0,1,1,0,2,0,0,1,3,0,0,84,8,4,4,4,0,1,1,4,3,,,0,Rat,
498,12842,3,Normal,13,2,2,1,0,29,0,0,0,24,0,1,1,0,6,5,0,0,0,0,0,215,37,7,4,4,1,0,0,16,4,RH=Crude Sword|LH=Crude Sword|BD=Crude Armour|A1=Crude Bracelet|A2=Crude Bracelet,,0,Rat,party wiped
499,12843,1,Normal,25,3,3,3,0,37,37,0,0,20,0,1,1,0,0,0,1,3,3,0,0,112,8,4,4,1.333,0,1,1,4,1,,,0,-,floor1_town
499,12843,2,Normal,25,2,2,2,0,37,29,0,0,30,0,1,1,0,3,2,2,0,1,0,0,168,8,9,9,4.5,0,1,1,4,4,,,1,Rat,companion_join:Rat
499,12843,3,Normal,20,3,3,2,0,29,0,0,0,48,0,1,1,2,7,6,0,0,0,0,0,338,51,11,8,4,1,0,0,22,4,RH=Crude Sword|LH=Crude Sword|BD=Crude Armour|A1=Crude Bracelet|A2=Crude Bracelet,,1,Rat|Goblin,companion_join:Goblin; party wiped
500,12844,1,Normal,39,5,5,5,0,37,37,0,0,60,0,1,1,0,8,3,0,3,3,0,0,336,24,17,17,3.4,0,1,1,6,2,,,1,Rat,floor1_town;companion_join:Rat
500,12844,2,Normal,30,4,4,4,0,37,44,0,1,50,0,1,2,1,6,3,1,0,3,0,0,280,32,16,16,4,0,1,1,8,3,,,2,Rat|Rat|Rat,companion_join:Rat;companion_join:Rat; +1 levelup
500,12844,3,Normal,5,1,1,0,0,44,0,1,1,0,0,2,2,1,0,3,0,0,0,0,0,63,44,3,0,0,1,0,0,8,4,RH=Crude Sword|LH=Crude Sword|BD=Crude Armour|A1=Crude Bracelet|A2=Crude Bracelet,,0,Rat|Rat|Rat,party wiped
501,12845,1,Normal,37,4,4,4,0,37,37,0,0,65,0,1,1,0,9,3,1,3,3,0,0,364,6,17,17,4.25,0,1,1,5,4,,,3,Rat|Rat|Rat,floor1_town;companion_join:Rat;companion_join:Rat;companion_join:Rat
501,12845,2,Normal,28,2,2,2,0,37,37,0,0,20,0,1,1,0,1,0,3,3,3,0,0,112,8,4,4,2,0,1,1,6,1,,,1,Rat|Rat|Rat|Rat,companion_join:Rat
501,12845,3,Normal,12,2,2,1,0,37,0,0,3,48,0,1,2,5,3,3,0,0,0,0,0,333,65,11,8,8,1,0,0,12,4,RH=Crude Sword|LH=Crude Sword|BD=Crude Armour|A1=Crude Bracelet|A2=Crude Bracelet,,0,Rat|Rat|Rat|Rat,party wiped; +1 levelup
502,12846,1,Normal,35,6,6,6,0,37,37,0,0,50,0,1,1,0,4,0,2,3,3,0,0,280,6,12,12,2,0,1,1,7,1,,,1,Rat,floor1_town;companion_join:Rat
502,12846,2,Normal,39,4,4,4,0,37,44,0,2,55,0,1,2,0,6,3,4,0,2,0,0,308,8,14,14,3.5,0,1,1,8,4,,,0,Rat,+1 levelup
502,12846,3,Normal,36,5,5,4,0,44,0,2,2,132,0,2,2,6,6,8,0,0,0,5,0,660,78,26,25,6.25,1,0,0,10,3,RH=Crude Sword|LH=Crude Sword|BD=Crude Armour|A1=Crude Bracelet|A2=Crude Bracelet,Swords_T1_03=5,2,Rat|Goblin|Goblin,companion_join:Goblin;companion_join:Goblin; party wiped
503,12847,1,Normal,33,1,1,1,0,37,37,0,0,10,0,1,1,0,1,0,1,3,3,0,0,56,0,2,2,2,0,1,1,2,2,,,0,-,floor1_town
503,12847,2,Normal,30,2,2,2,0,37,37,0,0,10,0,1,1,0,0,0,2,3,3,0,0,56,0,2,2,1,0,1,1,2,1,,,2,Rat|Rat,companion_join:Rat;companion_join:Rat
503,12847,3,Normal,33,4,4,4,0,37,45,0,2,84,0,1,2,0,10,2,4,0,2,0,0,420,0,14,14,3.5,0,1,1,26,2,,,2,Rat|Rat|Goblin|Goblin,companion_join:Goblin;companion_join:Goblin; +1 levelup
503,12847,4,Normal,29,3,3,3,0,45,45,2,2,25,0,2,2,0,0,2,4,0,0,1,0,140,-1,6,6,2,0,1,1,26,1,,Swords_T1_03=1,1,Rat|Rat|Goblin|Goblin|Rat,companion_join:Rat
503,12847,5,Normal,34,5,5,5,0,45,45,2,2,70,0,2,2,3,4,3,1,2,3,2,0,392,32,21,21,4.2,0,1,1,28,2,,Swords_T1_03=2,2,Rat|Rat|Goblin|Goblin|Rat|Rat|Rat,companion_join:Rat;companion_join:Rat
503,12847,6,Normal,28,2,2,2,0,45,45,2,2,35,0,2,2,1,2,3,0,0,0,1,0,196,-1,11,11,5.5,0,1,1,28,4,,Swords_T1_03=1,2,Rat|Rat|Goblin|Goblin|Rat|Rat|Rat|Rat|Rat,companion_join:Rat;companion_join:Rat
503,12847,7,Normal,8,1,1,0,0,45,0,2,2,0,0,2,2,0,0,0,0,0,0,1,0,53,44,2,0,0,1,0,0,28,4,RH=Crude Sword|LH=Crude Sword|BD=Crude Armour|A1=Crude Bracelet|A2=Crude Bracelet,Swords_T1_03=1,0,Rat|Rat|Goblin|Goblin|Rat|Rat|Rat|Rat|Rat,party wiped
504,12848,1,Normal,31,4,4,4,0,37,37,0,0,40,0,1,1,0,3,0,2,3,3,0,0,224,8,9,9,2.25,0,1,1,5,1,,,1,Rat,floor1_town;companion_join:Rat
504,12848,2,Normal,28,4,4,4,0,37,29,0,0,55,0,1,1,0,5,3,4,1,3,0,0,308,29,14,14,3.5,0,1,1,6,3,,,1,Rat|Rat,companion_join:Rat
504,12848,3,Normal,20,3,3,2,0,29,0,0,2,36,0,1,2,2,3,3,4,0,0,3,0,322,44,10,6,3,1,0,0,12,4,RH=Crude Sword|LH=Crude Sword|BD=Crude Armour|A1=Crude Bracelet|A2=Crude Bracelet,Swords_T1_03=3,0,Rat|Rat,party wiped; +1 levelup
505,12849,1,Normal,29,1,1,1,0,37,37,0,0,15,0,1,1,0,2,0,1,3,3,0,0,84,0,4,4,4,0,1,1,2,3,,,0,-,floor1_town
505,12849,2,Normal,38,3,3,3,0,37,29,0,0,50,0,1,1,1,3,3,0,0,0,0,0,280,8,14,14,4.667,0,1,1,2,2,,,1,Rat,companion_join:Rat
505,12849,3,Normal,1,1,1,0,0,29,0,0,0,0,0,1,1,2,3,3,0,0,0,0,0,140,37,5,0,0,1,0,0,8,3,RH=Crude Sword|LH=Crude Sword|BD=Crude Armour|A1=Crude Bracelet|A2=Crude Bracelet,,0,Rat,party wiped
506,12850,1,Normal,27,5,5,5,0,37,37,0,0,70,0,1,1,0,7,1,2,3,3,0,0,392,24,16,16,3.2,0,1,1,6,4,,,1,Rat,floor1_town;companion_join:Rat
506,12850,2,Normal,30,2,2,2,0,37,37,0,0,10,0,1,1,0,1,0,3,2,3,0,0,56,0,4,4,2,0,1,1,6,1,,,1,Rat|Rat,companion_join:Rat
506,12850,3,Normal,6,1,1,0,0,37,0,0,0,0,0,1,1,3,3,3,0,0,0,0,0,163,37,6,0,0,1,0,0,12,4,RH=Crude Sword|LH=Crude Sword|BD=Crude Armour|A1=Crude Bracelet|A2=Crude Bracelet,,0,Rat|Rat,party wiped
507,12851,1,Normal,25,2,2,2,0,37,37,0,0,25,0,1,1,0,3,2,0,3,3,0,0,140,6,8,8,4,0,1,1,3,4,,,2,Rat|Rat,floor1_town;companion_join:Rat;companion_join:Rat
507,12851,2,Normal,34,3,3,3,0,37,37,0,0,20,0,1,1,0,0,0,0,3,3,0,0,112,8,4,4,1.333,0,1,1,4,1,,,1,Rat|Rat|Rat,companion_join:Rat
507,12851,3,Normal,21,2,2,1,0,37,0,0,0,36,0,1,1,2,6,6,0,0,0,0,0,240,40,10,7,7,1,0,0,16,4,RH=Crude Sword|LH=Crude Sword|BD=Crude Armour|A1=Crude Bracelet|A2=Crude Bracelet,,0,Rat|Rat|Rat,party wiped
508,12852,1,Normal,39,4,4,4,0,37,37,0,0,65,0,1,1,0,8,3,2,3,3,0,0,364,24,17,17,4.25,0,1,1,5,4,,,0,-,floor1_town
508,12852,2,Normal,25,2,2,2,0,37,29,0,0,30,0,1,1,0,4,1,2,2,3,0,0,168,16,9,9,4.5,0,1,1,6,2,,,1,Rat,companion_join:Rat
508,12852,3,Normal,27,3,3,2,0,29,0,0,2,36,0,1,2,3,3,3,0,0,0,2,0,328,43,9,5,2.5,1,0,0,12,4,RH=Crude Sword|LH=Crude Sword|BD=Crude Armour|A1=Crude Bracelet|A2=Crude Bracelet,Swords_T1_03=2,1,Rat|Goblin,companion_join:Goblin; party wiped; +1 levelup
509,12853,1,Normal,37,5,5,5,0,37,37,0,0,70,0,1,1,0,10,2,0,3,3,0,0,392,8,17,17,3.4,0,1,1,6,3,,,1,Rat,floor1_town;companion_join:Rat
509,12853,2,Normal,27,1,1,1,0,37,37,0,0,20,0,1,1,0,3,2,0,0,1,0,0,112,0,6,6,6,0,1,1,6,4,,,0,Rat,
509,12853,3,Normal,15,3,3,2,0,37,0,0,2,48,0,1,2,1,3,3,0,0,0,1,0,310,58,10,7,3.5,1,0,0,12,2,RH=Crude Sword|LH=Crude Sword|BD=Crude Armour|A1=Crude Bracelet|A2=Crude Bracelet,Swords_T1_03=1,0,Rat,party wiped; +1 levelup
510,12854,1,Normal,35,5,5,5,0,37,37,0,0,55,0,1,1,0,6,0,1,3,3,0,0,308,16,13,13,2.6,0,1,1,6,3,,,2,Rat|Rat,floor1_town;companion_join:Rat;companion_join:Rat
510,12854,2,Normal,28,5,5,5,0,37,46,0,2,65,0,1,2,1,7,4,1,0,2,0,0,364,16,21,21,4.2,0,1,1,8,3,,,1,Rat|Rat|Rat,companion_join:Rat; +1 levelup
510,12854,3,Normal,32,4,4,4,0,46,45,2,2,84,0,2,2,1,3,3,0,0,2,4,0,420,11,11,11,2.75,0,1,1,9,1,,Swords_T1_03=4,0,Rat|Rat|Rat,
510,12854,4,Normal,29,4,4,4,0,45,37,2,2,40,0,2,2,0,0,2,0,0,0,2,0,224,6,10,10,2.5,0,1,1,9,2,,Swords_T1_03=2,1,Rat|Rat|Rat|Rat,companion_join:Rat
510,12854,5,Normal,26,3,3,3,0,37,37,2,2,40,0,2,2,0,3,1,0,0,2,3,0,224,15,10,10,3.333,0,1,1,10,2,,Swords_T1_03=3,0,Rat|Rat|Rat|Rat,
510,12854,6,Normal,29,4,4,4,0,37,21,2,3,50,0,2,3,0,0,2,0,0,0,2,0,280,29,12,12,3,0,1,1,10,4,,Swords_T1_03=2,2,Rat|Rat|Rat|Rat|Rat|Rat,companion_join:Rat;companion_join:Rat; +1 levelup
510,12854,7,Normal,25,2,2,2,0,21,38,3,3,20,0,3,3,0,0,0,0,3,3,1,0,112,14,6,6,3,0,1,1,11,1,,Swords_T1_03=1,0,Rat|Rat|Rat|Rat|Rat|Rat,
510,12854,8,Normal,2,1,1,0,0,38,0,3,3,0,0,3,3,0,2,0,0,1,3,1,0,71,52,1,0,0,1,0,0,17,3,RH=Crude Sword|LH=Crude Sword|BD=Crude Armour|A1=Crude Bracelet|A2=Crude Bracelet,Swords_T1_03=1,0,Rat|Rat|Rat|Rat|Rat|Rat,party wiped
511,12855,1,Normal,33,3,3,3,0,37,37,0,0,55,0,1,1,0,7,3,0,3,3,0,0,308,16,16,16,5.333,0,1,1,4,4,,,1,Rat,floor1_town;companion_join:Rat
511,12855,2,Normal,39,3,3,3,0,37,24,0,0,40,0,1,1,0,3,3,2,0,0,0,0,224,29,10,10,3.333,0,1,1,6,4,,,0,Rat,
511,12855,3,Normal,26,2,2,2,0,24,43,0,3,24,0,1,2,0,0,0,3,3,3,1,0,120,0,3,3,1.5,0,1,1,12,1,,Swords_T1_03=1,1,Rat|Goblin,companion_join:Goblin; +1 levelup
511,12855,4,Normal,30,5,5,5,0,43,31,3,3,75,0,2,2,1,5,3,2,1,3,4,0,420,22,24,24,4.8,0,1,1,13,2,,Swords_T1_03=4,3,Rat|Goblin|Rat|Rat|Rat,companion_join:Rat;companion_join:Rat;companion_join:Rat
511,12855,5,Normal,25,4,4,4,0,31,44,3,3,45,0,2,2,1,3,3,1,0,0,2,0,252,-2,14,14,3.5,0,1,1,14,3,,Swords_T1_03=2,1,Rat|Goblin|Rat|Rat|Rat|Rat,companion_join:Rat
511,12855,6,Normal,36,5,5,5,0,44,23,3,3,45,0,2,2,1,0,0,0,0,0,4,0,252,17,10,10,2,0,1,1,14,4,,Swords_T1_03=4,2,Rat|Goblin|Rat|Rat|Rat|Rat|Rat|Rat,companion_join:Rat;companion_join:Rat
511,12855,7,Normal,34,4,4,4,0,23,37,3,4,35,0,2,3,0,3,0,0,0,3,1,0,196,14,10,10,2.5,0,1,1,15,3,,Swords_T1_03=1,1,Rat|Goblin|Rat|Rat|Rat|Rat|Rat|Rat|Rat,companion_join:Rat; +1 levelup
511,12855,8,Normal,18,1,1,0,0,37,0,4,4,0,0,3,3,0,3,0,0,0,3,1,0,87,49,2,0,0,1,0,0,21,3,RH=Crude Sword|LH=Crude Sword|BD=Crude Armour|A1=Crude Bracelet|A2=Crude Bracelet,Swords_T1_03=1,0,Rat|Goblin|Rat|Rat|Rat|Rat|Rat|Rat|Rat,party wiped
512,12856,1,Normal,31,5,5,5,0,37,37,0,0,45,0,1,1,0,2,0,1,3,3,0,0,252,24,11,11,2.2,0,1,1,6,2,,,3,Rat|Rat|Rat,floor1_town;companion_join:Rat;companion_join:Rat;companion_join:Rat
512,12856,2,Normal,25,3,3,3,0,37,29,0,0,40,0,1,1,0,3,3,1,0,0,0,0,224,8,10,10,3.333,0,1,1,6,4,,,1,Rat|Rat|Rat|Rat,companion_join:Rat
512,12856,3,Normal,13,1,1,0,0,29,0,0,0,0,0,1,1,3,3,3,0,0,0,0,0,91,37,4,0,0,1,0,0,12,4,RH=Crude Sword|LH=Crude Sword|BD=Crude Armour|A1=Crude Bracelet|A2=Crude Bracelet,,0,Rat|Rat|Rat|Rat,party wiped
513,12857,1,Normal,29,2,2,2,0,37,37,0,0,15,0,1,1,0,0,0,2,3,3,0,0,84,8,3,3,1.5,0,1,1,3,2,,,1,Rat,floor1_town;companion_join:Rat
513,12857,2,Normal,39,6,6,6,0,37,37,0,0,80,0,1,1,0,7,5,2,0,1,0,0,448,42,24,24,4,0,1,1,7,4,,,4,Rat|Rat|Rat|Rat|Rat,companion_join:Rat;companion_join:Rat;companion_join:Rat;companion_join:Rat
513,12857,3,Normal,27,0,0,0,0,37,37,0,0,0,0,1,1,0,0,0,4,0,1,0,0,0,0,0,0,0,0,1,1,7,0,,,0,Rat|Rat|Rat|Rat|Rat,
513,12857,4,Normal,32,3,3,3,0,37,44,0,2,55,0,1,2,4,0,1,0,0,0,2,0,308,0,15,15,5,0,1,1,7,3,,Swords_T1_03=2,3,Rat|Rat|Rat|Rat|Rat|Rat|Rat|Rat,companion_join:Rat;companion_join:Rat;companion_join:Rat; +1 levelup
513,12857,5,Normal,28,1,1,0,1,44,9,2,2,0,0,2,2,0,0,0,0,0,0,1,0,28,34,1,0,0,0,1,1,7,4,,Swords_T1_03=1,0,Rat|Rat|Rat|Rat|Rat|Rat|Rat|Rat,flee×1
513,12857,6,Normal,36,4,4,3,1,9,9,2,2,30,0,2,2,0,3,3,0,0,0,3,0,252,34,11,7,2.333,0,1,1,8,4,,Swords_T1_03=3,3,Rat|Rat|Rat|Rat|Rat|Rat|Rat|Rat|Rat|Rat|Rat,companion_join:Rat;companion_join:Rat;companion_join:Rat; flee×1
513,12857,7,Normal,36,4,4,4,0,9,36,2,2,35,0,2,2,0,2,0,0,1,3,3,0,196,7,8,8,2,0,1,1,9,2,,Swords_T1_03=3,0,Rat|Rat|Rat|Rat|Rat|Rat|Rat|Rat|Rat|Rat|Rat,
513,12857,8,Normal,2,1,1,0,0,36,0,2,2,0,0,2,2,0,0,0,0,3,3,1,0,50,45,1,0,0,1,0,0,15,1,RH=Crude Sword|LH=Crude Sword|BD=Crude Armour|A1=Crude Bracelet|A2=Crude Bracelet,Swords_T1_03=1,0,Rat|Rat|Rat|Rat|Rat|Rat|Rat|Rat|Rat|Rat|Rat,party wiped
514,12858,1,Normal,27,5,5,5,0,37,37,0,0,65,0,1,1,0,5,0,1,3,3,0,0,364,0,16,16,3.2,0,1,1,6,2,,,1,Rat,floor1_town;companion_join:Rat
514,12858,2,Normal,32,4,4,4,0,37,44,0,2,50,0,1,2,0,6,1,1,0,2,0,0,280,24,12,12,3,0,1,1,8,4,,,1,Rat|Rat,companion_join:Rat; +1 levelup
514,12858,3,Normal,10,2,2,1,0,44,0,2,2,12,0,2,2,1,0,2,0,0,0,1,0,147,43,5,3,3,1,0,0,8,4,RH=Crude Sword|LH=Crude Sword|BD=Crude Armour|A1=Crude Bracelet|A2=Crude Bracelet,Swords_T1_03=1,0,Rat|Rat,party wiped
515,12859,1,Normal,25,4,4,4,0,37,37,0,0,75,0,1,1,0,10,7,2,3,3,0,0,420,22,24,24,6,0,1,1,5,3,,,0,-,floor1_town
515,12859,2,Normal,33,4,4,4,0,37,45,0,2,50,0,1,2,1,3,3,2,0,0,1,0,280,13,15,15,3.75,0,1,1,7,4,,Swords_T1_03=1,0,-,+1 levelup
515,12859,3,Normal,23,4,4,2,1,45,0,2,2,60,0,2,2,3,6,6,0,0,0,5,0,583,103,16,8,4,1,0,0,9,4,RH=Crude Sword|LH=Crude Sword|BD=Crude Armour|A1=Crude Bracelet|A2=Crude Bracelet,Swords_T1_03=5,1,Goblin,companion_join:Goblin; party wiped; flee×1
516,12860,1,Normal,39,6,6,6,0,37,45,0,2,100,0,1,2,0,15,8,0,3,3,0,0,560,10,32,32,5.333,0,1,1,7,4,,,2,Rat|Rat,floor1_town;companion_join:Rat;companion_join:Rat; +1 levelup
516,12860,2,Normal,38,4,4,4,0,45,44,2,2,40,0,2,2,0,3,0,2,2,3,3,0,224,11,9,9,2.25,0,1,1,8,3,,Swords_T1_03=3,0,Rat|Rat,
516,12860,3,Normal,38,5,5,4,0,44,0,2,2,108,0,2,2,2,8,9,1,0,0,4,0,610,68,20,18,4.5,1,0,0,10,4,RH=Crude Sword|LH=Crude Sword|BD=Crude Armour|A1=Crude Bracelet|A2=Crude Bracelet,Swords_T1_03=4,0,Rat|Rat,party wiped
517,12861,1,Normal,37,6,6,6,0,37,37,0,0,75,0,1,1,0,9,3,2,3,3,0,0,420,8,19,19,3.167,0,1,1,7,1,,,1,Rat,floor1_town;companion_join:Rat
517,12861,2,Normal,37,2,2,2,0,37,45,0,2,35,0,1,2,0,3,3,3,0,0,0,0,196,8,10,10,5,0,1,1,7,3,,,0,Rat,+1 levelup
517,12861,3,Normal,4,1,1,0,0,45,0,2,2,0,0,2,2,4,0,0,0,0,0,1,0,120,44,4,0,0,1,0,0,7,4,RH=Crude Sword|LH=Crude Sword|BD=Crude Armour|A1=Crude Bracelet|A2=Crude Bracelet,Swords_T1_03=1,0,Rat,party wiped
518,12862,1,Normal,35,4,4,4,0,37,37,0,0,45,0,1,1,0,7,2,0,3,3,0,0,252,0,14,14,3.5,0,1,1,5,1,,,1,Rat,floor1_town;companion_join:Rat
518,12862,2,Normal,36,4,4,4,0,37,29,0,0,40,0,1,1,0,1,0,1,2,3,0,0,224,24,8,8,2,0,1,1,7,3,,,0,Rat,
518,12862,3,Normal,16,2,2,1,0,29,0,0,0,12,0,1,1,0,4,3,3,0,0,0,0,147,37,6,2,2,1,0,0,19,3,RH=Crude Sword|LH=Crude Sword|BD=Crude Armour|A1=Crude Bracelet|A2=Crude Bracelet,,1,Rat|Goblin,companion_join:Goblin; party wiped
519,12863,1,Normal,33,4,4,4,0,37,37,0,0,60,0,1,1,0,8,6,2,3,3,0,0,336,8,16,16,4,0,1,1,5,4,,,1,Rat,floor1_town;companion_join:Rat
519,12863,2,Normal,36,5,5,5,0,37,22,0,2,65,0,1,2,1,3,3,3,0,0,1,0,364,47,18,18,3.6,0,1,1,7,4,,Swords_T1_03=1,0,Rat,+1 levelup
519,12863,3,Normal,23,1,1,0,0,22,0,2,2,0,0,2,2,5,3,3,0,0,0,1,0,210,45,9,0,0,1,0,0,8,4,RH=Crude Sword|LH=Crude Sword|BD=Crude Armour|A1=Crude Bracelet|A2=Crude Bracelet,Swords_T1_03=1,0,Rat,party wiped
520,12864,1,Normal,31,3,3,3,0,37,37,0,0,45,0,1,1,0,7,4,0,3,3,0,0,252,0,13,13,4.333,0,1,1,4,4,,,1,Rat,floor1_town;companion_join:Rat
520,12864,2,Normal,38,5,5,5,0,37,44,0,1,70,0,1,2,0,8,2,2,0,1,0,0,392,16,19,19,3.8,0,1,1,6,4,,,2,Rat|Rat|Rat,companion_join:Rat;companion_join:Rat; +1 levelup
520,12864,3,Normal,14,1,1,0,0,44,0,1,1,0,0,2,2,2,0,1,0,0,0,1,0,163,43,7,0,0,1,0,0,6,3,RH=Crude Sword|LH=Crude Sword|BD=Crude Armour|A1=Crude Bracelet|A2=Crude Bracelet,Swords_T1_03=1,0,Rat|Rat|Rat,party wiped
521,12865,1,Normal,29,5,5,5,0,37,37,0,0,55,0,1,1,0,4,3,1,3,3,0,0,308,32,15,15,3,0,1,1,6,2,,,2,Rat|Rat,floor1_town;companion_join:Rat;companion_join:Rat
521,12865,2,Normal,27,1,1,1,0,37,37,0,0,5,0,1,1,0,0,0,3,3,3,0,0,28,0,1,1,1,0,1,1,6,1,,,1,Rat|Rat|Rat,companion_join:Rat
521,12865,3,Normal,5,1,1,0,0,37,0,0,0,0,0,1,1,3,3,3,0,0,0,0,0,151,37,5,0,0,1,0,0,12,4,RH=Crude Sword|LH=Crude Sword|BD=Crude Armour|A1=Crude Bracelet|A2=Crude Bracelet,,0,Rat|Rat|Rat,party wiped
522,12866,1,Normal,27,3,3,3,0,37,37,0,0,40,0,1,1,0,6,0,0,3,3,0,0,224,0,10,10,3.333,0,1,1,4,2,,,0,-,floor1_town
522,12866,2,Normal,29,4,4,4,0,37,37,0,0,40,0,1,1,0,3,0,1,0,3,0,0,224,0,8,8,2,0,1,1,4,2,,,1,Rat,companion_join:Rat
522,12866,3,Normal,11,2,2,1,0,37,0,0,2,36,0,1,2,2,3,3,0,0,0,1,0,331,65,10,6,6,1,0,0,10,4,RH=Crude Sword|LH=Crude Sword|BD=Crude Armour|A1=Crude Bracelet|A2=Crude Bracelet,Swords_T1_03=1,0,Rat,party wiped; +1 levelup
523,12867,1,Normal,25,3,3,3,0,37,37,0,0,30,0,1,1,0,4,0,1,3,3,0,0,168,8,8,8,2.667,0,1,1,4,2,,,2,Rat|Rat,floor1_town;companion_join:Rat;companion_join:Rat
523,12867,2,Normal,34,4,4,4,0,37,37,0,0,45,0,1,1,0,3,1,2,3,3,0,0,252,8,11,11,2.75,0,1,1,5,1,,,0,Rat|Rat,
523,12867,3,Normal,17,2,2,1,0,37,0,0,2,36,0,1,2,3,3,3,0,0,0,0,0,275,62,10,7,7,1,0,0,11,3,RH=Crude Sword|LH=Crude Sword|BD=Crude Armour|A1=Crude Bracelet|A2=Crude Bracelet,,1,Rat|Rat|Goblin,companion_join:Goblin; party wiped; +1 levelup
524,12868,1,Normal,39,4,4,4,0,37,37,0,0,50,0,1,1,0,4,2,2,3,3,0,0,280,8,12,12,3,0,1,1,5,1,,,0,-,floor1_town
524,12868,2,Normal,34,2,2,2,0,37,37,0,0,30,0,1,1,0,3,0,3,0,3,0,0,168,0,6,6,3,0,1,1,5,2,,,1,Rat,companion_join:Rat
524,12868,3,Normal,30,5,5,5,0,37,44,0,2,120,0,1,2,3,9,6,2,0,3,2,0,600,27,22,22,4.4,0,1,1,13,2,,Swords_T1_03=2,1,Rat|Goblin,companion_join:Goblin; +1 levelup
524,12868,4,Normal,28,2,2,2,0,44,34,2,2,15,0,2,2,0,0,0,2,0,3,2,0,84,8,3,3,1.5,0,1,1,13,1,,Swords_T1_03=2,0,Rat|Goblin,
524,12868,5,Normal,26,1,1,1,0,34,28,2,2,20,0,2,2,1,0,3,1,0,0,0,0,112,6,7,7,7,0,1,1,13,4,,,0,Rat|Goblin,
524,12868,6,Normal,33,4,4,4,0,28,36,2,2,55,0,2,2,1,3,3,0,0,0,3,0,308,5,17,17,4.25,0,1,1,14,1,,Swords_T1_03=3,1,Rat|Goblin|Rat,companion_join:Rat
524,12868,7,Normal,26,4,4,3,0,36,0,2,4,25,0,2,3,0,0,0,0,0,0,2,0,169,60,7,5,1.667,1,0,0,14,4,RH=Crude Sword|LH=Crude Sword|BD=Crude Armour|A1=Crude Bracelet|A2=Crude Bracelet,Swords_T1_03=1|Swords_T1_04=1,2,Rat|Goblin|Rat|Rat|Rat,companion_join:Rat;companion_join:Rat; party wiped; +1 levelup
525,12869,1,Normal,36,4,4,4,0,37,37,0,0,40,0,1,1,0,4,0,1,3,3,0,0,224,8,9,9,2.25,0,1,1,5,1,,,1,Rat,floor1_town;companion_join:Rat
525,12869,2,Normal,28,5,5,5,0,37,45,0,2,60,0,1,2,0,4,2,2,2,3,0,0,336,32,16,16,3.2,0,1,1,9,2,,,0,Rat,+1 levelup
525,12869,3,Normal,24,2,2,1,0,45,0,2,2,48,0,2,2,4,5,6,0,0,0,2,0,335,52,10,7,7,1,0,0,10,4,RH=Crude Sword|LH=Crude Sword|BD=Crude Armour|A1=Crude Bracelet|A2=Crude Bracelet,Swords_T1_03=2,0,Rat,party wiped
526,12870,1,Normal,34,4,4,4,0,37,37,0,0,40,0,1,1,0,2,0,2,3,3,0,0,224,22,10,10,2.5,0,1,1,5,3,,,3,Rat|Rat|Rat,floor1_town;companion_join:Rat;companion_join:Rat;companion_join:Rat
526,12870,2,Normal,38,1,1,1,0,37,31,0,0,10,0,1,1,0,2,0,4,1,3,0,0,56,6,5,5,5,0,1,1,5,2,,,0,Rat|Rat|Rat,
526,12870,3,Normal,38,1,1,1,0,31,37,0,0,24,0,1,1,0,3,2,6,0,1,0,0,120,0,4,4,4,0,1,1,11,2,,,0,Rat|Rat|Rat,
526,12870,4,Normal,25,1,1,1,0,37,37,0,0,20,0,1,1,4,0,1,2,0,0,0,0,112,0,8,8,8,0,1,1,11,4,,,0,Rat|Rat|Rat,
526,12870,5,Normal,32,5,5,5,0,37,45,0,3,70,0,1,2,2,3,1,0,0,2,2,0,392,34,19,19,3.8,0,1,1,12,4,,Swords_T1_03=2,1,Rat|Rat|Rat|Rat,companion_join:Rat; +1 levelup
526,12870,6,Normal,11,1,1,0,0,45,0,3,3,0,0,2,2,0,0,2,0,0,0,0,0,83,45,4,0,0,1,0,0,12,4,RH=Crude Sword|LH=Crude Sword|BD=Crude Armour|A1=Crude Bracelet|A2=Crude Bracelet,,0,Rat|Rat|Rat|Rat,party wiped
527,12871,1,Normal,32,3,3,3,0,37,37,0,0,50,0,1,1,0,7,4,0,3,3,0,0,280,16,17,17,5.667,0,1,1,4,4,,,0,-,floor1_town
527,12871,2,Normal,33,4,4,4,0,37,45,0,2,55,0,1,2,0,4,3,2,2,3,0,0,308,16,15,15,3.75,0,1,1,5,3,,,2,Rat|Rat,companion_join:Rat;companion_join:Rat; +1 levelup
527,12871,3,Normal,23,4,4,2,1,45,0,2,2,72,0,2,2,3,8,9,0,0,0,1,0,568,118,25,15,7.5,1,0,0,7,3,RH=Crude Sword|LH=Crude Sword|BD=Crude Armour|A1=Crude Bracelet|A2=Crude Bracelet,Swords_T1_03=1,1,Rat|Rat|Goblin,companion_join:Goblin; party wiped; flee×1
528,12872,1,Normal,30,3,3,3,0,37,37,0,0,35,0,1,1,0,4,0,2,3,3,0,0,196,16,10,10,3.333,0,1,1,4,3,,,2,Rat|Rat,floor1_town;companion_join:Rat;companion_join:Rat
528,12872,2,Normal,39,3,3,3,0,37,37,0,0,35,0,1,1,0,4,0,3,2,3,0,0,196,8,9,9,3,0,1,1,5,2,,,1,Rat|Rat|Rat,companion_join:Rat
528,12872,3,Normal,10,1,1,0,0,37,0,0,0,0,0,1,1,5,3,3,0,0,0,0,0,95,37,5,0,0,1,0,0,11,4,RH=Crude Sword|LH=Crude Sword|BD=Crude Armour|A1=Crude Bracelet|A2=Crude Bracelet,,0,Rat|Rat|Rat,party wiped
529,12873,1,Normal,28,2,2,2,0,37,37,0,0,20,0,1,1,0,2,0,0,3,3,0,0,112,0,6,6,3,0,1,1,3,1,,,0,-,floor1_town
529,12873,2,Normal,31,4,4,4,0,37,37,0,0,55,0,1,1,2,4,3,0,2,3,0,0,308,16,16,16,4,0,1,1,5,2,,,2,Rat|Rat,companion_join:Rat;companion_join:Rat
529,12873,3,Normal,35,3,3,3,0,37,32,0,3,60,0,1,2,0,3,2,0,0,1,0,0,300,13,10,10,3.333,0,1,1,17,2,,,0,Rat|Rat,+1 levelup
529,12873,4,Normal,34,5,5,5,0,32,37,3,3,70,0,2,2,0,3,3,0,3,3,3,0,392,20,18,18,3.6,0,1,1,19,2,,Swords_T1_03=3,2,Rat|Rat|Rat|Rat,companion_join:Rat;companion_join:Rat
529,12873,5,Normal,36,5,5,5,0,37,45,3,3,65,0,2,2,0,3,3,0,0,0,4,0,364,-12,14,14,2.8,0,1,1,19,2,,Swords_T1_03=4,2,Rat|Rat|Rat|Rat|Rat|Rat,companion_join:Rat;companion_join:Rat
529,12873,6,Normal,32,1,1,1,0,45,38,3,3,5,0,2,2,0,0,0,0,0,0,0,0,28,7,2,2,2,0,1,1,19,1,,,1,Rat|Rat|Rat|Rat|Rat|Rat|Rat,companion_join:Rat
529,12873,7,Normal,28,4,4,4,0,38,40,3,4,50,0,2,3,0,2,0,0,1,3,3,0,280,48,13,13,3.25,0,1,1,20,1,,Swords_T1_03=2|Swords_T1_04=1,1,Rat|Rat|Rat|Rat|Rat|Rat|Rat|Rat,companion_join:Rat; +1 levelup
529,12873,8,Normal,22,2,2,1,0,40,0,4,4,60,0,3,3,0,5,3,0,0,0,2,0,229,58,6,3,3,1,0,0,32,3,RH=Crude Sword|LH=Crude Sword|BD=Crude Armour|A1=Crude Bracelet|A2=Crude Bracelet,Swords_T1_03=1|Swords_T1_04=1,0,Rat|Rat|Rat|Rat|Rat|Rat|Rat|Rat,party wiped
530,12874,1,Normal,26,2,2,2,0,37,37,0,0,20,0,1,1,0,3,0,1,3,3,0,0,112,0,7,7,3.5,0,1,1,3,1,,,0,-,floor1_town
530,12874,2,Normal,33,5,5,5,0,37,29,0,0,65,0,1,1,1,6,4,1,0,0,0,0,364,16,19,19,3.8,0,1,1,4,3,,,3,Rat|Rat|Rat,companion_join:Rat;companion_join:Rat;companion_join:Rat
530,12874,3,Normal,1,1,1,0,0,29,0,0,0,0,0,1,1,1,3,3,0,0,0,0,0,168,37,6,0,0,1,0,0,10,3,RH=Crude Sword|LH=Crude Sword|BD=Crude Armour|A1=Crude Bracelet|A2=Crude Bracelet,,0,Rat|Rat|Rat,party wiped
531,12875,1,Normal,40,5,5,5,0,37,37,0,0,60,0,1,1,0,6,1,0,3,3,0,0,336,16,16,16,3.2,0,1,1,6,1,,,3,Rat|Rat|Rat,floor1_town;companion_join:Rat;companion_join:Rat;companion_join:Rat
531,12875,2,Normal,38,4,4,4,0,37,36,0,2,50,0,1,2,0,3,3,2,0,0,1,0,280,16,12,12,3,0,1,1,7,2,,Swords_T1_03=1,1,Rat|Rat|Rat|Rat,companion_join:Rat; +1 levelup
531,12875,3,Normal,26,2,2,1,0,36,0,2,2,12,0,2,2,4,3,3,0,0,0,1,0,210,44,9,2,2,1,0,0,8,4,RH=Crude Sword|LH=Crude Sword|BD=Crude Armour|A1=Crude Bracelet|A2=Crude Bracelet,Swords_T1_03=1,0,Rat|Rat|Rat|Rat,party wiped
532,12876,1,Normal,38,3,3,3,0,37,37,0,0,45,0,1,1,0,5,0,1,3,3,0,0,252,16,11,11,3.667,0,1,1,4,2,,,1,Rat,floor1_town;companion_join:Rat
532,12876,2,Normal,36,3,3,3,0,37,37,0,0,35,0,1,1,0,3,0,1,0,3,0,0,196,0,8,8,2.667,0,1,1,4,3,,,2,Rat|Rat|Rat,companion_join:Rat;companion_join:Rat
532,12876,3,Normal,13,2,2,1,0,37,0,0,1,24,0,1,2,3,3,3,0,0,0,1,0,240,43,10,4,4,1,0,0,10,3,RH=Crude Sword|LH=Crude Sword|BD=Crude Armour|A1=Crude Bracelet|A2=Crude Bracelet,Swords_T1_03=1,0,Rat|Rat|Rat,party wiped; +1 levelup
533,12877,1,Normal,36,3,3,3,0,37,37,0,0,50,0,1,1,0,7,2,2,3,3,0,0,280,8,13,13,4.333,0,1,1,4,4,,,1,Rat,floor1_town;companion_join:Rat
533,12877,2,Normal,29,2,2,2,0,37,37,0,0,25,0,1,1,0,3,0,3,1,3,0,0,140,8,8,8,4,0,1,1,5,3,,,1,Rat|Rat,companion_join:Rat
533,12877,3,Normal,38,4,4,4,0,37,44,0,1,84,0,1,2,0,7,4,5,2,3,2,0,420,12,14,14,3.5,0,1,1,18,1,,Swords_T1_03=2,0,Rat|Rat,+1 levelup
533,12877,4,Normal,26,4,4,4,0,44,44,1,1,50,0,2,2,0,3,3,5,2,3,2,0,280,23,12,12,3,0,1,1,19,2,,Swords_T1_03=2,1,Rat|Rat|Rat,companion_join:Rat
533,12877,5,Normal,31,3,3,3,0,44,30,1,1,55,0,2,2,2,2,3,3,0,0,0,0,308,14,15,15,5,0,1,1,19,4,,,2,Rat|Rat|Rat|Rat|Rat,companion_join:Rat;companion_join:Rat
533,12877,6,Normal,40,3,3,3,0,30,52,1,3,40,0,2,3,0,3,1,3,0,2,2,0,224,-2,10,10,3.333,0,1,1,20,3,,Swords_T1_03=2,1,Rat|Rat|Rat|Rat|Rat|Rat,companion_join:Rat; +1 levelup
533,12877,7,Normal,40,4,4,4,0,52,52,3,3,55,0,3,3,0,2,2,3,1,3,4,0,308,22,12,12,3,0,1,1,21,4,,Swords_T1_03=3|Swords_T1_04=1,1,Rat|Rat|Rat|Rat|Rat|Rat|Rat,companion_join:Rat
533,12877,8,Normal,8,1,1,0,0,52,0,3,3,0,0,3,3,3,3,2,0,0,1,2,0,221,48,5,0,0,1,0,0,27,2,RH=Crude Sword|LH=Crude Sword|BD=Crude Armour|A1=Crude Bracelet|A2=Crude Bracelet,Swords_T1_03=2,0,Rat|Rat|Rat|Rat|Rat|Rat|Rat,party wiped
534,12878,1,Normal,34,3,3,3,0,37,37,0,0,45,0,1,1,0,6,3,1,3,3,0,0,252,18,14,14,4.667,0,1,1,4,4,,,2,Rat|Rat,floor1_town;companion_join:Rat;companion_join:Rat
534,12878,2,Normal,26,2,2,2,0,37,37,0,0,25,0,1,1,1,3,3,1,3,3,0,0,140,22,10,10,5,0,1,1,5,1,,,1,Rat|Rat|Rat,companion_join:Rat
534,12878,3,Normal,32,3,3,3,0,37,42,0,1,72,0,1,2,1,6,3,2,0,0,1,0,360,2,13,13,4.333,0,1,1,17,3,,Swords_T1_03=1,1,Rat|Rat|Rat|Goblin,companion_join:Goblin; +1 levelup
534,12878,4,Normal,26,2,2,2,0,42,29,1,1,30,0,2,2,2,0,0,0,0,0,1,0,168,12,8,8,4,0,1,1,17,3,,Swords_T1_03=1,0,Rat|Rat|Rat|Goblin,
534,12878,5,Normal,35,5,5,5,0,29,32,1,1,65,0,2,2,0,4,3,0,2,3,3,0,364,42,19,19,3.8,0,1,1,19,3,,Swords_T1_03=3,0,Rat|Rat|Rat|Goblin,
534,12878,6,Normal,26,4,4,4,0,32,45,1,1,40,0,2,2,0,3,0,0,0,3,3,0,224,-3,10,10,2.5,0,1,1,20,2,,Swords_T1_03=3,2,Rat|Rat|Rat|Goblin|Rat|Rat,companion_join:Rat;companion_join:Rat
534,12878,7,Normal,40,3,3,3,0,45,54,1,3,25,0,2,3,0,0,1,0,0,2,3,0,140,4,6,6,2,0,1,1,20,3,,Swords_T1_03=3,2,Rat|Rat|Rat|Goblin|Rat|Rat|Rat|Rat,companion_join:Rat;companion_join:Rat; +1 levelup
534,12878,8,Normal,20,3,3,1,1,54,0,3,3,60,0,3,3,0,9,6,0,0,0,5,0,328,106,10,5,5,1,0,0,38,4,RH=Crude Sword|LH=Crude Sword|BD=Crude Armour|A1=Crude Bracelet|A2=Crude Bracelet,Swords_T1_03=3|Swords_T1_04=2,0,Rat|Rat|Rat|Goblin|Rat|Rat|Rat|Rat,party wiped; flee×1
535,12879,1,Normal,32,2,2,2,0,37,37,0,0,20,0,1,1,0,1,0,2,3,3,0,0,112,8,4,4,2,0,1,1,3,3,,,0,-,floor1_town
535,12879,2,Normal,31,2,2,2,0,37,37,0,0,10,0,1,1,0,0,0,2,3,3,0,0,56,0,2,2,1,0,1,1,3,1,,,0,-,
535,12879,3,Normal,1,1,1,0,0,37,0,0,0,0,0,1,1,4,3,3,0,0,0,0,0,176,37,6,0,0,1,0,0,9,4,RH=Crude Sword|LH=Crude Sword|BD=Crude Armour|A1=Crude Bracelet|A2=Crude Bracelet,,0,-,party wiped
536,12880,1,Normal,30,4,4,4,0,37,37,0,0,25,0,1,1,0,1,0,1,3,3,0,0,140,8,7,7,1.75,0,1,1,5,1,,,1,Rat,floor1_town;companion_join:Rat
536,12880,2,Normal,33,3,3,3,0,37,37,0,0,25,0,1,1,0,3,0,1,3,3,0,0,140,8,6,6,2,0,1,1,6,1,,,1,Rat|Rat,companion_join:Rat
536,12880,3,Normal,16,2,2,1,0,37,0,0,0,12,0,1,1,1,3,3,0,0,0,0,0,172,37,6,3,3,1,0,0,18,4,RH=Crude Sword|LH=Crude Sword|BD=Crude Armour|A1=Crude Bracelet|A2=Crude Bracelet,,0,Rat|Rat,party wiped
537,12881,1,Normal,28,3,3,3,0,37,37,0,0,40,0,1,1,0,5,2,2,3,3,0,0,224,6,13,13,4.333,0,1,1,4,1,,,0,-,floor1_town
537,12881,2,Normal,32,3,3,3,0,37,37,0,0,15,0,1,1,0,1,0,4,2,3,0,0,84,0,4,4,1.333,0,1,1,4,1,,,0,-,
537,12881,3,Normal,33,2,2,2,0,37,46,0,2,72,0,1,2,3,6,6,2,0,0,0,0,360,11,14,14,7,0,1,1,16,3,,,1,Goblin,companion_join:Goblin; +1 levelup
537,12881,4,Normal,39,2,2,2,0,46,24,2,2,25,0,2,2,2,0,0,0,0,0,0,0,140,22,7,7,3.5,0,1,1,16,4,,,0,Goblin,
537,12881,5,Normal,40,4,4,4,0,24,38,2,2,45,0,2,2,0,3,1,0,0,2,1,0,252,7,11,11,2.75,0,1,1,17,1,,Swords_T1_03=1,2,Goblin|Rat|Rat,companion_join:Rat;companion_join:Rat
537,12881,6,Normal,28,4,4,3,1,38,4,2,2,25,0,2,2,0,0,2,0,0,0,1,0,168,33,7,6,2,0,1,1,17,4,,Swords_T1_03=1,1,Goblin|Rat|Rat|Rat,companion_join:Rat; flee×1
537,12881,7,Normal,35,3,3,3,0,4,46,2,2,15,0,2,2,0,0,0,0,3,3,0,0,84,0,3,3,1,0,1,1,18,1,,,1,Goblin|Rat|Rat|Rat|Rat,companion_join:Rat
537,12881,8,Normal,8,1,1,0,0,46,0,2,2,0,0,2,2,0,0,0,0,3,3,0,0,42,46,1,0,0,1,0,0,24,4,RH=Crude Sword|LH=Crude Sword|BD=Crude Armour|A1=Crude Bracelet|A2=Crude Bracelet,,0,Goblin|Rat|Rat|Rat|Rat,party wiped
538,12882,1,Normal,26,2,2,2,0,37,37,0,0,30,0,1,1,0,5,0,0,3,3,0,0,168,0,9,9,4.5,0,1,1,3,3,,,0,-,floor1_town
538,12882,2,Normal,34,2,2,2,0,37,23,0,0,40,0,1,1,1,6,5,0,0,0,0,0,224,22,14,14,7,0,1,1,4,4,,,0,-,
538,12882,3,Normal,24,2,2,1,0,23,0,0,0,12,0,1,1,1,4,3,0,0,0,0,0,180,37,7,2,2,1,0,0,16,3,RH=Crude Sword|LH=Crude Sword|BD=Crude Armour|A1=Crude Bracelet|A2=Crude Bracelet,,0,-,party wiped
539,12883,1,Normal,40,2,2,2,0,37,37,0,0,30,0,1,1,0,3,3,2,3,3,0,0,168,8,8,8,4,0,1,1,3,2,,,0,-,floor1_town
539,12883,2,Normal,31,2,2,2,0,37,37,0,0,25,0,1,1,0,3,0,4,0,3,0,0,140,8,7,7,3.5,0,1,1,4,3,,,1,Rat,companion_join:Rat
539,12883,3,Normal,29,2,2,2,0,37,45,0,2,72,0,1,2,1,6,6,3,0,0,0,0,360,35,13,13,6.5,0,1,1,16,3,,,0,Rat,+1 levelup
539,12883,4,Normal,26,3,3,3,0,45,18,2,2,40,0,2,2,2,0,0,1,0,0,2,0,224,25,10,10,3.333,0,1,1,16,4,,Swords_T1_03=2,1,Rat|Rat,companion_join:Rat
539,12883,5,Normal,25,3,3,3,0,18,45,2,2,25,0,2,2,0,2,0,1,1,3,1,0,140,-1,6,6,2,0,1,1,17,1,,Swords_T1_03=1,0,Rat|Rat,
539,12883,6,Normal,29,4,4,4,0,45,45,2,2,55,0,2,2,1,1,3,0,0,0,3,0,308,-3,14,14,3.5,0,1,1,17,3,,Swords_T1_03=3,1,Rat|Rat|Rat,companion_join:Rat
539,12883,7,Normal,12,1,1,0,0,45,0,2,2,0,0,2,2,0,0,0,0,0,0,1,0,28,44,2,0,0,1,0,0,17,4,RH=Crude Sword|LH=Crude Sword|BD=Crude Armour|A1=Crude Bracelet|A2=Crude Bracelet,Swords_T1_03=1,0,Rat|Rat|Rat,party wiped
540,12884,1,Normal,38,6,6,6,0,37,37,0,0,90,0,1,1,0,9,2,0,3,3,0,0,504,16,23,23,3.833,0,1,1,7,3,,,2,Rat|Rat,floor1_town;companion_join:Rat;companion_join:Rat
540,12884,2,Normal,32,5,5,4,1,37,3,0,1,35,0,1,2,0,3,3,0,0,0,3,0,280,49,15,10,2.5,0,1,1,7,4,,Swords_T1_03=3,0,Rat|Rat,+1 levelup; flee×1
540,12884,3,Normal,27,2,2,2,0,3,19,1,1,60,0,2,2,1,3,3,1,0,0,2,0,300,24,10,10,5,0,1,1,8,2,,Swords_T1_03=2,0,Rat|Rat,
540,12884,4,Normal,40,4,4,4,0,19,45,1,1,45,0,2,2,0,3,0,1,0,3,3,0,252,-3,11,11,2.75,0,1,1,9,4,,Swords_T1_03=3,2,Rat|Rat|Rat|Rat,companion_join:Rat;companion_join:Rat
540,12884,5,Normal,35,3,3,3,0,45,36,1,1,25,0,2,2,0,0,1,1,0,2,2,0,140,7,7,7,2.333,0,1,1,9,1,,Swords_T1_03=2,2,Rat|Rat|Rat|Rat|Rat|Rat,companion_join:Rat;companion_join:Rat
540,12884,6,Normal,39,3,3,3,0,36,12,1,1,35,0,2,2,1,0,2,0,0,0,2,0,196,22,8,8,2.667,0,1,1,9,4,,Swords_T1_03=2,2,Rat|Rat|Rat|Rat|Rat|Rat|Rat|Rat,companion_join:Rat;companion_join:Rat
540,12884,7,Normal,30,5,5,5,0,12,44,1,4,65,0,2,3,0,3,2,0,0,1,5,0,364,13,17,17,3.4,0,1,1,10,2,,Swords_T1_03=2|Swords_T1_04=3,0,Rat|Rat|Rat|Rat|Rat|Rat|Rat|Rat,+1 levelup
540,12884,8,Normal,26,2,2,1,0,44,0,4,4,60,0,3,3,0,6,4,0,0,0,6,0,223,51,8,5,5,1,0,0,22,2,RH=Crude Sword|LH=Crude Sword|BD=Crude Armour|A1=Crude Bracelet|A2=Crude Bracelet,Swords_T1_03=3|Swords_T1_04=3,0,Rat|Rat|Rat|Rat|Rat|Rat|Rat|Rat,party wiped
541,12885,1,Normal,36,3,3,3,0,37,37,0,0,35,0,1,1,0,6,1,1,3,3,0,0,196,8,11,11,3.667,0,1,1,4,3,,,0,-,floor1_town
541,12885,2,Normal,25,2,2,2,0,37,37,0,0,30,0,1,1,0,4,3,3,2,3,0,0,168,21,8,8,4,0,1,1,5,2,,,0,-,
541,12885,3,Normal,33,2,2,1,0,37,0,0,0,24,0,1,1,4,6,5,0,0,0,0,0,268,37,10,5,5,1,0,0,17,4,RH=Crude Sword|LH=Crude Sword|BD=Crude Armour|A1=Crude Bracelet|A2=Crude Bracelet,,1,Goblin,companion_join:Goblin; party wiped
542,12886,1,Normal,34,3,3,3,0,37,37,0,0,25,0,1,1,0,1,0,0,3,3,0,0,140,8,6,6,2,0,1,1,4,3,,,0,-,floor1_town
542,12886,2,Normal,34,4,4,4,0,37,37,0,0,50,0,1,1,0,3,2,1,0,1,0,0,280,0,12,12,3,0,1,1,4,3,,,0,-,
542,12886,3,Normal,28,1,1,1,0,37,46,0,3,36,0,1,2,3,3,3,0,0,0,0,0,180,0,7,7,7,0,1,1,10,3,,,0,-,+1 levelup
542,12886,4,Normal,33,3,3,2,1,46,46,3,3,15,0,2,2,0,0,0,0,3,3,0,0,140,42,5,3,1.5,0,1,1,11,1,,,1,Rat,companion_join:Rat; flee×1
542,12886,5,Normal,26,2,2,2,0,46,46,3,3,15,0,2,2,0,1,0,0,2,3,1,0,84,-1,4,4,2,0,1,1,11,2,,Swords_T1_03=1,1,Rat|Rat,companion_join:Rat
542,12886,6,Normal,27,4,4,4,0,46,25,3,3,50,0,2,2,0,2,3,0,0,0,3,0,280,18,11,11,2.75,0,1,1,11,3,,Swords_T1_03=3,1,Rat|Rat|Rat,companion_join:Rat
542,12886,7,Normal,35,2,2,2,0,25,38,3,3,20,0,2,2,0,2,0,0,1,3,2,0,112,6,5,5,2.5,0,1,1,12,3,,Swords_T1_03=2,0,Rat|Rat|Rat,
542,12886,8,Normal,2,1,1,0,0,38,0,3,3,0,0,2,2,0,3,2,0,0,1,2,0,130,44,3,0,0,1,0,0,18,2,RH=Crude Sword|LH=Crude Sword|BD=Crude Armour|A1=Crude Bracelet|A2=Crude Bracelet,Swords_T1_03=2,0,Rat|Rat|Rat,party wiped
543,12887,1,Normal,32,3,3,3,0,37,37,0,0,40,0,1,1,0,4,3,1,3,3,0,0,224,29,11,11,3.667,0,1,1,4,4,,,2,Rat|Rat,floor1_town;companion_join:Rat;companion_join:Rat
543,12887,2,Normal,34,6,6,6,0,37,35,0,2,70,0,1,2,0,6,2,3,0,1,1,0,392,22,18,18,3,0,1,1,5,2,,Swords_T1_03=1,1,Rat|Rat|Rat,companion_join:Rat; +1 levelup
543,12887,3,Normal,34,5,5,4,0,35,0,2,2,84,0,2,2,3,6,6,0,0,0,3,0,600,62,18,13,3.25,1,0,0,7,4,RH=Crude Sword|LH=Crude Sword|BD=Crude Armour|A1=Crude Bracelet|A2=Crude Bracelet,Swords_T1_03=3,1,Rat|Rat|Rat|Goblin,companion_join:Goblin; party wiped
544,12888,1,Normal,30,2,2,2,0,37,37,0,0,30,0,1,1,0,4,2,2,3,3,0,0,168,0,9,9,4.5,0,1,1,3,2,,,1,Rat,floor1_town;companion_join:Rat
544,12888,2,Normal,30,4,4,4,0,37,29,0,0,50,0,1,1,0,3,3,4,0,0,0,0,280,8,14,14,3.5,0,1,1,3,2,,,1,Rat|Rat,companion_join:Rat
544,12888,3,Normal,26,1,1,1,0,29,37,0,0,12,0,1,1,0,1,0,6,2,3,0,0,60,0,2,2,2,0,1,1,9,1,,,0,Rat|Rat,
544,12888,4,Normal,40,3,3,3,0,37,32,0,3,50,0,1,2,1,2,3,5,0,0,2,0,280,11,15,15,5,0,1,1,9,3,,Swords_T1_03=2,1,Rat|Rat|Rat,companion_join:Rat; +1 levelup
544,12888,5,Normal,36,4,4,4,0,32,37,3,3,55,0,2,2,0,3,0,5,3,3,1,0,308,20,12,12,3,0,1,1,11,2,,Swords_T1_03=1,2,Rat|Rat|Rat|Rat|Rat,companion_join:Rat;companion_join:Rat
544,12888,6,Normal,33,3,3,3,0,37,31,3,3,45,0,2,2,1,3,3,4,0,0,3,0,252,3,13,13,4.333,0,1,1,11,2,,Swords_T1_03=3,0,Rat|Rat|Rat|Rat|Rat,
544,12888,7,Normal,26,2,2,2,0,31,32,3,3,25,0,2,2,0,3,0,4,0,3,1,0,140,12,7,7,3.5,0,1,1,12,4,,Swords_T1_03=1,0,Rat|Rat|Rat|Rat|Rat,
544,12888,8,Normal,6,1,1,0,0,32,0,3,3,0,0,2,2,4,0,0,0,3,3,1,0,86,44,2,0,0,1,0,0,18,4,RH=Crude Sword|LH=Crude Sword|BD=Crude Armour|A1=Crude Bracelet|A2=Crude Bracelet,Swords_T1_03=1,0,Rat|Rat|Rat|Rat|Rat,party wiped
545,12889,1,Normal,28,4,4,4,0,37,37,0,0,40,0,1,1,1,3,3,0,3,3,0,0,224,30,12,12,3,0,1,1,5,2,,,0,-,floor1_town
545,12889,2,Normal,29,4,4,4,0,37,37,0,0,45,0,1,1,0,3,2,2,0,1,0,0,252,16,12,12,3,0,1,1,7,1,,,2,Rat|Rat,companion_join:Rat;companion_join:Rat
545,12889,3,Normal,40,3,3,3,0,37,18,0,2,72,0,1,2,3,3,3,0,0,0,1,0,360,27,12,12,4,0,1,1,13,2,,Swords_T1_03=1,0,Rat|Rat,+1 levelup
545,12889,4,Normal,31,2,2,2,0,18,46,2,2,30,0,2,2,0,3,1,0,0,2,1,0,168,-1,9,9,4.5,0,1,1,14,4,,Swords_T1_03=1,1,Rat|Rat|Rat,companion_join:Rat
545,12889,5,Normal,18,3,3,2,0,46,0,2,2,20,0,2,2,0,0,2,0,0,0,2,0,193,44,9,5,2.5,1,0,0,14,4,RH=Crude Sword|LH=Crude Sword|BD=Crude Armour|A1=Crude Bracelet|A2=Crude Bracelet,Swords_T1_03=2,1,Rat|Rat|Rat|Rat,companion_join:Rat; party wiped
546,12890,1,Normal,26,2,2,2,0,37,37,0,0,15,0,1,1,0,0,0,2,3,3,0,0,84,8,3,3,1.5,0,1,1,3,1,,,0,-,floor1_town
546,12890,2,Normal,38,5,5,5,0,37,29,0,0,60,0,1,1,1,3,3,1,3,3,0,0,336,37,15,15,3,0,1,1,5,2,,,2,Rat|Rat,companion_join:Rat;companion_join:Rat
546,12890,3,Normal,23,2,2,1,0,29,0,0,0,24,0,1,1,1,6,5,0,0,0,0,0,207,47,9,5,5,1,0,0,17,4,RH=Crude Sword|LH=Crude Sword|BD=Crude Armour|A1=Crude Bracelet|A2=Crude Bracelet,,0,Rat|Rat,party wiped
547,12891,1,Normal,40,6,6,6,0,37,37,0,0,60,0,1,1,0,7,0,0,3,3,0,0,336,18,15,15,2.5,0,1,1,7,2,,,2,Rat|Rat,floor1_town;companion_join:Rat;companion_join:Rat
547,12891,2,Normal,34,3,3,3,0,37,37,0,0,35,0,1,1,1,3,3,0,3,3,0,0,196,29,11,11,3.667,0,1,1,9,1,,,0,Rat|Rat,
547,12891,3,Normal,14,1,1,0,0,37,0,0,0,0,0,1,1,2,3,3,0,0,0,0,0,113,37,4,0,0,1,0,0,15,4,RH=Crude Sword|LH=Crude Sword|BD=Crude Armour|A1=Crude Bracelet|A2=Crude Bracelet,,0,Rat|Rat,party wiped
548,12892,1,Normal,38,4,4,4,0,37,37,0,0,60,0,1,1,0,7,0,2,3,3,0,0,336,8,14,14,3.5,0,1,1,5,4,,,2,Rat|Rat,floor1_town;companion_join:Rat;companion_join:Rat
548,12892,2,Normal,37,6,6,6,0,37,38,0,3,65,0,1,2,0,5,1,4,0,2,1,0,364,21,15,15,2.5,0,1,1,6,4,,Swords_T1_03=1,1,Rat|Rat|Rat,companion_join:Rat; +1 levelup
548,12892,3,Normal,19,3,3,2,0,38,0,3,3,36,0,2,2,4,3,3,0,0,0,2,0,386,44,14,8,4,1,0,0,7,4,RH=Crude Sword|LH=Crude Sword|BD=Crude Armour|A1=Crude Bracelet|A2=Crude Bracelet,Swords_T1_03=2,0,Rat|Rat|Rat,party wiped
549,12893,1,Normal,36,4,4,4,0,37,37,0,0,50,0,1,1,0,7,0,0,3,3,0,0,280,16,12,12,3,0,1,1,5,3,,,0,-,floor1_town
549,12893,2,Normal,39,2,2,2,0,37,29,0,0,25,0,1,1,0,2,0,1,3,3,0,0,140,16,6,6,3,0,1,1,6,2,,,1,Rat,companion_join:Rat
549,12893,3,Normal,1,1,1,0,0,29,0,0,0,0,0,1,1,3,3,3,0,0,0,0,0,223,37,8,0,0,1,0,0,12,4,RH=Crude Sword|LH=Crude Sword|BD=Crude Armour|A1=Crude Bracelet|A2=Crude Bracelet,,0,Rat,party wiped
550,12894,1,Normal,34,3,3,3,0,37,37,0,0,35,0,1,1,0,2,0,1,3,3,0,0,196,16,8,8,2.667,0,1,1,4,2,,,0,-,floor1_town
550,12894,2,Normal,23,4,4,3,0,37,0,0,0,45,0,1,1,2,5,3,0,0,0,0,0,361,45,18,12,4,1,0,0,5,4,RH=Crude Sword|LH=Crude Sword|BD=Crude Armour|A1=Crude Bracelet|A2=Crude Bracelet,,1,Rat,companion_join:Rat; party wiped
551,12895,1,Normal,32,2,2,2,0,37,37,0,0,30,0,1,1,0,3,0,0,3,3,0,0,168,18,9,9,4.5,0,1,1,3,3,,,1,Rat,floor1_town;companion_join:Rat
551,12895,2,Normal,27,1,1,1,0,37,37,0,0,15,0,1,1,0,2,0,2,1,3,0,0,84,0,4,4,4,0,1,1,3,3,,,1,Rat|Rat,companion_join:Rat
551,12895,3,Normal,16,3,3,2,0,37,0,0,2,60,0,1,2,4,6,6,0,0,0,0,0,360,79,16,13,6.5,1,0,0,15,2,RH=Crude Sword|LH=Crude Sword|BD=Crude Armour|A1=Crude Bracelet|A2=Crude Bracelet,,1,Rat|Rat|Goblin,companion_join:Goblin; party wiped; +1 levelup
552,12896,1,Normal,30,2,2,2,0,37,37,0,0,15,0,1,1,0,0,0,1,3,3,0,0,84,0,3,3,1.5,0,1,1,3,1,,,1,Rat,floor1_town;companion_join:Rat
552,12896,2,Normal,26,2,2,2,0,37,29,0,0,30,0,1,1,0,3,0,3,0,3,0,0,168,16,8,8,4,0,1,1,4,4,,,1,Rat|Rat,companion_join:Rat
552,12896,3,Normal,26,1,1,1,0,29,37,0,0,24,0,1,1,0,3,2,5,0,1,0,0,120,0,5,5,5,0,1,1,10,2,,,0,Rat|Rat,
552,12896,4,Normal,34,4,4,4,0,37,45,0,3,50,0,1,2,2,0,1,3,0,0,1,0,280,0,11,11,2.75,0,1,1,10,2,,Swords_T1_03=1,0,Rat|Rat,+1 levelup
552,12896,5,Normal,31,4,4,4,0,45,40,3,3,45,0,2,2,3,0,0,0,0,0,2,0,252,3,13,13,3.25,0,1,1,10,3,,Swords_T1_03=2,2,Rat|Rat|Rat|Rat,companion_join:Rat;companion_join:Rat
552,12896,6,Normal,34,4,4,3,1,40,46,3,3,35,0,2,2,0,3,0,0,0,3,2,0,224,28,8,7,2.333,0,1,1,11,4,,Swords_T1_03=2,0,Rat|Rat|Rat|Rat,flee×1
552,12896,7,Normal,34,4,4,4,0,46,46,3,3,40,0,2,2,0,0,3,0,3,3,1,0,224,28,12,12,3,0,1,1,12,1,,Swords_T1_03=1,1,Rat|Rat|Rat|Rat|Rat,companion_join:Rat
552,12896,8,Normal,6,1,1,0,0,46,0,3,3,0,0,2,2,0,1,0,0,2,3,1,0,61,45,1,0,0,1,0,0,18,3,RH=Crude Sword|LH=Crude Sword|BD=Crude Armour|A1=Crude Bracelet|A2=Crude Bracelet,Swords_T1_03=1,0,Rat|Rat|Rat|Rat|Rat,party wiped
553,12897,1,Normal,28,4,4,4,0,37,37,0,0,50,0,1,1,0,5,2,0,3,3,0,0,280,14,15,15,3.75,0,1,1,5,2,,,2,Rat|Rat,floor1_town;companion_join:Rat;companion_join:Rat
553,12897,2,Normal,33,5,5,4,1,37,37,0,0,35,0,1,1,0,3,3,0,3,3,0,0,252,32,12,9,2.25,0,1,1,6,1,,,1,Rat|Rat|Rat,companion_join:Rat; flee×1
553,12897,3,Normal,16,2,2,1,0,37,0,0,0,12,0,1,1,0,4,3,0,0,0,0,0,214,37,8,2,2,1,0,0,18,3,RH=Crude Sword|LH=Crude Sword|BD=Crude Armour|A1=Crude Bracelet|A2=Crude Bracelet,,0,Rat|Rat|Rat,party wiped
554,12898,1,Normal,26,2,2,2,0,37,37,0,0,15,0,1,1,0,0,0,1,3,3,0,0,84,8,3,3,1.5,0,1,1,3,1,,,0,-,floor1_town
554,12898,2,Normal,28,2,2,2,0,37,37,0,0,30,0,1,1,0,3,2,2,0,1,0,0,168,0,8,8,4,0,1,1,3,3,,,1,Rat,companion_join:Rat
554,12898,3,Normal,31,3,3,3,0,37,45,0,2,84,0,1,2,3,6,6,0,0,0,0,0,420,0,15,15,5,0,1,1,15,1,,,0,Rat,+1 levelup
554,12898,4,Normal,29,2,2,1,0,45,0,2,2,5,0,2,2,0,0,0,0,0,0,2,0,84,43,4,1,1,1,0,0,15,4,RH=Crude Sword|LH=Crude Sword|BD=Crude Armour|A1=Crude Bracelet|A2=Crude Bracelet,Swords_T1_03=2,0,Rat,party wiped
555,12899,1,Normal,40,4,4,4,0,37,37,0,0,45,0,1,1,0,4,1,2,3,3,0,0,252,16,10,10,2.5,0,1,1,5,2,,,1,Rat,floor1_town;companion_join:Rat
555,12899,2,Normal,31,5,5,5,0,37,45,0,2,60,0,1,2,0,3,3,3,0,0,0,0,336,16,14,14,2.8,0,1,1,7,3,,,1,Rat|Rat,companion_join:Rat; +1 levelup
555,12899,3,Normal,28,2,2,2,0,45,45,2,2,48,0,2,2,1,1,0,2,2,3,2,0,240,8,7,7,3.5,0,1,1,8,2,,Swords_T1_03=2,1,Rat|Rat|Goblin,companion_join:Goblin
555,12899,4,Normal,31,3,3,3,0,45,35,2,2,40,0,2,2,0,2,2,2,0,1,3,0,224,7,9,9,3,0,1,1,8,2,,Swords_T1_03=3,0,Rat|Rat|Goblin,
555,12899,5,Normal,25,3,3,3,0,35,45,2,2,35,0,2,2,1,1,1,1,2,3,3,0,196,14,9,9,3,0,1,1,9,2,,Swords_T1_03=3,0,Rat|Rat|Goblin,
555,12899,6,Normal,29,4,4,4,0,45,24,2,2,65,0,2,2,1,5,6,0,0,0,3,0,364,37,21,21,5.25,0,1,1,10,4,,Swords_T1_03=3,2,Rat|Rat|Goblin|Rat|Rat,companion_join:Rat;companion_join:Rat
555,12899,7,Normal,20,3,3,2,0,24,0,2,4,25,0,2,3,0,3,3,0,0,0,3,0,141,52,13,12,6,1,0,0,11,4,RH=Crude Sword|LH=Crude Sword|BD=Crude Armour|A1=Crude Bracelet|A2=Crude Bracelet,Swords_T1_04=3,1,Rat|Rat|Goblin|Rat|Rat|Rat,companion_join:Rat; party wiped; +1 levelup
556,12900,1,Normal,38,2,2,2,0,37,37,0,0,30,0,1,1,0,3,3,1,3,3,0,0,168,16,9,9,4.5,0,1,1,3,4,,,0,-,floor1_town
556,12900,2,Normal,38,5,5,5,0,37,46,0,1,70,0,1,2,0,6,4,2,0,2,0,0,392,8,19,19,3.8,0,1,1,4,4,,,1,Rat,companion_join:Rat; +1 levelup
556,12900,3,Normal,5,1,1,0,0,46,0,1,1,0,0,2,2,2,0,2,0,0,0,1,0,127,45,4,0,0,1,0,0,4,3,RH=Crude Sword|LH=Crude Sword|BD=Crude Armour|A1=Crude Bracelet|A2=Crude Bracelet,Swords_T1_03=1,0,Rat,party wiped
557,12901,1,Normal,36,5,5,5,0,37,37,0,0,65,0,1,1,0,7,1,2,3,3,0,0,364,16,17,17,3.4,0,1,1,6,2,,,3,Rat|Rat|Rat,floor1_town;companion_join:Rat;companion_join:Rat;companion_join:Rat
557,12901,2,Normal,29,3,3,3,0,37,44,0,2,40,0,1,2,1,3,3,2,0,0,0,0,224,0,10,10,3.333,0,1,1,6,4,,,0,Rat|Rat|Rat,+1 levelup
557,12901,3,Normal,6,1,1,0,0,44,0,2,2,0,0,2,2,2,0,0,0,0,0,1,0,95,43,3,0,0,1,0,0,6,3,RH=Crude Sword|LH=Crude Sword|BD=Crude Armour|A1=Crude Bracelet|A2=Crude Bracelet,Swords_T1_03=1,0,Rat|Rat|Rat,party wiped
558,12902,1,Normal,34,4,4,4,0,37,37,0,0,55,0,1,1,0,7,3,0,3,3,0,0,308,8,18,18,4.5,0,1,1,5,3,,,2,Rat|Rat,floor1_town;companion_join:Rat;companion_join:Rat
558,12902,2,Normal,30,4,4,4,0,37,37,0,0,25,0,1,1,0,1,0,1,2,3,0,0,140,0,5,5,1.25,0,1,1,5,2,,,1,Rat|Rat|Rat,companion_join:Rat
558,12902,3,Normal,33,3,3,3,0,37,44,0,1,36,0,1,2,1,1,0,1,3,3,1,0,180,11,7,7,2.333,0,1,1,17,1,,Swords_T1_03=1,1,Rat|Rat|Rat|Goblin,companion_join:Goblin; +1 levelup
558,12902,4,Normal,29,2,2,2,0,44,44,1,1,30,0,2,2,0,3,1,1,0,2,1,0,168,-1,8,8,4,0,1,1,17,2,,Swords_T1_03=1,0,Rat|Rat|Rat|Goblin,
558,12902,5,Normal,36,6,6,6,0,44,45,1,1,90,0,2,2,0,3,5,1,0,0,5,0,504,8,22,22,3.667,0,1,1,18,4,,Swords_T1_03=5,3,Rat|Rat|Rat|Goblin|Rat|Rat|Rat,companion_join:Rat;companion_join:Rat;companion_join:Rat
558,12902,6,Normal,28,2,2,2,0,45,32,1,1,15,0,2,2,0,0,0,1,0,0,1,0,84,12,3,3,1.5,0,1,1,18,2,,Swords_T1_03=1,1,Rat|Rat|Rat|Goblin|Rat|Rat|Rat|Rat,companion_join:Rat
558,12902,7,Normal,26,4,4,4,0,32,44,1,1,40,0,2,2,0,3,0,1,0,3,2,0,224,-1,9,9,2.25,0,1,1,19,1,,Swords_T1_03=2,0,Rat|Rat|Rat|Goblin|Rat|Rat|Rat|Rat,
558,12902,8,Normal,10,1,1,0,0,44,0,1,1,0,0,2,2,0,0,0,1,3,3,1,0,61,44,1,0,0,1,0,0,25,3,RH=Crude Sword|LH=Crude Sword|BD=Crude Armour|A1=Crude Bracelet|A2=Crude Bracelet,Swords_T1_03=1,0,Rat|Rat|Rat|Goblin|Rat|Rat|Rat|Rat,party wiped
559,12903,1,Normal,32,1,1,1,0,37,37,0,0,20,0,1,1,0,2,0,2,3,3,0,0,112,8,4,4,4,0,1,1,2,4,,,0,-,floor1_town
559,12903,2,Normal,29,3,3,3,0,37,16,0,0,50,0,1,1,1,3,3,1,0,0,0,0,280,29,12,12,4,0,1,1,3,4,,,0,-,
559,12903,3,Normal,3,1,1,0,0,16,0,0,0,0,0,1,1,1,3,3,0,0,0,0,0,115,37,3,0,0,1,0,0,9,4,RH=Crude Sword|LH=Crude Sword|BD=Crude Armour|A1=Crude Bracelet|A2=Crude Bracelet,,0,-,party wiped
560,12904,1,Normal,30,3,3,3,0,37,37,0,0,60,0,1,1,0,9,7,0,3,3,0,0,336,39,22,22,7.333,0,1,1,4,4,,,1,Rat,floor1_town;companion_join:Rat
560,12904,2,Normal,35,2,2,2,0,37,29,0,0,25,0,1,1,0,2,0,0,2,3,0,0,140,16,6,6,3,0,1,1,5,3,,,0,Rat,
560,12904,3,Normal,23,3,3,2,0,29,0,0,2,48,0,1,2,1,6,6,0,0,0,0,0,360,87,12,8,4,1,0,0,12,4,RH=Crude Sword|LH=Crude Sword|BD=Crude Armour|A1=Crude Bracelet|A2=Crude Bracelet,,0,Rat,party wiped; +1 levelup
561,12905,1,Normal,28,4,4,4,0,37,37,0,0,45,0,1,1,0,6,1,1,3,3,0,0,252,0,13,13,3.25,0,1,1,5,1,,,0,-,floor1_town
561,12905,2,Normal,32,3,3,3,0,37,29,0,0,50,0,1,1,2,3,3,0,0,0,0,0,280,8,14,14,4.667,0,1,1,5,4,,,1,Rat,companion_join:Rat
561,12905,3,Normal,27,3,3,3,0,29,45,0,1,60,0,1,2,0,4,3,2,2,3,1,0,300,13,11,11,3.667,0,1,1,12,1,,Swords_T1_03=1,0,Rat,+1 levelup
561,12905,4,Normal,29,3,3,3,0,45,39,1,1,30,0,2,2,0,2,1,2,0,2,0,0,168,6,7,7,2.333,0,1,1,12,1,,,3,Rat|Rat|Rat|Rat,companion_join:Rat;companion_join:Rat;companion_join:Rat
561,12905,5,Normal,34,5,5,5,0,39,37,1,1,55,0,2,2,2,0,2,0,0,0,4,0,308,-2,15,15,3,0,1,1,12,3,,Swords_T1_03=4,1,Rat|Rat|Rat|Rat|Rat,companion_join:Rat
561,12905,6,Normal,26,5,5,4,1,37,54,1,3,60,0,2,3,0,5,3,0,1,3,2,0,392,40,17,15,3.75,0,1,1,14,1,,Swords_T1_03=2,0,Rat|Rat|Rat|Rat|Rat,+1 levelup; flee×1
561,12905,7,Normal,26,3,3,3,0,54,41,3,3,25,0,3,3,0,1,0,0,0,3,2,0,140,13,7,7,2.333,0,1,1,14,1,,Swords_T1_04=2,2,Rat|Rat|Rat|Rat|Rat|Rat|Rat,companion_join:Rat;companion_join:Rat
561,12905,8,Normal,6,1,1,0,0,41,0,3,3,0,0,3,3,0,3,2,0,0,1,1,0,31,54,2,0,0,1,0,0,20,4,RH=Crude Sword|LH=Crude Sword|BD=Crude Armour|A1=Crude Bracelet|A2=Crude Bracelet,Swords_T1_04=1,0,Rat|Rat|Rat|Rat|Rat|Rat|Rat,party wiped
562,12906,1,Normal,26,3,3,3,0,37,37,0,0,35,0,1,1,0,4,0,0,3,3,0,0,196,6,8,8,2.667,0,1,1,4,4,,,0,-,floor1_town
562,12906,2,Normal,28,4,4,4,0,37,37,0,0,45,0,1,1,0,6,1,0,0,2,0,0,252,8,13,13,3.25,0,1,1,5,1,,,3,Rat|Rat|Rat,companion_join:Rat;companion_join:Rat;companion_join:Rat
562,12906,3,Normal,8,1,1,0,0,37,0,0,0,0,0,1,1,2,3,3,0,0,0,0,0,163,37,5,0,0,1,0,0,11,4,RH=Crude Sword|LH=Crude Sword|BD=Crude Armour|A1=Crude Bracelet|A2=Crude Bracelet,,0,Rat|Rat|Rat,party wiped
563,12907,1,Normal,40,5,5,5,0,37,37,0,0,70,0,1,1,0,7,2,1,3,3,0,0,392,16,17,17,3.4,0,1,1,6,4,,,0,-,floor1_town
563,12907,2,Normal,35,5,5,5,0,37,37,0,1,65,0,1,2,0,6,1,3,0,2,1,0,364,23,17,17,3.4,0,1,1,7,1,,Swords_T1_03=1,3,Rat|Rat|Rat,companion_join:Rat;companion_join:Rat;companion_join:Rat; +1 levelup
563,12907,3,Normal,15,2,2,1,0,37,0,1,1,36,0,2,2,3,3,3,0,0,0,2,0,390,43,11,5,5,1,0,0,8,4,RH=Crude Sword|LH=Crude Sword|BD=Crude Armour|A1=Crude Bracelet|A2=Crude Bracelet,Swords_T1_03=2,0,Rat|Rat|Rat,party wiped
564,12908,1,Normal,38,4,4,4,0,37,37,0,0,45,0,1,1,0,6,3,2,3,3,0,0,252,0,15,15,3.75,0,1,1,5,3,,,2,Rat|Rat,floor1_town;companion_join:Rat;companion_join:Rat
564,12908,2,Normal,27,2,2,2,0,37,29,0,0,15,0,1,1,0,0,0,4,3,3,0,0,84,8,3,3,1.5,0,1,1,5,2,,,1,Rat|Rat|Rat,companion_join:Rat
564,12908,3,Normal,4,1,1,0,0,29,0,0,0,0,0,1,1,2,3,3,4,0,0,0,0,138,37,4,0,0,1,0,0,11,4,RH=Crude Sword|LH=Crude Sword|BD=Crude Armour|A1=Crude Bracelet|A2=Crude Bracelet,,0,Rat|Rat|Rat,party wiped
565,12909,1,Normal,36,2,2,2,0,37,37,0,0,35,0,1,1,0,3,0,1,3,3,0,0,196,16,7,7,3.5,0,1,1,3,3,,,0,-,floor1_town
565,12909,2,Normal,25,1,1,1,0,37,29,0,0,10,0,1,1,0,0,0,3,3,3,0,0,56,8,2,2,2,0,1,1,3,2,,,1,Rat,companion_join:Rat
565,12909,3,Normal,6,2,2,1,0,29,0,0,0,24,0,1,1,0,6,4,5,0,0,0,0,240,37,8,4,4,1,0,0,15,3,RH=Crude Sword|LH=Crude Sword|BD=Crude Armour|A1=Crude Bracelet|A2=Crude Bracelet,,1,Rat|Goblin,companion_join:Goblin; party wiped
566,12910,1,Normal,34,4,4,4,0,37,37,0,0,25,0,1,1,0,0,0,2,3,3,0,0,140,8,5,5,1.25,0,1,1,5,1,,,1,Rat,floor1_town;companion_join:Rat
566,12910,2,Normal,35,5,5,5,0,37,44,0,1,75,0,1,2,1,6,5,2,0,1,0,0,420,18,24,24,4.8,0,1,1,6,3,,,1,Rat|Rat,companion_join:Rat; +1 levelup
566,12910,3,Normal,28,2,2,2,0,44,44,1,1,72,0,2,2,4,3,4,0,0,0,1,0,360,20,12,12,6,0,1,1,7,3,,Swords_T1_03=1,0,Rat|Rat,
566,12910,4,Normal,38,3,3,3,0,44,44,1,1,35,0,2,2,0,3,1,0,0,2,2,0,196,12,8,8,2.667,0,1,1,8,4,,Swords_T1_03=2,0,Rat|Rat,
566,12910,5,Normal,23,2,2,1,0,44,0,1,1,15,0,2,2,0,0,2,0,0,0,2,0,140,42,6,4,4,1,0,0,8,4,RH=Crude Sword|LH=Crude Sword|BD=Crude Armour|A1=Crude Bracelet|A2=Crude Bracelet,Swords_T1_03=2,0,Rat|Rat,party wiped
567,12911,1,Normal,32,2,2,2,0,37,37,0,0,25,0,1,1,0,1,0,1,3,3,0,0,140,0,6,6,3,0,1,1,3,2,,,0,-,floor1_town
567,12911,2,Normal,38,3,3,3,0,37,37,0,0,25,0,1,1,0,2,0,2,3,3,0,0,140,8,6,6,2,0,1,1,4,1,,,1,Rat,companion_join:Rat
567,12911,3,Normal,28,2,2,2,0,37,37,0,0,36,0,1,1,0,4,1,2,0,2,0,0,180,0,6,6,3,0,1,1,16,2,,,0,Rat,
567,12911,4,Normal,37,5,5,5,0,37,45,0,2,65,0,1,2,0,6,2,2,0,2,2,0,364,19,16,16,3.2,0,1,1,18,3,,Swords_T1_03=2,1,Rat|Rat,companion_join:Rat; +1 levelup
567,12911,5,Normal,29,2,2,2,0,45,35,2,2,15,0,2,2,0,0,0,2,0,2,2,0,84,8,3,3,1.5,0,1,1,18,1,,Swords_T1_03=2,0,Rat|Rat,
567,12911,6,Normal,25,3,3,3,0,35,37,2,2,30,0,2,2,0,0,2,2,0,0,3,0,168,-5,8,8,2.667,0,1,1,18,3,,Swords_T1_03=3,2,Rat|Rat|Rat|Rat,companion_join:Rat;companion_join:Rat
567,12911,7,Normal,35,4,4,4,0,37,45,2,2,25,0,2,2,0,0,0,2,3,3,1,0,140,8,5,5,1.25,0,1,1,19,1,,Swords_T1_03=1,2,Rat|Rat|Rat|Rat|Rat|Rat,companion_join:Rat;companion_join:Rat
567,12911,8,Normal,1,1,1,0,0,45,0,2,2,0,0,2,2,2,2,0,0,1,3,0,0,41,45,2,0,0,1,0,0,25,3,RH=Crude Sword|LH=Crude Sword|BD=Crude Armour|A1=Crude Bracelet|A2=Crude Bracelet,,0,Rat|Rat|Rat|Rat|Rat|Rat,party wiped
568,12912,1,Normal,30,4,4,4,0,37,37,0,0,45,0,1,1,0,4,2,2,3,3,0,0,252,14,13,13,3.25,0,1,1,5,4,,,1,Rat,floor1_town;companion_join:Rat
568,12912,2,Normal,26,2,2,2,0,37,37,0,0,15,0,1,1,0,1,0,3,2,3,0,0,84,0,3,3,1.5,0,1,1,5,1,,,0,Rat,
568,12912,3,Normal,16,2,2,1,0,37,0,0,0,24,0,1,1,5,6,3,0,0,0,0,0,296,48,11,5,5,1,0,0,17,4,RH=Crude Sword|LH=Crude Sword|BD=Crude Armour|A1=Crude Bracelet|A2=Crude Bracelet,,1,Rat|Goblin,companion_join:Goblin; party wiped
569,12913,1,Normal,28,1,1,1,0,37,37,0,0,5,0,1,1,0,0,0,0,3,3,0,0,28,0,1,1,1,0,1,1,2,1,,,1,Rat,floor1_town;companion_join:Rat
569,12913,2,Normal,28,1,1,1,0,37,29,0,0,15,0,1,1,0,2,0,0,1,3,0,0,84,8,4,4,4,0,1,1,2,3,,,0,Rat,
569,12913,3,Normal,12,2,2,0,1,29,0,0,0,0,0,1,1,2,6,6,0,0,0,0,0,271,72,9,0,0,1,0,0,14,3,RH=Crude Sword|LH=Crude Sword|BD=Crude Armour|A1=Crude Bracelet|A2=Crude Bracelet,,0,Rat,party wiped; flee×1
570,12914,1,Normal,26,2,2,2,0,37,37,0,0,30,0,1,1,0,3,3,2,3,3,0,0,168,16,8,8,4,0,1,1,3,4,,,0,-,floor1_town
570,12914,2,Normal,38,3,3,3,0,37,37,0,0,45,0,1,1,0,6,2,4,0,2,0,0,252,8,14,14,4.667,0,1,1,4,1,,,0,-,
570,12914,3,Normal,38,4,4,4,0,37,8,0,3,108,0,1,2,6,3,3,0,0,0,3,0,540,37,19,19,4.75,0,1,1,10,2,,Swords_T1_03=3,0,-,+1 levelup
570,12914,4,Normal,26,5,5,5,0,8,37,3,3,60,0,2,2,0,4,1,0,0,2,4,0,336,17,13,13,2.6,0,1,1,12,4,,Swords_T1_03=4,3,Rat|Rat|Rat,companion_join:Rat;companion_join:Rat;companion_join:Rat
570,12914,5,Normal,40,3,3,3,0,37,53,3,5,60,0,2,3,0,3,5,0,0,0,1,0,336,15,13,13,4.333,0,1,1,13,4,,Swords_T1_03=1,0,Rat|Rat|Rat,+1 levelup
570,12914,6,Normal,40,3,3,2,1,53,39,5,5,25,0,3,3,0,1,0,0,2,3,1,0,196,64,8,6,3,0,1,1,14,3,,Swords_T1_03=1,1,Rat|Rat|Rat|Rat,companion_join:Rat; flee×1
570,12914,7,Normal,33,3,3,3,0,39,53,5,5,30,0,3,3,0,2,1,0,0,2,2,0,168,-18,7,7,2.333,0,1,1,14,2,,Swords_T1_03=2,0,Rat|Rat|Rat|Rat,
570,12914,8,Normal,7,1,1,0,0,53,0,5,5,0,0,3,3,0,2,0,0,1,3,0,0,29,53,1,0,0,1,0,0,20,4,RH=Crude Sword|LH=Crude Sword|BD=Crude Armour|A1=Crude Bracelet|A2=Crude Bracelet,,0,Rat|Rat|Rat|Rat,party wiped
571,12915,1,Normal,40,4,4,4,0,37,37,0,0,45,0,1,1,0,4,3,0,3,3,0,0,252,13,12,12,3,0,1,1,5,3,,,2,Rat|Rat,floor1_town;companion_join:Rat;companion_join:Rat
571,12915,2,Normal,26,2,2,2,0,37,37,0,0,15,0,1,1,0,0,0,2,3,3,0,0,84,0,4,4,2,0,1,1,5,1,,,1,Rat|Rat|Rat,companion_join:Rat
571,12915,3,Normal,2,1,1,0,0,37,0,0,0,0,0,1,1,2,3,3,0,0,0,0,0,123,37,4,0,0,1,0,0,11,4,RH=Crude Sword|LH=Crude Sword|BD=Crude Armour|A1=Crude Bracelet|A2=Crude Bracelet,,0,Rat|Rat|Rat,party wiped
572,12916,1,Normal,38,4,4,4,0,37,37,0,0,60,0,1,1,1,7,3,0,3,3,0,0,336,45,18,18,4.5,0,1,1,5,3,,,2,Rat|Rat,floor1_town;companion_join:Rat;companion_join:Rat
572,12916,2,Normal,26,2,2,2,0,37,37,0,0,15,0,1,1,0,0,0,0,3,3,0,0,84,0,4,4,2,0,1,1,5,1,,,0,Rat|Rat,
572,12916,3,Normal,30,2,2,0,1,37,0,0,0,0,0,1,1,0,6,6,0,0,0,0,0,208,65,7,0,0,1,0,0,17,3,RH=Crude Sword|LH=Crude Sword|BD=Crude Armour|A1=Crude Bracelet|A2=Crude Bracelet,,0,Rat|Rat,party wiped; flee×1
573,12917,1,Normal,36,4,4,4,0,37,37,0,0,50,0,1,1,0,6,3,0,3,3,0,0,280,8,14,14,3.5,0,1,1,5,2,,,2,Rat|Rat,floor1_town;companion_join:Rat;companion_join:Rat
573,12917,2,Normal,31,5,5,5,0,37,30,0,2,75,0,1,2,0,6,4,2,0,0,0,0,420,24,21,21,4.2,0,1,1,6,3,,,2,Rat|Rat|Rat|Rat,companion_join:Rat;companion_join:Rat; +1 levelup
573,12917,3,Normal,2,1,1,0,0,30,0,2,2,0,0,2,2,3,3,3,0,0,0,0,0,129,46,6,0,0,1,0,0,7,4,RH=Crude Sword|LH=Crude Sword|BD=Crude Armour|A1=Crude Bracelet|A2=Crude Bracelet,,0,Rat|Rat|Rat|Rat,party wiped
574,12918,1,Normal,34,5,5,5,0,37,37,0,0,50,0,1,1,0,5,1,1,3,3,0,0,280,28,15,15,3,0,1,1,6,4,,,2,Rat|Rat,floor1_town;companion_join:Rat;companion_join:Rat
574,12918,2,Normal,34,3,3,3,0,37,29,0,0,45,0,1,1,0,6,1,1,0,3,0,0,252,16,11,11,3.667,0,1,1,7,3,,,0,Rat|Rat,
574,12918,3,Normal,25,2,2,2,0,29,46,0,1,24,0,1,2,0,2,0,1,1,3,0,0,120,0,4,4,2,0,1,1,13,1,,,1,Rat|Rat|Goblin,companion_join:Goblin; +1 levelup
574,12918,4,Normal,36,5,5,5,0,46,24,1,1,60,0,2,2,1,1,3,0,0,0,2,0,336,20,15,15,3,0,1,1,13,2,,Swords_T1_03=2,3,Rat|Rat|Goblin|Rat|Rat|Rat,companion_join:Rat;companion_join:Rat;companion_join:Rat
574,12918,5,Normal,25,3,3,3,0,24,37,1,1,35,0,2,2,0,3,1,0,0,2,2,0,196,7,11,11,3.667,0,1,1,14,2,,Swords_T1_03=2,0,Rat|Rat|Goblin|Rat|Rat|Rat,
574,12918,6,Normal,40,3,3,3,0,37,46,1,1,45,0,2,2,0,3,4,0,0,1,3,0,252,9,13,13,4.333,0,1,1,15,3,,Swords_T1_03=3,0,Rat|Rat|Goblin|Rat|Rat|Rat,
574,12918,7,Normal,34,3,3,3,0,46,45,1,1,30,0,2,2,0,0,1,0,3,3,2,0,168,42,6,6,2,0,1,1,16,1,,Swords_T1_03=2,1,Rat|Rat|Goblin|Rat|Rat|Rat|Rat,companion_join:Rat
574,12918,8,Normal,7,1,1,0,0,45,0,1,1,0,0,2,2,0,3,0,0,0,3,1,0,102,45,2,0,0,1,0,0,22,3,RH=Crude Sword|LH=Crude Sword|BD=Crude Armour|A1=Crude Bracelet|A2=Crude Bracelet,Swords_T1_03=1,0,Rat|Rat|Goblin|Rat|Rat|Rat|Rat,party wiped
575,12919,1,Normal,32,2,2,2,0,37,37,0,0,25,0,1,1,0,2,0,2,3,3,0,0,140,8,6,6,3,0,1,1,3,4,,,0,-,floor1_town
575,12919,2,Normal,39,3,3,3,0,37,15,0,0,45,0,1,1,0,6,5,3,0,0,0,0,252,30,15,15,5,0,1,1,4,4,,,1,Rat,companion_join:Rat
575,12919,3,Normal,1,1,1,0,0,15,0,0,0,0,0,1,1,3,3,3,1,0,0,0,0,120,37,5,0,0,1,0,0,10,4,RH=Crude Sword|LH=Crude Sword|BD=Crude Armour|A1=Crude Bracelet|A2=Crude Bracelet,,0,Rat,party wiped
576,12920,1,Normal,30,3,3,3,0,37,37,0,0,45,0,1,1,0,5,1,1,3,3,0,0,252,8,12,12,4,0,1,1,4,2,,,1,Rat,floor1_town;companion_join:Rat
576,12920,2,Normal,25,2,2,2,0,37,37,0,0,15,0,1,1,0,1,0,2,2,3,0,0,84,0,3,3,1.5,0,1,1,4,1,,,0,Rat,
576,12920,3,Normal,25,3,3,3,0,37,45,0,1,48,0,1,2,0,5,0,3,0,3,0,0,240,0,8,8,2.667,0,1,1,22,2,,,1,Rat|Goblin,companion_join:Goblin; +1 levelup
576,12920,4,Normal,28,3,3,3,0,45,39,1,1,40,0,2,2,2,0,3,1,0,0,2,0,224,4,13,13,4.333,0,1,1,22,3,,Swords_T1_03=2,2,Rat|Goblin|Rat|Rat,companion_join:Rat;companion_join:Rat
576,12920,5,Normal,5,1,1,0,0,39,0,1,1,0,0,2,2,1,0,0,0,0,0,0,0,56,39,4,0,0,1,0,0,22,4,RH=Crude Sword|LH=Crude Sword|BD=Crude Armour|A1=Crude Bracelet|A2=Crude Bracelet,,0,Rat|Goblin|Rat|Rat,party wiped
577,12921,1,Normal,28,3,3,3,0,37,37,0,0,20,0,1,1,0,0,0,2,3,3,0,0,112,8,4,4,1.333,0,1,1,4,1,,,1,Rat,floor1_town;companion_join:Rat
577,12921,2,Normal,35,4,4,4,0,37,27,0,0,25,0,1,1,0,1,0,4,2,3,0,0,140,10,6,6,1.5,0,1,1,4,1,,,2,Rat|Rat|Rat,companion_join:Rat;companion_join:Rat
577,12921,3,Normal,26,3,3,3,0,27,45,0,3,84,0,1,2,5,6,4,0,0,0,0,0,420,25,17,17,5.667,0,1,1,22,4,,,0,Rat|Rat|Rat,+1 levelup
577,12921,4,Normal,37,5,5,4,1,45,45,3,3,25,0,2,2,0,1,0,0,2,3,3,0,168,38,7,5,1.25,0,1,1,23,1,,Swords_T1_03=3,2,Rat|Rat|Rat|Rat|Rat,companion_join:Rat;companion_join:Rat; flee×1
577,12921,5,Normal,28,3,3,3,0,45,44,3,3,20,0,2,2,0,1,0,0,1,3,2,0,112,-1,5,5,1.667,0,1,1,23,1,,Swords_T1_03=2,1,Rat|Rat|Rat|Rat|Rat|Rat,companion_join:Rat
577,12921,6,Normal,26,5,5,5,0,44,37,3,3,70,0,2,2,0,5,1,0,2,3,1,0,392,32,16,16,3.2,0,1,1,25,3,,Swords_T1_03=1,1,Rat|Rat|Rat|Rat|Rat|Rat|Rat,companion_join:Rat
577,12921,7,Normal,28,3,3,2,1,37,10,3,3,25,0,2,2,0,2,3,0,0,0,2,0,168,25,7,6,3,0,1,1,25,3,,Swords_T1_03=2,0,Rat|Rat|Rat|Rat|Rat|Rat|Rat,flee×1
577,12921,8,Normal,10,1,1,0,0,10,0,3,3,0,0,2,2,0,3,0,0,0,3,0,0,42,45,2,0,0,1,0,0,31,2,RH=Crude Sword|LH=Crude Sword|BD=Crude Armour|A1=Crude Bracelet|A2=Crude Bracelet,,0,Rat|Rat|Rat|Rat|Rat|Rat|Rat,party wiped
578,12922,1,Normal,26,4,4,4,0,37,37,0,0,50,0,1,1,0,3,0,0,3,3,0,0,280,16,11,11,2.75,0,1,1,5,2,,,1,Rat,floor1_town;companion_join:Rat
578,12922,2,Normal,40,5,5,5,0,37,44,0,2,70,0,1,2,1,6,5,0,0,1,1,0,392,22,21,21,4.2,0,1,1,6,2,,Swords_T1_03=1,2,Rat|Rat|Rat,companion_join:Rat;companion_join:Rat; +1 levelup
578,12922,3,Normal,17,4,4,2,1,44,0,2,2,36,0,2,2,0,3,4,0,0,0,3,0,292,76,8,5,2.5,1,0,0,7,4,RH=Crude Sword|LH=Crude Sword|BD=Crude Armour|A1=Crude Bracelet|A2=Crude Bracelet,Swords_T1_03=3,0,Rat|Rat|Rat,party wiped; flee×1
579,12923,1,Normal,40,3,3,3,0,37,37,0,0,45,0,1,1,0,5,1,2,3,3,0,0,252,14,13,13,4.333,0,1,1,4,4,,,2,Rat|Rat,floor1_town;companion_join:Rat;companion_join:Rat
579,12923,2,Normal,36,7,7,7,0,37,39,0,1,95,0,1,2,3,6,3,1,0,0,1,0,532,30,25,25,3.571,0,1,1,5,1,,Swords_T1_03=1,1,Rat|Rat|Rat,companion_join:Rat; +1 levelup
579,12923,3,Normal,1,1,1,0,0,39,0,1,1,0,0,2,2,2,3,3,0,0,0,1,0,165,45,6,0,0,1,0,0,6,4,RH=Crude Sword|LH=Crude Sword|BD=Crude Armour|A1=Crude Bracelet|A2=Crude Bracelet,Swords_T1_03=1,0,Rat|Rat|Rat,party wiped
580,12924,1,Normal,38,2,2,2,0,37,37,0,0,25,0,1,1,0,3,2,0,3,3,0,0,140,8,7,7,3.5,0,1,1,3,1,,,0,-,floor1_town
580,12924,2,Normal,33,5,5,5,0,37,29,0,0,70,0,1,1,0,6,2,2,1,3,0,0,392,32,17,17,3.4,0,1,1,6,2,,,2,Rat|Rat,companion_join:Rat;companion_join:Rat
580,12924,3,Normal,10,1,1,0,0,29,0,0,0,0,0,1,1,0,3,3,2,0,0,0,0,130,37,3,0,0,1,0,0,12,4,RH=Crude Sword|LH=Crude Sword|BD=Crude Armour|A1=Crude Bracelet|A2=Crude Bracelet,,0,Rat|Rat,party wiped
581,12925,1,Normal,36,3,3,3,0,37,37,0,0,45,0,1,1,0,4,0,1,3,3,0,0,252,24,11,11,3.667,0,1,1,4,4,,,1,Rat,floor1_town;companion_join:Rat
581,12925,2,Normal,29,3,3,3,0,37,45,0,1,55,0,1,2,1,6,3,1,0,3,0,0,308,9,16,16,5.333,0,1,1,5,3,,,0,Rat,+1 levelup
581,12925,3,Normal,22,2,2,1,0,45,0,1,1,24,0,2,2,2,0,3,0,0,0,2,0,240,43,7,4,4,1,0,0,5,4,RH=Crude Sword|LH=Crude Sword|BD=Crude Armour|A1=Crude Bracelet|A2=Crude Bracelet,Swords_T1_03=2,1,Rat|Goblin,companion_join:Goblin; party wiped
582,12926,1,Normal,33,5,5,5,0,37,37,0,0,60,0,1,1,0,5,0,0,3,3,0,0,336,24,15,15,3,0,1,1,6,2,,,4,Rat|Rat|Rat|Rat,floor1_town;companion_join:Rat;companion_join:Rat;companion_join:Rat;companion_join:Rat
582,12926,2,Normal,27,4,4,4,0,37,45,0,2,45,0,1,2,0,5,3,1,1,3,0,0,252,20,14,14,3.5,0,1,1,7,3,,,3,Rat|Rat|Rat|Rat|Rat|Rat|Rat,companion_join:Rat;companion_join:Rat;companion_join:Rat; +1 levelup
582,12926,3,Normal,11,2,2,1,0,45,0,2,2,12,0,2,2,3,1,3,0,0,0,2,0,240,43,7,1,1,1,0,0,7,4,RH=Crude Sword|LH=Crude Sword|BD=Crude Armour|A1=Crude Bracelet|A2=Crude Bracelet,Swords_T1_03=2,0,Rat|Rat|Rat|Rat|Rat|Rat|Rat,party wiped
583,12927,1,Normal,31,4,4,4,0,37,37,0,0,35,0,1,1,0,2,0,1,3,3,0,0,196,8,8,8,2,0,1,1,5,1,,,2,Rat|Rat,floor1_town;companion_join:Rat;companion_join:Rat
583,12927,2,Normal,40,5,5,5,0,37,44,0,3,70,0,1,2,0,6,6,2,0,0,1,0,392,10,20,20,4,0,1,1,6,1,,Swords_T1_03=1,0,Rat|Rat,+1 levelup
583,12927,3,Normal,32,3,3,2,1,44,45,3,3,48,0,2,2,4,3,3,0,0,0,2,0,277,41,11,8,4,0,1,1,7,2,,Swords_T1_03=2,0,Rat|Rat,flee×1
583,12927,4,Normal,38,4,4,4,0,45,44,3,3,50,0,2,2,0,2,0,0,1,3,3,0,280,20,11,11,2.75,0,1,1,8,2,,Swords_T1_03=3,1,Rat|Rat|Rat,companion_join:Rat
583,12927,5,Normal,40,4,4,4,0,44,37,3,3,60,0,2,2,0,4,4,0,0,2,2,0,336,35,16,16,4,0,1,1,9,2,,Swords_T1_03=2,1,Rat|Rat|Rat|Rat,companion_join:Rat
583,12927,6,Normal,26,3,3,3,0,37,44,3,3,30,0,2,2,0,0,2,0,3,3,3,0,168,11,7,7,2.333,0,1,1,10,1,,Swords_T1_03=3,0,Rat|Rat|Rat|Rat,
583,12927,7,Normal,32,4,4,4,0,44,39,3,5,40,0,2,3,0,0,0,0,3,3,1,0,224,22,9,9,2.25,0,1,1,10,1,,Swords_T1_03=1,1,Rat|Rat|Rat|Rat|Rat,companion_join:Rat; +1 levelup
583,12927,8,Normal,2,1,1,0,0,39,0,5,5,0,0,3,3,0,3,3,0,0,0,0,0,93,53,4,0,0,1,0,0,16,2,RH=Crude Sword|LH=Crude Sword|BD=Crude Armour|A1=Crude Bracelet|A2=Crude Bracelet,,0,Rat|Rat|Rat|Rat|Rat,party wiped
584,12928,1,Normal,29,2,2,2,0,37,37,0,0,35,0,1,1,0,4,2,0,3,3,0,0,196,0,9,9,4.5,0,1,1,3,4,,,0,-,floor1_town
584,12928,2,Normal,38,4,4,4,0,37,45,0,3,70,0,1,2,1,6,4,0,0,0,0,0,392,6,20,20,5,0,1,1,4,4,,,0,-,+1 levelup
584,12928,3,Normal,1,1,1,0,0,45,0,3,3,0,0,2,2,1,0,0,0,0,0,2,0,60,43,2,0,0,1,0,0,4,3,RH=Crude Sword|LH=Crude Sword|BD=Crude Armour|A1=Crude Bracelet|A2=Crude Bracelet,Swords_T1_03=2,0,-,party wiped
585,12929,1,Normal,27,2,2,2,0,37,37,0,0,20,0,1,1,0,0,0,1,3,3,0,0,112,14,7,7,3.5,0,1,1,3,2,,,1,Rat,floor1_town;companion_join:Rat
585,12929,2,Normal,26,4,4,3,1,37,11,0,0,40,0,1,1,1,3,3,0,0,0,0,0,308,26,14,10,3.333,0,1,1,3,4,,,2,Rat|Rat|Rat,companion_join:Rat;companion_join:Rat; flee×1
585,12929,3,Normal,14,2,2,1,0,11,0,0,0,24,0,1,1,1,6,5,0,0,0,0,0,232,37,7,4,4,1,0,0,15,4,RH=Crude Sword|LH=Crude Sword|BD=Crude Armour|A1=Crude Bracelet|A2=Crude Bracelet,,0,Rat|Rat|Rat,party wiped
586,12930,1,Normal,25,5,5,5,0,37,37,0,0,75,0,1,1,0,9,5,2,3,3,0,0,420,13,22,22,4.4,0,1,1,6,4,,,2,Rat|Rat,floor1_town;companion_join:Rat;companion_join:Rat
586,12930,2,Normal,36,3,3,3,0,37,45,0,2,40,0,1,2,0,4,3,3,2,3,1,0,224,20,11,11,3.667,0,1,1,7,2,,Swords_T1_03=1,0,Rat|Rat,+1 levelup
586,12930,3,Normal,27,2,2,2,0,45,2,2,2,72,0,2,2,5,2,3,0,0,0,2,0,360,41,12,12,6,0,1,1,7,2,,Swords_T1_03=2,2,Rat|Rat|Goblin|Goblin,companion_join:Goblin;companion_join:Goblin
586,12930,4,Normal,30,0,0,0,0,2,2,2,2,0,0,2,2,0,0,0,0,0,0,0,0,0,0,0,0,0,0,1,1,7,0,,,0,Rat|Rat|Goblin|Goblin,
586,12930,5,Normal,27,5,5,5,0,2,44,2,2,50,0,2,2,0,3,1,0,0,2,1,0,280,0,11,11,2.2,0,1,1,8,2,,Swords_T1_03=1,1,Rat|Rat|Goblin|Goblin|Rat,companion_join:Rat
586,12930,6,Normal,32,5,5,5,0,44,45,2,2,40,0,2,2,0,0,2,0,0,0,0,0,224,-1,8,8,1.6,0,1,1,8,1,,,2,Rat|Rat|Goblin|Goblin|Rat|Rat|Rat,companion_join:Rat;companion_join:Rat
586,12930,7,Normal,37,2,2,1,1,45,34,2,2,5,0,2,2,0,0,0,0,3,3,1,0,84,45,5,2,2,0,1,1,9,1,,Swords_T1_03=1,0,Rat|Rat|Goblin|Goblin|Rat|Rat|Rat,flee×1
586,12930,8,Normal,1,1,1,0,0,34,0,2,2,0,0,2,2,0,0,0,0,3,3,1,0,68,44,1,0,0,1,0,0,15,1,RH=Crude Sword|LH=Crude Sword|BD=Crude Armour|A1=Crude Bracelet|A2=Crude Bracelet,Swords_T1_03=1,0,Rat|Rat|Goblin|Goblin|Rat|Rat|Rat,party wiped
587,12931,1,Normal,39,2,2,2,0,37,37,0,0,15,0,1,1,0,0,0,1,3,3,0,0,84,8,3,3,1.5,0,1,1,3,1,,,0,-,floor1_town
587,12931,2,Normal,32,2,2,2,0,37,37,0,0,20,0,1,1,0,1,0,3,2,3,0,0,112,8,5,5,2.5,0,1,1,4,2,,,0,-,
587,12931,3,Normal,6,1,1,0,0,37,0,0,0,0,0,1,1,2,3,3,3,0,0,0,0,116,37,4,0,0,1,0,0,10,4,RH=Crude Sword|LH=Crude Sword|BD=Crude Armour|A1=Crude Bracelet|A2=Crude Bracelet,,0,-,party wiped
588,12932,1,Normal,37,3,3,3,0,37,37,0,0,45,0,1,1,0,5,1,2,3,3,0,0,252,16,13,13,4.333,0,1,1,4,2,,,0,-,floor1_town
588,12932,2,Normal,35,4,4,4,0,37,45,0,2,65,0,1,2,1,6,3,2,0,3,1,0,364,8,17,17,4.25,0,1,1,5,1,,Swords_T1_03=1,1,Rat,companion_join:Rat; +1 levelup
588,12932,3,Normal,13,2,2,1,0,45,0,2,2,12,0,2,2,3,0,3,0,0,0,2,0,215,43,5,1,1,1,0,0,5,4,RH=Crude Sword|LH=Crude Sword|BD=Crude Armour|A1=Crude Bracelet|A2=Crude Bracelet,Swords_T1_03=2,1,Rat|Goblin,companion_join:Goblin; party wiped
589,12933,1,Normal,35,5,5,5,0,37,37,0,0,45,0,1,1,0,3,3,0,3,3,0,0,252,14,11,11,2.2,0,1,1,6,1,,,2,Rat|Rat,floor1_town;companion_join:Rat;companion_join:Rat
589,12933,2,Normal,27,3,3,3,0,37,37,0,0,40,0,1,1,0,5,0,2,0,3,0,0,224,16,13,13,4.333,0,1,1,8,3,,,0,Rat|Rat,
589,12933,3,Normal,2,1,1,0,0,37,0,0,0,0,0,1,1,2,3,3,0,0,0,0,0,88,37,4,0,0,1,0,0,14,4,RH=Crude Sword|LH=Crude Sword|BD=Crude Armour|A1=Crude Bracelet|A2=Crude Bracelet,,0,Rat|Rat,party wiped
590,12934,1,Normal,33,4,4,4,0,37,37,0,0,70,0,1,1,0,11,3,2,3,3,0,0,392,16,21,21,5.25,0,1,1,5,3,,,1,Rat,floor1_town;companion_join:Rat
590,12934,2,Normal,30,4,4,4,0,37,40,0,3,45,0,1,2,0,3,0,2,1,3,2,0,252,19,11,11,2.75,0,1,1,6,2,,Swords_T1_03=2,2,Rat|Rat|Rat,companion_join:Rat;companion_join:Rat; +1 levelup
590,12934,3,Normal,27,2,2,1,0,40,0,3,3,48,0,2,2,4,3,3,0,0,0,2,0,300,43,12,9,9,1,0,0,7,4,RH=Crude Sword|LH=Crude Sword|BD=Crude Armour|A1=Crude Bracelet|A2=Crude Bracelet,Swords_T1_03=2,1,Rat|Rat|Rat|Goblin,companion_join:Goblin; party wiped
591,12935,1,Normal,31,4,4,4,0,37,37,0,0,40,0,1,1,0,3,0,0,3,3,0,0,224,8,9,9,2.25,0,1,1,5,1,,,0,-,floor1_town
591,12935,2,Normal,25,2,2,2,0,37,37,0,0,30,0,1,1,0,2,0,1,2,3,0,0,168,8,6,6,3,0,1,1,6,3,,,1,Rat,companion_join:Rat
591,12935,3,Normal,16,1,1,0,0,37,0,0,0,0,0,1,1,0,3,3,1,0,0,0,0,95,37,3,0,0,1,0,0,12,3,RH=Crude Sword|LH=Crude Sword|BD=Crude Armour|A1=Crude Bracelet|A2=Crude Bracelet,,0,Rat,party wiped
592,12936,1,Normal,29,2,2,2,0,37,37,0,0,30,0,1,1,0,3,1,1,3,3,0,0,168,8,6,6,3,0,1,1,3,4,,,1,Rat,floor1_town;companion_join:Rat
592,12936,2,Normal,33,3,3,3,0,37,29,0,0,40,0,1,1,0,5,1,1,1,3,0,0,224,18,12,12,4,0,1,1,4,3,,,2,Rat|Rat|Rat,companion_join:Rat;companion_join:Rat
592,12936,3,Normal,25,2,2,1,1,29,1,0,0,12,0,1,1,3,5,3,0,0,0,0,0,208,36,9,3,3,0,1,1,16,4,,,0,Rat|Rat|Rat,flee×1
592,12936,4,Normal,40,3,3,3,0,1,25,0,2,40,0,1,2,0,3,3,0,0,0,1,0,224,26,12,12,4,0,1,1,17,4,,Swords_T1_03=1,1,Rat|Rat|Rat|Rat,companion_join:Rat; +1 levelup
592,12936,5,Normal,33,4,4,4,0,25,37,2,2,50,0,2,2,0,4,1,0,2,3,1,0,280,19,12,12,3,0,1,1,19,1,,Swords_T1_03=1,0,Rat|Rat|Rat|Rat,
592,12936,6,Normal,33,5,5,5,0,37,37,2,2,60,0,2,2,0,6,0,0,0,3,2,0,336,22,16,16,3.2,0,1,1,21,4,,Swords_T1_03=2,3,Rat|Rat|Rat|Rat|Rat|Rat|Rat,companion_join:Rat;companion_join:Rat;companion_join:Rat
592,12936,7,Normal,12,2,2,1,0,37,0,2,2,15,0,2,2,0,0,3,0,0,0,1,0,165,36,8,4,4,1,0,0,21,4,RH=Crude Sword|LH=Crude Sword|BD=Crude Armour|A1=Crude Bracelet|A2=Crude Bracelet,Swords_T1_03=1,0,Rat|Rat|Rat|Rat|Rat|Rat|Rat,party wiped
593,12937,1,Normal,27,4,4,4,0,37,37,0,0,45,0,1,1,0,4,2,0,3,3,0,0,252,0,14,14,3.5,0,1,1,5,4,,,1,Rat,floor1_town;companion_join:Rat
593,12937,2,Normal,37,3,3,3,0,37,29,0,0,35,0,1,1,0,2,0,1,1,3,0,0,196,8,7,7,2.333,0,1,1,5,2,,,1,Rat|Rat,companion_join:Rat
593,12937,3,Normal,10,1,1,0,0,29,0,0,0,0,0,1,1,3,3,3,0,0,0,0,0,170,37,6,0,0,1,0,0,11,4,RH=Crude Sword|LH=Crude Sword|BD=Crude Armour|A1=Crude Bracelet|A2=Crude Bracelet,,0,Rat|Rat,party wiped
594,12938,1,Normal,25,4,4,4,0,37,37,0,0,45,0,1,1,0,4,0,1,3,3,0,0,252,8,12,12,3,0,1,1,5,3,,,0,-,floor1_town
594,12938,2,Normal,30,4,4,4,0,37,37,0,0,35,0,1,1,0,2,0,2,2,3,0,0,196,8,8,8,2,0,1,1,6,2,,,1,Rat,companion_join:Rat
594,12938,3,Normal,36,4,4,3,1,37,5,0,2,72,0,1,2,3,4,3,0,0,0,2,0,448,38,13,11,3.667,0,1,1,18,4,,Swords_T1_03=2,0,Rat,+1 levelup; flee×1
594,12938,4,Normal,25,1,1,1,0,5,44,2,2,5,0,2,2,0,0,0,0,3,3,0,0,28,0,1,1,1,0,1,1,19,1,,,0,Rat,
594,12938,5,Normal,33,3,3,3,0,44,44,2,2,35,0,2,2,0,3,0,0,0,3,0,0,196,0,9,9,3,0,1,1,19,2,,,0,Rat,
594,12938,6,Normal,30,4,4,4,0,44,44,2,2,40,0,2,2,0,0,3,0,0,0,3,0,224,-3,9,9,2.25,0,1,1,19,2,,Swords_T1_03=3,0,Rat,
594,12938,7,Normal,39,6,6,6,0,44,35,2,2,40,0,2,2,0,0,0,0,0,0,2,0,224,7,8,8,1.333,0,1,1,19,2,,Swords_T1_03=2,4,Rat|Rat|Rat|Rat|Rat,companion_join:Rat;companion_join:Rat;companion_join:Rat;companion_join:Rat
594,12938,8,Normal,3,1,1,0,0,35,0,2,2,0,0,2,2,0,3,1,0,0,2,0,0,27,44,2,0,0,1,0,0,25,4,RH=Crude Sword|LH=Crude Sword|BD=Crude Armour|A1=Crude Bracelet|A2=Crude Bracelet,,0,Rat|Rat|Rat|Rat|Rat,party wiped
595,12939,1,Normal,39,3,3,3,0,37,37,0,0,25,0,1,1,0,1,0,2,3,3,0,0,140,0,6,6,2,0,1,1,4,1,,,0,-,floor1_town
595,12939,2,Normal,33,5,5,5,0,37,37,0,0,70,0,1,1,1,5,3,3,3,3,0,0,392,21,19,19,3.8,0,1,1,6,2,,,3,Rat|Rat|Rat,companion_join:Rat;companion_join:Rat;companion_join:Rat
595,12939,3,Normal,34,2,2,2,0,37,44,0,3,48,0,1,2,1,3,3,3,0,0,0,0,240,14,9,9,4.5,0,1,1,12,1,,,0,Rat|Rat|Rat,+1 levelup
595,12939,4,Normal,29,1,1,1,0,44,44,3,3,15,0,2,2,1,0,0,2,0,0,1,0,84,-1,3,3,3,0,1,1,12,3,,Swords_T1_03=1,0,Rat|Rat|Rat,
595,12939,5,Normal,32,2,2,2,0,44,36,3,3,20,0,2,2,1,0,0,1,0,0,1,0,112,7,6,6,3,0,1,1,12,3,,Swords_T1_03=1,0,Rat|Rat|Rat,
595,12939,6,Normal,36,5,5,5,0,36,31,3,3,65,0,2,2,1,3,3,0,0,0,3,0,364,34,21,21,4.2,0,1,1,13,3,,Swords_T1_03=3,1,Rat|Rat|Rat|Rat,companion_join:Rat
595,12939,7,Normal,32,3,3,3,0,31,36,3,3,50,0,2,2,0,3,2,0,0,1,2,0,280,6,14,14,4.667,0,1,1,14,3,,Swords_T1_03=2,0,Rat|Rat|Rat|Rat,
595,12939,8,Normal,9,1,1,0,0,36,0,3,3,0,0,2,2,0,3,0,0,0,3,1,0,134,43,3,0,0,1,0,0,20,2,RH=Crude Sword|LH=Crude Sword|BD=Crude Armour|A1=Crude Bracelet|A2=Crude Bracelet,Swords_T1_03=1,0,Rat|Rat|Rat|Rat,party wiped
596,12940,1,Normal,37,1,1,1,0,37,37,0,0,15,0,1,1,0,2,0,1,3,3,0,0,84,6,4,4,4,0,1,1,2,3,,,0,-,floor1_town
596,12940,2,Normal,28,4,4,4,0,37,37,0,0,45,0,1,1,2,3,3,1,3,3,0,0,252,8,14,14,3.5,0,1,1,3,1,,,3,Rat|Rat|Rat,companion_join:Rat;companion_join:Rat;companion_join:Rat
596,12940,3,Normal,11,1,1,0,0,37,0,0,0,0,0,1,1,2,3,3,0,0,0,0,0,151,37,5,0,0,1,0,0,9,4,RH=Crude Sword|LH=Crude Sword|BD=Crude Armour|A1=Crude Bracelet|A2=Crude Bracelet,,0,Rat|Rat|Rat,party wiped
597,12941,1,Normal,35,5,5,5,0,37,37,0,0,65,0,1,1,0,6,0,2,3,3,0,0,364,16,15,15,3,0,1,1,6,4,,,3,Rat|Rat|Rat,floor1_town;companion_join:Rat;companion_join:Rat;companion_join:Rat
597,12941,2,Normal,25,3,3,3,0,37,44,0,2,35,0,1,2,0,3,3,3,0,0,0,0,196,8,10,10,3.333,0,1,1,6,4,,,0,Rat|Rat|Rat,+1 levelup
597,12941,3,Normal,32,3,3,3,0,44,44,2,2,60,0,2,2,1,4,1,4,2,3,2,0,300,23,11,11,3.667,0,1,1,8,1,,Swords_T1_03=2,1,Rat|Rat|Rat|Goblin,companion_join:Goblin
597,12941,4,Normal,30,5,5,5,0,44,42,2,2,90,0,2,2,1,5,6,3,0,0,4,0,504,12,24,24,4.8,0,1,1,9,4,,Swords_T1_03=4,2,Rat|Rat|Rat|Goblin|Rat|Rat,companion_join:Rat;companion_join:Rat
597,12941,5,Normal,26,4,4,4,0,42,52,2,4,55,0,2,3,2,3,1,1,0,2,1,0,308,18,15,15,3.75,0,1,1,10,3,,Swords_T1_03=1,1,Rat|Rat|Rat|Goblin|Rat|Rat|Rat,companion_join:Rat; +1 levelup
597,12941,6,Normal,40,7,7,7,0,52,39,4,4,80,0,3,3,1,3,3,0,0,2,3,0,448,34,17,17,2.429,0,1,1,11,1,,Swords_T1_03=2|Swords_T1_04=1,2,Rat|Rat|Rat|Goblin|Rat|Rat|Rat|Rat|Rat,companion_join:Rat;companion_join:Rat
597,12941,7,Normal,35,4,4,4,0,39,52,4,4,50,0,3,3,0,3,2,0,0,3,4,0,280,19,13,13,3.25,0,1,1,12,3,,Swords_T1_03=1|Swords_T1_04=3,1,Rat|Rat|Rat|Goblin|Rat|Rat|Rat|Rat|Rat|Rat,companion_join:Rat
597,12941,8,Normal,4,1,1,0,0,52,0,4,4,0,0,3,3,0,1,0,0,2,3,1,0,102,50,2,0,0,1,0,0,18,1,RH=Crude Sword|LH=Crude Sword|BD=Crude Armour|A1=Crude Bracelet|A2=Crude Bracelet,Swords_T1_03=1,0,Rat|Rat|Rat|Goblin|Rat|Rat|Rat|Rat|Rat|Rat,party wiped
598,12942,1,Normal,33,5,5,5,0,37,37,0,0,65,0,1,1,0,7,5,1,3,3,0,0,364,8,18,18,3.6,0,1,1,6,4,,,3,Rat|Rat|Rat,floor1_town;companion_join:Rat;companion_join:Rat;companion_join:Rat
598,12942,2,Normal,38,3,3,3,0,37,45,0,2,40,0,1,2,0,3,3,2,0,0,0,0,224,0,11,11,3.667,0,1,1,6,3,,,1,Rat|Rat|Rat|Rat,companion_join:Rat; +1 levelup
598,12942,3,Normal,28,2,2,2,0,45,30,2,2,24,0,2,2,0,0,0,3,0,0,1,0,120,14,3,3,1.5,0,1,1,6,1,,Swords_T1_03=1,0,Rat|Rat|Rat|Rat,
598,12942,4,Normal,31,3,3,3,0,30,32,2,2,40,0,2,2,0,3,3,3,0,0,1,0,224,12,11,11,3.667,0,1,1,7,4,,Swords_T1_03=1,0,Rat|Rat|Rat|Rat,
598,12942,5,Normal,36,6,6,6,0,32,45,2,2,70,0,2,2,0,3,3,3,0,0,1,0,392,-1,18,18,3,0,1,1,8,2,,Swords_T1_03=1,2,Rat|Rat|Rat|Rat|Rat|Rat,companion_join:Rat;companion_join:Rat
598,12942,6,Normal,33,2,2,2,0,45,45,2,2,30,0,2,2,1,2,0,2,1,3,1,0,168,12,9,9,4.5,0,1,1,9,3,,Swords_T1_03=1,0,Rat|Rat|Rat|Rat|Rat|Rat,
598,12942,7,Normal,27,2,2,2,0,45,45,2,2,25,0,2,2,0,1,3,2,0,0,1,0,140,-1,7,7,3.5,0,1,1,9,1,,Swords_T1_03=1,0,Rat|Rat|Rat|Rat|Rat|Rat,
598,12942,8,Normal,8,2,2,1,0,45,0,2,4,60,0,2,3,2,3,0,0,1,3,3,0,204,53,6,5,5,1,0,0,21,4,RH=Crude Sword|LH=Crude Sword|BD=Crude Armour|A1=Crude Bracelet|A2=Crude Bracelet,Swords_T1_03=3,0,Rat|Rat|Rat|Rat|Rat|Rat,party wiped; +1 levelup
599,12943,1,Normal,31,4,4,4,0,37,37,0,0,65,0,1,1,0,7,2,2,3,3,0,0,364,16,17,17,4.25,0,1,1,5,3,,,1,Rat,floor1_town;companion_join:Rat
599,12943,2,Normal,32,4,4,4,0,37,45,0,1,45,0,1,2,0,4,0,2,1,3,1,0,252,15,11,11,2.75,0,1,1,6,2,,Swords_T1_03=1,1,Rat|Rat,companion_join:Rat; +1 levelup
599,12943,3,Normal,14,1,1,0,0,45,0,1,1,0,0,2,2,4,1,3,0,0,0,1,0,150,44,6,0,0,1,0,0,6,4,RH=Crude Sword|LH=Crude Sword|BD=Crude Armour|A1=Crude Bracelet|A2=Crude Bracelet,Swords_T1_03=1,0,Rat|Rat,party wiped
600,12944,1,Normal,29,4,4,4,0,37,37,0,0,50,0,1,1,0,5,1,0,3,3,0,0,280,16,12,12,3,0,1,1,5,1,,,0,-,floor1_town
600,12944,2,Normal,35,6,6,6,0,37,45,0,3,65,0,1,2,0,3,0,0,0,3,1,0,364,14,17,17,2.833,0,1,1,6,1,,Swords_T1_03=1,0,-,+1 levelup
600,12944,3,Normal,33,2,2,2,0,45,45,3,3,36,0,2,2,0,0,2,2,0,1,2,0,180,-2,5,5,2.5,0,1,1,6,1,,Swords_T1_03=2,0,-,
600,12944,4,Normal,30,3,3,3,0,45,46,3,3,40,0,2,2,2,0,1,0,0,0,2,0,224,-3,8,8,2.667,0,1,1,6,3,,Swords_T1_03=2,0,-,
600,12944,5,Normal,25,2,2,2,0,46,46,3,3,35,0,2,2,0,3,0,0,0,3,2,0,196,28,9,9,4.5,0,1,1,7,4,,Swords_T1_03=2,0,-,
600,12944,6,Normal,27,3,3,2,1,46,46,3,3,25,0,2,2,0,2,3,0,1,3,2,0,224,38,13,9,4.5,0,1,1,8,3,,Swords_T1_03=2,0,-,flee×1
600,12944,7,Normal,28,3,3,3,0,46,37,3,3,45,0,2,2,0,3,3,0,1,3,3,0,252,30,13,13,4.333,0,1,1,9,1,,Swords_T1_03=3,2,Rat|Rat,companion_join:Rat;companion_join:Rat
600,12944,8,Normal,3,1,1,0,0,37,0,3,3,0,0,2,2,0,2,0,0,1,3,0,0,56,46,2,0,0,1,0,0,15,2,RH=Crude Sword|LH=Crude Sword|BD=Crude Armour|A1=Crude Bracelet|A2=Crude Bracelet,,0,Rat|Rat,party wiped
601,12945,1,Normal,27,1,1,1,0,37,37,0,0,15,0,1,1,0,2,0,2,3,3,0,0,84,8,5,5,5,0,1,1,2,3,,,0,-,floor1_town
601,12945,2,Normal,28,1,1,1,0,37,29,0,0,10,0,1,1,0,0,0,2,3,3,0,0,56,8,2,2,2,0,1,1,2,2,,,0,-,
601,12945,3,Normal,2,1,1,0,0,29,0,0,0,0,0,1,1,2,3,3,0,0,0,0,0,131,37,5,0,0,1,0,0,8,4,RH=Crude Sword|LH=Crude Sword|BD=Crude Armour|A1=Crude Bracelet|A2=Crude Bracelet,,0,-,party wiped
602,12946,1,Normal,25,4,4,4,0,37,37,0,0,40,0,1,1,0,3,0,0,3,3,0,0,224,0,8,8,2,0,1,1,5,3,,,3,Rat|Rat|Rat,floor1_town;companion_join:Rat;companion_join:Rat;companion_join:Rat
602,12946,2,Normal,29,1,1,1,0,37,29,0,0,15,0,1,1,0,2,0,1,1,3,0,0,84,8,4,4,4,0,1,1,5,3,,,1,Rat|Rat|Rat|Rat,companion_join:Rat
602,12946,3,Normal,5,1,1,0,0,29,0,0,0,0,0,1,1,3,3,3,0,0,0,0,0,208,37,9,0,0,1,0,0,11,4,RH=Crude Sword|LH=Crude Sword|BD=Crude Armour|A1=Crude Bracelet|A2=Crude Bracelet,,0,Rat|Rat|Rat|Rat,party wiped
603,12947,1,Normal,39,4,4,4,0,37,37,0,0,45,0,1,1,0,5,0,1,3,3,0,0,252,8,13,13,3.25,0,1,1,5,2,,,1,Rat,floor1_town;companion_join:Rat
603,12947,2,Normal,36,3,3,3,0,37,37,0,0,40,0,1,1,0,3,2,2,0,1,0,0,224,0,10,10,3.333,0,1,1,5,2,,,1,Rat|Rat,companion_join:Rat
603,12947,3,Normal,36,3,3,2,0,37,0,0,3,48,0,1,2,3,6,6,0,0,0,2,0,431,69,14,10,5,1,0,0,12,4,RH=Crude Sword|LH=Crude Sword|BD=Crude Armour|A1=Crude Bracelet|A2=Crude Bracelet,Swords_T1_03=2,2,Rat|Rat|Goblin|Goblin,companion_join:Goblin;companion_join:Goblin; party wiped; +1 levelup
604,12948,1,Normal,37,2,2,2,0,37,37,0,0,35,0,1,1,0,6,2,0,3,3,0,0,196,8,9,9,4.5,0,1,1,3,3,,,1,Rat,floor1_town;companion_join:Rat
604,12948,2,Normal,25,4,4,4,0,37,37,0,0,60,0,1,1,0,8,3,1,0,2,0,0,336,16,18,18,4.5,0,1,1,5,4,,,1,Rat|Rat,companion_join:Rat
604,12948,3,Normal,9,1,1,0,0,37,0,0,0,0,0,1,1,1,3,3,0,0,0,0,0,95,37,3,0,0,1,0,0,11,4,RH=Crude Sword|LH=Crude Sword|BD=Crude Armour|A1=Crude Bracelet|A2=Crude Bracelet,,0,Rat|Rat,party wiped
605,12949,1,Normal,35,2,2,2,0,37,37,0,0,25,0,1,1,0,3,3,1,3,3,0,0,140,0,7,7,3.5,0,1,1,3,4,,,1,Rat,floor1_town;companion_join:Rat
605,12949,2,Normal,30,6,6,6,0,37,37,0,0,55,0,1,1,0,3,0,2,3,3,0,0,308,16,13,13,2.167,0,1,1,5,1,,,3,Rat|Rat|Rat|Rat,companion_join:Rat;companion_join:Rat;companion_join:Rat
605,12949,3,Normal,16,1,1,0,0,37,0,0,0,0,0,1,1,3,3,3,1,0,0,0,0,172,37,6,0,0,1,0,0,11,4,RH=Crude Sword|LH=Crude Sword|BD=Crude Armour|A1=Crude Bracelet|A2=Crude Bracelet,,0,Rat|Rat|Rat|Rat,party wiped
606,12950,1,Normal,33,4,4,4,0,37,37,0,0,75,0,1,1,0,12,2,2,3,3,0,0,420,32,24,24,6,0,1,1,5,3,,,1,Rat,floor1_town;companion_join:Rat
606,12950,2,Normal,28,3,3,3,0,37,45,0,2,40,0,1,2,0,3,3,3,0,0,0,0,224,8,13,13,4.333,0,1,1,5,4,,,2,Rat|Rat|Rat,companion_join:Rat;companion_join:Rat; +1 levelup
606,12950,3,Normal,14,2,2,1,0,45,0,2,2,12,0,2,2,5,3,3,0,0,0,1,0,252,65,12,2,2,1,0,0,6,4,RH=Crude Sword|LH=Crude Sword|BD=Crude Armour|A1=Crude Bracelet|A2=Crude Bracelet,Swords_T1_03=1,0,Rat|Rat|Rat,party wiped
607,12951,1,Normal,31,1,1,1,0,37,37,0,0,15,0,1,1,0,2,0,1,3,3,0,0,84,8,4,4,4,0,1,1,2,3,,,1,Rat,floor1_town;companion_join:Rat
607,12951,2,Normal,39,4,4,4,0,37,29,0,0,55,0,1,1,1,3,3,2,0,0,0,0,308,8,13,13,3.25,0,1,1,2,4,,,1,Rat|Rat,companion_join:Rat
607,12951,3,Normal,28,4,4,4,0,29,44,0,1,60,0,1,2,0,5,1,2,0,2,1,0,300,0,9,9,2.25,0,1,1,20,1,,Swords_T1_03=1,1,Rat|Rat|Goblin,companion_join:Goblin; +1 levelup
607,12951,4,Normal,38,4,4,4,0,44,29,1,1,45,0,2,2,0,0,2,2,0,0,3,0,252,12,9,9,2.25,0,1,1,20,3,,Swords_T1_03=3,2,Rat|Rat|Goblin|Rat|Rat,companion_join:Rat;companion_join:Rat
607,12951,5,Normal,35,2,2,2,0,29,39,1,1,40,0,2,2,1,3,3,1,0,0,2,0,224,4,12,12,6,0,1,1,21,4,,Swords_T1_03=2,1,Rat|Rat|Goblin|Rat|Rat|Rat,companion_join:Rat
607,12951,6,Normal,29,3,3,3,0,39,32,1,1,40,0,2,2,1,0,0,0,3,3,2,0,224,48,10,10,3.333,0,1,1,22,2,,Swords_T1_03=2,2,Rat|Rat|Goblin|Rat|Rat|Rat|Rat|Rat,companion_join:Rat;companion_join:Rat
607,12951,7,Normal,32,3,3,3,0,32,36,1,1,30,0,2,2,0,3,0,0,0,3,2,0,168,7,8,8,2.667,0,1,1,23,2,,Swords_T1_03=2,0,Rat|Rat|Goblin|Rat|Rat|Rat|Rat|Rat,
607,12951,8,Normal,4,1,1,0,0,36,0,1,1,0,0,2,2,0,0,0,0,3,3,0,0,27,45,1,0,0,1,0,0,29,1,RH=Crude Sword|LH=Crude Sword|BD=Crude Armour|A1=Crude Bracelet|A2=Crude Bracelet,,0,Rat|Rat|Goblin|Rat|Rat|Rat|Rat|Rat,party wiped
608,12952,1,Normal,29,4,4,4,0,37,37,0,0,45,0,1,1,0,7,0,2,3,3,0,0,252,14,12,12,3,0,1,1,5,3,,,1,Rat,floor1_town;companion_join:Rat
608,12952,2,Normal,35,5,5,5,0,37,43,0,3,75,0,1,2,1,6,3,3,0,0,0,0,420,25,19,19,3.8,0,1,1,8,4,,,2,Rat|Rat|Rat,companion_join:Rat;companion_join:Rat; +1 levelup
608,12952,3,Normal,31,1,1,1,0,43,42,3,3,24,0,2,2,1,0,0,2,0,0,1,0,120,0,3,3,3,0,1,1,8,2,,Swords_T1_03=1,1,Rat|Rat|Rat|Goblin,companion_join:Goblin
608,12952,4,Normal,29,3,3,3,0,42,36,3,3,35,0,2,2,2,0,0,0,3,3,1,0,196,39,12,12,4,0,1,1,9,2,,Swords_T1_03=1,2,Rat|Rat|Rat|Goblin|Rat|Rat,companion_join:Rat;companion_join:Rat
608,12952,5,Normal,15,3,3,2,0,36,0,3,3,35,0,2,2,0,3,3,0,0,0,2,0,279,34,13,10,5,1,0,0,9,4,RH=Crude Sword|LH=Crude Sword|BD=Crude Armour|A1=Crude Bracelet|A2=Crude Bracelet,Swords_T1_03=2,1,Rat|Rat|Rat|Goblin|Rat|Rat|Rat,companion_join:Rat; party wiped
609,12953,1,Normal,27,3,3,3,0,37,37,0,0,35,0,1,1,0,5,3,0,3,3,0,0,196,6,12,12,4,0,1,1,4,3,,,0,-,floor1_town
609,12953,2,Normal,25,3,3,3,0,37,29,0,0,30,0,1,1,0,3,0,1,0,3,0,0,168,8,11,11,3.667,0,1,1,4,3,,,0,-,
609,12953,3,Normal,5,1,1,0,0,29,0,0,0,0,0,1,1,2,3,3,0,0,0,0,0,123,37,4,0,0,1,0,0,10,4,RH=Crude Sword|LH=Crude Sword|BD=Crude Armour|A1=Crude Bracelet|A2=Crude Bracelet,,0,-,party wiped
610,12954,1,Normal,25,2,2,2,0,37,37,0,0,30,0,1,1,0,3,0,2,3,3,0,0,168,8,7,7,3.5,0,1,1,3,2,,,0,-,floor1_town
610,12954,2,Normal,34,4,4,4,0,37,37,0,0,35,0,1,1,1,3,3,1,0,0,0,0,196,0,11,11,2.75,0,1,1,3,1,,,1,Rat,companion_join:Rat
610,12954,3,Normal,35,5,5,3,1,37,0,0,2,60,0,1,2,3,9,9,0,0,0,4,0,490,97,20,12,4,1,0,0,11,3,RH=Crude Sword|LH=Crude Sword|BD=Crude Armour|A1=Crude Bracelet|A2=Crude Bracelet,Swords_T1_03=4,0,Rat,party wiped; +1 levelup; flee×1
611,12955,1,Normal,39,4,4,4,0,37,37,0,0,60,0,1,1,0,6,5,0,3,3,0,0,336,24,16,16,4,0,1,1,5,4,,,1,Rat,floor1_town;companion_join:Rat
611,12955,2,Normal,27,3,3,3,0,37,45,0,3,45,0,1,2,0,9,0,2,0,3,0,0,252,16,13,13,4.333,0,1,1,7,3,,,1,Rat|Rat,companion_join:Rat; +1 levelup
611,12955,3,Normal,8,1,1,0,0,45,0,3,3,0,0,2,2,2,0,3,0,0,0,1,0,116,44,4,0,0,1,0,0,7,3,RH=Crude Sword|LH=Crude Sword|BD=Crude Armour|A1=Crude Bracelet|A2=Crude Bracelet,Swords_T1_03=1,0,Rat|Rat,party wiped
612,12956,1,Normal,37,2,2,2,0,37,37,0,0,30,0,1,1,0,2,0,1,3,3,0,0,168,8,8,8,4,0,1,1,3,3,,,2,Rat|Rat,floor1_town;companion_join:Rat;companion_join:Rat
612,12956,2,Normal,32,4,4,4,0,37,37,0,0,35,0,1,1,0,3,0,2,3,3,0,0,196,8,9,9,2.25,0,1,1,4,1,,,1,Rat|Rat|Rat,companion_join:Rat
612,12956,3,Normal,13,2,2,1,0,37,0,0,0,12,0,1,1,2,4,3,0,0,0,0,0,179,37,6,2,2,1,0,0,16,4,RH=Crude Sword|LH=Crude Sword|BD=Crude Armour|A1=Crude Bracelet|A2=Crude Bracelet,,0,Rat|Rat|Rat,party wiped
613,12957,1,Normal,35,1,1,1,0,37,37,0,0,15,0,1,1,0,1,0,0,3,3,0,0,84,8,3,3,3,0,1,1,2,3,,,0,-,floor1_town
613,12957,2,Normal,28,2,2,2,0,37,31,0,0,20,0,1,1,0,2,0,0,3,3,0,0,112,14,6,6,3,0,1,1,3,1,,,0,-,
613,12957,3,Normal,1,1,1,0,0,31,0,0,0,0,0,1,1,0,3,3,0,0,0,0,0,98,37,3,0,0,1,0,0,9,3,RH=Crude Sword|LH=Crude Sword|BD=Crude Armour|A1=Crude Bracelet|A2=Crude Bracelet,,0,-,party wiped
614,12958,1,Normal,33,2,2,2,0,37,37,0,0,25,0,1,1,0,3,1,1,3,3,0,0,140,0,6,6,3,0,1,1,3,1,,,0,-,floor1_town
614,12958,2,Normal,35,1,1,1,0,37,37,0,0,15,0,1,1,0,2,0,3,1,3,0,0,84,0,5,5,5,0,1,1,3,3,,,1,Rat,companion_join:Rat
614,12958,3,Normal,2,1,1,0,0,37,0,0,0,0,0,1,1,3,3,3,2,0,0,0,0,119,37,4,0,0,1,0,0,9,4,RH=Crude Sword|LH=Crude Sword|BD=Crude Armour|A1=Crude Bracelet|A2=Crude Bracelet,,0,Rat,party wiped
615,12959,1,Normal,31,5,5,5,0,37,37,0,0,70,0,1,1,0,7,2,0,3,3,0,0,392,24,18,18,3.6,0,1,1,6,2,,,1,Rat,floor1_town;companion_join:Rat
615,12959,2,Normal,31,3,3,3,0,37,33,0,3,50,0,1,2,0,4,3,1,0,0,1,0,280,20,15,15,5,0,1,1,7,3,,Swords_T1_03=1,2,Rat|Rat|Rat,companion_join:Rat;companion_join:Rat; +1 levelup
615,12959,3,Normal,28,4,4,4,0,33,46,3,3,108,0,2,2,3,6,5,0,0,1,4,0,540,10,15,15,3.75,0,1,1,9,3,,Swords_T1_03=4,0,Rat|Rat|Rat,
615,12959,4,Normal,37,5,5,4,1,46,46,3,3,50,0,2,2,0,3,4,0,0,0,1,0,364,33,14,11,2.75,0,1,1,10,4,,Swords_T1_03=1,3,Rat|Rat|Rat|Rat|Rat|Rat,companion_join:Rat;companion_join:Rat;companion_join:Rat; flee×1
615,12959,5,Normal,38,3,3,3,0,46,55,3,5,30,0,2,3,0,1,0,0,2,3,3,0,168,31,8,8,2.667,0,1,1,11,3,,Swords_T1_03=3,1,Rat|Rat|Rat|Rat|Rat|Rat|Rat,companion_join:Rat; +1 levelup
615,12959,6,Normal,25,1,1,1,0,55,55,5,5,15,0,3,3,0,2,0,0,0,3,1,0,84,0,4,4,4,0,1,1,11,3,,Swords_T1_04=1,0,Rat|Rat|Rat|Rat|Rat|Rat|Rat,
615,12959,7,Normal,31,4,4,4,0,55,27,5,5,55,0,3,3,0,0,3,0,0,0,3,0,308,22,12,12,3,0,1,1,11,3,,Swords_T1_03=3,0,Rat|Rat|Rat|Rat|Rat|Rat|Rat,
615,12959,8,Normal,2,1,1,0,0,27,0,5,5,0,0,3,3,0,2,0,0,1,3,0,0,129,55,3,0,0,1,0,0,17,1,RH=Crude Sword|LH=Crude Sword|BD=Crude Armour|A1=Crude Bracelet|A2=Crude Bracelet,,0,Rat|Rat|Rat|Rat|Rat|Rat|Rat,party wiped
616,12960,1,Normal,29,2,2,2,0,37,37,0,0,25,0,1,1,0,3,2,1,3,3,0,0,140,0,7,7,3.5,0,1,1,3,4,,,0,-,floor1_town
616,12960,2,Normal,36,3,3,3,0,37,29,0,0,40,0,1,1,0,5,1,1,1,3,0,0,224,16,12,12,4,0,1,1,4,3,,,0,-,
616,12960,3,Normal,33,3,3,2,0,29,0,0,1,36,0,1,2,3,6,4,0,0,0,1,0,399,44,13,6,3,1,0,0,16,4,RH=Crude Sword|LH=Crude Sword|BD=Crude Armour|A1=Crude Bracelet|A2=Crude Bracelet,Swords_T1_03=1,0,-,party wiped; +1 levelup
617,12961,1,Normal,27,1,1,1,0,37,37,0,0,20,0,1,1,0,3,3,2,3,3,0,0,112,21,5,5,5,0,1,1,2,4,,,0,-,floor1_town
617,12961,2,Normal,38,5,5,5,0,37,37,0,0,50,0,1,1,0,4,0,2,1,3,0,0,280,22,13,13,2.6,0,1,1,5,2,,,0,-,
617,12961,3,Normal,19,2,2,1,0,37,0,0,0,24,0,1,1,2,5,3,0,0,0,0,0,258,37,10,6,6,1,0,0,17,4,RH=Crude Sword|LH=Crude Sword|BD=Crude Armour|A1=Crude Bracelet|A2=Crude Bracelet,,1,Goblin,companion_join:Goblin; party wiped
618,12962,1,Normal,25,5,5,5,0,37,37,0,0,70,0,1,1,0,8,4,1,3,3,0,0,392,24,18,18,3.6,0,1,1,6,1,,,2,Rat|Rat,floor1_town;companion_join:Rat;companion_join:Rat
618,12962,2,Normal,37,5,5,5,0,37,38,0,1,65,0,1,2,0,4,3,2,0,0,1,0,364,23,16,16,3.2,0,1,1,8,4,,Swords_T1_03=1,2,Rat|Rat|Rat|Rat,companion_join:Rat;companion_join:Rat; +1 levelup
618,12962,3,Normal,32,2,2,2,0,38,45,1,1,48,0,2,2,1,3,3,2,3,3,2,0,240,13,7,7,3.5,0,1,1,10,1,,Swords_T1_03=2,0,Rat|Rat|Rat|Rat,
618,12962,4,Normal,26,2,2,2,0,45,46,1,1,25,0,2,2,0,2,0,2,1,3,2,0,140,-3,5,5,2.5,0,1,1,10,2,,Swords_T1_03=2,0,Rat|Rat|Rat|Rat,
618,12962,5,Normal,25,4,4,4,0,46,3,1,1,55,0,2,2,2,1,3,0,0,0,2,0,308,41,16,16,4,0,1,1,10,4,,Swords_T1_03=2,1,Rat|Rat|Rat|Rat|Rat,companion_join:Rat
618,12962,6,Normal,31,1,1,1,0,3,46,1,1,15,0,2,2,0,2,0,0,1,3,1,0,84,-1,4,4,4,0,1,1,11,3,,Swords_T1_03=1,0,Rat|Rat|Rat|Rat|Rat,
618,12962,7,Normal,33,4,4,4,0,46,47,1,2,45,0,2,3,0,1,1,0,0,2,3,0,252,31,11,11,2.75,0,1,1,11,3,,Swords_T1_03=3,1,Rat|Rat|Rat|Rat|Rat|Rat,companion_join:Rat; +1 levelup
618,12962,8,Normal,2,1,1,0,0,47,0,2,2,0,0,3,3,0,3,3,0,0,0,0,0,133,55,4,0,0,1,0,0,17,2,RH=Crude Sword|LH=Crude Sword|BD=Crude Armour|A1=Crude Bracelet|A2=Crude Bracelet,,0,Rat|Rat|Rat|Rat|Rat|Rat,party wiped
619,12963,1,Normal,39,3,3,3,0,37,37,0,0,45,0,1,1,0,3,0,2,3,3,0,0,252,24,10,10,3.333,0,1,1,4,3,,,1,Rat,floor1_town;companion_join:Rat
619,12963,2,Normal,40,4,4,4,0,37,37,0,0,35,0,1,1,0,3,0,4,0,3,0,0,196,8,8,8,2,0,1,1,5,3,,,0,Rat,
619,12963,3,Normal,34,4,4,4,0,37,13,0,2,108,0,1,2,5,3,3,0,0,0,3,0,540,43,17,17,4.25,0,1,1,11,2,,Swords_T1_03=3,0,Rat,+1 levelup
619,12963,4,Normal,27,4,4,4,0,13,36,2,2,50,0,2,2,0,3,3,0,0,0,2,0,280,7,16,16,4,0,1,1,12,3,,Swords_T1_03=2,1,Rat|Rat,companion_join:Rat
619,12963,5,Normal,37,4,4,3,1,36,44,2,2,20,0,2,2,0,0,0,0,3,3,2,0,140,22,6,4,1.333,0,1,1,13,1,,Swords_T1_03=2,0,Rat|Rat,flee×1
619,12963,6,Normal,33,3,3,2,0,44,0,2,2,25,0,2,2,0,3,3,0,0,0,2,0,168,42,10,8,4,1,0,0,13,4,RH=Crude Sword|LH=Crude Sword|BD=Crude Armour|A1=Crude Bracelet|A2=Crude Bracelet,Swords_T1_03=2,0,Rat|Rat,party wiped
620,12964,1,Normal,37,4,4,4,0,37,37,0,0,40,0,1,1,0,3,0,0,3,3,0,0,224,8,11,11,2.75,0,1,1,5,1,,,2,Rat|Rat,floor1_town;companion_join:Rat;companion_join:Rat
620,12964,2,Normal,30,4,4,4,0,37,37,0,0,45,0,1,1,0,5,2,2,0,1,0,0,252,8,11,11,2.75,0,1,1,6,4,,,1,Rat|Rat|Rat,companion_join:Rat
620,12964,3,Normal,9,1,1,0,0,37,0,0,0,0,0,1,1,3,3,3,1,0,0,0,0,206,37,6,0,0,1,0,0,12,4,RH=Crude Sword|LH=Crude Sword|BD=Crude Armour|A1=Crude Bracelet|A2=Crude Bracelet,,0,Rat|Rat|Rat,party wiped
621,12965,1,Normal,35,5,5,5,0,37,37,0,0,40,0,1,1,0,3,0,2,3,3,0,0,224,22,11,11,2.2,0,1,1,6,1,,,2,Rat|Rat,floor1_town;companion_join:Rat;companion_join:Rat
621,12965,2,Normal,29,2,2,2,0,37,29,0,0,25,0,1,1,0,3,0,2,0,3,0,0,140,14,8,8,4,0,1,1,7,4,,,1,Rat|Rat|Rat,companion_join:Rat
621,12965,3,Normal,33,4,4,4,0,29,13,0,2,120,0,1,2,3,6,6,0,0,0,2,0,600,82,23,23,5.75,0,1,1,14,3,,Swords_T1_03=2,1,Rat|Rat|Rat|Goblin,companion_join:Goblin; +1 levelup
621,12965,4,Normal,39,5,5,4,0,13,0,2,2,45,0,2,2,0,3,3,0,0,0,2,0,330,43,16,12,3,1,0,0,15,4,RH=Crude Sword|LH=Crude Sword|BD=Crude Armour|A1=Crude Bracelet|A2=Crude Bracelet,Swords_T1_03=2,1,Rat|Rat|Rat|Goblin|Rat,companion_join:Rat; party wiped
622,12966,1,Normal,33,3,3,3,0,37,37,0,0,45,0,1,1,0,6,3,0,3,3,0,0,252,6,15,15,5,0,1,1,4,4,,,1,Rat,floor1_town;companion_join:Rat
622,12966,2,Normal,36,5,5,5,0,37,44,0,3,65,0,1,2,0,7,2,1,0,1,0,0,364,24,17,17,3.4,0,1,1,6,4,,,0,Rat,+1 levelup
622,12966,3,Normal,14,2,2,1,0,44,0,3,3,12,0,2,2,1,0,1,0,0,0,1,0,140,43,3,1,1,1,0,0,6,4,RH=Crude Sword|LH=Crude Sword|BD=Crude Armour|A1=Crude Bracelet|A2=Crude Bracelet,Swords_T1_03=1,0,Rat,party wiped
623,12967,1,Normal,31,3,3,3,0,37,37,0,0,30,0,1,1,0,2,0,1,3,3,0,0,168,8,7,7,2.333,0,1,1,4,1,,,1,Rat,floor1_town;companion_join:Rat
623,12967,2,Normal,39,2,2,2,0,37,29,0,0,35,0,1,1,0,3,3,2,0,0,0,0,196,16,10,10,5,0,1,1,5,4,,,0,Rat,
623,12967,3,Normal,29,3,3,3,0,29,43,0,1,60,0,1,2,2,4,3,2,0,0,1,0,300,0,9,9,3,0,1,1,17,1,,Swords_T1_03=1,1,Rat|Goblin,companion_join:Goblin; +1 levelup
623,12967,4,Normal,30,3,3,3,0,43,37,1,1,30,0,2,2,1,0,0,1,0,0,3,0,168,3,7,7,2.333,0,1,1,17,1,,Swords_T1_03=3,2,Rat|Goblin|Rat|Rat,companion_join:Rat;companion_join:Rat
623,12967,5,Normal,25,3,3,2,1,37,34,1,1,40,0,2,2,1,3,3,0,0,0,2,0,308,38,12,9,4.5,0,1,1,18,4,,Swords_T1_03=2,1,Rat|Goblin|Rat|Rat|Rat,companion_join:Rat; flee×1
623,12967,6,Normal,8,1,1,0,0,34,0,1,1,0,0,2,2,0,0,0,0,0,0,0,0,28,34,2,0,0,1,0,0,18,4,RH=Crude Sword|LH=Crude Sword|BD=Crude Armour|A1=Crude Bracelet|A2=Crude Bracelet,,0,Rat|Goblin|Rat|Rat|Rat,party wiped
624,12968,1,Normal,29,4,4,4,0,37,37,0,0,65,0,1,1,0,9,5,0,3,3,0,0,364,16,18,18,4.5,0,1,1,5,4,,,2,Rat|Rat,floor1_town;companion_join:Rat;companion_join:Rat
624,12968,2,Normal,28,2,2,2,0,37,45,0,3,35,0,1,2,0,3,3,1,0,0,0,0,196,8,9,9,4.5,0,1,1,5,3,,,0,Rat|Rat,+1 levelup
624,12968,3,Normal,29,4,4,4,0,45,45,3,3,60,0,2,2,0,3,2,3,0,1,2,0,300,12,10,10,2.5,0,1,1,6,2,,Swords_T1_03=2,1,Rat|Rat|Goblin,companion_join:Goblin
624,12968,4,Normal,33,4,4,4,0,45,45,3,3,50,0,2,2,3,0,1,0,0,0,3,0,280,-3,12,12,3,0,1,1,6,3,,Swords_T1_03=3,2,Rat|Rat|Goblin|Rat|Rat,companion_join:Rat;companion_join:Rat
624,12968,5,Normal,25,2,2,2,0,45,10,3,3,20,0,2,2,0,0,0,0,0,0,1,0,112,34,6,6,3,0,1,1,6,2,,Swords_T1_03=1,0,Rat|Rat|Goblin|Rat|Rat,
624,12968,6,Normal,33,3,3,3,0,10,45,3,3,25,0,2,2,0,2,0,0,1,3,2,0,140,-2,7,7,2.333,0,1,1,7,1,,Swords_T1_03=2,0,Rat|Rat|Goblin|Rat|Rat,
624,12968,7,Normal,8,1,1,0,0,45,0,3,3,0,0,2,2,0,1,3,0,0,0,1,0,111,44,9,0,0,1,0,0,7,4,RH=Crude Sword|LH=Crude Sword|BD=Crude Armour|A1=Crude Bracelet|A2=Crude Bracelet,Swords_T1_03=1,0,Rat|Rat|Goblin|Rat|Rat,party wiped
625,12969,1,Normal,27,2,2,2,0,37,37,0,0,20,0,1,1,0,1,0,1,3,3,0,0,112,8,6,6,3,0,1,1,3,3,,,2,Rat|Rat,floor1_town;companion_join:Rat;companion_join:Rat
625,12969,2,Normal,29,2,2,2,0,37,37,0,0,25,0,1,1,0,1,0,3,2,3,0,0,140,8,5,5,2.5,0,1,1,4,3,,,0,Rat|Rat,
625,12969,3,Normal,24,2,2,1,0,37,0,0,0,24,0,1,1,2,6,4,1,0,0,0,0,243,37,8,4,4,1,0,0,16,4,RH=Crude Sword|LH=Crude Sword|BD=Crude Armour|A1=Crude Bracelet|A2=Crude Bracelet,,0,Rat|Rat,party wiped
626,12970,1,Normal,25,1,1,1,0,37,37,0,0,20,0,1,1,0,3,1,2,3,3,0,0,112,6,7,7,7,0,1,1,2,4,,,0,-,floor1_town
626,12970,2,Normal,25,4,4,4,0,37,29,0,0,65,0,1,1,1,6,3,3,0,0,0,0,364,16,17,17,4.25,0,1,1,3,2,,,0,-,
626,12970,3,Normal,12,1,1,0,0,29,0,0,0,0,0,1,1,0,3,3,5,0,0,0,0,70,37,2,0,0,1,0,0,9,4,RH=Crude Sword|LH=Crude Sword|BD=Crude Armour|A1=Crude Bracelet|A2=Crude Bracelet,,0,-,party wiped
627,12971,1,Normal,39,5,5,5,0,37,37,0,0,75,0,1,1,0,8,1,1,3,3,0,0,420,16,22,22,4.4,0,1,1,6,3,,,1,Rat,floor1_town;companion_join:Rat
627,12971,2,Normal,25,2,2,2,0,37,44,0,1,25,0,1,2,0,1,0,1,2,3,0,0,140,8,5,5,2.5,0,1,1,6,4,,,0,Rat,+1 levelup
627,12971,3,Normal,17,2,2,1,0,44,0,1,1,12,0,2,2,1,2,3,0,0,0,1,0,211,43,6,2,2,1,0,0,6,4,RH=Crude Sword|LH=Crude Sword|BD=Crude Armour|A1=Crude Bracelet|A2=Crude Bracelet,Swords_T1_03=1,1,Rat|Goblin,companion_join:Goblin; party wiped
628,12972,1,Normal,37,4,4,4,0,37,37,0,0,50,0,1,1,0,5,2,2,3,3,0,0,280,16,13,13,3.25,0,1,1,5,3,,,0,-,floor1_town
628,12972,2,Normal,34,1,1,1,0,37,29,0,0,15,0,1,1,0,1,0,4,2,3,0,0,84,8,5,5,5,0,1,1,5,3,,,0,-,
628,12972,3,Normal,10,1,1,0,0,29,0,0,0,0,0,1,1,6,3,3,0,0,0,0,0,215,37,7,0,0,1,0,0,11,4,RH=Crude Sword|LH=Crude Sword|BD=Crude Armour|A1=Crude Bracelet|A2=Crude Bracelet,,0,-,party wiped
629,12973,1,Normal,35,7,7,7,0,37,37,0,0,80,0,1,1,0,8,4,0,3,3,0,0,448,24,21,21,3,0,1,1,8,3,,,3,Rat|Rat|Rat,floor1_town;companion_join:Rat;companion_join:Rat;companion_join:Rat
629,12973,2,Normal,38,4,4,4,0,37,24,0,1,55,0,1,2,1,3,3,1,0,0,3,0,308,18,14,14,3.5,0,1,1,8,4,,Swords_T1_03=3,2,Rat|Rat|Rat|Rat|Rat,companion_join:Rat;companion_join:Rat; +1 levelup
629,12973,3,Normal,34,2,2,2,0,24,44,1,1,36,0,2,2,0,3,2,3,0,1,1,0,180,0,6,6,3,0,1,1,9,1,,Swords_T1_03=1,0,Rat|Rat|Rat|Rat|Rat,
629,12973,4,Normal,38,5,5,5,0,44,37,1,1,50,0,2,2,2,0,1,1,3,3,1,0,280,22,13,13,2.6,0,1,1,10,2,,Swords_T1_03=1,1,Rat|Rat|Rat|Rat|Rat|Rat,companion_join:Rat
629,12973,5,Normal,25,2,2,2,0,37,24,1,1,35,0,2,2,0,3,3,1,0,0,1,0,196,12,11,11,5.5,0,1,1,10,4,,Swords_T1_03=1,0,Rat|Rat|Rat|Rat|Rat|Rat,
629,12973,6,Normal,40,4,4,3,1,24,44,1,1,40,0,2,2,1,3,3,0,3,3,3,0,280,40,16,13,4.333,0,1,1,12,1,,Swords_T1_03=3,2,Rat|Rat|Rat|Rat|Rat|Rat|Rat|Rat,companion_join:Rat;companion_join:Rat; flee×1
629,12973,7,Normal,35,5,5,5,0,44,51,1,3,70,0,2,3,0,6,6,0,0,0,6,0,392,15,22,22,4.4,0,1,1,13,2,,Swords_T1_03=5|Swords_T1_04=1,0,Rat|Rat|Rat|Rat|Rat|Rat|Rat|Rat,+1 levelup
629,12973,8,Normal,9,1,1,0,0,51,0,3,3,0,0,3,3,0,3,3,0,0,0,1,0,24,53,3,0,0,1,0,0,19,3,RH=Crude Sword|LH=Crude Sword|BD=Crude Armour|A1=Crude Bracelet|A2=Crude Bracelet,Swords_T1_04=1,0,Rat|Rat|Rat|Rat|Rat|Rat|Rat|Rat,party wiped
630,12974,1,Normal,33,2,2,2,0,37,37,0,0,25,0,1,1,0,3,0,2,3,3,0,0,140,0,7,7,3.5,0,1,1,3,4,,,2,Rat|Rat,floor1_town;companion_join:Rat;companion_join:Rat
630,12974,2,Normal,27,5,5,5,0,37,37,0,0,65,0,1,1,1,6,3,3,3,3,0,0,364,29,18,18,3.6,0,1,1,5,1,,,0,Rat|Rat,
630,12974,3,Normal,40,3,3,3,0,37,43,0,2,84,0,1,2,4,3,3,0,0,0,2,0,420,13,13,13,4.333,0,1,1,11,1,,Swords_T1_03=2,1,Rat|Rat|Goblin,companion_join:Goblin; +1 levelup
630,12974,4,Normal,30,2,2,1,1,43,13,2,2,5,0,2,2,0,0,0,0,0,0,1,0,56,29,2,1,1,0,1,1,11,4,,Swords_T1_03=1,0,Rat|Rat|Goblin,flee×1
630,12974,5,Normal,27,2,2,2,0,13,44,2,2,30,0,2,2,0,3,0,0,2,3,2,0,168,11,7,7,3.5,0,1,1,13,2,,Swords_T1_03=2,0,Rat|Rat|Goblin,
630,12974,6,Normal,40,5,5,5,0,44,31,2,2,65,0,2,2,0,2,3,0,3,3,2,0,364,36,19,19,3.8,0,1,1,14,1,,Swords_T1_03=2,1,Rat|Rat|Goblin|Rat,companion_join:Rat
630,12974,7,Normal,26,4,4,3,1,31,15,2,5,40,0,2,3,0,6,3,0,0,0,2,0,308,62,16,13,4.333,0,1,1,16,4,,Swords_T1_03=2,2,Rat|Rat|Goblin|Rat|Rat|Rat,companion_join:Rat;companion_join:Rat; +1 levelup; flee×1
630,12974,8,Normal,14,2,2,1,0,15,0,5,5,60,0,3,3,0,6,6,0,0,0,2,0,253,51,8,5,5,1,0,0,28,3,RH=Crude Sword|LH=Crude Sword|BD=Crude Armour|A1=Crude Bracelet|A2=Crude Bracelet,Swords_T1_03=2,0,Rat|Rat|Goblin|Rat|Rat|Rat,party wiped
631,12975,1,Normal,31,4,4,4,0,37,37,0,0,55,0,1,1,0,8,2,0,3,3,0,0,308,8,16,16,4,0,1,1,5,2,,,2,Rat|Rat,floor1_town;companion_join:Rat;companion_join:Rat
631,12975,2,Normal,35,4,4,4,0,37,44,0,3,50,0,1,2,0,6,1,0,2,3,0,0,280,16,13,13,3.25,0,1,1,7,2,,,1,Rat|Rat|Rat,companion_join:Rat; +1 levelup
631,12975,3,Normal,2,1,1,0,0,44,0,3,3,0,0,2,2,0,2,3,0,0,0,0,0,67,44,3,0,0,1,0,0,7,4,RH=Crude Sword|LH=Crude Sword|BD=Crude Armour|A1=Crude Bracelet|A2=Crude Bracelet,,0,Rat|Rat|Rat,party wiped
632,12976,1,Normal,29,3,3,3,0,37,37,0,0,45,0,1,1,0,6,4,2,3,3,0,0,252,0,12,12,4,0,1,1,4,4,,,2,Rat|Rat,floor1_town;companion_join:Rat;companion_join:Rat
632,12976,2,Normal,35,4,4,4,0,37,37,0,0,50,0,1,1,0,6,2,3,0,3,0,0,280,8,14,14,3.5,0,1,1,5,1,,,0,Rat|Rat,
632,12976,3,Normal,3,1,1,0,0,37,0,0,0,0,0,1,1,4,3,3,0,0,0,0,0,151,37,6,0,0,1,0,0,11,4,RH=Crude Sword|LH=Crude Sword|BD=Crude Armour|A1=Crude Bracelet|A2=Crude Bracelet,,0,Rat|Rat,party wiped
633,12977,1,Normal,27,4,4,4,0,37,37,0,0,50,0,1,1,0,5,3,0,3,3,0,0,280,0,13,13,3.25,0,1,1,5,4,,,0,-,floor1_town
633,12977,2,Normal,25,0,0,0,0,37,37,0,0,0,0,1,1,0,0,0,2,3,3,0,0,0,0,0,0,0,0,1,1,5,0,,,0,-,
633,12977,3,Normal,4,1,1,0,0,37,0,0,0,0,0,1,1,2,3,3,2,0,0,0,0,138,37,4,0,0,1,0,0,11,4,RH=Crude Sword|LH=Crude Sword|BD=Crude Armour|A1=Crude Bracelet|A2=Crude Bracelet,,0,-,party wiped
634,12978,1,Normal,25,2,2,2,0,37,37,0,0,15,0,1,1,0,0,0,1,3,3,0,0,84,0,3,3,1.5,0,1,1,3,1,,,1,Rat,floor1_town;companion_join:Rat
634,12978,2,Normal,34,5,5,5,0,37,46,0,2,85,0,1,2,1,9,6,1,0,0,0,0,476,37,23,23,4.6,0,1,1,6,3,,,3,Rat|Rat|Rat|Rat,companion_join:Rat;companion_join:Rat;companion_join:Rat; +1 levelup
634,12978,3,Normal,4,1,1,0,0,46,0,2,2,0,0,2,2,2,0,0,0,0,0,1,0,167,45,4,0,0,1,0,0,6,4,RH=Crude Sword|LH=Crude Sword|BD=Crude Armour|A1=Crude Bracelet|A2=Crude Bracelet,Swords_T1_03=1,0,Rat|Rat|Rat|Rat,party wiped
635,12979,1,Normal,39,4,4,4,0,37,37,0,0,45,0,1,1,0,2,0,0,3,3,0,0,252,32,11,11,2.75,0,1,1,5,2,,,0,-,floor1_town
635,12979,2,Normal,31,4,4,4,0,37,37,0,0,50,0,1,1,1,6,5,1,3,3,0,0,280,16,17,17,4.25,0,1,1,7,1,,,0,-,
635,12979,3,Normal,30,5,5,5,0,37,8,0,1,108,0,1,2,2,3,3,0,0,0,4,0,540,32,15,15,3,0,1,1,13,3,,Swords_T1_03=4,2,Goblin|Goblin,companion_join:Goblin;companion_join:Goblin; +1 levelup
635,12979,4,Normal,33,3,3,2,1,8,35,1,1,25,0,2,2,0,3,3,0,3,3,2,0,224,44,13,7,3.5,0,1,1,15,2,,Swords_T1_03=2,2,Goblin|Goblin|Rat|Rat,companion_join:Rat;companion_join:Rat; flee×1
635,12979,5,Normal,39,3,3,3,0,35,44,1,1,40,0,2,2,0,3,3,0,0,0,3,0,224,-12,11,11,3.667,0,1,1,15,4,,Swords_T1_03=3,2,Goblin|Goblin|Rat|Rat|Rat|Rat,companion_join:Rat;companion_join:Rat
635,12979,6,Normal,2,1,1,0,0,44,0,1,1,0,0,2,2,0,0,0,0,0,0,1,0,28,43,2,0,0,1,0,0,15,4,RH=Crude Sword|LH=Crude Sword|BD=Crude Armour|A1=Crude Bracelet|A2=Crude Bracelet,Swords_T1_03=1,0,Goblin|Goblin|Rat|Rat|Rat|Rat,party wiped
636,12980,1,Normal,37,4,4,4,0,37,37,0,0,40,0,1,1,0,4,3,1,3,3,0,0,224,0,11,11,2.75,0,1,1,5,2,,,1,Rat,floor1_town;companion_join:Rat
636,12980,2,Normal,31,3,3,3,0,37,37,0,0,20,0,1,1,0,0,0,3,3,3,0,0,112,8,4,4,1.333,0,1,1,6,1,,,0,Rat,
636,12980,3,Normal,1,1,1,0,0,37,0,0,0,0,0,1,1,3,3,3,0,0,0,0,0,123,37,5,0,0,1,0,0,12,4,RH=Crude Sword|LH=Crude Sword|BD=Crude Armour|A1=Crude Bracelet|A2=Crude Bracelet,,0,Rat,party wiped
637,12981,1,Normal,35,4,4,4,0,37,37,0,0,65,0,1,1,0,11,2,2,3,3,0,0,364,0,19,19,4.75,0,1,1,5,3,,,1,Rat,floor1_town;companion_join:Rat
637,12981,2,Normal,39,3,3,3,0,37,44,0,3,35,0,1,2,0,3,0,3,3,3,0,0,196,14,9,9,3,0,1,1,6,2,,,2,Rat|Rat|Rat,companion_join:Rat;companion_join:Rat; +1 levelup
637,12981,3,Normal,26,3,3,3,0,44,44,3,3,84,0,2,2,3,3,3,2,0,0,2,0,420,-2,13,13,4.333,0,1,1,6,3,,Swords_T1_03=2,1,Rat|Rat|Rat|Goblin,companion_join:Goblin
637,12981,4,Normal,37,4,4,4,0,44,44,3,3,60,0,2,2,1,3,1,1,0,2,4,0,336,20,14,14,3.5,0,1,1,7,3,,Swords_T1_03=4,1,Rat|Rat|Rat|Goblin|Rat,companion_join:Rat
637,12981,5,Normal,25,5,5,5,0,44,44,3,3,50,0,2,2,1,0,2,0,0,0,4,0,280,-4,12,12,2.4,0,1,1,7,2,,Swords_T1_03=4,1,Rat|Rat|Rat|Goblin|Rat|Rat,companion_join:Rat
637,12981,6,Normal,38,3,3,2,1,44,51,3,5,25,0,2,3,0,1,0,0,2,3,2,0,224,48,8,5,2.5,0,1,1,8,3,,Swords_T1_03=2,0,Rat|Rat|Rat|Goblin|Rat|Rat,+1 levelup; flee×1
637,12981,7,Normal,40,4,4,4,0,51,37,5,5,30,0,3,3,0,0,0,0,2,3,0,0,168,14,6,6,1.5,0,1,1,8,2,,,1,Rat|Rat|Rat|Goblin|Rat|Rat|Rat,companion_join:Rat
637,12981,8,Normal,24,2,2,1,0,37,0,5,5,60,0,3,3,0,6,3,0,0,2,4,0,198,55,7,5,5,1,0,0,20,4,RH=Crude Sword|LH=Crude Sword|BD=Crude Armour|A1=Crude Bracelet|A2=Crude Bracelet,Swords_T1_03=2|Swords_T1_04=2,0,Rat|Rat|Rat|Goblin|Rat|Rat|Rat,party wiped
638,12982,1,Normal,33,2,2,2,0,37,37,0,0,20,0,1,1,1,3,0,0,3,3,0,0,112,0,6,6,3,0,1,1,3,1,,,0,-,floor1_town
638,12982,2,Normal,34,4,4,4,0,37,37,0,0,60,0,1,1,1,8,6,0,1,3,0,0,336,16,20,20,5,0,1,1,5,3,,,2,Rat|Rat,companion_join:Rat;companion_join:Rat
638,12982,3,Normal,2,1,1,0,0,37,0,0,0,0,0,1,1,2,3,3,0,0,0,0,0,120,37,4,0,0,1,0,0,11,4,RH=Crude Sword|LH=Crude Sword|BD=Crude Armour|A1=Crude Bracelet|A2=Crude Bracelet,,0,Rat|Rat,party wiped
639,12983,1,Normal,30,2,2,2,0,37,37,0,0,15,0,1,1,0,0,0,2,3,3,0,0,84,8,3,3,1.5,0,1,1,3,2,,,2,Rat|Rat,floor1_town;companion_join:Rat;companion_join:Rat
639,12983,2,Normal,39,2,2,2,0,37,37,0,0,10,0,1,1,0,0,0,2,3,3,0,0,56,0,2,2,1,0,1,1,3,1,,,0,Rat|Rat,
639,12983,3,Normal,8,2,2,1,0,37,0,0,0,24,0,1,1,4,6,3,0,0,0,0,0,328,37,12,4,4,1,0,0,15,4,RH=Crude Sword|LH=Crude Sword|BD=Crude Armour|A1=Crude Bracelet|A2=Crude Bracelet,,0,Rat|Rat,party wiped
640,12984,1,Normal,28,4,4,4,0,37,37,0,0,50,0,1,1,0,6,2,0,3,3,0,0,280,8,14,14,3.5,0,1,1,5,3,,,3,Rat|Rat|Rat,floor1_town;companion_join:Rat;companion_join:Rat;companion_join:Rat
640,12984,2,Normal,39,4,4,4,0,37,46,0,1,55,0,1,2,0,5,3,2,0,0,0,0,308,16,16,16,4,0,1,1,7,4,,,0,Rat|Rat|Rat,+1 levelup
640,12984,3,Normal,33,4,4,4,0,46,45,1,1,96,0,2,2,3,4,3,0,3,3,4,0,480,65,16,16,4,0,1,1,10,1,,Swords_T1_03=4,1,Rat|Rat|Rat|Goblin,companion_join:Goblin
640,12984,4,Normal,32,3,3,3,0,45,46,1,1,30,0,2,2,0,3,0,0,0,3,2,0,168,-3,8,8,2.667,0,1,1,10,3,,Swords_T1_03=2,0,Rat|Rat|Rat|Goblin,
640,12984,5,Normal,6,1,1,0,0,46,0,1,1,0,0,2,2,0,0,3,0,0,0,1,0,55,45,5,0,0,1,0,0,10,4,RH=Crude Sword|LH=Crude Sword|BD=Crude Armour|A1=Crude Bracelet|A2=Crude Bracelet,Swords_T1_03=1,0,Rat|Rat|Rat|Goblin,party wiped
641,12985,1,Normal,26,2,2,2,0,37,37,0,0,20,0,1,1,0,2,0,2,3,3,0,0,112,0,5,5,2.5,0,1,1,3,3,,,1,Rat,floor1_town;companion_join:Rat
641,12985,2,Normal,34,5,5,5,0,37,37,0,0,65,0,1,1,2,6,5,1,0,1,0,0,364,8,20,20,4,0,1,1,4,2,,,2,Rat|Rat|Rat,companion_join:Rat;companion_join:Rat
641,12985,3,Normal,6,1,1,0,0,37,0,0,0,0,0,1,1,0,3,3,1,0,0,0,0,88,37,3,0,0,1,0,0,10,4,RH=Crude Sword|LH=Crude Sword|BD=Crude Armour|A1=Crude Bracelet|A2=Crude Bracelet,,0,Rat|Rat|Rat,party wiped
642,12986,1,Normal,40,5,5,5,0,37,37,0,0,65,0,1,1,0,4,2,0,3,3,0,0,364,32,16,16,3.2,0,1,1,6,2,,,4,Rat|Rat|Rat|Rat,floor1_town;companion_join:Rat;companion_join:Rat;companion_join:Rat;companion_join:Rat
642,12986,2,Normal,26,3,3,3,0,37,37,0,0,20,0,1,1,0,0,0,1,3,3,0,0,112,8,4,4,1.333,0,1,1,7,1,,,1,Rat|Rat|Rat|Rat|Rat,companion_join:Rat
642,12986,3,Normal,19,2,2,1,0,37,0,0,1,48,0,1,2,3,3,3,0,0,0,0,0,300,79,10,8,8,1,0,0,13,2,RH=Crude Sword|LH=Crude Sword|BD=Crude Armour|A1=Crude Bracelet|A2=Crude Bracelet,,0,Rat|Rat|Rat|Rat|Rat,party wiped; +1 levelup
643,12987,1,Normal,38,4,4,4,0,37,37,0,0,35,0,1,1,0,2,0,1,3,3,0,0,196,8,11,11,2.75,0,1,1,5,1,,,2,Rat|Rat,floor1_town;companion_join:Rat;companion_join:Rat
643,12987,2,Normal,31,5,5,5,0,37,23,0,2,85,0,1,2,2,6,6,1,0,0,1,0,476,36,25,25,5,0,1,1,6,3,,Swords_T1_03=1,4,Rat|Rat|Rat|Rat|Rat|Rat,companion_join:Rat;companion_join:Rat;companion_join:Rat;companion_join:Rat; +1 levelup
643,12987,3,Normal,18,2,2,1,0,23,0,2,2,12,0,2,2,1,3,3,0,0,0,2,0,255,42,6,1,1,1,0,0,7,4,RH=Crude Sword|LH=Crude Sword|BD=Crude Armour|A1=Crude Bracelet|A2=Crude Bracelet,Swords_T1_03=2,1,Rat|Rat|Rat|Rat|Rat|Rat|Goblin,companion_join:Goblin; party wiped
644,12988,1,Normal,36,2,2,2,0,37,37,0,0,15,0,1,1,0,0,0,0,3,3,0,0,84,8,3,3,1.5,0,1,1,3,2,,,0,-,floor1_town
644,12988,2,Normal,34,2,2,2,0,37,37,0,0,10,0,1,1,0,0,0,0,3,3,0,0,56,0,2,2,1,0,1,1,3,1,,,0,-,
644,12988,3,Normal,16,3,3,2,0,37,0,0,0,36,0,1,1,0,7,5,0,0,0,0,0,275,37,10,6,3,1,0,0,21,3,RH=Crude Sword|LH=Crude Sword|BD=Crude Armour|A1=Crude Bracelet|A2=Crude Bracelet,,0,-,party wiped
645,12989,1,Normal,34,4,4,4,0,37,37,0,0,65,0,1,1,0,9,4,1,3,3,0,0,364,8,20,20,5,0,1,1,5,4,,,1,Rat,floor1_town;companion_join:Rat
645,12989,2,Normal,27,4,4,4,0,37,32,0,1,55,0,1,2,0,5,2,2,1,3,1,0,308,28,13,13,3.25,0,1,1,6,2,,Swords_T1_03=1,0,Rat,+1 levelup
645,12989,3,Normal,4,1,1,0,0,32,0,1,1,0,0,2,2,2,3,3,0,0,0,1,0,180,44,7,0,0,1,0,0,7,4,RH=Crude Sword|LH=Crude Sword|BD=Crude Armour|A1=Crude Bracelet|A2=Crude Bracelet,Swords_T1_03=1,0,Rat,party wiped
646,12990,1,Normal,32,3,3,3,0,37,37,0,0,45,0,1,1,0,5,0,0,3,3,0,0,252,16,10,10,3.333,0,1,1,4,2,,,1,Rat,floor1_town;companion_join:Rat
646,12990,2,Normal,36,4,4,4,0,37,29,0,0,50,0,1,1,0,3,2,2,0,1,0,0,280,16,13,13,3.25,0,1,1,5,4,,,1,Rat|Rat,companion_join:Rat
646,12990,3,Normal,9,2,2,1,0,29,0,0,1,24,0,1,2,4,3,3,0,0,0,1,0,300,43,9,4,4,1,0,0,11,4,RH=Crude Sword|LH=Crude Sword|BD=Crude Armour|A1=Crude Bracelet|A2=Crude Bracelet,Swords_T1_03=1,0,Rat|Rat,party wiped; +1 levelup
647,12991,1,Normal,30,4,4,4,0,37,37,0,0,45,0,1,1,0,5,2,1,3,3,0,0,252,10,12,12,3,0,1,1,5,1,,,2,Rat|Rat,floor1_town;companion_join:Rat;companion_join:Rat
647,12991,2,Normal,30,3,3,3,0,37,29,0,0,40,0,1,1,0,3,1,2,3,3,0,0,224,24,11,11,3.667,0,1,1,7,2,,,1,Rat|Rat|Rat,companion_join:Rat
647,12991,3,Normal,36,3,3,3,0,29,38,0,2,84,0,1,2,4,6,6,0,0,0,1,0,420,21,18,18,6,0,1,1,14,3,,Swords_T1_03=1,1,Rat|Rat|Rat|Goblin,companion_join:Goblin; +1 levelup
647,12991,4,Normal,31,3,3,3,0,38,35,2,2,25,0,2,2,0,0,0,0,3,3,2,0,140,16,5,5,1.667,0,1,1,15,2,,Swords_T1_03=2,2,Rat|Rat|Rat|Goblin|Rat|Rat,companion_join:Rat;companion_join:Rat
647,12991,5,Normal,38,4,4,4,0,35,45,2,2,45,0,2,2,0,3,2,0,0,1,3,0,252,-13,12,12,3,0,1,1,15,4,,Swords_T1_03=3,0,Rat|Rat|Rat|Goblin|Rat|Rat,
647,12991,6,Normal,33,2,2,2,0,45,36,2,2,15,0,2,2,0,0,1,0,0,0,2,0,84,7,5,5,2.5,0,1,1,15,2,,Swords_T1_03=2,0,Rat|Rat|Rat|Goblin|Rat|Rat,
647,12991,7,Normal,39,4,4,3,1,36,54,2,3,50,0,2,3,0,4,3,0,2,3,3,0,308,48,17,16,5.333,0,1,1,17,2,,Swords_T1_03=3,0,Rat|Rat|Rat|Goblin|Rat|Rat,+1 levelup; flee×1
647,12991,8,Normal,16,1,1,0,0,54,0,3,3,0,0,3,3,0,3,3,0,0,0,2,0,88,52,3,0,0,1,0,0,23,2,RH=Crude Sword|LH=Crude Sword|BD=Crude Armour|A1=Crude Bracelet|A2=Crude Bracelet,Swords_T1_03=1|Swords_T1_04=1,0,Rat|Rat|Rat|Goblin|Rat|Rat,party wiped
648,12992,1,Normal,28,1,1,1,0,37,37,0,0,20,0,1,1,0,3,1,2,3,3,0,0,112,0,6,6,6,0,1,1,2,4,,,0,-,floor1_town
648,12992,2,Normal,28,2,2,2,0,37,29,0,0,20,0,1,1,0,0,0,2,3,3,0,0,112,16,4,4,2,0,1,1,3,2,,,1,Rat,companion_join:Rat
648,12992,3,Normal,27,6,6,6,0,29,46,0,2,96,0,1,2,1,8,2,1,0,3,1,0,480,-1,16,16,2.667,0,1,1,27,1,,Swords_T1_03=1,2,Rat|Goblin|Goblin,companion_join:Goblin;companion_join:Goblin; +1 levelup
648,12992,4,Normal,35,5,5,5,0,46,46,2,2,50,0,2,2,1,0,3,0,3,3,3,0,280,29,16,16,3.2,0,1,1,28,1,,Swords_T1_03=3,1,Rat|Goblin|Goblin|Rat,companion_join:Rat
648,12992,5,Normal,10,2,2,1,0,46,0,2,2,20,0,2,2,0,3,3,0,0,0,2,0,222,44,12,6,6,1,0,0,28,4,RH=Crude Sword|LH=Crude Sword|BD=Crude Armour|A1=Crude Bracelet|A2=Crude Bracelet,Swords_T1_03=2,1,Rat|Goblin|Goblin|Rat|Rat,companion_join:Rat; party wiped
649,12993,1,Normal,26,2,2,2,0,37,37,0,0,30,0,1,1,0,4,0,1,3,3,0,0,168,8,7,7,3.5,0,1,1,3,3,,,0,-,floor1_town
649,12993,2,Normal,37,7,7,7,0,37,36,0,3,80,0,1,2,1,6,5,0,3,3,0,0,448,32,22,22,3.143,0,1,1,6,2,,,1,Rat,companion_join:Rat; +1 levelup
649,12993,3,Normal,14,2,2,1,0,36,0,3,3,12,0,2,2,1,3,3,0,0,0,0,0,129,44,5,2,2,1,0,0,7,4,RH=Crude Sword|LH=Crude Sword|BD=Crude Armour|A1=Crude Bracelet|A2=Crude Bracelet,,0,Rat,party wiped
650,12994,1,Normal,40,5,5,5,0,37,37,0,0,65,0,1,1,0,8,2,2,3,3,0,0,364,24,18,18,3.6,0,1,1,6,1,,,3,Rat|Rat|Rat,floor1_town;companion_join:Rat;companion_join:Rat;companion_join:Rat
650,12994,2,Normal,34,3,3,3,0,37,37,0,0,25,0,1,1,0,1,0,4,2,3,0,0,140,0,5,5,1.667,0,1,1,6,2,,,2,Rat|Rat|Rat|Rat|Rat,companion_join:Rat;companion_join:Rat
650,12994,3,Normal,14,3,3,2,0,37,0,0,1,48,0,1,2,4,6,6,0,0,0,3,0,435,57,16,10,5,1,0,0,13,4,RH=Crude Sword|LH=Crude Sword|BD=Crude Armour|A1=Crude Bracelet|A2=Crude Bracelet,Swords_T1_03=3,0,Rat|Rat|Rat|Rat|Rat,party wiped; +1 levelup
651,12995,1,Normal,38,3,3,3,0,37,37,0,0,50,0,1,1,0,6,3,0,3,3,0,0,280,24,14,14,4.667,0,1,1,4,4,,,0,-,floor1_town
651,12995,2,Normal,30,2,2,2,0,37,37,0,0,25,0,1,1,1,3,3,0,3,3,0,0,140,26,9,9,4.5,0,1,1,5,1,,,0,-,
651,12995,3,Normal,17,1,1,0,0,37,0,0,0,0,0,1,1,2,3,3,0,0,0,0,0,151,37,5,0,0,1,0,0,11,3,RH=Crude Sword|LH=Crude Sword|BD=Crude Armour|A1=Crude Bracelet|A2=Crude Bracelet,,0,-,party wiped
652,12996,1,Normal,36,5,5,5,0,37,37,0,0,65,0,1,1,0,7,0,2,3,3,0,0,364,16,18,18,3.6,0,1,1,6,4,,,0,-,floor1_town
652,12996,2,Normal,25,1,1,1,0,37,29,0,0,15,0,1,1,0,2,0,2,1,3,0,0,84,8,4,4,4,0,1,1,6,3,,,1,Rat,companion_join:Rat
652,12996,3,Normal,28,3,3,3,0,29,17,0,3,84,0,1,2,2,3,3,0,0,0,2,0,420,68,13,13,4.333,0,1,1,12,2,,Swords_T1_03=2,0,Rat,+1 levelup
652,12996,4,Normal,28,1,1,1,0,17,44,3,3,10,0,2,2,0,1,0,0,2,3,2,0,56,-1,3,3,3,0,1,1,13,2,,Swords_T1_03=2,0,Rat,
652,12996,5,Normal,27,3,3,3,0,44,36,3,3,40,0,2,2,0,2,2,0,0,1,1,0,224,7,11,11,3.667,0,1,1,13,1,,Swords_T1_03=1,1,Rat|Rat,companion_join:Rat
652,12996,6,Normal,35,5,5,4,1,36,45,3,3,45,0,2,2,0,3,4,0,0,0,4,0,308,30,16,14,3.5,0,1,1,14,2,,Swords_T1_03=4,0,Rat|Rat,flee×1
652,12996,7,Normal,2,1,1,0,0,45,0,3,3,0,0,2,2,0,0,0,0,0,0,1,0,56,44,3,0,0,1,0,0,14,3,RH=Crude Sword|LH=Crude Sword|BD=Crude Armour|A1=Crude Bracelet|A2=Crude Bracelet,Swords_T1_03=1,0,Rat|Rat,party wiped
653,12997,1,Normal,34,3,3,3,0,37,37,0,0,40,0,1,1,0,5,3,0,3,3,0,0,224,31,11,11,3.667,0,1,1,4,1,,,1,Rat,floor1_town;companion_join:Rat
653,12997,2,Normal,31,4,4,4,0,37,37,0,0,35,0,1,1,0,2,0,0,1,3,0,0,196,8,8,8,2,0,1,1,5,2,,,4,Rat|Rat|Rat|Rat|Rat,companion_join:Rat;companion_join:Rat;companion_join:Rat;companion_join:Rat
653,12997,3,Normal,7,1,1,0,0,37,0,0,0,0,0,1,1,1,3,3,0,0,0,0,0,95,37,4,0,0,1,0,0,11,4,RH=Crude Sword|LH=Crude Sword|BD=Crude Armour|A1=Crude Bracelet|A2=Crude Bracelet,,0,Rat|Rat|Rat|Rat|Rat,party wiped
654,12998,1,Normal,32,4,4,4,0,37,37,0,0,55,0,1,1,0,6,1,1,3,3,0,0,308,8,14,14,3.5,0,1,1,5,1,,,0,-,floor1_town
654,12998,2,Normal,36,4,4,4,0,37,28,0,2,65,0,1,2,0,6,6,2,0,0,0,0,364,29,19,19,4.75,0,1,1,6,4,,,2,Rat|Rat,companion_join:Rat;companion_join:Rat; +1 levelup
654,12998,3,Normal,27,3,3,2,0,28,0,2,2,72,0,2,2,4,6,6,0,0,0,2,0,405,59,13,11,5.5,1,0,0,8,4,RH=Crude Sword|LH=Crude Sword|BD=Crude Armour|A1=Crude Bracelet|A2=Crude Bracelet,Swords_T1_03=2,1,Rat|Rat|Goblin,companion_join:Goblin; party wiped
655,12999,1,Normal,30,3,3,3,0,37,37,0,0,40,0,1,1,0,5,0,0,3,3,0,0,224,8,9,9,3,0,1,1,4,4,,,0,-,floor1_town
655,12999,2,Normal,25,5,5,5,0,37,37,0,0,45,0,1,1,0,3,0,1,2,3,0,0,252,6,12,12,2.4,0,1,1,5,2,,,1,Rat,companion_join:Rat
655,12999,3,Normal,18,2,2,1,0,37,0,0,2,24,0,1,2,2,3,3,0,0,0,1,0,240,44,7,4,4,1,0,0,11,4,RH=Crude Sword|LH=Crude Sword|BD=Crude Armour|A1=Crude Bracelet|A2=Crude Bracelet,Swords_T1_03=1,0,Rat,party wiped; +1 levelup
656,13000,1,Normal,28,2,2,2,0,37,37,0,0,40,0,1,1,0,6,2,1,3,3,0,0,224,16,12,12,6,0,1,1,3,4,,,0,-,floor1_town
656,13000,2,Normal,33,2,2,2,0,37,29,0,0,15,0,1,1,0,0,0,2,3,3,0,0,84,8,3,3,1.5,0,1,1,3,2,,,0,-,
656,13000,3,Normal,34,6,6,4,2,29,8,0,3,108,0,1,2,4,7,6,0,0,0,3,0,660,118,22,20,5,0,1,1,16,3,,Swords_T1_03=3,0,-,+1 levelup; flee×2
656,13000,4,Normal,34,4,4,4,0,8,36,3,3,50,0,2,2,0,5,0,0,1,3,1,0,280,20,13,13,3.25,0,1,1,18,3,,Swords_T1_03=1,0,-,
656,13000,5,Normal,26,4,4,4,0,36,36,3,3,60,0,2,2,0,3,3,0,1,3,2,0,336,51,19,19,4.75,0,1,1,20,3,,Swords_T1_03=2,2,Rat|Rat,companion_join:Rat;companion_join:Rat
656,13000,6,Normal,32,2,2,2,0,36,44,3,3,20,0,2,2,0,1,1,0,3,3,1,0,112,4,5,5,2.5,0,1,1,21,1,,Swords_T1_03=1,1,Rat|Rat|Rat,companion_join:Rat
656,13000,7,Normal,27,2,2,2,0,44,38,3,5,30,0,2,3,0,3,1,0,0,2,1,0,168,12,7,7,3.5,0,1,1,21,3,,Swords_T1_03=1,0,Rat|Rat|Rat,+1 levelup
656,13000,8,Normal,22,1,1,0,0,38,0,5,5,0,0,3,3,0,1,0,0,2,3,1,0,86,49,2,0,0,1,0,0,27,1,RH=Crude Sword|LH=Crude Sword|BD=Crude Armour|A1=Crude Bracelet|A2=Crude Bracelet,Swords_T1_03=1,0,Rat|Rat|Rat,party wiped
657,13001,1,Normal,26,2,2,2,0,37,37,0,0,20,0,1,1,0,1,0,2,3,3,0,0,112,16,5,5,2.5,0,1,1,3,2,,,1,Rat,floor1_town;companion_join:Rat
657,13001,2,Normal,25,2,2,2,0,37,29,0,0,25,0,1,1,0,2,0,3,3,3,0,0,140,16,6,6,3,0,1,1,4,2,,,2,Rat|Rat|Rat,companion_join:Rat;companion_join:Rat
657,13001,3,Normal,18,1,1,0,0,29,0,0,0,0,0,1,1,3,3,3,0,0,0,0,0,168,37,5,0,0,1,0,0,10,4,RH=Crude Sword|LH=Crude Sword|BD=Crude Armour|A1=Crude Bracelet|A2=Crude Bracelet,,0,Rat|Rat|Rat,party wiped
658,13002,1,Normal,40,8,8,8,0,37,37,0,0,95,0,1,1,0,11,3,1,3,3,0,0,532,44,26,26,3.25,0,1,1,9,3,,,3,Rat|Rat|Rat,floor1_town;companion_join:Rat;companion_join:Rat;companion_join:Rat
658,13002,2,Normal,26,3,3,3,0,37,34,0,3,35,0,1,2,0,3,0,2,0,3,2,0,196,8,8,8,2.667,0,1,1,9,2,,Swords_T1_03=2,1,Rat|Rat|Rat|Rat,companion_join:Rat; +1 levelup
658,13002,3,Normal,35,3,3,3,0,34,43,3,3,60,0,2,2,0,3,2,3,0,1,3,0,300,-2,7,7,2.333,0,1,1,10,1,,Swords_T1_03=3,1,Rat|Rat|Rat|Rat|Goblin,companion_join:Goblin
658,13002,4,Normal,32,3,3,3,0,43,43,3,3,35,0,2,2,0,0,1,3,3,3,1,0,196,15,8,8,2.667,0,1,1,11,2,,Swords_T1_03=1,1,Rat|Rat|Rat|Rat|Goblin|Rat,companion_join:Rat
658,13002,5,Normal,30,2,2,2,0,43,36,3,3,20,0,2,2,0,3,0,3,0,3,1,0,112,6,8,8,4,0,1,1,11,3,,Swords_T1_03=1,0,Rat|Rat|Rat|Rat|Goblin|Rat,
658,13002,6,Normal,36,4,4,4,0,36,44,3,3,35,0,2,2,0,0,3,3,0,0,1,0,196,-9,7,7,1.75,0,1,1,11,2,,Swords_T1_03=1,1,Rat|Rat|Rat|Rat|Goblin|Rat|Rat,companion_join:Rat
658,13002,7,Normal,38,1,1,1,0,44,52,3,4,20,0,2,3,1,0,0,2,0,0,0,0,112,16,5,5,5,0,1,1,11,4,,,0,Rat|Rat|Rat|Rat|Goblin|Rat|Rat,+1 levelup
658,13002,8,Normal,4,1,1,0,0,52,0,4,4,0,0,3,3,2,3,3,0,0,0,1,0,73,52,3,0,0,1,0,0,17,3,RH=Crude Sword|LH=Crude Sword|BD=Crude Armour|A1=Crude Bracelet|A2=Crude Bracelet,Swords_T1_04=1,0,Rat|Rat|Rat|Rat|Goblin|Rat|Rat,party wiped
659,13003,1,Normal,38,6,6,6,0,37,37,0,0,90,0,1,1,0,9,5,2,3,3,0,0,504,16,24,24,4,0,1,1,7,3,,,0,-,floor1_town
659,13003,2,Normal,40,3,3,3,0,37,45,0,3,30,0,1,2,0,3,1,3,0,2,1,0,168,-1,8,8,2.667,0,1,1,7,2,,Swords_T1_03=1,1,Rat,companion_join:Rat; +1 levelup
659,13003,3,Normal,26,2,2,1,0,45,0,3,3,12,0,2,2,3,0,2,1,0,0,1,0,155,44,5,1,1,1,0,0,7,4,RH=Crude Sword|LH=Crude Sword|BD=Crude Armour|A1=Crude Bracelet|A2=Crude Bracelet,Swords_T1_03=1,1,Rat|Goblin,companion_join:Goblin; party wiped
660,13004,1,Normal,36,5,5,5,0,37,37,0,0,75,0,1,1,0,7,1,0,3,3,0,0,420,16,18,18,3.6,0,1,1,6,3,,,3,Rat|Rat|Rat,floor1_town;companion_join:Rat;companion_join:Rat;companion_join:Rat
660,13004,2,Normal,31,4,4,4,0,37,45,0,2,50,0,1,2,0,3,3,0,0,0,0,0,280,0,14,14,3.5,0,1,1,6,4,,,1,Rat|Rat|Rat|Rat,companion_join:Rat; +1 levelup
660,13004,3,Normal,21,4,4,2,1,45,0,2,2,36,0,2,2,1,6,6,0,0,0,3,0,487,98,14,5,2.5,1,0,0,8,3,RH=Crude Sword|LH=Crude Sword|BD=Crude Armour|A1=Crude Bracelet|A2=Crude Bracelet,Swords_T1_03=3,0,Rat|Rat|Rat|Rat,party wiped; flee×1
661,13005,1,Normal,34,3,3,3,0,37,37,0,0,35,0,1,1,0,4,0,2,3,3,0,0,196,0,8,8,2.667,0,1,1,4,1,,,0,-,floor1_town
661,13005,2,Normal,40,2,2,2,0,37,29,0,0,25,0,1,1,0,2,0,2,1,3,0,0,140,8,5,5,2.5,0,1,1,4,2,,,0,-,
661,13005,3,Normal,5,2,2,1,0,29,0,0,0,24,0,1,1,1,6,4,1,0,0,0,0,250,37,7,4,4,1,0,0,16,4,RH=Crude Sword|LH=Crude Sword|BD=Crude Armour|A1=Crude Bracelet|A2=Crude Bracelet,,1,Goblin,companion_join:Goblin; party wiped
662,13006,1,Normal,32,2,2,2,0,37,37,0,0,15,0,1,1,0,0,0,0,3,3,0,0,84,0,4,4,2,0,1,1,3,2,,,0,-,floor1_town
662,13006,2,Normal,28,4,4,4,0,37,29,0,0,50,0,1,1,0,2,0,1,2,3,0,0,280,24,12,12,3,0,1,1,5,3,,,1,Rat,companion_join:Rat
662,13006,3,Normal,6,1,1,0,0,29,0,0,0,0,0,1,1,0,3,3,1,0,0,0,0,52,37,2,0,0,1,0,0,11,4,RH=Crude Sword|LH=Crude Sword|BD=Crude Armour|A1=Crude Bracelet|A2=Crude Bracelet,,0,Rat,party wiped
663,13007,1,Normal,30,3,3,3,0,37,37,0,0,25,0,1,1,0,0,0,2,3,3,0,0,140,8,5,5,1.667,0,1,1,4,2,,,1,Rat,floor1_town;companion_join:Rat
663,13007,2,Normal,37,3,3,3,0,37,37,0,0,55,0,1,1,0,8,1,3,0,3,0,0,308,16,16,16,5.333,0,1,1,6,4,,,1,Rat|Rat,companion_join:Rat
663,13007,3,Normal,27,2,2,2,0,37,45,0,1,36,0,1,2,0,3,0,4,0,3,0,0,180,0,6,6,3,0,1,1,12,1,,,0,Rat|Rat,+1 levelup
663,13007,4,Normal,31,3,3,3,0,45,36,1,1,30,0,2,2,0,0,2,4,0,1,2,0,168,7,8,8,2.667,0,1,1,12,2,,Swords_T1_03=2,2,Rat|Rat|Rat|Rat,companion_join:Rat;companion_join:Rat
663,13007,5,Normal,26,1,1,1,0,36,35,1,1,10,0,2,2,0,0,0,4,0,1,1,0,56,0,3,3,3,0,1,1,12,2,,Swords_T1_03=1,0,Rat|Rat|Rat|Rat,
663,13007,6,Normal,36,2,2,2,0,35,45,1,1,25,0,2,2,1,0,1,3,0,0,2,0,140,-12,6,6,3,0,1,1,12,3,,Swords_T1_03=2,0,Rat|Rat|Rat|Rat,
663,13007,7,Normal,34,4,4,4,0,45,45,1,1,35,0,2,2,1,0,0,2,3,3,2,0,196,23,7,7,1.75,0,1,1,13,1,,Swords_T1_03=2,1,Rat|Rat|Rat|Rat|Rat,companion_join:Rat
663,13007,8,Normal,8,1,1,0,0,45,0,1,1,0,0,2,2,2,3,3,0,0,0,1,0,88,44,2,0,0,1,0,0,19,4,RH=Crude Sword|LH=Crude Sword|BD=Crude Armour|A1=Crude Bracelet|A2=Crude Bracelet,Swords_T1_03=1,0,Rat|Rat|Rat|Rat|Rat,party wiped
664,13008,1,Normal,28,3,3,3,0,37,37,0,0,60,0,1,1,0,9,3,0,3,3,0,0,336,8,20,20,6.667,0,1,1,4,4,,,2,Rat|Rat,floor1_town;companion_join:Rat;companion_join:Rat
664,13008,2,Normal,37,3,3,3,0,37,29,0,0,35,0,1,1,0,2,0,2,1,3,0,0,196,8,8,8,2.667,0,1,1,4,3,,,2,Rat|Rat|Rat|Rat,companion_join:Rat;companion_join:Rat
664,13008,3,Normal,2,1,1,0,0,29,0,0,0,0,0,1,1,0,3,3,2,0,0,0,0,123,37,4,0,0,1,0,0,10,3,RH=Crude Sword|LH=Crude Sword|BD=Crude Armour|A1=Crude Bracelet|A2=Crude Bracelet,,0,Rat|Rat|Rat|Rat,party wiped
665,13009,1,Normal,26,2,2,2,0,37,37,0,0,30,0,1,1,0,4,2,1,3,3,0,0,168,0,8,8,4,0,1,1,3,2,,,0,-,floor1_town
665,13009,2,Normal,25,3,3,3,0,37,37,0,0,30,0,1,1,0,2,0,3,3,3,0,0,168,6,8,8,2.667,0,1,1,4,1,,,2,Rat|Rat,companion_join:Rat;companion_join:Rat
665,13009,3,Normal,15,2,2,1,0,37,0,0,0,24,0,1,1,3,6,5,0,0,0,0,0,300,37,10,4,4,1,0,0,16,4,RH=Crude Sword|LH=Crude Sword|BD=Crude Armour|A1=Crude Bracelet|A2=Crude Bracelet,,1,Rat|Rat|Goblin,companion_join:Goblin; party wiped
666,13010,1,Normal,40,4,4,4,0,37,37,0,0,35,0,1,1,0,3,0,0,3,3,0,0,196,8,9,9,2.25,0,1,1,5,2,,,0,-,floor1_town
666,13010,2,Normal,30,5,5,5,0,37,37,0,0,55,0,1,1,0,2,0,1,2,3,0,0,308,16,14,14,2.8,0,1,1,7,2,,,4,Rat|Rat|Rat|Rat,companion_join:Rat;companion_join:Rat;companion_join:Rat;companion_join:Rat
666,13010,3,Normal,36,3,3,3,0,37,45,0,2,48,0,1,2,0,3,0,1,0,3,2,0,240,-1,6,6,2,0,1,1,13,1,,Swords_T1_03=2,0,Rat|Rat|Rat|Rat,+1 levelup
666,13010,4,Normal,30,5,5,4,1,45,46,2,2,40,0,2,2,1,1,3,0,2,3,3,0,280,41,14,11,2.75,0,1,1,14,2,,Swords_T1_03=3,2,Rat|Rat|Rat|Rat|Rat|Rat,companion_join:Rat;companion_join:Rat; flee×1
666,13010,5,Normal,38,4,4,4,0,46,38,2,2,25,0,2,2,0,0,0,0,2,3,0,0,140,8,5,5,1.25,0,1,1,14,1,,,1,Rat|Rat|Rat|Rat|Rat|Rat|Rat,companion_join:Rat
666,13010,6,Normal,35,3,3,2,0,38,0,2,2,30,0,2,2,0,2,3,0,0,0,2,0,249,36,11,7,3.5,1,0,0,14,4,RH=Crude Sword|LH=Crude Sword|BD=Crude Armour|A1=Crude Bracelet|A2=Crude Bracelet,Swords_T1_03=2,1,Rat|Rat|Rat|Rat|Rat|Rat|Rat|Rat,companion_join:Rat; party wiped
667,13011,1,Normal,38,2,2,2,0,37,37,0,0,35,0,1,1,0,6,1,1,3,3,0,0,196,8,10,10,5,0,1,1,3,3,,,1,Rat,floor1_town;companion_join:Rat
667,13011,2,Normal,38,2,2,2,0,37,37,0,0,15,0,1,1,0,1,0,1,2,3,0,0,84,0,3,3,1.5,0,1,1,3,1,,,2,Rat|Rat|Rat,companion_join:Rat;companion_join:Rat
667,13011,3,Normal,21,4,4,3,0,37,0,0,2,60,0,1,2,2,6,5,0,0,0,1,0,388,45,14,11,3.667,1,0,0,21,4,RH=Crude Sword|LH=Crude Sword|BD=Crude Armour|A1=Crude Bracelet|A2=Crude Bracelet,Swords_T1_03=1,1,Rat|Rat|Rat|Goblin,companion_join:Goblin; party wiped; +1 levelup
668,13012,1,Normal,36,4,4,4,0,37,37,0,0,65,0,1,1,0,9,3,2,3,3,0,0,364,24,18,18,4.5,0,1,1,5,4,,,1,Rat,floor1_town;companion_join:Rat
668,13012,2,Normal,32,2,2,2,0,37,46,0,1,35,0,1,2,0,3,3,4,0,0,0,0,196,8,10,10,5,0,1,1,5,4,,,1,Rat|Rat,companion_join:Rat; +1 levelup
668,13012,3,Normal,13,3,3,2,0,46,0,1,1,48,0,2,2,6,0,0,0,0,0,1,0,357,45,11,8,4,1,0,0,5,3,RH=Crude Sword|LH=Crude Sword|BD=Crude Armour|A1=Crude Bracelet|A2=Crude Bracelet,Swords_T1_03=1,1,Rat|Rat|Goblin,companion_join:Goblin; party wiped
669,13013,1,Normal,34,4,4,4,0,37,37,0,0,60,0,1,1,0,9,3,1,3,3,0,0,336,37,19,19,4.75,0,1,1,5,2,,,1,Rat,floor1_town;companion_join:Rat
669,13013,2,Normal,26,2,2,2,0,37,37,0,0,15,0,1,1,0,1,0,2,2,3,0,0,84,0,3,3,1.5,0,1,1,5,2,,,0,Rat,
669,13013,3,Normal,12,2,2,0,1,37,0,0,0,0,0,1,1,2,6,6,0,0,0,0,0,223,72,7,0,0,1,0,0,17,4,RH=Crude Sword|LH=Crude Sword|BD=Crude Armour|A1=Crude Bracelet|A2=Crude Bracelet,,0,Rat,party wiped; flee×1
670,13014,1,Normal,32,4,4,4,0,37,37,0,0,50,0,1,1,0,7,1,2,3,3,0,0,280,16,15,15,3.75,0,1,1,5,1,,,1,Rat,floor1_town;companion_join:Rat
670,13014,2,Normal,28,2,2,2,0,37,37,0,0,25,0,1,1,0,3,0,4,0,3,0,0,140,0,6,6,3,0,1,1,5,3,,,2,Rat|Rat|Rat,companion_join:Rat;companion_join:Rat
670,13014,3,Normal,3,1,1,0,0,37,0,0,0,0,0,1,1,0,3,3,6,0,0,0,0,120,37,4,0,0,1,0,0,11,3,RH=Crude Sword|LH=Crude Sword|BD=Crude Armour|A1=Crude Bracelet|A2=Crude Bracelet,,0,Rat|Rat|Rat,party wiped
671,13015,1,Normal,30,2,2,2,0,37,37,0,0,20,0,1,1,0,1,0,0,3,3,0,0,112,14,5,5,2.5,0,1,1,3,3,,,0,-,floor1_town
671,13015,2,Normal,38,5,5,5,0,37,37,0,0,35,0,1,1,0,1,0,0,2,3,0,0,196,8,7,7,1.4,0,1,1,4,1,,,0,-,
671,13015,3,Normal,29,4,4,3,1,37,45,0,3,60,0,1,2,0,9,4,0,0,3,0,0,420,35,15,11,3.667,0,1,1,28,2,,,0,-,+1 levelup; flee×1
671,13015,4,Normal,40,5,5,4,1,45,28,3,3,70,0,2,2,0,3,6,0,0,0,4,0,448,46,17,15,3.75,0,1,1,29,2,,Swords_T1_03=4,1,Rat,companion_join:Rat; flee×1
671,13015,5,Normal,38,5,5,5,0,28,45,3,3,60,0,2,2,0,3,3,0,0,0,3,0,336,-3,13,13,2.6,0,1,1,30,2,,Swords_T1_03=3,1,Rat|Rat,companion_join:Rat
671,13015,6,Normal,29,2,2,1,1,45,12,3,3,10,0,2,2,0,0,0,0,0,0,1,0,112,32,4,2,2,0,1,1,30,3,,Swords_T1_03=1,0,Rat|Rat,flee×1
671,13015,7,Normal,38,2,2,2,0,12,36,3,3,30,0,2,2,0,3,1,0,3,3,2,0,168,34,7,7,3.5,0,1,1,32,2,,Swords_T1_03=2,0,Rat|Rat,
671,13015,8,Normal,15,1,1,0,0,36,0,3,3,0,0,2,2,0,0,0,0,3,3,0,0,30,45,1,0,0,1,0,0,38,2,RH=Crude Sword|LH=Crude Sword|BD=Crude Armour|A1=Crude Bracelet|A2=Crude Bracelet,,0,Rat|Rat,party wiped
672,13016,1,Normal,28,4,4,4,0,37,37,0,0,65,0,1,1,0,7,3,2,3,3,0,0,364,8,15,15,3.75,0,1,1,5,4,,,1,Rat,floor1_town;companion_join:Rat
672,13016,2,Normal,34,4,4,4,0,37,44,0,2,40,0,1,2,0,3,0,4,1,3,1,0,224,8,9,9,2.25,0,1,1,6,1,,Swords_T1_03=1,1,Rat|Rat,companion_join:Rat; +1 levelup
672,13016,3,Normal,33,4,4,4,0,44,45,2,2,120,0,2,2,6,6,6,0,1,3,4,0,600,34,21,21,5.25,0,1,1,8,2,,Swords_T1_03=4,1,Rat|Rat|Goblin,companion_join:Goblin
672,13016,4,Normal,26,4,4,4,0,45,36,2,2,50,0,2,2,0,1,2,0,0,1,2,0,280,7,13,13,3.25,0,1,1,8,2,,Swords_T1_03=2,1,Rat|Rat|Goblin|Rat,companion_join:Rat
672,13016,5,Normal,27,3,3,3,0,36,45,2,2,20,0,2,2,0,0,1,0,0,0,2,0,112,-11,4,4,1.333,0,1,1,8,2,,Swords_T1_03=2,3,Rat|Rat|Goblin|Rat|Rat|Rat|Rat,companion_join:Rat;companion_join:Rat;companion_join:Rat
672,13016,6,Normal,39,4,4,3,1,45,52,2,4,35,0,2,3,0,3,2,0,0,1,3,0,252,37,14,11,3.667,0,1,1,9,1,,Swords_T1_03=1|Swords_T1_04=2,0,Rat|Rat|Goblin|Rat|Rat|Rat|Rat,+1 levelup; flee×1
672,13016,7,Normal,37,4,4,3,1,52,52,4,4,30,0,3,3,0,1,1,0,2,3,4,0,196,39,9,8,2.667,0,1,1,10,2,,Swords_T1_03=4,0,Rat|Rat|Goblin|Rat|Rat|Rat|Rat,flee×1
672,13016,8,Normal,10,1,1,0,0,52,0,4,4,0,0,3,3,0,3,3,0,0,0,1,0,48,52,2,0,0,1,0,0,16,4,RH=Crude Sword|LH=Crude Sword|BD=Crude Armour|A1=Crude Bracelet|A2=Crude Bracelet,Swords_T1_04=1,0,Rat|Rat|Goblin|Rat|Rat|Rat|Rat,party wiped
673,13017,1,Normal,26,5,5,5,0,37,37,0,0,55,0,1,1,0,5,0,0,3,3,0,0,308,0,13,13,2.6,0,1,1,6,3,,,1,Rat,floor1_town;companion_join:Rat
673,13017,2,Normal,36,4,4,4,0,37,29,0,0,40,0,1,1,0,1,0,1,3,3,0,0,224,16,8,8,2,0,1,1,7,2,,,0,Rat,
673,13017,3,Normal,6,1,1,0,0,29,0,0,0,0,0,1,1,1,3,3,1,0,0,0,0,163,37,5,0,0,1,0,0,13,3,RH=Crude Sword|LH=Crude Sword|BD=Crude Armour|A1=Crude Bracelet|A2=Crude Bracelet,,0,Rat,party wiped
674,13018,1,Normal,40,3,3,3,0,37,37,0,0,30,0,1,1,0,4,0,1,3,3,0,0,168,0,9,9,3,0,1,1,4,2,,,0,-,floor1_town
674,13018,2,Normal,25,2,2,2,0,37,37,0,0,15,0,1,1,0,0,0,2,3,3,0,0,84,8,3,3,1.5,0,1,1,5,1,,,1,Rat,companion_join:Rat
674,13018,3,Normal,19,3,3,2,0,37,0,0,0,48,0,1,1,4,7,6,0,0,0,0,0,380,37,13,9,4.5,1,0,0,23,4,RH=Crude Sword|LH=Crude Sword|BD=Crude Armour|A1=Crude Bracelet|A2=Crude Bracelet,,0,Rat,party wiped
675,13019,1,Normal,38,5,5,5,0,37,37,0,0,60,0,1,1,0,7,3,0,3,3,0,0,336,40,19,19,3.8,0,1,1,6,1,,,2,Rat|Rat,floor1_town;companion_join:Rat;companion_join:Rat
675,13019,2,Normal,30,6,6,6,0,37,45,0,2,60,0,1,2,1,6,3,1,0,1,0,0,336,18,21,21,3.5,0,1,1,8,1,,,3,Rat|Rat|Rat|Rat|Rat,companion_join:Rat;companion_join:Rat;companion_join:Rat; +1 levelup
675,13019,3,Normal,8,2,2,1,0,45,0,2,2,36,0,2,2,1,3,4,0,0,0,2,0,300,71,9,5,5,1,0,0,9,4,RH=Crude Sword|LH=Crude Sword|BD=Crude Armour|A1=Crude Bracelet|A2=Crude Bracelet,Swords_T1_03=2,0,Rat|Rat|Rat|Rat|Rat,party wiped
676,13020,1,Normal,36,2,2,2,0,37,37,0,0,30,0,1,1,1,4,3,0,3,3,0,0,168,6,11,11,5.5,0,1,1,3,4,,,1,Rat,floor1_town;companion_join:Rat
676,13020,2,Normal,30,4,4,4,0,37,37,0,0,45,0,1,1,0,3,2,1,0,1,0,0,252,0,9,9,2.25,0,1,1,3,1,,,2,Rat|Rat|Rat,companion_join:Rat;companion_join:Rat
676,13020,3,Normal,6,1,1,0,0,37,0,0,0,0,0,1,1,3,3,3,0,0,0,0,0,148,37,6,0,0,1,0,0,9,4,RH=Crude Sword|LH=Crude Sword|BD=Crude Armour|A1=Crude Bracelet|A2=Crude Bracelet,,0,Rat|Rat|Rat,party wiped
677,13021,1,Normal,34,4,4,4,0,37,37,0,0,55,0,1,1,0,7,3,0,3,3,0,0,308,8,16,16,4,0,1,1,5,3,,,1,Rat,floor1_town;companion_join:Rat
677,13021,2,Normal,40,4,4,4,0,37,45,0,3,60,0,1,2,0,7,4,2,2,3,0,0,336,24,17,17,4.25,0,1,1,7,1,,,1,Rat|Rat,companion_join:Rat; +1 levelup
677,13021,3,Normal,1,1,1,0,0,45,0,3,3,0,0,2,2,3,2,3,0,0,0,1,0,151,44,6,0,0,1,0,0,7,4,RH=Crude Sword|LH=Crude Sword|BD=Crude Armour|A1=Crude Bracelet|A2=Crude Bracelet,Swords_T1_03=1,0,Rat|Rat,party wiped
678,13022,1,Normal,32,3,3,3,0,37,37,0,0,55,0,1,1,0,9,3,1,3,3,0,0,308,16,17,17,5.667,0,1,1,4,4,,,0,-,floor1_town
678,13022,2,Normal,34,4,4,4,0,37,46,0,2,60,0,1,2,0,6,4,1,0,2,1,0,336,12,16,16,4,0,1,1,5,3,,Swords_T1_03=1,1,Rat,companion_join:Rat; +1 levelup
678,13022,3,Normal,18,2,2,1,0,46,0,2,2,12,0,2,2,2,0,2,0,0,0,2,0,157,44,4,1,1,1,0,0,5,4,RH=Crude Sword|LH=Crude Sword|BD=Crude Armour|A1=Crude Bracelet|A2=Crude Bracelet,Swords_T1_03=2,0,Rat,party wiped
679,13023,1,Normal,30,1,1,1,0,37,37,0,0,5,0,1,1,0,0,0,2,3,3,0,0,28,10,2,2,2,0,1,1,2,1,,,1,Rat,floor1_town;companion_join:Rat
679,13023,2,Normal,28,3,3,3,0,37,37,0,0,30,0,1,1,0,2,0,3,2,3,0,0,168,8,7,7,2.333,0,1,1,3,2,,,1,Rat|Rat,companion_join:Rat
679,13023,3,Normal,29,1,1,1,0,37,37,0,0,24,0,1,1,0,3,1,3,0,2,0,0,120,0,4,4,4,0,1,1,9,2,,,0,Rat|Rat,
679,13023,4,Normal,29,5,5,5,0,37,33,0,1,60,0,1,2,2,0,2,1,0,0,0,0,336,21,15,15,3,0,1,1,9,2,,,1,Rat|Rat|Rat,companion_join:Rat; +1 levelup
679,13023,5,Normal,39,4,4,3,1,33,46,1,1,50,0,2,2,1,3,2,0,0,1,1,0,308,19,14,13,4.333,0,1,1,10,3,,Swords_T1_03=1,0,Rat|Rat|Rat,flee×1
679,13023,6,Normal,15,2,2,1,0,46,0,1,1,10,0,2,2,0,0,1,0,0,0,1,0,84,45,4,2,2,1,0,0,10,4,RH=Crude Sword|LH=Crude Sword|BD=Crude Armour|A1=Crude Bracelet|A2=Crude Bracelet,Swords_T1_03=1,0,Rat|Rat|Rat,party wiped
680,13024,1,Normal,28,3,3,3,0,37,37,0,0,35,0,1,1,0,3,0,1,3,3,0,0,196,16,8,8,2.667,0,1,1,4,2,,,1,Rat,floor1_town;companion_join:Rat
680,13024,2,Normal,33,5,5,4,1,37,37,0,0,50,0,1,1,1,3,3,0,3,3,0,0,336,36,15,12,3,0,1,1,6,1,,,1,Rat|Rat,companion_join:Rat; flee×1
680,13024,3,Normal,38,4,4,3,1,37,9,0,2,72,0,1,2,0,6,6,0,0,0,4,0,480,57,15,12,4,0,1,1,13,3,,Swords_T1_03=4,0,Rat|Rat,+1 levelup; flee×1
680,13024,4,Normal,38,5,5,5,0,9,44,2,2,65,0,2,2,0,3,3,0,3,3,3,0,364,18,17,17,3.4,0,1,1,15,2,,Swords_T1_03=3,1,Rat|Rat|Rat,companion_join:Rat
680,13024,5,Normal,37,5,5,5,0,44,44,2,2,40,0,2,2,0,3,0,0,0,3,2,0,224,-2,9,9,1.8,0,1,1,15,1,,Swords_T1_03=2,0,Rat|Rat|Rat,
680,13024,6,Normal,40,5,5,5,0,44,53,2,4,45,0,2,3,0,0,3,0,0,0,3,0,252,5,10,10,2,0,1,1,15,2,,Swords_T1_03=3,2,Rat|Rat|Rat|Rat|Rat,companion_join:Rat;companion_join:Rat; +1 levelup
680,13024,7,Normal,36,4,4,3,1,53,53,4,4,45,0,3,3,0,3,1,0,0,2,2,0,308,36,13,10,3.333,0,1,1,16,3,,Swords_T1_03=1|Swords_T1_04=1,0,Rat|Rat|Rat|Rat|Rat,flee×1
680,13024,8,Normal,32,2,2,1,0,53,0,4,4,120,0,3,3,0,6,4,0,0,2,1,0,334,68,9,7,7,1,0,0,28,3,RH=Crude Sword|LH=Crude Sword|BD=Crude Armour|A1=Crude Bracelet|A2=Crude Bracelet,Swords_T1_03=1,1,Rat|Rat|Rat|Rat|Rat|Orc,companion_join:Orc; party wiped
681,13025,1,Normal,26,2,2,2,0,37,37,0,0,20,0,1,1,0,1,0,2,3,3,0,0,112,8,4,4,2,0,1,1,3,3,,,1,Rat,floor1_town;companion_join:Rat
681,13025,2,Normal,33,4,4,4,0,37,16,0,0,50,0,1,1,0,3,3,3,0,0,0,0,280,21,13,13,3.25,0,1,1,3,3,,,1,Rat|Rat,companion_join:Rat
681,13025,3,Normal,18,3,3,1,1,16,0,0,0,12,0,1,1,4,7,6,0,0,0,0,0,338,69,12,2,2,1,0,0,21,4,RH=Crude Sword|LH=Crude Sword|BD=Crude Armour|A1=Crude Bracelet|A2=Crude Bracelet,,0,Rat|Rat,party wiped; flee×1
682,13026,1,Normal,40,5,5,5,0,37,37,0,0,65,0,1,1,0,8,0,0,3,3,0,0,364,16,17,17,3.4,0,1,1,6,1,,,1,Rat,floor1_town;companion_join:Rat
682,13026,2,Normal,26,1,1,1,0,37,37,0,0,15,0,1,1,0,2,0,1,1,3,0,0,84,0,5,5,5,0,1,1,6,3,,,0,Rat,
682,13026,3,Normal,24,3,3,2,0,37,0,0,3,24,0,1,2,3,4,3,0,0,0,1,0,337,44,11,4,2,1,0,0,18,4,RH=Crude Sword|LH=Crude Sword|BD=Crude Armour|A1=Crude Bracelet|A2=Crude Bracelet,Swords_T1_03=1,0,Rat,party wiped; +1 levelup
683,13027,1,Normal,38,2,2,2,0,37,37,0,0,20,0,1,1,0,2,0,2,3,3,0,0,112,0,5,5,2.5,0,1,1,3,1,,,1,Rat,floor1_town;companion_join:Rat
683,13027,2,Normal,30,4,4,4,0,37,37,0,0,60,0,1,1,0,6,6,3,0,0,0,0,336,16,17,17,4.25,0,1,1,5,4,,,0,Rat,
683,13027,3,Normal,4,1,1,0,0,37,0,0,0,0,0,1,1,3,3,3,1,0,0,0,0,148,37,6,0,0,1,0,0,11,3,RH=Crude Sword|LH=Crude Sword|BD=Crude Armour|A1=Crude Bracelet|A2=Crude Bracelet,,0,Rat,party wiped
684,13028,1,Normal,36,3,3,3,0,37,37,0,0,50,0,1,1,0,8,2,0,3,3,0,0,280,8,15,15,5,0,1,1,4,3,,,0,-,floor1_town
684,13028,2,Normal,38,3,3,2,0,37,0,0,0,25,0,1,1,0,3,3,0,0,0,0,0,168,37,11,9,4.5,1,0,0,4,4,RH=Crude Sword|LH=Crude Sword|BD=Crude Armour|A1=Crude Bracelet|A2=Crude Bracelet,,2,Rat|Rat,companion_join:Rat;companion_join:Rat; party wiped
685,13029,1,Normal,34,3,3,3,0,37,37,0,0,45,0,1,1,1,6,6,0,3,3,0,0,252,6,16,16,5.333,0,1,1,4,4,,,0,-,floor1_town
685,13029,2,Normal,38,3,3,3,0,37,37,0,0,50,0,1,1,0,6,3,2,0,3,0,0,280,8,15,15,5,0,1,1,5,3,,,1,Rat,companion_join:Rat
685,13029,3,Normal,27,4,4,4,0,37,45,0,3,96,0,1,2,3,6,4,0,0,2,3,0,480,23,17,17,4.25,0,1,1,12,2,,Swords_T1_03=3,0,Rat,+1 levelup
685,13029,4,Normal,35,5,5,5,0,45,44,3,3,50,0,2,2,0,3,0,0,0,3,4,0,280,10,11,11,2.2,0,1,1,13,1,,Swords_T1_03=4,0,Rat,
685,13029,5,Normal,33,3,3,2,1,44,3,3,3,30,0,2,2,0,0,3,0,0,0,1,0,224,40,10,8,4,0,1,1,13,3,,Swords_T1_03=1,0,Rat,flee×1
685,13029,6,Normal,35,3,3,3,0,3,45,3,6,40,0,2,3,0,2,0,0,1,3,3,0,224,18,10,10,3.333,0,1,1,14,2,,Swords_T1_03=3,1,Rat|Rat,companion_join:Rat; +1 levelup
685,13029,7,Normal,29,4,4,4,0,45,42,6,6,55,0,3,3,0,1,3,0,3,3,2,0,308,23,13,13,3.25,0,1,1,15,3,,Swords_T1_03=2,3,Rat|Rat|Rat|Rat|Rat,companion_join:Rat;companion_join:Rat;companion_join:Rat
685,13029,8,Normal,16,1,1,0,0,42,0,6,6,0,0,3,3,0,3,3,0,0,0,1,0,31,54,3,0,0,1,0,0,21,3,RH=Crude Sword|LH=Crude Sword|BD=Crude Armour|A1=Crude Bracelet|A2=Crude Bracelet,Swords_T1_04=1,0,Rat|Rat|Rat|Rat|Rat,party wiped
686,13030,1,Normal,32,3,3,3,0,37,37,0,0,45,0,1,1,0,6,1,0,3,3,0,0,252,8,11,11,3.667,0,1,1,4,4,,,1,Rat,floor1_town;companion_join:Rat
686,13030,2,Normal,27,2,2,1,1,37,5,0,0,15,0,1,1,2,3,3,0,0,0,0,0,168,32,12,6,6,0,1,1,4,4,,,0,Rat,flee×1
686,13030,3,Normal,8,2,2,1,0,5,0,0,0,24,0,1,1,0,6,5,0,0,0,0,0,268,37,10,5,5,1,0,0,16,3,RH=Crude Sword|LH=Crude Sword|BD=Crude Armour|A1=Crude Bracelet|A2=Crude Bracelet,,0,Rat,party wiped
687,13031,1,Normal,30,1,1,1,0,37,37,0,0,20,0,1,1,0,3,1,1,3,3,0,0,112,8,6,6,6,0,1,1,2,4,,,0,-,floor1_town
687,13031,2,Normal,32,4,4,4,0,37,29,0,0,30,0,1,1,0,3,0,2,0,3,0,0,168,8,8,8,2,0,1,1,2,3,,,1,Rat,companion_join:Rat
687,13031,3,Normal,7,2,2,1,0,29,0,0,0,24,0,1,1,2,6,4,0,0,0,0,0,243,37,9,4,4,1,0,0,14,3,RH=Crude Sword|LH=Crude Sword|BD=Crude Armour|A1=Crude Bracelet|A2=Crude Bracelet,,0,Rat,party wiped
688,13032,1,Normal,28,2,2,2,0,37,37,0,0,25,0,1,1,0,4,0,2,3,3,0,0,140,0,7,7,3.5,0,1,1,3,3,,,0,-,floor1_town
688,13032,2,Normal,26,3,3,3,0,37,29,0,0,40,0,1,1,0,3,1,3,3,3,0,0,224,16,11,11,3.667,0,1,1,4,2,,,2,Rat|Rat,companion_join:Rat;companion_join:Rat
688,13032,3,Normal,26,2,2,2,0,29,44,0,2,60,0,1,2,3,3,3,1,0,0,1,0,300,0,10,10,5,0,1,1,10,2,,Swords_T1_03=1,0,Rat|Rat,+1 levelup
688,13032,4,Normal,28,2,2,2,0,44,31,2,2,40,0,2,2,1,3,1,0,0,2,0,0,224,50,11,11,5.5,0,1,1,11,4,,,0,Rat|Rat,
688,13032,5,Normal,27,4,4,4,0,31,23,2,2,55,0,2,2,0,3,3,0,0,0,2,0,308,19,15,15,3.75,0,1,1,12,4,,Swords_T1_03=2,0,Rat|Rat,
688,13032,6,Normal,37,4,4,4,0,23,43,2,2,30,0,2,2,0,2,0,0,1,3,3,0,168,-2,7,7,1.75,0,1,1,13,2,,Swords_T1_03=3,0,Rat|Rat,
688,13032,7,Normal,28,2,2,2,0,43,34,2,2,15,0,2,2,0,0,0,0,1,3,1,0,84,8,3,3,1.5,0,1,1,13,2,,Swords_T1_03=1,1,Rat|Rat|Rat,companion_join:Rat
688,13032,8,Normal,9,1,1,0,0,34,0,2,2,0,0,2,2,0,0,0,0,3,3,0,0,28,44,1,0,0,1,0,0,19,4,RH=Crude Sword|LH=Crude Sword|BD=Crude Armour|A1=Crude Bracelet|A2=Crude Bracelet,,0,Rat|Rat|Rat,party wiped
689,13033,1,Normal,26,2,2,2,0,37,37,0,0,15,0,1,1,0,0,0,1,3,3,0,0,84,8,3,3,1.5,0,1,1,3,2,,,2,Rat|Rat,floor1_town;companion_join:Rat;companion_join:Rat
689,13033,2,Normal,29,4,4,4,0,37,37,0,0,50,0,1,1,0,6,3,1,0,3,0,0,280,24,15,15,3.75,0,1,1,5,3,,,2,Rat|Rat|Rat|Rat,companion_join:Rat;companion_join:Rat
689,13033,3,Normal,1,1,1,0,0,37,0,0,0,0,0,1,1,2,3,3,0,0,0,0,0,115,37,3,0,0,1,0,0,11,4,RH=Crude Sword|LH=Crude Sword|BD=Crude Armour|A1=Crude Bracelet|A2=Crude Bracelet,,0,Rat|Rat|Rat|Rat,party wiped
690,13034,1,Normal,40,5,5,5,0,37,37,0,0,75,0,1,1,0,10,0,2,3,3,0,0,420,34,19,19,3.8,0,1,1,6,3,,,2,Rat|Rat,floor1_town;companion_join:Rat;companion_join:Rat
690,13034,2,Normal,33,2,2,2,0,37,44,0,3,25,0,1,2,0,3,2,4,0,1,0,0,140,0,6,6,3,0,1,1,6,1,,,1,Rat|Rat|Rat,companion_join:Rat; +1 levelup
690,13034,3,Normal,33,6,6,5,0,44,0,3,3,120,0,2,2,5,6,7,0,0,0,6,0,750,74,22,18,3.6,1,0,0,8,4,RH=Crude Sword|LH=Crude Sword|BD=Crude Armour|A1=Crude Bracelet|A2=Crude Bracelet,Swords_T1_03=6,2,Rat|Rat|Rat|Goblin|Goblin,companion_join:Goblin;companion_join:Goblin; party wiped
691,13035,1,Normal,38,4,4,4,0,37,37,0,0,60,0,1,1,0,7,2,0,3,3,0,0,336,0,15,15,3.75,0,1,1,5,3,,,1,Rat,floor1_town;companion_join:Rat
691,13035,2,Normal,25,2,2,2,0,37,29,0,0,15,0,1,1,0,0,0,2,3,3,0,0,84,8,3,3,1.5,0,1,1,5,2,,,1,Rat|Rat,companion_join:Rat
691,13035,3,Normal,3,1,1,0,0,29,0,0,0,0,0,1,1,0,3,3,4,0,0,0,0,88,37,3,0,0,1,0,0,11,3,RH=Crude Sword|LH=Crude Sword|BD=Crude Armour|A1=Crude Bracelet|A2=Crude Bracelet,,0,Rat|Rat,party wiped
692,13036,1,Normal,36,5,5,5,0,37,37,0,0,60,0,1,1,0,7,2,2,3,3,0,0,336,0,15,15,3,0,1,1,6,4,,,1,Rat,floor1_town;companion_join:Rat
692,13036,2,Normal,34,4,4,4,0,37,45,0,2,45,0,1,2,0,3,3,2,0,0,0,0,252,8,11,11,2.75,0,1,1,6,3,,,1,Rat|Rat,companion_join:Rat; +1 levelup
692,13036,3,Normal,1,1,1,0,0,45,0,2,2,0,0,2,2,2,0,0,0,0,0,1,0,131,44,3,0,0,1,0,0,6,4,RH=Crude Sword|LH=Crude Sword|BD=Crude Armour|A1=Crude Bracelet|A2=Crude Bracelet,Swords_T1_03=1,0,Rat|Rat,party wiped
693,13037,1,Normal,34,3,3,3,0,37,37,0,0,35,0,1,1,0,4,0,0,3,3,0,0,196,0,7,7,2.333,0,1,1,4,1,,,1,Rat,floor1_town;companion_join:Rat
693,13037,2,Normal,27,3,3,3,0,37,29,0,0,35,0,1,1,0,3,3,0,0,0,0,0,196,8,10,10,3.333,0,1,1,4,2,,,1,Rat|Rat,companion_join:Rat
693,13037,3,Normal,34,2,2,2,0,29,45,0,2,36,0,1,2,0,4,1,0,0,2,0,0,180,0,7,7,3.5,0,1,1,16,2,,,0,Rat|Rat,+1 levelup
693,13037,4,Normal,26,2,2,1,1,45,45,2,2,15,0,2,2,0,1,2,0,2,3,1,0,140,40,7,4,4,0,1,1,17,3,,Swords_T1_03=1,1,Rat|Rat|Rat,companion_join:Rat; flee×1
693,13037,5,Normal,25,3,3,3,0,45,32,2,2,50,0,2,2,0,5,6,0,0,0,3,0,280,31,16,16,5.333,0,1,1,18,4,,Swords_T1_03=3,1,Rat|Rat|Rat|Rat,companion_join:Rat
693,13037,6,Normal,34,4,4,4,0,32,37,2,2,45,0,2,2,0,3,1,0,0,2,0,0,252,21,13,13,3.25,0,1,1,20,1,,,2,Rat|Rat|Rat|Rat|Rat|Rat,companion_join:Rat;companion_join:Rat
693,13037,7,Normal,38,4,4,4,0,37,29,2,2,65,0,2,2,0,3,5,0,0,0,4,0,364,21,17,17,4.25,0,1,1,21,4,,Swords_T1_03=4,1,Rat|Rat|Rat|Rat|Rat|Rat|Rat,companion_join:Rat
693,13037,8,Normal,3,1,1,0,0,29,0,2,2,0,0,2,2,0,1,0,0,2,3,1,0,76,44,1,0,0,1,0,0,27,3,RH=Crude Sword|LH=Crude Sword|BD=Crude Armour|A1=Crude Bracelet|A2=Crude Bracelet,Swords_T1_03=1,0,Rat|Rat|Rat|Rat|Rat|Rat|Rat,party wiped
694,13038,1,Normal,32,3,3,3,0,37,37,0,0,30,0,1,1,0,3,1,2,3,3,0,0,168,8,8,8,2.667,0,1,1,4,1,,,1,Rat,floor1_town;companion_join:Rat
694,13038,2,Normal,34,3,3,3,0,37,19,0,0,40,0,1,1,0,3,3,2,0,0,0,0,224,18,13,13,4.333,0,1,1,4,2,,,0,Rat,
694,13038,3,Normal,9,1,1,0,0,19,0,0,0,0,0,1,1,3,3,3,0,0,0,0,0,113,37,4,0,0,1,0,0,10,4,RH=Crude Sword|LH=Crude Sword|BD=Crude Armour|A1=Crude Bracelet|A2=Crude Bracelet,,0,Rat,party wiped
695,13039,1,Normal,29,5,5,5,0,37,37,0,0,75,0,1,1,0,9,1,0,3,3,0,0,420,24,21,21,4.2,0,1,1,6,2,,,2,Rat|Rat,floor1_town;companion_join:Rat;companion_join:Rat
695,13039,2,Normal,26,3,3,3,0,37,36,0,3,40,0,1,2,0,3,1,0,0,2,1,0,224,24,10,10,3.333,0,1,1,7,2,,Swords_T1_03=1,0,Rat|Rat,+1 levelup
695,13039,3,Normal,3,1,1,0,0,36,0,3,3,0,0,2,2,1,3,3,0,0,0,1,0,123,44,4,0,0,1,0,0,8,4,RH=Crude Sword|LH=Crude Sword|BD=Crude Armour|A1=Crude Bracelet|A2=Crude Bracelet,Swords_T1_03=1,0,Rat|Rat,party wiped
696,13040,1,Normal,27,2,2,2,0,37,37,0,0,30,0,1,1,0,2,0,1,3,3,0,0,168,8,6,6,3,0,1,1,3,2,,,0,-,floor1_town
696,13040,2,Normal,26,3,3,3,0,37,37,0,0,45,0,1,1,0,6,2,1,0,3,0,0,252,8,13,13,4.333,0,1,1,4,3,,,2,Rat|Rat,companion_join:Rat;companion_join:Rat
696,13040,3,Normal,34,2,2,2,0,37,44,0,2,60,0,1,2,1,6,5,0,0,0,0,0,300,28,10,10,5,0,1,1,16,3,,,0,Rat|Rat,+1 levelup
696,13040,4,Normal,36,2,2,1,1,44,9,2,2,5,0,2,2,0,0,0,0,0,0,1,0,84,34,3,1,1,0,1,1,16,3,,Swords_T1_03=1,1,Rat|Rat|Rat,companion_join:Rat; flee×1
696,13040,5,Normal,32,2,2,2,0,9,44,2,2,15,0,2,2,0,1,0,0,2,3,2,0,84,-2,4,4,2,0,1,1,17,2,,Swords_T1_03=2,2,Rat|Rat|Rat|Rat|Rat,companion_join:Rat;companion_join:Rat
696,13040,6,Normal,40,3,3,3,0,44,44,2,2,30,0,2,2,0,2,3,0,0,0,2,0,168,12,8,8,2.667,0,1,1,17,4,,Swords_T1_03=2,0,Rat|Rat|Rat|Rat|Rat,
696,13040,7,Normal,26,1,1,0,1,44,6,2,2,0,0,2,2,0,0,0,0,0,0,1,0,56,37,2,0,0,0,1,1,17,4,,Swords_T1_03=1,0,Rat|Rat|Rat|Rat|Rat,flee×1
696,13040,8,Normal,5,1,1,0,0,6,0,2,2,0,0,2,2,0,0,0,0,3,3,0,0,28,44,1,0,0,1,0,0,23,4,RH=Crude Sword|LH=Crude Sword|BD=Crude Armour|A1=Crude Bracelet|A2=Crude Bracelet,,0,Rat|Rat|Rat|Rat|Rat,party wiped
697,13041,1,Normal,25,1,1,1,0,37,37,0,0,10,0,1,1,0,1,0,0,3,3,0,0,56,0,2,2,2,0,1,1,2,2,,,0,-,floor1_town
697,13041,2,Normal,29,3,3,3,0,37,37,0,0,30,0,1,1,0,3,0,2,0,3,0,0,168,8,7,7,2.333,0,1,1,3,1,,,0,-,
697,13041,3,Normal,6,1,1,0,0,37,0,0,0,0,0,1,1,2,3,3,0,0,0,0,0,148,37,5,0,0,1,0,0,9,4,RH=Crude Sword|LH=Crude Sword|BD=Crude Armour|A1=Crude Bracelet|A2=Crude Bracelet,,0,-,party wiped
698,13042,1,Normal,39,5,5,5,0,37,37,0,0,50,0,1,1,1,6,4,0,3,3,0,0,280,0,16,16,3.2,0,1,1,6,1,,,1,Rat,floor1_town;companion_join:Rat
698,13042,2,Normal,30,4,4,4,0,37,37,0,0,45,0,1,1,0,5,3,0,1,3,0,0,252,21,12,12,3,0,1,1,7,2,,,1,Rat|Rat,companion_join:Rat
698,13042,3,Normal,11,1,1,0,0,37,0,0,0,0,0,1,1,0,3,3,0,0,0,0,0,138,37,6,0,0,1,0,0,13,3,RH=Crude Sword|LH=Crude Sword|BD=Crude Armour|A1=Crude Bracelet|A2=Crude Bracelet,,0,Rat|Rat,party wiped
699,13043,1,Normal,37,3,3,3,0,37,37,0,0,35,0,1,1,0,3,0,2,3,3,0,0,196,8,7,7,2.333,0,1,1,4,3,,,2,Rat|Rat,floor1_town;companion_join:Rat;companion_join:Rat
699,13043,2,Normal,35,3,3,3,0,37,37,0,0,30,0,1,1,0,3,0,3,1,3,0,0,168,8,7,7,2.333,0,1,1,5,3,,,1,Rat|Rat|Rat,companion_join:Rat
699,13043,3,Normal,40,4,4,4,0,37,46,0,2,84,0,1,2,1,7,5,2,2,3,1,0,420,21,16,16,4,0,1,1,18,1,,Swords_T1_03=1,0,Rat|Rat|Rat,+1 levelup
699,13043,4,Normal,32,2,2,2,0,46,46,2,2,20,0,2,2,0,2,0,2,0,3,2,0,112,-2,5,5,2.5,0,1,1,18,3,,Swords_T1_03=2,0,Rat|Rat|Rat,
699,13043,5,Normal,35,4,4,4,0,46,45,2,2,35,0,2,2,1,0,3,1,0,0,3,0,196,-2,9,9,2.25,0,1,1,18,1,,Swords_T1_03=3,3,Rat|Rat|Rat|Rat|Rat|Rat,companion_join:Rat;companion_join:Rat;companion_join:Rat
699,13043,6,Normal,31,3,3,3,0,45,46,2,2,25,0,2,2,0,0,0,1,3,3,0,0,140,16,5,5,1.667,0,1,1,19,1,,,0,Rat|Rat|Rat|Rat|Rat|Rat,
699,13043,7,Normal,39,3,3,3,0,46,33,2,2,45,0,2,2,0,3,2,1,0,1,0,0,252,13,10,10,3.333,0,1,1,19,4,,,1,Rat|Rat|Rat|Rat|Rat|Rat|Rat,companion_join:Rat
699,13043,8,Normal,5,1,1,0,0,33,0,2,2,0,0,2,2,0,0,0,1,3,3,0,0,27,46,1,0,0,1,0,0,25,1,RH=Crude Sword|LH=Crude Sword|BD=Crude Armour|A1=Crude Bracelet|A2=Crude Bracelet,,0,Rat|Rat|Rat|Rat|Rat|Rat|Rat,party wiped
700,13044,1,Normal,35,7,7,7,0,37,44,0,2,100,0,1,2,0,12,3,1,3,3,0,0,560,16,26,26,3.714,0,1,1,8,4,,,1,Rat,floor1_town;companion_join:Rat; +1 levelup
700,13044,2,Normal,39,3,3,3,0,44,35,2,2,45,0,2,2,0,4,0,1,2,3,2,0,252,33,10,10,3.333,0,1,1,10,3,,Swords_T1_03=2,2,Rat|Rat|Rat,companion_join:Rat;companion_join:Rat
700,13044,3,Normal,14,2,2,1,0,35,0,2,2,24,0,2,2,2,3,3,0,0,0,2,0,270,42,11,6,6,1,0,0,11,3,RH=Crude Sword|LH=Crude Sword|BD=Crude Armour|A1=Crude Bracelet|A2=Crude Bracelet,Swords_T1_03=2,0,Rat|Rat|Rat,party wiped
701,13045,1,Normal,33,2,2,2,0,37,37,0,0,30,0,1,1,0,3,0,2,3,3,0,0,168,16,8,8,4,0,1,1,3,3,,,0,-,floor1_town
701,13045,2,Normal,24,4,4,3,0,37,0,0,0,45,0,1,1,3,5,3,0,0,0,0,0,329,45,17,12,4,1,0,0,4,4,RH=Crude Sword|LH=Crude Sword|BD=Crude Armour|A1=Crude Bracelet|A2=Crude Bracelet,,2,Rat|Rat,companion_join:Rat;companion_join:Rat; party wiped
702,13046,1,Normal,31,5,5,5,0,37,37,0,0,60,0,1,1,0,7,3,0,3,3,0,0,336,16,14,14,2.8,0,1,1,6,2,,,1,Rat,floor1_town;companion_join:Rat
702,13046,2,Normal,39,4,4,4,0,37,38,0,2,55,0,1,2,0,8,1,0,1,3,2,0,308,36,16,16,4,0,1,1,8,3,,Swords_T1_03=2,1,Rat|Rat,companion_join:Rat; +1 levelup
702,13046,3,Normal,6,2,2,1,0,38,0,2,2,24,0,2,2,1,3,3,0,0,0,2,0,274,44,8,3,3,1,0,0,9,4,RH=Crude Sword|LH=Crude Sword|BD=Crude Armour|A1=Crude Bracelet|A2=Crude Bracelet,Swords_T1_03=2,0,Rat|Rat,party wiped
703,13047,1,Normal,29,5,5,5,0,37,37,0,0,70,0,1,1,0,10,2,2,3,3,0,0,392,16,21,21,4.2,0,1,1,6,3,,,0,-,floor1_town
703,13047,2,Normal,30,4,4,4,0,37,46,0,1,60,0,1,2,0,5,1,2,0,2,2,0,336,6,14,14,3.5,0,1,1,7,3,,Swords_T1_03=2,0,-,+1 levelup
703,13047,3,Normal,8,1,1,0,0,46,0,1,1,0,0,2,2,1,0,2,2,0,0,1,0,88,45,3,0,0,1,0,0,7,3,RH=Crude Sword|LH=Crude Sword|BD=Crude Armour|A1=Crude Bracelet|A2=Crude Bracelet,Swords_T1_03=1,0,-,party wiped
704,13048,1,Normal,27,1,1,1,0,37,37,0,0,5,0,1,1,0,0,0,0,3,3,0,0,28,0,1,1,1,0,1,1,2,1,,,1,Rat,floor1_town;companion_join:Rat
704,13048,2,Normal,27,3,3,3,0,37,29,0,0,30,0,1,1,0,3,0,1,0,3,0,0,168,8,7,7,2.333,0,1,1,2,2,,,1,Rat|Rat,companion_join:Rat
704,13048,3,Normal,2,1,1,0,0,29,0,0,0,0,0,1,1,1,3,3,0,0,0,0,0,143,37,4,0,0,1,0,0,8,3,RH=Crude Sword|LH=Crude Sword|BD=Crude Armour|A1=Crude Bracelet|A2=Crude Bracelet,,0,Rat|Rat,party wiped
705,13049,1,Normal,25,4,4,4,0,37,37,0,0,55,0,1,1,0,6,2,1,3,3,0,0,308,8,15,15,3.75,0,1,1,5,2,,,0,-,floor1_town
705,13049,2,Normal,29,2,2,2,0,37,37,0,0,20,0,1,1,0,1,0,2,2,3,0,0,112,8,5,5,2.5,0,1,1,6,2,,,1,Rat,companion_join:Rat
705,13049,3,Normal,6,1,1,0,0,37,0,0,0,0,0,1,1,2,3,3,0,0,0,0,0,154,37,5,0,0,1,0,0,12,4,RH=Crude Sword|LH=Crude Sword|BD=Crude Armour|A1=Crude Bracelet|A2=Crude Bracelet,,0,Rat,party wiped
706,13050,1,Normal,39,3,3,3,0,37,37,0,0,55,0,1,1,0,9,6,0,3,3,0,0,308,0,17,17,5.667,0,1,1,4,4,,,2,Rat|Rat,floor1_town;companion_join:Rat;companion_join:Rat
706,13050,2,Normal,27,2,2,2,0,37,37,0,0,20,0,1,1,0,0,0,2,3,3,0,0,112,0,4,4,2,0,1,1,4,2,,,1,Rat|Rat|Rat,companion_join:Rat
706,13050,3,Normal,34,5,5,4,0,37,0,0,3,96,0,1,2,2,6,6,0,0,0,3,0,647,73,23,16,4,1,0,0,11,3,RH=Crude Sword|LH=Crude Sword|BD=Crude Armour|A1=Crude Bracelet|A2=Crude Bracelet,Swords_T1_03=3,1,Rat|Rat|Rat|Goblin,companion_join:Goblin; party wiped; +1 levelup
707,13051,1,Normal,37,4,4,4,0,37,37,0,0,65,0,1,1,0,9,6,1,3,3,0,0,364,0,18,18,4.5,0,1,1,5,4,,,3,Rat|Rat|Rat,floor1_town;companion_join:Rat;companion_join:Rat;companion_join:Rat
707,13051,2,Normal,38,6,6,6,0,37,45,0,1,100,0,1,2,2,7,3,0,0,3,3,0,560,30,27,27,4.5,0,1,1,7,4,,Swords_T1_03=3,3,Rat|Rat|Rat|Rat|Rat|Rat,companion_join:Rat;companion_join:Rat;companion_join:Rat; +1 levelup
707,13051,3,Normal,10,2,2,1,0,45,0,1,1,24,0,2,2,1,0,3,0,0,0,2,0,243,43,7,4,4,1,0,0,7,4,RH=Crude Sword|LH=Crude Sword|BD=Crude Armour|A1=Crude Bracelet|A2=Crude Bracelet,Swords_T1_03=2,0,Rat|Rat|Rat|Rat|Rat|Rat,party wiped
708,13052,1,Normal,35,3,3,3,0,37,37,0,0,30,0,1,1,0,4,0,2,3,3,0,0,168,0,8,8,2.667,0,1,1,4,2,,,0,-,floor1_town
708,13052,2,Normal,36,4,4,4,0,37,37,0,0,25,0,1,1,0,0,0,3,3,3,0,0,140,0,5,5,1.25,0,1,1,4,1,,,2,Rat|Rat,companion_join:Rat;companion_join:Rat
708,13052,3,Normal,5,1,1,0,0,37,0,0,0,0,0,1,1,0,3,3,5,0,0,0,0,60,37,3,0,0,1,0,0,10,4,RH=Crude Sword|LH=Crude Sword|BD=Crude Armour|A1=Crude Bracelet|A2=Crude Bracelet,,0,Rat|Rat,party wiped
709,13053,1,Normal,33,3,3,3,0,37,37,0,0,40,0,1,1,0,5,0,1,3,3,0,0,224,16,10,10,3.333,0,1,1,4,3,,,1,Rat,floor1_town;companion_join:Rat
709,13053,2,Normal,39,4,4,4,0,37,37,0,0,30,0,1,1,0,1,0,1,2,3,0,0,168,6,7,7,1.75,0,1,1,5,1,,,0,Rat,
709,13053,3,Normal,7,1,1,0,0,37,0,0,0,0,0,1,1,1,3,3,0,0,0,0,0,95,37,4,0,0,1,0,0,11,4,RH=Crude Sword|LH=Crude Sword|BD=Crude Armour|A1=Crude Bracelet|A2=Crude Bracelet,,0,Rat,party wiped
710,13054,1,Normal,31,1,1,1,0,37,37,0,0,5,0,1,1,0,0,0,2,3,3,0,0,28,0,1,1,1,0,1,1,2,1,,,0,-,floor1_town
710,13054,2,Normal,31,3,3,3,0,37,27,0,0,45,0,1,1,0,5,1,4,1,3,0,0,252,18,12,12,4,0,1,1,3,3,,,0,-,
710,13054,3,Normal,11,2,2,1,0,27,0,0,0,36,0,1,1,5,6,6,0,0,0,0,0,343,51,13,7,7,1,0,0,15,4,RH=Crude Sword|LH=Crude Sword|BD=Crude Armour|A1=Crude Bracelet|A2=Crude Bracelet,,0,-,party wiped
711,13055,1,Normal,29,2,2,2,0,37,37,0,0,10,0,1,1,0,0,0,1,3,3,0,0,56,6,3,3,1.5,0,1,1,3,1,,,2,Rat|Rat,floor1_town;companion_join:Rat;companion_join:Rat
711,13055,2,Normal,38,3,3,3,0,37,29,0,0,60,0,1,1,2,6,6,0,0,0,0,0,336,26,21,21,7,0,1,1,4,4,,,0,Rat|Rat,
711,13055,3,Normal,33,4,4,3,0,29,0,0,1,48,0,1,2,2,5,3,0,0,0,1,0,378,45,12,9,3,1,0,0,22,4,RH=Crude Sword|LH=Crude Sword|BD=Crude Armour|A1=Crude Bracelet|A2=Crude Bracelet,Swords_T1_03=1,1,Rat|Rat|Goblin,companion_join:Goblin; party wiped; +1 levelup
712,13056,1,Normal,27,2,2,2,0,37,37,0,0,20,0,1,1,0,1,0,2,3,3,0,0,112,0,6,6,3,0,1,1,3,2,,,0,-,floor1_town
712,13056,2,Normal,27,3,3,3,0,37,37,0,0,40,0,1,1,0,6,3,2,3,3,0,0,224,21,12,12,4,0,1,1,5,1,,,1,Rat,companion_join:Rat
712,13056,3,Normal,18,3,3,2,0,37,0,0,0,36,0,1,1,0,7,5,3,0,0,0,0,267,37,8,6,3,1,0,0,23,4,RH=Crude Sword|LH=Crude Sword|BD=Crude Armour|A1=Crude Bracelet|A2=Crude Bracelet,,0,Rat,party wiped
713,13057,1,Normal,25,4,4,4,0,37,37,0,0,65,0,1,1,0,7,2,0,3,3,0,0,364,24,17,17,4.25,0,1,1,5,2,,,1,Rat,floor1_town;companion_join:Rat
713,13057,2,Normal,32,3,3,3,0,37,44,0,1,40,0,1,2,0,3,3,1,0,0,0,0,224,8,11,11,3.667,0,1,1,5,2,,,1,Rat|Rat,companion_join:Rat; +1 levelup
713,13057,3,Normal,32,4,4,4,0,44,23,1,1,84,0,2,2,2,3,3,0,0,0,2,0,420,54,13,13,3.25,0,1,1,6,3,,Swords_T1_03=2,0,Rat|Rat,
713,13057,4,Normal,37,5,5,5,0,23,43,1,1,65,0,2,2,0,4,0,0,3,3,4,0,364,23,13,13,2.6,0,1,1,9,1,,Swords_T1_03=4,1,Rat|Rat|Rat,companion_join:Rat
713,13057,5,Normal,36,2,2,2,0,43,44,1,1,25,0,2,2,0,2,0,0,1,3,2,0,140,-3,5,5,2.5,0,1,1,9,3,,Swords_T1_03=2,1,Rat|Rat|Rat|Rat,companion_join:Rat
713,13057,6,Normal,39,5,5,4,1,44,44,1,2,65,0,2,3,0,3,3,0,1,3,2,0,420,85,16,14,3.5,0,1,1,10,4,,Swords_T1_03=2,1,Rat|Rat|Rat|Rat|Rat,companion_join:Rat; +1 levelup; flee×1
713,13057,7,Normal,27,3,3,3,0,44,39,2,2,35,0,3,3,0,1,3,0,0,0,2,0,196,1,8,8,2.667,0,1,1,10,4,,Swords_T1_03=2,2,Rat|Rat|Rat|Rat|Rat|Rat|Rat,companion_join:Rat;companion_join:Rat
713,13057,8,Normal,1,1,1,0,0,39,0,2,2,0,0,3,3,0,1,0,0,2,3,0,0,37,52,1,0,0,1,0,0,16,3,RH=Crude Sword|LH=Crude Sword|BD=Crude Armour|A1=Crude Bracelet|A2=Crude Bracelet,,0,Rat|Rat|Rat|Rat|Rat|Rat|Rat,party wiped
714,13058,1,Normal,39,6,6,6,0,37,37,0,0,45,0,1,1,0,3,0,2,3,3,0,0,252,8,12,12,2,0,1,1,7,1,,,0,-,floor1_town
714,13058,2,Normal,26,1,1,1,0,37,37,0,0,5,0,1,1,0,0,0,2,3,3,0,0,28,0,2,2,2,0,1,1,7,1,,,0,-,
714,13058,3,Normal,30,2,2,2,0,37,37,0,0,24,0,1,1,0,2,0,3,2,3,0,0,120,0,4,4,2,0,1,1,19,1,,,0,-,
714,13058,4,Normal,37,3,3,3,0,37,37,0,0,15,0,1,1,0,0,0,3,2,3,0,0,84,0,3,3,1,0,1,1,19,1,,,3,Rat|Rat|Rat,companion_join:Rat;companion_join:Rat;companion_join:Rat
714,13058,5,Normal,25,2,2,2,0,37,45,0,3,30,0,1,2,0,2,3,3,0,0,1,0,168,21,8,8,4,0,1,1,19,2,,Swords_T1_03=1,0,Rat|Rat|Rat,+1 levelup
714,13058,6,Normal,25,3,3,3,0,45,45,3,3,25,0,2,2,2,0,0,1,0,0,1,0,140,-1,8,8,2.667,0,1,1,19,3,,Swords_T1_03=1,2,Rat|Rat|Rat|Rat|Rat,companion_join:Rat;companion_join:Rat
714,13058,7,Normal,29,4,4,4,0,45,39,3,3,50,0,2,2,1,2,0,0,1,3,3,0,280,31,13,13,3.25,0,1,1,20,3,,Swords_T1_03=3,1,Rat|Rat|Rat|Rat|Rat|Rat,companion_join:Rat
714,13058,8,Normal,4,1,1,0,0,39,0,3,3,0,0,2,2,0,1,0,0,2,3,2,0,126,43,2,0,0,1,0,0,26,1,RH=Crude Sword|LH=Crude Sword|BD=Crude Armour|A1=Crude Bracelet|A2=Crude Bracelet,Swords_T1_03=2,0,Rat|Rat|Rat|Rat|Rat|Rat,party wiped
715,13059,1,Normal,37,3,3,3,0,37,37,0,0,40,0,1,1,0,5,3,0,3,3,0,0,224,16,13,13,4.333,0,1,1,4,1,,,1,Rat,floor1_town;companion_join:Rat
715,13059,2,Normal,30,5,5,5,0,37,37,0,0,50,0,1,1,0,3,3,0,3,3,0,0,280,16,12,12,2.4,0,1,1,6,1,,,2,Rat|Rat|Rat,companion_join:Rat;companion_join:Rat
715,13059,3,Normal,31,5,5,5,0,37,45,0,2,96,0,1,2,2,4,3,0,2,3,3,0,480,12,15,15,3,0,1,1,13,1,,Swords_T1_03=3,1,Rat|Rat|Rat|Goblin,companion_join:Goblin; +1 levelup
715,13059,4,Normal,27,4,4,4,0,45,45,2,2,45,0,2,2,0,2,3,0,0,0,3,0,252,11,11,11,2.75,0,1,1,13,1,,Swords_T1_03=3,0,Rat|Rat|Rat|Goblin,
715,13059,5,Normal,6,1,1,0,0,45,0,2,2,0,0,2,2,0,0,0,0,0,0,1,0,53,44,3,0,0,1,0,0,13,4,RH=Crude Sword|LH=Crude Sword|BD=Crude Armour|A1=Crude Bracelet|A2=Crude Bracelet,Swords_T1_03=1,0,Rat|Rat|Rat|Goblin,party wiped
716,13060,1,Normal,35,5,5,5,0,37,37,0,0,85,0,1,1,0,12,2,1,3,3,0,0,476,8,23,23,4.6,0,1,1,6,3,,,2,Rat|Rat,floor1_town;companion_join:Rat;companion_join:Rat
716,13060,2,Normal,27,3,3,3,0,37,38,0,3,45,0,1,2,0,3,1,2,0,2,1,0,252,23,11,11,3.667,0,1,1,7,3,,Swords_T1_03=1,1,Rat|Rat|Rat,companion_join:Rat; +1 levelup
716,13060,3,Normal,21,3,3,2,0,38,0,3,3,60,0,2,2,2,3,3,0,0,0,2,0,374,44,11,9,4.5,1,0,0,8,3,RH=Crude Sword|LH=Crude Sword|BD=Crude Armour|A1=Crude Bracelet|A2=Crude Bracelet,Swords_T1_03=2,0,Rat|Rat|Rat,party wiped
717,13061,1,Normal,33,2,2,2,0,37,37,0,0,25,0,1,1,0,1,0,0,3,3,0,0,140,18,7,7,3.5,0,1,1,3,3,,,0,-,floor1_town
717,13061,2,Normal,31,3,3,3,0,37,37,0,0,20,0,1,1,0,1,0,0,2,3,0,0,112,0,4,4,1.333,0,1,1,3,2,,,2,Rat|Rat,companion_join:Rat;companion_join:Rat
717,13061,3,Normal,10,2,2,1,0,37,0,0,0,24,0,1,1,1,6,4,1,0,0,0,0,180,37,7,4,4,1,0,0,15,4,RH=Crude Sword|LH=Crude Sword|BD=Crude Armour|A1=Crude Bracelet|A2=Crude Bracelet,,0,Rat|Rat,party wiped
718,13062,1,Normal,31,6,6,6,0,37,37,0,0,80,0,1,1,0,10,4,1,3,3,0,0,448,16,22,22,3.667,0,1,1,7,3,,,3,Rat|Rat|Rat,floor1_town;companion_join:Rat;companion_join:Rat;companion_join:Rat
718,13062,2,Normal,27,2,2,2,0,37,44,0,3,20,0,1,2,0,2,0,1,1,3,0,0,112,0,4,4,2,0,1,1,7,2,,,1,Rat|Rat|Rat|Rat,companion_join:Rat; +1 levelup
718,13062,3,Normal,25,2,2,0,1,44,0,3,3,0,0,2,2,1,4,6,0,0,0,1,0,243,85,7,0,0,1,0,0,8,4,RH=Crude Sword|LH=Crude Sword|BD=Crude Armour|A1=Crude Bracelet|A2=Crude Bracelet,Swords_T1_03=1,0,Rat|Rat|Rat|Rat,party wiped; flee×1
719,13063,1,Normal,29,3,3,3,0,37,37,0,0,25,0,1,1,0,0,0,2,3,3,0,0,140,8,5,5,1.667,0,1,1,4,2,,,0,-,floor1_town
719,13063,2,Normal,37,3,3,3,0,37,37,0,0,25,0,1,1,0,3,0,3,0,3,0,0,140,0,7,7,2.333,0,1,1,4,1,,,1,Rat,companion_join:Rat
719,13063,3,Normal,26,4,4,3,1,37,46,0,2,96,0,1,2,5,9,9,0,0,0,2,0,600,62,19,16,5.333,0,1,1,17,3,,Swords_T1_03=2,0,Rat,+1 levelup; flee×1
719,13063,4,Normal,13,3,3,2,0,46,0,2,2,15,0,2,2,0,0,0,0,0,0,3,0,140,43,5,3,1.5,1,0,0,17,4,RH=Crude Sword|LH=Crude Sword|BD=Crude Armour|A1=Crude Bracelet|A2=Crude Bracelet,Swords_T1_03=3,0,Rat,party wiped
720,13064,1,Normal,27,3,3,3,0,37,37,0,0,35,0,1,1,0,3,3,1,3,3,0,0,196,8,9,9,3,0,1,1,4,1,,,0,-,floor1_town
720,13064,2,Normal,32,4,4,4,0,37,37,0,0,50,0,1,1,1,6,3,0,0,3,0,0,280,16,17,17,4.25,0,1,1,6,3,,,0,-,
720,13064,3,Normal,2,1,1,0,0,37,0,0,0,0,0,1,1,0,3,3,0,0,0,0,0,126,37,4,0,0,1,0,0,12,3,RH=Crude Sword|LH=Crude Sword|BD=Crude Armour|A1=Crude Bracelet|A2=Crude Bracelet,,0,-,party wiped
721,13065,1,Normal,25,4,4,4,0,37,37,0,0,55,0,1,1,1,8,3,1,3,3,0,0,308,21,15,15,3.75,0,1,1,5,2,,,2,Rat|Rat,floor1_town;companion_join:Rat;companion_join:Rat
721,13065,2,Normal,36,3,3,3,0,37,37,0,0,40,0,1,1,0,3,2,1,0,1,0,0,224,0,8,8,2.667,0,1,1,5,3,,,2,Rat|Rat|Rat|Rat,companion_join:Rat;companion_join:Rat
721,13065,3,Normal,32,3,3,3,0,37,44,0,1,60,0,1,2,0,3,3,3,0,0,2,0,300,1,10,10,3.333,0,1,1,11,2,,Swords_T1_03=2,1,Rat|Rat|Rat|Rat|Goblin,companion_join:Goblin; +1 levelup
721,13065,4,Normal,36,5,5,5,0,44,38,1,1,55,0,2,2,2,2,0,1,1,3,5,0,308,20,16,16,3.2,0,1,1,12,2,,Swords_T1_03=5,1,Rat|Rat|Rat|Rat|Goblin|Rat,companion_join:Rat
721,13065,5,Normal,39,6,6,5,1,38,12,1,1,55,0,2,2,1,1,3,0,0,0,5,0,364,21,17,14,2.8,0,1,1,12,3,,Swords_T1_03=5,1,Rat|Rat|Rat|Rat|Goblin|Rat|Rat,companion_join:Rat; flee×1
721,13065,6,Normal,38,4,4,4,0,12,52,1,2,40,0,2,3,0,3,0,0,0,3,0,0,224,26,12,12,3,0,1,1,14,1,,,3,Rat|Rat|Rat|Rat|Goblin|Rat|Rat|Rat|Rat|Rat,companion_join:Rat;companion_join:Rat;companion_join:Rat; +1 levelup
721,13065,7,Normal,31,2,2,2,0,52,48,2,2,10,0,3,3,0,0,1,0,0,2,3,0,56,0,4,4,2,0,1,1,14,1,,Swords_T1_03=2|Swords_T1_04=1,1,Rat|Rat|Rat|Rat|Goblin|Rat|Rat|Rat|Rat|Rat|Rat,companion_join:Rat
721,13065,8,Normal,23,1,1,0,0,48,0,2,2,0,0,3,3,0,2,0,0,1,3,0,0,68,52,2,0,0,1,0,0,20,2,RH=Crude Sword|LH=Crude Sword|BD=Crude Armour|A1=Crude Bracelet|A2=Crude Bracelet,,0,Rat|Rat|Rat|Rat|Goblin|Rat|Rat|Rat|Rat|Rat|Rat,party wiped
722,13066,1,Normal,39,5,5,5,0,37,37,0,0,85,0,1,1,0,11,5,0,3,3,0,0,476,8,25,25,5,0,1,1,6,4,,,0,-,floor1_town
722,13066,2,Normal,31,0,0,0,0,37,37,0,0,0,0,1,1,0,0,0,0,3,3,0,0,0,0,0,0,0,0,1,1,6,0,,,0,-,
722,13066,3,Normal,17,1,1,0,0,37,0,0,0,0,0,1,1,0,3,3,0,0,0,0,0,140,37,4,0,0,1,0,0,12,3,RH=Crude Sword|LH=Crude Sword|BD=Crude Armour|A1=Crude Bracelet|A2=Crude Bracelet,,0,-,party wiped
723,13067,1,Normal,37,5,5,5,0,37,37,0,0,95,0,1,1,0,14,7,2,3,3,0,0,532,24,28,28,5.6,0,1,1,6,4,,,1,Rat,floor1_town;companion_join:Rat
723,13067,2,Normal,33,4,4,4,0,37,43,0,3,45,0,1,2,0,3,2,3,0,1,2,0,252,-1,11,11,2.75,0,1,1,6,1,,Swords_T1_03=2,2,Rat|Rat|Rat,companion_join:Rat;companion_join:Rat; +1 levelup
723,13067,3,Normal,40,4,4,4,0,43,28,3,3,108,0,2,2,1,3,4,4,0,0,4,0,540,26,14,14,3.5,0,1,1,7,2,,Swords_T1_03=4,1,Rat|Rat|Rat|Goblin,companion_join:Goblin
723,13067,4,Normal,36,3,3,3,0,28,44,3,3,50,0,2,2,0,3,3,4,0,0,1,0,280,-1,11,11,3.667,0,1,1,8,4,,Swords_T1_03=1,0,Rat|Rat|Rat|Goblin,
723,13067,5,Normal,40,4,4,4,0,44,25,3,5,50,0,2,3,1,0,0,3,0,0,1,0,280,45,12,12,3,0,1,1,8,3,,Swords_T1_03=1,2,Rat|Rat|Rat|Goblin|Rat|Rat,companion_join:Rat;companion_join:Rat; +1 levelup
723,13067,6,Normal,33,4,4,4,0,25,38,5,5,55,0,3,3,0,3,2,3,0,1,2,0,308,11,12,12,3,0,1,1,9,2,,Swords_T1_03=1|Swords_T1_04=1,1,Rat|Rat|Rat|Goblin|Rat|Rat|Rat,companion_join:Rat
723,13067,7,Normal,6,2,2,1,0,38,0,5,5,20,0,3,3,3,0,1,0,0,0,1,0,168,38,10,4,4,1,0,0,9,4,RH=Crude Sword|LH=Crude Sword|BD=Crude Armour|A1=Crude Bracelet|A2=Crude Bracelet,Swords_T1_04=1,0,Rat|Rat|Rat|Goblin|Rat|Rat|Rat,party wiped
724,13068,1,Normal,35,5,5,5,0,37,37,0,0,75,0,1,1,0,11,3,0,3,3,0,0,420,16,24,24,4.8,0,1,1,6,3,,,2,Rat|Rat,floor1_town;companion_join:Rat;companion_join:Rat
724,13068,2,Normal,29,2,2,2,0,37,44,0,1,35,0,1,2,1,3,3,0,0,0,0,0,196,0,11,11,5.5,0,1,1,6,3,,,1,Rat|Rat|Rat,companion_join:Rat; +1 levelup
724,13068,3,Normal,32,3,3,2,1,44,44,1,1,60,0,2,2,0,5,3,0,1,3,2,0,360,74,11,9,4.5,0,1,1,8,2,,Swords_T1_03=2,0,Rat|Rat|Rat,flee×1
724,13068,4,Normal,26,2,2,2,0,44,35,1,1,15,0,2,2,0,0,0,0,1,3,1,0,84,8,4,4,2,0,1,1,8,1,,Swords_T1_03=1,1,Rat|Rat|Rat|Rat,companion_join:Rat
724,13068,5,Normal,23,3,3,2,0,35,0,1,1,20,0,2,2,0,1,3,0,0,0,2,0,168,33,10,7,3.5,1,0,0,8,4,RH=Crude Sword|LH=Crude Sword|BD=Crude Armour|A1=Crude Bracelet|A2=Crude Bracelet,Swords_T1_03=2,2,Rat|Rat|Rat|Rat|Rat|Rat,companion_join:Rat;companion_join:Rat; party wiped
725,13069,1,Normal,33,3,3,3,0,37,37,0,0,40,0,1,1,0,4,2,2,3,3,0,0,224,8,12,12,4,0,1,1,4,1,,,1,Rat,floor1_town;companion_join:Rat
725,13069,2,Normal,27,3,3,3,0,37,29,0,0,25,0,1,1,0,2,0,3,1,3,0,0,140,8,7,7,2.333,0,1,1,4,2,,,1,Rat|Rat,companion_join:Rat
725,13069,3,Normal,30,4,4,4,0,29,32,0,3,108,0,1,2,0,9,4,3,0,0,2,0,540,35,19,19,4.75,0,1,1,17,4,,Swords_T1_03=2,0,Rat|Rat,+1 levelup
725,13069,4,Normal,30,3,3,3,0,32,44,3,3,25,0,2,2,0,3,0,3,0,3,2,0,140,-1,7,7,2.333,0,1,1,18,1,,Swords_T1_03=2,1,Rat|Rat|Rat,companion_join:Rat
725,13069,5,Normal,35,4,4,4,0,44,45,3,3,50,0,2,2,1,0,3,2,3,3,2,0,280,23,14,14,3.5,0,1,1,19,1,,Swords_T1_03=2,1,Rat|Rat|Rat|Rat,companion_join:Rat
725,13069,6,Normal,29,4,4,4,0,45,48,3,6,65,0,2,3,2,3,3,0,0,0,4,0,364,17,19,19,4.75,0,1,1,19,2,,Swords_T1_03=2|Swords_T1_04=2,1,Rat|Rat|Rat|Rat|Rat,companion_join:Rat; +1 levelup
725,13069,7,Normal,33,4,4,4,0,48,39,6,6,55,0,3,3,0,3,3,0,0,0,5,0,308,49,16,16,4,0,1,1,20,1,,Swords_T1_03=2|Swords_T1_04=3,2,Rat|Rat|Rat|Rat|Rat|Rat|Rat,companion_join:Rat;companion_join:Rat
725,13069,8,Normal,21,2,2,1,0,39,0,6,6,60,0,3,3,0,5,3,0,0,0,2,0,219,57,6,3,3,1,0,0,32,2,RH=Crude Sword|LH=Crude Sword|BD=Crude Armour|A1=Crude Bracelet|A2=Crude Bracelet,Swords_T1_03=1|Swords_T1_04=1,0,Rat|Rat|Rat|Rat|Rat|Rat|Rat,party wiped
726,13070,1,Normal,31,3,3,3,0,37,37,0,0,35,0,1,1,0,3,0,0,3,3,0,0,196,8,8,8,2.667,0,1,1,4,2,,,2,Rat|Rat,floor1_town;companion_join:Rat;companion_join:Rat
726,13070,2,Normal,25,4,4,3,0,37,0,0,0,35,0,1,1,1,3,3,0,0,0,0,0,272,37,14,10,3.333,1,0,0,4,4,RH=Crude Sword|LH=Crude Sword|BD=Crude Armour|A1=Crude Bracelet|A2=Crude Bracelet,,1,Rat|Rat|Rat,companion_join:Rat; party wiped
727,13071,1,Normal,29,3,3,3,0,37,37,0,0,35,0,1,1,0,3,3,1,3,3,0,0,196,21,11,11,3.667,0,1,1,4,1,,,3,Rat|Rat|Rat,floor1_town;companion_join:Rat;companion_join:Rat;companion_join:Rat
727,13071,2,Normal,30,4,4,4,0,37,29,0,0,50,0,1,1,0,5,3,3,1,3,0,0,280,16,15,15,3.75,0,1,1,5,3,,,0,Rat|Rat|Rat,
727,13071,3,Normal,20,3,3,2,0,29,0,0,3,72,0,1,2,4,6,6,0,0,0,1,0,491,101,15,12,6,1,0,0,12,4,RH=Crude Sword|LH=Crude Sword|BD=Crude Armour|A1=Crude Bracelet|A2=Crude Bracelet,Swords_T1_03=1,2,Rat|Rat|Rat|Goblin|Goblin,companion_join:Goblin;companion_join:Goblin; party wiped; +1 levelup
728,13072,1,Normal,27,0,0,0,0,37,37,0,0,0,0,1,1,0,0,0,0,3,3,0,0,0,0,0,0,0,0,1,1,1,0,,,0,-,floor1_town
728,13072,2,Normal,36,4,4,4,0,37,29,0,0,35,0,1,1,0,1,0,1,3,3,0,0,196,16,7,7,1.75,0,1,1,2,2,,,3,Rat|Rat|Rat,companion_join:Rat;companion_join:Rat;companion_join:Rat
728,13072,3,Normal,19,2,2,1,0,29,0,0,0,24,0,1,1,3,6,5,0,0,0,0,0,322,37,11,4,4,1,0,0,14,4,RH=Crude Sword|LH=Crude Sword|BD=Crude Armour|A1=Crude Bracelet|A2=Crude Bracelet,,0,Rat|Rat|Rat,party wiped
729,13073,1,Normal,25,2,2,2,0,37,37,0,0,25,0,1,1,0,1,0,1,3,3,0,0,140,16,6,6,3,0,1,1,3,3,,,0,-,floor1_town
729,13073,2,Normal,25,2,2,2,0,37,29,0,0,35,0,1,1,0,3,3,1,0,0,0,0,196,8,10,10,5,0,1,1,3,4,,,0,-,
729,13073,3,Normal,1,1,1,0,0,29,0,0,0,0,0,1,1,1,3,3,0,0,0,0,0,138,37,4,0,0,1,0,0,9,4,RH=Crude Sword|LH=Crude Sword|BD=Crude Armour|A1=Crude Bracelet|A2=Crude Bracelet,,0,-,party wiped
730,13074,1,Normal,39,6,6,6,0,37,37,0,0,60,0,1,1,0,5,0,2,3,3,0,0,336,8,14,14,2.333,0,1,1,7,2,,,3,Rat|Rat|Rat,floor1_town;companion_join:Rat;companion_join:Rat;companion_join:Rat
730,13074,2,Normal,35,3,3,3,0,37,37,0,0,15,0,1,1,0,0,0,3,3,3,0,0,84,0,3,3,1,0,1,1,7,1,,,0,Rat|Rat|Rat,
730,13074,3,Normal,20,2,2,1,0,37,0,0,0,12,0,1,1,4,4,3,0,0,0,0,0,208,37,7,2,2,1,0,0,19,4,RH=Crude Sword|LH=Crude Sword|BD=Crude Armour|A1=Crude Bracelet|A2=Crude Bracelet,,1,Rat|Rat|Rat|Goblin,companion_join:Goblin; party wiped
731,13075,1,Normal,37,2,2,2,0,37,37,0,0,10,0,1,1,0,0,0,1,3,3,0,0,56,0,2,2,1,0,1,1,3,1,,,1,Rat,floor1_town;companion_join:Rat
731,13075,2,Normal,32,1,1,1,0,37,29,0,0,20,0,1,1,0,3,0,3,0,3,0,0,112,8,6,6,6,0,1,1,3,4,,,0,Rat,
731,13075,3,Normal,39,2,2,2,0,29,37,0,0,60,0,1,1,2,6,3,3,0,0,0,0,300,0,10,10,5,0,1,1,15,3,,,0,Rat,
731,13075,4,Normal,31,3,3,3,0,37,37,0,1,40,0,1,2,3,0,0,0,0,0,1,0,224,8,11,11,3.667,0,1,1,15,2,,Swords_T1_03=1,1,Rat|Rat,companion_join:Rat; +1 levelup
731,13075,5,Normal,29,0,0,0,0,37,37,1,1,0,0,2,2,0,0,0,0,0,0,0,0,0,0,0,0,0,0,1,1,15,0,,,0,Rat|Rat,
731,13075,6,Normal,27,3,3,3,0,37,37,1,1,40,0,2,2,0,2,0,0,1,3,2,0,224,24,9,9,3,0,1,1,16,2,,Swords_T1_03=2,0,Rat|Rat,
731,13075,7,Normal,14,2,2,1,0,37,0,1,1,15,0,2,2,0,1,3,0,0,0,2,0,165,35,8,4,4,1,0,0,16,4,RH=Crude Sword|LH=Crude Sword|BD=Crude Armour|A1=Crude Bracelet|A2=Crude Bracelet,Swords_T1_03=2,0,Rat|Rat,party wiped
732,13076,1,Normal,35,2,2,2,0,37,37,0,0,35,0,1,1,0,4,2,2,3,3,0,0,196,8,9,9,4.5,0,1,1,3,3,,,1,Rat,floor1_town;companion_join:Rat
732,13076,2,Normal,27,3,3,3,0,37,37,0,0,25,0,1,1,0,2,0,3,1,3,0,0,140,0,6,6,2,0,1,1,3,1,,,0,Rat,
732,13076,3,Normal,17,1,1,0,0,37,0,0,0,0,0,1,1,2,3,3,1,0,0,0,0,131,37,4,0,0,1,0,0,9,4,RH=Crude Sword|LH=Crude Sword|BD=Crude Armour|A1=Crude Bracelet|A2=Crude Bracelet,,0,Rat,party wiped
733,13077,1,Normal,33,4,4,4,0,37,37,0,0,30,0,1,1,0,2,0,0,3,3,0,0,168,0,7,7,1.75,0,1,1,5,1,,,1,Rat,floor1_town;companion_join:Rat
733,13077,2,Normal,39,5,5,4,1,37,8,0,0,30,0,1,1,0,3,3,0,0,0,0,0,252,29,13,10,2.5,0,1,1,5,4,,,1,Rat|Rat,companion_join:Rat; flee×1
733,13077,3,Normal,29,3,3,2,0,8,0,0,1,48,0,1,2,0,6,4,0,0,0,1,0,337,44,11,8,4,1,0,0,17,2,RH=Crude Sword|LH=Crude Sword|BD=Crude Armour|A1=Crude Bracelet|A2=Crude Bracelet,Swords_T1_03=1,0,Rat|Rat,party wiped; +1 levelup
734,13078,1,Normal,31,2,2,2,0,37,37,0,0,40,0,1,1,0,6,3,2,3,3,0,0,224,8,12,12,6,0,1,1,3,4,,,1,Rat,floor1_town;companion_join:Rat
734,13078,2,Normal,35,2,2,2,0,37,29,0,0,35,0,1,1,0,3,3,3,0,0,0,0,196,8,11,11,5.5,0,1,1,3,4,,,0,Rat,
734,13078,3,Normal,6,1,1,0,0,29,0,0,0,0,0,1,1,3,3,3,0,0,0,0,0,138,37,7,0,0,1,0,0,9,3,RH=Crude Sword|LH=Crude Sword|BD=Crude Armour|A1=Crude Bracelet|A2=Crude Bracelet,,0,Rat,party wiped
735,13079,1,Normal,29,4,4,4,0,37,37,0,0,50,0,1,1,0,6,0,0,3,3,0,0,280,8,13,13,3.25,0,1,1,5,3,,,0,-,floor1_town
735,13079,2,Normal,28,3,3,3,0,37,29,0,0,40,0,1,1,0,3,3,2,0,0,0,0,224,16,11,11,3.667,0,1,1,6,4,,,1,Rat,companion_join:Rat
735,13079,3,Normal,27,2,2,1,0,29,0,0,2,36,0,1,2,3,3,3,0,0,0,0,0,240,46,10,7,7,1,0,0,12,2,RH=Crude Sword|LH=Crude Sword|BD=Crude Armour|A1=Crude Bracelet|A2=Crude Bracelet,,0,Rat,party wiped; +1 levelup
736,13080,1,Normal,27,1,1,1,0,37,37,0,0,20,0,1,1,0,3,3,1,3,3,0,0,112,8,7,7,7,0,1,1,2,4,,,0,-,floor1_town
736,13080,2,Normal,29,3,3,3,0,37,37,0,0,30,0,1,1,0,3,0,3,0,3,0,0,168,8,10,10,3.333,0,1,1,3,3,,,0,-,
736,13080,3,Normal,16,3,3,2,0,37,0,0,1,60,0,1,2,4,6,4,0,0,0,1,0,398,44,16,13,6.5,1,0,0,15,4,RH=Crude Sword|LH=Crude Sword|BD=Crude Armour|A1=Crude Bracelet|A2=Crude Bracelet,Swords_T1_03=1,0,-,party wiped; +1 levelup
737,13081,1,Normal,25,3,3,3,0,37,37,0,0,35,0,1,1,0,5,0,0,3,3,0,0,196,0,9,9,3,0,1,1,4,2,,,1,Rat,floor1_town;companion_join:Rat
737,13081,2,Normal,26,2,2,2,0,37,37,0,0,20,0,1,1,0,1,0,2,2,3,0,0,112,0,5,5,2.5,0,1,1,4,2,,,0,Rat,
737,13081,3,Normal,11,2,2,1,0,37,0,0,0,36,0,1,1,3,6,6,0,0,0,0,0,318,37,10,6,6,1,0,0,16,4,RH=Crude Sword|LH=Crude Sword|BD=Crude Armour|A1=Crude Bracelet|A2=Crude Bracelet,,0,Rat,party wiped
738,13082,1,Normal,39,4,4,4,0,37,37,0,0,70,0,1,1,0,9,1,1,3,3,0,0,392,24,19,19,4.75,0,1,1,5,3,,,0,-,floor1_town
738,13082,2,Normal,28,1,1,1,0,37,29,0,0,20,0,1,1,0,3,0,3,0,3,0,0,112,8,6,6,6,0,1,1,5,4,,,0,-,
738,13082,3,Normal,17,2,2,1,0,29,0,0,2,36,0,1,2,3,3,3,0,0,0,2,0,278,43,12,8,8,1,0,0,11,2,RH=Crude Sword|LH=Crude Sword|BD=Crude Armour|A1=Crude Bracelet|A2=Crude Bracelet,Swords_T1_03=2,1,Goblin,companion_join:Goblin; party wiped; +1 levelup
739,13083,1,Normal,37,3,3,3,0,37,37,0,0,25,0,1,1,0,2,0,2,3,3,0,0,140,0,6,6,2,0,1,1,4,1,,,1,Rat,floor1_town;companion_join:Rat
739,13083,2,Normal,40,5,5,5,0,37,27,0,0,65,0,1,1,2,3,3,0,0,0,0,0,364,10,18,18,3.6,0,1,1,4,2,,,4,Rat|Rat|Rat|Rat|Rat,companion_join:Rat;companion_join:Rat;companion_join:Rat;companion_join:Rat
739,13083,3,Normal,26,2,2,2,0,27,43,0,3,24,0,1,2,0,1,0,1,2,3,1,0,120,0,3,3,1.5,0,1,1,10,1,,Swords_T1_03=1,0,Rat|Rat|Rat|Rat|Rat,+1 levelup
739,13083,4,Normal,32,3,3,3,0,43,44,3,3,35,0,2,2,0,2,2,1,0,1,3,0,196,-4,7,7,2.333,0,1,1,10,3,,Swords_T1_03=3,2,Rat|Rat|Rat|Rat|Rat|Rat|Rat,companion_join:Rat;companion_join:Rat
739,13083,5,Normal,28,3,3,3,0,44,44,3,3,35,0,2,2,1,0,1,0,0,0,2,0,196,-2,9,9,3,0,1,1,10,3,,Swords_T1_03=2,1,Rat|Rat|Rat|Rat|Rat|Rat|Rat|Rat,companion_join:Rat
739,13083,6,Normal,5,1,1,0,0,44,0,3,3,0,0,2,2,0,0,0,0,0,0,1,0,53,43,3,0,0,1,0,0,10,3,RH=Crude Sword|LH=Crude Sword|BD=Crude Armour|A1=Crude Bracelet|A2=Crude Bracelet,Swords_T1_03=1,0,Rat|Rat|Rat|Rat|Rat|Rat|Rat|Rat,party wiped
740,13084,1,Normal,35,3,3,3,0,37,37,0,0,45,0,1,1,0,5,0,1,3,3,0,0,252,0,11,11,3.667,0,1,1,4,3,,,1,Rat,floor1_town;companion_join:Rat
740,13084,2,Normal,28,3,3,3,0,37,37,0,0,30,0,1,1,0,1,0,1,3,3,0,0,168,8,6,6,2,0,1,1,5,2,,,0,Rat,
740,13084,3,Normal,7,1,1,0,0,37,0,0,0,0,0,1,1,1,3,3,1,0,0,0,0,115,37,3,0,0,1,0,0,11,4,RH=Crude Sword|LH=Crude Sword|BD=Crude Armour|A1=Crude Bracelet|A2=Crude Bracelet,,0,Rat,party wiped
741,13085,1,Normal,33,3,3,3,0,37,37,0,0,45,0,1,1,1,5,3,1,3,3,0,0,252,16,13,13,4.333,0,1,1,4,4,,,0,-,floor1_town
741,13085,2,Normal,39,3,3,3,0,37,45,0,1,55,0,1,2,0,6,3,1,0,0,0,0,308,8,16,16,5.333,0,1,1,5,4,,,1,Rat,companion_join:Rat; +1 levelup
741,13085,3,Normal,27,1,1,1,0,45,44,1,1,24,0,2,2,1,0,0,0,0,0,1,0,120,0,3,3,3,0,1,1,5,2,,Swords_T1_03=1,0,Rat,
741,13085,4,Normal,39,4,4,4,0,44,37,1,1,45,0,2,2,0,3,0,0,0,3,3,0,252,30,10,10,2.5,0,1,1,6,3,,Swords_T1_03=3,0,Rat,
741,13085,5,Normal,33,2,2,2,0,37,45,1,1,20,0,2,2,0,0,2,0,0,1,2,0,112,-10,4,4,2,0,1,1,6,2,,Swords_T1_03=2,1,Rat|Rat,companion_join:Rat
741,13085,6,Normal,26,1,1,1,0,45,45,1,1,10,0,2,2,0,0,1,0,0,0,0,0,56,0,4,4,4,0,1,1,6,2,,,0,Rat|Rat,
741,13085,7,Normal,37,4,4,4,0,45,45,1,1,35,0,2,2,0,1,0,0,2,3,3,0,196,11,7,7,1.75,0,1,1,7,2,,Swords_T1_03=3,2,Rat|Rat|Rat|Rat,companion_join:Rat;companion_join:Rat
741,13085,8,Normal,2,1,1,0,0,45,0,1,1,0,0,2,2,0,3,0,0,0,3,0,0,46,45,2,0,0,1,0,0,13,4,RH=Crude Sword|LH=Crude Sword|BD=Crude Armour|A1=Crude Bracelet|A2=Crude Bracelet,,0,Rat|Rat|Rat|Rat,party wiped
742,13086,1,Normal,31,3,3,3,0,37,37,0,0,30,0,1,1,0,2,0,1,3,3,0,0,168,0,6,6,2,0,1,1,4,2,,,0,-,floor1_town
742,13086,2,Normal,37,4,4,4,0,37,37,0,0,45,0,1,1,0,4,3,1,0,0,0,0,252,8,12,12,3,0,1,1,5,1,,,0,-,
742,13086,3,Normal,26,1,1,1,0,37,45,0,2,36,0,1,2,1,3,3,1,0,0,0,0,180,16,6,6,6,0,1,1,11,3,,,0,-,+1 levelup
742,13086,4,Normal,27,3,3,3,0,45,45,2,2,25,0,2,2,1,0,0,0,0,0,2,0,140,-2,7,7,2.333,0,1,1,11,3,,Swords_T1_03=2,0,-,
742,13086,5,Normal,31,5,5,5,0,45,32,2,2,85,0,2,2,0,6,5,0,0,1,2,0,476,49,23,23,4.6,0,1,1,13,4,,Swords_T1_03=2,1,Rat,companion_join:Rat
742,13086,6,Normal,30,1,1,1,0,32,44,2,2,5,0,2,2,0,0,0,0,3,3,1,0,28,0,1,1,1,0,1,1,14,1,,Swords_T1_03=1,0,Rat,
742,13086,7,Normal,40,3,3,3,0,44,32,2,2,35,0,2,2,0,3,0,0,0,3,2,0,196,10,7,7,2.333,0,1,1,14,4,,Swords_T1_03=2,0,Rat,
742,13086,8,Normal,2,1,1,0,0,32,0,2,2,0,0,2,2,0,3,3,0,0,0,0,0,33,45,2,0,0,1,0,0,20,4,RH=Crude Sword|LH=Crude Sword|BD=Crude Armour|A1=Crude Bracelet|A2=Crude Bracelet,,0,Rat,party wiped
743,13087,1,Normal,29,5,5,5,0,37,37,0,0,85,0,1,1,1,12,9,1,3,3,0,0,476,21,26,26,5.2,0,1,1,6,1,,,1,Rat,floor1_town;companion_join:Rat
743,13087,2,Normal,31,2,2,2,0,37,45,0,1,25,0,1,2,0,3,0,2,0,3,0,0,140,0,5,5,2.5,0,1,1,6,4,,,1,Rat|Rat,companion_join:Rat; +1 levelup
743,13087,3,Normal,25,3,3,3,0,45,44,1,1,60,0,2,2,0,0,3,3,3,3,3,0,300,12,7,7,2.333,0,1,1,7,1,,Swords_T1_03=3,1,Rat|Rat|Goblin,companion_join:Goblin
743,13087,4,Normal,35,3,3,3,0,44,37,1,1,30,0,2,2,0,2,0,3,1,3,0,0,168,7,7,7,2.333,0,1,1,7,1,,,0,Rat|Rat|Goblin,
743,13087,5,Normal,35,4,4,4,0,37,45,1,1,30,0,2,2,0,1,1,3,0,2,0,0,168,-8,6,6,1.5,0,1,1,7,1,,,2,Rat|Rat|Goblin|Rat|Rat,companion_join:Rat;companion_join:Rat
743,13087,6,Normal,38,1,1,1,0,45,38,1,1,10,0,2,2,0,0,0,3,0,2,1,0,56,6,3,3,3,0,1,1,7,2,,Swords_T1_03=1,0,Rat|Rat|Goblin|Rat|Rat,
743,13087,7,Normal,35,3,3,3,0,38,44,1,1,25,0,2,2,0,0,1,3,3,3,2,0,140,5,5,5,1.667,0,1,1,8,1,,Swords_T1_03=2,2,Rat|Rat|Goblin|Rat|Rat|Rat|Rat,companion_join:Rat;companion_join:Rat
743,13087,8,Normal,10,1,1,0,0,44,0,1,1,0,0,2,2,0,0,0,3,3,3,1,0,50,44,1,0,0,1,0,0,14,4,RH=Crude Sword|LH=Crude Sword|BD=Crude Armour|A1=Crude Bracelet|A2=Crude Bracelet,Swords_T1_03=1,0,Rat|Rat|Goblin|Rat|Rat|Rat|Rat,party wiped
744,13088,1,Normal,27,1,1,1,0,37,37,0,0,20,0,1,1,0,3,1,0,3,3,0,0,112,0,5,5,5,0,1,1,2,4,,,0,-,floor1_town
744,13088,2,Normal,30,4,4,4,0,37,29,0,0,50,0,1,1,0,4,2,0,2,3,0,0,280,16,14,14,3.5,0,1,1,3,3,,,1,Rat,companion_join:Rat
744,13088,3,Normal,12,2,2,1,0,29,0,0,0,12,0,1,1,0,4,3,0,0,0,0,0,138,37,5,2,2,1,0,0,15,4,RH=Crude Sword|LH=Crude Sword|BD=Crude Armour|A1=Crude Bracelet|A2=Crude Bracelet,,0,Rat,party wiped
745,13089,1,Normal,25,3,3,3,0,37,37,0,0,35,0,1,1,0,4,1,2,3,3,0,0,196,8,13,13,4.333,0,1,1,4,2,,,2,Rat|Rat,floor1_town;companion_join:Rat;companion_join:Rat
745,13089,2,Normal,37,5,5,5,0,37,27,0,0,55,0,1,1,0,3,2,3,0,1,0,0,308,10,14,14,2.8,0,1,1,4,3,,,0,Rat|Rat,
745,13089,3,Normal,2,1,1,0,0,27,0,0,0,0,0,1,1,5,3,3,0,0,0,0,0,180,37,8,0,0,1,0,0,10,4,RH=Crude Sword|LH=Crude Sword|BD=Crude Armour|A1=Crude Bracelet|A2=Crude Bracelet,,0,Rat|Rat,party wiped
746,13090,1,Normal,39,3,3,3,0,37,37,0,0,20,0,1,1,0,2,0,0,3,3,0,0,112,0,5,5,1.667,0,1,1,4,1,,,0,-,floor1_town
746,13090,2,Normal,31,2,2,2,0,37,29,0,0,30,0,1,1,0,4,0,2,1,3,0,0,168,16,8,8,4,0,1,1,5,3,,,1,Rat,companion_join:Rat
746,13090,3,Normal,35,4,4,4,0,29,30,0,1,84,0,1,2,1,7,4,1,0,0,1,0,420,14,14,14,3.5,0,1,1,23,2,,Swords_T1_03=1,1,Rat|Goblin,companion_join:Goblin; +1 levelup
746,13090,4,Normal,31,3,3,3,0,30,33,1,1,15,0,2,2,0,0,0,1,3,3,2,0,84,10,4,4,1.333,0,1,1,24,1,,Swords_T1_03=2,0,Rat|Goblin,
746,13090,5,Normal,39,6,6,6,0,33,36,1,1,60,0,2,2,0,3,3,1,3,3,3,0,336,21,17,17,2.833,0,1,1,25,2,,Swords_T1_03=3,2,Rat|Goblin|Rat|Rat,companion_join:Rat;companion_join:Rat
746,13090,6,Normal,28,2,2,1,1,36,11,1,1,20,0,2,2,1,3,3,0,0,0,1,0,196,24,10,5,5,0,1,1,25,4,,Swords_T1_03=1,0,Rat|Goblin|Rat|Rat,flee×1
746,13090,7,Normal,39,4,4,4,0,11,37,1,1,55,0,2,2,0,3,2,0,0,1,2,0,308,6,13,13,3.25,0,1,1,26,3,,Swords_T1_03=2,2,Rat|Goblin|Rat|Rat|Rat|Rat,companion_join:Rat;companion_join:Rat
746,13090,8,Normal,1,1,1,0,0,37,0,1,1,0,0,2,2,0,1,0,0,2,3,0,0,28,45,1,0,0,1,0,0,32,3,RH=Crude Sword|LH=Crude Sword|BD=Crude Armour|A1=Crude Bracelet|A2=Crude Bracelet,,0,Rat|Goblin|Rat|Rat|Rat|Rat,party wiped
747,13091,1,Normal,37,4,4,4,0,37,37,0,0,45,0,1,1,0,7,0,1,3,3,0,0,252,8,15,15,3.75,0,1,1,5,1,,,1,Rat,floor1_town;companion_join:Rat
747,13091,2,Normal,28,2,2,2,0,37,37,0,0,20,0,1,1,0,2,0,3,1,3,0,0,112,0,4,4,2,0,1,1,5,1,,,0,Rat,
747,13091,3,Normal,32,2,2,2,0,37,46,0,1,48,0,1,2,1,6,3,3,0,1,0,0,240,0,9,9,4.5,0,1,1,17,2,,,0,Rat,+1 levelup
747,13091,4,Normal,30,5,5,5,0,46,20,1,1,75,0,2,2,1,3,4,2,0,0,3,0,420,44,23,23,4.6,0,1,1,18,3,,Swords_T1_03=3,1,Rat|Rat,companion_join:Rat
747,13091,5,Normal,29,2,2,2,0,20,46,1,1,30,0,2,2,0,3,1,2,0,2,0,0,168,0,7,7,3.5,0,1,1,19,4,,,1,Rat|Rat|Rat,companion_join:Rat
747,13091,6,Normal,39,3,3,3,0,46,19,1,1,45,0,2,2,2,0,2,0,0,0,2,0,252,25,11,11,3.667,0,1,1,19,3,,Swords_T1_03=2,2,Rat|Rat|Rat|Rat|Rat,companion_join:Rat;companion_join:Rat
747,13091,7,Normal,37,2,2,2,0,19,45,1,1,20,0,2,2,0,1,0,0,2,3,1,0,112,0,4,4,2,0,1,1,20,2,,Swords_T1_03=1,0,Rat|Rat|Rat|Rat|Rat,
747,13091,8,Normal,9,1,1,0,0,45,0,1,1,0,0,2,2,0,1,0,0,2,3,1,0,48,45,1,0,0,1,0,0,26,2,RH=Crude Sword|LH=Crude Sword|BD=Crude Armour|A1=Crude Bracelet|A2=Crude Bracelet,Swords_T1_03=1,0,Rat|Rat|Rat|Rat|Rat,party wiped
748,13092,1,Normal,35,4,4,4,0,37,37,0,0,45,0,1,1,0,4,0,0,3,3,0,0,252,8,11,11,2.75,0,1,1,5,1,,,1,Rat,floor1_town;companion_join:Rat
748,13092,2,Normal,33,4,4,4,0,37,37,0,0,40,0,1,1,0,2,0,1,2,3,0,0,224,16,10,10,2.5,0,1,1,7,2,,,1,Rat|Rat,companion_join:Rat
748,13092,3,Normal,35,5,5,3,1,37,0,0,3,72,0,1,2,2,6,6,0,0,0,2,0,515,100,15,11,3.667,1,0,0,14,4,RH=Crude Sword|LH=Crude Sword|BD=Crude Armour|A1=Crude Bracelet|A2=Crude Bracelet,Swords_T1_03=2,0,Rat|Rat,party wiped; +1 levelup; flee×1
749,13093,1,Normal,33,2,2,2,0,37,37,0,0,35,0,1,1,0,5,0,1,3,3,0,0,196,0,11,11,5.5,0,1,1,3,3,,,0,-,floor1_town
749,13093,2,Normal,28,3,3,3,0,37,29,0,0,35,0,1,1,0,2,0,3,2,3,0,0,196,16,9,9,3,0,1,1,4,3,,,2,Rat|Rat,companion_join:Rat;companion_join:Rat
749,13093,3,Normal,38,4,4,3,0,29,0,0,1,72,0,1,2,5,6,6,0,0,0,3,0,540,67,17,11,3.667,1,0,0,11,4,RH=Crude Sword|LH=Crude Sword|BD=Crude Armour|A1=Crude Bracelet|A2=Crude Bracelet,Swords_T1_03=3,0,Rat|Rat,party wiped; +1 levelup
750,13094,1,Normal,31,2,2,2,0,37,37,0,0,20,0,1,1,0,2,0,2,3,3,0,0,112,0,5,5,2.5,0,1,1,3,3,,,1,Rat,floor1_town;companion_join:Rat
750,13094,2,Normal,34,3,3,3,0,37,37,0,0,45,0,1,1,1,3,3,3,0,0,0,0,252,0,13,13,4.333,0,1,1,3,4,,,1,Rat|Rat,companion_join:Rat
750,13094,3,Normal,32,4,4,2,1,37,0,0,1,60,0,1,2,5,6,6,0,0,0,2,0,487,106,17,10,5,1,0,0,10,3,RH=Crude Sword|LH=Crude Sword|BD=Crude Armour|A1=Crude Bracelet|A2=Crude Bracelet,Swords_T1_03=2,1,Rat|Rat|Goblin,companion_join:Goblin; party wiped; +1 levelup; flee×1
751,13095,1,Normal,29,4,4,4,0,37,37,0,0,65,0,1,1,0,9,1,1,3,3,0,0,364,8,18,18,4.5,0,1,1,5,4,,,3,Rat|Rat|Rat,floor1_town;companion_join:Rat;companion_join:Rat;companion_join:Rat
751,13095,2,Normal,32,4,4,3,0,37,0,0,1,40,0,1,2,2,3,3,0,0,0,1,0,252,68,14,12,4,1,0,0,5,3,RH=Crude Sword|LH=Crude Sword|BD=Crude Armour|A1=Crude Bracelet|A2=Crude Bracelet,Swords_T1_03=1,1,Rat|Rat|Rat|Rat,companion_join:Rat; party wiped; +1 levelup
752,13096,1,Normal,26,4,4,4,0,37,37,0,0,50,0,1,1,1,4,1,1,3,3,0,0,280,0,12,12,3,0,1,1,5,2,,,2,Rat|Rat,floor1_town;companion_join:Rat;companion_join:Rat
752,13096,2,Normal,16,2,2,1,0,37,0,0,0,20,0,1,1,1,3,3,0,0,0,0,0,193,37,10,5,5,1,0,0,5,4,RH=Crude Sword|LH=Crude Sword|BD=Crude Armour|A1=Crude Bracelet|A2=Crude Bracelet,,0,Rat|Rat,party wiped
753,13097,1,Normal,40,5,5,5,0,37,37,0,0,55,0,1,1,0,7,0,0,3,3,0,0,308,18,16,16,3.2,0,1,1,6,3,,,1,Rat,floor1_town;companion_join:Rat
753,13097,2,Normal,27,1,1,1,0,37,37,0,0,20,0,1,1,0,3,1,2,0,2,0,0,112,0,6,6,6,0,1,1,6,4,,,1,Rat|Rat,companion_join:Rat
753,13097,3,Normal,19,2,2,1,0,37,0,0,0,12,0,1,1,3,4,3,0,0,0,0,0,183,37,7,2,2,1,0,0,18,4,RH=Crude Sword|LH=Crude Sword|BD=Crude Armour|A1=Crude Bracelet|A2=Crude Bracelet,,0,Rat|Rat,party wiped
754,13098,1,Normal,38,4,4,4,0,37,37,0,0,70,0,1,1,1,8,2,1,3,3,0,0,392,16,19,19,4.75,0,1,1,5,4,,,1,Rat,floor1_town;companion_join:Rat
754,13098,2,Normal,39,5,5,5,0,37,38,0,3,75,0,1,2,1,6,3,0,0,3,2,0,420,33,21,21,4.2,0,1,1,6,3,,Swords_T1_03=2,2,Rat|Rat|Rat,companion_join:Rat;companion_join:Rat; +1 levelup
754,13098,3,Normal,31,3,3,3,0,38,32,3,3,96,0,2,2,0,6,6,2,0,0,2,0,480,37,18,18,6,0,1,1,8,3,,Swords_T1_03=2,1,Rat|Rat|Rat|Goblin,companion_join:Goblin
754,13098,4,Normal,26,3,3,3,0,32,46,3,3,35,0,2,2,0,3,2,2,0,1,3,0,196,-3,9,9,3,0,1,1,9,2,,Swords_T1_03=3,1,Rat|Rat|Rat|Goblin|Rat,companion_join:Rat
754,13098,5,Normal,25,1,1,1,0,46,20,3,3,20,0,2,2,1,0,1,1,0,0,1,0,112,25,5,5,5,0,1,1,9,4,,Swords_T1_03=1,0,Rat|Rat|Rat|Goblin|Rat,
754,13098,6,Normal,28,4,4,4,0,20,54,3,6,45,0,2,3,0,3,1,1,0,2,2,0,252,-3,11,11,2.75,0,1,1,10,2,,Swords_T1_03=2,0,Rat|Rat|Rat|Goblin|Rat,+1 levelup
754,13098,7,Normal,37,7,7,7,0,54,38,6,6,55,0,3,3,0,0,2,1,0,0,4,0,308,10,13,13,1.857,0,1,1,10,2,,Swords_T1_03=3|Swords_T1_04=1,3,Rat|Rat|Rat|Goblin|Rat|Rat|Rat|Rat,companion_join:Rat;companion_join:Rat;companion_join:Rat
754,13098,8,Normal,8,1,1,0,0,38,0,6,6,0,0,3,3,1,3,3,0,0,0,0,0,56,54,2,0,0,1,0,0,16,4,RH=Crude Sword|LH=Crude Sword|BD=Crude Armour|A1=Crude Bracelet|A2=Crude Bracelet,,0,Rat|Rat|Rat|Goblin|Rat|Rat|Rat|Rat,party wiped
755,13099,1,Normal,36,6,6,6,0,37,37,0,0,80,0,1,1,0,8,0,0,3,3,0,0,448,30,20,20,3.333,0,1,1,7,2,,,2,Rat|Rat,floor1_town;companion_join:Rat;companion_join:Rat
755,13099,2,Normal,30,5,5,4,1,37,37,0,1,50,0,1,2,0,3,3,0,3,3,2,0,336,55,16,14,3.5,0,1,1,8,1,,Swords_T1_03=2,1,Rat|Rat|Rat,companion_join:Rat; +1 levelup; flee×1
755,13099,3,Normal,11,1,1,0,0,37,0,1,1,0,0,2,2,0,3,3,0,0,0,1,0,142,45,5,0,0,1,0,0,9,4,RH=Crude Sword|LH=Crude Sword|BD=Crude Armour|A1=Crude Bracelet|A2=Crude Bracelet,Swords_T1_03=1,0,Rat|Rat|Rat,party wiped
756,13100,1,Normal,34,3,3,3,0,37,37,0,0,30,0,1,1,0,3,2,2,3,3,0,0,168,0,8,8,2.667,0,1,1,4,4,,,0,-,floor1_town
756,13100,2,Normal,39,3,3,3,0,37,37,0,0,40,0,1,1,0,4,3,3,0,0,0,0,224,8,11,11,3.667,0,1,1,5,4,,,1,Rat,companion_join:Rat
756,13100,3,Normal,16,3,3,2,0,37,0,0,2,48,0,1,2,3,4,3,0,0,0,0,0,275,59,11,9,4.5,1,0,0,17,3,RH=Crude Sword|LH=Crude Sword|BD=Crude Armour|A1=Crude Bracelet|A2=Crude Bracelet,,0,Rat,party wiped; +1 levelup
757,13101,1,Normal,32,4,4,4,0,37,37,0,0,55,0,1,1,0,4,3,0,3,3,0,0,308,29,14,14,3.5,0,1,1,5,3,,,0,-,floor1_town
757,13101,2,Normal,37,4,4,4,0,37,45,0,1,50,0,1,2,1,3,3,0,0,0,0,0,280,0,13,13,3.25,0,1,1,5,3,,,2,Rat|Rat,companion_join:Rat;companion_join:Rat; +1 levelup
757,13101,3,Normal,4,1,1,0,0,45,0,1,1,0,0,2,2,1,0,0,0,0,0,2,0,60,43,2,0,0,1,0,0,5,4,RH=Crude Sword|LH=Crude Sword|BD=Crude Armour|A1=Crude Bracelet|A2=Crude Bracelet,Swords_T1_03=2,0,Rat|Rat,party wiped
758,13102,1,Normal,30,1,1,1,0,37,37,0,0,20,0,1,1,0,3,1,1,3,3,0,0,112,0,6,6,6,0,1,1,2,4,,,0,-,floor1_town
758,13102,2,Normal,34,2,2,2,0,37,37,0,0,25,0,1,1,0,3,2,2,0,1,0,0,140,0,8,8,4,0,1,1,2,4,,,0,-,
758,13102,3,Normal,21,3,3,2,0,37,0,0,0,48,0,1,1,2,7,6,0,0,0,0,0,338,72,12,9,4.5,1,0,0,20,4,RH=Crude Sword|LH=Crude Sword|BD=Crude Armour|A1=Crude Bracelet|A2=Crude Bracelet,,0,-,party wiped
759,13103,1,Normal,28,4,4,4,0,37,37,0,0,45,0,1,1,0,5,0,0,3,3,0,0,252,8,12,12,3,0,1,1,5,2,,,0,-,floor1_town
759,13103,2,Normal,27,3,3,2,0,37,0,0,0,25,0,1,1,0,3,3,0,0,0,0,0,249,37,14,10,5,1,0,0,5,4,RH=Crude Sword|LH=Crude Sword|BD=Crude Armour|A1=Crude Bracelet|A2=Crude Bracelet,,0,-,party wiped
760,13104,1,Normal,26,2,2,2,0,37,37,0,0,10,0,1,1,0,0,0,1,3,3,0,0,56,0,2,2,1,0,1,1,3,1,,,0,-,floor1_town
760,13104,2,Normal,29,3,3,3,0,37,29,0,0,25,0,1,1,0,1,0,1,2,3,0,0,140,8,5,5,1.667,0,1,1,3,2,,,0,-,
760,13104,3,Normal,25,0,0,0,0,29,29,0,0,0,0,1,1,0,0,0,2,2,3,0,0,0,0,0,0,0,0,1,1,3,0,,,0,-,
760,13104,4,Normal,39,6,6,6,0,29,37,0,0,55,0,1,1,0,3,1,2,3,3,0,0,308,16,12,12,2,0,1,1,6,1,,,2,Rat|Rat,companion_join:Rat;companion_join:Rat
760,13104,5,Normal,39,3,3,3,0,37,38,0,2,45,0,1,2,2,3,3,0,0,0,0,0,252,21,13,13,4.333,0,1,1,6,1,,,1,Rat|Rat|Rat,companion_join:Rat; +1 levelup
760,13104,6,Normal,32,2,2,2,0,38,46,2,2,15,0,2,2,0,0,0,0,3,3,1,0,84,14,4,4,2,0,1,1,7,1,,Swords_T1_03=1,0,Rat|Rat|Rat,
760,13104,7,Normal,37,3,3,3,0,46,38,2,2,40,0,2,2,0,3,1,0,0,2,1,0,224,7,13,13,4.333,0,1,1,7,2,,Swords_T1_03=1,1,Rat|Rat|Rat|Rat,companion_join:Rat
760,13104,8,Normal,4,1,1,0,0,38,0,2,2,0,0,2,2,0,3,3,0,0,0,1,0,73,45,2,0,0,1,0,0,13,4,RH=Crude Sword|LH=Crude Sword|BD=Crude Armour|A1=Crude Bracelet|A2=Crude Bracelet,Swords_T1_03=1,0,Rat|Rat|Rat|Rat,party wiped
761,13105,1,Normal,40,6,6,6,0,37,37,0,0,60,0,1,1,0,4,0,2,3,3,0,0,336,16,13,13,2.167,0,1,1,7,2,,,1,Rat,floor1_town;companion_join:Rat
761,13105,2,Normal,37,4,4,4,0,37,45,0,2,45,0,1,2,0,3,1,4,0,2,0,0,252,24,12,12,3,0,1,1,9,1,,,0,Rat,+1 levelup
761,13105,3,Normal,6,2,2,1,0,45,0,2,2,36,0,2,2,6,3,5,0,0,0,1,0,328,50,14,8,8,1,0,0,10,4,RH=Crude Sword|LH=Crude Sword|BD=Crude Armour|A1=Crude Bracelet|A2=Crude Bracelet,Swords_T1_03=1,1,Rat|Goblin,companion_join:Goblin; party wiped
762,13106,1,Normal,38,2,2,2,0,37,37,0,0,35,0,1,1,1,4,3,0,3,3,0,0,196,0,11,11,5.5,0,1,1,3,3,,,0,-,floor1_town
762,13106,2,Normal,40,5,5,5,0,37,45,0,3,70,0,1,2,0,7,5,0,3,3,0,0,392,48,19,19,3.8,0,1,1,6,2,,,0,-,+1 levelup
762,13106,3,Normal,20,2,2,1,0,45,0,3,3,36,0,2,2,0,6,6,0,0,0,1,0,262,65,8,5,5,1,0,0,7,4,RH=Crude Sword|LH=Crude Sword|BD=Crude Armour|A1=Crude Bracelet|A2=Crude Bracelet,Swords_T1_03=1,1,Goblin,companion_join:Goblin; party wiped
763,13107,1,Normal,36,4,4,4,0,37,37,0,0,50,0,1,1,0,8,2,2,3,3,0,0,280,14,17,17,4.25,0,1,1,5,3,,,1,Rat,floor1_town;companion_join:Rat
763,13107,2,Normal,40,4,4,4,0,37,44,0,1,55,0,1,2,2,3,3,2,0,0,1,0,308,0,14,14,3.5,0,1,1,5,1,,Swords_T1_03=1,1,Rat|Rat,companion_join:Rat; +1 levelup
763,13107,3,Normal,18,1,1,0,0,44,0,1,1,0,0,2,2,2,0,0,0,0,0,1,0,90,43,3,0,0,1,0,0,5,3,RH=Crude Sword|LH=Crude Sword|BD=Crude Armour|A1=Crude Bracelet|A2=Crude Bracelet,Swords_T1_03=1,0,Rat|Rat,party wiped
764,13108,1,Normal,34,3,3,3,0,37,37,0,0,45,0,1,1,0,4,0,0,3,3,0,0,252,24,12,12,4,0,1,1,4,2,,,0,-,floor1_town
764,13108,2,Normal,26,3,3,3,0,37,23,0,0,40,0,1,1,0,3,3,1,0,0,0,0,224,14,11,11,3.667,0,1,1,4,3,,,0,-,
764,13108,3,Normal,17,1,1,0,0,23,0,0,0,0,0,1,1,1,3,3,0,0,0,0,0,130,37,5,0,0,1,0,0,10,3,RH=Crude Sword|LH=Crude Sword|BD=Crude Armour|A1=Crude Bracelet|A2=Crude Bracelet,,0,-,party wiped
765,13109,1,Normal,32,4,4,4,0,37,37,0,0,70,0,1,1,0,12,3,2,3,3,0,0,392,16,23,23,5.75,0,1,1,5,3,,,0,-,floor1_town
765,13109,2,Normal,32,2,2,2,0,37,29,0,0,20,0,1,1,0,2,0,3,1,3,0,0,112,8,6,6,3,0,1,1,5,3,,,0,-,
765,13109,3,Normal,27,3,3,2,0,29,0,0,3,24,0,1,2,3,3,3,0,0,0,0,0,176,45,9,5,2.5,1,0,0,11,4,RH=Crude Sword|LH=Crude Sword|BD=Crude Armour|A1=Crude Bracelet|A2=Crude Bracelet,,0,-,party wiped; +1 levelup
766,13110,1,Normal,30,3,3,3,0,37,37,0,0,50,0,1,1,0,6,0,0,3,3,0,0,280,16,13,13,4.333,0,1,1,4,4,,,1,Rat,floor1_town;companion_join:Rat
766,13110,2,Normal,39,4,4,4,0,37,45,0,3,55,0,1,2,0,4,3,1,0,0,0,0,308,24,14,14,3.5,0,1,1,6,4,,,0,Rat,+1 levelup
766,13110,3,Normal,37,3,3,2,1,45,45,3,3,48,0,2,2,3,3,3,0,0,0,2,0,420,67,15,10,5,0,1,1,8,3,,Swords_T1_03=2,1,Rat|Goblin,companion_join:Goblin; flee×1
766,13110,4,Normal,8,1,1,0,0,45,0,3,3,0,0,2,2,0,0,0,0,0,0,1,0,28,44,2,0,0,1,0,0,8,4,RH=Crude Sword|LH=Crude Sword|BD=Crude Armour|A1=Crude Bracelet|A2=Crude Bracelet,Swords_T1_03=1,0,Rat|Goblin,party wiped
767,13111,1,Normal,28,2,2,2,0,37,37,0,0,20,0,1,1,0,1,0,1,3,3,0,0,112,8,5,5,2.5,0,1,1,3,3,,,1,Rat,floor1_town;companion_join:Rat
767,13111,2,Normal,38,1,1,1,0,37,37,0,0,5,0,1,1,0,0,0,2,3,3,0,0,28,0,1,1,1,0,1,1,3,1,,,1,Rat|Rat,companion_join:Rat
767,13111,3,Normal,7,2,2,1,0,37,0,0,0,24,0,1,1,0,6,4,4,0,0,0,0,243,37,8,4,4,1,0,0,15,3,RH=Crude Sword|LH=Crude Sword|BD=Crude Armour|A1=Crude Bracelet|A2=Crude Bracelet,,0,Rat|Rat,party wiped
768,13112,1,Normal,26,2,2,2,0,37,37,0,0,15,0,1,1,0,0,0,0,3,3,0,0,84,0,3,3,1.5,0,1,1,3,2,,,0,-,floor1_town
768,13112,2,Normal,31,4,4,4,0,37,29,0,0,50,0,1,1,1,3,3,0,0,0,0,0,280,16,12,12,3,0,1,1,4,3,,,1,Rat,companion_join:Rat
768,13112,3,Normal,11,1,1,0,0,29,0,0,0,0,0,1,1,1,3,3,0,0,0,0,0,86,37,6,0,0,1,0,0,10,3,RH=Crude Sword|LH=Crude Sword|BD=Crude Armour|A1=Crude Bracelet|A2=Crude Bracelet,,0,Rat,party wiped
769,13113,1,Normal,40,4,4,4,0,37,37,0,0,45,0,1,1,0,4,0,1,3,3,0,0,252,16,14,14,3.5,0,1,1,5,3,,,1,Rat,floor1_town;companion_join:Rat
769,13113,2,Normal,30,4,4,4,0,37,37,0,0,25,0,1,1,0,1,0,3,2,3,0,0,140,0,5,5,1.25,0,1,1,5,1,,,0,Rat,
769,13113,3,Normal,26,0,0,0,0,37,37,0,0,0,0,1,1,0,0,0,5,2,3,0,0,0,0,0,0,0,0,1,1,5,0,,,0,Rat,
769,13113,4,Normal,38,6,6,6,0,37,36,0,2,95,0,1,2,0,6,5,5,0,1,4,0,532,39,23,23,3.833,0,1,1,7,3,,Swords_T1_03=4,0,Rat,+1 levelup
769,13113,5,Normal,25,3,3,3,0,36,31,2,2,50,0,2,2,2,3,1,3,0,3,2,0,280,16,14,14,4.667,0,1,1,8,4,,Swords_T1_03=2,0,Rat,
769,13113,6,Normal,39,2,2,2,0,31,35,2,2,25,0,2,2,0,3,0,3,0,3,1,0,140,8,7,7,3.5,0,1,1,9,2,,Swords_T1_03=1,1,Rat|Rat,companion_join:Rat
769,13113,7,Normal,27,1,1,1,0,35,44,2,2,10,0,2,2,0,0,1,3,0,2,1,0,56,-10,2,2,2,0,1,1,9,2,,Swords_T1_03=1,0,Rat|Rat,
769,13113,8,Normal,7,1,1,0,0,44,0,2,2,0,0,2,2,0,0,0,3,3,3,0,0,27,44,1,0,0,1,0,0,15,1,RH=Crude Sword|LH=Crude Sword|BD=Crude Armour|A1=Crude Bracelet|A2=Crude Bracelet,,0,Rat|Rat,party wiped
770,13114,1,Normal,38,4,4,4,0,37,37,0,0,70,0,1,1,0,10,2,2,3,3,0,0,392,8,18,18,4.5,0,1,1,5,3,,,0,-,floor1_town
770,13114,2,Normal,31,3,3,3,0,37,45,0,2,35,0,1,2,0,3,1,2,0,2,0,0,196,18,11,11,3.667,0,1,1,6,4,,,0,-,+1 levelup
770,13114,3,Normal,5,1,1,0,0,45,0,2,2,0,0,2,2,3,0,2,0,0,0,1,0,167,44,4,0,0,1,0,0,6,4,RH=Crude Sword|LH=Crude Sword|BD=Crude Armour|A1=Crude Bracelet|A2=Crude Bracelet,Swords_T1_03=1,0,-,party wiped
771,13115,1,Normal,36,5,5,5,0,37,37,0,0,65,0,1,1,0,8,2,1,3,3,0,0,364,8,16,16,3.2,0,1,1,6,2,,,1,Rat,floor1_town;companion_join:Rat
771,13115,2,Normal,27,2,2,2,0,37,37,0,0,10,0,1,1,0,0,0,1,3,3,0,0,56,0,2,2,1,0,1,1,6,1,,,0,Rat,
771,13115,3,Normal,37,3,3,3,0,37,46,0,1,36,0,1,2,0,2,0,3,3,3,0,0,180,0,6,6,2,0,1,1,24,1,,,0,Rat,+1 levelup
771,13115,4,Normal,25,3,3,3,0,46,38,1,1,30,0,2,2,0,1,0,3,2,3,1,0,168,7,6,6,2,0,1,1,24,2,,Swords_T1_03=1,0,Rat,
771,13115,5,Normal,31,1,1,1,0,38,38,1,1,20,0,2,2,0,2,0,3,0,3,1,0,112,-1,5,5,5,0,1,1,24,4,,Swords_T1_03=1,1,Rat|Rat,companion_join:Rat
771,13115,6,Normal,36,3,3,3,0,38,33,1,1,25,0,2,2,0,0,2,3,0,1,3,0,140,2,6,6,2,0,1,1,24,3,,Swords_T1_03=3,1,Rat|Rat|Rat,companion_join:Rat
771,13115,7,Normal,25,3,3,3,0,33,46,1,1,25,0,2,2,1,0,1,2,0,0,2,0,140,-1,6,6,2,0,1,1,24,1,,Swords_T1_03=2,0,Rat|Rat|Rat,
771,13115,8,Normal,3,1,1,0,0,46,0,1,1,0,0,2,2,2,0,0,0,3,3,0,0,0,46,1,0,0,1,0,0,30,4,RH=Crude Sword|LH=Crude Sword|BD=Crude Armour|A1=Crude Bracelet|A2=Crude Bracelet,,0,Rat|Rat|Rat,party wiped
772,13116,1,Normal,34,4,4,4,0,37,37,0,0,40,0,1,1,0,3,1,2,3,3,0,0,224,8,9,9,2.25,0,1,1,5,1,,,2,Rat|Rat,floor1_town;companion_join:Rat;companion_join:Rat
772,13116,2,Normal,38,2,2,2,0,37,37,0,0,10,0,1,1,0,0,0,2,3,3,0,0,56,0,2,2,1,0,1,1,5,1,,,1,Rat|Rat|Rat,companion_join:Rat
772,13116,3,Normal,26,4,4,3,0,37,0,0,2,72,0,1,2,4,7,6,0,0,0,2,0,472,58,19,14,4.667,1,0,0,23,4,RH=Crude Sword|LH=Crude Sword|BD=Crude Armour|A1=Crude Bracelet|A2=Crude Bracelet,Swords_T1_03=2,1,Rat|Rat|Rat|Goblin,companion_join:Goblin; party wiped; +1 levelup
773,13117,1,Normal,32,3,3,3,0,37,37,0,0,35,0,1,1,0,3,2,1,3,3,0,0,196,8,9,9,3,0,1,1,4,1,,,0,-,floor1_town
773,13117,2,Normal,25,1,1,1,0,37,37,0,0,10,0,1,1,0,1,0,2,2,3,0,0,56,0,2,2,2,0,1,1,4,2,,,0,-,
773,13117,3,Normal,5,1,1,0,0,37,0,0,0,0,0,1,1,4,3,3,0,0,0,0,0,228,37,7,0,0,1,0,0,10,4,RH=Crude Sword|LH=Crude Sword|BD=Crude Armour|A1=Crude Bracelet|A2=Crude Bracelet,,0,-,party wiped
774,13118,1,Normal,30,2,2,2,0,37,37,0,0,25,0,1,1,0,3,3,2,3,3,0,0,140,0,7,7,3.5,0,1,1,3,1,,,1,Rat,floor1_town;companion_join:Rat
774,13118,2,Normal,35,2,2,2,0,37,37,0,0,20,0,1,1,0,3,1,4,3,3,0,0,112,6,9,9,4.5,0,1,1,4,1,,,1,Rat|Rat,companion_join:Rat
774,13118,3,Normal,37,5,5,5,0,37,43,0,2,72,0,1,2,1,6,2,5,1,3,1,0,360,11,15,15,3,0,1,1,28,1,,Swords_T1_03=1,0,Rat|Rat,+1 levelup
774,13118,4,Normal,28,4,4,4,0,43,36,2,2,35,0,2,2,0,2,1,5,2,3,2,0,196,17,9,9,2.25,0,1,1,29,2,,Swords_T1_03=2,3,Rat|Rat|Rat|Rat|Rat,companion_join:Rat;companion_join:Rat;companion_join:Rat
774,13118,5,Normal,38,5,5,5,0,36,44,2,2,55,0,2,2,2,2,3,3,0,0,3,0,308,-11,14,14,2.8,0,1,1,29,4,,Swords_T1_03=3,0,Rat|Rat|Rat|Rat|Rat,
774,13118,6,Normal,31,3,3,3,0,44,43,2,2,45,0,2,2,1,3,0,2,0,3,2,0,252,11,12,12,4,0,1,1,30,1,,Swords_T1_03=2,0,Rat|Rat|Rat|Rat|Rat,
774,13118,7,Normal,28,4,4,4,0,43,35,2,2,40,0,2,2,1,0,3,1,0,0,4,0,224,4,10,10,2.5,0,1,1,30,4,,Swords_T1_03=4,2,Rat|Rat|Rat|Rat|Rat|Rat|Rat,companion_join:Rat;companion_join:Rat
774,13118,8,Normal,8,1,1,0,0,35,0,2,2,0,0,2,2,1,1,0,0,2,3,1,0,61,43,2,0,0,1,0,0,36,3,RH=Crude Sword|LH=Crude Sword|BD=Crude Armour|A1=Crude Bracelet|A2=Crude Bracelet,Swords_T1_03=1,0,Rat|Rat|Rat|Rat|Rat|Rat|Rat,party wiped
775,13119,1,Normal,28,3,3,3,0,37,37,0,0,45,0,1,1,0,6,4,0,3,3,0,0,252,8,14,14,4.667,0,1,1,4,4,,,1,Rat,floor1_town;companion_join:Rat
775,13119,2,Normal,25,2,2,2,0,37,37,0,0,30,0,1,1,0,4,0,2,0,3,0,0,168,8,8,8,4,0,1,1,5,3,,,1,Rat|Rat,companion_join:Rat
775,13119,3,Normal,15,2,2,1,0,37,0,0,3,36,0,1,2,3,3,3,0,0,0,0,0,217,45,10,8,8,1,0,0,11,2,RH=Crude Sword|LH=Crude Sword|BD=Crude Armour|A1=Crude Bracelet|A2=Crude Bracelet,,0,Rat|Rat,party wiped; +1 levelup
776,13120,1,Normal,26,2,2,2,0,37,37,0,0,15,0,1,1,0,0,0,2,3,3,0,0,84,8,3,3,1.5,0,1,1,3,2,,,0,-,floor1_town
776,13120,2,Normal,28,1,1,1,0,37,37,0,0,15,0,1,1,0,2,0,3,1,3,0,0,84,0,4,4,4,0,1,1,3,3,,,1,Rat,companion_join:Rat
776,13120,3,Normal,3,1,1,0,0,37,0,0,0,0,0,1,1,2,3,3,2,0,0,0,0,120,37,5,0,0,1,0,0,9,3,RH=Crude Sword|LH=Crude Sword|BD=Crude Armour|A1=Crude Bracelet|A2=Crude Bracelet,,0,Rat,party wiped
777,13121,1,Normal,40,5,5,5,0,37,37,0,0,70,0,1,1,0,9,2,0,3,3,0,0,392,8,17,17,3.4,0,1,1,6,3,,,2,Rat|Rat,floor1_town;companion_join:Rat;companion_join:Rat
777,13121,2,Normal,38,4,4,3,1,37,33,0,3,50,0,1,2,1,4,3,0,2,3,1,0,280,66,16,15,5,0,1,1,7,3,,Swords_T1_03=1,0,Rat|Rat,+1 levelup; flee×1
777,13121,3,Normal,7,1,1,0,0,33,0,3,3,0,0,2,2,0,3,3,0,0,0,1,0,155,44,4,0,0,1,0,0,8,4,RH=Crude Sword|LH=Crude Sword|BD=Crude Armour|A1=Crude Bracelet|A2=Crude Bracelet,Swords_T1_03=1,0,Rat|Rat,party wiped
778,13122,1,Normal,38,6,6,6,0,37,37,0,0,85,0,1,1,0,11,3,1,3,3,0,0,476,8,22,22,3.667,0,1,1,7,4,,,1,Rat,floor1_town;companion_join:Rat
778,13122,2,Normal,30,2,2,2,0,37,46,0,1,35,0,1,2,0,3,2,1,0,1,1,0,196,7,9,9,4.5,0,1,1,7,3,,Swords_T1_03=1,0,Rat,+1 levelup
778,13122,3,Normal,18,3,3,2,0,46,0,1,1,72,0,2,2,3,3,4,0,0,0,3,0,457,67,12,10,5,1,0,0,8,4,RH=Crude Sword|LH=Crude Sword|BD=Crude Armour|A1=Crude Bracelet|A2=Crude Bracelet,Swords_T1_03=3,1,Rat|Goblin,companion_join:Goblin; party wiped
779,13123,1,Normal,36,2,2,2,0,37,37,0,0,35,0,1,1,0,6,4,0,3,3,0,0,196,22,13,13,6.5,0,1,1,3,4,,,0,-,floor1_town
779,13123,2,Normal,28,4,4,4,0,37,37,0,0,45,0,1,1,0,5,3,0,1,3,0,0,252,24,12,12,3,0,1,1,5,2,,,1,Rat,companion_join:Rat
779,13123,3,Normal,12,1,1,0,0,37,0,0,0,0,0,1,1,0,3,3,0,0,0,0,0,91,37,3,0,0,1,0,0,11,4,RH=Crude Sword|LH=Crude Sword|BD=Crude Armour|A1=Crude Bracelet|A2=Crude Bracelet,,0,Rat,party wiped
780,13124,1,Normal,34,4,4,4,0,37,37,0,0,50,0,1,1,0,5,1,1,3,3,0,0,280,8,13,13,3.25,0,1,1,5,2,,,1,Rat,floor1_town;companion_join:Rat
780,13124,2,Normal,39,6,6,6,0,37,45,0,2,85,0,1,2,0,9,5,2,0,1,0,0,476,35,27,27,4.5,0,1,1,7,3,,,4,Rat|Rat|Rat|Rat|Rat,companion_join:Rat;companion_join:Rat;companion_join:Rat;companion_join:Rat; +1 levelup
780,13124,3,Normal,4,1,1,0,0,45,0,2,2,0,0,2,2,3,0,1,0,0,0,1,0,120,44,4,0,0,1,0,0,7,4,RH=Crude Sword|LH=Crude Sword|BD=Crude Armour|A1=Crude Bracelet|A2=Crude Bracelet,Swords_T1_03=1,0,Rat|Rat|Rat|Rat|Rat,party wiped
781,13125,1,Normal,32,5,5,5,0,37,37,0,0,80,0,1,1,0,9,5,2,3,3,0,0,448,24,21,21,4.2,0,1,1,6,4,,,0,-,floor1_town
781,13125,2,Normal,38,5,5,5,0,37,37,0,2,75,0,1,2,1,6,3,3,0,3,3,0,420,30,22,22,4.4,0,1,1,7,3,,Swords_T1_03=3,1,Rat,companion_join:Rat; +1 levelup
781,13125,3,Normal,39,5,5,5,0,37,31,2,2,96,0,2,2,3,6,6,2,0,0,2,0,480,28,18,18,3.6,0,1,1,9,2,,Swords_T1_03=2,2,Rat|Goblin|Goblin,companion_join:Goblin;companion_join:Goblin
781,13125,4,Normal,29,4,4,4,0,31,46,2,2,45,0,2,2,0,3,2,2,0,1,2,0,252,-2,12,12,3,0,1,1,10,3,,Swords_T1_03=2,1,Rat|Goblin|Goblin|Rat,companion_join:Rat
781,13125,5,Normal,30,5,5,5,0,46,42,2,5,65,0,2,3,1,3,1,1,0,3,5,0,364,37,16,16,3.2,0,1,1,11,3,,Swords_T1_03=3|Swords_T1_04=2,3,Rat|Goblin|Goblin|Rat|Rat|Rat|Rat,companion_join:Rat;companion_join:Rat;companion_join:Rat; +1 levelup
781,13125,6,Normal,40,3,3,2,1,42,12,5,5,35,0,3,3,1,0,3,0,0,0,4,0,197,26,9,8,4,0,1,1,11,4,,Swords_T1_03=2|Swords_T1_04=2,0,Rat|Goblin|Goblin|Rat|Rat|Rat|Rat,flee×1
781,13125,7,Normal,27,4,4,4,0,12,40,5,5,55,0,3,3,0,3,2,0,0,1,5,0,308,8,14,14,3.5,0,1,1,12,2,,Swords_T1_03=3|Swords_T1_04=2,2,Rat|Goblin|Goblin|Rat|Rat|Rat|Rat|Rat|Rat,companion_join:Rat;companion_join:Rat
781,13125,8,Normal,5,1,1,0,0,40,0,5,5,0,0,3,3,0,3,2,0,0,1,0,0,86,54,2,0,0,1,0,0,18,3,RH=Crude Sword|LH=Crude Sword|BD=Crude Armour|A1=Crude Bracelet|A2=Crude Bracelet,,0,Rat|Goblin|Goblin|Rat|Rat|Rat|Rat|Rat|Rat,party wiped
782,13126,1,Normal,30,3,3,3,0,37,37,0,0,40,0,1,1,0,5,1,1,3,3,0,0,224,8,10,10,3.333,0,1,1,4,3,,,0,-,floor1_town
782,13126,2,Normal,34,4,4,4,0,37,29,0,0,55,0,1,1,0,3,3,2,0,0,0,0,308,8,12,12,3,0,1,1,4,4,,,2,Rat|Rat,companion_join:Rat;companion_join:Rat
782,13126,3,Normal,26,4,4,3,0,29,0,0,2,96,0,1,2,2,6,6,0,0,0,1,0,573,87,18,16,5.333,1,0,0,11,3,RH=Crude Sword|LH=Crude Sword|BD=Crude Armour|A1=Crude Bracelet|A2=Crude Bracelet,Swords_T1_03=1,1,Rat|Rat|Goblin,companion_join:Goblin; party wiped; +1 levelup
783,13127,1,Normal,28,5,5,5,0,37,37,0,0,50,0,1,1,0,2,0,2,3,3,0,0,280,24,12,12,2.4,0,1,1,6,2,,,2,Rat|Rat,floor1_town;companion_join:Rat;companion_join:Rat
783,13127,2,Normal,35,3,3,3,0,37,37,0,0,30,0,1,1,0,2,0,2,1,3,0,0,168,8,7,7,2.333,0,1,1,7,3,,,0,Rat|Rat,
783,13127,3,Normal,39,2,2,2,0,37,45,0,1,48,0,1,2,2,4,3,0,0,0,0,0,240,0,9,9,4.5,0,1,1,19,3,,,1,Rat|Rat|Goblin,companion_join:Goblin; +1 levelup
783,13127,4,Normal,37,6,6,6,0,45,27,1,1,60,0,2,2,0,3,3,0,0,0,4,0,336,42,17,17,2.833,0,1,1,20,4,,Swords_T1_03=4,3,Rat|Rat|Goblin|Rat|Rat|Rat,companion_join:Rat;companion_join:Rat;companion_join:Rat
783,13127,5,Normal,38,4,4,3,1,27,11,1,1,45,0,2,2,0,3,3,0,0,0,2,0,308,32,17,15,5,0,1,1,21,3,,Swords_T1_03=2,3,Rat|Rat|Goblin|Rat|Rat|Rat|Rat|Rat|Rat,companion_join:Rat;companion_join:Rat;companion_join:Rat; flee×1
783,13127,6,Normal,40,6,6,6,0,11,54,1,3,70,0,2,3,0,3,2,0,0,1,3,0,392,6,18,18,3,0,1,1,22,2,,Swords_T1_03=3,2,Rat|Rat|Goblin|Rat|Rat|Rat|Rat|Rat|Rat|Rat|Rat,companion_join:Rat;companion_join:Rat; +1 levelup
783,13127,7,Normal,37,5,5,5,0,54,52,3,3,50,0,3,3,0,0,1,0,3,3,3,0,280,32,11,11,2.2,0,1,1,23,1,,Swords_T1_03=2|Swords_T1_04=1,3,Rat|Rat|Goblin|Rat|Rat|Rat|Rat|Rat|Rat|Rat|Rat|Rat|Rat|Rat,companion_join:Rat;companion_join:Rat;companion_join:Rat
783,13127,8,Normal,2,1,1,0,0,52,0,3,3,0,0,3,3,0,3,3,0,0,0,1,0,118,52,3,0,0,1,0,0,29,3,RH=Crude Sword|LH=Crude Sword|BD=Crude Armour|A1=Crude Bracelet|A2=Crude Bracelet,Swords_T1_03=1,0,Rat|Rat|Goblin|Rat|Rat|Rat|Rat|Rat|Rat|Rat|Rat|Rat|Rat|Rat,party wiped
784,13128,1,Normal,26,1,1,1,0,37,37,0,0,15,0,1,1,0,3,1,0,3,3,0,0,84,0,5,5,5,0,1,1,2,3,,,0,-,floor1_town
784,13128,2,Normal,31,4,4,4,0,37,29,0,0,50,0,1,1,0,5,0,2,1,3,0,0,280,16,12,12,3,0,1,1,3,3,,,2,Rat|Rat,companion_join:Rat;companion_join:Rat
784,13128,3,Normal,6,1,1,0,0,29,0,0,0,0,0,1,1,2,3,3,0,0,0,0,0,123,37,4,0,0,1,0,0,9,4,RH=Crude Sword|LH=Crude Sword|BD=Crude Armour|A1=Crude Bracelet|A2=Crude Bracelet,,0,Rat|Rat,party wiped
785,13129,1,Normal,40,7,7,7,0,37,37,0,0,85,0,1,1,0,9,0,2,3,3,0,0,476,16,22,22,3.143,0,1,1,8,1,,,2,Rat|Rat,floor1_town;companion_join:Rat;companion_join:Rat
785,13129,2,Normal,29,4,4,4,0,37,44,0,1,35,0,1,2,0,3,0,4,0,3,2,0,196,0,8,8,2,0,1,1,8,1,,Swords_T1_03=2,1,Rat|Rat|Rat,companion_join:Rat; +1 levelup
785,13129,3,Normal,6,1,1,0,0,44,0,1,1,0,0,2,2,5,0,3,0,0,0,2,0,148,42,6,0,0,1,0,0,8,4,RH=Crude Sword|LH=Crude Sword|BD=Crude Armour|A1=Crude Bracelet|A2=Crude Bracelet,Swords_T1_03=2,0,Rat|Rat|Rat,party wiped
786,13130,1,Normal,38,5,5,5,0,37,37,0,0,55,0,1,1,0,4,0,0,3,3,0,0,308,8,15,15,3,0,1,1,6,1,,,1,Rat,floor1_town;companion_join:Rat
786,13130,2,Normal,35,5,5,5,0,37,18,0,2,60,0,1,2,0,3,3,1,0,0,0,0,336,35,14,14,2.8,0,1,1,6,3,,,1,Rat|Rat,companion_join:Rat; +1 levelup
786,13130,3,Normal,32,3,3,2,1,18,6,2,2,60,0,2,2,2,3,3,0,0,0,2,0,360,37,11,9,4.5,0,1,1,7,2,,Swords_T1_03=2,0,Rat|Rat,flee×1
786,13130,4,Normal,34,4,4,4,0,6,45,2,2,40,0,2,2,0,3,3,0,0,0,2,0,224,-2,12,12,3,0,1,1,8,2,,Swords_T1_03=2,0,Rat|Rat,
786,13130,5,Normal,34,3,3,2,1,45,45,2,2,30,0,2,2,0,3,2,0,0,1,2,0,168,31,10,8,4,0,1,1,9,2,,Swords_T1_03=2,1,Rat|Rat|Rat,companion_join:Rat; flee×1
786,13130,6,Normal,8,1,1,0,0,45,0,2,2,0,0,2,2,0,0,1,0,0,0,0,0,84,45,4,0,0,1,0,0,9,4,RH=Crude Sword|LH=Crude Sword|BD=Crude Armour|A1=Crude Bracelet|A2=Crude Bracelet,,0,Rat|Rat|Rat,party wiped
787,13131,1,Normal,36,3,3,3,0,37,37,0,0,35,0,1,1,0,2,0,1,3,3,0,0,196,24,8,8,2.667,0,1,1,4,2,,,0,-,floor1_town
787,13131,2,Normal,31,4,4,4,0,37,37,0,0,50,0,1,1,0,6,0,2,2,3,0,0,280,16,13,13,3.25,0,1,1,6,2,,,0,-,
787,13131,3,Normal,28,2,2,2,0,37,45,0,3,36,0,1,2,0,4,0,4,0,3,0,0,180,0,6,6,3,0,1,1,18,2,,,0,-,+1 levelup
787,13131,4,Normal,39,5,5,5,0,45,44,3,3,40,0,2,2,0,0,2,4,0,1,3,0,224,-2,9,9,1.8,0,1,1,18,1,,Swords_T1_03=3,4,Rat|Rat|Rat|Rat,companion_join:Rat;companion_join:Rat;companion_join:Rat;companion_join:Rat
787,13131,5,Normal,35,4,4,4,0,44,45,3,3,55,0,2,2,3,3,4,1,3,3,4,0,308,23,21,21,5.25,0,1,1,20,1,,Swords_T1_03=4,3,Rat|Rat|Rat|Rat|Rat|Rat|Rat,companion_join:Rat;companion_join:Rat;companion_join:Rat
787,13131,6,Normal,33,5,5,4,1,45,7,3,3,45,0,2,2,1,3,3,0,0,0,4,0,336,34,16,12,3,0,1,1,20,4,,Swords_T1_03=4,0,Rat|Rat|Rat|Rat|Rat|Rat|Rat,flee×1
787,13131,7,Normal,28,2,2,2,0,7,36,3,3,20,0,2,2,0,2,0,0,1,3,1,0,112,8,7,7,3.5,0,1,1,21,1,,Swords_T1_03=1,0,Rat|Rat|Rat|Rat|Rat|Rat|Rat,
787,13131,8,Normal,14,1,1,0,0,36,0,3,3,0,0,2,2,0,0,0,0,3,3,0,0,41,45,1,0,0,1,0,0,27,2,RH=Crude Sword|LH=Crude Sword|BD=Crude Armour|A1=Crude Bracelet|A2=Crude Bracelet,,0,Rat|Rat|Rat|Rat|Rat|Rat|Rat,party wiped
788,13132,1,Normal,34,4,4,4,0,37,37,0,0,55,0,1,1,0,7,2,0,3,3,0,0,308,8,15,15,3.75,0,1,1,5,4,,,1,Rat,floor1_town;companion_join:Rat
788,13132,2,Normal,36,4,4,4,0,37,44,0,2,50,0,1,2,0,6,0,2,0,3,0,0,280,16,12,12,3,0,1,1,6,3,,,0,Rat,+1 levelup
788,13132,3,Normal,3,1,1,0,0,44,0,2,2,0,0,2,2,1,0,3,2,0,0,0,0,95,44,2,0,0,1,0,0,6,4,RH=Crude Sword|LH=Crude Sword|BD=Crude Armour|A1=Crude Bracelet|A2=Crude Bracelet,,0,Rat,party wiped
789,13133,1,Normal,32,5,5,5,0,37,37,0,0,80,0,1,1,0,13,5,1,3,3,0,0,448,24,28,28,5.6,0,1,1,6,3,,,1,Rat,floor1_town;companion_join:Rat
789,13133,2,Normal,22,4,4,3,0,37,0,0,2,40,0,1,2,1,3,3,0,0,0,1,0,308,45,16,12,4,1,0,0,6,4,RH=Crude Sword|LH=Crude Sword|BD=Crude Armour|A1=Crude Bracelet|A2=Crude Bracelet,Swords_T1_03=1,2,Rat|Rat|Rat,companion_join:Rat;companion_join:Rat; party wiped; +1 levelup
790,13134,1,Normal,30,4,4,4,0,37,37,0,0,55,0,1,1,0,6,3,0,3,3,0,0,308,24,16,16,4,0,1,1,5,2,,,2,Rat|Rat,floor1_town;companion_join:Rat;companion_join:Rat
790,13134,2,Normal,30,3,3,3,0,37,37,0,0,40,0,1,1,0,3,3,0,3,3,0,0,224,13,10,10,3.333,0,1,1,6,1,,,1,Rat|Rat|Rat,companion_join:Rat
790,13134,3,Normal,3,1,1,0,0,37,0,0,0,0,0,1,1,0,3,3,0,0,0,0,0,155,37,6,0,0,1,0,0,12,3,RH=Crude Sword|LH=Crude Sword|BD=Crude Armour|A1=Crude Bracelet|A2=Crude Bracelet,,0,Rat|Rat|Rat,party wiped
791,13135,1,Normal,28,5,5,5,0,37,37,0,0,85,0,1,1,1,10,8,0,3,3,0,0,476,30,29,29,5.8,0,1,1,6,2,,,0,-,floor1_town
791,13135,2,Normal,36,6,6,6,0,37,32,0,1,75,0,1,2,0,3,3,2,0,0,1,0,420,20,17,17,2.833,0,1,1,7,3,,Swords_T1_03=1,3,Rat|Rat|Rat,companion_join:Rat;companion_join:Rat;companion_join:Rat; +1 levelup
791,13135,3,Normal,36,3,3,3,0,32,31,1,1,72,0,2,2,3,3,3,0,0,0,2,0,360,12,13,13,4.333,0,1,1,8,1,,Swords_T1_03=2,1,Rat|Rat|Rat|Goblin,companion_join:Goblin
791,13135,4,Normal,31,4,4,3,1,31,39,1,1,50,0,2,2,0,6,3,0,0,3,3,0,364,40,19,16,5.333,0,1,1,10,3,,Swords_T1_03=3,1,Rat|Rat|Rat|Goblin|Rat,companion_join:Rat; flee×1
791,13135,5,Normal,37,3,3,3,0,39,53,1,3,35,0,2,3,0,0,3,0,0,0,1,0,196,7,10,10,3.333,0,1,1,10,1,,Swords_T1_03=1,2,Rat|Rat|Rat|Goblin|Rat|Rat|Rat,companion_join:Rat;companion_join:Rat; +1 levelup
791,13135,6,Normal,28,2,2,2,0,53,16,3,3,30,0,3,3,0,0,0,0,0,0,1,0,168,35,8,8,4,0,1,1,10,4,,Swords_T1_03=1,1,Rat|Rat|Rat|Goblin|Rat|Rat|Rat|Rat,companion_join:Rat
791,13135,7,Normal,38,5,5,5,0,16,53,3,3,60,0,3,3,0,3,2,0,0,1,3,0,336,-6,13,13,2.6,0,1,1,11,4,,Swords_T1_03=3,1,Rat|Rat|Rat|Goblin|Rat|Rat|Rat|Rat|Rat,companion_join:Rat
791,13135,8,Normal,10,1,1,0,0,53,0,3,3,0,0,3,3,0,3,3,0,0,0,1,0,79,53,3,0,0,1,0,0,17,3,RH=Crude Sword|LH=Crude Sword|BD=Crude Armour|A1=Crude Bracelet|A2=Crude Bracelet,Swords_T1_04=1,0,Rat|Rat|Rat|Goblin|Rat|Rat|Rat|Rat|Rat,party wiped
792,13136,1,Normal,26,2,2,2,0,37,37,0,0,15,0,1,1,0,0,0,2,3,3,0,0,84,8,3,3,1.5,0,1,1,3,2,,,1,Rat,floor1_town;companion_join:Rat
792,13136,2,Normal,39,2,2,2,0,37,37,0,0,35,0,1,1,0,6,3,4,0,3,0,0,196,21,12,12,6,0,1,1,4,3,,,0,Rat,
792,13136,3,Normal,10,2,2,1,0,37,0,0,0,36,0,1,1,4,6,6,1,0,0,0,0,318,37,11,6,6,1,0,0,16,4,RH=Crude Sword|LH=Crude Sword|BD=Crude Armour|A1=Crude Bracelet|A2=Crude Bracelet,,0,Rat,party wiped
793,13137,1,Normal,40,6,6,6,0,37,37,0,0,80,0,1,1,0,9,5,1,3,3,0,0,448,24,22,22,3.667,0,1,1,7,4,,,3,Rat|Rat|Rat,floor1_town;companion_join:Rat;companion_join:Rat;companion_join:Rat
793,13137,2,Normal,36,4,4,4,0,37,45,0,1,60,0,1,2,0,3,3,2,0,0,2,0,336,6,15,15,3.75,0,1,1,7,3,,Swords_T1_03=2,0,Rat|Rat|Rat,+1 levelup
793,13137,3,Normal,7,1,1,0,0,45,0,1,1,0,0,2,2,3,0,0,0,0,0,2,0,90,43,3,0,0,1,0,0,7,4,RH=Crude Sword|LH=Crude Sword|BD=Crude Armour|A1=Crude Bracelet|A2=Crude Bracelet,Swords_T1_03=2,0,Rat|Rat|Rat,party wiped
794,13138,1,Normal,38,5,5,5,0,37,37,0,0,70,0,1,1,0,7,2,2,3,3,0,0,392,32,19,19,3.8,0,1,1,6,4,,,1,Rat,floor1_town;companion_join:Rat
794,13138,2,Normal,31,4,4,4,0,37,20,0,2,50,0,1,2,0,3,3,2,0,0,0,0,280,24,14,14,3.5,0,1,1,6,4,,,0,Rat,+1 levelup
794,13138,3,Normal,24,3,3,2,0,20,0,2,2,84,0,2,2,3,9,9,0,0,0,2,0,508,111,18,15,7.5,1,0,0,9,4,RH=Crude Sword|LH=Crude Sword|BD=Crude Armour|A1=Crude Bracelet|A2=Crude Bracelet,Swords_T1_03=2,1,Rat|Goblin,companion_join:Goblin; party wiped
795,13139,1,Normal,36,5,5,5,0,37,37,0,0,65,0,1,1,0,6,2,0,3,3,0,0,364,16,17,17,3.4,0,1,1,6,2,,,2,Rat|Rat,floor1_town;companion_join:Rat;companion_join:Rat
795,13139,2,Normal,37,5,5,5,0,37,24,0,2,70,0,1,2,0,6,4,1,0,0,1,0,392,27,20,20,4,0,1,1,7,3,,Swords_T1_03=1,1,Rat|Rat|Rat,companion_join:Rat; +1 levelup
795,13139,3,Normal,23,3,3,2,0,24,0,2,2,48,0,2,2,2,3,3,0,0,0,3,0,327,43,8,6,3,1,0,0,8,3,RH=Crude Sword|LH=Crude Sword|BD=Crude Armour|A1=Crude Bracelet|A2=Crude Bracelet,Swords_T1_03=3,1,Rat|Rat|Rat|Goblin,companion_join:Goblin; party wiped
796,13140,1,Normal,34,6,6,6,0,37,37,0,0,75,0,1,1,0,9,3,2,3,3,0,0,420,14,24,24,4,0,1,1,7,2,,,2,Rat|Rat,floor1_town;companion_join:Rat;companion_join:Rat
796,13140,2,Normal,36,3,3,3,0,37,45,0,3,40,0,1,2,0,5,2,4,0,1,0,0,224,8,11,11,3.667,0,1,1,8,4,,,0,Rat|Rat,+1 levelup
796,13140,3,Normal,12,2,2,1,0,45,0,3,3,12,0,2,2,4,0,1,0,0,0,1,0,236,44,7,2,2,1,0,0,8,4,RH=Crude Sword|LH=Crude Sword|BD=Crude Armour|A1=Crude Bracelet|A2=Crude Bracelet,Swords_T1_03=1,0,Rat|Rat,party wiped
797,13141,1,Normal,32,3,3,3,0,37,37,0,0,45,0,1,1,0,7,0,0,3,3,0,0,252,8,12,12,4,0,1,1,4,3,,,0,-,floor1_town
797,13141,2,Normal,32,2,2,2,0,37,37,0,0,20,0,1,1,0,1,0,1,2,3,0,0,112,8,5,5,2.5,0,1,1,5,2,,,0,-,
797,13141,3,Normal,11,2,2,1,0,37,0,0,0,24,0,1,1,2,6,5,0,0,0,0,0,243,37,8,4,4,1,0,0,17,4,RH=Crude Sword|LH=Crude Sword|BD=Crude Armour|A1=Crude Bracelet|A2=Crude Bracelet,,0,-,party wiped
798,13142,1,Normal,30,3,3,3,0,37,37,0,0,35,0,1,1,0,4,0,1,3,3,0,0,196,0,10,10,3.333,0,1,1,4,2,,,1,Rat,floor1_town;companion_join:Rat
798,13142,2,Normal,29,4,4,4,0,37,29,0,0,35,0,1,1,0,3,0,3,3,3,0,0,196,18,10,10,2.5,0,1,1,5,2,,,3,Rat|Rat|Rat|Rat,companion_join:Rat;companion_join:Rat;companion_join:Rat
798,13142,3,Normal,11,2,2,1,0,29,0,0,0,12,0,1,1,4,3,3,0,0,0,0,0,204,37,8,3,3,1,0,0,17,4,RH=Crude Sword|LH=Crude Sword|BD=Crude Armour|A1=Crude Bracelet|A2=Crude Bracelet,,0,Rat|Rat|Rat|Rat,party wiped
799,13143,1,Normal,28,3,3,3,0,37,37,0,0,50,0,1,1,0,7,4,0,3,3,0,0,280,0,16,16,5.333,0,1,1,4,4,,,0,-,floor1_town
799,13143,2,Normal,32,5,5,5,0,37,44,0,3,50,0,1,2,1,3,3,1,0,0,0,0,280,0,12,12,2.4,0,1,1,4,4,,,2,Rat|Rat,companion_join:Rat;companion_join:Rat; +1 levelup
799,13143,3,Normal,7,2,2,1,0,44,0,3,3,24,0,2,2,1,3,3,0,0,0,1,0,223,78,8,5,5,1,0,0,5,4,RH=Crude Sword|LH=Crude Sword|BD=Crude Armour|A1=Crude Bracelet|A2=Crude Bracelet,Swords_T1_03=1,0,Rat|Rat,party wiped
800,13144,1,Normal,26,3,3,3,0,37,37,0,0,45,0,1,1,0,6,1,1,3,3,0,0,252,0,11,11,3.667,0,1,1,4,4,,,0,-,floor1_town
800,13144,2,Normal,40,4,4,4,0,37,37,0,0,40,0,1,1,0,1,0,3,2,3,0,0,224,16,9,9,2.25,0,1,1,6,3,,,2,Rat|Rat,companion_join:Rat;companion_join:Rat
800,13144,3,Normal,23,3,3,2,0,37,0,0,1,60,0,1,2,3,6,6,0,0,0,2,0,448,87,14,10,5,1,0,0,13,4,RH=Crude Sword|LH=Crude Sword|BD=Crude Armour|A1=Crude Bracelet|A2=Crude Bracelet,Swords_T1_03=2,0,Rat|Rat,party wiped; +1 levelup
801,13145,1,Normal,40,1,1,1,0,37,37,0,0,5,0,1,1,0,0,0,2,3,3,0,0,28,0,1,1,1,0,1,1,2,1,,,0,-,floor1_town
801,13145,2,Normal,29,3,3,3,0,37,37,0,0,20,0,1,1,0,1,0,4,2,3,0,0,112,0,4,4,1.333,0,1,1,2,1,,,2,Rat|Rat,companion_join:Rat;companion_join:Rat
801,13145,3,Normal,2,1,1,0,0,37,0,0,0,0,0,1,1,5,3,3,0,0,0,0,0,163,37,6,0,0,1,0,0,8,4,RH=Crude Sword|LH=Crude Sword|BD=Crude Armour|A1=Crude Bracelet|A2=Crude Bracelet,,0,Rat|Rat,party wiped
802,13146,1,Normal,38,3,3,3,0,37,37,0,0,35,0,1,1,0,2,0,1,3,3,0,0,196,16,9,9,3,0,1,1,4,1,,,2,Rat|Rat,floor1_town;companion_join:Rat;companion_join:Rat
802,13146,2,Normal,39,7,7,7,0,37,32,0,1,85,0,1,2,0,6,5,2,0,1,0,0,476,21,24,24,3.429,0,1,1,5,3,,,2,Rat|Rat|Rat|Rat,companion_join:Rat;companion_join:Rat; +1 levelup
802,13146,3,Normal,20,1,1,0,0,32,0,1,1,0,0,2,2,3,3,3,0,0,0,1,0,208,44,7,0,0,1,0,0,6,4,RH=Crude Sword|LH=Crude Sword|BD=Crude Armour|A1=Crude Bracelet|A2=Crude Bracelet,Swords_T1_03=1,0,Rat|Rat|Rat|Rat,party wiped
803,13147,1,Normal,36,4,4,4,0,37,37,0,0,30,0,1,1,0,0,0,2,3,3,0,0,168,16,6,6,1.5,0,1,1,5,2,,,1,Rat,floor1_town;companion_join:Rat
803,13147,2,Normal,34,3,3,3,0,37,37,0,0,30,0,1,1,0,3,0,4,2,3,0,0,168,8,8,8,2.667,0,1,1,6,2,,,0,Rat,
803,13147,3,Normal,34,2,2,2,0,37,37,0,0,36,0,1,1,0,4,1,4,0,2,0,0,180,0,6,6,3,0,1,1,18,2,,,0,Rat,
803,13147,4,Normal,35,2,2,2,0,37,45,0,3,25,0,1,2,0,0,2,4,0,0,1,0,140,7,6,6,3,0,1,1,18,2,,Swords_T1_03=1,0,Rat,+1 levelup
803,13147,5,Normal,25,1,1,1,0,45,37,3,3,10,0,2,2,0,0,0,4,0,0,0,0,56,8,2,2,2,0,1,1,18,2,,,0,Rat,
803,13147,6,Normal,27,3,3,3,0,37,45,3,3,25,0,2,2,0,1,0,4,2,3,2,0,140,21,6,6,2,0,1,1,19,2,,Swords_T1_03=2,1,Rat|Rat,companion_join:Rat
803,13147,7,Normal,38,4,4,4,0,45,45,3,3,40,0,2,2,0,2,1,4,0,2,3,0,224,-3,9,9,2.25,0,1,1,19,2,,Swords_T1_03=3,0,Rat|Rat,
803,13147,8,Normal,8,1,1,0,0,45,0,3,3,0,0,2,2,0,0,0,4,3,3,1,0,48,44,1,0,0,1,0,0,25,3,RH=Crude Sword|LH=Crude Sword|BD=Crude Armour|A1=Crude Bracelet|A2=Crude Bracelet,Swords_T1_03=1,0,Rat|Rat,party wiped
804,13148,1,Normal,34,4,4,4,0,37,37,0,0,55,0,1,1,0,6,2,1,3,3,0,0,308,16,15,15,3.75,0,1,1,5,2,,,1,Rat,floor1_town;companion_join:Rat
804,13148,2,Normal,28,1,1,1,0,37,37,0,0,15,0,1,1,0,3,0,2,0,3,0,0,84,0,4,4,4,0,1,1,5,3,,,1,Rat|Rat,companion_join:Rat
804,13148,3,Normal,24,3,3,1,1,37,0,0,0,12,0,1,1,2,7,6,0,0,0,0,0,240,65,9,2,2,1,0,0,23,4,RH=Crude Sword|LH=Crude Sword|BD=Crude Armour|A1=Crude Bracelet|A2=Crude Bracelet,,0,Rat|Rat,party wiped; flee×1
805,13149,1,Normal,32,6,6,6,0,37,37,0,0,75,0,1,1,0,8,1,2,3,3,0,0,420,8,18,18,3,0,1,1,7,1,,,3,Rat|Rat|Rat,floor1_town;companion_join:Rat;companion_join:Rat;companion_join:Rat
805,13149,2,Normal,33,3,3,3,0,37,27,0,1,55,0,1,2,1,3,3,3,0,0,1,0,308,26,16,16,5.333,0,1,1,7,4,,Swords_T1_03=1,0,Rat|Rat|Rat,+1 levelup
805,13149,3,Normal,28,1,1,1,0,27,45,1,1,36,0,2,2,1,3,3,3,0,0,1,0,180,0,7,7,7,0,1,1,8,3,,Swords_T1_03=1,0,Rat|Rat|Rat,
805,13149,4,Normal,38,4,4,4,0,45,38,1,1,30,0,2,2,1,0,0,2,0,0,0,0,168,7,8,8,2,0,1,1,8,1,,,1,Rat|Rat|Rat|Rat,companion_join:Rat
805,13149,5,Normal,29,2,2,2,0,38,29,1,1,15,0,2,2,0,0,0,2,0,0,1,0,84,8,3,3,1.5,0,1,1,8,2,,Swords_T1_03=1,0,Rat|Rat|Rat|Rat,
805,13149,6,Normal,34,5,5,5,0,29,33,1,1,65,0,2,2,1,3,3,1,0,0,2,0,364,11,16,16,3.2,0,1,1,9,1,,Swords_T1_03=2,2,Rat|Rat|Rat|Rat|Rat|Rat,companion_join:Rat;companion_join:Rat
805,13149,7,Normal,36,7,7,5,2,33,42,1,4,60,0,2,3,1,6,3,0,0,3,4,0,420,82,22,18,3.6,0,1,1,11,1,,Swords_T1_03=2|Swords_T1_04=2,1,Rat|Rat|Rat|Rat|Rat|Rat|Rat,companion_join:Rat; +1 levelup; flee×2
805,13149,8,Normal,4,1,1,0,0,42,0,4,4,0,0,3,3,0,3,3,0,0,0,1,0,94,53,3,0,0,1,0,0,17,3,RH=Crude Sword|LH=Crude Sword|BD=Crude Armour|A1=Crude Bracelet|A2=Crude Bracelet,Swords_T1_03=1,0,Rat|Rat|Rat|Rat|Rat|Rat|Rat,party wiped
806,13150,1,Normal,30,4,4,4,0,37,37,0,0,40,0,1,1,0,2,0,0,3,3,0,0,224,8,9,9,2.25,0,1,1,5,3,,,0,-,floor1_town
806,13150,2,Normal,27,2,2,2,0,37,29,0,0,15,0,1,1,0,0,0,1,3,3,0,0,84,8,3,3,1.5,0,1,1,5,2,,,0,-,
806,13150,3,Normal,7,1,1,0,0,29,0,0,0,0,0,1,1,2,3,3,0,0,0,0,0,95,37,4,0,0,1,0,0,11,4,RH=Crude Sword|LH=Crude Sword|BD=Crude Armour|A1=Crude Bracelet|A2=Crude Bracelet,,0,-,party wiped
807,13151,1,Normal,28,5,5,5,0,37,37,0,0,65,0,1,1,0,7,1,2,3,3,0,0,364,24,17,17,3.4,0,1,1,6,4,,,1,Rat,floor1_town;companion_join:Rat
807,13151,2,Normal,35,4,4,3,0,37,0,0,2,45,0,1,2,3,3,3,0,0,0,0,0,358,66,21,15,5,1,0,0,6,4,RH=Crude Sword|LH=Crude Sword|BD=Crude Armour|A1=Crude Bracelet|A2=Crude Bracelet,,0,Rat,party wiped; +1 levelup
808,13152,1,Normal,26,2,2,2,0,37,37,0,0,30,0,1,1,0,3,2,0,3,3,0,0,168,8,9,9,4.5,0,1,1,3,2,,,1,Rat,floor1_town;companion_join:Rat
808,13152,2,Normal,27,3,3,3,0,37,37,0,0,45,0,1,1,0,4,1,1,0,2,0,0,252,16,12,12,4,0,1,1,5,4,,,1,Rat|Rat,companion_join:Rat
808,13152,3,Normal,28,2,2,2,0,37,37,0,0,24,0,1,1,0,3,0,2,2,3,0,0,120,0,5,5,2.5,0,1,1,17,1,,,0,Rat|Rat,
808,13152,4,Normal,36,3,3,3,0,37,34,0,2,30,0,1,2,0,2,2,2,0,1,3,0,168,8,9,9,3,0,1,1,17,1,,Swords_T1_03=3,0,Rat|Rat,+1 levelup
808,13152,5,Normal,38,4,4,4,0,34,37,2,2,65,0,2,2,1,3,2,1,0,2,3,0,364,15,16,16,4,0,1,1,18,2,,Swords_T1_03=3,0,Rat|Rat,
808,13152,6,Normal,39,5,5,5,0,37,19,2,2,65,0,2,2,0,3,5,1,0,0,2,0,364,29,17,17,3.4,0,1,1,19,4,,Swords_T1_03=2,4,Rat|Rat|Rat|Rat|Rat|Rat,companion_join:Rat;companion_join:Rat;companion_join:Rat;companion_join:Rat
808,13152,7,Normal,32,4,4,4,0,19,53,2,5,45,0,2,3,0,3,1,1,0,2,2,0,252,11,10,10,2.5,0,1,1,20,3,,Swords_T1_03=2,1,Rat|Rat|Rat|Rat|Rat|Rat|Rat,companion_join:Rat; +1 levelup
808,13152,8,Normal,4,1,1,0,0,53,0,5,5,0,0,3,3,1,3,3,0,0,0,2,0,43,51,2,0,0,1,0,0,26,4,RH=Crude Sword|LH=Crude Sword|BD=Crude Armour|A1=Crude Bracelet|A2=Crude Bracelet,Swords_T1_03=1|Swords_T1_04=1,0,Rat|Rat|Rat|Rat|Rat|Rat|Rat,party wiped
809,13153,1,Normal,39,5,5,5,0,37,37,0,0,55,0,1,1,0,6,1,1,3,3,0,0,308,0,14,14,2.8,0,1,1,6,1,,,2,Rat|Rat,floor1_town;companion_join:Rat;companion_join:Rat
809,13153,2,Normal,39,4,4,4,0,37,37,0,0,30,0,1,1,1,3,3,1,3,3,0,0,168,8,10,10,2.5,0,1,1,7,1,,,1,Rat|Rat|Rat,companion_join:Rat
809,13153,3,Normal,1,1,1,0,0,37,0,0,0,0,0,1,1,1,3,3,0,0,0,0,0,123,37,4,0,0,1,0,0,13,4,RH=Crude Sword|LH=Crude Sword|BD=Crude Armour|A1=Crude Bracelet|A2=Crude Bracelet,,0,Rat|Rat|Rat,party wiped
810,13154,1,Normal,37,3,3,3,0,37,37,0,0,35,0,1,1,0,4,0,0,3,3,0,0,196,0,8,8,2.667,0,1,1,4,3,,,1,Rat,floor1_town;companion_join:Rat
810,13154,2,Normal,30,2,2,2,0,37,24,0,0,30,0,1,1,0,3,3,1,0,0,0,0,168,13,9,9,4.5,0,1,1,4,2,,,0,Rat,
810,13154,3,Normal,8,1,1,0,0,24,0,0,0,0,0,1,1,1,3,3,2,0,0,0,0,116,37,4,0,0,1,0,0,10,4,RH=Crude Sword|LH=Crude Sword|BD=Crude Armour|A1=Crude Bracelet|A2=Crude Bracelet,,0,Rat,party wiped
811,13155,1,Normal,35,3,3,3,0,37,37,0,0,40,0,1,1,0,3,0,1,3,3,0,0,224,8,9,9,3,0,1,1,4,4,,,1,Rat,floor1_town;companion_join:Rat
811,13155,2,Normal,25,3,3,3,0,37,37,0,0,55,0,1,1,0,7,0,2,1,3,0,0,308,16,14,14,4.667,0,1,1,6,3,,,0,Rat,
811,13155,3,Normal,5,1,1,0,0,37,0,0,0,0,0,1,1,3,3,3,0,0,0,0,0,138,37,5,0,0,1,0,0,12,4,RH=Crude Sword|LH=Crude Sword|BD=Crude Armour|A1=Crude Bracelet|A2=Crude Bracelet,,0,Rat,party wiped
812,13156,1,Normal,33,3,3,3,0,37,37,0,0,30,0,1,1,0,3,1,2,3,3,0,0,168,6,8,8,2.667,0,1,1,4,1,,,1,Rat,floor1_town;companion_join:Rat
812,13156,2,Normal,40,7,7,7,0,37,37,0,0,65,0,1,1,0,4,0,3,0,3,0,0,364,24,15,15,2.143,0,1,1,7,3,,,1,Rat|Rat,companion_join:Rat
812,13156,3,Normal,25,1,1,0,0,37,0,0,0,0,0,1,1,2,3,3,2,0,0,0,0,115,37,4,0,0,1,0,0,13,4,RH=Crude Sword|LH=Crude Sword|BD=Crude Armour|A1=Crude Bracelet|A2=Crude Bracelet,,0,Rat|Rat,party wiped
813,13157,1,Normal,31,3,3,3,0,37,37,0,0,30,0,1,1,0,1,0,1,3,3,0,0,168,8,6,6,2,0,1,1,4,1,,,1,Rat,floor1_town;companion_join:Rat
813,13157,2,Normal,31,5,5,5,0,37,37,0,0,60,0,1,1,0,6,1,1,0,2,0,0,336,8,14,14,2.8,0,1,1,5,2,,,0,Rat,
813,13157,3,Normal,4,1,1,0,0,37,0,0,0,0,0,1,1,2,3,3,0,0,0,0,0,148,37,7,0,0,1,0,0,11,3,RH=Crude Sword|LH=Crude Sword|BD=Crude Armour|A1=Crude Bracelet|A2=Crude Bracelet,,0,Rat,party wiped
814,13158,1,Normal,29,5,5,5,0,37,37,0,0,75,0,1,1,0,10,3,2,3,3,0,0,420,8,24,24,4.8,0,1,1,6,3,,,3,Rat|Rat|Rat,floor1_town;companion_join:Rat;companion_join:Rat;companion_join:Rat
814,13158,2,Normal,37,3,3,3,0,37,36,0,3,40,0,1,2,0,5,0,2,1,3,1,0,224,16,11,11,3.667,0,1,1,7,2,,Swords_T1_03=1,2,Rat|Rat|Rat|Rat|Rat,companion_join:Rat;companion_join:Rat; +1 levelup
814,13158,3,Normal,19,4,4,3,0,36,0,3,3,96,0,2,2,3,9,9,0,0,0,4,0,607,80,24,20,6.667,1,0,0,10,4,RH=Crude Sword|LH=Crude Sword|BD=Crude Armour|A1=Crude Bracelet|A2=Crude Bracelet,Swords_T1_03=4,1,Rat|Rat|Rat|Rat|Rat|Goblin,companion_join:Goblin; party wiped
815,13159,1,Normal,27,2,2,2,0,37,37,0,0,35,0,1,1,0,4,0,0,3,3,0,0,196,8,9,9,4.5,0,1,1,3,3,,,1,Rat,floor1_town;companion_join:Rat
815,13159,2,Normal,37,4,4,3,1,37,37,0,0,55,0,1,1,0,9,7,0,0,2,0,0,336,49,20,17,5.667,0,1,1,5,4,,,1,Rat|Rat,companion_join:Rat; flee×1
815,13159,3,Normal,29,4,4,2,1,37,0,0,2,72,0,1,2,2,9,9,0,0,0,2,0,540,107,19,12,6,1,0,0,13,4,RH=Crude Sword|LH=Crude Sword|BD=Crude Armour|A1=Crude Bracelet|A2=Crude Bracelet,Swords_T1_03=2,0,Rat|Rat,party wiped; +1 levelup; flee×1
816,13160,1,Normal,25,2,2,2,0,37,37,0,0,35,0,1,1,0,5,2,2,3,3,0,0,196,0,10,10,5,0,1,1,3,4,,,0,-,floor1_town
816,13160,2,Normal,35,2,2,2,0,37,29,0,0,30,0,1,1,0,3,0,2,0,3,0,0,168,8,8,8,4,0,1,1,3,3,,,1,Rat,companion_join:Rat
816,13160,3,Normal,36,4,4,2,1,29,0,0,1,60,0,1,2,3,6,6,0,0,0,2,0,536,88,16,10,5,1,0,0,10,3,RH=Crude Sword|LH=Crude Sword|BD=Crude Armour|A1=Crude Bracelet|A2=Crude Bracelet,Swords_T1_03=2,1,Rat|Goblin,companion_join:Goblin; party wiped; +1 levelup; flee×1
817,13161,1,Normal,39,4,4,4,0,37,37,0,0,50,0,1,1,0,6,1,0,3,3,0,0,280,8,12,12,3,0,1,1,5,1,,,3,Rat|Rat|Rat,floor1_town;companion_join:Rat;companion_join:Rat;companion_join:Rat
817,13161,2,Normal,32,4,4,3,1,37,8,0,0,40,0,1,1,0,3,3,0,0,0,0,0,280,29,12,9,3,0,1,1,5,3,,,0,Rat|Rat|Rat,flee×1
817,13161,3,Normal,1,1,1,0,0,8,0,0,0,0,0,1,1,1,3,3,0,0,0,0,0,63,37,3,0,0,1,0,0,11,4,RH=Crude Sword|LH=Crude Sword|BD=Crude Armour|A1=Crude Bracelet|A2=Crude Bracelet,,0,Rat|Rat|Rat,party wiped
818,13162,1,Normal,37,4,4,4,0,37,37,0,0,25,0,1,1,0,0,0,1,3,3,0,0,140,8,6,6,1.5,0,1,1,5,1,,,1,Rat,floor1_town;companion_join:Rat
818,13162,2,Normal,36,5,5,5,0,37,29,0,0,65,0,1,1,0,5,3,2,2,3,0,0,364,22,17,17,3.4,0,1,1,7,3,,,2,Rat|Rat|Rat,companion_join:Rat;companion_join:Rat
818,13162,3,Normal,33,3,3,3,0,29,44,0,2,48,0,1,2,0,3,3,4,0,0,1,0,240,0,9,9,3,0,1,1,13,2,,Swords_T1_03=1,1,Rat|Rat|Rat|Goblin,companion_join:Goblin; +1 levelup
818,13162,4,Normal,26,3,3,3,0,44,45,2,2,30,0,2,2,2,0,0,2,0,0,1,0,168,-2,9,9,3,0,1,1,13,4,,Swords_T1_03=1,0,Rat|Rat|Rat|Goblin,
818,13162,5,Normal,14,2,2,1,0,45,0,2,2,20,0,2,2,2,0,0,0,0,0,0,0,168,45,7,5,5,1,0,0,13,4,RH=Crude Sword|LH=Crude Sword|BD=Crude Armour|A1=Crude Bracelet|A2=Crude Bracelet,,1,Rat|Rat|Rat|Goblin|Rat,companion_join:Rat; party wiped
819,13163,1,Normal,35,6,6,6,0,37,37,0,0,75,0,1,1,0,11,2,0,3,3,0,0,420,8,23,23,3.833,0,1,1,7,2,,,1,Rat,floor1_town;companion_join:Rat
819,13163,2,Normal,28,3,3,3,0,37,44,0,1,30,0,1,2,0,1,0,2,2,3,0,0,168,0,7,7,2.333,0,1,1,7,2,,,1,Rat|Rat,companion_join:Rat; +1 levelup
819,13163,3,Normal,10,2,2,1,0,44,0,1,1,24,0,2,2,2,2,3,0,0,0,2,0,210,42,6,3,3,1,0,0,7,4,RH=Crude Sword|LH=Crude Sword|BD=Crude Armour|A1=Crude Bracelet|A2=Crude Bracelet,Swords_T1_03=2,0,Rat|Rat,party wiped
820,13164,1,Normal,33,3,3,3,0,37,37,0,0,30,0,1,1,0,2,0,1,3,3,0,0,168,16,7,7,2.333,0,1,1,4,1,,,2,Rat|Rat,floor1_town;companion_join:Rat;companion_join:Rat
820,13164,2,Normal,34,2,2,2,0,37,31,0,0,30,0,1,1,0,3,2,1,0,1,0,0,168,14,10,10,5,0,1,1,5,4,,,1,Rat|Rat|Rat,companion_join:Rat
820,13164,3,Normal,13,2,2,1,0,31,0,0,0,36,0,1,1,3,6,6,0,0,0,0,0,335,37,12,6,6,1,0,0,17,4,RH=Crude Sword|LH=Crude Sword|BD=Crude Armour|A1=Crude Bracelet|A2=Crude Bracelet,,1,Rat|Rat|Rat|Goblin,companion_join:Goblin; party wiped
821,13165,1,Normal,31,3,3,3,0,37,37,0,0,45,0,1,1,0,6,0,0,3,3,0,0,252,0,10,10,3.333,0,1,1,4,2,,,2,Rat|Rat,floor1_town;companion_join:Rat;companion_join:Rat
821,13165,2,Normal,40,5,5,5,0,37,45,0,2,65,0,1,2,0,9,3,2,0,3,0,0,364,24,18,18,3.6,0,1,1,7,3,,,0,Rat|Rat,+1 levelup
821,13165,3,Normal,18,3,3,1,1,45,0,2,2,12,0,2,2,2,3,6,0,0,0,4,0,278,79,7,1,1,1,0,0,8,4,RH=Crude Sword|LH=Crude Sword|BD=Crude Armour|A1=Crude Bracelet|A2=Crude Bracelet,Swords_T1_03=4,0,Rat|Rat,party wiped; flee×1
822,13166,1,Normal,29,1,1,1,0,37,37,0,0,20,0,1,1,0,3,1,1,3,3,0,0,112,0,5,5,5,0,1,1,2,4,,,0,-,floor1_town
822,13166,2,Normal,27,3,3,3,0,37,37,0,0,40,0,1,1,0,4,2,1,2,3,0,0,224,8,11,11,3.667,0,1,1,3,1,,,1,Rat,companion_join:Rat
822,13166,3,Normal,3,1,1,0,0,37,0,0,0,0,0,1,1,2,3,3,1,0,0,0,0,151,37,5,0,0,1,0,0,9,3,RH=Crude Sword|LH=Crude Sword|BD=Crude Armour|A1=Crude Bracelet|A2=Crude Bracelet,,0,Rat,party wiped
823,13167,1,Normal,27,4,4,4,0,37,37,0,0,75,0,1,1,1,11,6,1,3,3,0,0,420,18,24,24,6,0,1,1,5,3,,,0,-,floor1_town
823,13167,2,Normal,32,5,5,5,0,37,45,0,1,65,0,1,2,0,6,4,3,0,0,2,0,364,14,21,21,4.2,0,1,1,6,4,,Swords_T1_03=2,1,Rat,companion_join:Rat; +1 levelup
823,13167,3,Normal,21,4,4,3,0,45,0,1,1,60,0,2,2,3,3,3,0,0,0,3,0,328,64,13,12,4,1,0,0,7,3,RH=Crude Sword|LH=Crude Sword|BD=Crude Armour|A1=Crude Bracelet|A2=Crude Bracelet,Swords_T1_03=3,0,Rat,party wiped
824,13168,1,Normal,25,3,3,3,0,37,37,0,0,20,0,1,1,0,1,0,1,3,3,0,0,112,8,5,5,1.667,0,1,1,4,2,,,2,Rat|Rat,floor1_town;companion_join:Rat;companion_join:Rat
824,13168,2,Normal,27,2,2,2,0,37,29,0,0,40,0,1,1,0,6,5,1,0,1,0,0,224,16,11,11,5.5,0,1,1,5,4,,,0,Rat|Rat,
824,13168,3,Normal,30,3,3,1,1,29,0,0,0,36,0,1,1,2,9,9,0,0,0,0,0,387,88,15,8,8,1,0,0,23,4,RH=Crude Sword|LH=Crude Sword|BD=Crude Armour|A1=Crude Bracelet|A2=Crude Bracelet,,0,Rat|Rat,party wiped; flee×1
825,13169,1,Normal,39,4,4,4,0,37,37,0,0,50,0,1,1,0,5,1,2,3,3,0,0,280,8,13,13,3.25,0,1,1,5,2,,,2,Rat|Rat,floor1_town;companion_join:Rat;companion_join:Rat
825,13169,2,Normal,27,2,2,2,0,37,29,0,0,30,0,1,1,0,2,0,3,3,3,0,0,168,16,6,6,3,0,1,1,6,2,,,2,Rat|Rat|Rat|Rat,companion_join:Rat;companion_join:Rat
825,13169,3,Normal,38,5,5,4,1,29,45,0,2,132,0,1,2,3,9,7,0,0,2,4,0,780,58,24,20,5,0,1,1,14,3,,Swords_T1_03=4,1,Rat|Rat|Rat|Rat|Goblin,companion_join:Goblin; +1 levelup; flee×1
825,13169,4,Normal,30,3,3,3,0,45,45,2,2,50,0,2,2,0,3,3,0,0,2,1,0,280,30,14,14,4.667,0,1,1,15,2,,Swords_T1_03=1,2,Rat|Rat|Rat|Rat|Goblin|Rat|Rat,companion_join:Rat;companion_join:Rat
825,13169,5,Normal,29,2,2,1,0,45,0,2,2,15,0,2,2,0,0,2,0,0,0,0,0,132,45,6,4,4,1,0,0,15,4,RH=Crude Sword|LH=Crude Sword|BD=Crude Armour|A1=Crude Bracelet|A2=Crude Bracelet,,0,Rat|Rat|Rat|Rat|Goblin|Rat|Rat,party wiped
826,13170,1,Normal,37,2,2,2,0,37,37,0,0,25,0,1,1,0,2,0,0,3,3,0,0,140,0,7,7,3.5,0,1,1,3,3,,,2,Rat|Rat,floor1_town;companion_join:Rat;companion_join:Rat
826,13170,2,Normal,30,4,4,3,1,37,29,0,0,45,0,1,1,1,4,3,0,3,3,0,0,280,46,14,13,4.333,0,1,1,5,2,,,2,Rat|Rat|Rat|Rat,companion_join:Rat;companion_join:Rat; flee×1
826,13170,3,Normal,37,2,2,2,0,29,37,0,0,24,0,1,1,0,2,0,2,2,3,0,0,120,0,4,4,2,0,1,1,17,1,,,0,Rat|Rat|Rat|Rat,
826,13170,4,Normal,36,4,4,4,0,37,21,0,2,50,0,1,2,0,2,3,2,0,0,1,0,280,31,14,14,3.5,0,1,1,17,2,,Swords_T1_03=1,2,Rat|Rat|Rat|Rat|Rat|Rat,companion_join:Rat;companion_join:Rat; +1 levelup
826,13170,5,Normal,30,3,3,3,0,21,44,2,2,20,0,2,2,0,1,0,2,2,3,2,0,112,-1,4,4,1.333,0,1,1,18,1,,Swords_T1_03=2,0,Rat|Rat|Rat|Rat|Rat|Rat,
826,13170,6,Normal,38,4,4,4,0,44,45,2,2,55,0,2,2,0,4,3,2,1,3,2,0,308,11,17,17,4.25,0,1,1,19,3,,Swords_T1_03=2,0,Rat|Rat|Rat|Rat|Rat|Rat,
826,13170,7,Normal,34,4,4,3,1,45,44,2,2,45,0,2,2,2,1,3,0,3,3,3,0,308,34,14,12,4,0,1,1,20,1,,Swords_T1_03=3,1,Rat|Rat|Rat|Rat|Rat|Rat|Rat,companion_join:Rat; flee×1
826,13170,8,Normal,8,1,1,0,0,44,0,2,2,0,0,2,2,0,0,0,0,3,3,0,0,27,45,1,0,0,1,0,0,26,3,RH=Crude Sword|LH=Crude Sword|BD=Crude Armour|A1=Crude Bracelet|A2=Crude Bracelet,,0,Rat|Rat|Rat|Rat|Rat|Rat|Rat,party wiped
827,13171,1,Normal,35,5,5,5,0,37,37,0,0,55,0,1,1,0,4,0,2,3,3,0,0,308,32,15,15,3,0,1,1,6,2,,,1,Rat,floor1_town;companion_join:Rat
827,13171,2,Normal,40,5,5,5,0,37,44,0,1,55,0,1,2,0,4,3,2,2,3,1,0,308,8,13,13,2.6,0,1,1,7,1,,Swords_T1_03=1,1,Rat|Rat,companion_join:Rat; +1 levelup
827,13171,3,Normal,35,4,4,3,0,44,0,1,1,84,0,2,2,4,8,9,0,0,0,3,0,543,77,17,13,4.333,1,0,0,9,4,RH=Crude Sword|LH=Crude Sword|BD=Crude Armour|A1=Crude Bracelet|A2=Crude Bracelet,Swords_T1_03=3,0,Rat|Rat,party wiped
828,13172,1,Normal,33,5,5,5,0,37,37,0,0,85,0,1,1,0,12,6,0,3,3,0,0,476,8,23,23,4.6,0,1,1,6,4,,,1,Rat,floor1_town;companion_join:Rat
828,13172,2,Normal,25,1,1,1,0,37,45,0,1,15,0,1,2,0,2,0,0,1,3,0,0,84,0,3,3,3,0,1,1,6,3,,,1,Rat|Rat,companion_join:Rat; +1 levelup
828,13172,3,Normal,25,0,0,0,0,45,45,1,1,0,0,2,2,0,0,0,2,1,3,0,0,0,0,0,0,0,0,1,1,6,0,,,0,Rat|Rat,
828,13172,4,Normal,39,5,5,5,0,45,45,1,1,45,0,2,2,0,3,1,2,1,3,2,0,252,11,13,13,2.6,0,1,1,7,3,,Swords_T1_03=2,4,Rat|Rat|Rat|Rat|Rat|Rat,companion_join:Rat;companion_join:Rat;companion_join:Rat;companion_join:Rat
828,13172,5,Normal,28,3,3,3,0,45,44,1,1,35,0,2,2,0,1,2,2,3,3,2,0,196,12,8,8,2.667,0,1,1,8,1,,Swords_T1_03=2,1,Rat|Rat|Rat|Rat|Rat|Rat|Rat,companion_join:Rat
828,13172,6,Normal,33,2,2,2,0,44,45,1,1,30,0,2,2,0,3,1,2,0,2,1,0,168,-2,8,8,4,0,1,1,8,4,,Swords_T1_03=1,0,Rat|Rat|Rat|Rat|Rat|Rat|Rat,
828,13172,7,Normal,35,2,2,2,0,45,45,1,1,35,0,2,2,0,2,2,2,1,3,1,0,196,15,12,12,6,0,1,1,9,3,,Swords_T1_03=1,1,Rat|Rat|Rat|Rat|Rat|Rat|Rat|Rat,companion_join:Rat
828,13172,8,Normal,27,2,2,1,0,45,0,1,2,60,0,2,3,2,4,3,0,0,0,2,0,270,55,6,3,3,1,0,0,21,3,RH=Crude Sword|LH=Crude Sword|BD=Crude Armour|A1=Crude Bracelet|A2=Crude Bracelet,Swords_T1_03=2,0,Rat|Rat|Rat|Rat|Rat|Rat|Rat|Rat,party wiped; +1 levelup
829,13173,1,Normal,31,3,3,3,0,37,37,0,0,40,0,1,1,0,4,0,1,3,3,0,0,224,16,11,11,3.667,0,1,1,4,2,,,2,Rat|Rat,floor1_town;companion_join:Rat;companion_join:Rat
829,13173,2,Normal,26,3,3,3,0,37,29,0,0,50,0,1,1,0,6,1,1,0,2,0,0,280,16,14,14,4.667,0,1,1,5,3,,,2,Rat|Rat|Rat|Rat,companion_join:Rat;companion_join:Rat
829,13173,3,Normal,18,2,2,1,0,29,0,0,3,24,0,1,2,2,3,3,0,0,0,0,0,187,44,8,5,5,1,0,0,11,4,RH=Crude Sword|LH=Crude Sword|BD=Crude Armour|A1=Crude Bracelet|A2=Crude Bracelet,,1,Rat|Rat|Rat|Rat|Goblin,companion_join:Goblin; party wiped; +1 levelup
830,13174,1,Normal,29,1,1,1,0,37,37,0,0,15,0,1,1,0,3,0,0,3,3,0,0,84,0,4,4,4,0,1,1,2,3,,,0,-,floor1_town
830,13174,2,Normal,25,1,1,1,0,37,29,0,0,20,0,1,1,0,3,2,0,0,1,0,0,112,8,5,5,5,0,1,1,2,4,,,1,Rat,companion_join:Rat
830,13174,3,Normal,4,1,1,0,0,29,0,0,0,0,0,1,1,0,3,3,0,0,0,0,0,120,37,5,0,0,1,0,0,8,3,RH=Crude Sword|LH=Crude Sword|BD=Crude Armour|A1=Crude Bracelet|A2=Crude Bracelet,,0,Rat,party wiped
831,13175,1,Normal,27,4,4,4,0,37,37,0,0,55,0,1,1,0,6,2,1,3,3,0,0,308,24,13,13,3.25,0,1,1,5,1,,,1,Rat,floor1_town;companion_join:Rat
831,13175,2,Normal,35,2,2,2,0,37,37,0,0,35,0,1,1,0,3,3,3,0,0,0,0,196,0,9,9,4.5,0,1,1,5,3,,,0,Rat,
831,13175,3,Normal,27,3,3,2,1,37,10,0,3,48,0,1,2,3,6,6,0,0,0,3,0,420,46,14,8,4,0,1,1,12,4,,Swords_T1_03=3,1,Rat|Goblin,companion_join:Goblin; +1 levelup; flee×1
831,13175,4,Normal,39,3,3,3,0,10,37,3,3,40,0,2,2,0,3,0,0,2,3,1,0,224,20,9,9,3,0,1,1,14,3,,Swords_T1_03=1,1,Rat|Goblin|Rat,companion_join:Rat
831,13175,5,Normal,17,2,2,1,0,37,0,3,3,15,0,2,2,0,2,3,0,0,0,2,0,140,35,7,3,3,1,0,0,14,4,RH=Crude Sword|LH=Crude Sword|BD=Crude Armour|A1=Crude Bracelet|A2=Crude Bracelet,Swords_T1_03=2,0,Rat|Goblin|Rat,party wiped
832,13176,1,Normal,25,4,4,4,0,37,37,0,0,55,0,1,1,0,6,1,2,3,3,0,0,308,8,14,14,3.5,0,1,1,5,3,,,1,Rat,floor1_town;companion_join:Rat
832,13176,2,Normal,26,2,2,2,0,37,37,0,0,20,0,1,1,0,2,0,4,1,3,0,0,112,0,4,4,2,0,1,1,5,2,,,1,Rat|Rat,companion_join:Rat
832,13176,3,Normal,27,0,0,0,0,37,37,0,0,0,0,1,1,0,0,0,5,1,3,0,0,0,0,0,0,0,0,1,1,5,0,,,0,Rat|Rat,
832,13176,4,Normal,32,2,2,2,0,37,45,0,1,25,0,1,2,0,4,0,5,0,3,0,0,140,6,8,8,4,0,1,1,6,3,,,1,Rat|Rat|Rat,companion_join:Rat; +1 levelup
832,13176,5,Normal,40,3,3,3,0,45,45,1,1,40,0,2,2,0,0,3,5,0,0,1,0,224,-1,11,11,3.667,0,1,1,6,3,,Swords_T1_03=1,1,Rat|Rat|Rat|Rat,companion_join:Rat
832,13176,6,Normal,32,6,6,6,0,45,45,1,1,80,0,2,2,0,6,1,5,0,3,4,0,448,25,18,18,3,0,1,1,8,2,,Swords_T1_03=4,1,Rat|Rat|Rat|Rat|Rat,companion_join:Rat
832,13176,7,Normal,25,1,1,1,0,45,37,1,1,10,0,2,2,0,0,0,5,0,3,0,0,56,8,2,2,2,0,1,1,8,2,,,0,Rat|Rat|Rat|Rat|Rat,
832,13176,8,Normal,8,1,1,0,0,37,0,1,1,0,0,2,2,5,3,0,0,0,3,2,0,150,43,3,0,0,1,0,0,14,4,RH=Crude Sword|LH=Crude Sword|BD=Crude Armour|A1=Crude Bracelet|A2=Crude Bracelet,Swords_T1_03=2,0,Rat|Rat|Rat|Rat|Rat,party wiped
833,13177,1,Normal,39,4,4,4,0,37,37,0,0,30,0,1,1,0,0,0,1,3,3,0,0,168,16,6,6,1.5,0,1,1,5,2,,,1,Rat,floor1_town;companion_join:Rat
833,13177,2,Normal,30,4,4,4,0,37,37,0,0,40,0,1,1,0,3,0,3,3,3,0,0,224,8,9,9,2.25,0,1,1,6,1,,,1,Rat|Rat,companion_join:Rat
833,13177,3,Normal,27,1,1,1,0,37,46,0,3,36,0,1,2,2,3,3,1,0,0,0,0,180,14,7,7,7,0,1,1,12,3,,,0,Rat|Rat,+1 levelup
833,13177,4,Normal,8,2,2,1,0,46,0,3,3,10,0,2,2,1,0,0,0,0,0,1,0,166,45,6,2,2,1,0,0,12,4,RH=Crude Sword|LH=Crude Sword|BD=Crude Armour|A1=Crude Bracelet|A2=Crude Bracelet,Swords_T1_03=1,0,Rat|Rat,party wiped
834,13178,1,Normal,37,4,4,4,0,37,37,0,0,45,0,1,1,0,4,3,2,3,3,0,0,252,8,12,12,3,0,1,1,5,2,,,1,Rat,floor1_town;companion_join:Rat
834,13178,2,Normal,29,4,4,4,0,37,37,0,0,20,0,1,1,0,0,0,3,3,3,0,0,112,8,6,6,1.5,0,1,1,6,1,,,1,Rat|Rat,companion_join:Rat
834,13178,3,Normal,8,1,1,0,0,37,0,0,0,0,0,1,1,3,3,3,2,0,0,0,0,144,37,5,0,0,1,0,0,12,4,RH=Crude Sword|LH=Crude Sword|BD=Crude Armour|A1=Crude Bracelet|A2=Crude Bracelet,,0,Rat|Rat,party wiped
835,13179,1,Normal,35,5,5,5,0,37,37,0,0,70,0,1,1,0,7,1,1,3,3,0,0,392,38,18,18,3.6,0,1,1,6,4,,,0,-,floor1_town
835,13179,2,Normal,29,2,2,2,0,37,37,0,0,20,0,1,1,0,3,0,2,0,3,0,0,112,0,5,5,2.5,0,1,1,6,3,,,0,-,
835,13179,3,Normal,37,3,3,3,0,37,32,0,2,96,0,1,2,3,3,3,0,0,0,2,0,480,12,14,14,4.667,0,1,1,12,4,,Swords_T1_03=2,1,Goblin,companion_join:Goblin; +1 levelup
835,13179,4,Normal,31,3,3,3,0,32,46,2,2,45,0,2,2,0,3,1,0,0,2,3,0,252,-3,11,11,3.667,0,1,1,13,3,,Swords_T1_03=3,2,Goblin|Rat|Rat,companion_join:Rat;companion_join:Rat
835,13179,5,Normal,35,4,4,3,1,46,45,2,2,25,0,2,2,0,0,2,0,3,3,3,0,224,38,10,6,2,0,1,1,14,2,,Swords_T1_03=3,0,Goblin|Rat|Rat,flee×1
835,13179,6,Normal,32,2,2,2,0,45,36,2,2,20,0,2,2,0,1,0,0,2,3,2,0,112,7,4,4,2,0,1,1,14,2,,Swords_T1_03=2,0,Goblin|Rat|Rat,
835,13179,7,Normal,25,3,3,2,1,36,11,2,4,25,0,2,3,0,2,3,0,0,0,1,0,168,50,10,8,4,0,1,1,14,4,,Swords_T1_03=1,1,Goblin|Rat|Rat|Rat,companion_join:Rat; +1 levelup; flee×1
835,13179,8,Normal,22,1,1,0,0,11,0,4,4,0,0,3,3,0,3,0,0,0,3,1,0,99,52,2,0,0,1,0,0,20,3,RH=Crude Sword|LH=Crude Sword|BD=Crude Armour|A1=Crude Bracelet|A2=Crude Bracelet,Swords_T1_03=1,0,Goblin|Rat|Rat|Rat,party wiped
836,13180,1,Normal,33,2,2,2,0,37,37,0,0,15,0,1,1,0,0,0,2,3,3,0,0,84,8,3,3,1.5,0,1,1,3,2,,,0,-,floor1_town
836,13180,2,Normal,35,2,2,2,0,37,37,0,0,35,0,1,1,0,3,2,2,0,1,0,0,196,0,10,10,5,0,1,1,3,4,,,0,-,
836,13180,3,Normal,17,2,2,1,0,37,0,0,0,12,0,1,1,2,5,3,0,0,0,0,0,236,37,9,3,3,1,0,0,15,3,RH=Crude Sword|LH=Crude Sword|BD=Crude Armour|A1=Crude Bracelet|A2=Crude Bracelet,,1,Goblin,companion_join:Goblin; party wiped
837,13181,1,Normal,31,2,2,2,0,37,37,0,0,35,0,1,1,0,5,3,0,3,3,0,0,196,29,12,12,6,0,1,1,3,4,,,1,Rat,floor1_town;companion_join:Rat
837,13181,2,Normal,32,3,3,3,0,37,15,0,0,45,0,1,1,1,3,3,0,0,0,0,0,252,30,15,15,5,0,1,1,4,3,,,0,Rat,
837,13181,3,Normal,5,1,1,0,0,15,0,0,0,0,0,1,1,0,3,3,0,0,0,0,0,123,37,4,0,0,1,0,0,10,3,RH=Crude Sword|LH=Crude Sword|BD=Crude Armour|A1=Crude Bracelet|A2=Crude Bracelet,,0,Rat,party wiped
838,13182,1,Normal,29,3,3,3,0,37,37,0,0,50,0,1,1,0,5,2,2,3,3,0,0,280,8,14,14,4.667,0,1,1,4,3,,,1,Rat,floor1_town;companion_join:Rat
838,13182,2,Normal,25,2,2,2,0,37,37,0,0,20,0,1,1,0,3,0,2,0,3,0,0,112,0,7,7,3.5,0,1,1,4,3,,,1,Rat|Rat,companion_join:Rat
838,13182,3,Normal,14,2,2,1,0,37,0,0,0,24,0,1,1,3,5,3,0,0,0,0,0,328,37,12,4,4,1,0,0,16,4,RH=Crude Sword|LH=Crude Sword|BD=Crude Armour|A1=Crude Bracelet|A2=Crude Bracelet,,0,Rat|Rat,party wiped
839,13183,1,Normal,27,5,5,5,0,37,37,0,0,75,0,1,1,0,9,4,0,3,3,0,0,420,39,22,22,4.4,0,1,1,6,4,,,2,Rat|Rat,floor1_town;companion_join:Rat;companion_join:Rat
839,13183,2,Normal,26,3,3,3,0,37,45,0,2,30,0,1,2,0,3,0,0,0,3,1,0,168,0,7,7,2.333,0,1,1,6,1,,Swords_T1_03=1,2,Rat|Rat|Rat|Rat,companion_join:Rat;companion_join:Rat; +1 levelup
839,13183,3,Normal,29,1,1,0,0,45,0,2,2,0,0,2,2,0,0,3,0,0,0,1,0,150,44,4,0,0,1,0,0,6,3,RH=Crude Sword|LH=Crude Sword|BD=Crude Armour|A1=Crude Bracelet|A2=Crude Bracelet,Swords_T1_03=1,0,Rat|Rat|Rat|Rat,party wiped
840,13184,1,Normal,25,4,4,4,0,37,37,0,0,70,0,1,1,0,11,5,1,3,3,0,0,392,16,21,21,5.25,0,1,1,5,4,,,1,Rat,floor1_town;companion_join:Rat
840,13184,2,Normal,36,7,7,7,0,37,43,0,2,80,0,1,2,1,5,3,0,3,3,4,0,448,19,21,21,3,0,1,1,7,1,,Swords_T1_03=4,3,Rat|Rat|Rat|Rat,companion_join:Rat;companion_join:Rat;companion_join:Rat; +1 levelup
840,13184,3,Normal,25,3,3,2,0,43,0,2,2,36,0,2,2,0,3,3,0,0,0,2,0,318,41,7,4,2,1,0,0,7,3,RH=Crude Sword|LH=Crude Sword|BD=Crude Armour|A1=Crude Bracelet|A2=Crude Bracelet,Swords_T1_03=2,1,Rat|Rat|Rat|Rat|Goblin,companion_join:Goblin; party wiped
841,13185,1,Normal,39,4,4,4,0,37,37,0,0,30,0,1,1,0,0,0,0,3,3,0,0,168,16,6,6,1.5,0,1,1,5,2,,,1,Rat,floor1_town;companion_join:Rat
841,13185,2,Normal,25,4,4,4,0,37,37,0,0,55,0,1,1,0,5,3,2,1,3,0,0,308,21,14,14,3.5,0,1,1,6,1,,,1,Rat|Rat,companion_join:Rat
841,13185,3,Normal,19,4,4,3,0,37,0,0,1,84,0,1,2,4,6,6,0,0,0,3,0,568,58,17,13,4.333,1,0,0,13,4,RH=Crude Sword|LH=Crude Sword|BD=Crude Armour|A1=Crude Bracelet|A2=Crude Bracelet,Swords_T1_03=3,0,Rat|Rat,party wiped; +1 levelup
842,13186,1,Normal,37,3,3,3,0,37,37,0,0,50,0,1,1,0,6,2,1,3,3,0,0,280,8,13,13,4.333,0,1,1,4,4,,,1,Rat,floor1_town;companion_join:Rat
842,13186,2,Normal,12,2,2,1,0,37,0,0,0,20,0,1,1,1,3,3,0,0,0,0,0,221,37,10,5,5,1,0,0,4,4,RH=Crude Sword|LH=Crude Sword|BD=Crude Armour|A1=Crude Bracelet|A2=Crude Bracelet,,0,Rat,party wiped
843,13187,1,Normal,35,3,3,3,0,37,37,0,0,30,0,1,1,0,2,0,2,3,3,0,0,168,0,7,7,2.333,0,1,1,4,1,,,1,Rat,floor1_town;companion_join:Rat
843,13187,2,Normal,37,5,5,5,0,37,37,0,0,65,0,1,1,2,6,6,2,0,0,0,0,364,16,22,22,4.4,0,1,1,5,1,,,0,Rat,
843,13187,3,Normal,25,2,2,1,0,37,0,0,3,24,0,1,2,1,3,3,2,0,0,1,0,240,43,7,4,4,1,0,0,11,3,RH=Crude Sword|LH=Crude Sword|BD=Crude Armour|A1=Crude Bracelet|A2=Crude Bracelet,Swords_T1_03=1,1,Rat|Goblin,companion_join:Goblin; party wiped; +1 levelup
844,13188,1,Normal,33,4,4,4,0,37,37,0,0,45,0,1,1,0,5,1,1,3,3,0,0,252,0,12,12,3,0,1,1,5,1,,,3,Rat|Rat|Rat,floor1_town;companion_join:Rat;companion_join:Rat;companion_join:Rat
844,13188,2,Normal,36,4,4,4,0,37,45,0,2,65,0,1,2,0,8,5,2,0,0,0,0,364,37,18,18,4.5,0,1,1,7,4,,,1,Rat|Rat|Rat|Rat,companion_join:Rat; +1 levelup
844,13188,3,Normal,26,2,2,2,0,45,29,2,2,36,0,2,2,0,0,0,3,0,0,2,0,180,14,4,4,2,0,1,1,7,2,,Swords_T1_03=2,1,Rat|Rat|Rat|Rat|Goblin,companion_join:Goblin
844,13188,4,Normal,40,4,4,4,0,29,44,2,2,30,0,2,2,0,1,0,3,2,3,2,0,168,-1,6,6,1.5,0,1,1,8,1,,Swords_T1_03=2,1,Rat|Rat|Rat|Rat|Goblin|Rat,companion_join:Rat
844,13188,5,Normal,38,6,6,6,0,44,44,2,2,75,0,2,2,0,5,3,3,0,2,5,0,420,8,18,18,3,0,1,1,9,2,,Swords_T1_03=5,3,Rat|Rat|Rat|Rat|Goblin|Rat|Rat|Rat|Rat,companion_join:Rat;companion_join:Rat;companion_join:Rat
844,13188,6,Normal,33,4,4,4,0,44,54,2,3,50,0,2,3,0,3,3,3,0,2,3,0,280,16,16,16,4,0,1,1,10,4,,Swords_T1_03=3,3,Rat|Rat|Rat|Rat|Goblin|Rat|Rat|Rat|Rat|Rat|Rat|Rat,companion_join:Rat;companion_join:Rat;companion_join:Rat; +1 levelup
844,13188,7,Normal,38,5,5,5,0,54,34,3,3,45,0,3,3,1,0,2,2,0,0,4,0,252,16,12,12,2.4,0,1,1,10,1,,Swords_T1_03=2|Swords_T1_04=2,2,Rat|Rat|Rat|Rat|Goblin|Rat|Rat|Rat|Rat|Rat|Rat|Rat|Rat|Rat,companion_join:Rat;companion_join:Rat
844,13188,8,Normal,21,2,2,1,0,34,0,3,3,60,0,3,3,2,5,0,0,1,3,3,0,212,55,7,5,5,1,0,0,22,2,RH=Crude Sword|LH=Crude Sword|BD=Crude Armour|A1=Crude Bracelet|A2=Crude Bracelet,Swords_T1_03=2|Swords_T1_04=1,0,Rat|Rat|Rat|Rat|Goblin|Rat|Rat|Rat|Rat|Rat|Rat|Rat|Rat|Rat,party wiped
845,13189,1,Normal,31,2,2,2,0,37,37,0,0,30,0,1,1,0,3,1,2,3,3,0,0,168,0,8,8,4,0,1,1,3,2,,,0,-,floor1_town
845,13189,2,Normal,39,5,5,5,0,37,45,0,2,75,0,1,2,0,9,4,4,0,1,0,0,420,22,24,24,4.8,0,1,1,5,3,,,1,Rat,companion_join:Rat; +1 levelup
845,13189,3,Normal,15,3,3,2,0,45,0,2,2,84,0,2,2,6,6,7,0,0,0,3,0,543,70,17,14,7,1,0,0,7,4,RH=Crude Sword|LH=Crude Sword|BD=Crude Armour|A1=Crude Bracelet|A2=Crude Bracelet,Swords_T1_03=3,1,Rat|Goblin,companion_join:Goblin; party wiped
846,13190,1,Normal,29,4,4,4,0,37,37,0,0,65,0,1,1,0,8,3,0,3,3,0,0,364,24,18,18,4.5,0,1,1,5,3,,,2,Rat|Rat,floor1_town;companion_join:Rat;companion_join:Rat
846,13190,2,Normal,32,2,2,2,0,37,45,0,2,35,0,1,2,0,5,3,0,0,0,0,0,196,8,11,11,5.5,0,1,1,6,4,,,2,Rat|Rat|Rat|Rat,companion_join:Rat;companion_join:Rat; +1 levelup
846,13190,3,Normal,36,3,3,2,1,45,45,2,2,48,0,2,2,0,4,3,0,2,3,2,0,300,69,9,8,4,0,1,1,8,1,,Swords_T1_03=2,1,Rat|Rat|Rat|Rat|Goblin,companion_join:Goblin; flee×1
846,13190,4,Normal,33,4,4,3,1,45,10,2,2,40,0,2,2,0,2,3,0,0,0,2,0,224,33,12,11,3.667,0,1,1,8,3,,Swords_T1_03=2,0,Rat|Rat|Rat|Rat|Goblin,flee×1
846,13190,5,Normal,32,5,5,5,0,10,37,2,2,55,0,2,2,0,3,2,0,3,3,3,0,308,18,13,13,2.6,0,1,1,10,2,,Swords_T1_03=3,1,Rat|Rat|Rat|Rat|Goblin|Rat,companion_join:Rat
846,13190,6,Normal,29,2,2,2,0,37,45,2,2,25,0,2,2,0,2,0,0,1,3,2,0,140,-10,5,5,2.5,0,1,1,10,2,,Swords_T1_03=2,0,Rat|Rat|Rat|Rat|Goblin|Rat,
846,13190,7,Normal,33,4,4,4,0,45,53,2,5,55,0,2,3,0,4,2,0,0,2,2,0,308,19,14,14,3.5,0,1,1,11,1,,Swords_T1_03=2,1,Rat|Rat|Rat|Rat|Goblin|Rat|Rat,companion_join:Rat; +1 levelup
846,13190,8,Normal,6,2,2,1,0,53,0,5,5,60,0,3,3,0,6,2,0,0,3,1,0,226,61,8,6,6,1,0,0,23,2,RH=Crude Sword|LH=Crude Sword|BD=Crude Armour|A1=Crude Bracelet|A2=Crude Bracelet,Swords_T1_04=1,0,Rat|Rat|Rat|Rat|Goblin|Rat|Rat,party wiped
847,13191,1,Normal,27,4,4,4,0,37,37,0,0,65,0,1,1,0,9,4,2,3,3,0,0,364,16,19,19,4.75,0,1,1,5,4,,,0,-,floor1_town
847,13191,2,Normal,30,1,1,1,0,37,37,0,0,20,0,1,1,0,3,3,2,0,0,0,0,112,0,8,8,8,0,1,1,5,4,,,1,Rat,companion_join:Rat
847,13191,3,Normal,32,4,4,4,0,37,46,0,3,60,0,1,2,0,4,2,4,0,1,1,0,300,-1,9,9,2.25,0,1,1,17,1,,Swords_T1_03=1,0,Rat,+1 levelup
847,13191,4,Normal,40,6,6,6,0,46,37,3,3,75,0,2,2,2,3,1,2,0,3,4,0,420,30,17,17,2.833,0,1,1,18,1,,Swords_T1_03=4,1,Rat|Rat,companion_join:Rat
847,13191,5,Normal,26,3,3,3,0,37,45,3,3,25,0,2,2,0,0,2,2,0,1,1,0,140,-9,6,6,2,0,1,1,18,1,,Swords_T1_03=1,2,Rat|Rat|Rat|Rat,companion_join:Rat;companion_join:Rat
847,13191,6,Normal,38,6,6,6,0,45,42,3,5,80,0,2,3,2,3,4,0,0,0,3,0,448,40,24,24,4,0,1,1,19,1,,Swords_T1_03=2|Swords_T1_04=1,1,Rat|Rat|Rat|Rat|Rat,companion_join:Rat; +1 levelup
847,13191,7,Normal,27,4,4,4,0,42,38,5,5,70,0,3,3,0,4,3,0,2,3,4,0,392,61,23,23,5.75,0,1,1,21,3,,Swords_T1_03=2|Swords_T1_04=2,2,Rat|Rat|Rat|Rat|Rat|Rat|Rat,companion_join:Rat;companion_join:Rat
847,13191,8,Normal,32,2,2,2,0,38,38,5,5,120,0,3,3,0,6,5,0,0,0,9,0,300,11,12,12,6,0,1,1,33,1,,Swords_T1_03=4|Swords_T1_04=5,1,Rat|Rat|Rat|Rat|Rat|Rat|Rat|Orc,companion_join:Orc
847,13191,9,Normal,37,4,4,3,1,38,54,5,5,40,0,3,3,0,3,2,0,0,1,4,0,252,20,13,11,3.667,0,1,1,34,2,,Swords_T1_03=3|Swords_T1_04=1,0,Rat|Rat|Rat|Rat|Rat|Rat|Rat|Orc,flee×1
847,13191,9,Normal,27,4,4,3,1,54,54,5,5,40,0,3,3,0,3,1,0,0,3,1,0,224,37,13,12,4,0,1,1,35,2,,Swords_T1_03=1,1,Rat|Rat|Rat|Rat|Rat|Rat|Rat|Orc|Rat,ai_farm;companion_join:Rat; flee×1
847,13191,9,Normal,27,3,3,3,0,54,52,5,7,25,0,3,4,0,0,1,0,0,2,2,0,140,19,6,6,2,0,1,1,35,3,,Swords_T1_03=1|Swords_T1_04=1,0,Rat|Rat|Rat|Rat|Rat|Rat|Rat|Orc|Rat,ai_farm; +1 levelup
847,13191,9,Normal,28,3,3,3,0,52,61,7,7,25,0,4,4,0,0,1,0,0,1,1,0,140,-12,5,5,1.667,0,1,1,35,2,,Swords_T1_02=1,1,Rat|Rat|Rat|Rat|Rat|Rat|Rat|Orc|Rat|Rat,ai_farm;companion_join:Rat
847,13191,9,Normal,38,4,4,4,0,61,25,7,7,45,0,4,4,0,0,1,0,0,0,3,0,252,28,9,9,2.25,0,1,1,35,2,,Swords_T1_02=2|Swords_T1_03=1,1,Rat|Rat|Rat|Rat|Rat|Rat|Rat|Orc|Rat|Rat|Rat,ai_farm;companion_join:Rat
847,13191,9,Normal,29,2,2,2,0,25,54,7,7,30,0,4,4,0,2,0,0,1,3,0,0,168,7,6,6,3,0,1,1,36,4,,,1,Rat|Rat|Rat|Rat|Rat|Rat|Rat|Orc|Rat|Rat|Rat|Rat,ai_farm;companion_join:Rat
847,13191,9,Normal,38,6,6,6,0,54,35,7,7,65,0,4,4,0,1,3,0,0,0,2,0,364,13,14,14,2.333,0,1,1,36,1,,Swords_T1_02=2,0,Rat|Rat|Rat|Rat|Rat|Rat|Rat|Orc|Rat|Rat|Rat|Rat,ai_farm
847,13191,9,Normal,25,3,3,2,1,35,58,7,7,10,0,4,4,0,0,0,0,3,3,2,0,85,28,4,2,1,0,1,1,37,1,,Swords_T1_02=1|Swords_T1_04=1,2,Rat|Rat|Rat|Rat|Rat|Rat|Rat|Orc|Rat|Rat|Rat|Rat|Rat|Rat,ai_farm;companion_join:Rat;companion_join:Rat; flee×1
847,13191,9,Normal,29,4,4,4,0,58,51,7,7,60,0,4,4,0,3,2,0,0,1,3,0,336,4,14,14,3.5,0,1,1,37,2,,Swords_T1_02=1|Swords_T1_04=2,2,Rat|Rat|Rat|Rat|Rat|Rat|Rat|Orc|Rat|Rat|Rat|Rat|Rat|Rat|Rat|Rat,ai_farm;companion_join:Rat;companion_join:Rat
847,13191,9,Normal,26,1,1,1,0,51,51,7,7,10,0,4,4,0,0,1,0,0,0,2,0,56,-3,3,3,3,0,1,1,37,2,,Swords_T1_02=1|Swords_T1_04=1,0,Rat|Rat|Rat|Rat|Rat|Rat|Rat|Orc|Rat|Rat|Rat|Rat|Rat|Rat|Rat|Rat,ai_farm
847,13191,9,Normal,33,5,5,4,1,51,45,7,7,55,0,4,4,0,3,1,0,0,2,6,0,364,37,15,13,3.25,0,1,1,38,3,,Swords_T1_02=3|Swords_T1_03=2|Swords_T1_04=1,1,Rat|Rat|Rat|Rat|Rat|Rat|Rat|Orc|Rat|Rat|Rat|Rat|Rat|Rat|Rat|Rat|Rat,ai_farm;companion_join:Rat; flee×1
847,13191,9,Normal,38,3,3,3,0,45,47,7,7,55,0,4,4,0,2,2,0,1,3,2,0,308,47,11,11,3.667,0,1,1,39,4,,Swords_T1_02=1|Swords_T1_03=1,0,Rat|Rat|Rat|Rat|Rat|Rat|Rat|Orc|Rat|Rat|Rat|Rat|Rat|Rat|Rat|Rat|Rat,ai_farm
847,13191,9,Normal,25,3,3,2,1,47,16,7,7,30,0,4,4,0,1,3,0,0,0,3,0,197,26,9,7,3.5,0,1,1,39,4,,Swords_T1_02=1|Swords_T1_03=1|Swords_T1_04=1,0,Rat|Rat|Rat|Rat|Rat|Rat|Rat|Orc|Rat|Rat|Rat|Rat|Rat|Rat|Rat|Rat|Rat,ai_farm; flee×1
847,13191,9,Normal,35,3,3,3,0,16,61,7,7,30,0,4,4,0,3,1,0,0,2,2,0,168,-3,7,7,2.333,0,1,1,40,4,,Swords_T1_02=1|Swords_T1_04=1,1,Rat|Rat|Rat|Rat|Rat|Rat|Rat|Orc|Rat|Rat|Rat|Rat|Rat|Rat|Rat|Rat|Rat|Rat,ai_farm;companion_join:Rat
847,13191,9,Normal,35,5,5,4,1,61,68,7,8,60,0,4,5,0,0,2,0,3,3,1,0,364,64,15,14,3.5,0,1,1,41,1,,Swords_T1_03=1,1,Rat|Rat|Rat|Rat|Rat|Rat|Rat|Orc|Rat|Rat|Rat|Rat|Rat|Rat|Rat|Rat|Rat|Rat|Rat,ai_farm;companion_join:Rat; +1 levelup; flee×1
847,13191,9,Normal,37,3,3,3,0,68,68,8,8,40,0,5,5,0,3,0,0,0,3,2,0,224,-5,9,9,3,0,1,1,41,4,,Swords_T1_02=1|Swords_T1_03=1,2,Rat|Rat|Rat|Rat|Rat|Rat|Rat|Orc|Rat|Rat|Rat|Rat|Rat|Rat|Rat|Rat|Rat|Rat|Rat|Rat|Rat,ai_farm;companion_join:Rat;companion_join:Rat
847,13191,9,Normal,30,2,2,2,0,68,62,8,8,30,0,5,5,0,0,2,0,0,1,0,0,168,6,6,6,3,0,1,1,41,4,,,1,Rat|Rat|Rat|Rat|Rat|Rat|Rat|Orc|Rat|Rat|Rat|Rat|Rat|Rat|Rat|Rat|Rat|Rat|Rat|Rat|Rat|Rat,ai_farm;companion_join:Rat
847,13191,9,Normal,32,4,4,4,0,62,68,8,8,50,0,5,5,0,1,1,0,2,3,3,0,280,56,14,14,3.5,0,1,1,42,2,,Swords_T1_02=1|Swords_T1_03=1|Swords_T1_04=1,2,Rat|Rat|Rat|Rat|Rat|Rat|Rat|Orc|Rat|Rat|Rat|Rat|Rat|Rat|Rat|Rat|Rat|Rat|Rat|Rat|Rat|Rat|Rat|Rat,ai_farm;companion_join:Rat;companion_join:Rat
847,13191,9,Normal,34,3,3,3,0,68,62,8,8,50,0,5,5,0,2,2,0,0,1,2,0,280,3,11,11,3.667,0,1,1,42,4,,Swords_T1_02=1|Swords_T1_04=1,1,Rat|Rat|Rat|Rat|Rat|Rat|Rat|Orc|Rat|Rat|Rat|Rat|Rat|Rat|Rat|Rat|Rat|Rat|Rat|Rat|Rat|Rat|Rat|Rat|Rat,ai_farm;companion_join:Rat
847,13191,9,Normal,25,4,4,4,0,62,62,8,8,60,0,5,5,0,3,1,0,0,3,2,0,336,52,18,18,4.5,0,1,1,43,4,,Swords_T1_06=2,0,Rat|Rat|Rat|Rat|Rat|Rat|Rat|Orc|Rat|Rat|Rat|Rat|Rat|Rat|Rat|Rat|Rat|Rat|Rat|Rat|Rat|Rat|Rat|Rat|Rat,ai_farm
847,13191,9,Normal,40,4,4,4,0,62,30,8,8,65,0,5,5,0,0,3,0,0,0,0,0,364,32,15,15,3.75,0,1,1,43,4,,,0,Rat|Rat|Rat|Rat|Rat|Rat|Rat|Orc|Rat|Rat|Rat|Rat|Rat|Rat|Rat|Rat|Rat|Rat|Rat|Rat|Rat|Rat|Rat|Rat|Rat,ai_farm
847,13191,9,Normal,27,2,2,2,0,30,68,8,8,20,0,5,5,0,1,0,0,2,3,2,0,112,18,5,5,2.5,0,1,1,44,1,,Swords_T1_02=1|Swords_T1_04=1,0,Rat|Rat|Rat|Rat|Rat|Rat|Rat|Orc|Rat|Rat|Rat|Rat|Rat|Rat|Rat|Rat|Rat|Rat|Rat|Rat|Rat|Rat|Rat|Rat|Rat,ai_farm
847,13191,9,Normal,28,3,3,3,0,68,58,8,8,45,0,5,5,0,2,1,0,0,2,1,0,252,7,9,9,3,0,1,1,44,1,,Swords_T1_02=1,1,Rat|Rat|Rat|Rat|Rat|Rat|Rat|Orc|Rat|Rat|Rat|Rat|Rat|Rat|Rat|Rat|Rat|Rat|Rat|Rat|Rat|Rat|Rat|Rat|Rat|Rat,ai_farm;companion_join:Rat
847,13191,9,Normal,31,1,1,1,0,58,56,8,8,10,0,5,5,0,0,1,0,0,1,1,0,56,-4,3,3,3,0,1,1,44,2,,Swords_T1_06=1,0,Rat|Rat|Rat|Rat|Rat|Rat|Rat|Orc|Rat|Rat|Rat|Rat|Rat|Rat|Rat|Rat|Rat|Rat|Rat|Rat|Rat|Rat|Rat|Rat|Rat|Rat,ai_farm
847,13191,9,Normal,32,5,5,4,1,56,68,8,8,40,0,5,5,0,1,1,0,2,3,1,0,280,38,12,9,2.25,0,1,1,45,3,,Swords_T1_04=1,1,Rat|Rat|Rat|Rat|Rat|Rat|Rat|Orc|Rat|Rat|Rat|Rat|Rat|Rat|Rat|Rat|Rat|Rat|Rat|Rat|Rat|Rat|Rat|Rat|Rat|Rat|Rat,ai_farm;companion_join:Rat; flee×1
847,13191,9,Normal,40,4,4,4,0,68,48,8,8,50,0,5,5,0,2,2,0,0,1,1,0,280,38,11,11,2.75,0,1,1,45,1,,Swords_T1_06=1,2,Rat|Rat|Rat|Rat|Rat|Rat|Rat|Orc|Rat|Rat|Rat|Rat|Rat|Rat|Rat|Rat|Rat|Rat|Rat|Rat|Rat|Rat|Rat|Rat|Rat|Rat|Rat|Rat|Rat,ai_farm;companion_join:Rat;companion_join:Rat
847,13191,9,Normal,33,4,4,3,1,48,50,8,8,45,0,5,5,0,1,1,0,2,3,0,0,308,48,12,9,3,0,1,1,46,4,,,1,Rat|Rat|Rat|Rat|Rat|Rat|Rat|Orc|Rat|Rat|Rat|Rat|Rat|Rat|Rat|Rat|Rat|Rat|Rat|Rat|Rat|Rat|Rat|Rat|Rat|Rat|Rat|Rat|Rat|Rat,ai_farm;companion_join:Rat; flee×1
847,13191,9,Normal,30,4,4,4,0,50,68,8,8,55,0,5,5,0,2,3,0,0,0,3,0,308,-3,12,12,3,0,1,1,46,3,,Swords_T1_02=1|Swords_T1_04=1|Swords_T1_06=1,3,Rat|Rat|Rat|Rat|Rat|Rat|Rat|Orc|Rat|Rat|Rat|Rat|Rat|Rat|Rat|Rat|Rat|Rat|Rat|Rat|Rat|Rat|Rat|Rat|Rat|Rat|Rat|Rat|Rat|Rat|Rat|Rat|Rat,ai_farm;companion_join:Rat;companion_join:Rat;companion_join:Rat
847,13191,9,Normal,35,3,3,2,1,68,49,8,8,25,0,5,5,0,0,0,0,3,3,2,0,224,68,9,5,2.5,0,1,1,47,3,,Swords_T1_02=1|Swords_T1_03=1,1,Rat|Rat|Rat|Rat|Rat|Rat|Rat|Orc|Rat|Rat|Rat|Rat|Rat|Rat|Rat|Rat|Rat|Rat|Rat|Rat|Rat|Rat|Rat|Rat|Rat|Rat|Rat|Rat|Rat|Rat|Rat|Rat|Rat|Rat,ai_farm;companion_join:Rat; flee×1
847,13191,9,Normal,31,5,5,5,0,49,71,8,10,65,0,5,6,0,3,2,0,0,1,3,0,364,9,15,15,3,0,1,1,47,2,,Swords_T1_02=1|Swords_T1_03=2,2,Rat|Rat|Rat|Rat|Rat|Rat|Rat|Orc|Rat|Rat|Rat|Rat|Rat|Rat|Rat|Rat|Rat|Rat|Rat|Rat|Rat|Rat|Rat|Rat|Rat|Rat|Rat|Rat|Rat|Rat|Rat|Rat|Rat|Rat|Rat|Rat,ai_farm;companion_join:Rat;companion_join:Rat; +1 levelup
847,13191,9,Normal,36,3,3,3,0,71,52,10,10,35,0,6,6,0,0,1,0,0,0,2,0,196,13,7,7,2.333,0,1,1,47,3,,Swords_T1_03=2,2,Rat|Rat|Rat|Rat|Rat|Rat|Rat|Orc|Rat|Rat|Rat|Rat|Rat|Rat|Rat|Rat|Rat|Rat|Rat|Rat|Rat|Rat|Rat|Rat|Rat|Rat|Rat|Rat|Rat|Rat|Rat|Rat|Rat|Rat|Rat|Rat|Rat|Rat,ai_farm;companion_join:Rat;companion_join:Rat
847,13191,9,Normal,36,5,5,5,0,52,37,10,10,80,0,6,6,0,3,3,0,0,0,6,0,448,93,26,26,5.2,0,1,1,48,4,,Swords_T1_02=1|Swords_T1_03=1|Swords_T1_04=3|Swords_T1_06=1,1,Rat|Rat|Rat|Rat|Rat|Rat|Rat|Orc|Rat|Rat|Rat|Rat|Rat|Rat|Rat|Rat|Rat|Rat|Rat|Rat|Rat|Rat|Rat|Rat|Rat|Rat|Rat|Rat|Rat|Rat|Rat|Rat|Rat|Rat|Rat|Rat|Rat|Rat|Rat,ai_farm;companion_join:Rat
847,13191,9,Normal,30,4,4,3,1,37,77,10,10,40,0,6,6,0,2,0,0,1,3,3,0,252,2,9,8,2.667,0,1,1,49,4,,Swords_T1_02=1|Swords_T1_03=1|Swords_T1_06=1,0,Rat|Rat|Rat|Rat|Rat|Rat|Rat|Orc|Rat|Rat|Rat|Rat|Rat|Rat|Rat|Rat|Rat|Rat|Rat|Rat|Rat|Rat|Rat|Rat|Rat|Rat|Rat|Rat|Rat|Rat|Rat|Rat|Rat|Rat|Rat|Rat|Rat|Rat|Rat,ai_farm; flee×1
847,13191,9,Normal,34,4,4,4,0,77,77,10,10,50,0,6,6,0,1,2,0,0,1,1,0,280,22,12,12,3,0,1,1,49,1,,Swords_T1_06=1,2,Rat|Rat|Rat|Rat|Rat|Rat|Rat|Orc|Rat|Rat|Rat|Rat|Rat|Rat|Rat|Rat|Rat|Rat|Rat|Rat|Rat|Rat|Rat|Rat|Rat|Rat|Rat|Rat|Rat|Rat|Rat|Rat|Rat|Rat|Rat|Rat|Rat|Rat|Rat|Rat|Rat,ai_farm;companion_join:Rat;companion_join:Rat
847,13191,9,Normal,27,3,3,3,0,77,65,10,10,35,0,6,6,0,0,1,0,0,0,2,0,196,2,8,8,2.667,0,1,1,49,4,,Swords_T1_03=1|Swords_T1_06=1,1,Rat|Rat|Rat|Rat|Rat|Rat|Rat|Orc|Rat|Rat|Rat|Rat|Rat|Rat|Rat|Rat|Rat|Rat|Rat|Rat|Rat|Rat|Rat|Rat|Rat|Rat|Rat|Rat|Rat|Rat|Rat|Rat|Rat|Rat|Rat|Rat|Rat|Rat|Rat|Rat|Rat|Rat,ai_farm;companion_join:Rat
847,13191,9,Normal,38,4,4,3,1,65,55,10,10,30,0,6,6,0,2,0,0,1,3,2,0,224,64,12,9,3,0,1,1,50,4,,Swords_T1_03=1|Swords_T1_04=1,2,Rat|Rat|Rat|Rat|Rat|Rat|Rat|Orc|Rat|Rat|Rat|Rat|Rat|Rat|Rat|Rat|Rat|Rat|Rat|Rat|Rat|Rat|Rat|Rat|Rat|Rat|Rat|Rat|Rat|Rat|Rat|Rat|Rat|Rat|Rat|Rat|Rat|Rat|Rat|Rat|Rat|Rat|Rat|Rat,ai_farm;companion_join:Rat;companion_join:Rat; flee×1
847,13191,9,Normal,39,4,4,4,0,55,54,10,10,50,0,6,6,0,1,2,0,0,1,2,0,280,-9,13,13,3.25,0,1,1,50,2,,Swords_T1_02=1|Swords_T1_06=1,1,Rat|Rat|Rat|Rat|Rat|Rat|Rat|Orc|Rat|Rat|Rat|Rat|Rat|Rat|Rat|Rat|Rat|Rat|Rat|Rat|Rat|Rat|Rat|Rat|Rat|Rat|Rat|Rat|Rat|Rat|Rat|Rat|Rat|Rat|Rat|Rat|Rat|Rat|Rat|Rat|Rat|Rat|Rat|Rat|Rat,ai_farm;companion_join:Rat
847,13191,9,Normal,37,2,2,1,1,54,15,10,10,20,0,6,6,0,0,1,0,0,0,1,0,140,62,6,5,5,0,1,1,50,4,,Swords_T1_03=1,0,Rat|Rat|Rat|Rat|Rat|Rat|Rat|Orc|Rat|Rat|Rat|Rat|Rat|Rat|Rat|Rat|Rat|Rat|Rat|Rat|Rat|Rat|Rat|Rat|Rat|Rat|Rat|Rat|Rat|Rat|Rat|Rat|Rat|Rat|Rat|Rat|Rat|Rat|Rat|Rat|Rat|Rat|Rat|Rat|Rat,ai_farm; flee×1
847,13191,9,Normal,27,5,5,5,0,15,71,10,10,55,0,6,6,0,2,0,0,1,3,2,0,308,3,14,14,2.8,0,1,1,51,2,,Swords_T1_03=1|Swords_T1_04=1,1,Rat|Rat|Rat|Rat|Rat|Rat|Rat|Orc|Rat|Rat|Rat|Rat|Rat|Rat|Rat|Rat|Rat|Rat|Rat|Rat|Rat|Rat|Rat|Rat|Rat|Rat|Rat|Rat|Rat|Rat|Rat|Rat|Rat|Rat|Rat|Rat|Rat|Rat|Rat|Rat|Rat|Rat|Rat|Rat|Rat|Rat,ai_farm;companion_join:Rat
847,13191,9,Normal,34,0,0,0,0,71,71,10,10,0,0,6,6,0,0,0,0,1,3,0,0,0,0,0,0,0,0,1,1,51,0,,,0,Rat|Rat|Rat|Rat|Rat|Rat|Rat|Orc|Rat|Rat|Rat|Rat|Rat|Rat|Rat|Rat|Rat|Rat|Rat|Rat|Rat|Rat|Rat|Rat|Rat|Rat|Rat|Rat|Rat|Rat|Rat|Rat|Rat|Rat|Rat|Rat|Rat|Rat|Rat|Rat|Rat|Rat|Rat|Rat|Rat|Rat,ai_farm
847,13191,9,Normal,32,2,2,2,0,71,77,10,10,40,0,6,6,0,1,2,0,0,1,1,0,224,-9,8,8,4,0,1,1,51,4,,Swords_T1_02=1,0,Rat|Rat|Rat|Rat|Rat|Rat|Rat|Orc|Rat|Rat|Rat|Rat|Rat|Rat|Rat|Rat|Rat|Rat|Rat|Rat|Rat|Rat|Rat|Rat|Rat|Rat|Rat|Rat|Rat|Rat|Rat|Rat|Rat|Rat|Rat|Rat|Rat|Rat|Rat|Rat|Rat|Rat|Rat|Rat|Rat|Rat,ai_farm
847,13191,9,Normal,30,3,3,2,1,77,23,10,10,25,0,6,6,0,0,1,0,0,0,2,0,196,44,9,7,3.5,0,1,1,51,4,,Swords_T1_03=1|Swords_T1_06=1,1,Rat|Rat|Rat|Rat|Rat|Rat|Rat|Orc|Rat|Rat|Rat|Rat|Rat|Rat|Rat|Rat|Rat|Rat|Rat|Rat|Rat|Rat|Rat|Rat|Rat|Rat|Rat|Rat|Rat|Rat|Rat|Rat|Rat|Rat|Rat|Rat|Rat|Rat|Rat|Rat|Rat|Rat|Rat|Rat|Rat|Rat|Rat,ai_farm;companion_join:Rat; flee×1
847,13191,9,Normal,37,3,3,3,0,23,65,10,10,55,0,6,6,0,3,2,0,0,1,4,0,308,2,13,13,4.333,0,1,1,52,4,,Swords_T1_03=1|Swords_T1_04=2|Swords_T1_06=1,2,Rat|Rat|Rat|Rat|Rat|Rat|Rat|Orc|Rat|Rat|Rat|Rat|Rat|Rat|Rat|Rat|Rat|Rat|Rat|Rat|Rat|Rat|Rat|Rat|Rat|Rat|Rat|Rat|Rat|Rat|Rat|Rat|Rat|Rat|Rat|Rat|Rat|Rat|Rat|Rat|Rat|Rat|Rat|Rat|Rat|Rat|Rat|Rat|Rat,ai_farm;companion_join:Rat;companion_join:Rat
847,13191,9,Normal,37,3,3,3,0,65,63,10,10,20,0,6,6,0,0,1,0,0,0,4,0,112,-11,6,6,2,0,1,1,52,1,,Swords_T1_02=1|Swords_T1_03=1|Swords_T1_04=1|Swords_T1_06=1,2,Rat|Rat|Rat|Rat|Rat|Rat|Rat|Orc|Rat|Rat|Rat|Rat|Rat|Rat|Rat|Rat|Rat|Rat|Rat|Rat|Rat|Rat|Rat|Rat|Rat|Rat|Rat|Rat|Rat|Rat|Rat|Rat|Rat|Rat|Rat|Rat|Rat|Rat|Rat|Rat|Rat|Rat|Rat|Rat|Rat|Rat|Rat|Rat|Rat|Rat|Rat,ai_farm;companion_join:Rat;companion_join:Rat
847,13191,9,Normal,26,5,5,5,0,63,56,10,10,60,0,6,6,0,2,0,0,1,3,3,0,336,67,15,15,3,0,1,1,53,1,,Swords_T1_02=1|Swords_T1_06=2,2,Rat|Rat|Rat|Rat|Rat|Rat|Rat|Orc|Rat|Rat|Rat|Rat|Rat|Rat|Rat|Rat|Rat|Rat|Rat|Rat|Rat|Rat|Rat|Rat|Rat|Rat|Rat|Rat|Rat|Rat|Rat|Rat|Rat|Rat|Rat|Rat|Rat|Rat|Rat|Rat|Rat|Rat|Rat|Rat|Rat|Rat|Rat|Rat|Rat|Rat|Rat|Rat|Rat,ai_farm;companion_join:Rat;companion_join:Rat
847,13191,9,Normal,26,3,3,3,0,56,71,10,10,30,0,6,6,0,1,1,0,0,2,1,0,168,3,7,7,2.333,0,1,1,53,2,,Swords_T1_06=1,2,Rat|Rat|Rat|Rat|Rat|Rat|Rat|Orc|Rat|Rat|Rat|Rat|Rat|Rat|Rat|Rat|Rat|Rat|Rat|Rat|Rat|Rat|Rat|Rat|Rat|Rat|Rat|Rat|Rat|Rat|Rat|Rat|Rat|Rat|Rat|Rat|Rat|Rat|Rat|Rat|Rat|Rat|Rat|Rat|Rat|Rat|Rat|Rat|Rat|Rat|Rat|Rat|Rat|Rat|Rat,ai_farm;companion_join:Rat;companion_join:Rat
847,13191,9,Normal,29,2,2,1,1,71,21,10,10,20,0,6,6,0,0,2,0,0,0,1,0,140,47,8,5,5,0,1,1,53,3,,Swords_T1_03=1,1,Rat|Rat|Rat|Rat|Rat|Rat|Rat|Orc|Rat|Rat|Rat|Rat|Rat|Rat|Rat|Rat|Rat|Rat|Rat|Rat|Rat|Rat|Rat|Rat|Rat|Rat|Rat|Rat|Rat|Rat|Rat|Rat|Rat|Rat|Rat|Rat|Rat|Rat|Rat|Rat|Rat|Rat|Rat|Rat|Rat|Rat|Rat|Rat|Rat|Rat|Rat|Rat|Rat|Rat|Rat|Rat,ai_farm;companion_join:Rat; flee×1
847,13191,9,Normal,28,3,3,3,0,21,77,10,10,30,0,6,6,0,2,0,0,1,3,2,0,168,0,10,10,3.333,0,1,1,54,1,,Swords_T1_04=2,0,Rat|Rat|Rat|Rat|Rat|Rat|Rat|Orc|Rat|Rat|Rat|Rat|Rat|Rat|Rat|Rat|Rat|Rat|Rat|Rat|Rat|Rat|Rat|Rat|Rat|Rat|Rat|Rat|Rat|Rat|Rat|Rat|Rat|Rat|Rat|Rat|Rat|Rat|Rat|Rat|Rat|Rat|Rat|Rat|Rat|Rat|Rat|Rat|Rat|Rat|Rat|Rat|Rat|Rat|Rat|Rat,ai_farm
847,13191,9,Normal,31,3,3,3,0,77,77,10,10,30,0,6,6,0,1,1,0,0,2,2,0,168,22,8,8,2.667,0,1,1,54,2,,Swords_T1_04=1|Swords_T1_06=1,3,Rat|Rat|Rat|Rat|Rat|Rat|Rat|Orc|Rat|Rat|Rat|Rat|Rat|Rat|Rat|Rat|Rat|Rat|Rat|Rat|Rat|Rat|Rat|Rat|Rat|Rat|Rat|Rat|Rat|Rat|Rat|Rat|Rat|Rat|Rat|Rat|Rat|Rat|Rat|Rat|Rat|Rat|Rat|Rat|Rat|Rat|Rat|Rat|Rat|Rat|Rat|Rat|Rat|Rat|Rat|Rat|Rat|Rat|Rat,ai_farm;companion_join:Rat;companion_join:Rat;companion_join:Rat
847,13191,9,Normal,28,3,3,3,0,77,59,10,10,35,0,6,6,0,0,1,0,0,1,1,0,196,11,7,7,2.333,0,1,1,54,4,,Swords_T1_06=1,0,Rat|Rat|Rat|Rat|Rat|Rat|Rat|Orc|Rat|Rat|Rat|Rat|Rat|Rat|Rat|Rat|Rat|Rat|Rat|Rat|Rat|Rat|Rat|Rat|Rat|Rat|Rat|Rat|Rat|Rat|Rat|Rat|Rat|Rat|Rat|Rat|Rat|Rat|Rat|Rat|Rat|Rat|Rat|Rat|Rat|Rat|Rat|Rat|Rat|Rat|Rat|Rat|Rat|Rat|Rat|Rat|Rat|Rat|Rat,ai_farm
847,13191,9,Normal,35,3,3,2,1,59,21,10,10,30,0,6,6,0,0,1,0,0,0,2,0,169,35,7,6,3,0,1,1,54,4,,Swords_T1_02=1|Swords_T1_04=1,1,Rat|Rat|Rat|Rat|Rat|Rat|Rat|Orc|Rat|Rat|Rat|Rat|Rat|Rat|Rat|Rat|Rat|Rat|Rat|Rat|Rat|Rat|Rat|Rat|Rat|Rat|Rat|Rat|Rat|Rat|Rat|Rat|Rat|Rat|Rat|Rat|Rat|Rat|Rat|Rat|Rat|Rat|Rat|Rat|Rat|Rat|Rat|Rat|Rat|Rat|Rat|Rat|Rat|Rat|Rat|Rat|Rat|Rat|Rat|Rat,ai_farm;companion_join:Rat; flee×1
847,13191,10,Normal,12,2,2,1,0,21,0,10,12,180,0,6,7,0,6,6,0,0,0,3,0,335,128,9,7,7,1,0,0,66,4,RH=Crude Sword|LH=Crude Sword|BD=Crude Armour|A1=Crude Bracelet|A2=Crude Bracelet,Swords_T1_03=2|Swords_T1_04=1,0,Rat|Rat|Rat|Rat|Rat|Rat|Rat|Orc|Rat|Rat|Rat|Rat|Rat|Rat|Rat|Rat|Rat|Rat|Rat|Rat|Rat|Rat|Rat|Rat|Rat|Rat|Rat|Rat|Rat|Rat|Rat|Rat|Rat|Rat|Rat|Rat|Rat|Rat|Rat|Rat|Rat|Rat|Rat|Rat|Rat|Rat|Rat|Rat|Rat|Rat|Rat|Rat|Rat|Rat|Rat|Rat|Rat|Rat|Rat|Rat,party wiped; +1 levelup
848,13192,1,Normal,25,2,2,2,0,37,37,0,0,35,0,1,1,0,4,2,0,3,3,0,0,196,8,9,9,4.5,0,1,1,3,3,,,0,-,floor1_town
848,13192,2,Normal,30,3,3,3,0,37,37,0,0,30,0,1,1,0,3,3,0,0,0,0,0,168,0,7,7,2.333,0,1,1,3,1,,,0,-,
848,13192,3,Normal,1,1,1,0,0,37,0,0,0,0,0,1,1,0,3,3,1,0,0,0,0,147,37,4,0,0,1,0,0,9,4,RH=Crude Sword|LH=Crude Sword|BD=Crude Armour|A1=Crude Bracelet|A2=Crude Bracelet,,0,-,party wiped
849,13193,1,Normal,39,4,4,4,0,37,37,0,0,60,0,1,1,0,6,1,1,3,3,0,0,336,16,15,15,3.75,0,1,1,5,3,,,0,-,floor1_town
849,13193,2,Normal,32,2,2,2,0,37,37,0,0,20,0,1,1,0,2,0,1,3,3,0,0,112,10,8,8,4,0,1,1,6,2,,,0,-,
849,13193,3,Normal,13,3,3,2,0,37,0,0,2,24,0,1,2,1,4,3,0,0,0,0,0,268,46,9,4,2,1,0,0,18,4,RH=Crude Sword|LH=Crude Sword|BD=Crude Armour|A1=Crude Bracelet|A2=Crude Bracelet,,0,-,party wiped; +1 levelup
850,13194,1,Normal,37,3,3,3,0,37,37,0,0,40,0,1,1,0,5,3,0,3,3,0,0,224,13,10,10,3.333,0,1,1,4,1,,,1,Rat,floor1_town;companion_join:Rat
850,13194,2,Normal,40,4,4,3,1,37,31,0,0,30,0,1,1,0,3,3,0,3,3,0,0,196,37,11,9,3,0,1,1,5,1,,,1,Rat|Rat,companion_join:Rat; flee×1
850,13194,3,Normal,2,1,1,0,0,31,0,0,0,0,0,1,1,2,3,3,0,0,0,0,0,120,37,4,0,0,1,0,0,11,4,RH=Crude Sword|LH=Crude Sword|BD=Crude Armour|A1=Crude Bracelet|A2=Crude Bracelet,,0,Rat|Rat,party wiped
851,13195,1,Normal,35,4,4,4,0,37,37,0,0,50,0,1,1,0,7,0,1,3,3,0,0,280,0,12,12,3,0,1,1,5,3,,,1,Rat,floor1_town;companion_join:Rat
851,13195,2,Normal,33,3,3,3,0,37,29,0,0,30,0,1,1,0,2,0,1,1,3,0,0,168,8,6,6,2,0,1,1,5,2,,,0,Rat,
851,13195,3,Normal,11,1,1,0,0,29,0,0,0,0,0,1,1,0,3,3,3,0,0,0,0,120,37,4,0,0,1,0,0,11,3,RH=Crude Sword|LH=Crude Sword|BD=Crude Armour|A1=Crude Bracelet|A2=Crude Bracelet,,0,Rat,party wiped
852,13196,1,Normal,33,3,3,3,0,37,37,0,0,50,0,1,1,0,6,2,0,3,3,0,0,280,24,13,13,4.333,0,1,1,4,4,,,1,Rat,floor1_town;companion_join:Rat
852,13196,2,Normal,39,4,4,4,0,37,45,0,3,65,0,1,2,0,7,4,0,0,1,0,0,364,22,20,20,5,0,1,1,6,4,,,1,Rat|Rat,companion_join:Rat; +1 levelup
852,13196,3,Normal,26,3,3,3,0,45,44,3,3,60,0,2,2,0,2,1,0,1,3,3,0,300,19,7,7,2.333,0,1,1,7,1,,Swords_T1_03=3,0,Rat|Rat,
852,13196,4,Normal,26,2,2,2,0,44,45,3,3,30,0,2,2,0,1,2,0,0,1,1,0,168,-2,7,7,3.5,0,1,1,7,2,,Swords_T1_03=1,0,Rat|Rat,
852,13196,5,Normal,29,4,4,4,0,45,24,3,3,35,0,2,2,0,0,1,0,0,0,2,0,196,19,8,8,2,0,1,1,7,3,,Swords_T1_03=2,2,Rat|Rat|Rat|Rat,companion_join:Rat;companion_join:Rat
852,13196,6,Normal,25,2,2,2,0,24,45,3,3,30,0,2,2,0,4,1,0,2,3,1,0,168,12,9,9,4.5,0,1,1,9,2,,Swords_T1_03=1,0,Rat|Rat|Rat|Rat,
852,13196,7,Normal,29,2,2,1,0,45,0,3,3,20,0,2,2,0,2,3,0,0,0,2,0,222,43,13,9,9,1,0,0,9,4,RH=Crude Sword|LH=Crude Sword|BD=Crude Armour|A1=Crude Bracelet|A2=Crude Bracelet,Swords_T1_03=2,1,Rat|Rat|Rat|Rat|Rat,companion_join:Rat; party wiped
853,13197,1,Normal,31,3,3,3,0,37,37,0,0,35,0,1,1,0,3,1,1,3,3,0,0,196,16,8,8,2.667,0,1,1,4,1,,,1,Rat,floor1_town;companion_join:Rat
853,13197,2,Normal,32,4,4,4,0,37,37,0,0,35,0,1,1,0,4,0,2,3,3,0,0,196,18,11,11,2.75,0,1,1,6,1,,,2,Rat|Rat|Rat,companion_join:Rat;companion_join:Rat
853,13197,3,Normal,25,4,4,4,0,37,45,0,1,96,0,1,2,4,5,3,0,1,3,1,0,480,41,15,15,3.75,0,1,1,19,2,,Swords_T1_03=1,1,Rat|Rat|Rat|Goblin,companion_join:Goblin; +1 levelup
853,13197,4,Normal,32,2,2,1,1,45,10,1,1,15,0,2,2,0,1,3,0,0,0,2,0,168,33,10,4,4,0,1,1,19,4,,Swords_T1_03=2,0,Rat|Rat|Rat|Goblin,flee×1
853,13197,5,Normal,31,1,1,1,0,10,45,1,1,10,0,2,2,0,1,0,0,2,3,1,0,56,-1,2,2,2,0,1,1,20,2,,Swords_T1_03=1,1,Rat|Rat|Rat|Goblin|Rat,companion_join:Rat
853,13197,6,Normal,31,3,3,2,0,45,0,1,1,30,0,2,2,0,2,3,0,0,0,2,0,221,43,11,9,4.5,1,0,0,20,3,RH=Crude Sword|LH=Crude Sword|BD=Crude Armour|A1=Crude Bracelet|A2=Crude Bracelet,Swords_T1_03=2,1,Rat|Rat|Rat|Goblin|Rat|Rat,companion_join:Rat; party wiped
854,13198,1,Normal,29,3,3,3,0,37,37,0,0,35,0,1,1,0,6,0,2,3,3,0,0,196,0,9,9,3,0,1,1,4,3,,,1,Rat,floor1_town;companion_join:Rat
854,13198,2,Normal,28,2,2,2,0,37,37,0,0,40,0,1,1,0,5,0,3,0,3,0,0,224,8,12,12,6,0,1,1,5,4,,,0,Rat,
854,13198,3,Normal,32,5,5,4,1,37,43,0,1,72,0,1,2,4,6,4,0,3,3,1,0,448,42,15,11,2.75,0,1,1,18,1,,Swords_T1_03=1,1,Rat|Goblin,companion_join:Goblin; +1 levelup; flee×1
854,13198,4,Normal,25,2,2,2,0,43,14,1,1,35,0,2,2,0,3,3,0,0,0,2,0,196,27,13,13,6.5,0,1,1,18,3,,Swords_T1_03=2,0,Rat|Goblin,
854,13198,5,Normal,39,4,4,4,0,14,44,1,1,40,0,2,2,0,3,0,0,0,3,3,0,224,-3,9,9,2.25,0,1,1,19,4,,Swords_T1_03=3,2,Rat|Goblin|Rat|Rat,companion_join:Rat;companion_join:Rat
854,13198,6,Normal,37,5,5,5,0,44,44,1,1,75,0,2,2,0,5,5,0,1,3,3,0,420,26,17,17,3.4,0,1,1,21,3,,Swords_T1_03=3,1,Rat|Goblin|Rat|Rat|Rat,companion_join:Rat
854,13198,7,Normal,40,5,5,4,1,44,51,1,2,45,0,2,3,0,1,3,0,3,3,3,0,280,46,12,10,2.5,0,1,1,22,1,,Swords_T1_03=2|Swords_T1_04=1,3,Rat|Goblin|Rat|Rat|Rat|Rat|Rat|Rat,companion_join:Rat;companion_join:Rat;companion_join:Rat; +1 levelup; flee×1
854,13198,8,Normal,7,1,1,0,0,51,0,2,2,0,0,3,3,0,3,3,0,0,0,1,0,79,51,3,0,0,1,0,0,28,2,RH=Crude Sword|LH=Crude Sword|BD=Crude Armour|A1=Crude Bracelet|A2=Crude Bracelet,Swords_T1_04=1,0,Rat|Goblin|Rat|Rat|Rat|Rat|Rat|Rat,party wiped
855,13199,1,Normal,27,2,2,2,0,37,37,0,0,20,0,1,1,0,2,0,1,3,3,0,0,112,0,4,4,2,0,1,1,3,2,,,1,Rat,floor1_town;companion_join:Rat
855,13199,2,Normal,32,3,3,3,0,37,29,0,0,25,0,1,1,0,0,0,2,3,3,0,0,140,16,5,5,1.667,0,1,1,4,2,,,0,Rat,
855,13199,3,Normal,3,1,1,0,0,29,0,0,0,0,0,1,1,0,3,3,3,0,0,0,0,95,37,3,0,0,1,0,0,10,4,RH=Crude Sword|LH=Crude Sword|BD=Crude Armour|A1=Crude Bracelet|A2=Crude Bracelet,,0,Rat,party wiped
856,13200,1,Normal,25,1,1,1,0,37,37,0,0,10,0,1,1,0,1,0,2,3,3,0,0,56,10,3,3,3,0,1,1,2,2,,,0,-,floor1_town
856,13200,2,Normal,38,3,3,3,0,37,29,0,0,30,0,1,1,0,2,0,4,3,3,0,0,168,16,7,7,2.333,0,1,1,3,1,,,3,Rat|Rat|Rat,companion_join:Rat;companion_join:Rat;companion_join:Rat
856,13200,3,Normal,27,1,1,0,0,29,0,0,0,0,0,1,1,2,3,3,4,0,0,0,0,155,37,6,0,0,1,0,0,9,3,RH=Crude Sword|LH=Crude Sword|BD=Crude Armour|A1=Crude Bracelet|A2=Crude Bracelet,,0,Rat|Rat|Rat,party wiped
857,13201,1,Normal,39,5,5,5,0,37,37,0,0,60,0,1,1,0,5,3,0,3,3,0,0,336,16,15,15,3,0,1,1,6,3,,,2,Rat|Rat,floor1_town;companion_join:Rat;companion_join:Rat
857,13201,2,Normal,34,2,2,2,0,37,24,0,0,35,0,1,1,1,3,3,1,0,0,0,0,196,13,10,10,5,0,1,1,6,4,,,1,Rat|Rat|Rat,companion_join:Rat
857,13201,3,Normal,2,1,1,0,0,24,0,0,0,0,0,1,1,3,3,3,0,0,0,0,0,116,37,5,0,0,1,0,0,12,4,RH=Crude Sword|LH=Crude Sword|BD=Crude Armour|A1=Crude Bracelet|A2=Crude Bracelet,,0,Rat|Rat|Rat,party wiped
858,13202,1,Normal,37,3,3,3,0,37,37,0,0,45,0,1,1,0,5,3,2,3,3,0,0,252,29,12,12,4,0,1,1,4,4,,,1,Rat,floor1_town;companion_join:Rat
858,13202,2,Normal,36,6,6,6,0,37,44,0,1,80,0,1,2,0,9,4,4,0,2,2,0,448,13,23,23,3.833,0,1,1,6,1,,Swords_T1_03=2,1,Rat|Rat,companion_join:Rat; +1 levelup
858,13202,3,Normal,9,1,1,0,0,44,0,1,1,0,0,2,2,5,0,2,1,0,0,1,0,210,43,7,0,0,1,0,0,6,4,RH=Crude Sword|LH=Crude Sword|BD=Crude Armour|A1=Crude Bracelet|A2=Crude Bracelet,Swords_T1_03=1,0,Rat|Rat,party wiped
859,13203,1,Normal,35,5,5,5,0,37,37,0,0,65,0,1,1,0,8,5,0,3,3,0,0,364,0,20,20,4,0,1,1,6,4,,,2,Rat|Rat,floor1_town;companion_join:Rat;companion_join:Rat
859,13203,2,Normal,31,5,5,5,0,37,36,0,1,75,0,1,2,0,6,4,0,0,2,2,0,420,46,21,21,4.2,0,1,1,8,4,,Swords_T1_03=2,2,Rat|Rat|Rat|Rat,companion_join:Rat;companion_join:Rat; +1 levelup
859,13203,3,Normal,9,1,1,0,0,36,0,1,1,0,0,2,2,0,3,3,0,0,0,1,0,123,43,5,0,0,1,0,0,9,3,RH=Crude Sword|LH=Crude Sword|BD=Crude Armour|A1=Crude Bracelet|A2=Crude Bracelet,Swords_T1_03=1,0,Rat|Rat|Rat|Rat,party wiped
860,13204,1,Normal,33,5,5,5,0,37,37,0,0,65,0,1,1,0,7,0,1,3,3,0,0,364,16,17,17,3.4,0,1,1,6,3,,,0,-,floor1_town
860,13204,2,Normal,37,4,4,4,0,37,37,0,3,70,0,1,2,2,6,5,0,0,0,0,0,392,16,19,19,4.75,0,1,1,7,4,,,2,Rat|Rat,companion_join:Rat;companion_join:Rat; +1 levelup
860,13204,3,Normal,16,3,3,2,0,37,0,3,3,36,0,2,2,1,3,3,0,0,0,3,0,343,42,9,4,2,1,0,0,8,4,RH=Crude Sword|LH=Crude Sword|BD=Crude Armour|A1=Crude Bracelet|A2=Crude Bracelet,Swords_T1_03=3,0,Rat|Rat,party wiped
861,13205,1,Normal,31,4,4,4,0,37,37,0,0,35,0,1,1,0,3,0,0,3,3,0,0,196,0,9,9,2.25,0,1,1,5,3,,,1,Rat,floor1_town;companion_join:Rat
861,13205,2,Normal,39,4,4,4,0,37,37,0,0,45,0,1,1,0,4,0,0,2,3,0,0,252,16,11,11,2.75,0,1,1,7,1,,,2,Rat|Rat|Rat,companion_join:Rat;companion_join:Rat
861,13205,3,Normal,12,2,2,1,0,37,0,0,3,24,0,1,2,0,3,3,0,0,0,1,0,240,44,7,4,4,1,0,0,13,3,RH=Crude Sword|LH=Crude Sword|BD=Crude Armour|A1=Crude Bracelet|A2=Crude Bracelet,Swords_T1_03=1,0,Rat|Rat|Rat,party wiped; +1 levelup
862,13206,1,Normal,29,5,5,5,0,37,37,0,0,85,0,1,1,1,12,6,0,3,3,0,0,476,8,23,23,4.6,0,1,1,6,4,,,2,Rat|Rat,floor1_town;companion_join:Rat;companion_join:Rat
862,13206,2,Normal,28,3,3,3,0,37,36,0,3,50,0,1,2,0,3,2,2,0,1,1,0,280,15,14,14,4.667,0,1,1,6,4,,Swords_T1_03=1,2,Rat|Rat|Rat|Rat,companion_join:Rat;companion_join:Rat; +1 levelup
862,13206,3,Normal,20,3,3,2,0,36,0,3,3,60,0,2,2,3,3,3,0,0,0,2,0,446,42,12,9,4.5,1,0,0,7,4,RH=Crude Sword|LH=Crude Sword|BD=Crude Armour|A1=Crude Bracelet|A2=Crude Bracelet,Swords_T1_03=2,1,Rat|Rat|Rat|Rat|Goblin,companion_join:Goblin; party wiped
863,13207,1,Normal,27,3,3,3,0,37,37,0,0,45,0,1,1,0,4,0,2,3,3,0,0,252,0,11,11,3.667,0,1,1,4,3,,,2,Rat|Rat,floor1_town;companion_join:Rat;companion_join:Rat
863,13207,2,Normal,37,6,6,5,1,37,44,0,1,65,0,1,2,3,6,3,0,0,3,0,0,420,32,21,19,3.8,0,1,1,5,3,,,0,Rat|Rat,+1 levelup; flee×1
863,13207,3,Normal,9,1,1,0,0,44,0,1,1,0,0,2,2,2,0,3,0,0,0,1,0,140,43,4,0,0,1,0,0,5,4,RH=Crude Sword|LH=Crude Sword|BD=Crude Armour|A1=Crude Bracelet|A2=Crude Bracelet,Swords_T1_03=1,0,Rat|Rat,party wiped
864,13208,1,Normal,25,3,3,3,0,37,37,0,0,40,0,1,1,0,5,3,1,3,3,0,0,224,0,11,11,3.667,0,1,1,4,2,,,0,-,floor1_town
864,13208,2,Normal,28,3,3,3,0,37,37,0,0,55,0,1,1,0,6,3,2,0,2,0,0,308,8,16,16,5.333,0,1,1,5,4,,,1,Rat,companion_join:Rat
864,13208,3,Normal,37,4,4,4,0,37,31,0,3,108,0,1,2,3,6,6,1,0,0,4,0,540,27,17,17,4.25,0,1,1,12,4,,Swords_T1_03=4,0,Rat,+1 levelup
864,13208,4,Normal,36,4,4,4,0,31,36,3,3,60,0,2,2,0,6,4,1,0,1,2,0,336,20,18,18,4.5,0,1,1,14,2,,Swords_T1_03=2,1,Rat|Rat,companion_join:Rat
864,13208,5,Normal,32,4,4,4,0,36,46,3,4,50,0,2,3,1,1,1,0,2,3,3,0,280,16,13,13,3.25,0,1,1,15,2,,Swords_T1_03=3,0,Rat|Rat,+1 levelup
864,13208,6,Normal,29,4,4,4,0,46,46,4,4,50,0,3,3,0,2,3,0,0,0,4,0,280,-4,13,13,3.25,0,1,1,15,1,,Swords_T1_03=2|Swords_T1_04=2,2,Rat|Rat|Rat|Rat,companion_join:Rat;companion_join:Rat
864,13208,7,Normal,33,3,3,3,0,46,53,4,4,40,0,3,3,0,3,0,0,0,3,2,0,224,21,11,11,3.667,0,1,1,16,3,,Swords_T1_04=2,0,Rat|Rat|Rat|Rat,
864,13208,8,Normal,20,2,2,1,0,53,0,4,4,60,0,3,3,0,6,6,0,0,0,3,0,299,86,11,8,8,1,0,0,28,3,RH=Crude Sword|LH=Crude Sword|BD=Crude Armour|A1=Crude Bracelet|A2=Crude Bracelet,Swords_T1_03=1|Swords_T1_04=2,0,Rat|Rat|Rat|Rat,party wiped
865,13209,1,Normal,39,5,5,5,0,37,37,0,0,80,0,1,1,0,13,1,2,3,3,0,0,448,0,19,19,3.8,0,1,1,6,3,,,0,-,floor1_town
865,13209,2,Normal,31,3,3,3,0,37,36,0,3,30,0,1,2,0,2,0,3,3,3,1,0,168,16,7,7,2.333,0,1,1,7,2,,Swords_T1_03=1,2,Rat|Rat,companion_join:Rat;companion_join:Rat; +1 levelup
865,13209,3,Normal,17,2,2,1,0,36,0,3,3,36,0,2,2,3,3,3,0,0,0,2,0,307,43,8,5,5,1,0,0,8,4,RH=Crude Sword|LH=Crude Sword|BD=Crude Armour|A1=Crude Bracelet|A2=Crude Bracelet,Swords_T1_03=2,0,Rat|Rat,party wiped
866,13210,1,Normal,36,4,4,4,0,37,37,0,0,45,0,1,1,0,5,0,0,3,3,0,0,252,8,11,11,2.75,0,1,1,5,3,,,1,Rat,floor1_town;companion_join:Rat
866,13210,2,Normal,35,5,5,5,0,37,37,0,0,45,0,1,1,0,1,0,1,3,3,0,0,252,30,10,10,2,0,1,1,9,1,,,2,Rat|Rat|Rat,companion_join:Rat;companion_join:Rat
866,13210,3,Normal,36,5,5,4,0,37,0,0,2,96,0,1,2,2,6,6,0,0,0,2,0,540,57,18,16,4,1,0,0,16,3,RH=Crude Sword|LH=Crude Sword|BD=Crude Armour|A1=Crude Bracelet|A2=Crude Bracelet,Swords_T1_03=2,0,Rat|Rat|Rat,party wiped; +1 levelup
867,13211,1,Normal,34,3,3,3,0,37,37,0,0,50,0,1,1,0,7,3,2,3,3,0,0,280,0,13,13,4.333,0,1,1,4,4,,,0,-,floor1_town
867,13211,2,Normal,37,2,2,2,0,37,37,0,0,10,0,1,1,0,0,0,4,3,3,0,0,56,0,2,2,1,0,1,1,4,1,,,0,-,
867,13211,3,Normal,31,2,2,2,0,37,37,0,0,24,0,1,1,0,2,0,4,2,3,0,0,120,2,5,5,2.5,0,1,1,16,1,,,1,Goblin,companion_join:Goblin
867,13211,4,Normal,30,2,2,2,0,37,38,0,2,30,0,1,2,0,2,2,4,0,1,0,0,168,8,7,7,3.5,0,1,1,16,2,,,1,Goblin|Rat,companion_join:Rat; +1 levelup
867,13211,5,Normal,39,3,3,3,0,38,46,2,2,45,0,2,2,1,2,1,3,1,3,2,0,252,10,13,13,4.333,0,1,1,17,3,,Swords_T1_03=2,1,Goblin|Rat|Rat,companion_join:Rat
867,13211,6,Normal,39,3,3,3,0,46,46,2,2,30,0,2,2,0,1,2,3,0,1,1,0,168,-1,7,7,2.333,0,1,1,17,3,,Swords_T1_03=1,2,Goblin|Rat|Rat|Rat|Rat,companion_join:Rat;companion_join:Rat
867,13211,7,Normal,25,2,2,2,0,46,37,2,2,15,0,2,2,0,0,0,3,0,1,1,0,84,8,5,5,2.5,0,1,1,17,1,,Swords_T1_03=1,0,Goblin|Rat|Rat|Rat|Rat,
867,13211,8,Normal,26,1,1,0,0,37,0,2,2,0,0,2,2,0,0,0,3,3,3,0,0,22,46,1,0,0,1,0,0,23,4,RH=Crude Sword|LH=Crude Sword|BD=Crude Armour|A1=Crude Bracelet|A2=Crude Bracelet,,0,Goblin|Rat|Rat|Rat|Rat,party wiped
868,13212,1,Normal,32,3,3,3,0,37,37,0,0,25,0,1,1,0,3,1,0,3,3,0,0,140,0,8,8,2.667,0,1,1,4,1,,,0,-,floor1_town
868,13212,2,Normal,31,2,2,2,0,37,24,0,0,30,0,1,1,0,3,3,2,0,0,0,0,168,21,9,9,4.5,0,1,1,5,4,,,1,Rat,companion_join:Rat
868,13212,3,Normal,1,1,1,0,0,24,0,0,0,0,0,1,1,3,3,3,0,0,0,0,0,159,37,6,0,0,1,0,0,11,4,RH=Crude Sword|LH=Crude Sword|BD=Crude Armour|A1=Crude Bracelet|A2=Crude Bracelet,,0,Rat,party wiped
869,13213,1,Normal,30,4,4,4,0,37,37,0,0,65,0,1,1,1,9,4,1,3,3,0,0,364,8,20,20,5,0,1,1,5,4,,,3,Rat|Rat|Rat,floor1_town;companion_join:Rat;companion_join:Rat;companion_join:Rat
869,13213,2,Normal,35,3,3,3,0,37,29,0,0,30,0,1,1,0,2,0,2,1,3,0,0,168,8,7,7,2.333,0,1,1,5,2,,,2,Rat|Rat|Rat|Rat|Rat,companion_join:Rat;companion_join:Rat
869,13213,3,Normal,8,2,2,1,0,29,0,0,1,24,0,1,2,0,3,3,2,0,0,0,0,148,59,7,6,6,1,0,0,11,4,RH=Crude Sword|LH=Crude Sword|BD=Crude Armour|A1=Crude Bracelet|A2=Crude Bracelet,,0,Rat|Rat|Rat|Rat|Rat,party wiped; +1 levelup
870,13214,1,Normal,28,3,3,3,0,37,37,0,0,25,0,1,1,0,0,0,0,3,3,0,0,140,16,5,5,1.667,0,1,1,4,1,,,1,Rat,floor1_town;companion_join:Rat
870,13214,2,Normal,27,1,1,1,0,37,37,0,0,5,0,1,1,0,0,0,1,3,3,0,0,28,0,1,1,1,0,1,1,4,1,,,0,Rat,
870,13214,3,Normal,9,2,2,1,0,37,0,0,0,24,0,1,1,0,6,4,3,0,0,0,0,208,37,7,4,4,1,0,0,16,4,RH=Crude Sword|LH=Crude Sword|BD=Crude Armour|A1=Crude Bracelet|A2=Crude Bracelet,,1,Rat|Goblin,companion_join:Goblin; party wiped
871,13215,1,Normal,26,3,3,3,0,37,37,0,0,40,0,1,1,0,3,3,1,3,3,0,0,224,16,11,11,3.667,0,1,1,4,2,,,1,Rat,floor1_town;companion_join:Rat
871,13215,2,Normal,32,4,4,4,0,37,37,0,0,35,0,1,1,0,2,0,3,3,3,0,0,196,16,8,8,2,0,1,1,6,1,,,0,Rat,
871,13215,3,Normal,18,2,2,1,0,37,0,0,0,24,0,1,1,0,5,3,4,0,0,0,0,208,37,7,4,4,1,0,0,18,4,RH=Crude Sword|LH=Crude Sword|BD=Crude Armour|A1=Crude Bracelet|A2=Crude Bracelet,,0,Rat,party wiped
872,13216,1,Normal,40,4,4,4,0,37,37,0,0,55,0,1,1,0,7,2,0,3,3,0,0,308,8,14,14,3.5,0,1,1,5,4,,,0,-,floor1_town
872,13216,2,Normal,38,6,6,6,0,37,32,0,1,110,0,1,2,0,9,6,0,0,1,1,0,616,44,26,26,4.333,0,1,1,7,4,,Swords_T1_03=1,0,-,+1 levelup
872,13216,3,Normal,30,3,3,3,0,32,45,1,1,60,0,2,2,0,3,0,0,0,3,2,0,300,-2,8,8,2.667,0,1,1,8,1,,Swords_T1_03=2,0,-,
872,13216,4,Normal,30,3,3,3,0,45,37,1,1,25,0,2,2,0,0,1,0,0,2,1,0,140,7,5,5,1.667,0,1,1,8,3,,Swords_T1_03=1,1,Rat,companion_join:Rat
872,13216,5,Normal,37,4,4,4,0,37,52,1,3,55,0,2,3,0,3,3,0,0,2,3,0,308,19,13,13,3.25,0,1,1,9,4,,Swords_T1_03=3,1,Rat|Rat,companion_join:Rat; +1 levelup
872,13216,6,Normal,35,5,5,4,1,52,42,3,3,50,0,3,3,0,2,2,0,1,3,5,0,281,52,13,11,2.75,0,1,1,10,1,,Swords_T1_03=3|Swords_T1_04=2,1,Rat|Rat|Rat,companion_join:Rat; flee×1
872,13216,7,Normal,29,5,5,5,0,42,26,3,3,70,0,3,3,0,4,6,0,0,0,7,0,392,51,19,19,3.8,0,1,1,11,3,,Swords_T1_03=4|Swords_T1_04=3,1,Rat|Rat|Rat|Rat,companion_join:Rat
872,13216,8,Normal,2,1,1,0,0,26,0,3,3,0,0,3,3,0,2,0,0,1,3,1,0,94,50,3,0,0,1,0,0,17,1,RH=Crude Sword|LH=Crude Sword|BD=Crude Armour|A1=Crude Bracelet|A2=Crude Bracelet,Swords_T1_03=1,0,Rat|Rat|Rat|Rat,party wiped
873,13217,1,Normal,38,3,3,3,0,37,37,0,0,45,0,1,1,0,5,0,1,3,3,0,0,252,8,11,11,3.667,0,1,1,4,3,,,0,-,floor1_town
873,13217,2,Normal,40,5,5,5,0,37,45,0,2,55,0,1,2,0,4,3,3,0,0,0,0,308,8,15,15,3,0,1,1,5,2,,,3,Rat|Rat|Rat,companion_join:Rat;companion_join:Rat;companion_join:Rat; +1 levelup
873,13217,3,Normal,11,2,2,1,0,45,0,2,2,36,0,2,2,5,3,3,0,0,0,0,0,323,59,10,6,6,1,0,0,6,4,RH=Crude Sword|LH=Crude Sword|BD=Crude Armour|A1=Crude Bracelet|A2=Crude Bracelet,,0,Rat|Rat|Rat,party wiped
874,13218,1,Normal,36,4,4,4,0,37,37,0,0,45,0,1,1,0,6,0,2,3,3,0,0,252,8,12,12,3,0,1,1,5,3,,,1,Rat,floor1_town;companion_join:Rat
874,13218,2,Normal,37,4,4,4,0,37,44,0,3,60,0,1,2,1,6,3,2,0,3,0,0,336,16,17,17,4.25,0,1,1,6,4,,,1,Rat|Rat,companion_join:Rat; +1 levelup
874,13218,3,Normal,24,4,4,3,0,44,0,3,3,72,0,2,2,4,3,6,0,0,0,2,0,510,56,16,11,3.667,1,0,0,7,4,RH=Crude Sword|LH=Crude Sword|BD=Crude Armour|A1=Crude Bracelet|A2=Crude Bracelet,Swords_T1_03=2,0,Rat|Rat,party wiped
875,13219,1,Normal,34,1,1,1,0,37,37,0,0,5,0,1,1,0,0,0,1,3,3,0,0,28,0,1,1,1,0,1,1,2,1,,,0,-,floor1_town
875,13219,2,Normal,38,3,3,3,0,37,37,0,0,55,0,1,1,1,5,3,2,0,0,0,0,308,8,16,16,5.333,0,1,1,3,4,,,0,-,
875,13219,3,Normal,4,1,1,0,0,37,0,0,0,0,0,1,1,2,3,3,0,0,0,0,0,123,37,4,0,0,1,0,0,9,4,RH=Crude Sword|LH=Crude Sword|BD=Crude Armour|A1=Crude Bracelet|A2=Crude Bracelet,,0,-,party wiped
876,13220,1,Normal,32,2,2,2,0,37,37,0,0,40,0,1,1,0,5,2,2,3,3,0,0,224,8,11,11,5.5,0,1,1,3,4,,,1,Rat,floor1_town;companion_join:Rat
876,13220,2,Normal,27,3,3,3,0,37,29,0,0,35,0,1,1,0,1,0,2,3,3,0,0,196,16,8,8,2.667,0,1,1,4,2,,,2,Rat|Rat|Rat,companion_join:Rat;companion_join:Rat
876,13220,3,Normal,29,1,1,0,0,29,0,0,0,0,0,1,1,3,3,3,0,0,0,0,0,120,37,5,0,0,1,0,0,10,4,RH=Crude Sword|LH=Crude Sword|BD=Crude Armour|A1=Crude Bracelet|A2=Crude Bracelet,,0,Rat|Rat|Rat,party wiped
877,13221,1,Normal,30,3,3,3,0,37,37,0,0,50,0,1,1,0,9,3,0,3,3,0,0,280,6,17,17,5.667,0,1,1,4,3,,,0,-,floor1_town
877,13221,2,Normal,30,1,1,1,0,37,29,0,0,10,0,1,1,0,0,0,0,3,3,0,0,56,8,2,2,2,0,1,1,4,2,,,0,-,
877,13221,3,Normal,15,3,3,2,0,29,0,0,2,60,0,1,2,2,6,6,0,0,0,0,0,395,45,15,12,6,1,0,0,16,3,RH=Crude Sword|LH=Crude Sword|BD=Crude Armour|A1=Crude Bracelet|A2=Crude Bracelet,,0,-,party wiped; +1 levelup
878,13222,1,Normal,28,4,4,4,0,37,37,0,0,40,0,1,1,0,4,1,2,3,3,0,0,224,12,12,12,3,0,1,1,5,2,,,2,Rat|Rat,floor1_town;companion_join:Rat;companion_join:Rat
878,13222,2,Normal,33,2,2,2,0,37,37,0,0,30,0,1,1,0,3,2,2,0,1,0,0,168,8,9,9,4.5,0,1,1,6,4,,,0,Rat|Rat,
878,13222,3,Normal,33,3,3,3,0,37,29,0,1,72,0,1,2,1,6,4,1,0,0,0,0,360,16,13,13,4.333,0,1,1,18,3,,,0,Rat|Rat,+1 levelup
878,13222,4,Normal,39,2,2,2,0,29,38,1,1,25,0,2,2,0,3,1,1,0,2,1,0,140,6,8,8,4,0,1,1,19,1,,Swords_T1_03=1,0,Rat|Rat,
878,13222,5,Normal,30,2,2,2,0,38,38,1,1,25,0,2,2,1,0,2,0,0,0,1,0,140,-1,7,7,3.5,0,1,1,19,4,,Swords_T1_03=1,0,Rat|Rat,
878,13222,6,Normal,21,2,2,1,0,38,0,1,1,5,0,2,2,0,0,0,0,0,0,1,0,84,37,3,1,1,1,0,0,19,4,RH=Crude Sword|LH=Crude Sword|BD=Crude Armour|A1=Crude Bracelet|A2=Crude Bracelet,Swords_T1_03=1,0,Rat|Rat,party wiped
879,13223,1,Normal,26,3,3,3,0,37,37,0,0,40,0,1,1,0,3,0,0,3,3,0,0,224,16,9,9,3,0,1,1,4,3,,,2,Rat|Rat,floor1_town;companion_join:Rat;companion_join:Rat
879,13223,2,Normal,29,4,4,3,1,37,11,0,0,25,0,1,1,0,3,3,0,0,0,0,0,224,26,10,7,2.333,0,1,1,4,4,,,1,Rat|Rat|Rat,companion_join:Rat; flee×1
879,13223,3,Normal,30,2,2,1,0,11,0,0,0,24,0,1,1,0,6,4,0,0,0,0,0,275,37,8,4,4,1,0,0,16,4,RH=Crude Sword|LH=Crude Sword|BD=Crude Armour|A1=Crude Bracelet|A2=Crude Bracelet,,0,Rat|Rat|Rat,party wiped
880,13224,1,Normal,40,3,3,3,0,37,37,0,0,50,0,1,1,0,7,2,1,3,3,0,0,280,8,12,12,4,0,1,1,4,4,,,1,Rat,floor1_town;companion_join:Rat
880,13224,2,Normal,19,2,2,1,0,37,0,0,0,20,0,1,1,1,3,3,0,0,0,0,0,188,37,11,7,7,1,0,0,4,4,RH=Crude Sword|LH=Crude Sword|BD=Crude Armour|A1=Crude Bracelet|A2=Crude Bracelet,,0,Rat,party wiped
881,13225,1,Normal,38,6,6,6,0,37,37,0,0,85,0,1,1,0,11,2,0,3,3,0,0,476,24,23,23,3.833,0,1,1,7,2,,,2,Rat|Rat,floor1_town;companion_join:Rat;companion_join:Rat
881,13225,2,Normal,29,2,2,2,0,37,37,0,0,10,0,1,1,0,0,0,0,3,3,0,0,56,0,2,2,1,0,1,1,7,1,,,1,Rat|Rat|Rat,companion_join:Rat
881,13225,3,Normal,39,2,2,2,0,37,45,0,1,36,0,1,2,0,3,2,0,0,1,1,0,180,0,6,6,3,0,1,1,13,1,,Swords_T1_03=1,1,Rat|Rat|Rat|Goblin,companion_join:Goblin; +1 levelup
881,13225,4,Normal,37,4,4,4,0,45,38,1,1,60,0,2,2,0,3,1,0,0,3,2,0,336,56,15,15,3.75,0,1,1,14,3,,Swords_T1_03=2,1,Rat|Rat|Rat|Goblin|Rat,companion_join:Rat
881,13225,5,Normal,33,2,2,2,0,38,37,1,1,10,0,2,2,0,0,0,0,0,3,1,0,56,0,2,2,1,0,1,1,14,1,,Swords_T1_03=1,0,Rat|Rat|Rat|Goblin|Rat,
881,13225,6,Normal,40,5,5,5,0,37,38,1,1,50,0,2,2,0,1,3,0,2,3,2,0,280,19,13,13,2.6,0,1,1,15,3,,Swords_T1_03=2,1,Rat|Rat|Rat|Goblin|Rat|Rat,companion_join:Rat
881,13225,7,Normal,25,3,3,3,0,38,46,1,1,40,0,2,2,0,2,3,0,0,0,2,0,224,-10,10,10,3.333,0,1,1,15,2,,Swords_T1_03=2,1,Rat|Rat|Rat|Goblin|Rat|Rat|Rat,companion_join:Rat
881,13225,8,Normal,14,1,1,0,0,46,0,1,1,0,0,2,2,0,3,1,0,0,2,2,0,96,44,2,0,0,1,0,0,21,4,RH=Crude Sword|LH=Crude Sword|BD=Crude Armour|A1=Crude Bracelet|A2=Crude Bracelet,Swords_T1_03=2,0,Rat|Rat|Rat|Goblin|Rat|Rat|Rat,party wiped
882,13226,1,Normal,36,4,4,4,0,37,37,0,0,50,0,1,1,0,3,0,1,3,3,0,0,280,16,11,11,2.75,0,1,1,5,3,,,2,Rat|Rat,floor1_town;companion_join:Rat;companion_join:Rat
882,13226,2,Normal,34,5,5,5,0,37,17,0,3,90,0,1,2,1,8,3,0,0,0,2,0,504,49,22,22,4.4,0,1,1,7,3,,Swords_T1_03=2,1,Rat|Rat|Rat,companion_join:Rat; +1 levelup
882,13226,3,Normal,1,1,1,0,0,17,0,3,3,0,0,2,2,0,3,3,0,0,0,1,0,127,43,4,0,0,1,0,0,8,4,RH=Crude Sword|LH=Crude Sword|BD=Crude Armour|A1=Crude Bracelet|A2=Crude Bracelet,Swords_T1_03=1,0,Rat|Rat|Rat,party wiped
883,13227,1,Normal,34,4,4,4,0,37,37,0,0,60,0,1,1,0,7,0,0,3,3,0,0,336,14,17,17,4.25,0,1,1,5,3,,,2,Rat|Rat,floor1_town;companion_join:Rat;companion_join:Rat
883,13227,2,Normal,15,3,3,2,0,37,0,0,0,25,0,1,1,0,3,3,0,0,0,0,0,190,37,10,8,4,1,0,0,5,4,RH=Crude Sword|LH=Crude Sword|BD=Crude Armour|A1=Crude Bracelet|A2=Crude Bracelet,,1,Rat|Rat|Rat,companion_join:Rat; party wiped
884,13228,1,Normal,32,3,3,3,0,37,37,0,0,55,0,1,1,0,7,4,1,3,3,0,0,308,24,15,15,5,0,1,1,4,4,,,1,Rat,floor1_town;companion_join:Rat
884,13228,2,Normal,30,1,1,1,0,37,29,0,0,15,0,1,1,0,2,0,3,1,3,0,0,84,8,3,3,3,0,1,1,4,3,,,0,Rat,
884,13228,3,Normal,14,2,2,1,0,29,0,0,2,36,0,1,2,4,3,3,0,0,0,0,0,284,60,10,8,8,1,0,0,10,4,RH=Crude Sword|LH=Crude Sword|BD=Crude Armour|A1=Crude Bracelet|A2=Crude Bracelet,,0,Rat,party wiped; +1 levelup
885,13229,1,Normal,30,2,2,2,0,37,37,0,0,35,0,1,1,0,5,0,2,3,3,0,0,196,8,8,8,4,0,1,1,3,3,,,1,Rat,floor1_town;companion_join:Rat
885,13229,2,Normal,30,5,5,5,0,37,31,0,0,50,0,1,1,0,4,3,4,0,0,0,0,280,28,17,17,3.4,0,1,1,6,4,,,2,Rat|Rat|Rat,companion_join:Rat;companion_join:Rat
885,13229,3,Normal,30,4,4,4,0,31,45,0,2,108,0,1,2,3,8,6,3,1,3,2,0,540,26,19,19,4.75,0,1,1,14,2,,Swords_T1_03=2,0,Rat|Rat|Rat,+1 levelup
885,13229,4,Normal,36,2,2,2,0,45,39,2,2,20,0,2,2,0,1,1,3,0,2,2,0,112,4,6,6,3,0,1,1,14,3,,Swords_T1_03=2,2,Rat|Rat|Rat|Rat|Rat,companion_join:Rat;companion_join:Rat
885,13229,5,Normal,36,3,3,3,0,39,34,2,2,35,0,2,2,1,0,2,2,0,0,3,0,196,2,8,8,2.667,0,1,1,14,3,,Swords_T1_03=3,2,Rat|Rat|Rat|Rat|Rat|Rat|Rat,companion_join:Rat;companion_join:Rat
885,13229,6,Normal,32,3,3,3,0,34,30,2,2,30,0,2,2,1,0,0,1,0,0,0,0,168,4,7,7,2.333,0,1,1,14,3,,,0,Rat|Rat|Rat|Rat|Rat|Rat|Rat,
885,13229,7,Normal,28,5,5,5,0,30,52,2,3,75,0,2,3,1,6,3,0,0,0,4,0,420,16,19,19,3.8,0,1,1,16,1,,Swords_T1_03=3|Swords_T1_04=1,1,Rat|Rat|Rat|Rat|Rat|Rat|Rat|Rat,companion_join:Rat; +1 levelup
885,13229,8,Normal,1,1,1,0,0,52,0,3,3,0,0,3,3,0,2,0,0,1,3,1,0,102,50,2,0,0,1,0,0,22,3,RH=Crude Sword|LH=Crude Sword|BD=Crude Armour|A1=Crude Bracelet|A2=Crude Bracelet,Swords_T1_03=1,0,Rat|Rat|Rat|Rat|Rat|Rat|Rat|Rat,party wiped
886,13230,1,Normal,28,2,2,2,0,37,37,0,0,25,0,1,1,0,1,0,1,3,3,0,0,140,16,6,6,3,0,1,1,3,2,,,0,-,floor1_town
886,13230,2,Normal,26,3,3,3,0,37,37,0,0,35,0,1,1,0,3,3,1,0,0,0,0,196,14,11,11,3.667,0,1,1,5,4,,,1,Rat,companion_join:Rat
886,13230,3,Normal,32,5,5,4,0,37,0,0,3,84,0,1,2,2,7,4,0,0,0,1,0,508,46,19,16,4,1,0,0,23,3,RH=Crude Sword|LH=Crude Sword|BD=Crude Armour|A1=Crude Bracelet|A2=Crude Bracelet,Swords_T1_03=1,0,Rat,party wiped; +1 levelup
887,13231,1,Normal,26,3,3,3,0,37,37,0,0,35,0,1,1,0,5,3,2,3,3,0,0,196,16,12,12,4,0,1,1,4,1,,,1,Rat,floor1_town;companion_join:Rat
887,13231,2,Normal,39,3,3,3,0,37,37,0,0,40,0,1,1,0,3,1,3,0,2,0,0,224,0,11,11,3.667,0,1,1,4,1,,,3,Rat|Rat|Rat|Rat,companion_join:Rat;companion_join:Rat;companion_join:Rat
887,13231,3,Normal,24,4,4,3,0,37,0,0,3,72,0,1,2,5,5,3,0,0,0,3,0,515,42,19,14,4.667,1,0,0,16,3,RH=Crude Sword|LH=Crude Sword|BD=Crude Armour|A1=Crude Bracelet|A2=Crude Bracelet,Swords_T1_03=3,1,Rat|Rat|Rat|Rat|Goblin,companion_join:Goblin; party wiped; +1 levelup
888,13232,1,Normal,40,5,5,5,0,37,37,0,0,50,0,1,1,0,2,0,0,3,3,0,0,280,24,10,10,2,0,1,1,6,2,,,3,Rat|Rat|Rat,floor1_town;companion_join:Rat;companion_join:Rat;companion_join:Rat
888,13232,2,Normal,31,4,4,4,0,37,46,0,3,60,0,1,2,0,9,4,0,0,0,0,0,336,40,20,20,5,0,1,1,9,3,,,2,Rat|Rat|Rat|Rat|Rat,companion_join:Rat;companion_join:Rat; +1 levelup
888,13232,3,Normal,6,1,1,0,0,46,0,3,3,0,0,2,2,0,0,0,0,0,0,1,0,60,45,2,0,0,1,0,0,9,2,RH=Crude Sword|LH=Crude Sword|BD=Crude Armour|A1=Crude Bracelet|A2=Crude Bracelet,Swords_T1_03=1,0,Rat|Rat|Rat|Rat|Rat,party wiped
889,13233,1,Normal,38,4,4,4,0,37,37,0,0,55,0,1,1,0,6,0,2,3,3,0,0,308,8,13,13,3.25,0,1,1,5,2,,,1,Rat,floor1_town;companion_join:Rat
889,13233,2,Normal,25,2,2,2,0,37,37,0,0,10,0,1,1,0,0,0,4,3,3,0,0,56,0,2,2,1,0,1,1,5,1,,,0,Rat,
889,13233,3,Normal,11,1,1,0,0,37,0,0,0,0,0,1,1,1,3,3,5,0,0,0,0,148,37,5,0,0,1,0,0,11,3,RH=Crude Sword|LH=Crude Sword|BD=Crude Armour|A1=Crude Bracelet|A2=Crude Bracelet,,0,Rat,party wiped
890,13234,1,Normal,36,4,4,4,0,37,37,0,0,55,0,1,1,0,7,2,0,3,3,0,0,308,0,14,14,3.5,0,1,1,5,3,,,2,Rat|Rat,floor1_town;companion_join:Rat;companion_join:Rat
890,13234,2,Normal,34,4,4,4,0,37,37,0,2,75,0,1,2,2,6,4,0,0,2,1,0,420,15,21,21,5.25,0,1,1,6,4,,Swords_T1_03=1,2,Rat|Rat|Rat|Rat,companion_join:Rat;companion_join:Rat; +1 levelup
890,13234,3,Normal,4,1,1,0,0,37,0,2,2,0,0,2,2,0,3,3,0,0,0,1,0,176,44,7,0,0,1,0,0,7,3,RH=Crude Sword|LH=Crude Sword|BD=Crude Armour|A1=Crude Bracelet|A2=Crude Bracelet,Swords_T1_03=1,0,Rat|Rat|Rat|Rat,party wiped
891,13235,1,Normal,34,3,3,3,0,37,37,0,0,30,0,1,1,0,3,3,1,3,3,0,0,168,16,9,9,3,0,1,1,4,1,,,0,-,floor1_town
891,13235,2,Normal,33,3,3,3,0,37,37,0,0,55,0,1,1,0,7,1,3,0,3,0,0,308,16,16,16,5.333,0,1,1,6,3,,,1,Rat,companion_join:Rat
891,13235,3,Normal,26,4,4,3,0,37,0,0,2,60,0,1,2,5,6,6,0,0,0,1,0,534,59,21,11,3.667,1,0,0,13,4,RH=Crude Sword|LH=Crude Sword|BD=Crude Armour|A1=Crude Bracelet|A2=Crude Bracelet,Swords_T1_03=1,0,Rat,party wiped; +1 levelup
892,13236,1,Normal,32,3,3,3,0,37,37,0,0,45,0,1,1,0,4,3,0,3,3,0,0,252,18,15,15,5,0,1,1,4,4,,,2,Rat|Rat,floor1_town;companion_join:Rat;companion_join:Rat
892,13236,2,Normal,36,6,6,4,2,37,8,0,1,70,0,1,2,0,7,6,0,0,0,0,0,504,71,24,19,4.75,0,1,1,6,4,,,1,Rat|Rat|Rat,companion_join:Rat; +1 levelup; flee×2
892,13236,3,Normal,3,1,1,0,0,8,0,1,1,0,0,2,2,2,3,3,0,0,0,1,0,165,44,4,0,0,1,0,0,7,4,RH=Crude Sword|LH=Crude Sword|BD=Crude Armour|A1=Crude Bracelet|A2=Crude Bracelet,Swords_T1_03=1,0,Rat|Rat|Rat,party wiped
893,13237,1,Normal,30,4,4,4,0,37,37,0,0,50,0,1,1,0,6,1,1,3,3,0,0,280,8,15,15,3.75,0,1,1,5,1,,,1,Rat,floor1_town;companion_join:Rat
893,13237,2,Normal,26,2,2,2,0,37,37,0,0,25,0,1,1,0,2,0,2,1,3,0,0,140,0,6,6,3,0,1,1,5,3,,,0,Rat,
893,13237,3,Normal,12,2,2,1,0,37,0,0,0,24,0,1,1,0,6,4,4,0,0,0,0,198,37,6,4,4,1,0,0,17,4,RH=Crude Sword|LH=Crude Sword|BD=Crude Armour|A1=Crude Bracelet|A2=Crude Bracelet,,1,Rat|Goblin,companion_join:Goblin; party wiped
894,13238,1,Normal,28,3,3,3,0,37,37,0,0,40,0,1,1,0,6,3,2,3,3,0,0,224,0,13,13,4.333,0,1,1,4,2,,,0,-,floor1_town
894,13238,2,Normal,33,4,4,4,0,37,37,0,0,40,0,1,1,0,4,0,3,3,3,0,0,224,16,10,10,2.5,0,1,1,6,1,,,1,Rat,companion_join:Rat
894,13238,3,Normal,1,1,1,0,0,37,0,0,0,0,0,1,1,3,3,3,0,0,0,0,0,180,37,7,0,0,1,0,0,12,4,RH=Crude Sword|LH=Crude Sword|BD=Crude Armour|A1=Crude Bracelet|A2=Crude Bracelet,,0,Rat,party wiped
895,13239,1,Normal,26,2,2,2,0,37,37,0,0,25,0,1,1,0,2,0,1,3,3,0,0,140,8,6,6,3,0,1,1,3,1,,,0,-,floor1_town
895,13239,2,Normal,33,6,6,6,0,37,37,0,0,70,0,1,1,0,7,3,2,2,3,0,0,392,22,22,22,3.667,0,1,1,6,2,,,5,Rat|Rat|Rat|Rat|Rat,companion_join:Rat;companion_join:Rat;companion_join:Rat;companion_join:Rat;companion_join:Rat
895,13239,3,Normal,29,3,3,2,0,37,0,0,3,48,0,1,2,1,3,3,2,0,0,1,0,270,43,9,8,4,1,0,0,12,4,RH=Crude Sword|LH=Crude Sword|BD=Crude Armour|A1=Crude Bracelet|A2=Crude Bracelet,Swords_T1_03=1,0,Rat|Rat|Rat|Rat|Rat,party wiped; +1 levelup
896,13240,1,Normal,40,5,5,5,0,37,37,0,0,70,0,1,1,0,6,0,2,3,3,0,0,392,16,17,17,3.4,0,1,1,6,3,,,2,Rat|Rat,floor1_town;companion_join:Rat;companion_join:Rat
896,13240,2,Normal,34,4,4,4,0,37,44,0,1,45,0,1,2,0,3,0,4,0,3,1,0,252,13,12,12,3,0,1,1,7,3,,Swords_T1_03=1,2,Rat|Rat|Rat|Rat,companion_join:Rat;companion_join:Rat; +1 levelup
896,13240,3,Normal,30,4,4,3,1,44,30,1,1,96,0,2,2,6,3,6,0,0,0,4,0,540,41,19,18,6,0,1,1,8,2,,Swords_T1_03=4,1,Rat|Rat|Rat|Rat|Goblin,companion_join:Goblin; flee×1
896,13240,4,Normal,28,4,4,3,0,30,0,1,1,35,0,2,2,0,3,3,0,0,0,2,0,249,42,13,10,3.333,1,0,0,9,4,RH=Crude Sword|LH=Crude Sword|BD=Crude Armour|A1=Crude Bracelet|A2=Crude Bracelet,Swords_T1_03=2,1,Rat|Rat|Rat|Rat|Goblin|Rat,companion_join:Rat; party wiped
897,13241,1,Normal,38,4,4,4,0,37,37,0,0,55,0,1,1,0,6,3,0,3,3,0,0,308,37,14,14,3.5,0,1,1,5,4,,,0,-,floor1_town
897,13241,2,Normal,22,4,4,3,0,37,0,0,0,30,0,1,1,2,3,3,0,0,0,0,0,224,37,12,8,2.667,1,0,0,5,4,RH=Crude Sword|LH=Crude Sword|BD=Crude Armour|A1=Crude Bracelet|A2=Crude Bracelet,,0,-,party wiped
898,13242,1,Normal,36,5,5,5,0,37,37,0,0,70,0,1,1,0,7,1,2,3,3,0,0,392,16,16,16,3.2,0,1,1,6,3,,,0,-,floor1_town
898,13242,2,Normal,27,2,2,2,0,37,45,0,2,35,0,1,2,0,3,3,4,0,0,0,0,196,21,10,10,5,0,1,1,6,3,,,0,-,+1 levelup
898,13242,3,Normal,29,1,1,1,0,45,24,2,2,12,0,2,2,0,0,0,5,0,0,0,0,60,21,2,2,2,0,1,1,6,1,,,0,-,
898,13242,4,Normal,35,4,4,4,0,24,45,2,2,60,0,2,2,0,3,3,5,0,0,2,0,336,-2,13,13,3.25,0,1,1,7,3,,Swords_T1_03=2,4,Rat|Rat|Rat|Rat,companion_join:Rat;companion_join:Rat;companion_join:Rat;companion_join:Rat
898,13242,5,Normal,29,5,5,5,0,45,37,2,2,80,0,2,2,1,3,2,4,0,1,1,0,448,23,16,16,3.2,0,1,1,8,4,,Swords_T1_03=1,1,Rat|Rat|Rat|Rat|Rat,companion_join:Rat
898,13242,6,Normal,39,5,5,5,0,37,46,2,4,65,0,2,3,1,1,1,3,2,3,2,0,364,20,14,14,2.8,0,1,1,9,3,,Swords_T1_03=2,0,Rat|Rat|Rat|Rat|Rat,+1 levelup
898,13242,7,Normal,39,4,4,4,0,46,46,4,4,45,0,3,3,0,2,1,3,0,2,3,0,252,32,11,11,2.75,0,1,1,9,3,,Swords_T1_03=2|Swords_T1_04=1,1,Rat|Rat|Rat|Rat|Rat|Rat,companion_join:Rat
898,13242,8,Normal,29,3,3,2,0,46,0,4,4,180,0,3,3,3,9,5,0,0,2,5,0,587,88,17,14,7,1,0,0,27,2,RH=Crude Sword|LH=Crude Sword|BD=Crude Armour|A1=Crude Bracelet|A2=Crude Bracelet,Swords_T1_03=3|Swords_T1_04=2,1,Rat|Rat|Rat|Rat|Rat|Rat|Orc,companion_join:Orc; party wiped
899,13243,1,Normal,34,3,3,3,0,37,37,0,0,30,0,1,1,0,1,0,0,3,3,0,0,168,16,6,6,2,0,1,1,4,2,,,0,-,floor1_town
899,13243,2,Normal,25,3,3,3,0,37,37,0,0,30,0,1,1,0,3,0,1,3,3,0,0,168,6,9,9,3,0,1,1,5,1,,,1,Rat,companion_join:Rat
899,13243,3,Normal,13,2,2,1,0,37,0,0,0,12,0,1,1,1,4,3,2,0,0,0,0,180,37,7,2,2,1,0,0,17,3,RH=Crude Sword|LH=Crude Sword|BD=Crude Armour|A1=Crude Bracelet|A2=Crude Bracelet,,0,Rat,party wiped
900,13244,1,Normal,32,4,4,4,0,37,37,0,0,50,0,1,1,0,6,1,2,3,3,0,0,280,22,16,16,4,0,1,1,5,3,,,1,Rat,floor1_town;companion_join:Rat
900,13244,2,Normal,28,4,4,4,0,37,45,0,3,55,0,1,2,0,4,0,3,1,3,0,0,308,24,12,12,3,0,1,1,7,2,,,1,Rat|Rat,companion_join:Rat; +1 levelup
900,13244,3,Normal,2,1,1,0,0,45,0,3,3,0,0,2,2,4,1,3,0,0,0,1,0,165,44,5,0,0,1,0,0,7,4,RH=Crude Sword|LH=Crude Sword|BD=Crude Armour|A1=Crude Bracelet|A2=Crude Bracelet,Swords_T1_03=1,0,Rat|Rat,party wiped
901,13245,1,Normal,30,5,5,5,0,37,37,0,0,75,0,1,1,0,10,3,0,3,3,0,0,420,8,22,22,4.4,0,1,1,6,4,,,1,Rat,floor1_town;companion_join:Rat
901,13245,2,Normal,36,4,4,4,0,37,28,0,2,55,0,1,2,0,3,3,1,0,0,1,0,308,16,13,13,3.25,0,1,1,6,3,,Swords_T1_03=1,2,Rat|Rat|Rat,companion_join:Rat;companion_join:Rat; +1 levelup
901,13245,3,Normal,6,1,1,0,0,28,0,2,2,0,0,2,2,1,3,3,0,0,0,0,0,123,45,4,0,0,1,0,0,7,4,RH=Crude Sword|LH=Crude Sword|BD=Crude Armour|A1=Crude Bracelet|A2=Crude Bracelet,,0,Rat|Rat|Rat,party wiped
902,13246,1,Normal,28,2,2,2,0,37,37,0,0,20,0,1,1,0,0,0,1,3,3,0,0,112,16,4,4,2,0,1,1,3,2,,,1,Rat,floor1_town;companion_join:Rat
902,13246,2,Normal,39,4,4,4,0,37,37,0,0,45,0,1,1,0,4,3,3,0,0,0,0,252,8,13,13,3.25,0,1,1,4,1,,,1,Rat|Rat,companion_join:Rat
902,13246,3,Normal,27,2,2,2,0,37,45,0,2,36,0,1,2,0,3,1,5,0,2,0,0,180,11,8,8,4,0,1,1,16,2,,,2,Rat|Rat|Goblin|Goblin,companion_join:Goblin;companion_join:Goblin; +1 levelup
902,13246,4,Normal,35,3,3,3,0,45,45,2,2,30,0,2,2,0,0,1,5,0,1,2,0,168,-2,6,6,2,0,1,1,16,2,,Swords_T1_03=2,1,Rat|Rat|Goblin|Goblin|Rat,companion_join:Rat
902,13246,5,Normal,25,2,2,2,0,45,21,2,2,35,0,2,2,4,0,1,1,0,0,2,0,196,22,13,13,6.5,0,1,1,16,3,,Swords_T1_03=2,1,Rat|Rat|Goblin|Goblin|Rat|Rat,companion_join:Rat
902,13246,6,Normal,36,2,2,2,0,21,38,2,2,25,0,2,2,0,3,1,1,0,2,1,0,140,6,7,7,3.5,0,1,1,17,4,,Swords_T1_03=1,0,Rat|Rat|Goblin|Goblin|Rat|Rat,
902,13246,7,Normal,34,3,3,2,0,38,0,2,2,40,0,2,2,1,3,5,0,0,0,1,0,326,58,18,13,6.5,1,0,0,18,4,RH=Crude Sword|LH=Crude Sword|BD=Crude Armour|A1=Crude Bracelet|A2=Crude Bracelet,Swords_T1_03=1,0,Rat|Rat|Goblin|Goblin|Rat|Rat,party wiped
903,13247,1,Normal,26,4,4,4,0,37,37,0,0,50,0,1,1,0,5,3,0,3,3,0,0,280,24,14,14,3.5,0,1,1,5,3,,,1,Rat,floor1_town;companion_join:Rat
903,13247,2,Normal,30,4,4,4,0,37,46,0,3,60,0,1,2,0,7,3,0,1,3,0,0,336,29,17,17,4.25,0,1,1,7,3,,,1,Rat|Rat,companion_join:Rat; +1 levelup
903,13247,3,Normal,1,1,1,0,0,46,0,3,3,0,0,2,2,1,1,3,0,0,0,1,0,103,45,3,0,0,1,0,0,7,4,RH=Crude Sword|LH=Crude Sword|BD=Crude Armour|A1=Crude Bracelet|A2=Crude Bracelet,Swords_T1_03=1,0,Rat|Rat,party wiped
904,13248,1,Normal,40,3,3,3,0,37,37,0,0,30,0,1,1,0,3,2,1,3,3,0,0,168,0,7,7,2.333,0,1,1,4,1,,,0,-,floor1_town
904,13248,2,Normal,29,5,5,4,0,37,0,0,0,50,0,1,1,1,3,3,0,0,0,0,0,386,45,17,13,3.25,1,0,0,5,4,RH=Crude Sword|LH=Crude Sword|BD=Crude Armour|A1=Crude Bracelet|A2=Crude Bracelet,,0,-,party wiped
905,13249,1,Normal,38,4,4,4,0,37,37,0,0,50,0,1,1,0,4,3,2,3,3,0,0,280,16,13,13,3.25,0,1,1,5,1,,,2,Rat|Rat,floor1_town;companion_join:Rat;companion_join:Rat
905,13249,2,Normal,29,2,2,2,0,37,37,0,0,10,0,1,1,0,0,0,4,3,3,0,0,56,0,2,2,1,0,1,1,5,1,,,0,Rat|Rat,
905,13249,3,Normal,5,1,1,0,0,37,0,0,0,0,0,1,1,0,3,3,6,0,0,0,0,35,37,2,0,0,1,0,0,11,4,RH=Crude Sword|LH=Crude Sword|BD=Crude Armour|A1=Crude Bracelet|A2=Crude Bracelet,,0,Rat|Rat,party wiped
906,13250,1,Normal,36,3,3,3,0,37,37,0,0,50,0,1,1,0,7,5,1,3,3,0,0,280,16,15,15,5,0,1,1,4,2,,,0,-,floor1_town
906,13250,2,Normal,39,4,4,4,0,37,29,0,0,35,0,1,1,0,3,0,1,0,3,0,0,196,8,8,8,2,0,1,1,4,2,,,2,Rat|Rat,companion_join:Rat;companion_join:Rat
906,13250,3,Normal,38,4,4,3,0,29,0,0,3,72,0,1,2,3,7,6,0,0,0,2,0,457,58,15,12,4,1,0,0,17,4,RH=Crude Sword|LH=Crude Sword|BD=Crude Armour|A1=Crude Bracelet|A2=Crude Bracelet,Swords_T1_03=2,1,Rat|Rat|Goblin,companion_join:Goblin; party wiped; +1 levelup
907,13251,1,Normal,34,4,4,4,0,37,37,0,0,45,0,1,1,0,3,0,2,3,3,0,0,252,16,10,10,2.5,0,1,1,5,1,,,1,Rat,floor1_town;companion_join:Rat
907,13251,2,Normal,37,6,6,6,0,37,45,0,3,70,0,1,2,1,6,3,3,0,0,0,0,392,34,22,22,3.667,0,1,1,8,4,,,1,Rat|Rat,companion_join:Rat; +1 levelup
907,13251,3,Normal,19,2,2,1,0,45,0,3,3,36,0,2,2,5,0,0,0,0,0,2,0,300,71,10,6,6,1,0,0,8,3,RH=Crude Sword|LH=Crude Sword|BD=Crude Armour|A1=Crude Bracelet|A2=Crude Bracelet,Swords_T1_03=2,0,Rat|Rat,party wiped
908,13252,1,Normal,32,3,3,3,0,37,37,0,0,50,0,1,1,0,7,2,0,3,3,0,0,280,18,17,17,5.667,0,1,1,4,4,,,1,Rat,floor1_town;companion_join:Rat
908,13252,2,Normal,28,3,3,3,0,37,45,0,2,50,0,1,2,2,3,3,0,0,0,0,0,280,16,14,14,4.667,0,1,1,4,3,,,1,Rat|Rat,companion_join:Rat; +1 levelup
908,13252,3,Normal,6,1,1,0,0,45,0,2,2,0,0,2,2,1,0,0,0,0,0,1,0,146,44,3,0,0,1,0,0,4,3,RH=Crude Sword|LH=Crude Sword|BD=Crude Armour|A1=Crude Bracelet|A2=Crude Bracelet,Swords_T1_03=1,0,Rat|Rat,party wiped
909,13253,1,Normal,30,3,3,3,0,37,37,0,0,40,0,1,1,0,6,1,2,3,3,0,0,224,8,11,11,3.667,0,1,1,4,4,,,0,-,floor1_town
909,13253,2,Normal,32,4,4,4,0,37,45,0,1,60,0,1,2,0,9,4,4,0,2,0,0,336,16,20,20,5,0,1,1,6,4,,,0,-,+1 levelup
909,13253,3,Normal,20,3,3,2,0,45,0,1,1,60,0,2,2,6,3,5,0,0,0,2,0,448,57,14,10,5,1,0,0,7,4,RH=Crude Sword|LH=Crude Sword|BD=Crude Armour|A1=Crude Bracelet|A2=Crude Bracelet,Swords_T1_03=2,0,-,party wiped
910,13254,1,Normal,28,3,3,3,0,37,37,0,0,30,0,1,1,0,3,0,0,3,3,0,0,168,0,6,6,2,0,1,1,4,1,,,0,-,floor1_town
910,13254,2,Normal,29,5,5,5,0,37,37,0,0,40,0,1,1,0,2,0,1,2,3,0,0,224,8,10,10,2,0,1,1,5,2,,,1,Rat,companion_join:Rat
910,13254,3,Normal,16,2,2,1,0,37,0,0,0,12,0,1,1,1,3,3,2,0,0,0,0,208,37,7,2,2,1,0,0,17,3,RH=Crude Sword|LH=Crude Sword|BD=Crude Armour|A1=Crude Bracelet|A2=Crude Bracelet,,0,Rat,party wiped
911,13255,1,Normal,26,2,2,2,0,37,37,0,0,30,0,1,1,0,2,0,1,3,3,0,0,168,6,8,8,4,0,1,1,3,3,,,1,Rat,floor1_town;companion_join:Rat
911,13255,2,Normal,37,4,4,4,0,37,37,0,0,50,0,1,1,0,3,3,2,0,0,0,0,280,0,12,12,3,0,1,1,3,4,,,0,Rat,
911,13255,3,Normal,25,4,4,3,0,37,0,0,2,48,0,1,2,3,4,3,0,0,0,1,0,388,44,12,8,2.667,1,0,0,15,4,RH=Crude Sword|LH=Crude Sword|BD=Crude Armour|A1=Crude Bracelet|A2=Crude Bracelet,Swords_T1_03=1,2,Rat|Goblin|Goblin,companion_join:Goblin;companion_join:Goblin; party wiped; +1 levelup
912,13256,1,Normal,40,4,4,4,0,37,37,0,0,30,0,1,1,0,1,0,0,3,3,0,0,168,6,8,8,2,0,1,1,5,3,,,2,Rat|Rat,floor1_town;companion_join:Rat;companion_join:Rat
912,13256,2,Normal,40,5,5,5,0,37,45,0,2,70,0,1,2,0,6,5,2,0,1,0,0,392,8,18,18,3.6,0,1,1,6,4,,,2,Rat|Rat|Rat|Rat,companion_join:Rat;companion_join:Rat; +1 levelup
912,13256,3,Normal,29,4,4,3,0,45,0,2,2,72,0,2,2,2,3,4,2,0,0,4,0,457,62,12,10,3.333,1,0,0,7,2,RH=Crude Sword|LH=Crude Sword|BD=Crude Armour|A1=Crude Bracelet|A2=Crude Bracelet,Swords_T1_03=4,0,Rat|Rat|Rat|Rat,party wiped
913,13257,1,Normal,38,2,2,2,0,37,37,0,0,20,0,1,1,0,3,0,1,3,3,0,0,112,8,6,6,3,0,1,1,3,1,,,0,-,floor1_town
913,13257,2,Normal,40,4,4,4,0,37,29,0,0,55,0,1,1,0,6,4,1,0,1,0,0,308,16,15,15,3.75,0,1,1,4,3,,,0,-,
913,13257,3,Normal,34,5,5,4,0,29,0,0,1,72,0,1,2,3,8,6,0,0,0,2,0,555,69,20,14,3.5,1,0,0,23,4,RH=Crude Sword|LH=Crude Sword|BD=Crude Armour|A1=Crude Bracelet|A2=Crude Bracelet,Swords_T1_03=2,0,-,party wiped; +1 levelup
914,13258,1,Normal,36,2,2,2,0,37,37,0,0,20,0,1,1,0,2,0,0,3,3,0,0,112,0,5,5,2.5,0,1,1,3,3,,,1,Rat,floor1_town;companion_join:Rat
914,13258,2,Normal,30,4,4,4,0,37,13,0,0,55,0,1,1,1,3,3,0,0,0,0,0,308,24,14,14,3.5,0,1,1,3,4,,,1,Rat|Rat,companion_join:Rat
914,13258,3,Normal,24,2,2,1,0,13,0,0,0,12,0,1,1,0,4,3,0,0,0,0,0,155,37,5,2,2,1,0,0,15,4,RH=Crude Sword|LH=Crude Sword|BD=Crude Armour|A1=Crude Bracelet|A2=Crude Bracelet,,1,Rat|Rat|Goblin,companion_join:Goblin; party wiped
915,13259,1,Normal,34,3,3,3,0,37,37,0,0,20,0,1,1,0,1,0,1,3,3,0,0,112,0,5,5,1.667,0,1,1,4,2,,,1,Rat,floor1_town;companion_join:Rat
915,13259,2,Normal,40,2,2,2,0,37,37,0,0,15,0,1,1,0,1,0,2,2,3,0,0,84,0,4,4,2,0,1,1,4,2,,,0,Rat,
915,13259,3,Normal,4,1,1,0,0,37,0,0,0,0,0,1,1,0,3,3,4,0,0,0,0,80,37,3,0,0,1,0,0,10,4,RH=Crude Sword|LH=Crude Sword|BD=Crude Armour|A1=Crude Bracelet|A2=Crude Bracelet,,0,Rat,party wiped
916,13260,1,Normal,32,2,2,2,0,37,37,0,0,25,0,1,1,0,1,0,2,3,3,0,0,140,16,5,5,2.5,0,1,1,3,2,,,0,-,floor1_town
916,13260,2,Normal,37,6,6,6,0,37,37,0,0,70,0,1,1,3,3,3,0,0,0,0,0,392,0,19,19,3.167,0,1,1,3,3,,,0,-,
916,13260,3,Normal,5,1,1,0,0,37,0,0,0,0,0,1,1,0,3,3,2,0,0,0,0,123,37,4,0,0,1,0,0,9,3,RH=Crude Sword|LH=Crude Sword|BD=Crude Armour|A1=Crude Bracelet|A2=Crude Bracelet,,0,-,party wiped
917,13261,1,Normal,30,3,3,3,0,37,37,0,0,55,0,1,1,0,8,4,1,3,3,0,0,308,8,15,15,5,0,1,1,4,3,,,2,Rat|Rat,floor1_town;companion_join:Rat;companion_join:Rat
917,13261,2,Normal,31,3,3,3,0,37,37,0,0,25,0,1,1,0,1,0,2,2,3,0,0,140,8,6,6,2,0,1,1,5,2,,,0,Rat|Rat,
917,13261,3,Normal,2,1,1,0,0,37,0,0,0,0,0,1,1,2,3,3,2,0,0,0,0,147,37,5,0,0,1,0,0,11,4,RH=Crude Sword|LH=Crude Sword|BD=Crude Armour|A1=Crude Bracelet|A2=Crude Bracelet,,0,Rat|Rat,party wiped
918,13262,1,Normal,28,3,3,3,0,37,37,0,0,15,0,1,1,0,0,0,2,3,3,0,0,84,0,3,3,1,0,1,1,4,1,,,0,-,floor1_town
918,13262,2,Normal,26,5,5,5,0,37,29,0,0,55,0,1,1,0,3,3,3,3,3,0,0,308,22,14,14,2.8,0,1,1,6,2,,,2,Rat|Rat,companion_join:Rat;companion_join:Rat
918,13262,3,Normal,3,1,1,0,0,29,0,0,0,0,0,1,1,3,3,3,0,0,0,0,0,155,37,5,0,0,1,0,0,12,4,RH=Crude Sword|LH=Crude Sword|BD=Crude Armour|A1=Crude Bracelet|A2=Crude Bracelet,,0,Rat|Rat,party wiped
919,13263,1,Normal,26,4,4,4,0,37,37,0,0,65,0,1,1,0,9,3,0,3,3,0,0,364,37,18,18,4.5,0,1,1,5,3,,,1,Rat,floor1_town;companion_join:Rat
919,13263,2,Normal,34,4,4,4,0,37,32,0,2,45,0,1,2,0,3,3,0,0,0,1,0,252,37,12,12,3,0,1,1,5,1,,Swords_T1_03=1,2,Rat|Rat|Rat,companion_join:Rat;companion_join:Rat; +1 levelup
919,13263,3,Normal,18,3,3,2,0,32,0,2,2,36,0,2,2,1,3,3,0,0,0,3,0,356,43,12,5,2.5,1,0,0,6,3,RH=Crude Sword|LH=Crude Sword|BD=Crude Armour|A1=Crude Bracelet|A2=Crude Bracelet,Swords_T1_03=3,0,Rat|Rat|Rat,party wiped
920,13264,1,Normal,40,3,3,3,0,37,37,0,0,30,0,1,1,0,1,0,2,3,3,0,0,168,24,7,7,2.333,0,1,1,4,2,,,1,Rat,floor1_town;companion_join:Rat
920,13264,2,Normal,40,6,6,6,0,37,37,0,0,55,0,1,1,0,1,0,4,3,3,0,0,308,32,12,12,2,0,1,1,8,1,,,1,Rat|Rat,companion_join:Rat
920,13264,3,Normal,33,4,4,4,0,37,44,0,3,72,0,1,2,2,3,3,3,3,3,3,0,360,14,13,13,3.25,0,1,1,15,1,,Swords_T1_03=3,1,Rat|Rat|Goblin,companion_join:Goblin; +1 levelup
920,13264,4,Normal,26,2,2,2,0,44,46,3,3,15,0,2,2,0,1,0,3,2,3,1,0,84,-3,3,3,1.5,0,1,1,15,2,,Swords_T1_03=1,1,Rat|Rat|Goblin|Rat,companion_join:Rat
920,13264,5,Normal,40,6,6,6,0,46,46,3,3,75,0,2,2,1,2,3,2,3,3,4,0,420,17,19,19,3.167,0,1,1,16,1,,Swords_T1_03=4,1,Rat|Rat|Goblin|Rat|Rat,companion_join:Rat
920,13264,6,Normal,26,1,1,1,0,46,37,3,3,10,0,2,2,0,0,0,2,3,3,1,0,56,8,2,2,2,0,1,1,16,2,,Swords_T1_03=1,0,Rat|Rat|Goblin|Rat|Rat,
920,13264,7,Normal,37,4,4,4,0,37,36,3,3,35,0,2,2,0,3,0,2,0,3,2,0,196,-1,9,9,2.25,0,1,1,16,2,,Swords_T1_03=2,2,Rat|Rat|Goblin|Rat|Rat|Rat|Rat,companion_join:Rat;companion_join:Rat
920,13264,8,Normal,20,1,1,0,0,36,0,3,3,0,0,2,2,2,2,0,0,1,3,2,0,113,44,2,0,0,1,0,0,22,4,RH=Crude Sword|LH=Crude Sword|BD=Crude Armour|A1=Crude Bracelet|A2=Crude Bracelet,Swords_T1_03=2,0,Rat|Rat|Goblin|Rat|Rat|Rat|Rat,party wiped
921,13265,1,Normal,38,2,2,2,0,37,37,0,0,30,0,1,1,0,3,0,0,3,3,0,0,168,0,10,10,5,0,1,1,3,3,,,1,Rat,floor1_town;companion_join:Rat
921,13265,2,Normal,29,2,2,2,0,37,37,0,0,25,0,1,1,0,3,0,0,0,3,0,0,140,8,6,6,3,0,1,1,4,3,,,2,Rat|Rat|Rat,companion_join:Rat;companion_join:Rat
921,13265,3,Normal,26,3,3,2,0,37,0,0,2,48,0,1,2,0,6,5,0,0,0,1,0,343,43,10,8,4,1,0,0,16,3,RH=Crude Sword|LH=Crude Sword|BD=Crude Armour|A1=Crude Bracelet|A2=Crude Bracelet,Swords_T1_03=1,1,Rat|Rat|Rat|Goblin,companion_join:Goblin; party wiped; +1 levelup
922,13266,1,Normal,35,3,3,3,0,37,37,0,0,60,0,1,1,0,9,5,1,3,3,0,0,336,10,17,17,5.667,0,1,1,4,4,,,2,Rat|Rat,floor1_town;companion_join:Rat;companion_join:Rat
922,13266,2,Normal,25,3,3,3,0,37,45,0,2,45,0,1,2,0,6,2,2,0,1,0,0,252,16,11,11,3.667,0,1,1,5,4,,,1,Rat|Rat|Rat,companion_join:Rat; +1 levelup
922,13266,3,Normal,2,1,1,0,0,45,0,2,2,0,0,2,2,4,0,1,0,0,0,0,0,123,45,4,0,0,1,0,0,5,4,RH=Crude Sword|LH=Crude Sword|BD=Crude Armour|A1=Crude Bracelet|A2=Crude Bracelet,,0,Rat|Rat|Rat,party wiped
923,13267,1,Normal,33,3,3,3,0,37,37,0,0,35,0,1,1,0,3,1,0,3,3,0,0,196,22,10,10,3.333,0,1,1,4,4,,,1,Rat,floor1_town;companion_join:Rat
923,13267,2,Normal,29,3,3,3,0,37,37,0,0,50,0,1,1,1,4,3,1,0,0,0,0,280,8,14,14,4.667,0,1,1,5,3,,,1,Rat|Rat,companion_join:Rat
923,13267,3,Normal,26,3,3,3,0,37,44,0,2,96,0,1,2,2,6,6,0,0,0,2,0,480,30,15,15,5,0,1,1,12,3,,Swords_T1_03=2,1,Rat|Rat|Goblin,companion_join:Goblin; +1 levelup
923,13267,4,Normal,9,1,1,0,0,44,0,2,2,0,0,2,2,0,0,0,0,0,0,0,0,55,44,2,0,0,1,0,0,12,4,RH=Crude Sword|LH=Crude Sword|BD=Crude Armour|A1=Crude Bracelet|A2=Crude Bracelet,,0,Rat|Rat|Goblin,party wiped
924,13268,1,Normal,31,4,4,4,0,37,37,0,0,60,0,1,1,0,10,3,1,3,3,0,0,336,8,20,20,5,0,1,1,5,3,,,0,-,floor1_town
924,13268,2,Normal,40,5,5,5,0,37,45,0,2,45,0,1,2,0,3,1,2,0,2,0,0,252,0,11,11,2.2,0,1,1,5,2,,,2,Rat|Rat,companion_join:Rat;companion_join:Rat; +1 levelup
924,13268,3,Normal,9,2,2,1,0,45,0,2,2,24,0,2,2,2,3,5,0,0,0,2,0,210,54,9,4,4,1,0,0,6,4,RH=Crude Sword|LH=Crude Sword|BD=Crude Armour|A1=Crude Bracelet|A2=Crude Bracelet,Swords_T1_03=2,0,Rat|Rat,party wiped
925,13269,1,Normal,29,3,3,3,0,37,37,0,0,50,0,1,1,0,5,3,2,3,3,0,0,280,29,12,12,4,0,1,1,4,4,,,1,Rat,floor1_town;companion_join:Rat
925,13269,2,Normal,33,3,3,3,0,37,37,0,0,45,0,1,1,0,5,2,2,0,1,0,0,252,8,12,12,4,0,1,1,5,4,,,0,Rat,
925,13269,3,Normal,2,1,1,0,0,37,0,0,0,0,0,1,1,2,3,3,0,0,0,0,0,163,37,7,0,0,1,0,0,11,3,RH=Crude Sword|LH=Crude Sword|BD=Crude Armour|A1=Crude Bracelet|A2=Crude Bracelet,,0,Rat,party wiped
926,13270,1,Normal,27,1,1,1,0,37,37,0,0,5,0,1,1,0,0,0,1,3,3,0,0,28,0,1,1,1,0,1,1,2,1,,,0,-,floor1_town
926,13270,2,Normal,27,2,2,2,0,37,37,0,0,25,0,1,1,0,2,0,1,2,3,0,0,140,8,6,6,3,0,1,1,3,2,,,0,-,
926,13270,3,Normal,8,1,1,0,0,37,0,0,0,0,0,1,1,2,3,3,0,0,0,0,0,168,37,5,0,0,1,0,0,9,4,RH=Crude Sword|LH=Crude Sword|BD=Crude Armour|A1=Crude Bracelet|A2=Crude Bracelet,,0,-,party wiped
927,13271,1,Normal,25,2,2,2,0,37,37,0,0,30,0,1,1,0,4,2,2,3,3,0,0,168,6,8,8,4,0,1,1,3,4,,,0,-,floor1_town
927,13271,2,Normal,32,4,4,4,0,37,37,0,0,65,0,1,1,0,6,6,4,0,0,0,0,364,21,21,21,5.25,0,1,1,4,3,,,2,Rat|Rat,companion_join:Rat;companion_join:Rat
927,13271,3,Normal,5,1,1,0,0,37,0,0,0,0,0,1,1,1,3,3,5,0,0,0,0,87,37,3,0,0,1,0,0,10,4,RH=Crude Sword|LH=Crude Sword|BD=Crude Armour|A1=Crude Bracelet|A2=Crude Bracelet,,0,Rat|Rat,party wiped
928,13272,1,Normal,39,5,5,5,0,37,37,0,0,60,0,1,1,0,7,4,0,3,3,0,0,336,22,20,20,4,0,1,1,6,1,,,2,Rat|Rat,floor1_town;companion_join:Rat;companion_join:Rat
928,13272,2,Normal,25,3,3,3,0,37,29,0,0,20,0,1,1,0,2,0,1,1,3,0,0,112,16,7,7,2.333,0,1,1,7,2,,,1,Rat|Rat|Rat,companion_join:Rat
928,13272,3,Normal,11,2,2,1,0,29,0,0,3,36,0,1,2,3,3,3,0,0,0,1,0,277,64,11,8,8,1,0,0,13,2,RH=Crude Sword|LH=Crude Sword|BD=Crude Armour|A1=Crude Bracelet|A2=Crude Bracelet,Swords_T1_03=1,1,Rat|Rat|Rat|Goblin,companion_join:Goblin; party wiped; +1 levelup
929,13273,1,Normal,37,1,1,1,0,37,37,0,0,20,0,1,1,0,3,0,2,3,3,0,0,112,8,5,5,5,0,1,1,2,4,,,1,Rat,floor1_town;companion_join:Rat
929,13273,2,Normal,37,4,4,4,0,37,44,0,2,80,0,1,2,3,9,5,0,0,0,0,0,448,22,27,27,6.75,0,1,1,4,4,,,1,Rat|Rat,companion_join:Rat; +1 levelup
929,13273,3,Normal,18,2,2,1,0,44,0,2,2,36,0,2,2,2,3,3,0,0,0,2,0,300,68,10,5,5,1,0,0,5,4,RH=Crude Sword|LH=Crude Sword|BD=Crude Armour|A1=Crude Bracelet|A2=Crude Bracelet,Swords_T1_03=2,0,Rat|Rat,party wiped
930,13274,1,Normal,35,5,5,5,0,37,37,0,0,55,0,1,1,0,6,0,0,3,3,0,0,308,10,16,16,3.2,0,1,1,6,3,,,1,Rat,floor1_town;companion_join:Rat
930,13274,2,Normal,25,4,4,4,0,37,45,0,2,60,0,1,2,0,5,1,0,0,2,0,0,336,8,14,14,3.5,0,1,1,7,4,,,0,Rat,+1 levelup
930,13274,3,Normal,33,3,3,2,0,45,0,2,2,36,0,2,2,1,0,2,0,0,0,2,0,258,43,7,4,2,1,0,0,7,3,RH=Crude Sword|LH=Crude Sword|BD=Crude Armour|A1=Crude Bracelet|A2=Crude Bracelet,Swords_T1_03=2,0,Rat,party wiped
931,13275,1,Normal,33,3,3,3,0,37,37,0,0,45,0,1,1,0,6,0,2,3,3,0,0,252,0,11,11,3.667,0,1,1,4,3,,,2,Rat|Rat,floor1_town;companion_join:Rat;companion_join:Rat
931,13275,2,Normal,40,5,5,5,0,37,45,0,2,65,0,1,2,0,6,4,2,0,2,1,0,364,20,17,17,3.4,0,1,1,5,2,,Swords_T1_03=1,0,Rat|Rat,+1 levelup
931,13275,3,Normal,11,2,2,1,0,45,0,2,2,12,0,2,2,4,0,2,0,0,0,2,0,189,43,6,1,1,1,0,0,5,4,RH=Crude Sword|LH=Crude Sword|BD=Crude Armour|A1=Crude Bracelet|A2=Crude Bracelet,Swords_T1_03=2,0,Rat|Rat,party wiped
932,13276,1,Normal,31,3,3,3,0,37,37,0,0,20,0,1,1,0,0,0,0,3,3,0,0,112,8,4,4,1.333,0,1,1,4,2,,,1,Rat,floor1_town;companion_join:Rat
932,13276,2,Normal,33,4,4,4,0,37,37,0,0,55,0,1,1,0,6,4,2,0,1,0,0,308,8,15,15,3.75,0,1,1,5,4,,,1,Rat|Rat,companion_join:Rat
932,13276,3,Normal,28,3,3,3,0,37,45,0,1,60,0,1,2,0,6,2,2,0,3,0,0,300,0,10,10,3.333,0,1,1,17,2,,,0,Rat|Rat,+1 levelup
932,13276,4,Normal,25,2,2,2,0,45,37,1,1,25,0,2,2,0,0,2,2,0,1,2,0,140,6,6,6,3,0,1,1,17,3,,Swords_T1_03=2,0,Rat|Rat,
932,13276,5,Normal,25,3,3,3,0,37,45,1,1,35,0,2,2,2,0,1,0,3,3,0,0,196,33,10,10,3.333,0,1,1,19,1,,,1,Rat|Rat|Rat,companion_join:Rat
932,13276,6,Normal,38,4,4,3,1,45,3,1,1,35,0,2,2,0,3,3,0,0,0,2,0,252,40,12,9,3,0,1,1,19,4,,Swords_T1_03=2,2,Rat|Rat|Rat|Rat|Rat,companion_join:Rat;companion_join:Rat; flee×1
932,13276,7,Normal,40,4,4,4,0,3,52,1,2,75,0,2,3,0,9,3,0,0,3,3,0,420,40,21,21,5.25,0,1,1,22,4,,Swords_T1_03=3,1,Rat|Rat|Rat|Rat|Rat|Rat,companion_join:Rat; +1 levelup
932,13276,8,Normal,1,1,1,0,0,52,0,2,2,0,0,3,3,0,3,1,0,0,2,1,0,54,50,2,0,0,1,0,0,28,3,RH=Crude Sword|LH=Crude Sword|BD=Crude Armour|A1=Crude Bracelet|A2=Crude Bracelet,Swords_T1_03=1,0,Rat|Rat|Rat|Rat|Rat|Rat,party wiped
933,13277,1,Normal,29,5,5,5,0,37,37,0,0,80,0,1,1,0,10,5,1,3,3,0,0,448,24,22,22,4.4,0,1,1,6,2,,,1,Rat,floor1_town;companion_join:Rat
933,13277,2,Normal,25,3,3,3,0,37,46,0,3,30,0,1,2,0,3,1,3,0,2,0,0,168,6,9,9,3,0,1,1,7,4,,,1,Rat|Rat,companion_join:Rat; +1 levelup
933,13277,3,Normal,32,4,4,2,1,46,0,3,3,84,0,2,2,5,6,8,0,0,0,3,0,571,104,16,12,6,1,0,0,9,4,RH=Crude Sword|LH=Crude Sword|BD=Crude Armour|A1=Crude Bracelet|A2=Crude Bracelet,Swords_T1_03=3,1,Rat|Rat|Goblin,companion_join:Goblin; party wiped; flee×1
934,13278,1,Normal,27,1,1,1,0,37,37,0,0,15,0,1,1,0,2,0,0,3,3,0,0,84,8,5,5,5,0,1,1,2,3,,,0,-,floor1_town
934,13278,2,Normal,38,3,3,3,0,37,37,0,0,50,0,1,1,0,6,2,1,0,2,0,0,280,8,14,14,4.667,0,1,1,3,4,,,2,Rat|Rat,companion_join:Rat;companion_join:Rat
934,13278,3,Normal,33,4,4,3,0,37,0,0,2,60,0,1,2,1,7,6,0,0,0,2,0,472,101,18,12,4,1,0,0,16,3,RH=Crude Sword|LH=Crude Sword|BD=Crude Armour|A1=Crude Bracelet|A2=Crude Bracelet,Swords_T1_03=2,0,Rat|Rat,party wiped; +1 levelup
935,13279,1,Normal,25,3,3,3,0,37,37,0,0,45,0,1,1,0,6,2,1,3,3,0,0,252,6,12,12,4,0,1,1,4,4,,,2,Rat|Rat,floor1_town;companion_join:Rat;companion_join:Rat
935,13279,2,Normal,35,5,5,5,0,37,37,0,0,45,0,1,1,0,3,2,3,0,1,0,0,252,0,11,11,2.2,0,1,1,4,1,,,3,Rat|Rat|Rat|Rat|Rat,companion_join:Rat;companion_join:Rat;companion_join:Rat
935,13279,3,Normal,37,3,3,3,0,37,42,0,1,72,0,1,2,4,3,3,1,0,0,2,0,360,2,12,12,4,0,1,1,10,2,,Swords_T1_03=2,1,Rat|Rat|Rat|Rat|Rat|Goblin,companion_join:Goblin; +1 levelup
935,13279,4,Normal,39,4,4,4,0,42,37,1,1,55,0,2,2,1,3,1,0,0,2,2,0,308,43,17,17,4.25,0,1,1,11,3,,Swords_T1_03=2,1,Rat|Rat|Rat|Rat|Rat|Goblin|Rat,companion_join:Rat
935,13279,5,Normal,15,2,2,1,0,37,0,1,1,5,0,2,2,0,0,2,0,0,0,2,0,112,35,6,1,1,1,0,0,11,4,RH=Crude Sword|LH=Crude Sword|BD=Crude Armour|A1=Crude Bracelet|A2=Crude Bracelet,Swords_T1_03=2,0,Rat|Rat|Rat|Rat|Rat|Goblin|Rat,party wiped
936,13280,1,Normal,39,6,6,6,0,37,45,0,2,100,0,1,2,0,14,4,2,3,3,0,0,560,24,27,27,4.5,0,1,1,7,4,,,2,Rat|Rat,floor1_town;companion_join:Rat;companion_join:Rat; +1 levelup
936,13280,2,Normal,30,2,2,2,0,45,45,2,2,25,0,2,2,0,3,1,3,0,2,2,0,140,-2,8,8,4,0,1,1,7,2,,Swords_T1_03=2,0,Rat|Rat,
936,13280,3,Normal,26,2,2,1,0,45,0,2,2,36,0,2,2,5,0,2,0,0,0,1,0,285,44,11,7,7,1,0,0,7,3,RH=Crude Sword|LH=Crude Sword|BD=Crude Armour|A1=Crude Bracelet|A2=Crude Bracelet,Swords_T1_03=1,0,Rat|Rat,party wiped
937,13281,1,Normal,37,4,4,4,0,37,37,0,0,45,0,1,1,0,2,0,1,3,3,0,0,252,24,10,10,2.5,0,1,1,5,2,,,0,-,floor1_town
937,13281,2,Normal,31,5,5,5,0,37,37,0,0,40,0,1,1,0,2,0,3,1,3,0,0,224,8,9,9,1.8,0,1,1,6,1,,,0,-,
937,13281,3,Normal,10,2,2,1,0,37,0,0,2,24,0,1,2,4,3,3,0,0,0,1,0,318,44,9,4,4,1,0,0,12,4,RH=Crude Sword|LH=Crude Sword|BD=Crude Armour|A1=Crude Bracelet|A2=Crude Bracelet,Swords_T1_03=1,0,-,party wiped; +1 levelup
938,13282,1,Normal,35,4,4,4,0,37,37,0,0,40,0,1,1,0,4,0,2,3,3,0,0,224,8,10,10,2.5,0,1,1,5,1,,,1,Rat,floor1_town;companion_join:Rat
938,13282,2,Normal,40,6,6,6,0,37,35,0,2,85,0,1,2,0,9,8,2,0,0,1,0,476,45,24,24,4,0,1,1,7,2,,Swords_T1_03=1,2,Rat|Rat|Rat,companion_join:Rat;companion_join:Rat; +1 levelup
938,13282,3,Normal,27,2,2,2,0,35,44,2,2,48,0,2,2,0,3,3,4,0,0,2,0,240,-2,8,8,4,0,1,1,8,3,,Swords_T1_03=2,1,Rat|Rat|Rat|Goblin,companion_join:Goblin
938,13282,4,Normal,26,2,2,2,0,44,36,2,2,30,0,2,2,2,0,0,2,3,3,1,0,168,21,8,8,4,0,1,1,9,2,,Swords_T1_03=1,1,Rat|Rat|Rat|Goblin|Rat,companion_join:Rat
938,13282,5,Normal,37,1,1,1,0,36,44,2,2,20,0,2,2,0,3,2,2,0,1,0,0,112,-8,6,6,6,0,1,1,9,4,,,1,Rat|Rat|Rat|Goblin|Rat|Rat,companion_join:Rat
938,13282,6,Normal,35,4,4,4,0,44,36,2,2,35,0,2,2,1,0,1,1,0,0,2,0,196,6,9,9,2.25,0,1,1,9,1,,Swords_T1_03=2,0,Rat|Rat|Rat|Goblin|Rat|Rat,
938,13282,7,Normal,25,3,3,3,0,36,36,2,2,40,0,2,2,1,3,0,0,0,3,1,0,224,29,13,13,4.333,0,1,1,10,4,,Swords_T1_03=1,1,Rat|Rat|Rat|Goblin|Rat|Rat|Rat,companion_join:Rat
938,13282,8,Normal,4,1,1,0,0,36,0,2,2,0,0,2,2,0,2,0,0,1,3,1,0,88,43,2,0,0,1,0,0,16,2,RH=Crude Sword|LH=Crude Sword|BD=Crude Armour|A1=Crude Bracelet|A2=Crude Bracelet,Swords_T1_03=1,0,Rat|Rat|Rat|Goblin|Rat|Rat|Rat,party wiped
939,13283,1,Normal,33,4,4,4,0,37,37,0,0,60,0,1,1,0,7,0,0,3,3,0,0,336,16,15,15,3.75,0,1,1,5,2,,,2,Rat|Rat,floor1_town;companion_join:Rat;companion_join:Rat
939,13283,2,Normal,31,3,3,3,0,37,37,0,0,20,0,1,1,0,1,0,0,2,3,0,0,112,0,4,4,1.333,0,1,1,5,1,,,0,Rat|Rat,
939,13283,3,Normal,15,2,2,1,0,37,0,0,2,24,0,1,2,0,3,3,0,0,0,1,0,210,44,6,4,4,1,0,0,11,4,RH=Crude Sword|LH=Crude Sword|BD=Crude Armour|A1=Crude Bracelet|A2=Crude Bracelet,Swords_T1_03=1,0,Rat|Rat,party wiped; +1 levelup
940,13284,1,Normal,31,5,5,5,0,37,37,0,0,75,0,1,1,0,9,2,2,3,3,0,0,420,14,22,22,4.4,0,1,1,6,4,,,1,Rat,floor1_town;companion_join:Rat
940,13284,2,Normal,36,4,4,4,0,37,34,0,2,60,0,1,2,2,3,3,1,0,0,2,0,336,27,17,17,4.25,0,1,1,6,1,,Swords_T1_03=2,2,Rat|Rat|Rat,companion_join:Rat;companion_join:Rat; +1 levelup
940,13284,3,Normal,26,2,2,2,0,34,45,2,2,36,0,2,2,0,2,0,2,1,3,2,0,180,-2,4,4,2,0,1,1,7,2,,Swords_T1_03=2,0,Rat|Rat|Rat,
940,13284,4,Normal,36,5,5,5,0,45,45,2,2,65,0,2,2,1,3,3,1,1,3,1,0,364,15,17,17,3.4,0,1,1,8,3,,Swords_T1_03=1,1,Rat|Rat|Rat|Rat,companion_join:Rat
940,13284,5,Normal,25,3,3,3,0,45,45,2,2,40,0,2,2,0,4,2,1,0,1,2,0,224,11,10,10,3.333,0,1,1,9,4,,Swords_T1_03=2,2,Rat|Rat|Rat|Rat|Rat|Rat,companion_join:Rat;companion_join:Rat
940,13284,6,Normal,25,2,2,2,0,45,53,2,5,35,0,2,3,1,1,1,0,2,3,1,0,196,25,10,10,5,0,1,1,10,3,,Swords_T1_03=1,1,Rat|Rat|Rat|Rat|Rat|Rat|Rat,companion_join:Rat; +1 levelup
940,13284,7,Normal,30,2,2,2,0,53,37,5,5,35,0,3,3,0,2,3,0,0,0,3,0,196,12,10,10,5,0,1,1,10,4,,Swords_T1_03=2|Swords_T1_04=1,0,Rat|Rat|Rat|Rat|Rat|Rat|Rat,
940,13284,8,Normal,24,2,2,1,0,37,0,5,5,60,0,3,3,0,6,0,0,0,3,2,0,244,60,6,4,4,1,0,0,22,2,RH=Crude Sword|LH=Crude Sword|BD=Crude Armour|A1=Crude Bracelet|A2=Crude Bracelet,Swords_T1_03=2,0,Rat|Rat|Rat|Rat|Rat|Rat|Rat,party wiped
941,13285,1,Normal,29,4,4,4,0,37,37,0,0,60,0,1,1,0,8,1,0,3,3,0,0,336,24,17,17,4.25,0,1,1,5,2,,,0,-,floor1_town
941,13285,2,Normal,40,5,5,5,0,37,45,0,2,60,0,1,2,0,6,0,2,1,3,1,0,336,13,16,16,3.2,0,1,1,7,2,,Swords_T1_03=1,0,-,+1 levelup
941,13285,3,Normal,4,1,1,0,0,45,0,2,2,0,0,2,2,2,1,3,0,0,0,2,0,120,43,4,0,0,1,0,0,7,4,RH=Crude Sword|LH=Crude Sword|BD=Crude Armour|A1=Crude Bracelet|A2=Crude Bracelet,Swords_T1_03=2,0,-,party wiped
942,13286,1,Normal,27,4,4,4,0,37,37,0,0,35,0,1,1,0,3,0,1,3,3,0,0,196,18,11,11,2.75,0,1,1,5,2,,,1,Rat,floor1_town;companion_join:Rat
942,13286,2,Normal,33,3,3,3,0,37,29,0,0,35,0,1,1,0,3,3,3,0,0,0,0,196,8,9,9,3,0,1,1,5,2,,,1,Rat|Rat,companion_join:Rat
942,13286,3,Normal,2,1,1,0,0,29,0,0,0,0,0,1,1,0,3,3,3,0,0,0,0,115,37,3,0,0,1,0,0,11,4,RH=Crude Sword|LH=Crude Sword|BD=Crude Armour|A1=Crude Bracelet|A2=Crude Bracelet,,0,Rat|Rat,party wiped
943,13287,1,Normal,25,1,1,1,0,37,37,0,0,15,0,1,1,0,2,0,0,3,3,0,0,84,0,4,4,4,0,1,1,2,3,,,0,-,floor1_town
943,13287,2,Normal,30,4,4,4,0,37,37,0,0,35,0,1,1,0,3,0,1,0,3,0,0,196,0,8,8,2,0,1,1,2,1,,,1,Rat,companion_join:Rat
943,13287,3,Normal,1,1,1,0,0,37,0,0,0,0,0,1,1,1,3,3,0,0,0,0,0,138,37,4,0,0,1,0,0,8,4,RH=Crude Sword|LH=Crude Sword|BD=Crude Armour|A1=Crude Bracelet|A2=Crude Bracelet,,0,Rat,party wiped
944,13288,1,Normal,39,5,5,5,0,37,37,0,0,80,0,1,1,1,13,3,0,3,3,0,0,448,16,22,22,4.4,0,1,1,6,3,,,1,Rat,floor1_town;companion_join:Rat
944,13288,2,Normal,34,2,2,2,0,37,44,0,3,25,0,1,2,0,3,0,2,0,3,0,0,140,8,6,6,3,0,1,1,6,3,,,0,Rat,+1 levelup
944,13288,3,Normal,5,1,1,0,0,44,0,3,3,0,0,2,2,4,0,3,0,0,0,1,0,185,43,7,0,0,1,0,0,6,4,RH=Crude Sword|LH=Crude Sword|BD=Crude Armour|A1=Crude Bracelet|A2=Crude Bracelet,Swords_T1_03=1,0,Rat,party wiped
945,13289,1,Normal,37,3,3,3,0,37,37,0,0,30,0,1,1,0,3,2,0,3,3,0,0,168,0,7,7,2.333,0,1,1,4,1,,,1,Rat,floor1_town;companion_join:Rat
945,13289,2,Normal,28,5,5,5,0,37,37,0,0,55,0,1,1,0,4,0,0,1,3,0,0,308,16,12,12,2.4,0,1,1,6,3,,,1,Rat|Rat,companion_join:Rat
945,13289,3,Normal,10,1,1,0,0,37,0,0,0,0,0,1,1,2,3,3,0,0,0,0,0,140,37,4,0,0,1,0,0,12,4,RH=Crude Sword|LH=Crude Sword|BD=Crude Armour|A1=Crude Bracelet|A2=Crude Bracelet,,0,Rat|Rat,party wiped
946,13290,1,Normal,35,3,3,3,0,37,37,0,0,55,0,1,1,0,8,5,1,3,3,0,0,308,8,17,17,5.667,0,1,1,4,4,,,1,Rat,floor1_town;companion_join:Rat
946,13290,2,Normal,39,4,4,4,0,37,37,0,0,40,0,1,1,0,4,2,3,0,1,0,0,224,8,12,12,3,0,1,1,5,2,,,2,Rat|Rat|Rat,companion_join:Rat;companion_join:Rat
946,13290,3,Normal,30,3,3,3,0,37,32,0,1,72,0,1,2,1,3,3,3,0,0,2,0,360,12,10,10,3.333,0,1,1,11,3,,Swords_T1_03=2,0,Rat|Rat|Rat,+1 levelup
946,13290,4,Normal,28,5,5,5,0,32,30,1,1,60,0,2,2,0,3,3,3,0,0,3,0,336,13,15,15,3,0,1,1,12,3,,Swords_T1_03=3,0,Rat|Rat|Rat,
946,13290,5,Normal,37,5,5,5,0,30,33,1,1,65,0,2,2,0,5,3,3,1,3,2,0,364,28,22,22,4.4,0,1,1,14,4,,Swords_T1_03=2,2,Rat|Rat|Rat|Rat|Rat,companion_join:Rat;companion_join:Rat
946,13290,6,Normal,38,1,1,1,0,33,55,1,2,10,0,2,3,0,1,1,3,0,2,1,0,56,0,5,5,5,0,1,1,14,2,,Swords_T1_03=1,0,Rat|Rat|Rat|Rat|Rat,+1 levelup
946,13290,7,Normal,40,4,4,4,0,55,55,2,2,35,0,3,3,0,0,2,3,3,3,1,0,196,29,8,8,2,0,1,1,15,1,,Swords_T1_04=1,0,Rat|Rat|Rat|Rat|Rat,
946,13290,8,Normal,1,1,1,0,0,55,0,2,2,0,0,3,3,1,3,3,2,0,0,2,0,33,55,3,0,0,1,0,0,21,3,RH=Crude Sword|LH=Crude Sword|BD=Crude Armour|A1=Crude Bracelet|A2=Crude Bracelet,Swords_T1_04=2,0,Rat|Rat|Rat|Rat|Rat,party wiped
947,13291,1,Normal,33,2,2,2,0,37,37,0,0,20,0,1,1,0,3,1,2,3,3,0,0,112,0,6,6,3,0,1,1,3,3,,,0,-,floor1_town
947,13291,2,Normal,38,6,6,6,0,37,45,0,3,80,0,1,2,0,7,5,2,0,1,0,0,448,32,24,24,4,0,1,1,6,3,,,2,Rat|Rat,companion_join:Rat;companion_join:Rat; +1 levelup
947,13291,3,Normal,3,1,1,0,0,45,0,3,3,0,0,2,2,3,0,1,0,0,0,0,0,95,45,3,0,0,1,0,0,6,4,RH=Crude Sword|LH=Crude Sword|BD=Crude Armour|A1=Crude Bracelet|A2=Crude Bracelet,,0,Rat|Rat,party wiped
948,13292,1,Normal,31,4,4,4,0,37,37,0,0,55,0,1,1,0,4,2,1,3,3,0,0,308,8,14,14,3.5,0,1,1,5,4,,,0,-,floor1_town
948,13292,2,Normal,28,4,4,4,0,37,45,0,2,45,0,1,2,2,3,3,1,0,0,0,0,252,22,12,12,3,0,1,1,6,4,,,1,Rat,companion_join:Rat; +1 levelup
948,13292,3,Normal,7,1,1,0,0,45,0,2,2,0,0,2,2,3,0,0,0,0,0,1,0,138,44,4,0,0,1,0,0,6,4,RH=Crude Sword|LH=Crude Sword|BD=Crude Armour|A1=Crude Bracelet|A2=Crude Bracelet,Swords_T1_03=1,0,Rat,party wiped
949,13293,1,Normal,29,3,3,3,0,37,37,0,0,50,0,1,1,0,6,3,2,3,3,0,0,280,8,14,14,4.667,0,1,1,4,3,,,2,Rat|Rat,floor1_town;companion_join:Rat;companion_join:Rat
949,13293,2,Normal,33,4,4,4,0,37,22,0,2,70,0,1,2,0,7,6,4,0,0,0,0,392,45,18,18,4.5,0,1,1,6,3,,,3,Rat|Rat|Rat|Rat|Rat,companion_join:Rat;companion_join:Rat;companion_join:Rat; +1 levelup
949,13293,3,Normal,32,1,1,1,0,22,46,2,2,36,0,2,2,0,3,2,5,0,1,1,0,180,-1,5,5,5,0,1,1,7,3,,Swords_T1_03=1,0,Rat|Rat|Rat|Rat|Rat,
949,13293,4,Normal,25,2,2,2,0,46,37,2,2,15,0,2,2,0,0,0,5,0,1,1,0,84,8,3,3,1.5,0,1,1,7,1,,Swords_T1_03=1,1,Rat|Rat|Rat|Rat|Rat|Rat,companion_join:Rat
949,13293,5,Normal,37,4,4,4,0,37,38,2,2,40,0,2,2,0,1,1,5,2,3,3,0,224,17,9,9,2.25,0,1,1,8,2,,Swords_T1_03=3,1,Rat|Rat|Rat|Rat|Rat|Rat|Rat,companion_join:Rat
949,13293,6,Normal,28,3,3,3,0,38,39,2,2,20,0,2,2,0,1,0,5,1,3,3,0,112,-4,5,5,1.667,0,1,1,8,1,,Swords_T1_03=3,1,Rat|Rat|Rat|Rat|Rat|Rat|Rat|Rat,companion_join:Rat
949,13293,7,Normal,28,4,4,4,0,39,46,2,2,60,0,2,2,0,4,3,5,0,3,2,0,336,12,18,18,4.5,0,1,1,9,4,,Swords_T1_03=2,1,Rat|Rat|Rat|Rat|Rat|Rat|Rat|Rat|Rat,companion_join:Rat
949,13293,8,Normal,3,1,1,0,0,46,0,2,2,0,0,2,2,0,0,0,5,3,3,0,0,42,46,1,0,0,1,0,0,15,4,RH=Crude Sword|LH=Crude Sword|BD=Crude Armour|A1=Crude Bracelet|A2=Crude Bracelet,,0,Rat|Rat|Rat|Rat|Rat|Rat|Rat|Rat|Rat,party wiped
950,13294,1,Normal,27,3,3,3,0,37,37,0,0,35,0,1,1,0,4,2,0,3,3,0,0,196,8,12,12,4,0,1,1,4,1,,,2,Rat|Rat,floor1_town;companion_join:Rat;companion_join:Rat
950,13294,2,Normal,36,5,5,5,0,37,37,0,0,35,0,1,1,0,0,0,0,3,3,0,0,196,16,7,7,1.4,0,1,1,6,1,,,2,Rat|Rat|Rat|Rat,companion_join:Rat;companion_join:Rat
950,13294,3,Normal,28,2,2,2,0,37,45,0,2,48,0,1,2,1,4,3,0,0,0,0,0,240,28,11,11,5.5,0,1,1,18,3,,,0,Rat|Rat|Rat|Rat,+1 levelup
950,13294,4,Normal,10,2,2,1,0,45,0,2,2,5,0,2,2,0,0,0,0,0,0,0,0,56,45,3,1,1,1,0,0,18,4,RH=Crude Sword|LH=Crude Sword|BD=Crude Armour|A1=Crude Bracelet|A2=Crude Bracelet,,1,Rat|Rat|Rat|Rat|Rat,companion_join:Rat; party wiped
951,13295,1,Normal,25,4,4,4,0,37,37,0,0,65,0,1,1,0,10,2,2,3,3,0,0,364,18,18,18,4.5,0,1,1,5,3,,,0,-,floor1_town
951,13295,2,Normal,38,5,5,5,0,37,46,0,2,65,0,1,2,0,6,3,4,0,1,2,0,364,14,19,19,3.8,0,1,1,6,4,,Swords_T1_03=2,0,-,+1 levelup
951,13295,3,Normal,12,2,2,1,0,46,0,2,2,36,0,2,2,4,0,1,0,0,0,1,0,215,45,8,7,7,1,0,0,6,4,RH=Crude Sword|LH=Crude Sword|BD=Crude Armour|A1=Crude Bracelet|A2=Crude Bracelet,Swords_T1_03=1,0,-,party wiped
952,13296,1,Normal,39,5,5,5,0,37,37,0,0,55,0,1,1,0,5,3,0,3,3,0,0,308,16,16,16,3.2,0,1,1,6,3,,,3,Rat|Rat|Rat,floor1_town;companion_join:Rat;companion_join:Rat;companion_join:Rat
952,13296,2,Normal,34,4,4,4,0,37,45,0,1,50,0,1,2,1,3,3,0,0,0,0,0,280,22,13,13,3.25,0,1,1,7,4,,,0,Rat|Rat|Rat,+1 levelup
952,13296,3,Normal,25,2,2,0,1,45,0,1,1,0,0,2,2,2,3,3,0,0,0,1,0,243,88,9,0,0,1,0,0,8,3,RH=Crude Sword|LH=Crude Sword|BD=Crude Armour|A1=Crude Bracelet|A2=Crude Bracelet,Swords_T1_03=1,0,Rat|Rat|Rat,party wiped; flee×1
953,13297,1,Normal,37,4,4,4,0,37,37,0,0,50,0,1,1,0,6,0,1,3,3,0,0,280,8,12,12,3,0,1,1,5,3,,,0,-,floor1_town
953,13297,2,Normal,32,2,2,2,0,37,29,0,0,25,0,1,1,0,2,0,3,1,3,0,0,140,16,6,6,3,0,1,1,6,3,,,1,Rat,companion_join:Rat
953,13297,3,Normal,29,5,5,4,0,29,0,0,2,72,0,1,2,5,6,6,0,0,0,3,0,511,55,16,11,2.75,1,0,0,13,4,RH=Crude Sword|LH=Crude Sword|BD=Crude Armour|A1=Crude Bracelet|A2=Crude Bracelet,Swords_T1_03=3,0,Rat,party wiped; +1 levelup
954,13298,1,Normal,35,3,3,3,0,37,37,0,0,20,0,1,1,0,1,0,0,3,3,0,0,112,0,4,4,1.333,0,1,1,4,1,,,0,-,floor1_town
954,13298,2,Normal,25,1,1,1,0,37,37,0,0,15,0,1,1,0,2,0,1,1,3,0,0,84,0,4,4,4,0,1,1,4,3,,,0,-,
954,13298,3,Normal,29,1,1,1,0,37,37,0,0,12,0,1,1,0,1,0,3,2,3,0,0,60,0,2,2,2,0,1,1,10,1,,,0,-,
954,13298,4,Normal,28,4,4,4,0,37,29,0,0,50,0,1,1,0,5,0,3,0,3,0,0,280,16,11,11,2.75,0,1,1,11,4,,,1,Rat,companion_join:Rat
954,13298,5,Normal,30,2,2,2,0,29,45,0,1,25,0,1,2,0,1,0,3,2,3,1,0,140,7,5,5,2.5,0,1,1,12,3,,Swords_T1_03=1,0,Rat,+1 levelup
954,13298,6,Normal,32,3,3,3,0,45,45,1,1,35,0,2,2,0,2,2,3,0,1,2,0,196,-2,9,9,3,0,1,1,12,3,,Swords_T1_03=2,0,Rat,
954,13298,7,Normal,37,4,4,4,0,45,37,1,1,55,0,2,2,0,2,1,3,1,3,3,0,308,43,11,11,2.75,0,1,1,13,3,,Swords_T1_03=3,0,Rat,
954,13298,8,Normal,6,1,1,0,0,37,0,1,1,0,0,2,2,0,1,0,3,2,3,1,0,98,44,2,0,0,1,0,0,19,1,RH=Crude Sword|LH=Crude Sword|BD=Crude Armour|A1=Crude Bracelet|A2=Crude Bracelet,Swords_T1_03=1,0,Rat,party wiped
955,13299,1,Normal,33,1,1,1,0,37,37,0,0,5,0,1,1,0,0,0,1,3,3,0,0,28,0,1,1,1,0,1,1,2,1,,,0,-,floor1_town
955,13299,2,Normal,40,3,3,3,0,37,24,0,0,40,0,1,1,0,3,3,2,0,0,0,0,224,13,11,11,3.667,0,1,1,2,3,,,3,Rat|Rat|Rat,companion_join:Rat;companion_join:Rat;companion_join:Rat
955,13299,3,Normal,9,2,2,1,0,24,0,0,0,24,0,1,1,0,6,6,4,0,0,0,0,208,37,8,5,5,1,0,0,14,4,RH=Crude Sword|LH=Crude Sword|BD=Crude Armour|A1=Crude Bracelet|A2=Crude Bracelet,,0,Rat|Rat|Rat,party wiped
956,13300,1,Normal,31,4,4,4,0,37,37,0,0,50,0,1,1,0,6,1,2,3,3,0,0,280,8,14,14,3.5,0,1,1,5,2,,,1,Rat,floor1_town;companion_join:Rat
956,13300,2,Normal,38,6,6,6,0,37,37,0,2,75,0,1,2,0,6,4,2,0,0,2,0,420,14,20,20,3.333,0,1,1,6,3,,Swords_T1_03=2,2,Rat|Rat|Rat,companion_join:Rat;companion_join:Rat; +1 levelup
956,13300,3,Normal,4,1,1,0,0,37,0,2,2,0,0,2,2,4,3,3,0,0,0,1,0,236,44,9,0,0,1,0,0,7,4,RH=Crude Sword|LH=Crude Sword|BD=Crude Armour|A1=Crude Bracelet|A2=Crude Bracelet,Swords_T1_03=1,0,Rat|Rat|Rat,party wiped
957,13301,1,Normal,29,3,3,3,0,37,37,0,0,45,0,1,1,0,4,0,1,3,3,0,0,252,24,10,10,3.333,0,1,1,4,2,,,1,Rat,floor1_town;companion_join:Rat
957,13301,2,Normal,33,5,5,5,0,37,44,0,2,70,0,1,2,1,4,3,1,2,3,0,0,392,8,17,17,3.4,0,1,1,5,1,,,1,Rat|Rat,companion_join:Rat; +1 levelup
957,13301,3,Normal,32,3,3,3,0,44,12,2,2,96,0,2,2,3,5,6,0,0,0,2,0,480,51,17,17,5.667,0,1,1,6,3,,Swords_T1_03=2,1,Rat|Rat|Goblin,companion_join:Goblin
957,13301,4,Normal,33,5,5,5,0,12,35,2,2,55,0,2,2,0,3,3,0,0,0,3,0,308,6,15,15,3,0,1,1,7,1,,Swords_T1_03=3,4,Rat|Rat|Goblin|Rat|Rat|Rat|Rat,companion_join:Rat;companion_join:Rat;companion_join:Rat;companion_join:Rat
957,13301,5,Normal,27,4,4,3,1,35,44,2,2,30,0,2,2,0,3,2,0,0,1,2,0,196,25,10,9,3,0,1,1,8,1,,Swords_T1_03=2,1,Rat|Rat|Goblin|Rat|Rat|Rat|Rat|Rat,companion_join:Rat; flee×1
957,13301,6,Normal,28,3,3,3,0,44,51,2,4,30,0,2,3,0,0,1,0,0,0,4,0,168,4,7,7,2.333,0,1,1,8,2,,Swords_T1_03=3|Swords_T1_04=1,2,Rat|Rat|Goblin|Rat|Rat|Rat|Rat|Rat|Rat|Rat,companion_join:Rat;companion_join:Rat; +1 levelup
957,13301,7,Normal,34,4,4,3,1,51,38,4,4,30,0,3,3,0,3,2,0,0,1,5,0,197,59,15,11,3.667,0,1,1,9,4,,Swords_T1_03=1|Swords_T1_04=4,1,Rat|Rat|Goblin|Rat|Rat|Rat|Rat|Rat|Rat|Rat|Rat,companion_join:Rat; flee×1
957,13301,8,Normal,20,3,3,2,0,38,0,4,4,120,0,3,3,0,8,3,0,1,3,4,0,301,63,11,10,5,1,0,0,27,4,RH=Crude Sword|LH=Crude Sword|BD=Crude Armour|A1=Crude Bracelet|A2=Crude Bracelet,Swords_T1_03=2|Swords_T1_04=2,0,Rat|Rat|Goblin|Rat|Rat|Rat|Rat|Rat|Rat|Rat|Rat,party wiped
958,13302,1,Normal,27,3,3,3,0,37,37,0,0,40,0,1,1,1,5,3,1,3,3,0,0,224,13,12,12,4,0,1,1,4,4,,,1,Rat,floor1_town;companion_join:Rat
958,13302,2,Normal,30,2,2,2,0,37,37,0,0,40,0,1,1,0,6,5,3,0,1,0,0,224,21,12,12,6,0,1,1,5,4,,,0,Rat,
958,13302,3,Normal,40,4,4,3,1,37,45,0,1,84,0,1,2,3,7,6,0,0,0,1,0,480,51,17,13,4.333,0,1,1,18,3,,Swords_T1_03=1,0,Rat,+1 levelup; flee×1
958,13302,4,Normal,29,5,5,4,1,45,45,1,1,40,0,2,2,0,3,2,0,0,1,2,0,280,41,13,11,2.75,0,1,1,19,2,,Swords_T1_03=2,1,Rat|Rat,companion_join:Rat; flee×1
958,13302,5,Normal,31,2,2,1,1,45,8,1,1,10,0,2,2,0,0,1,0,0,0,1,0,112,36,4,2,2,0,1,1,19,4,,Swords_T1_03=1,0,Rat|Rat,flee×1
958,13302,6,Normal,13,3,3,2,0,8,0,1,1,30,0,2,2,0,3,3,0,0,0,2,0,249,43,13,8,4,1,0,0,20,4,RH=Crude Sword|LH=Crude Sword|BD=Crude Armour|A1=Crude Bracelet|A2=Crude Bracelet,Swords_T1_03=2,0,Rat|Rat,party wiped
959,13303,1,Normal,25,5,5,5,0,37,37,0,0,55,0,1,1,0,4,2,0,3,3,0,0,308,24,14,14,2.8,0,1,1,6,3,,,0,-,floor1_town
959,13303,2,Normal,28,3,3,2,0,37,0,0,0,25,0,1,1,0,3,3,0,0,0,0,0,165,37,9,7,3.5,1,0,0,6,4,RH=Crude Sword|LH=Crude Sword|BD=Crude Armour|A1=Crude Bracelet|A2=Crude Bracelet,,0,-,party wiped
960,13304,1,Normal,39,4,4,4,0,37,37,0,0,50,0,1,1,0,4,3,2,3,3,0,0,280,16,13,13,3.25,0,1,1,5,3,,,2,Rat|Rat,floor1_town;companion_join:Rat;companion_join:Rat
960,13304,2,Normal,36,4,4,4,0,37,37,0,0,30,0,1,1,0,2,0,2,1,3,0,0,168,0,7,7,1.75,0,1,1,5,3,,,2,Rat|Rat|Rat|Rat,companion_join:Rat;companion_join:Rat
960,13304,3,Normal,3,1,1,0,0,37,0,0,0,0,0,1,1,3,3,3,0,0,0,0,0,116,37,4,0,0,1,0,0,11,4,RH=Crude Sword|LH=Crude Sword|BD=Crude Armour|A1=Crude Bracelet|A2=Crude Bracelet,,0,Rat|Rat|Rat|Rat,party wiped
961,13305,1,Normal,37,5,5,5,0,37,37,0,0,80,0,1,1,0,10,2,0,3,3,0,0,448,16,21,21,4.2,0,1,1,6,2,,,3,Rat|Rat|Rat,floor1_town;companion_join:Rat;companion_join:Rat;companion_join:Rat
961,13305,2,Normal,29,3,3,3,0,37,37,0,0,15,0,1,1,0,0,0,1,3,3,0,0,84,0,3,3,1,0,1,1,6,1,,,1,Rat|Rat|Rat|Rat,companion_join:Rat
961,13305,3,Normal,6,1,1,0,0,37,0,0,0,0,0,1,1,3,3,3,0,0,0,0,0,151,37,5,0,0,1,0,0,12,4,RH=Crude Sword|LH=Crude Sword|BD=Crude Armour|A1=Crude Bracelet|A2=Crude Bracelet,,0,Rat|Rat|Rat|Rat,party wiped
962,13306,1,Normal,35,4,4,4,0,37,37,0,0,45,0,1,1,0,7,0,2,3,3,0,0,252,22,15,15,3.75,0,1,1,5,3,,,2,Rat|Rat,floor1_town;companion_join:Rat;companion_join:Rat
962,13306,2,Normal,27,3,3,3,0,37,29,0,0,30,0,1,1,0,1,0,3,3,3,0,0,168,16,6,6,2,0,1,1,6,2,,,1,Rat|Rat|Rat,companion_join:Rat
962,13306,3,Normal,1,1,1,0,0,29,0,0,0,0,0,1,1,4,3,3,0,0,0,0,0,148,37,6,0,0,1,0,0,12,4,RH=Crude Sword|LH=Crude Sword|BD=Crude Armour|A1=Crude Bracelet|A2=Crude Bracelet,,0,Rat|Rat|Rat,party wiped
963,13307,1,Normal,33,1,1,1,0,37,37,0,0,20,0,1,1,0,3,1,0,3,3,0,0,112,8,6,6,6,0,1,1,2,4,,,1,Rat,floor1_town;companion_join:Rat
963,13307,2,Normal,28,4,4,4,0,37,37,0,0,40,0,1,1,0,4,0,0,1,3,0,0,224,16,10,10,2.5,0,1,1,4,2,,,1,Rat|Rat,companion_join:Rat
963,13307,3,Normal,11,1,1,0,0,37,0,0,0,0,0,1,1,0,3,3,0,0,0,0,0,123,37,4,0,0,1,0,0,10,3,RH=Crude Sword|LH=Crude Sword|BD=Crude Armour|A1=Crude Bracelet|A2=Crude Bracelet,,0,Rat|Rat,party wiped
964,13308,1,Normal,31,3,3,3,0,37,37,0,0,35,0,1,1,0,3,0,1,3,3,0,0,196,14,10,10,3.333,0,1,1,4,3,,,0,-,floor1_town
964,13308,2,Normal,38,3,3,3,0,37,37,0,0,25,0,1,1,0,0,0,3,3,3,0,0,140,8,5,5,1.667,0,1,1,5,2,,,0,-,
964,13308,3,Normal,12,2,2,1,0,37,0,0,0,36,0,1,1,4,6,6,0,0,0,0,0,335,40,12,7,7,1,0,0,17,4,RH=Crude Sword|LH=Crude Sword|BD=Crude Armour|A1=Crude Bracelet|A2=Crude Bracelet,,0,-,party wiped
965,13309,1,Normal,29,2,2,2,0,37,37,0,0,30,0,1,1,0,3,3,0,3,3,0,0,168,8,9,9,4.5,0,1,1,3,4,,,2,Rat|Rat,floor1_town;companion_join:Rat;companion_join:Rat
965,13309,2,Normal,40,4,4,4,0,37,29,0,0,45,0,1,1,0,3,3,0,0,0,0,0,252,14,13,13,3.25,0,1,1,4,4,,,2,Rat|Rat|Rat|Rat,companion_join:Rat;companion_join:Rat
965,13309,3,Normal,12,2,2,1,0,29,0,0,0,24,0,1,1,1,6,3,0,0,0,0,0,274,37,11,5,5,1,0,0,16,3,RH=Crude Sword|LH=Crude Sword|BD=Crude Armour|A1=Crude Bracelet|A2=Crude Bracelet,,0,Rat|Rat|Rat|Rat,party wiped
966,13310,1,Normal,27,4,4,4,0,37,37,0,0,55,0,1,1,0,6,1,1,3,3,0,0,308,16,13,13,3.25,0,1,1,5,4,,,2,Rat|Rat,floor1_town;companion_join:Rat;companion_join:Rat
966,13310,2,Normal,28,1,1,1,0,37,37,0,0,15,0,1,1,0,3,0,1,0,3,0,0,84,0,4,4,4,0,1,1,5,3,,,0,Rat|Rat,
966,13310,3,Normal,38,2,2,2,0,37,46,0,1,48,0,1,2,0,6,2,2,0,3,0,0,240,0,9,9,4.5,0,1,1,17,2,,,1,Rat|Rat|Goblin,companion_join:Goblin; +1 levelup
966,13310,4,Normal,40,4,4,4,0,46,34,1,1,50,0,2,2,0,1,3,2,2,3,0,0,280,31,14,14,3.5,0,1,1,18,3,,,0,Rat|Rat|Goblin,
966,13310,5,Normal,40,3,3,3,0,34,46,1,1,40,0,2,2,0,2,3,2,0,0,0,0,224,-12,10,10,3.333,0,1,1,18,1,,,0,Rat|Rat|Goblin,
966,13310,6,Normal,26,3,3,3,0,46,13,1,1,40,0,2,2,2,0,0,0,0,0,1,0,224,32,13,13,4.333,0,1,1,18,4,,Swords_T1_03=1,1,Rat|Rat|Goblin|Rat,companion_join:Rat
966,13310,7,Normal,25,3,3,3,0,13,25,1,1,40,0,2,2,0,3,3,0,0,0,1,0,224,20,12,12,4,0,1,1,19,3,,Swords_T1_03=1,2,Rat|Rat|Goblin|Rat|Rat|Rat,companion_join:Rat;companion_join:Rat
966,13310,8,Normal,22,2,2,1,0,25,0,1,4,60,0,2,3,0,5,3,0,0,0,5,0,295,56,8,4,4,1,0,0,31,2,RH=Crude Sword|LH=Crude Sword|BD=Crude Armour|A1=Crude Bracelet|A2=Crude Bracelet,Swords_T1_03=4|Swords_T1_04=1,0,Rat|Rat|Goblin|Rat|Rat|Rat,party wiped; +1 levelup
967,13311,1,Normal,25,4,4,4,0,37,37,0,0,55,0,1,1,0,6,0,2,3,3,0,0,308,16,15,15,3.75,0,1,1,5,1,,,2,Rat|Rat,floor1_town;companion_join:Rat;companion_join:Rat
967,13311,2,Normal,35,3,3,3,0,37,46,0,2,50,0,1,2,0,6,0,3,0,3,0,0,280,16,11,11,3.667,0,1,1,7,4,,,0,Rat|Rat,+1 levelup
967,13311,3,Normal,33,1,1,1,0,46,32,2,2,48,0,2,2,4,0,3,1,0,0,1,0,240,13,9,9,9,0,1,1,7,4,,Swords_T1_03=1,0,Rat|Rat,
967,13311,4,Normal,25,2,2,2,0,32,37,2,2,15,0,2,2,0,0,0,1,3,3,1,0,84,8,3,3,1.5,0,1,1,8,1,,Swords_T1_03=1,0,Rat|Rat,
967,13311,5,Normal,25,3,3,3,0,37,25,2,2,55,0,2,2,1,3,3,0,0,0,1,0,308,11,17,17,5.667,0,1,1,8,4,,Swords_T1_03=1,1,Rat|Rat|Rat,companion_join:Rat
967,13311,6,Normal,27,3,3,3,0,25,28,2,2,40,0,2,2,0,3,3,0,0,0,1,0,224,17,14,14,4.667,0,1,1,9,4,,Swords_T1_03=1,0,Rat|Rat|Rat,
967,13311,7,Normal,31,5,5,4,1,28,11,2,5,40,0,2,3,0,3,3,0,0,0,3,0,308,40,17,14,3.5,0,1,1,10,4,,Swords_T1_03=3,3,Rat|Rat|Rat|Rat|Rat|Rat,companion_join:Rat;companion_join:Rat;companion_join:Rat; +1 levelup; flee×1
967,13311,8,Normal,2,1,1,0,0,11,0,5,5,0,0,3,3,0,3,1,0,0,2,0,0,62,53,2,0,0,1,0,0,16,3,RH=Crude Sword|LH=Crude Sword|BD=Crude Armour|A1=Crude Bracelet|A2=Crude Bracelet,,0,Rat|Rat|Rat|Rat|Rat|Rat,party wiped
968,13312,1,Normal,39,5,5,5,0,37,37,0,0,55,0,1,1,0,6,3,1,3,3,0,0,308,16,17,17,3.4,0,1,1,6,1,,,3,Rat|Rat|Rat,floor1_town;companion_join:Rat;companion_join:Rat;companion_join:Rat
968,13312,2,Normal,38,4,4,4,0,37,44,0,1,50,0,1,2,1,3,3,1,0,0,0,0,280,8,14,14,3.5,0,1,1,6,4,,,1,Rat|Rat|Rat|Rat,companion_join:Rat; +1 levelup
968,13312,3,Normal,33,2,2,1,0,44,0,1,1,24,0,2,2,1,3,3,0,0,0,1,0,271,81,8,4,4,1,0,0,7,4,RH=Crude Sword|LH=Crude Sword|BD=Crude Armour|A1=Crude Bracelet|A2=Crude Bracelet,Swords_T1_03=1,0,Rat|Rat|Rat|Rat,party wiped
969,13313,1,Normal,37,3,3,3,0,37,37,0,0,40,0,1,1,0,2,0,2,3,3,0,0,224,8,9,9,3,0,1,1,4,2,,,0,-,floor1_town
969,13313,2,Normal,39,4,4,4,0,37,29,0,0,50,0,1,1,0,3,1,2,0,2,0,0,280,8,11,11,2.75,0,1,1,4,2,,,1,Rat,companion_join:Rat
969,13313,3,Normal,4,1,1,0,0,29,0,0,0,0,0,1,1,2,3,3,0,0,0,0,0,120,37,4,0,0,1,0,0,10,4,RH=Crude Sword|LH=Crude Sword|BD=Crude Armour|A1=Crude Bracelet|A2=Crude Bracelet,,0,Rat,party wiped
970,13314,1,Normal,35,4,4,4,0,37,37,0,0,55,0,1,1,0,6,4,0,3,3,0,0,308,21,15,15,3.75,0,1,1,5,4,,,3,Rat|Rat|Rat,floor1_town;companion_join:Rat;companion_join:Rat;companion_join:Rat
970,13314,2,Normal,33,5,5,4,0,37,0,0,3,55,0,1,2,0,6,5,0,0,0,1,0,364,53,20,16,4,1,0,0,6,4,RH=Crude Sword|LH=Crude Sword|BD=Crude Armour|A1=Crude Bracelet|A2=Crude Bracelet,Swords_T1_03=1,1,Rat|Rat|Rat|Rat,companion_join:Rat; party wiped; +1 levelup
971,13315,1,Normal,33,4,4,4,0,37,37,0,0,30,0,1,1,0,2,0,2,3,3,0,0,168,8,8,8,2,0,1,1,5,3,,,1,Rat,floor1_town;companion_join:Rat
971,13315,2,Normal,27,3,3,3,0,37,37,0,0,25,0,1,1,0,1,0,2,3,3,0,0,140,8,5,5,1.667,0,1,1,6,1,,,3,Rat|Rat|Rat|Rat,companion_join:Rat;companion_join:Rat;companion_join:Rat
971,13315,3,Normal,16,2,2,1,0,37,0,0,0,36,0,1,1,4,6,6,0,0,0,0,0,295,51,11,7,7,1,0,0,18,4,RH=Crude Sword|LH=Crude Sword|BD=Crude Armour|A1=Crude Bracelet|A2=Crude Bracelet,,0,Rat|Rat|Rat|Rat,party wiped
972,13316,1,Normal,31,2,2,2,0,37,37,0,0,10,0,1,1,0,0,0,0,3,3,0,0,56,0,2,2,1,0,1,1,3,1,,,0,-,floor1_town
972,13316,2,Normal,36,4,4,4,0,37,8,0,0,60,0,1,1,1,3,3,0,0,0,0,0,336,37,15,15,3.75,0,1,1,4,4,,,3,Rat|Rat|Rat,companion_join:Rat;companion_join:Rat;companion_join:Rat
972,13316,3,Normal,9,1,1,0,0,8,0,0,0,0,0,1,1,1,3,3,0,0,0,0,0,80,37,4,0,0,1,0,0,10,3,RH=Crude Sword|LH=Crude Sword|BD=Crude Armour|A1=Crude Bracelet|A2=Crude Bracelet,,0,Rat|Rat|Rat,party wiped
973,13317,1,Normal,29,3,3,3,0,37,37,0,0,45,0,1,1,0,6,3,1,3,3,0,0,252,37,12,12,4,0,1,1,4,3,,,2,Rat|Rat,floor1_town;companion_join:Rat;companion_join:Rat
973,13317,2,Normal,36,6,6,6,0,37,32,0,2,75,0,1,2,2,5,3,1,0,0,0,0,420,27,20,20,3.333,0,1,1,6,4,,,2,Rat|Rat|Rat|Rat,companion_join:Rat;companion_join:Rat; +1 levelup
973,13317,3,Normal,30,2,2,2,0,32,31,2,2,48,0,2,2,0,3,3,2,0,0,2,0,240,12,7,7,3.5,0,1,1,7,3,,Swords_T1_03=2,0,Rat|Rat|Rat|Rat,
973,13317,4,Normal,19,3,3,2,0,31,0,2,2,30,0,2,2,2,3,3,0,0,0,3,0,251,42,13,10,5,1,0,0,8,4,RH=Crude Sword|LH=Crude Sword|BD=Crude Armour|A1=Crude Bracelet|A2=Crude Bracelet,Swords_T1_03=3,0,Rat|Rat|Rat|Rat,party wiped
974,13318,1,Normal,27,2,2,2,0,37,37,0,0,10,0,1,1,0,0,0,0,3,3,0,0,56,0,2,2,1,0,1,1,3,1,,,0,-,floor1_town
974,13318,2,Normal,28,3,3,3,0,37,29,0,0,20,0,1,1,0,0,0,0,3,3,0,0,112,8,4,4,1.333,0,1,1,3,2,,,2,Rat|Rat,companion_join:Rat;companion_join:Rat
974,13318,3,Normal,34,2,2,2,0,29,9,0,0,48,0,1,1,1,4,3,0,0,0,0,0,240,28,9,9,4.5,0,1,1,15,3,,,0,Rat|Rat,
974,13318,4,Normal,15,3,3,2,0,9,0,0,2,30,0,1,2,0,3,3,0,0,0,0,0,279,54,15,8,4,1,0,0,16,4,RH=Crude Sword|LH=Crude Sword|BD=Crude Armour|A1=Crude Bracelet|A2=Crude Bracelet,,0,Rat|Rat,party wiped; +1 levelup
975,13319,1,Normal,25,3,3,3,0,37,37,0,0,30,0,1,1,0,3,0,1,3,3,0,0,168,6,7,7,2.333,0,1,1,4,1,,,0,-,floor1_town
975,13319,2,Normal,35,1,1,1,0,37,29,0,0,20,0,1,1,0,3,2,2,0,1,0,0,112,8,6,6,6,0,1,1,4,4,,,1,Rat,companion_join:Rat
975,13319,3,Normal,33,4,4,4,0,29,46,0,1,60,0,1,2,1,7,0,3,1,3,0,0,300,2,13,13,3.25,0,1,1,28,1,,,0,Rat,+1 levelup
975,13319,4,Normal,40,3,3,3,0,46,38,1,1,45,0,2,2,0,2,3,3,2,3,1,0,252,23,11,11,3.667,0,1,1,29,3,,Swords_T1_03=1,1,Rat|Rat,companion_join:Rat
975,13319,5,Normal,34,6,6,5,0,38,0,1,1,70,0,2,2,3,2,3,0,0,0,3,0,475,35,21,17,3.4,1,0,0,29,4,RH=Crude Sword|LH=Crude Sword|BD=Crude Armour|A1=Crude Bracelet|A2=Crude Bracelet,Swords_T1_03=3,2,Rat|Rat|Rat|Rat,companion_join:Rat;companion_join:Rat; party wiped
976,13320,1,Normal,39,7,7,7,0,37,37,0,0,70,0,1,1,0,6,0,2,3,3,0,0,392,16,17,17,2.429,0,1,1,8,1,,,2,Rat|Rat,floor1_town;companion_join:Rat;companion_join:Rat
976,13320,2,Normal,35,4,4,4,0,37,15,0,3,65,0,1,2,3,3,3,0,0,0,2,0,364,29,20,20,5,0,1,1,8,3,,Swords_T1_03=2,1,Rat|Rat|Rat,companion_join:Rat; +1 levelup
976,13320,3,Normal,30,4,4,3,0,15,0,3,3,60,0,2,2,1,6,6,0,0,0,3,0,423,106,12,9,3,1,0,0,10,4,RH=Crude Sword|LH=Crude Sword|BD=Crude Armour|A1=Crude Bracelet|A2=Crude Bracelet,Swords_T1_03=3,0,Rat|Rat|Rat,party wiped
977,13321,1,Normal,37,5,5,5,0,37,37,0,0,40,0,1,1,0,1,0,1,3,3,0,0,224,8,8,8,1.6,0,1,1,6,2,,,2,Rat|Rat,floor1_town;companion_join:Rat;companion_join:Rat
977,13321,2,Normal,30,3,3,3,0,37,37,0,0,15,0,1,1,0,0,0,1,3,3,0,0,84,0,3,3,1,0,1,1,6,1,,,1,Rat|Rat|Rat,companion_join:Rat
977,13321,3,Normal,28,2,2,2,0,37,45,0,1,48,0,1,2,0,6,4,3,0,0,0,0,240,11,10,10,5,0,1,1,18,2,,,0,Rat|Rat|Rat,+1 levelup
977,13321,4,Normal,37,5,5,5,0,45,45,1,1,60,0,2,2,1,3,0,2,0,3,5,0,336,19,13,13,2.6,0,1,1,19,3,,Swords_T1_03=5,2,Rat|Rat|Rat|Rat|Rat,companion_join:Rat;companion_join:Rat
977,13321,5,Normal,28,2,2,2,0,45,45,1,1,35,0,2,2,0,3,3,2,0,3,1,0,196,15,11,11,5.5,0,1,1,20,3,,Swords_T1_03=1,1,Rat|Rat|Rat|Rat|Rat|Rat,companion_join:Rat
977,13321,6,Normal,34,4,4,4,0,45,31,1,1,45,0,2,2,1,0,3,1,0,0,2,0,252,12,12,12,3,0,1,1,20,4,,Swords_T1_03=2,0,Rat|Rat|Rat|Rat|Rat|Rat,
977,13321,7,Normal,35,4,4,4,0,31,37,1,1,55,0,2,2,0,5,3,1,1,3,1,0,308,20,15,15,3.75,0,1,1,22,3,,Swords_T1_03=1,2,Rat|Rat|Rat|Rat|Rat|Rat|Rat|Rat,companion_join:Rat;companion_join:Rat
977,13321,8,Normal,2,1,1,0,0,37,0,1,1,0,0,2,2,0,1,0,1,2,3,1,0,76,44,3,0,0,1,0,0,28,1,RH=Crude Sword|LH=Crude Sword|BD=Crude Armour|A1=Crude Bracelet|A2=Crude Bracelet,Swords_T1_03=1,0,Rat|Rat|Rat|Rat|Rat|Rat|Rat|Rat,party wiped
978,13322,1,Normal,35,4,4,4,0,37,37,0,0,70,0,1,1,0,9,1,2,3,3,0,0,392,32,18,18,4.5,0,1,1,5,4,,,4,Rat|Rat|Rat|Rat,floor1_town;companion_join:Rat;companion_join:Rat;companion_join:Rat;companion_join:Rat
978,13322,2,Normal,39,4,4,4,0,37,37,0,2,50,0,1,2,0,5,0,3,1,3,0,0,280,16,14,14,3.5,0,1,1,6,2,,,2,Rat|Rat|Rat|Rat|Rat|Rat,companion_join:Rat;companion_join:Rat; +1 levelup
978,13322,3,Normal,38,6,6,6,0,37,44,2,2,96,0,2,2,1,4,3,3,2,3,4,0,480,11,13,13,2.167,0,1,1,8,1,,Swords_T1_03=4,0,Rat|Rat|Rat|Rat|Rat|Rat,
978,13322,4,Normal,30,5,5,5,0,44,25,2,2,65,0,2,2,1,2,3,2,0,0,1,0,364,18,19,19,3.8,0,1,1,8,3,,Swords_T1_03=1,2,Rat|Rat|Rat|Rat|Rat|Rat|Rat|Rat,companion_join:Rat;companion_join:Rat
978,13322,5,Normal,35,2,2,2,0,25,45,2,2,15,0,2,2,0,1,0,2,2,3,2,0,84,-2,3,3,1.5,0,1,1,9,2,,Swords_T1_03=2,2,Rat|Rat|Rat|Rat|Rat|Rat|Rat|Rat|Rat|Rat,companion_join:Rat;companion_join:Rat
978,13322,6,Normal,40,3,3,3,0,45,52,2,5,35,0,2,3,0,2,2,2,0,1,2,0,196,-1,11,11,3.667,0,1,1,9,1,,Swords_T1_03=1|Swords_T1_04=1,0,Rat|Rat|Rat|Rat|Rat|Rat|Rat|Rat|Rat|Rat,+1 levelup
978,13322,7,Normal,26,2,2,2,0,52,43,5,5,25,0,3,3,2,0,1,0,0,0,0,0,140,9,8,8,4,0,1,1,9,2,,,1,Rat|Rat|Rat|Rat|Rat|Rat|Rat|Rat|Rat|Rat|Rat,companion_join:Rat
978,13322,8,Normal,13,1,1,0,0,43,0,5,5,0,0,3,3,0,3,0,0,0,3,0,0,34,52,1,0,0,1,0,0,15,4,RH=Crude Sword|LH=Crude Sword|BD=Crude Armour|A1=Crude Bracelet|A2=Crude Bracelet,,0,Rat|Rat|Rat|Rat|Rat|Rat|Rat|Rat|Rat|Rat|Rat,party wiped
979,13323,1,Normal,32,5,5,5,0,37,37,0,0,65,0,1,1,0,8,1,1,3,3,0,0,364,10,16,16,3.2,0,1,1,6,4,,,0,-,floor1_town
979,13323,2,Normal,32,4,4,4,0,37,45,0,2,50,0,1,2,0,3,1,3,0,2,0,0,280,16,13,13,3.25,0,1,1,8,4,,,0,-,+1 levelup
979,13323,3,Normal,31,1,1,1,0,45,34,2,2,24,0,2,2,0,0,1,3,0,1,1,0,120,10,4,4,4,0,1,1,8,2,,Swords_T1_03=1,0,-,
979,13323,4,Normal,26,3,3,3,0,34,45,2,2,40,0,2,2,3,1,1,0,2,3,3,0,224,8,12,12,4,0,1,1,9,2,,Swords_T1_03=3,1,Rat,companion_join:Rat
979,13323,5,Normal,30,1,1,1,0,45,45,2,2,5,0,2,2,0,0,0,0,2,3,0,0,28,0,1,1,1,0,1,1,9,1,,,1,Rat|Rat,companion_join:Rat
979,13323,6,Normal,27,2,2,2,0,45,45,2,2,25,0,2,2,0,2,2,0,0,1,1,0,140,-1,6,6,3,0,1,1,9,4,,Swords_T1_03=1,1,Rat|Rat|Rat,companion_join:Rat
979,13323,7,Normal,29,5,5,4,1,45,6,2,2,35,0,2,2,0,0,1,0,0,0,2,0,252,37,9,7,1.75,0,1,1,9,3,,Swords_T1_03=2,0,Rat|Rat|Rat,flee×1
979,13323,8,Normal,10,1,1,0,0,6,0,2,2,0,0,2,2,0,0,0,0,3,3,1,0,50,44,1,0,0,1,0,0,15,3,RH=Crude Sword|LH=Crude Sword|BD=Crude Armour|A1=Crude Bracelet|A2=Crude Bracelet,Swords_T1_03=1,0,Rat|Rat|Rat,party wiped
980,13324,1,Normal,30,3,3,3,0,37,37,0,0,45,0,1,1,0,4,0,2,3,3,0,0,252,16,10,10,3.333,0,1,1,4,3,,,0,-,floor1_town
980,13324,2,Normal,11,2,2,1,0,37,0,0,0,20,0,1,1,2,3,3,0,0,0,0,0,218,37,12,8,8,1,0,0,4,4,RH=Crude Sword|LH=Crude Sword|BD=Crude Armour|A1=Crude Bracelet|A2=Crude Bracelet,,0,-,party wiped
981,13325,1,Normal,28,3,3,3,0,37,37,0,0,35,0,1,1,0,2,0,0,3,3,0,0,196,22,8,8,2.667,0,1,1,4,1,,,3,Rat|Rat|Rat,floor1_town;companion_join:Rat;companion_join:Rat;companion_join:Rat
981,13325,2,Normal,38,3,3,3,0,37,29,0,0,50,0,1,1,0,6,2,1,0,2,0,0,280,16,14,14,4.667,0,1,1,5,3,,,0,Rat|Rat|Rat,
981,13325,3,Normal,2,1,1,0,0,29,0,0,0,0,0,1,1,1,3,3,0,0,0,0,0,112,37,4,0,0,1,0,0,11,4,RH=Crude Sword|LH=Crude Sword|BD=Crude Armour|A1=Crude Bracelet|A2=Crude Bracelet,,0,Rat|Rat|Rat,party wiped
982,13326,1,Normal,26,2,2,2,0,37,37,0,0,15,0,1,1,0,0,0,2,3,3,0,0,84,8,3,3,1.5,0,1,1,3,1,,,1,Rat,floor1_town;companion_join:Rat
982,13326,2,Normal,33,3,3,3,0,37,16,0,0,45,0,1,1,0,3,3,3,0,0,0,0,252,21,12,12,4,0,1,1,3,4,,,0,Rat,
982,13326,3,Normal,1,1,1,0,0,16,0,0,0,0,0,1,1,0,3,3,5,0,0,0,0,108,37,3,0,0,1,0,0,9,3,RH=Crude Sword|LH=Crude Sword|BD=Crude Armour|A1=Crude Bracelet|A2=Crude Bracelet,,0,Rat,party wiped
983,13327,1,Normal,40,3,3,3,0,37,37,0,0,30,0,1,1,0,3,0,0,3,3,0,0,168,16,8,8,2.667,0,1,1,4,2,,,0,-,floor1_town
983,13327,2,Normal,38,5,5,5,0,37,29,0,0,50,0,1,1,0,3,0,2,2,3,0,0,280,18,12,12,2.4,0,1,1,5,2,,,3,Rat|Rat|Rat,companion_join:Rat;companion_join:Rat;companion_join:Rat
983,13327,3,Normal,35,5,5,4,1,29,2,0,3,120,0,1,2,4,9,9,0,0,0,3,0,750,75,25,21,5.25,0,1,1,13,4,,Swords_T1_03=3,1,Rat|Rat|Rat|Goblin,companion_join:Goblin; +1 levelup; flee×1
983,13327,4,Normal,39,4,4,4,0,2,37,3,3,60,0,2,2,0,6,1,0,1,3,4,0,336,30,15,15,3.75,0,1,1,16,3,,Swords_T1_03=4,2,Rat|Rat|Rat|Goblin|Rat|Rat,companion_join:Rat;companion_join:Rat
983,13327,5,Normal,32,3,3,3,0,37,43,3,3,25,0,2,2,0,1,2,0,0,1,3,0,140,-9,7,7,2.333,0,1,1,16,1,,Swords_T1_03=3,0,Rat|Rat|Rat|Goblin|Rat|Rat,
983,13327,6,Normal,12,1,1,0,0,43,0,3,3,0,0,2,2,0,0,1,0,0,0,1,0,56,42,3,0,0,1,0,0,16,4,RH=Crude Sword|LH=Crude Sword|BD=Crude Armour|A1=Crude Bracelet|A2=Crude Bracelet,Swords_T1_03=1,0,Rat|Rat|Rat|Goblin|Rat|Rat,party wiped
984,13328,1,Normal,38,4,4,4,0,37,37,0,0,55,0,1,1,0,6,4,1,3,3,0,0,308,16,17,17,4.25,0,1,1,5,2,,,0,-,floor1_town
984,13328,2,Normal,32,5,5,5,0,37,31,0,1,80,0,1,2,1,8,3,1,0,0,1,0,448,28,23,23,4.6,0,1,1,7,4,,Swords_T1_03=1,2,Rat|Rat,companion_join:Rat;companion_join:Rat; +1 levelup
984,13328,3,Normal,20,5,5,4,0,31,0,1,1,120,0,2,2,3,9,9,0,0,0,5,0,734,64,21,17,4.25,1,0,0,10,4,RH=Crude Sword|LH=Crude Sword|BD=Crude Armour|A1=Crude Bracelet|A2=Crude Bracelet,Swords_T1_03=5,2,Rat|Rat|Goblin|Goblin,companion_join:Goblin;companion_join:Goblin; party wiped
985,13329,1,Normal,36,2,2,2,0,37,37,0,0,25,0,1,1,0,3,3,0,3,3,0,0,140,0,8,8,4,0,1,1,3,1,,,1,Rat,floor1_town;companion_join:Rat
985,13329,2,Normal,37,2,2,2,0,37,31,0,0,35,0,1,1,0,5,3,2,1,3,0,0,196,14,13,13,6.5,0,1,1,4,3,,,0,Rat,
985,13329,3,Normal,37,3,3,3,0,31,41,0,2,96,0,1,2,2,6,6,2,0,0,1,0,480,2,15,15,5,0,1,1,16,3,,Swords_T1_03=1,0,Rat,+1 levelup
985,13329,4,Normal,27,3,3,3,0,41,44,2,2,40,0,2,2,1,3,0,1,0,3,2,0,224,16,10,10,3.333,0,1,1,17,4,,Swords_T1_03=2,2,Rat|Rat|Rat,companion_join:Rat;companion_join:Rat
985,13329,5,Normal,36,4,4,4,0,44,35,2,2,45,0,2,2,1,0,3,0,3,3,2,0,252,36,12,12,3,0,1,1,19,2,,Swords_T1_03=2,1,Rat|Rat|Rat|Rat,companion_join:Rat
985,13329,6,Normal,38,4,4,3,1,35,44,2,2,35,0,2,2,0,3,3,0,3,3,2,0,224,31,13,11,3.667,0,1,1,20,1,,Swords_T1_03=2,1,Rat|Rat|Rat|Rat|Rat,companion_join:Rat; flee×1
985,13329,7,Normal,33,5,5,5,0,44,43,2,4,60,0,2,3,0,3,3,0,0,0,2,0,336,13,15,15,3,0,1,1,20,2,,Swords_T1_03=2,1,Rat|Rat|Rat|Rat|Rat|Rat,companion_join:Rat; +1 levelup
985,13329,8,Normal,13,2,2,0,1,43,0,4,4,0,0,3,3,0,6,6,0,0,0,5,0,152,89,7,0,0,1,0,0,32,4,RH=Crude Sword|LH=Crude Sword|BD=Crude Armour|A1=Crude Bracelet|A2=Crude Bracelet,Swords_T1_03=2|Swords_T1_04=3,0,Rat|Rat|Rat|Rat|Rat|Rat,party wiped; flee×1
986,13330,1,Normal,34,2,2,2,0,37,37,0,0,20,0,1,1,0,0,0,1,3,3,0,0,112,16,4,4,2,0,1,1,3,2,,,1,Rat,floor1_town;companion_join:Rat
986,13330,2,Normal,25,3,3,3,0,37,37,0,0,40,0,1,1,0,3,3,3,0,0,0,0,224,0,11,11,3.667,0,1,1,3,4,,,1,Rat|Rat,companion_join:Rat
986,13330,3,Normal,26,4,4,4,0,37,45,0,2,72,0,1,2,3,7,3,0,0,0,0,0,360,32,17,17,4.25,0,1,1,27,3,,,0,Rat|Rat,+1 levelup
986,13330,4,Normal,35,4,4,4,0,45,35,2,2,40,0,2,2,0,1,0,0,2,3,3,0,224,28,9,9,2.25,0,1,1,28,2,,Swords_T1_03=3,1,Rat|Rat|Rat,companion_join:Rat
986,13330,5,Normal,34,1,1,1,0,35,35,2,2,5,0,2,2,0,0,0,0,2,3,0,0,28,0,1,1,1,0,1,1,28,1,,,0,Rat|Rat|Rat,
986,13330,6,Normal,33,4,4,3,1,35,8,2,2,30,0,2,2,0,2,3,0,0,0,1,0,224,26,11,8,2.667,0,1,1,28,4,,Swords_T1_03=1,0,Rat|Rat|Rat,flee×1
986,13330,7,Normal,28,4,4,4,0,8,45,2,2,60,0,2,2,0,6,6,0,0,0,1,0,336,25,20,20,5,0,1,1,30,1,,Swords_T1_03=1,0,Rat|Rat|Rat,
986,13330,8,Normal,1,1,1,0,0,45,0,2,2,0,0,2,2,0,0,0,0,3,3,1,0,61,44,1,0,0,1,0,0,36,2,RH=Crude Sword|LH=Crude Sword|BD=Crude Armour|A1=Crude Bracelet|A2=Crude Bracelet,Swords_T1_03=1,0,Rat|Rat|Rat,party wiped
987,13331,1,Normal,32,3,3,3,0,37,37,0,0,50,0,1,1,0,5,0,2,3,3,0,0,280,16,13,13,4.333,0,1,1,4,4,,,0,-,floor1_town
987,13331,2,Normal,31,4,4,4,0,37,45,0,2,50,0,1,2,0,6,3,3,0,3,0,0,280,13,15,15,3.75,0,1,1,5,3,,,0,-,+1 levelup
987,13331,3,Normal,29,5,5,5,0,45,45,2,2,108,0,2,2,3,5,4,1,0,2,3,0,540,22,17,17,3.4,0,1,1,7,1,,Swords_T1_03=3,1,Goblin,companion_join:Goblin
987,13331,4,Normal,38,3,3,3,0,45,19,2,2,30,0,2,2,1,0,2,0,0,0,3,0,168,23,9,9,3,0,1,1,7,3,,Swords_T1_03=3,2,Goblin|Rat|Rat,companion_join:Rat;companion_join:Rat
987,13331,5,Normal,34,5,5,5,0,19,45,2,2,50,0,2,2,0,4,2,0,2,3,1,0,280,12,15,15,3,0,1,1,9,2,,Swords_T1_03=1,3,Goblin|Rat|Rat|Rat|Rat|Rat,companion_join:Rat;companion_join:Rat;companion_join:Rat
987,13331,6,Normal,32,4,4,4,0,45,53,2,5,30,0,2,3,0,1,0,0,1,3,2,0,168,11,7,7,1.75,0,1,1,9,1,,Swords_T1_03=2,1,Goblin|Rat|Rat|Rat|Rat|Rat|Rat,companion_join:Rat; +1 levelup
987,13331,7,Normal,30,3,3,3,0,53,8,5,5,45,0,3,3,0,1,3,0,0,0,1,0,252,45,14,14,4.667,0,1,1,9,3,,Swords_T1_04=1,0,Goblin|Rat|Rat|Rat|Rat|Rat|Rat,
987,13331,8,Normal,3,1,1,0,0,8,0,5,5,0,0,3,3,0,3,3,0,0,0,1,0,47,53,2,0,0,1,0,0,15,4,RH=Crude Sword|LH=Crude Sword|BD=Crude Armour|A1=Crude Bracelet|A2=Crude Bracelet,Swords_T1_04=1,0,Goblin|Rat|Rat|Rat|Rat|Rat|Rat,party wiped
988,13332,1,Normal,30,3,3,3,0,37,37,0,0,30,0,1,1,0,3,0,1,3,3,0,0,168,8,7,7,2.333,0,1,1,4,3,,,2,Rat|Rat,floor1_town;companion_join:Rat;companion_join:Rat
988,13332,2,Normal,39,5,5,5,0,37,37,0,0,40,0,1,1,1,3,3,2,3,3,0,0,224,8,12,12,2.4,0,1,1,5,1,,,1,Rat|Rat|Rat,companion_join:Rat
988,13332,3,Normal,14,2,2,1,0,37,0,0,2,36,0,1,2,3,3,3,0,0,0,1,0,240,44,8,6,6,1,0,0,11,4,RH=Crude Sword|LH=Crude Sword|BD=Crude Armour|A1=Crude Bracelet|A2=Crude Bracelet,Swords_T1_03=1,0,Rat|Rat|Rat,party wiped; +1 levelup
989,13333,1,Normal,28,3,3,3,0,37,37,0,0,40,0,1,1,0,5,1,2,3,3,0,0,224,8,11,11,3.667,0,1,1,4,3,,,0,-,floor1_town
989,13333,2,Normal,40,5,5,5,0,37,45,0,2,65,0,1,2,2,3,3,0,3,3,0,0,364,29,17,17,3.4,0,1,1,5,2,,,2,Rat|Rat,companion_join:Rat;companion_join:Rat; +1 levelup
989,13333,3,Normal,34,2,2,1,1,45,3,2,2,12,0,2,2,2,3,3,0,0,0,1,0,240,41,7,2,2,0,1,1,5,4,,Swords_T1_03=1,0,Rat|Rat,flee×1
989,13333,4,Normal,26,3,3,3,0,3,36,2,2,35,0,2,2,0,3,1,0,0,2,3,0,196,6,9,9,3,0,1,1,6,1,,Swords_T1_03=3,1,Rat|Rat|Rat,companion_join:Rat
989,13333,5,Normal,1,1,1,0,0,36,0,2,2,0,0,2,2,0,0,2,0,0,0,0,0,109,36,6,0,0,1,0,0,6,4,RH=Crude Sword|LH=Crude Sword|BD=Crude Armour|A1=Crude Bracelet|A2=Crude Bracelet,,0,Rat|Rat|Rat,party wiped
990,13334,1,Normal,26,4,4,4,0,37,37,0,0,45,0,1,1,0,3,0,0,3,3,0,0,252,16,10,10,2.5,0,1,1,5,3,,,0,-,floor1_town
990,13334,2,Normal,29,3,3,3,0,37,37,0,0,35,0,1,1,0,2,0,0,2,3,0,0,196,16,7,7,2.333,0,1,1,7,2,,,1,Rat,companion_join:Rat
990,13334,3,Normal,1,1,1,0,0,37,0,0,0,0,0,1,1,2,3,3,0,0,0,0,0,120,37,5,0,0,1,0,0,13,4,RH=Crude Sword|LH=Crude Sword|BD=Crude Armour|A1=Crude Bracelet|A2=Crude Bracelet,,0,Rat,party wiped
991,13335,1,Normal,40,5,5,5,0,37,37,0,0,45,0,1,1,0,3,0,2,3,3,0,0,252,16,11,11,2.2,0,1,1,6,1,,,4,Rat|Rat|Rat|Rat,floor1_town;companion_join:Rat;companion_join:Rat;companion_join:Rat;companion_join:Rat
991,13335,2,Normal,28,5,5,5,0,37,32,0,1,70,0,1,2,2,5,3,0,0,0,1,0,392,42,20,20,4,0,1,1,7,2,,Swords_T1_03=1,3,Rat|Rat|Rat|Rat|Rat|Rat|Rat,companion_join:Rat;companion_join:Rat;companion_join:Rat; +1 levelup
991,13335,3,Normal,5,1,1,0,0,32,0,1,1,0,0,2,2,1,3,3,0,0,0,1,0,181,45,5,0,0,1,0,0,8,4,RH=Crude Sword|LH=Crude Sword|BD=Crude Armour|A1=Crude Bracelet|A2=Crude Bracelet,Swords_T1_03=1,0,Rat|Rat|Rat|Rat|Rat|Rat|Rat,party wiped
992,13336,1,Normal,38,4,4,4,0,37,37,0,0,50,0,1,1,0,7,0,0,3,3,0,0,280,0,15,15,3.75,0,1,1,5,2,,,0,-,floor1_town
992,13336,2,Normal,7,2,2,1,0,37,0,0,0,20,0,1,1,0,3,3,0,0,0,0,0,193,37,9,6,6,1,0,0,5,4,RH=Crude Sword|LH=Crude Sword|BD=Crude Armour|A1=Crude Bracelet|A2=Crude Bracelet,,0,-,party wiped
993,13337,1,Normal,36,4,4,4,0,37,37,0,0,55,0,1,1,0,5,2,2,3,3,0,0,308,8,14,14,3.5,0,1,1,5,3,,,1,Rat,floor1_town;companion_join:Rat
993,13337,2,Normal,35,4,4,4,0,37,46,0,1,45,0,1,2,0,6,3,4,0,3,0,0,252,16,13,13,3.25,0,1,1,6,1,,,1,Rat|Rat,companion_join:Rat; +1 levelup
993,13337,3,Normal,6,2,2,1,0,46,0,1,1,36,0,2,2,4,0,3,0,0,0,1,0,277,45,9,6,6,1,0,0,6,3,RH=Crude Sword|LH=Crude Sword|BD=Crude Armour|A1=Crude Bracelet|A2=Crude Bracelet,Swords_T1_03=1,0,Rat|Rat,party wiped
994,13338,1,Normal,34,3,3,3,0,37,37,0,0,15,0,1,1,0,0,0,0,3,3,0,0,84,0,3,3,1,0,1,1,4,1,,,1,Rat,floor1_town;companion_join:Rat
994,13338,2,Normal,34,3,3,3,0,37,37,0,0,45,0,1,1,0,6,3,2,1,3,0,0,252,16,13,13,4.333,0,1,1,6,3,,,1,Rat|Rat,companion_join:Rat
994,13338,3,Normal,11,1,1,0,0,37,0,0,0,0,0,1,1,1,3,3,3,0,0,0,0,60,37,3,0,0,1,0,0,12,4,RH=Crude Sword|LH=Crude Sword|BD=Crude Armour|A1=Crude Bracelet|A2=Crude Bracelet,,0,Rat|Rat,party wiped
995,13339,1,Normal,32,3,3,3,0,37,37,0,0,40,0,1,1,0,5,0,1,3,3,0,0,224,14,11,11,3.667,0,1,1,4,4,,,1,Rat,floor1_town;companion_join:Rat
995,13339,2,Normal,37,7,7,7,0,37,45,0,1,60,0,1,2,0,3,2,2,0,1,0,0,336,6,14,14,2,0,1,1,5,4,,,4,Rat|Rat|Rat|Rat|Rat,companion_join:Rat;companion_join:Rat;companion_join:Rat;companion_join:Rat; +1 levelup
995,13339,3,Normal,39,3,3,3,0,45,45,1,1,84,0,2,2,2,5,4,0,1,3,3,0,420,35,14,14,4.667,0,1,1,7,2,,Swords_T1_03=3,2,Rat|Rat|Rat|Rat|Rat|Goblin|Goblin,companion_join:Goblin;companion_join:Goblin
995,13339,4,Normal,27,3,3,3,0,45,16,1,1,50,0,2,2,0,1,3,0,0,0,1,0,280,28,11,11,3.667,0,1,1,7,4,,Swords_T1_03=1,2,Rat|Rat|Rat|Rat|Rat|Goblin|Goblin|Rat|Rat,companion_join:Rat;companion_join:Rat
995,13339,5,Normal,26,1,1,1,0,16,45,1,1,20,0,2,2,0,2,0,0,1,3,0,0,112,0,5,5,5,0,1,1,8,4,,,0,Rat|Rat|Rat|Rat|Rat|Goblin|Goblin|Rat|Rat,
995,13339,6,Normal,31,4,4,4,0,45,52,1,4,55,0,2,3,0,1,3,0,0,0,4,0,308,29,13,13,3.25,0,1,1,8,3,,Swords_T1_03=4,3,Rat|Rat|Rat|Rat|Rat|Goblin|Goblin|Rat|Rat|Rat|Rat|Rat,companion_join:Rat;companion_join:Rat;companion_join:Rat; +1 levelup
995,13339,7,Normal,8,1,1,0,0,52,0,4,4,0,0,3,3,0,0,0,0,0,0,1,0,56,50,2,0,0,1,0,0,8,4,RH=Crude Sword|LH=Crude Sword|BD=Crude Armour|A1=Crude Bracelet|A2=Crude Bracelet,Swords_T1_03=1,0,Rat|Rat|Rat|Rat|Rat|Goblin|Goblin|Rat|Rat|Rat|Rat|Rat,party wiped
996,13340,1,Normal,30,2,2,2,0,37,37,0,0,20,0,1,1,0,1,0,0,3,3,0,0,112,8,4,4,2,0,1,1,3,2,,,1,Rat,floor1_town;companion_join:Rat
996,13340,2,Normal,38,4,4,4,0,37,37,0,0,45,0,1,1,0,3,0,0,0,3,0,0,252,0,11,11,2.75,0,1,1,3,2,,,1,Rat|Rat,companion_join:Rat
996,13340,3,Normal,16,3,3,2,0,37,0,0,3,60,0,1,2,0,6,6,0,0,0,1,0,391,93,12,9,4.5,1,0,0,10,4,RH=Crude Sword|LH=Crude Sword|BD=Crude Armour|A1=Crude Bracelet|A2=Crude Bracelet,Swords_T1_03=1,1,Rat|Rat|Goblin,companion_join:Goblin; party wiped; +1 levelup
997,13341,1,Normal,28,2,2,2,0,37,37,0,0,25,0,1,1,0,4,1,1,3,3,0,0,140,0,7,7,3.5,0,1,1,3,3,,,2,Rat|Rat,floor1_town;companion_join:Rat;companion_join:Rat
997,13341,2,Normal,37,3,3,3,0,37,37,0,0,35,0,1,1,0,3,2,3,0,1,0,0,196,0,10,10,3.333,0,1,1,3,3,,,0,Rat|Rat,
997,13341,3,Normal,14,2,2,1,0,37,0,0,0,24,0,1,1,5,6,6,0,0,0,0,0,268,37,12,6,6,1,0,0,15,4,RH=Crude Sword|LH=Crude Sword|BD=Crude Armour|A1=Crude Bracelet|A2=Crude Bracelet,,0,Rat|Rat,party wiped
998,13342,1,Normal,26,2,2,2,0,37,37,0,0,25,0,1,1,0,3,2,2,3,3,0,0,140,6,9,9,4.5,0,1,1,3,1,,,1,Rat,floor1_town;companion_join:Rat
998,13342,2,Normal,26,3,3,3,0,37,21,0,0,55,0,1,1,1,6,4,2,0,0,0,0,308,24,16,16,5.333,0,1,1,4,4,,,0,Rat,
998,13342,3,Normal,1,1,1,0,0,21,0,0,0,0,0,1,1,2,3,3,1,0,0,0,0,148,37,6,0,0,1,0,0,10,3,RH=Crude Sword|LH=Crude Sword|BD=Crude Armour|A1=Crude Bracelet|A2=Crude Bracelet,,0,Rat,party wiped
999,13343,1,Normal,40,4,4,4,0,37,37,0,0,50,0,1,1,0,6,2,1,3,3,0,0,280,8,15,15,3.75,0,1,1,5,4,,,0,-,floor1_town
999,13343,2,Normal,32,2,2,2,0,37,37,0,0,35,0,1,1,1,3,3,0,0,0,0,0,196,0,10,10,5,0,1,1,5,4,,,0,-,
999,13343,3,Normal,40,3,3,3,0,37,44,0,1,36,0,1,2,0,3,0,2,1,3,0,0,180,0,6,6,2,0,1,1,17,1,,,2,Goblin|Goblin,companion_join:Goblin;companion_join:Goblin; +1 levelup
999,13343,4,Normal,33,3,3,3,0,44,43,1,1,40,0,2,2,1,1,3,1,3,3,3,0,224,12,12,12,4,0,1,1,18,1,,Swords_T1_03=3,0,Goblin|Goblin,
999,13343,5,Normal,33,5,5,5,0,43,36,1,1,60,0,2,2,0,3,2,1,0,1,4,0,336,3,14,14,2.8,0,1,1,18,3,,Swords_T1_03=4,3,Goblin|Goblin|Rat|Rat|Rat,companion_join:Rat;companion_join:Rat;companion_join:Rat
999,13343,6,Normal,33,2,2,2,0,36,19,1,1,25,0,2,2,0,0,1,1,0,0,1,0,140,16,7,7,3.5,0,1,1,18,4,,Swords_T1_03=1,0,Goblin|Goblin|Rat|Rat|Rat,
999,13343,7,Normal,31,4,4,4,0,19,42,1,1,20,0,2,2,0,0,0,1,3,3,2,0,112,0,4,4,1,0,1,1,19,1,,Swords_T1_03=2,3,Goblin|Goblin|Rat|Rat|Rat|Rat|Rat|Rat,companion_join:Rat;companion_join:Rat;companion_join:Rat
999,13343,8,Normal,19,1,1,0,0,42,0,1,1,0,0,2,2,1,1,0,0,2,3,1,0,92,43,3,0,0,1,0,0,25,1,RH=Crude Sword|LH=Crude Sword|BD=Crude Armour|A1=Crude Bracelet|A2=Crude Bracelet,Swords_T1_03=1,0,Goblin|Goblin|Rat|Rat|Rat|Rat|Rat|Rat,party wiped
1000,13344,1,Normal,38,2,2,2,0,37,37,0,0,35,0,1,1,0,5,3,2,3,3,0,0,196,21,11,11,5.5,0,1,1,3,4,,,1,Rat,floor1_town;companion_join:Rat
1000,13344,2,Normal,34,3,3,3,0,37,27,0,0,40,0,1,1,0,5,3,3,1,3,0,0,224,29,13,13,4.333,0,1,1,4,2,,,1,Rat|Rat,companion_join:Rat
1000,13344,3,Normal,40,3,3,3,0,27,45,0,2,72,0,1,2,5,5,3,0,0,0,0,0,360,14,13,13,4.333,0,1,1,22,4,,,1,Rat|Rat|Goblin,companion_join:Goblin; +1 levelup
1000,13344,4,Normal,37,3,3,3,0,45,45,2,2,40,0,2,2,0,3,2,0,0,1,1,0,224,36,13,13,4.333,0,1,1,23,1,,Swords_T1_03=1,0,Rat|Rat|Goblin,
1000,13344,5,Normal,25,3,3,3,0,45,37,2,2,45,0,2,2,0,3,2,0,0,2,1,0,252,28,11,11,3.667,0,1,1,24,4,,Swords_T1_03=1,1,Rat|Rat|Goblin|Rat,companion_join:Rat
1000,13344,6,Normal,33,3,3,3,0,37,36,2,2,15,0,2,2,0,0,0,0,0,2,1,0,84,0,3,3,1,0,1,1,24,1,,Swords_T1_03=1,1,Rat|Rat|Goblin|Rat|Rat,companion_join:Rat
1000,13344,7,Normal,3,1,1,0,0,36,0,2,2,0,0,2,2,0,0,2,0,0,0,1,0,84,35,4,0,0,1,0,0,24,4,RH=Crude Sword|LH=Crude Sword|BD=Crude Armour|A1=Crude Bracelet|A2=Crude Bracelet,Swords_T1_03=1,0,Rat|Rat|Goblin|Rat|Rat,party wiped
