run_id,seed,floor,floor_type,steps_moved,encounters,battles,battles_won,battles_fled,hp_before,hp_after,mp_before,mp_after,xp_gained,gold_gained,level_before,level_after,medicinal_herb_use_count,potion_use_count,dawn_chalice_use_count,medicinal_herb_remain_after,potion_remain_after,chalice_remain_after,skill_use_count,recovery_skill_use_count,total_damage_dealt,total_damage_taken,total_battle_turns,win_turns_sum,avg_turns_per_win,death_flag,clear_flag,next_floor_flag,floor1_town_uses_cumulative,last_battle_enemy_count,death_ai_equip,skill_activation_breakdown,companion_joins,companions_joined_cumulative,notes
1,12345,1,Normal,38,3,3,3,0,37,37,0,0,25,0,1,1,0,1,0,2,3,3,0,0,140,8,6,6,2,0,1,1,4,2,,,0,-,floor1_town
1,12345,2,Normal,31,3,3,3,0,37,29,0,0,40,0,1,1,0,3,2,4,0,1,0,0,224,8,10,10,3.333,0,1,1,4,2,,,0,-,
1,12345,3,Normal,29,3,3,3,0,29,23,0,2,84,0,1,2,1,6,4,5,0,0,1,0,420,21,14,14,4.667,0,1,1,16,3,,Swords_T1_03=1,0,-,+1 levelup
1,12345,4,Normal,28,3,3,3,0,23,37,2,2,45,0,2,2,0,5,1,5,0,2,1,0,252,20,12,12,4,0,1,1,18,3,,Swords_T1_03=1,0,-,
1,12345,5,Normal,25,3,3,3,0,37,32,2,2,30,0,2,2,0,0,2,5,0,0,0,0,168,5,7,7,2.333,0,1,1,18,2,,,0,-,
1,12345,6,Normal,26,3,3,3,0,32,45,2,2,40,0,2,2,0,4,1,5,0,2,3,0,224,24,11,11,3.667,0,1,1,20,4,,Swords_T1_03=3,0,-,
1,12345,7,Normal,32,4,4,4,0,45,53,2,4,45,0,2,3,1,0,2,4,0,0,2,0,252,8,11,11,2.75,0,1,1,20,1,,Swords_T1_03=2,0,-,+1 levelup
1,12345,8,Normal,32,0,0,0,0,53,53,4,4,0,0,3,3,0,0,0,4,0,0,0,0,0,0,0,0,0,0,1,1,20,0,,,0,-,
1,12345,9,Normal,30,4,4,3,1,53,45,4,4,45,0,3,3,4,0,0,0,3,3,5,0,280,46,16,12,4,0,1,1,21,2,,Swords_T1_03=1|Swords_T1_04=4,0,-,flee×1
1,12345,9,Normal,39,5,5,4,1,45,45,4,4,60,0,3,3,0,6,4,0,0,2,5,0,420,51,16,13,3.25,0,1,1,22,4,,Swords_T1_03=4|Swords_T1_04=1,0,-,ai_farm; flee×1
1,12345,9,Normal,28,4,4,3,1,45,12,4,4,25,0,3,3,0,0,2,0,0,0,5,0,141,27,7,6,2,0,1,1,22,4,,Swords_T1_03=3|Swords_T1_04=2,0,-,ai_farm; flee×1
1,12345,9,Normal,40,4,4,4,0,12,45,4,4,35,0,3,3,0,3,1,0,0,2,6,0,196,4,11,11,2.75,0,1,1,23,1,,Swords_T1_03=2|Swords_T1_04=4,0,-,ai_farm
1,12345,9,Normal,28,1,1,1,0,45,53,4,4,5,0,3,3,0,0,1,0,0,1,1,0,28,-8,2,2,2,0,1,1,23,1,,Swords_T1_04=1,0,-,ai_farm
1,12345,9,Normal,5,1,1,0,0,53,0,4,4,0,0,3,3,0,0,1,0,0,0,1,0,57,53,3,0,0,1,0,0,23,4,RH=Crude Sword|LH=Crude Sword|BD=Crude Armour|A1=Crude Bracelet|A2=Crude Bracelet,Swords_T1_04=1,0,-,ai_farm; party wiped
2,12346,1,Normal,36,4,4,4,0,37,37,0,0,45,0,1,1,0,5,1,0,3,3,0,0,252,8,12,12,3,0,1,1,5,1,,,0,-,floor1_town
2,12346,2,Normal,32,3,3,3,0,37,37,0,0,25,0,1,1,0,0,0,1,3,3,0,0,140,8,5,5,1.667,0,1,1,6,1,,,0,-,
2,12346,3,Normal,15,2,2,1,0,37,0,0,3,36,0,1,2,3,3,3,0,0,0,1,0,285,58,9,6,6,1,0,0,12,4,RH=Crude Sword|LH=Crude Sword|BD=Crude Armour|A1=Crude Bracelet|A2=Crude Bracelet,Swords_T1_03=1,0,-,party wiped; +1 levelup
3,12347,1,Normal,34,3,3,3,0,37,37,0,0,35,0,1,1,0,3,0,2,3,3,0,0,196,8,8,8,2.667,0,1,1,4,2,,,0,-,floor1_town
3,12347,2,Normal,27,3,3,3,0,37,37,0,0,45,0,1,1,0,3,2,2,0,1,0,0,252,0,10,10,3.333,0,1,1,4,1,,,0,-,
3,12347,3,Normal,9,3,3,2,0,37,0,0,1,60,0,1,2,4,3,3,0,0,0,2,0,405,43,12,10,5,1,0,0,10,4,RH=Crude Sword|LH=Crude Sword|BD=Crude Armour|A1=Crude Bracelet|A2=Crude Bracelet,Swords_T1_03=2,0,-,party wiped; +1 levelup
4,12348,1,Normal,32,2,2,2,0,37,37,0,0,25,0,1,1,0,2,0,0,3,3,0,0,140,8,5,5,2.5,0,1,1,3,2,,,0,-,floor1_town
4,12348,2,Normal,31,3,3,3,0,37,37,0,0,40,0,1,1,0,6,3,2,3,3,0,0,224,24,14,14,4.667,0,1,1,5,1,,,0,-,
4,12348,3,Normal,11,2,2,1,0,37,0,0,0,12,0,1,1,2,4,3,2,0,0,0,0,215,37,9,2,2,1,0,0,17,3,RH=Crude Sword|LH=Crude Sword|BD=Crude Armour|A1=Crude Bracelet|A2=Crude Bracelet,,0,-,party wiped
5,12349,1,Normal,30,4,4,4,0,37,37,0,0,75,0,1,1,0,10,5,1,3,3,0,0,420,24,20,20,5,0,1,1,5,4,,,0,-,floor1_town
5,12349,2,Normal,29,3,3,3,0,37,46,0,2,50,0,1,2,0,3,3,1,0,0,0,0,280,8,13,13,4.333,0,1,1,5,3,,,0,-,+1 levelup
5,12349,3,Normal,2,1,1,0,0,46,0,2,2,0,0,2,2,2,0,0,0,0,0,1,0,138,45,3,0,0,1,0,0,5,4,RH=Crude Sword|LH=Crude Sword|BD=Crude Armour|A1=Crude Bracelet|A2=Crude Bracelet,Swords_T1_03=1,0,-,party wiped
6,12350,1,Normal,28,0,0,0,0,37,37,0,0,0,0,1,1,0,0,0,0,3,3,0,0,0,0,0,0,0,0,1,1,1,0,,,0,-,floor1_town
6,12350,2,Normal,34,4,4,4,0,37,37,0,0,55,0,1,1,0,8,2,1,0,2,0,0,308,16,16,16,4,0,1,1,3,3,,,0,-,
6,12350,3,Normal,7,1,1,0,0,37,0,0,0,0,0,1,1,2,3,3,0,0,0,0,0,147,37,5,0,0,1,0,0,9,4,RH=Crude Sword|LH=Crude Sword|BD=Crude Armour|A1=Crude Bracelet|A2=Crude Bracelet,,0,-,party wiped
7,12351,1,Normal,26,5,5,5,0,37,37,0,0,70,0,1,1,0,9,2,1,3,3,0,0,392,14,17,17,3.4,0,1,1,6,3,,,0,-,floor1_town
7,12351,2,Normal,30,3,3,3,0,37,45,0,1,35,0,1,2,0,5,1,2,0,2,0,0,196,8,9,9,3,0,1,1,7,3,,,0,-,+1 levelup
7,12351,3,Normal,25,4,4,3,0,45,0,1,1,96,0,2,2,4,6,8,0,0,0,3,0,596,84,21,16,5.333,1,0,0,9,4,RH=Crude Sword|LH=Crude Sword|BD=Crude Armour|A1=Crude Bracelet|A2=Crude Bracelet,Swords_T1_03=3,0,-,party wiped
8,12352,1,Normal,40,5,5,5,0,37,37,0,0,70,0,1,1,0,7,3,2,3,3,0,0,392,16,21,21,4.2,0,1,1,6,3,,,0,-,floor1_town
8,12352,2,Normal,29,2,2,2,0,37,37,0,0,15,0,1,1,0,1,0,3,2,3,0,0,84,0,5,5,2.5,0,1,1,6,1,,,0,-,
8,12352,3,Normal,25,1,1,1,0,37,46,0,2,36,0,1,2,2,3,3,2,0,0,0,0,180,0,6,6,6,0,1,1,12,3,,,0,-,+1 levelup
8,12352,4,Normal,38,4,4,3,1,46,38,2,2,55,0,2,2,2,3,2,0,0,1,3,0,364,43,17,15,5,0,1,1,13,4,,Swords_T1_03=3,0,-,flee×1
8,12352,5,Normal,27,4,4,3,1,38,46,2,2,45,0,2,2,0,4,4,0,2,3,3,0,280,56,20,17,5.667,0,1,1,15,2,,Swords_T1_03=3,0,-,flee×1
8,12352,6,Normal,27,1,1,1,0,46,45,2,2,5,0,2,2,0,0,0,0,2,3,1,0,28,0,1,1,1,0,1,1,15,1,,Swords_T1_03=1,0,-,
8,12352,7,Normal,35,4,4,4,0,45,30,2,2,50,0,2,2,0,2,3,0,0,0,2,0,280,13,14,14,3.5,0,1,1,15,4,,Swords_T1_03=2,0,-,
8,12352,8,Normal,6,1,1,0,0,30,0,2,2,0,0,2,2,0,1,0,0,2,3,0,0,41,46,1,0,0,1,0,0,21,4,RH=Crude Sword|LH=Crude Sword|BD=Crude Armour|A1=Crude Bracelet|A2=Crude Bracelet,,0,-,party wiped
9,12353,1,Normal,38,3,3,3,0,37,37,0,0,45,0,1,1,0,6,2,1,3,3,0,0,252,16,13,13,4.333,0,1,1,4,4,,,0,-,floor1_town
9,12353,2,Normal,26,3,3,3,0,37,29,0,0,45,0,1,1,0,5,0,2,0,3,0,0,252,16,12,12,4,0,1,1,5,2,,,0,-,
9,12353,3,Normal,39,4,4,3,1,29,31,0,3,84,0,1,2,3,6,6,0,0,0,3,0,540,46,18,14,4.667,0,1,1,12,3,,Swords_T1_03=3,0,-,+1 levelup; flee×1
9,12353,4,Normal,29,4,4,4,0,31,38,3,3,45,0,2,2,0,3,2,0,0,1,2,0,252,5,14,14,3.5,0,1,1,13,2,,Swords_T1_03=2,0,-,
9,12353,5,Normal,29,2,2,2,0,38,38,3,3,10,0,2,2,0,0,0,0,0,1,0,0,56,0,2,2,1,0,1,1,13,1,,,0,-,
9,12353,6,Normal,3,1,1,0,0,38,0,3,3,0,0,2,2,0,0,1,0,0,0,0,0,25,38,2,0,0,1,0,0,13,4,RH=Crude Sword|LH=Crude Sword|BD=Crude Armour|A1=Crude Bracelet|A2=Crude Bracelet,,0,-,party wiped
10,12354,1,Normal,36,1,1,1,0,37,37,0,0,15,0,1,1,0,2,0,2,3,3,0,0,84,0,4,4,4,0,1,1,2,3,,,0,-,floor1_town
10,12354,2,Normal,35,1,1,1,0,37,29,0,0,15,0,1,1,0,0,0,4,3,3,0,0,84,8,4,4,4,0,1,1,2,3,,,0,-,
10,12354,3,Normal,7,1,1,0,0,29,0,0,0,0,0,1,1,0,3,3,5,0,0,0,0,88,37,3,0,0,1,0,0,8,4,RH=Crude Sword|LH=Crude Sword|BD=Crude Armour|A1=Crude Bracelet|A2=Crude Bracelet,,0,-,party wiped
11,12355,1,Normal,34,3,3,3,0,37,37,0,0,20,0,1,1,0,0,0,0,3,3,0,0,112,8,4,4,1.333,0,1,1,4,1,,,0,-,floor1_town
11,12355,2,Normal,35,4,4,4,0,37,37,0,0,60,0,1,1,0,9,5,0,0,1,0,0,336,16,22,22,5.5,0,1,1,6,2,,,0,-,
11,12355,3,Normal,5,1,1,0,0,37,0,0,0,0,0,1,1,1,3,3,1,0,0,0,0,63,37,3,0,0,1,0,0,12,4,RH=Crude Sword|LH=Crude Sword|BD=Crude Armour|A1=Crude Bracelet|A2=Crude Bracelet,,0,-,party wiped
12,12356,1,Normal,32,2,2,2,0,37,37,0,0,20,0,1,1,0,3,0,2,3,3,0,0,112,8,6,6,3,0,1,1,3,1,,,0,-,floor1_town
12,12356,2,Normal,39,4,4,4,0,37,29,0,0,50,0,1,1,0,5,2,3,0,1,0,0,280,16,13,13,3.25,0,1,1,4,4,,,0,-,
12,12356,3,Normal,18,3,3,2,0,29,0,0,1,48,0,1,2,4,6,5,0,0,0,1,0,367,43,14,9,4.5,1,0,0,16,4,RH=Crude Sword|LH=Crude Sword|BD=Crude Armour|A1=Crude Bracelet|A2=Crude Bracelet,Swords_T1_03=1,0,-,party wiped; +1 levelup
13,12357,1,Normal,30,3,3,3,0,37,37,0,0,50,0,1,1,0,6,2,0,3,3,0,0,280,24,13,13,4.333,0,1,1,4,4,,,0,-,floor1_town
13,12357,2,Normal,36,4,4,4,0,37,44,0,2,50,0,1,2,0,4,3,0,2,3,0,0,280,32,12,12,3,0,1,1,6,2,,,0,-,+1 levelup
13,12357,3,Normal,36,4,4,3,1,44,44,2,2,72,0,2,2,2,5,5,0,0,1,4,0,480,38,13,10,3.333,0,1,1,7,3,,Swords_T1_03=4,0,-,flee×1
13,12357,4,Normal,25,2,2,2,0,44,44,2,2,25,0,2,2,0,0,1,0,3,3,1,0,140,29,5,5,2.5,0,1,1,8,1,,Swords_T1_03=1,0,-,
13,12357,5,Normal,39,5,5,5,0,44,15,2,2,65,0,2,2,0,3,3,0,0,0,5,0,364,24,17,17,3.4,0,1,1,8,4,,Swords_T1_03=5,0,-,
13,12357,6,Normal,40,1,1,1,0,15,44,2,2,15,0,2,2,0,3,1,0,0,2,0,0,84,0,5,5,5,0,1,1,9,3,,,0,-,
13,12357,7,Normal,36,3,3,3,0,44,42,2,3,30,0,2,3,0,0,2,0,3,3,3,0,168,23,9,9,3,0,1,1,10,1,,Swords_T1_03=2|Swords_T1_04=1,0,-,+1 levelup
13,12357,8,Normal,17,3,3,2,0,42,0,3,3,120,0,3,3,0,9,5,0,0,0,5,0,379,58,16,11,5.5,1,0,0,28,2,RH=Crude Sword|LH=Crude Sword|BD=Crude Armour|A1=Crude Bracelet|A2=Crude Bracelet,Swords_T1_03=2|Swords_T1_04=3,0,-,party wiped
14,12358,1,Normal,28,1,1,1,0,37,37,0,0,15,0,1,1,0,3,0,2,3,3,0,0,84,0,4,4,4,0,1,1,2,3,,,0,-,floor1_town
14,12358,2,Normal,38,3,3,3,0,37,27,0,0,30,0,1,1,0,3,0,3,3,3,0,0,168,18,7,7,2.333,0,1,1,3,1,,,0,-,
14,12358,3,Normal,5,1,1,0,0,27,0,0,0,0,0,1,1,2,3,3,3,0,0,0,0,142,37,6,0,0,1,0,0,9,4,RH=Crude Sword|LH=Crude Sword|BD=Crude Armour|A1=Crude Bracelet|A2=Crude Bracelet,,0,-,party wiped
15,12359,1,Normal,25,1,1,1,0,37,37,0,0,20,0,1,1,0,3,1,0,3,3,0,0,112,1,6,6,6,0,1,1,2,4,,,0,-,floor1_town
15,12359,2,Normal,30,5,5,5,0,37,29,0,0,55,0,1,1,0,4,1,2,3,3,0,0,308,24,14,14,2.8,0,1,1,4,1,,,0,-,
15,12359,3,Normal,26,4,4,3,0,29,0,0,3,72,0,1,2,4,7,6,0,0,0,2,0,505,71,19,14,4.667,1,0,0,17,4,RH=Crude Sword|LH=Crude Sword|BD=Crude Armour|A1=Crude Bracelet|A2=Crude Bracelet,Swords_T1_03=2,0,-,party wiped; +1 levelup
16,12360,1,Normal,39,3,3,3,0,37,37,0,0,30,0,1,1,0,3,0,1,3,3,0,0,168,16,8,8,2.667,0,1,1,4,3,,,0,-,floor1_town
16,12360,2,Normal,27,2,2,2,0,37,37,0,0,20,0,1,1,0,2,0,2,1,3,0,0,112,0,5,5,2.5,0,1,1,4,3,,,0,-,
16,12360,3,Normal,5,1,1,0,0,37,0,0,0,0,0,1,1,3,3,3,0,0,0,0,0,63,37,4,0,0,1,0,0,10,4,RH=Crude Sword|LH=Crude Sword|BD=Crude Armour|A1=Crude Bracelet|A2=Crude Bracelet,,0,-,party wiped
17,12361,1,Normal,37,2,2,2,0,37,37,0,0,35,0,1,1,0,5,1,0,3,3,0,0,196,16,9,9,4.5,0,1,1,3,4,,,0,-,floor1_town
17,12361,2,Normal,25,3,3,2,1,37,5,0,0,35,0,1,1,0,4,3,0,0,0,0,0,252,40,13,9,4.5,0,1,1,4,3,,,0,-,flee×1
17,12361,3,Normal,3,1,1,0,0,5,0,0,0,0,0,1,1,0,3,3,0,0,0,0,0,95,37,4,0,0,1,0,0,10,3,RH=Crude Sword|LH=Crude Sword|BD=Crude Armour|A1=Crude Bracelet|A2=Crude Bracelet,,0,-,party wiped
18,12362,1,Normal,35,3,3,3,0,37,37,0,0,25,0,1,1,0,1,0,1,3,3,0,0,140,8,5,5,1.667,0,1,1,4,1,,,0,-,floor1_town
18,12362,2,Normal,39,4,4,4,0,37,37,0,0,45,0,1,1,0,4,3,2,2,3,0,0,252,6,13,13,3.25,0,1,1,5,1,,,0,-,
18,12362,3,Normal,28,2,2,1,0,37,0,0,0,24,0,1,1,2,6,4,0,0,0,0,0,215,37,8,4,4,1,0,0,17,4,RH=Crude Sword|LH=Crude Sword|BD=Crude Armour|A1=Crude Bracelet|A2=Crude Bracelet,,0,-,party wiped
19,12363,1,Normal,33,4,4,4,0,37,37,0,0,40,0,1,1,0,3,3,2,3,3,0,0,224,8,11,11,2.75,0,1,1,5,2,,,0,-,floor1_town
19,12363,2,Normal,34,6,6,6,0,37,37,0,0,55,0,1,1,0,5,0,4,0,3,0,0,308,18,14,14,2.333,0,1,1,7,3,,,0,-,
19,12363,3,Normal,34,3,3,3,0,37,42,0,2,72,0,1,2,1,3,3,5,0,0,2,0,360,1,11,11,3.667,0,1,1,13,2,,Swords_T1_03=2,0,-,+1 levelup
19,12363,4,Normal,32,2,2,2,0,42,37,2,2,30,0,2,2,2,0,0,3,0,0,1,0,168,4,8,8,4,0,1,1,13,2,,Swords_T1_03=1,0,-,
19,12363,5,Normal,30,3,3,3,0,37,36,2,2,35,0,2,2,2,0,0,1,3,3,2,0,196,25,8,8,2.667,0,1,1,14,2,,Swords_T1_03=2,0,-,
19,12363,6,Normal,39,0,0,0,0,36,36,2,2,0,0,2,2,0,0,0,1,3,3,0,0,0,0,0,0,0,0,1,1,14,0,,,0,-,
19,12363,7,Normal,34,4,4,4,0,36,45,2,2,50,0,2,2,0,3,3,1,0,0,4,0,280,-13,11,11,2.75,0,1,1,14,3,,Swords_T1_03=4,0,-,
19,12363,8,Normal,12,1,1,0,0,45,0,2,2,0,0,2,2,1,3,0,0,0,3,1,0,78,44,2,0,0,1,0,0,20,3,RH=Crude Sword|LH=Crude Sword|BD=Crude Armour|A1=Crude Bracelet|A2=Crude Bracelet,Swords_T1_03=1,0,-,party wiped
20,12364,1,Normal,31,1,1,1,0,37,37,0,0,20,0,1,1,0,3,2,1,3,3,0,0,112,0,5,5,5,0,1,1,2,4,,,0,-,floor1_town
20,12364,2,Normal,37,5,5,5,0,37,37,0,0,65,0,1,1,0,4,3,1,0,0,0,0,364,32,17,17,3.4,0,1,1,6,4,,,0,-,
20,12364,3,Normal,10,1,1,0,0,37,0,0,0,0,0,1,1,1,3,3,0,0,0,0,0,176,37,6,0,0,1,0,0,12,3,RH=Crude Sword|LH=Crude Sword|BD=Crude Armour|A1=Crude Bracelet|A2=Crude Bracelet,,0,-,party wiped
21,12365,1,Normal,29,4,4,4,0,37,37,0,0,60,0,1,1,0,7,2,2,3,3,0,0,336,8,17,17,4.25,0,1,1,5,4,,,0,-,floor1_town
21,12365,2,Normal,33,3,3,3,0,37,46,0,2,40,0,1,2,0,4,3,2,2,3,0,0,224,16,11,11,3.667,0,1,1,6,2,,,0,-,+1 levelup
21,12365,3,Normal,12,2,2,1,0,46,0,2,2,36,0,2,2,2,2,3,0,0,0,2,0,285,44,8,6,6,1,0,0,6,4,RH=Crude Sword|LH=Crude Sword|BD=Crude Armour|A1=Crude Bracelet|A2=Crude Bracelet,Swords_T1_03=2,0,-,party wiped
22,12366,1,Normal,27,2,2,2,0,37,37,0,0,25,0,1,1,0,4,0,0,3,3,0,0,140,8,8,8,4,0,1,1,3,2,,,0,-,floor1_town
22,12366,2,Normal,39,3,3,3,0,37,29,0,0,30,0,1,1,0,3,0,2,0,3,0,0,168,8,7,7,2.333,0,1,1,3,2,,,0,-,
22,12366,3,Normal,1,1,1,0,0,29,0,0,0,0,0,1,1,2,3,3,2,0,0,0,0,134,37,4,0,0,1,0,0,9,4,RH=Crude Sword|LH=Crude Sword|BD=Crude Armour|A1=Crude Bracelet|A2=Crude Bracelet,,0,-,party wiped
23,12367,1,Normal,25,2,2,2,0,37,37,0,0,30,0,1,1,0,4,1,2,3,3,0,0,168,0,8,8,4,0,1,1,3,4,,,0,-,floor1_town
23,12367,2,Normal,36,2,2,2,0,37,37,0,0,15,0,1,1,0,0,0,4,3,3,0,0,84,8,3,3,1.5,0,1,1,4,1,,,0,-,
23,12367,3,Normal,30,3,3,3,0,37,45,0,3,96,0,1,2,3,6,6,3,0,0,1,0,480,34,15,15,5,0,1,1,16,2,,Swords_T1_03=1,0,-,+1 levelup
23,12367,4,Normal,38,3,3,3,0,45,28,3,3,25,0,2,2,0,0,0,3,0,0,1,0,140,16,5,5,1.667,0,1,1,16,2,,Swords_T1_03=1,0,-,
23,12367,5,Normal,31,4,4,4,0,28,37,3,3,65,0,2,2,1,5,3,2,0,0,2,0,364,19,18,18,4.5,0,1,1,18,4,,Swords_T1_03=2,0,-,
23,12367,6,Normal,6,2,2,1,0,37,0,3,3,15,0,2,2,2,0,0,0,0,0,2,0,168,35,8,3,3,1,0,0,18,4,RH=Crude Sword|LH=Crude Sword|BD=Crude Armour|A1=Crude Bracelet|A2=Crude Bracelet,Swords_T1_03=2,0,-,party wiped
24,12368,1,Normal,39,4,4,4,0,37,37,0,0,60,0,1,1,0,10,3,0,3,3,0,0,336,8,19,19,4.75,0,1,1,5,4,,,0,-,floor1_town
24,12368,2,Normal,38,2,2,2,0,37,37,0,0,20,0,1,1,0,2,0,2,1,3,0,0,112,0,4,4,2,0,1,1,5,1,,,0,-,
24,12368,3,Normal,8,1,1,0,0,37,0,0,0,0,0,1,1,2,3,3,0,0,0,0,0,116,37,4,0,0,1,0,0,11,4,RH=Crude Sword|LH=Crude Sword|BD=Crude Armour|A1=Crude Bracelet|A2=Crude Bracelet,,0,-,party wiped
25,12369,1,Normal,37,2,2,2,0,37,37,0,0,20,0,1,1,0,0,0,1,3,3,0,0,112,8,4,4,2,0,1,1,3,1,,,0,-,floor1_town
25,12369,2,Normal,27,2,2,2,0,37,29,0,0,25,0,1,1,0,3,3,3,0,0,0,0,140,18,8,8,4,0,1,1,4,4,,,0,-,
25,12369,3,Normal,24,2,2,1,0,29,0,0,0,12,0,1,1,0,4,3,3,0,0,0,0,130,37,4,2,2,1,0,0,16,4,RH=Crude Sword|LH=Crude Sword|BD=Crude Armour|A1=Crude Bracelet|A2=Crude Bracelet,,0,-,party wiped
26,12370,1,Normal,35,5,5,5,0,37,37,0,0,40,0,1,1,0,4,0,0,3,3,0,0,224,0,10,10,2,0,1,1,6,1,,,0,-,floor1_town
26,12370,2,Normal,31,4,4,4,0,37,46,0,3,65,0,1,2,0,9,6,0,0,2,0,0,364,24,21,21,5.25,0,1,1,9,3,,,0,-,+1 levelup
26,12370,3,Normal,18,1,1,0,0,46,0,3,3,0,0,2,2,0,0,2,0,0,0,0,0,60,46,2,0,0,1,0,0,9,4,RH=Crude Sword|LH=Crude Sword|BD=Crude Armour|A1=Crude Bracelet|A2=Crude Bracelet,,0,-,party wiped
27,12371,1,Normal,33,1,1,1,0,37,37,0,0,10,0,1,1,0,0,0,1,3,3,0,0,56,8,2,2,2,0,1,1,2,2,,,0,-,floor1_town
27,12371,2,Normal,36,4,4,4,0,37,37,0,0,50,0,1,1,0,3,0,1,1,3,0,0,280,8,13,13,3.25,0,1,1,3,2,,,0,-,
27,12371,3,Normal,35,2,2,2,0,37,37,0,0,36,0,1,1,0,4,2,2,0,1,0,0,180,0,6,6,3,0,1,1,15,2,,,0,-,
27,12371,4,Normal,31,2,2,2,0,37,33,0,2,25,0,1,2,1,0,1,1,0,0,0,0,140,13,8,8,4,0,1,1,15,2,,,0,-,+1 levelup
27,12371,5,Normal,22,5,5,4,0,33,0,2,2,55,0,2,2,1,3,3,0,0,0,2,0,414,52,22,14,3.5,1,0,0,16,4,RH=Crude Sword|LH=Crude Sword|BD=Crude Armour|A1=Crude Bracelet|A2=Crude Bracelet,Swords_T1_03=2,0,-,party wiped
28,12372,1,Normal,31,3,3,3,0,37,37,0,0,40,0,1,1,0,5,0,2,3,3,0,0,224,16,11,11,3.667,0,1,1,4,3,,,0,-,floor1_town
28,12372,2,Normal,38,2,2,2,0,37,37,0,0,25,0,1,1,0,1,0,3,2,3,0,0,140,8,6,6,3,0,1,1,5,3,,,0,-,
28,12372,3,Normal,29,3,3,2,0,37,0,0,3,48,0,1,2,5,4,3,0,0,0,1,0,405,43,12,8,4,1,0,0,17,4,RH=Crude Sword|LH=Crude Sword|BD=Crude Armour|A1=Crude Bracelet|A2=Crude Bracelet,Swords_T1_03=1,0,-,party wiped; +1 levelup
29,12373,1,Normal,29,2,2,2,0,37,37,0,0,15,0,1,1,0,0,0,1,3,3,0,0,84,14,4,4,2,0,1,1,3,2,,,0,-,floor1_town
29,12373,2,Normal,32,3,3,3,0,37,29,0,0,50,0,1,1,0,6,5,1,0,1,0,0,280,29,14,14,4.667,0,1,1,4,3,,,0,-,
29,12373,3,Normal,26,2,2,1,0,29,0,0,0,24,0,1,1,1,6,4,0,0,0,0,0,240,37,8,4,4,1,0,0,16,4,RH=Crude Sword|LH=Crude Sword|BD=Crude Armour|A1=Crude Bracelet|A2=Crude Bracelet,,0,-,party wiped
30,12374,1,Normal,27,3,3,3,0,37,37,0,0,20,0,1,1,0,0,0,2,3,3,0,0,112,8,5,5,1.667,0,1,1,4,2,,,0,-,floor1_town
30,12374,2,Normal,39,4,4,4,0,37,24,0,0,50,0,1,1,2,3,3,2,0,0,0,0,280,13,15,15,3.75,0,1,1,4,3,,,0,-,
30,12374,3,Normal,38,3,3,2,1,24,45,0,2,48,0,1,2,2,7,6,0,0,0,0,0,360,42,12,8,4,0,1,1,22,3,,,0,-,+1 levelup; flee×1
30,12374,4,Normal,26,4,4,3,1,45,29,2,2,50,0,2,2,0,3,3,0,0,0,2,0,308,48,15,12,4,0,1,1,23,4,,Swords_T1_03=2,0,-,flee×1
30,12374,5,Normal,25,2,2,2,0,29,32,2,2,25,0,2,2,0,3,1,0,0,2,1,0,140,12,7,7,3.5,0,1,1,24,4,,Swords_T1_03=1,0,-,
30,12374,6,Normal,28,3,3,3,0,32,28,2,2,45,0,2,2,0,3,3,0,0,0,3,0,252,14,11,11,3.667,0,1,1,25,2,,Swords_T1_03=3,0,-,
30,12374,7,Normal,40,4,4,3,1,28,45,2,2,55,0,2,2,0,6,3,0,0,3,4,0,336,45,16,15,5,0,1,1,27,4,,Swords_T1_03=4,0,-,flee×1
30,12374,8,Normal,3,1,1,0,0,45,0,2,2,0,0,2,2,0,2,0,0,1,3,1,0,75,44,2,0,0,1,0,0,33,3,RH=Crude Sword|LH=Crude Sword|BD=Crude Armour|A1=Crude Bracelet|A2=Crude Bracelet,Swords_T1_03=1,0,-,party wiped
31,12375,1,Normal,25,1,1,1,0,37,37,0,0,15,0,1,1,0,1,0,1,3,3,0,0,84,8,3,3,3,0,1,1,2,3,,,0,-,floor1_town
31,12375,2,Normal,27,3,3,3,0,37,29,0,0,20,0,1,1,0,0,0,2,3,3,0,0,112,8,4,4,1.333,0,1,1,2,2,,,0,-,
31,12375,3,Normal,7,1,1,0,0,29,0,0,0,0,0,1,1,2,3,3,2,0,0,0,0,138,37,4,0,0,1,0,0,8,4,RH=Crude Sword|LH=Crude Sword|BD=Crude Armour|A1=Crude Bracelet|A2=Crude Bracelet,,0,-,party wiped
32,12376,1,Normal,39,4,4,4,0,37,37,0,0,65,0,1,1,0,8,0,2,3,3,0,0,364,30,21,21,5.25,0,1,1,5,3,,,0,-,floor1_town
32,12376,2,Normal,30,3,3,3,0,37,37,0,0,20,0,1,1,0,1,0,4,2,3,0,0,112,10,5,5,1.667,0,1,1,6,2,,,0,-,
32,12376,3,Normal,9,1,1,0,0,37,0,0,0,0,0,1,1,1,3,3,4,0,0,0,0,108,37,3,0,0,1,0,0,12,4,RH=Crude Sword|LH=Crude Sword|BD=Crude Armour|A1=Crude Bracelet|A2=Crude Bracelet,,0,-,party wiped
33,12377,1,Normal,37,4,4,4,0,37,37,0,0,50,0,1,1,0,6,0,0,3,3,0,0,280,0,13,13,3.25,0,1,1,5,4,,,0,-,floor1_town
33,12377,2,Normal,39,5,5,5,0,37,44,0,2,65,0,1,2,0,6,3,0,0,3,0,0,364,32,18,18,3.6,0,1,1,6,1,,,0,-,+1 levelup
33,12377,3,Normal,12,2,2,0,1,44,0,2,2,0,0,2,2,2,3,6,0,0,0,2,0,217,80,7,0,0,1,0,0,7,4,RH=Crude Sword|LH=Crude Sword|BD=Crude Armour|A1=Crude Bracelet|A2=Crude Bracelet,Swords_T1_03=2,0,-,party wiped; flee×1
34,12378,1,Normal,35,2,2,2,0,37,37,0,0,15,0,1,1,0,0,0,2,3,3,0,0,84,8,3,3,1.5,0,1,1,3,1,,,0,-,floor1_town
34,12378,2,Normal,28,3,3,3,0,37,37,0,0,55,0,1,1,0,5,2,3,0,1,0,0,308,8,12,12,4,0,1,1,4,4,,,0,-,
34,12378,3,Normal,27,3,3,3,0,37,32,0,1,72,0,1,2,2,3,3,3,0,0,1,0,360,13,12,12,4,0,1,1,10,1,,Swords_T1_03=1,0,-,+1 levelup
34,12378,4,Normal,36,4,4,4,0,32,36,1,1,40,0,2,2,0,2,0,3,1,3,4,0,224,6,9,9,2.25,0,1,1,11,2,,Swords_T1_03=4,0,-,
34,12378,5,Normal,28,4,4,4,0,36,44,1,1,40,0,2,2,0,1,1,3,0,2,4,0,224,-12,9,9,2.25,0,1,1,11,1,,Swords_T1_03=4,0,-,
34,12378,6,Normal,38,3,3,3,0,44,38,1,1,35,0,2,2,1,0,2,2,0,0,2,0,196,4,8,8,2.667,0,1,1,11,4,,Swords_T1_03=2,0,-,
34,12378,7,Normal,33,6,6,6,0,38,38,1,4,90,0,2,3,0,4,3,2,2,3,3,0,504,44,23,23,3.833,0,1,1,13,4,,Swords_T1_03=3,0,-,+1 levelup
34,12378,8,Normal,10,1,1,0,0,38,0,4,4,0,0,3,3,2,3,3,0,0,0,1,0,93,54,5,0,0,1,0,0,19,2,RH=Crude Sword|LH=Crude Sword|BD=Crude Armour|A1=Crude Bracelet|A2=Crude Bracelet,Swords_T1_04=1,0,-,party wiped
35,12379,1,Normal,33,3,3,3,0,37,37,0,0,45,0,1,1,0,5,0,0,3,3,0,0,252,6,12,12,4,0,1,1,4,4,,,0,-,floor1_town
35,12379,2,Normal,26,4,4,3,0,37,0,0,0,40,0,1,1,1,3,3,0,0,0,0,0,280,37,15,13,4.333,1,0,0,4,4,RH=Crude Sword|LH=Crude Sword|BD=Crude Armour|A1=Crude Bracelet|A2=Crude Bracelet,,0,-,party wiped
36,12380,1,Normal,31,3,3,3,0,37,37,0,0,50,0,1,1,0,6,3,1,3,3,0,0,280,16,14,14,4.667,0,1,1,4,4,,,0,-,floor1_town
36,12380,2,Normal,35,4,4,4,0,37,44,0,1,55,0,1,2,0,5,0,2,1,3,0,0,308,24,13,13,3.25,0,1,1,6,2,,,0,-,+1 levelup
36,12380,3,Normal,30,2,2,2,0,44,43,1,1,36,0,2,2,0,1,2,4,0,1,1,0,180,0,5,5,2.5,0,1,1,6,1,,Swords_T1_03=1,0,-,
36,12380,4,Normal,27,4,4,4,0,43,36,1,1,65,0,2,2,3,2,1,1,1,3,4,0,364,17,16,16,4,0,1,1,7,4,,Swords_T1_03=4,0,-,
36,12380,5,Normal,31,5,5,5,0,36,44,1,1,50,0,2,2,1,1,3,0,0,0,4,0,280,2,11,11,2.2,0,1,1,7,4,,Swords_T1_03=4,0,-,
36,12380,6,Normal,38,5,5,5,0,44,53,1,2,45,0,2,3,0,2,0,0,1,3,2,0,252,15,11,11,2.2,0,1,1,8,1,,Swords_T1_03=2,0,-,+1 levelup
36,12380,7,Normal,26,2,2,2,0,53,53,2,2,30,0,3,3,0,1,3,0,0,0,3,0,168,-2,8,8,4,0,1,1,8,3,,Swords_T1_03=1|Swords_T1_04=2,0,-,
36,12380,8,Normal,37,1,1,1,0,53,53,2,2,60,0,3,3,0,3,2,0,0,1,2,0,150,-4,4,4,4,0,1,1,14,1,,Swords_T1_03=2,0,-,
36,12380,9,Normal,29,5,5,4,1,53,53,2,2,45,0,3,3,0,3,1,0,0,3,3,0,336,38,15,10,2.5,0,1,1,15,3,,Swords_T1_03=2|Swords_T1_04=1,0,-,flee×1
36,12380,9,Normal,29,4,4,3,1,53,14,2,2,25,0,3,3,0,0,3,0,0,0,2,0,196,37,10,6,2,0,1,1,15,3,,Swords_T1_03=1|Swords_T1_04=1,0,-,ai_farm; flee×1
36,12380,9,Normal,40,1,1,1,0,14,53,2,2,10,0,3,3,0,0,0,0,3,3,0,0,56,0,2,2,2,0,1,1,16,2,,,0,-,ai_farm
36,12380,9,Normal,40,4,4,4,0,53,47,2,2,35,0,3,3,0,2,0,0,1,3,1,0,196,4,8,8,2,0,1,1,16,1,,Swords_T1_03=1,0,-,ai_farm
36,12380,9,Normal,33,3,3,2,0,47,0,2,2,20,0,3,3,0,1,3,0,0,0,5,0,142,45,9,6,3,1,0,0,16,4,RH=Crude Sword|LH=Crude Sword|BD=Crude Armour|A1=Crude Bracelet|A2=Crude Bracelet,Swords_T1_03=1|Swords_T1_04=4,0,-,ai_farm; party wiped
37,12381,1,Normal,29,4,4,4,0,37,37,0,0,45,0,1,1,0,3,3,0,3,3,0,0,252,8,11,11,2.75,0,1,1,5,4,,,0,-,floor1_town
37,12381,2,Normal,17,4,4,3,0,37,0,0,0,30,0,1,1,2,3,3,0,0,0,0,0,249,37,13,8,2.667,1,0,0,5,4,RH=Crude Sword|LH=Crude Sword|BD=Crude Armour|A1=Crude Bracelet|A2=Crude Bracelet,,0,-,party wiped
38,12382,1,Normal,27,4,4,4,0,37,37,0,0,50,0,1,1,0,5,0,1,3,3,0,0,280,24,12,12,3,0,1,1,5,3,,,0,-,floor1_town
38,12382,2,Normal,31,4,4,4,0,37,44,0,1,55,0,1,2,0,8,1,2,0,3,0,0,308,22,15,15,3.75,0,1,1,7,3,,,0,-,+1 levelup
38,12382,3,Normal,40,4,4,4,0,44,42,1,1,72,0,2,2,1,2,3,3,1,3,3,0,360,20,11,11,2.75,0,1,1,8,1,,Swords_T1_03=3,0,-,
38,12382,4,Normal,29,2,2,2,0,42,36,1,1,30,0,2,2,0,2,0,3,2,3,0,0,168,19,7,7,3.5,0,1,1,9,3,,,0,-,
38,12382,5,Normal,30,5,5,5,0,36,44,1,1,80,0,2,2,1,5,4,2,0,2,3,0,448,2,20,20,4,0,1,1,10,4,,Swords_T1_03=3,0,-,
38,12382,6,Normal,33,3,3,3,0,44,12,1,3,45,0,2,3,2,0,2,0,0,0,4,0,252,35,12,12,4,0,1,1,10,3,,Swords_T1_03=3|Swords_T1_04=1,0,-,+1 levelup
38,12382,7,Normal,36,3,3,3,0,12,38,3,3,40,0,3,3,0,3,1,0,0,2,1,0,224,12,11,11,3.667,0,1,1,11,2,,Swords_T1_03=1,0,-,
38,12382,8,Normal,15,2,2,1,0,38,0,3,3,60,0,3,3,0,5,3,0,0,0,4,0,174,56,5,3,3,1,0,0,23,4,RH=Crude Sword|LH=Crude Sword|BD=Crude Armour|A1=Crude Bracelet|A2=Crude Bracelet,Swords_T1_03=3|Swords_T1_04=1,0,-,party wiped
39,12383,1,Normal,25,5,5,5,0,37,37,0,0,75,0,1,1,0,10,2,2,3,3,0,0,420,0,22,22,4.4,0,1,1,6,3,,,0,-,floor1_town
39,12383,2,Normal,38,6,6,6,0,37,46,0,2,60,0,1,2,0,3,0,3,0,3,0,0,336,16,13,13,2.167,0,1,1,7,3,,,0,-,+1 levelup
39,12383,3,Normal,21,2,2,1,0,46,0,2,2,12,0,2,2,3,3,4,0,0,0,1,0,258,57,11,4,4,1,0,0,8,4,RH=Crude Sword|LH=Crude Sword|BD=Crude Armour|A1=Crude Bracelet|A2=Crude Bracelet,Swords_T1_03=1,0,-,party wiped
40,12384,1,Normal,39,6,6,6,0,37,37,0,0,70,0,1,1,0,8,2,1,3,3,0,0,392,0,17,17,2.833,0,1,1,7,2,,,0,-,floor1_town
40,12384,2,Normal,26,2,2,2,0,37,37,0,0,20,0,1,1,0,2,0,3,1,3,0,0,112,0,5,5,2.5,0,1,1,7,3,,,0,-,
40,12384,3,Normal,27,3,3,2,0,37,0,0,3,60,0,1,2,3,3,3,0,0,0,1,0,360,55,14,12,6,1,0,0,13,3,RH=Crude Sword|LH=Crude Sword|BD=Crude Armour|A1=Crude Bracelet|A2=Crude Bracelet,Swords_T1_03=1,0,-,party wiped; +1 levelup
41,12385,1,Normal,37,2,2,2,0,37,37,0,0,15,0,1,1,0,0,0,2,3,3,0,0,84,8,3,3,1.5,0,1,1,3,1,,,0,-,floor1_town
41,12385,2,Normal,31,4,4,4,0,37,37,0,0,50,0,1,1,0,5,3,2,1,3,0,0,280,13,15,15,3.75,0,1,1,4,3,,,0,-,
41,12385,3,Normal,10,2,2,1,0,37,0,0,1,36,0,1,2,4,3,3,0,0,0,1,0,363,46,10,6,6,1,0,0,10,4,RH=Crude Sword|LH=Crude Sword|BD=Crude Armour|A1=Crude Bracelet|A2=Crude Bracelet,Swords_T1_03=1,0,-,party wiped; +1 levelup
42,12386,1,Normal,35,3,3,3,0,37,37,0,0,45,0,1,1,0,5,2,0,3,3,0,0,252,16,12,12,4,0,1,1,4,2,,,0,-,floor1_town
42,12386,2,Normal,26,3,3,3,0,37,37,0,0,40,0,1,1,0,4,0,2,0,3,0,0,224,10,10,10,3.333,0,1,1,5,3,,,0,-,
42,12386,3,Normal,24,2,2,0,1,37,0,0,0,0,0,1,1,3,6,6,0,0,0,0,0,215,72,9,0,0,1,0,0,17,4,RH=Crude Sword|LH=Crude Sword|BD=Crude Armour|A1=Crude Bracelet|A2=Crude Bracelet,,0,-,party wiped; flee×1
43,12387,1,Normal,33,1,1,1,0,37,37,0,0,5,0,1,1,0,0,0,2,3,3,0,0,28,0,1,1,1,0,1,1,2,1,,,0,-,floor1_town
43,12387,2,Normal,32,4,4,4,0,37,29,0,0,40,0,1,1,0,2,0,2,3,3,0,0,224,16,9,9,2.25,0,1,1,3,2,,,0,-,
43,12387,3,Normal,34,4,4,4,0,29,46,0,3,84,0,1,2,2,8,4,1,0,0,0,0,420,0,16,16,4,0,1,1,21,2,,,0,-,+1 levelup
43,12387,4,Normal,27,3,3,3,0,46,2,3,3,40,0,2,2,1,0,0,0,0,0,3,0,224,41,12,12,4,0,1,1,21,3,,Swords_T1_03=3,0,-,
43,12387,5,Normal,28,2,2,2,0,2,46,3,3,20,0,2,2,0,1,0,0,2,3,1,0,112,-1,4,4,2,0,1,1,22,3,,Swords_T1_03=1,0,-,
43,12387,6,Normal,37,3,3,3,0,46,46,3,3,50,0,2,2,0,3,3,0,2,3,2,0,280,36,18,18,6,0,1,1,23,2,,Swords_T1_03=2,0,-,
43,12387,7,Normal,34,3,3,2,1,46,13,3,3,25,0,2,2,0,2,3,0,0,0,1,0,168,32,11,8,4,0,1,1,23,2,,Swords_T1_03=1,0,-,flee×1
43,12387,8,Normal,9,1,1,0,0,13,0,3,3,0,0,2,2,0,0,0,0,3,3,0,0,41,46,1,0,0,1,0,0,29,4,RH=Crude Sword|LH=Crude Sword|BD=Crude Armour|A1=Crude Bracelet|A2=Crude Bracelet,,0,-,party wiped
44,12388,1,Normal,31,2,2,2,0,37,37,0,0,25,0,1,1,0,3,3,0,3,3,0,0,140,0,7,7,3.5,0,1,1,3,1,,,0,-,floor1_town
44,12388,2,Normal,34,4,4,4,0,37,31,0,0,40,0,1,1,0,3,0,0,1,3,0,0,224,14,11,11,2.75,0,1,1,4,3,,,0,-,
44,12388,3,Normal,21,1,1,0,0,31,0,0,0,0,0,1,1,1,3,3,0,0,0,0,0,91,37,3,0,0,1,0,0,10,4,RH=Crude Sword|LH=Crude Sword|BD=Crude Armour|A1=Crude Bracelet|A2=Crude Bracelet,,0,-,party wiped
45,12389,1,Normal,29,2,2,2,0,37,37,0,0,40,0,1,1,0,6,2,1,3,3,0,0,224,16,11,11,5.5,0,1,1,3,4,,,0,-,floor1_town
45,12389,2,Normal,29,5,5,5,0,37,45,0,3,60,0,1,2,0,4,2,3,2,3,0,0,336,16,14,14,2.8,0,1,1,5,3,,,0,-,+1 levelup
45,12389,3,Normal,24,4,4,3,0,45,0,3,3,72,0,2,2,4,5,6,0,0,0,2,0,532,57,16,12,4,1,0,0,6,4,RH=Crude Sword|LH=Crude Sword|BD=Crude Armour|A1=Crude Bracelet|A2=Crude Bracelet,Swords_T1_03=2,0,-,party wiped
46,12390,1,Normal,27,3,3,3,0,37,37,0,0,35,0,1,1,0,4,0,0,3,3,0,0,196,16,9,9,3,0,1,1,4,3,,,0,-,floor1_town
46,12390,2,Normal,28,5,5,5,0,37,38,0,2,95,0,1,2,0,9,9,0,0,0,1,0,532,49,26,26,5.2,0,1,1,6,4,,Swords_T1_03=1,0,-,+1 levelup
46,12390,3,Normal,25,2,2,1,1,38,4,2,2,48,0,2,2,2,6,6,0,0,0,1,0,324,73,10,7,7,0,1,1,8,4,,Swords_T1_03=1,0,-,flee×1
46,12390,4,Normal,32,2,2,2,0,4,46,2,2,20,0,2,2,0,1,0,0,2,3,0,0,112,0,4,4,2,0,1,1,9,2,,,0,-,
46,12390,5,Normal,26,2,2,1,1,46,12,2,2,20,0,2,2,0,2,3,0,0,0,1,0,168,33,10,7,7,0,1,1,9,4,,Swords_T1_03=1,0,-,flee×1
46,12390,6,Normal,37,3,3,3,0,12,46,2,2,45,0,2,2,0,5,3,0,1,3,2,0,252,14,14,14,4.667,0,1,1,11,3,,Swords_T1_03=2,0,-,
46,12390,7,Normal,26,3,3,3,0,46,53,2,4,40,0,2,3,0,1,3,0,0,0,2,0,224,15,10,10,3.333,0,1,1,11,2,,Swords_T1_03=2,0,-,+1 levelup
46,12390,8,Normal,5,1,1,0,0,53,0,4,4,0,0,3,3,0,2,0,0,1,3,2,0,77,51,2,0,0,1,0,0,17,2,RH=Crude Sword|LH=Crude Sword|BD=Crude Armour|A1=Crude Bracelet|A2=Crude Bracelet,Swords_T1_03=1|Swords_T1_04=1,0,-,party wiped
47,12391,1,Normal,25,0,0,0,0,37,37,0,0,0,0,1,1,0,0,0,1,3,3,0,0,0,0,0,0,0,0,1,1,1,0,,,0,-,floor1_town
47,12391,2,Normal,27,3,3,3,0,37,29,0,0,40,0,1,1,0,3,3,2,0,0,0,0,224,16,11,11,3.667,0,1,1,2,2,,,0,-,
47,12391,3,Normal,20,3,3,2,0,29,0,0,2,60,0,1,2,3,6,4,0,0,0,1,0,431,43,13,10,5,1,0,0,14,4,RH=Crude Sword|LH=Crude Sword|BD=Crude Armour|A1=Crude Bracelet|A2=Crude Bracelet,Swords_T1_03=1,0,-,party wiped; +1 levelup
48,12392,1,Normal,39,4,4,4,0,37,37,0,0,55,0,1,1,0,5,0,0,3,3,0,0,308,24,14,14,3.5,0,1,1,5,3,,,0,-,floor1_town
48,12392,2,Normal,30,3,3,3,0,37,37,0,0,25,0,1,1,0,1,0,2,3,3,0,0,140,8,6,6,2,0,1,1,6,1,,,0,-,
48,12392,3,Normal,17,3,3,2,0,37,0,0,2,48,0,1,2,3,4,3,0,0,0,0,0,320,60,10,8,4,1,0,0,18,4,RH=Crude Sword|LH=Crude Sword|BD=Crude Armour|A1=Crude Bracelet|A2=Crude Bracelet,,0,-,party wiped; +1 levelup
49,12393,1,Normal,37,0,0,0,0,37,37,0,0,0,0,1,1,0,0,0,1,3,3,0,0,0,0,0,0,0,0,1,1,1,0,,,0,-,floor1_town
49,12393,2,Normal,31,3,3,3,0,37,37,0,0,35,0,1,1,0,3,3,3,0,0,0,0,196,8,9,9,3,0,1,1,2,4,,,0,-,
49,12393,3,Normal,31,4,4,3,0,37,0,0,2,72,0,1,2,4,9,5,0,0,0,1,0,480,45,16,12,4,1,0,0,20,4,RH=Crude Sword|LH=Crude Sword|BD=Crude Armour|A1=Crude Bracelet|A2=Crude Bracelet,Swords_T1_03=1,0,-,party wiped; +1 levelup
50,12394,1,Normal,35,2,2,2,0,37,37,0,0,40,0,1,1,0,6,2,2,3,3,0,0,224,8,12,12,6,0,1,1,3,4,,,0,-,floor1_town
50,12394,2,Normal,39,6,6,6,0,37,45,0,3,75,0,1,2,0,5,0,2,0,3,0,0,420,16,18,18,3,0,1,1,4,3,,,0,-,+1 levelup
50,12394,3,Normal,27,3,3,3,0,45,36,3,3,60,0,2,2,2,0,3,1,0,0,2,0,300,7,10,10,3.333,0,1,1,4,2,,Swords_T1_03=2,0,-,
50,12394,4,Normal,31,3,3,3,0,36,37,3,3,55,0,2,2,1,3,1,0,0,2,1,0,308,19,11,11,3.667,0,1,1,5,4,,Swords_T1_03=1,0,-,
50,12394,5,Normal,25,2,2,2,0,37,36,3,3,30,0,2,2,0,0,2,0,3,3,2,0,168,28,7,7,3.5,0,1,1,6,2,,Swords_T1_03=2,0,-,
50,12394,6,Normal,26,3,3,3,0,36,37,3,3,35,0,2,2,0,2,0,0,1,3,2,0,196,-3,7,7,2.333,0,1,1,6,3,,Swords_T1_03=2,0,-,
50,12394,7,Normal,25,2,2,2,0,37,39,3,5,20,0,2,3,0,1,0,0,0,3,0,0,112,13,5,5,2.5,0,1,1,6,3,,,0,-,+1 levelup
50,12394,8,Normal,16,1,1,0,0,39,0,5,5,0,0,3,3,0,3,0,0,0,3,2,0,34,50,2,0,0,1,0,0,12,3,RH=Crude Sword|LH=Crude Sword|BD=Crude Armour|A1=Crude Bracelet|A2=Crude Bracelet,Swords_T1_03=1|Swords_T1_04=1,0,-,party wiped
51,12395,1,Normal,33,3,3,3,0,37,37,0,0,35,0,1,1,1,3,3,0,3,3,0,0,196,21,10,10,3.333,0,1,1,4,4,,,0,-,floor1_town
51,12395,2,Normal,25,3,3,3,0,37,31,0,0,20,0,1,1,0,0,0,1,3,3,0,0,112,14,5,5,1.667,0,1,1,5,1,,,0,-,
51,12395,3,Normal,23,1,1,0,0,31,0,0,0,0,0,1,1,2,3,3,0,0,0,0,0,180,37,6,0,0,1,0,0,11,4,RH=Crude Sword|LH=Crude Sword|BD=Crude Armour|A1=Crude Bracelet|A2=Crude Bracelet,,0,-,party wiped
52,12396,1,Normal,31,3,3,3,0,37,37,0,0,35,0,1,1,0,4,3,2,3,3,0,0,196,8,9,9,3,0,1,1,4,2,,,0,-,floor1_town
52,12396,2,Normal,30,3,3,3,0,37,37,0,0,50,0,1,1,0,6,3,2,0,1,0,0,280,8,14,14,4.667,0,1,1,5,4,,,0,-,
52,12396,3,Normal,26,2,2,2,0,37,26,0,2,48,0,1,2,0,3,3,2,0,0,1,0,240,18,8,8,4,0,1,1,11,2,,Swords_T1_03=1,0,-,+1 levelup
52,12396,4,Normal,34,2,2,2,0,26,45,2,2,20,0,2,2,0,2,0,2,1,3,1,0,112,-1,6,6,3,0,1,1,12,1,,Swords_T1_03=1,0,-,
52,12396,5,Normal,28,3,3,3,0,45,33,2,2,35,0,2,2,0,1,3,2,0,0,1,0,196,11,9,9,3,0,1,1,12,2,,Swords_T1_03=1,0,-,
52,12396,6,Normal,25,3,3,3,0,33,45,2,2,40,0,2,2,0,2,0,2,1,3,3,0,224,5,10,10,3.333,0,1,1,13,3,,Swords_T1_03=3,0,-,
52,12396,7,Normal,36,4,4,4,0,45,37,2,2,45,0,2,2,0,1,2,2,3,3,2,0,252,19,10,10,2.5,0,1,1,14,1,,Swords_T1_03=2,0,-,
52,12396,8,Normal,2,1,1,0,0,37,0,2,2,0,0,2,2,0,0,0,2,3,3,0,0,41,45,1,0,0,1,0,0,20,1,RH=Crude Sword|LH=Crude Sword|BD=Crude Armour|A1=Crude Bracelet|A2=Crude Bracelet,,0,-,party wiped
53,12397,1,Normal,29,4,4,4,0,37,37,0,0,65,0,1,1,0,8,2,0,3,3,0,0,364,16,16,16,4,0,1,1,5,2,,,0,-,floor1_town
53,12397,2,Normal,36,3,3,3,0,37,38,0,2,50,0,1,2,0,3,3,1,0,0,0,0,280,8,13,13,4.333,0,1,1,5,3,,,0,-,+1 levelup
53,12397,3,Normal,21,2,2,1,0,38,0,2,2,12,0,2,2,1,3,3,0,0,0,0,0,180,46,6,2,2,1,0,0,6,4,RH=Crude Sword|LH=Crude Sword|BD=Crude Armour|A1=Crude Bracelet|A2=Crude Bracelet,,0,-,party wiped
54,12398,1,Normal,27,2,2,2,0,37,37,0,0,30,0,1,1,0,3,1,2,3,3,0,0,168,16,8,8,4,0,1,1,3,4,,,0,-,floor1_town
54,12398,2,Normal,29,3,3,3,0,37,37,0,0,45,0,1,1,0,3,1,4,0,2,0,0,252,0,11,11,3.667,0,1,1,3,3,,,0,-,
54,12398,3,Normal,1,1,1,0,0,37,0,0,0,0,0,1,1,0,3,3,6,0,0,0,0,120,37,5,0,0,1,0,0,9,3,RH=Crude Sword|LH=Crude Sword|BD=Crude Armour|A1=Crude Bracelet|A2=Crude Bracelet,,0,-,party wiped
55,12399,1,Normal,25,4,4,4,0,37,37,0,0,70,0,1,1,0,10,3,0,3,3,0,0,392,24,19,19,4.75,0,1,1,5,3,,,0,-,floor1_town
55,12399,2,Normal,39,1,1,1,0,37,37,0,0,20,0,1,1,0,3,2,0,0,1,0,0,112,0,6,6,6,0,1,1,5,4,,,0,-,
55,12399,3,Normal,17,2,2,0,1,37,0,0,0,0,0,1,1,1,6,6,0,0,0,0,0,228,68,7,0,0,1,0,0,17,4,RH=Crude Sword|LH=Crude Sword|BD=Crude Armour|A1=Crude Bracelet|A2=Crude Bracelet,,0,-,party wiped; flee×1
56,12400,1,Normal,39,5,5,5,0,37,37,0,0,40,0,1,1,0,3,0,1,3,3,0,0,224,24,11,11,2.2,0,1,1,6,1,,,0,-,floor1_town
56,12400,2,Normal,37,4,4,4,0,37,37,0,0,30,0,1,1,0,1,0,2,3,3,0,0,168,10,7,7,1.75,0,1,1,7,1,,,0,-,
56,12400,3,Normal,12,1,1,0,0,37,0,0,0,0,0,1,1,1,3,3,2,0,0,0,0,95,37,3,0,0,1,0,0,13,4,RH=Crude Sword|LH=Crude Sword|BD=Crude Armour|A1=Crude Bracelet|A2=Crude Bracelet,,0,-,party wiped
57,12401,1,Normal,37,5,5,5,0,37,37,0,0,45,0,1,1,0,2,0,0,3,3,0,0,252,16,10,10,2,0,1,1,6,1,,,0,-,floor1_town
57,12401,2,Normal,34,3,3,3,0,37,37,0,0,30,0,1,1,0,3,0,1,0,3,0,0,168,8,8,8,2.667,0,1,1,7,3,,,0,-,
57,12401,3,Normal,8,2,2,1,0,37,0,0,2,36,0,1,2,3,3,3,0,0,0,1,0,240,61,8,7,7,1,0,0,13,4,RH=Crude Sword|LH=Crude Sword|BD=Crude Armour|A1=Crude Bracelet|A2=Crude Bracelet,Swords_T1_03=1,0,-,party wiped; +1 levelup
58,12402,1,Normal,35,2,2,2,0,37,37,0,0,25,0,1,1,0,3,3,1,3,3,0,0,140,0,8,8,4,0,1,1,3,4,,,0,-,floor1_town
58,12402,2,Normal,36,3,3,3,0,37,37,0,0,45,0,1,1,0,6,3,2,0,3,0,0,252,13,10,10,3.333,0,1,1,4,3,,,0,-,
58,12402,3,Normal,32,5,5,2,2,37,0,0,2,48,0,1,2,4,9,9,0,0,0,4,0,600,118,20,9,4.5,1,0,0,12,4,RH=Crude Sword|LH=Crude Sword|BD=Crude Armour|A1=Crude Bracelet|A2=Crude Bracelet,Swords_T1_03=4,0,-,party wiped; +1 levelup; flee×2
59,12403,1,Normal,33,4,4,4,0,37,37,0,0,55,0,1,1,0,6,2,2,3,3,0,0,308,22,14,14,3.5,0,1,1,5,4,,,0,-,floor1_town
59,12403,2,Normal,34,2,2,2,0,37,27,0,0,40,0,1,1,0,6,2,3,0,1,0,0,224,20,14,14,7,0,1,1,6,4,,,0,-,
59,12403,3,Normal,38,4,4,4,0,27,29,0,2,120,0,1,2,4,6,6,1,0,0,3,0,600,38,22,22,5.5,0,1,1,13,3,,Swords_T1_03=3,0,-,+1 levelup
59,12403,4,Normal,31,2,2,2,0,29,45,2,2,35,0,2,2,0,3,1,1,0,2,0,0,196,0,9,9,4.5,0,1,1,14,3,,,0,-,
59,12403,5,Normal,32,4,4,4,0,45,54,2,4,50,0,2,3,0,3,1,1,0,2,2,0,280,20,13,13,3.25,0,1,1,15,2,,Swords_T1_03=2,0,-,+1 levelup
59,12403,6,Normal,35,1,1,1,0,54,46,4,4,15,0,3,3,0,0,1,1,0,1,1,0,84,8,4,4,4,0,1,1,15,3,,Swords_T1_04=1,0,-,
59,12403,7,Normal,7,2,2,1,0,46,0,4,4,15,0,3,3,1,0,1,0,0,0,3,0,86,44,5,3,3,1,0,0,15,4,RH=Crude Sword|LH=Crude Sword|BD=Crude Armour|A1=Crude Bracelet|A2=Crude Bracelet,Swords_T1_03=1|Swords_T1_04=2,0,-,party wiped
60,12404,1,Normal,31,5,5,5,0,37,37,0,0,70,0,1,1,0,7,0,1,3,3,0,0,392,8,16,16,3.2,0,1,1,6,3,,,0,-,floor1_town
60,12404,2,Normal,40,5,5,5,0,37,32,0,2,70,0,1,2,0,6,3,2,0,1,2,0,392,19,17,17,3.4,0,1,1,7,3,,Swords_T1_03=2,0,-,+1 levelup
60,12404,3,Normal,38,6,6,6,0,32,3,2,2,144,0,2,2,4,6,6,0,0,0,6,0,720,61,22,22,3.667,0,1,1,9,4,,Swords_T1_03=6,0,-,
60,12404,4,Normal,38,2,2,2,0,3,53,2,4,25,0,2,3,0,3,0,0,0,3,1,0,140,-1,7,7,3.5,0,1,1,10,3,,Swords_T1_03=1,0,-,+1 levelup
60,12404,5,Normal,30,5,5,5,0,53,39,4,4,70,0,3,3,0,3,4,0,0,2,5,0,392,34,18,18,3.6,0,1,1,11,4,,Swords_T1_03=3|Swords_T1_04=2,0,-,
60,12404,6,Normal,35,3,3,2,1,39,39,4,4,25,0,3,3,0,0,2,0,3,3,3,0,196,34,9,5,2.5,0,1,1,12,2,,Swords_T1_03=2|Swords_T1_04=1,0,-,flee×1
60,12404,7,Normal,34,1,1,1,0,39,46,4,4,15,0,3,3,0,2,0,0,1,3,1,0,84,7,4,4,4,0,1,1,12,3,,Swords_T1_03=1,0,-,
60,12404,8,Normal,21,1,1,0,0,46,0,4,4,0,0,3,3,0,3,3,0,0,0,3,0,127,49,3,0,0,1,0,0,18,4,RH=Crude Sword|LH=Crude Sword|BD=Crude Armour|A1=Crude Bracelet|A2=Crude Bracelet,Swords_T1_03=2|Swords_T1_04=1,0,-,party wiped
61,12405,1,Normal,29,3,3,3,0,37,37,0,0,50,0,1,1,1,6,1,1,3,3,0,0,280,16,15,15,5,0,1,1,4,4,,,0,-,floor1_town
61,12405,2,Normal,38,6,6,6,0,37,25,0,2,95,0,1,2,2,4,3,1,0,0,2,0,532,34,22,22,3.667,0,1,1,5,4,,Swords_T1_03=2,0,-,+1 levelup
61,12405,3,Normal,9,1,1,0,0,25,0,2,2,0,0,2,2,1,3,3,0,0,0,0,0,135,45,3,0,0,1,0,0,6,4,RH=Crude Sword|LH=Crude Sword|BD=Crude Armour|A1=Crude Bracelet|A2=Crude Bracelet,,0,-,party wiped
62,12406,1,Normal,27,4,4,4,0,37,37,0,0,45,0,1,1,1,4,2,0,3,3,0,0,252,8,13,13,3.25,0,1,1,5,3,,,0,-,floor1_town
62,12406,2,Normal,33,3,3,3,0,37,37,0,0,45,0,1,1,0,6,2,0,0,3,0,0,252,8,12,12,4,0,1,1,6,3,,,0,-,
62,12406,3,Normal,16,1,1,0,0,37,0,0,0,0,0,1,1,1,3,3,0,0,0,0,0,142,37,7,0,0,1,0,0,12,3,RH=Crude Sword|LH=Crude Sword|BD=Crude Armour|A1=Crude Bracelet|A2=Crude Bracelet,,0,-,party wiped
63,12407,1,Normal,25,2,2,2,0,37,37,0,0,30,0,1,1,0,3,2,2,3,3,0,0,168,8,9,9,4.5,0,1,1,3,2,,,0,-,floor1_town
63,12407,2,Normal,34,5,5,5,0,37,44,0,1,75,0,1,2,2,6,3,1,0,0,0,0,420,8,21,21,4.2,0,1,1,4,4,,,0,-,+1 levelup
63,12407,3,Normal,27,2,2,1,0,44,0,1,1,12,0,2,2,2,0,0,0,0,0,1,0,172,43,4,1,1,1,0,0,4,3,RH=Crude Sword|LH=Crude Sword|BD=Crude Armour|A1=Crude Bracelet|A2=Crude Bracelet,Swords_T1_03=1,0,-,party wiped
64,12408,1,Normal,39,6,6,6,0,37,45,0,1,100,0,1,2,0,12,5,0,3,3,0,0,560,36,31,31,5.167,0,1,1,7,3,,,0,-,floor1_town; +1 levelup
64,12408,2,Normal,36,2,2,2,0,45,36,1,1,15,0,2,2,0,0,0,1,3,3,1,0,84,8,3,3,1.5,0,1,1,7,1,,Swords_T1_03=1,0,-,
64,12408,3,Normal,2,1,1,0,0,36,0,1,1,0,0,2,2,3,3,3,0,0,0,1,0,150,44,7,0,0,1,0,0,8,4,RH=Crude Sword|LH=Crude Sword|BD=Crude Armour|A1=Crude Bracelet|A2=Crude Bracelet,Swords_T1_03=1,0,-,party wiped
65,12409,1,Normal,37,5,5,5,0,37,37,0,0,85,0,1,1,0,11,5,2,3,3,0,0,476,26,22,22,4.4,0,1,1,6,4,,,0,-,floor1_town
65,12409,2,Normal,30,2,2,2,0,37,37,0,3,35,0,1,2,0,3,3,4,0,0,1,0,196,7,11,11,5.5,0,1,1,6,3,,Swords_T1_03=1,0,-,+1 levelup
65,12409,3,Normal,38,4,4,4,0,37,24,3,3,60,0,2,2,0,3,3,6,0,0,3,0,300,18,10,10,2.5,0,1,1,7,2,,Swords_T1_03=3,0,-,
65,12409,4,Normal,37,3,3,3,0,24,32,3,3,45,0,2,2,1,3,3,5,0,0,1,0,252,12,13,13,4.333,0,1,1,8,4,,Swords_T1_03=1,0,-,
65,12409,5,Normal,37,5,5,5,0,32,37,3,3,70,0,2,2,2,3,3,3,0,0,2,0,392,6,18,18,3.6,0,1,1,9,3,,Swords_T1_03=2,0,-,
65,12409,6,Normal,36,5,5,5,0,37,27,3,5,40,0,2,3,0,0,0,3,0,0,2,0,224,32,9,9,1.8,0,1,1,9,2,,Swords_T1_03=2,0,-,+1 levelup
65,12409,7,Normal,33,5,5,5,0,27,31,5,5,75,0,3,3,2,3,3,1,0,0,4,0,420,18,19,19,3.8,0,1,1,10,2,,Swords_T1_03=2|Swords_T1_04=2,0,-,
65,12409,8,Normal,23,2,2,0,1,31,0,5,5,0,0,3,3,1,6,3,0,0,3,3,0,105,101,4,0,0,1,0,0,22,3,RH=Crude Sword|LH=Crude Sword|BD=Crude Armour|A1=Crude Bracelet|A2=Crude Bracelet,Swords_T1_03=1|Swords_T1_04=2,0,-,party wiped; flee×1
66,12410,1,Normal,23,4,4,3,0,37,0,0,0,50,0,1,1,0,10,4,0,0,0,0,0,389,55,22,15,5,1,0,0,4,4,RH=Crude Sword|LH=Crude Sword|BD=Crude Armour|A1=Crude Bracelet|A2=Crude Bracelet,,0,-,floor1_town; party wiped
67,12411,1,Normal,33,3,3,3,0,37,37,0,0,30,0,1,1,0,1,0,1,3,3,0,0,168,14,7,7,2.333,0,1,1,4,1,,,0,-,floor1_town
67,12411,2,Normal,27,5,5,4,0,37,0,0,0,65,0,1,1,1,6,6,0,0,0,0,0,392,58,21,19,4.75,1,0,0,5,3,RH=Crude Sword|LH=Crude Sword|BD=Crude Armour|A1=Crude Bracelet|A2=Crude Bracelet,,0,-,party wiped
68,12412,1,Normal,31,3,3,3,0,37,37,0,0,15,0,1,1,0,0,0,0,3,3,0,0,84,0,3,3,1,0,1,1,4,1,,,0,-,floor1_town
68,12412,2,Normal,34,6,6,6,0,37,45,0,2,95,0,1,2,0,13,4,0,0,3,0,0,532,44,32,32,5.333,0,1,1,9,3,,,0,-,+1 levelup
68,12412,3,Normal,34,3,3,3,0,45,44,2,2,72,0,2,2,2,0,3,0,3,3,3,0,360,41,10,10,3.333,0,1,1,10,1,,Swords_T1_03=3,0,-,
68,12412,4,Normal,34,4,4,4,0,44,29,2,2,55,0,2,2,0,3,3,0,0,0,2,0,308,13,14,14,3.5,0,1,1,10,2,,Swords_T1_03=2,0,-,
68,12412,5,Normal,35,4,4,4,0,29,36,2,2,60,0,2,2,0,6,4,0,3,3,2,0,336,33,16,16,4,0,1,1,13,2,,Swords_T1_03=2,0,-,
68,12412,6,Normal,33,3,3,3,0,36,38,2,4,30,0,2,3,0,3,0,0,0,3,0,0,168,5,9,9,3,0,1,1,13,1,,,0,-,+1 levelup
68,12412,7,Normal,27,4,4,3,1,38,13,4,4,25,0,3,3,0,0,3,0,0,0,3,0,168,21,7,6,2,0,1,1,13,4,,Swords_T1_03=2|Swords_T1_04=1,0,-,flee×1
68,12412,8,Normal,1,1,1,0,0,13,0,4,4,0,0,3,3,0,3,3,0,0,0,2,0,61,50,3,0,0,1,0,0,19,2,RH=Crude Sword|LH=Crude Sword|BD=Crude Armour|A1=Crude Bracelet|A2=Crude Bracelet,Swords_T1_03=1|Swords_T1_04=1,0,-,party wiped
69,12413,1,Normal,29,2,2,2,0,37,37,0,0,35,0,1,1,0,5,1,1,3,3,0,0,196,0,8,8,4,0,1,1,3,4,,,0,-,floor1_town
69,12413,2,Normal,30,4,4,4,0,37,37,0,0,35,0,1,1,0,0,0,3,3,3,0,0,196,16,8,8,2,0,1,1,5,1,,,0,-,
69,12413,3,Normal,19,3,3,2,0,37,0,0,2,48,0,1,2,5,4,3,0,0,0,0,0,385,58,13,9,4.5,1,0,0,17,4,RH=Crude Sword|LH=Crude Sword|BD=Crude Armour|A1=Crude Bracelet|A2=Crude Bracelet,,0,-,party wiped; +1 levelup
70,12414,1,Normal,27,2,2,2,0,37,37,0,0,20,0,1,1,0,1,0,2,3,3,0,0,112,8,4,4,2,0,1,1,3,2,,,0,-,floor1_town
70,12414,2,Normal,31,3,3,3,0,37,37,0,0,45,0,1,1,0,3,3,2,0,0,0,0,252,0,10,10,3.333,0,1,1,3,4,,,0,-,
70,12414,3,Normal,14,2,2,1,0,37,0,0,1,36,0,1,2,2,3,3,0,0,0,0,0,210,67,8,6,6,1,0,0,9,3,RH=Crude Sword|LH=Crude Sword|BD=Crude Armour|A1=Crude Bracelet|A2=Crude Bracelet,,0,-,party wiped; +1 levelup
71,12415,1,Normal,25,3,3,3,0,37,37,0,0,40,0,1,1,0,3,3,1,3,3,0,0,224,38,13,13,4.333,0,1,1,4,2,,,0,-,floor1_town
71,12415,2,Normal,24,4,4,3,0,37,0,0,0,55,0,1,1,2,6,3,0,0,0,0,0,332,45,18,16,5.333,1,0,0,5,4,RH=Crude Sword|LH=Crude Sword|BD=Crude Armour|A1=Crude Bracelet|A2=Crude Bracelet,,0,-,party wiped
72,12416,1,Normal,38,6,6,6,0,37,37,0,0,55,0,1,1,0,2,0,2,3,3,0,0,308,30,13,13,2.167,0,1,1,7,3,,,0,-,floor1_town
72,12416,2,Normal,34,4,4,4,0,37,39,0,1,60,0,1,2,1,6,4,2,0,2,0,0,336,27,19,19,4.75,0,1,1,8,1,,,0,-,+1 levelup
72,12416,3,Normal,31,2,2,2,0,39,31,1,1,72,0,2,2,0,6,6,3,0,0,2,0,360,26,11,11,5.5,0,1,1,10,3,,Swords_T1_03=2,0,-,
72,12416,4,Normal,34,3,3,3,0,31,44,1,1,30,0,2,2,0,3,1,3,0,2,2,0,168,-1,8,8,2.667,0,1,1,11,1,,Swords_T1_03=2,0,-,
72,12416,5,Normal,34,4,4,4,0,44,37,1,1,55,0,2,2,1,2,2,2,2,3,2,0,308,39,14,14,3.5,0,1,1,13,3,,Swords_T1_03=2,0,-,
72,12416,6,Normal,34,5,5,5,0,37,39,1,3,55,0,2,3,1,2,3,1,0,0,1,0,308,19,16,16,3.2,0,1,1,13,2,,Swords_T1_03=1,0,-,+1 levelup
72,12416,7,Normal,2,1,1,0,0,39,0,3,3,0,0,3,3,1,0,0,0,0,0,4,0,28,37,4,0,0,1,0,0,13,2,RH=Crude Sword|LH=Crude Sword|BD=Crude Armour|A1=Crude Bracelet|A2=Crude Bracelet,Swords_T1_03=1|Swords_T1_04=3,0,-,party wiped
73,12417,1,Normal,36,6,6,6,0,37,37,0,0,90,0,1,1,0,10,3,0,3,3,0,0,504,24,23,23,3.833,0,1,1,7,1,,,0,-,floor1_town
73,12417,2,Normal,35,2,2,2,0,37,45,0,1,20,0,1,2,0,3,0,0,0,3,0,0,112,0,5,5,2.5,0,1,1,7,3,,,0,-,+1 levelup
73,12417,3,Normal,27,5,5,5,0,45,45,1,1,108,0,2,2,1,6,6,0,0,3,4,0,540,45,21,21,4.2,0,1,1,9,2,,Swords_T1_03=4,0,-,
73,12417,4,Normal,20,2,2,1,0,45,0,1,1,15,0,2,2,0,0,3,0,0,0,1,0,140,44,7,5,5,1,0,0,9,4,RH=Crude Sword|LH=Crude Sword|BD=Crude Armour|A1=Crude Bracelet|A2=Crude Bracelet,Swords_T1_03=1,0,-,party wiped
74,12418,1,Normal,34,4,4,4,0,37,37,0,0,45,0,1,1,0,6,3,2,3,3,0,0,252,6,14,14,3.5,0,1,1,5,3,,,0,-,floor1_town
74,12418,2,Normal,29,2,2,2,0,37,37,0,0,30,0,1,1,0,5,1,3,1,3,0,0,168,8,11,11,5.5,0,1,1,6,3,,,0,-,
74,12418,3,Normal,6,2,2,1,0,37,0,0,0,24,0,1,1,5,6,5,0,0,0,0,0,300,37,11,4,4,1,0,0,18,4,RH=Crude Sword|LH=Crude Sword|BD=Crude Armour|A1=Crude Bracelet|A2=Crude Bracelet,,0,-,party wiped
75,12419,1,Normal,32,2,2,2,0,37,37,0,0,30,0,1,1,0,4,1,0,3,3,0,0,168,8,9,9,4.5,0,1,1,3,2,,,0,-,floor1_town
75,12419,2,Normal,33,3,3,3,0,37,37,0,0,55,0,1,1,0,6,4,0,0,0,0,0,308,8,14,14,4.667,0,1,1,4,4,,,0,-,
75,12419,3,Normal,28,2,2,2,0,37,45,0,3,24,0,1,2,1,1,0,1,2,3,0,0,120,0,6,6,3,0,1,1,16,1,,,0,-,+1 levelup
75,12419,4,Normal,25,2,2,2,0,45,45,3,3,30,0,2,2,0,2,2,1,0,1,1,0,168,-1,8,8,4,0,1,1,16,3,,Swords_T1_03=1,0,-,
75,12419,5,Normal,27,5,5,5,0,45,39,3,3,65,0,2,2,0,3,2,1,0,2,3,0,364,24,19,19,3.8,0,1,1,17,3,,Swords_T1_03=3,0,-,
75,12419,6,Normal,33,3,3,3,0,39,24,3,3,40,0,2,2,1,0,2,0,0,0,1,0,224,14,10,10,3.333,0,1,1,17,2,,Swords_T1_03=1,0,-,
75,12419,7,Normal,39,5,5,5,0,24,32,3,3,55,0,2,2,0,3,0,0,0,3,2,0,308,11,12,12,2.4,0,1,1,18,2,,Swords_T1_03=2,0,-,
75,12419,8,Normal,26,4,4,3,0,32,0,3,4,180,0,2,3,0,8,0,0,1,3,7,0,511,72,13,11,3.667,1,0,0,42,3,RH=Crude Sword|LH=Crude Sword|BD=Crude Armour|A1=Crude Bracelet|A2=Crude Bracelet,Swords_T1_03=6|Swords_T1_04=1,0,-,party wiped; +1 levelup
76,12420,1,Normal,30,5,5,5,0,37,37,0,0,85,0,1,1,0,11,3,1,3,3,0,0,476,8,23,23,4.6,0,1,1,6,3,,,0,-,floor1_town
76,12420,2,Normal,40,3,3,2,1,37,9,0,2,40,0,1,2,3,3,3,0,0,0,1,0,308,35,16,10,5,0,1,1,6,4,,Swords_T1_03=1,0,-,+1 levelup; flee×1
76,12420,3,Normal,14,1,1,0,0,9,0,2,2,0,0,2,2,1,0,0,0,0,0,1,0,60,41,2,0,0,1,0,0,6,2,RH=Crude Sword|LH=Crude Sword|BD=Crude Armour|A1=Crude Bracelet|A2=Crude Bracelet,Swords_T1_03=1,0,-,party wiped
77,12421,1,Normal,28,4,4,4,0,37,37,0,0,65,0,1,1,0,9,2,0,3,3,0,0,364,16,18,18,4.5,0,1,1,5,4,,,0,-,floor1_town
77,12421,2,Normal,32,5,5,5,0,37,45,0,2,70,0,1,2,1,5,3,0,0,0,1,0,392,13,20,20,4,0,1,1,7,4,,Swords_T1_03=1,0,-,+1 levelup
77,12421,3,Normal,12,2,2,1,0,45,0,2,2,24,0,2,2,2,0,0,0,0,0,2,0,210,43,5,3,3,1,0,0,7,4,RH=Crude Sword|LH=Crude Sword|BD=Crude Armour|A1=Crude Bracelet|A2=Crude Bracelet,Swords_T1_03=2,0,-,party wiped
78,12422,1,Normal,26,4,4,4,0,37,37,0,0,35,0,1,1,0,1,0,1,3,3,0,0,196,16,8,8,2,0,1,1,5,1,,,0,-,floor1_town
78,12422,2,Normal,25,3,3,3,0,37,37,0,0,45,0,1,1,2,3,3,0,0,0,0,0,252,0,13,13,4.333,0,1,1,5,1,,,0,-,
78,12422,3,Normal,4,1,1,0,0,37,0,0,0,0,0,1,1,2,3,3,0,0,0,0,0,180,37,6,0,0,1,0,0,11,4,RH=Crude Sword|LH=Crude Sword|BD=Crude Armour|A1=Crude Bracelet|A2=Crude Bracelet,,0,-,party wiped
79,12423,1,Normal,40,5,5,5,0,37,37,0,0,65,0,1,1,0,8,4,0,3,3,0,0,364,8,17,17,3.4,0,1,1,6,2,,,0,-,floor1_town
79,12423,2,Normal,33,2,2,2,0,37,37,0,0,25,0,1,1,0,2,0,0,1,3,0,0,140,0,5,5,2.5,0,1,1,6,4,,,0,-,
79,12423,3,Normal,6,1,1,0,0,37,0,0,0,0,0,1,1,1,3,3,0,0,0,0,0,63,37,4,0,0,1,0,0,12,4,RH=Crude Sword|LH=Crude Sword|BD=Crude Armour|A1=Crude Bracelet|A2=Crude Bracelet,,0,-,party wiped
80,12424,1,Normal,38,5,5,5,0,37,37,0,0,75,0,1,1,0,9,2,1,3,3,0,0,420,16,21,21,4.2,0,1,1,6,1,,,0,-,floor1_town
80,12424,2,Normal,38,4,4,4,0,37,45,0,3,60,0,1,2,1,5,3,0,3,3,2,0,336,56,17,17,4.25,0,1,1,8,1,,Swords_T1_03=2,0,-,+1 levelup
80,12424,3,Normal,30,4,4,3,0,45,0,3,3,84,0,2,2,2,6,6,0,0,0,4,0,586,60,17,13,4.333,1,0,0,9,4,RH=Crude Sword|LH=Crude Sword|BD=Crude Armour|A1=Crude Bracelet|A2=Crude Bracelet,Swords_T1_03=4,0,-,party wiped
81,12425,1,Normal,36,4,4,4,0,37,37,0,0,50,0,1,1,0,5,3,2,3,3,0,0,280,14,17,17,4.25,0,1,1,5,2,,,0,-,floor1_town
81,12425,2,Normal,27,4,4,4,0,37,44,0,3,55,0,1,2,1,5,3,3,0,0,0,0,308,24,19,19,4.75,0,1,1,6,4,,,0,-,+1 levelup
81,12425,3,Normal,6,1,1,0,0,44,0,3,3,0,0,2,2,4,0,0,0,0,0,0,0,148,44,6,0,0,1,0,0,6,3,RH=Crude Sword|LH=Crude Sword|BD=Crude Armour|A1=Crude Bracelet|A2=Crude Bracelet,,0,-,party wiped
82,12426,1,Normal,34,3,3,3,0,37,37,0,0,35,0,1,1,0,3,0,1,3,3,0,0,196,8,8,8,2.667,0,1,1,4,3,,,0,-,floor1_town
82,12426,2,Normal,31,1,1,1,0,37,37,0,0,5,0,1,1,0,0,0,1,3,3,0,0,28,0,1,1,1,0,1,1,4,1,,,0,-,
82,12426,3,Normal,30,5,5,5,0,37,46,0,2,72,0,1,2,0,6,1,2,0,2,0,0,360,0,15,15,3,0,1,1,34,2,,,0,-,+1 levelup
82,12426,4,Normal,25,3,3,3,0,46,30,2,2,35,0,2,2,1,0,2,1,0,0,2,0,196,14,9,9,3,0,1,1,34,4,,Swords_T1_03=2,0,-,
82,12426,5,Normal,28,3,3,2,1,30,7,2,2,30,0,2,2,1,3,3,0,0,0,2,0,252,37,12,8,4,0,1,1,35,4,,Swords_T1_03=2,0,-,flee×1
82,12426,6,Normal,35,3,3,3,0,7,38,2,2,30,0,2,2,0,3,0,0,0,3,1,0,168,7,8,8,2.667,0,1,1,36,1,,Swords_T1_03=1,0,-,
82,12426,7,Normal,29,3,3,3,0,38,46,2,2,25,0,2,2,0,0,2,0,0,1,0,0,140,-8,6,6,2,0,1,1,36,1,,,0,-,
82,12426,8,Normal,13,1,1,0,0,46,0,2,2,0,0,2,2,0,0,0,0,3,3,0,0,27,46,1,0,0,1,0,0,42,3,RH=Crude Sword|LH=Crude Sword|BD=Crude Armour|A1=Crude Bracelet|A2=Crude Bracelet,,0,-,party wiped
83,12427,1,Normal,32,3,3,3,0,37,37,0,0,40,0,1,1,0,3,2,2,3,3,0,0,224,16,10,10,3.333,0,1,1,4,2,,,0,-,floor1_town
83,12427,2,Normal,34,4,4,4,0,37,37,0,2,70,0,1,2,0,9,5,3,0,2,1,0,392,37,19,19,4.75,0,1,1,6,2,,Swords_T1_03=1,0,-,+1 levelup
83,12427,3,Normal,7,1,1,0,0,37,0,2,2,0,0,2,2,4,3,3,0,0,0,1,0,210,45,8,0,0,1,0,0,7,4,RH=Crude Sword|LH=Crude Sword|BD=Crude Armour|A1=Crude Bracelet|A2=Crude Bracelet,Swords_T1_03=1,0,-,party wiped
84,12428,1,Normal,30,5,5,5,0,37,37,0,0,70,0,1,1,0,8,6,0,3,3,0,0,392,24,20,20,4,0,1,1,6,4,,,0,-,floor1_town
84,12428,2,Normal,30,3,3,3,0,37,36,0,2,50,0,1,2,1,3,2,1,0,1,1,0,280,15,12,12,4,0,1,1,6,4,,Swords_T1_03=1,0,-,+1 levelup
84,12428,3,Normal,29,4,4,4,0,36,44,2,2,96,0,2,2,0,6,3,3,0,3,3,0,480,11,13,13,3.25,0,1,1,8,1,,Swords_T1_03=3,0,-,
84,12428,4,Normal,31,5,5,5,0,44,35,2,2,80,0,2,2,2,3,5,1,0,1,4,0,448,22,22,22,4.4,0,1,1,9,2,,Swords_T1_03=4,0,-,
84,12428,5,Normal,29,1,1,1,0,35,53,2,3,5,0,2,3,0,0,0,1,0,1,0,0,28,0,1,1,1,0,1,1,9,1,,,0,-,+1 levelup
84,12428,6,Normal,40,5,5,4,1,53,39,3,3,40,0,3,3,1,1,1,0,2,3,2,0,252,59,14,12,3,0,1,1,10,1,,Swords_T1_04=2,0,-,flee×1
84,12428,7,Normal,33,3,3,3,0,39,35,3,3,45,0,3,3,0,2,3,0,0,0,1,0,252,2,10,10,3.333,0,1,1,10,2,,Swords_T1_03=1,0,-,
84,12428,8,Normal,5,1,1,0,0,35,0,3,3,0,0,3,3,0,2,0,0,1,3,1,0,92,51,1,0,0,1,0,0,16,4,RH=Crude Sword|LH=Crude Sword|BD=Crude Armour|A1=Crude Bracelet|A2=Crude Bracelet,Swords_T1_03=1,0,-,party wiped
85,12429,1,Normal,28,4,4,4,0,37,37,0,0,50,0,1,1,0,4,0,2,3,3,0,0,280,16,12,12,3,0,1,1,5,2,,,0,-,floor1_town
85,12429,2,Normal,32,5,5,5,0,37,46,0,2,65,0,1,2,0,5,3,4,1,3,1,0,364,23,18,18,3.6,0,1,1,6,3,,Swords_T1_03=1,0,-,+1 levelup
85,12429,3,Normal,40,3,3,3,0,46,9,2,2,120,0,2,2,4,4,6,0,0,0,3,0,600,88,20,20,6.667,0,1,1,7,3,,Swords_T1_03=3,0,-,
85,12429,4,Normal,33,2,2,2,0,9,46,2,2,35,0,2,2,0,3,3,0,0,0,1,0,196,-1,9,9,4.5,0,1,1,8,4,,Swords_T1_03=1,0,-,
85,12429,5,Normal,37,3,3,3,0,46,47,2,4,45,0,2,3,0,3,0,0,0,3,2,0,252,31,12,12,4,0,1,1,9,3,,Swords_T1_03=2,0,-,+1 levelup
85,12429,6,Normal,40,2,2,2,0,47,42,4,4,15,0,3,3,0,0,2,0,0,1,2,0,84,5,5,5,2.5,0,1,1,9,1,,Swords_T1_04=2,0,-,
85,12429,7,Normal,27,3,3,2,1,42,45,4,4,15,0,3,3,0,1,1,0,2,3,2,0,140,38,6,4,2,0,1,1,10,2,,Swords_T1_03=1|Swords_T1_04=1,0,-,flee×1
85,12429,8,Normal,2,1,1,0,0,45,0,4,4,0,0,3,3,0,3,0,0,0,3,1,0,69,52,1,0,0,1,0,0,16,4,RH=Crude Sword|LH=Crude Sword|BD=Crude Armour|A1=Crude Bracelet|A2=Crude Bracelet,Swords_T1_03=1,0,-,party wiped
86,12430,1,Normal,26,1,1,1,0,37,37,0,0,20,0,1,1,0,3,3,0,3,3,0,0,112,16,7,7,7,0,1,1,2,4,,,0,-,floor1_town
86,12430,2,Normal,38,4,4,4,0,37,37,0,0,50,0,1,1,0,6,3,2,3,3,0,0,280,16,14,14,3.5,0,1,1,4,1,,,0,-,
86,12430,3,Normal,16,3,3,2,0,37,0,0,0,24,0,1,1,0,5,3,4,0,0,0,0,176,37,6,4,2,1,0,0,22,4,RH=Crude Sword|LH=Crude Sword|BD=Crude Armour|A1=Crude Bracelet|A2=Crude Bracelet,,0,-,party wiped
87,12431,1,Normal,40,3,3,3,0,37,37,0,0,30,0,1,1,0,3,0,1,3,3,0,0,168,0,6,6,2,0,1,1,4,1,,,0,-,floor1_town
87,12431,2,Normal,28,4,4,4,0,37,44,0,3,70,0,1,2,0,9,5,1,0,1,0,0,392,16,19,19,4.75,0,1,1,6,4,,,0,-,+1 levelup
87,12431,3,Normal,3,1,1,0,0,44,0,3,3,0,0,2,2,3,0,1,0,0,0,1,0,140,43,3,0,0,1,0,0,6,4,RH=Crude Sword|LH=Crude Sword|BD=Crude Armour|A1=Crude Bracelet|A2=Crude Bracelet,Swords_T1_03=1,0,-,party wiped
88,12432,1,Normal,38,3,3,3,0,37,37,0,0,40,0,1,1,0,4,3,0,3,3,0,0,224,24,14,14,4.667,0,1,1,4,2,,,0,-,floor1_town
88,12432,2,Normal,29,3,3,3,0,37,29,0,0,35,0,1,1,0,3,1,0,0,2,0,0,196,8,8,8,2.667,0,1,1,4,2,,,0,-,
88,12432,3,Normal,1,1,1,0,0,29,0,0,0,0,0,1,1,0,3,3,0,0,0,0,0,115,37,3,0,0,1,0,0,10,4,RH=Crude Sword|LH=Crude Sword|BD=Crude Armour|A1=Crude Bracelet|A2=Crude Bracelet,,0,-,party wiped
89,12433,1,Normal,36,5,5,5,0,37,37,0,0,75,0,1,1,0,11,3,1,3,3,0,0,420,8,20,20,4,0,1,1,6,1,,,0,-,floor1_town
89,12433,2,Normal,39,2,2,2,0,37,37,0,0,20,0,1,1,0,2,0,1,1,3,0,0,112,0,5,5,2.5,0,1,1,6,3,,,0,-,
89,12433,3,Normal,28,4,4,3,1,37,42,0,1,60,0,1,2,1,3,3,0,3,3,3,0,395,56,10,8,2.667,0,1,1,13,1,,Swords_T1_03=3,0,-,+1 levelup; flee×1
89,12433,4,Normal,29,2,2,2,0,42,44,1,1,30,0,2,2,0,3,0,0,0,3,1,0,168,-3,8,8,4,0,1,1,13,2,,Swords_T1_03=1,0,-,
89,12433,5,Normal,33,7,7,7,0,44,43,1,1,100,0,2,2,0,4,6,0,3,3,6,0,560,80,26,26,3.714,0,1,1,16,1,,Swords_T1_03=6,0,-,
89,12433,6,Normal,38,5,5,4,0,43,0,1,2,35,0,2,3,0,3,3,0,0,0,2,0,225,53,14,11,2.75,1,0,0,16,4,RH=Crude Sword|LH=Crude Sword|BD=Crude Armour|A1=Crude Bracelet|A2=Crude Bracelet,Swords_T1_03=1|Swords_T1_04=1,0,-,party wiped; +1 levelup
90,12434,1,Normal,34,5,5,5,0,37,37,0,0,70,0,1,1,0,6,1,2,3,3,0,0,392,16,17,17,3.4,0,1,1,6,3,,,0,-,floor1_town
90,12434,2,Normal,32,2,2,2,0,37,37,0,0,25,0,1,1,0,2,0,2,1,3,0,0,140,0,7,7,3.5,0,1,1,6,3,,,0,-,
90,12434,3,Normal,30,2,2,2,0,37,40,0,2,48,0,1,2,2,3,3,0,0,0,0,0,240,5,8,8,4,0,1,1,12,3,,,0,-,+1 levelup
90,12434,4,Normal,36,2,2,2,0,40,39,2,2,10,0,2,2,0,0,0,0,0,0,1,0,56,0,2,2,1,0,1,1,12,1,,Swords_T1_03=1,0,-,
90,12434,5,Normal,39,6,6,5,1,39,45,2,2,60,0,2,2,0,4,3,0,2,3,5,0,364,51,19,16,3.2,0,1,1,14,2,,Swords_T1_03=5,0,-,flee×1
90,12434,6,Normal,22,3,3,2,0,45,0,2,2,25,0,2,2,0,2,3,0,0,0,2,0,193,43,11,8,4,1,0,0,14,4,RH=Crude Sword|LH=Crude Sword|BD=Crude Armour|A1=Crude Bracelet|A2=Crude Bracelet,Swords_T1_03=2,0,-,party wiped
91,12435,1,Normal,32,2,2,2,0,37,37,0,0,15,0,1,1,0,0,0,1,3,3,0,0,84,8,3,3,1.5,0,1,1,3,1,,,0,-,floor1_town
91,12435,2,Normal,34,6,6,6,0,37,44,0,2,95,0,1,2,2,9,6,0,0,0,1,0,532,32,27,27,4.5,0,1,1,6,1,,Swords_T1_03=1,0,-,+1 levelup
91,12435,3,Normal,12,2,2,1,0,44,0,2,2,12,0,2,2,2,0,0,0,0,0,1,0,198,43,6,1,1,1,0,0,6,3,RH=Crude Sword|LH=Crude Sword|BD=Crude Armour|A1=Crude Bracelet|A2=Crude Bracelet,Swords_T1_03=1,0,-,party wiped
92,12436,1,Normal,30,3,3,3,0,37,37,0,0,30,0,1,1,0,1,0,2,3,3,0,0,168,16,7,7,2.333,0,1,1,4,2,,,0,-,floor1_town
92,12436,2,Normal,30,4,4,4,0,37,29,0,0,50,0,1,1,2,3,3,0,0,0,0,0,280,8,15,15,3.75,0,1,1,4,2,,,0,-,
92,12436,3,Normal,27,3,3,2,1,29,45,0,2,60,0,1,2,2,6,5,0,0,1,1,0,360,59,11,10,5,0,1,1,11,2,,Swords_T1_03=1,0,-,+1 levelup; flee×1
92,12436,4,Normal,29,1,1,0,1,45,13,2,2,0,0,2,2,0,0,1,0,0,0,0,0,84,32,3,0,0,0,1,1,11,4,,,0,-,flee×1
92,12436,5,Normal,34,3,3,3,0,13,38,2,2,30,0,2,2,0,3,1,0,0,2,2,0,168,5,9,9,3,0,1,1,12,1,,Swords_T1_03=2,0,-,
92,12436,6,Normal,34,6,6,6,0,38,44,2,2,75,0,2,2,0,3,4,0,3,3,4,0,420,55,21,21,3.5,0,1,1,15,1,,Swords_T1_03=4,0,-,
92,12436,7,Normal,26,2,2,2,0,44,39,2,2,25,0,2,2,0,3,1,0,0,2,0,0,140,5,8,8,4,0,1,1,15,1,,,0,-,
92,12436,8,Normal,10,1,1,0,0,39,0,2,2,0,0,2,2,0,0,0,0,3,3,1,0,48,44,1,0,0,1,0,0,21,4,RH=Crude Sword|LH=Crude Sword|BD=Crude Armour|A1=Crude Bracelet|A2=Crude Bracelet,Swords_T1_03=1,0,-,party wiped
93,12437,1,Normal,28,2,2,2,0,37,37,0,0,30,0,1,1,0,3,2,1,3,3,0,0,168,0,9,9,4.5,0,1,1,3,2,,,0,-,floor1_town
93,12437,2,Normal,31,4,4,4,0,37,29,0,0,50,0,1,1,0,3,0,1,3,3,0,0,280,24,13,13,3.25,0,1,1,5,2,,,0,-,
93,12437,3,Normal,14,1,1,0,0,29,0,0,0,0,0,1,1,2,3,3,0,0,0,0,0,120,37,4,0,0,1,0,0,11,4,RH=Crude Sword|LH=Crude Sword|BD=Crude Armour|A1=Crude Bracelet|A2=Crude Bracelet,,0,-,party wiped
94,12438,1,Normal,26,3,3,3,0,37,37,0,0,35,0,1,1,0,3,0,2,3,3,0,0,196,16,8,8,2.667,0,1,1,4,4,,,0,-,floor1_town
94,12438,2,Normal,39,3,3,3,0,37,37,0,0,35,0,1,1,0,3,0,3,0,3,0,0,196,8,8,8,2.667,0,1,1,5,2,,,0,-,
94,12438,3,Normal,29,5,5,3,1,37,0,0,3,96,0,1,2,5,9,9,0,0,0,2,0,690,138,23,17,5.667,1,0,0,13,4,RH=Crude Sword|LH=Crude Sword|BD=Crude Armour|A1=Crude Bracelet|A2=Crude Bracelet,Swords_T1_03=2,0,-,party wiped; +1 levelup; flee×1
95,12439,1,Normal,40,4,4,4,0,37,37,0,0,50,0,1,1,0,4,0,0,3,3,0,0,280,0,12,12,3,0,1,1,5,4,,,0,-,floor1_town
95,12439,2,Normal,38,4,4,4,0,37,45,0,2,60,0,1,2,0,6,4,0,0,2,0,0,336,16,16,16,4,0,1,1,7,4,,,0,-,+1 levelup
95,12439,3,Normal,8,1,1,0,0,45,0,2,2,0,0,2,2,0,0,2,0,0,0,0,0,87,45,2,0,0,1,0,0,7,3,RH=Crude Sword|LH=Crude Sword|BD=Crude Armour|A1=Crude Bracelet|A2=Crude Bracelet,,0,-,party wiped
96,12440,1,Normal,38,3,3,3,0,37,37,0,0,30,0,1,1,1,3,3,1,3,3,0,0,168,0,9,9,3,0,1,1,4,1,,,0,-,floor1_town
96,12440,2,Normal,33,3,3,3,0,37,37,0,0,40,0,1,1,0,3,3,1,0,0,0,0,224,8,9,9,3,0,1,1,5,4,,,0,-,
96,12440,3,Normal,29,2,2,2,0,37,44,0,2,60,0,1,2,0,6,4,2,0,0,0,0,300,21,10,10,5,0,1,1,17,3,,,0,-,+1 levelup
96,12440,4,Normal,27,0,0,0,0,44,44,2,2,0,0,2,2,0,0,0,2,0,0,0,0,0,0,0,0,0,0,1,1,17,0,,,0,-,
96,12440,5,Normal,29,5,5,4,1,44,10,2,2,60,0,2,2,2,3,3,0,0,0,2,0,364,48,18,17,4.25,0,1,1,18,4,,Swords_T1_03=2,0,-,flee×1
96,12440,6,Normal,40,6,6,6,0,10,44,2,2,70,0,2,2,0,6,4,0,0,2,3,0,392,40,22,22,3.667,0,1,1,20,1,,Swords_T1_03=3,0,-,
96,12440,7,Normal,1,1,1,0,0,44,0,2,2,0,0,2,2,0,0,2,0,0,0,1,0,84,43,4,0,0,1,0,0,20,4,RH=Crude Sword|LH=Crude Sword|BD=Crude Armour|A1=Crude Bracelet|A2=Crude Bracelet,Swords_T1_03=1,0,-,party wiped
97,12441,1,Normal,36,3,3,3,0,37,37,0,0,45,0,1,1,0,7,0,0,3,3,0,0,252,0,12,12,4,0,1,1,4,3,,,0,-,floor1_town
97,12441,2,Normal,38,5,5,5,0,37,46,0,1,55,0,1,2,0,3,2,2,3,3,0,0,308,14,14,14,2.8,0,1,1,6,1,,,0,-,+1 levelup
97,12441,3,Normal,24,4,4,3,0,46,0,1,1,60,0,2,2,2,3,3,0,0,0,2,0,448,44,14,10,3.333,1,0,0,6,3,RH=Crude Sword|LH=Crude Sword|BD=Crude Armour|A1=Crude Bracelet|A2=Crude Bracelet,Swords_T1_03=2,0,-,party wiped
98,12442,1,Normal,34,2,2,2,0,37,37,0,0,35,0,1,1,0,6,3,1,3,3,0,0,196,21,10,10,5,0,1,1,3,3,,,0,-,floor1_town
98,12442,2,Normal,33,4,4,4,0,37,37,0,0,35,0,1,1,0,3,3,2,3,3,0,0,196,6,9,9,2.25,0,1,1,4,1,,,0,-,
98,12442,3,Normal,3,1,1,0,0,37,0,0,0,0,0,1,1,4,3,3,0,0,0,0,0,140,37,7,0,0,1,0,0,10,4,RH=Crude Sword|LH=Crude Sword|BD=Crude Armour|A1=Crude Bracelet|A2=Crude Bracelet,,0,-,party wiped
99,12443,1,Normal,32,5,5,5,0,37,37,0,0,65,0,1,1,0,7,1,0,3,3,0,0,364,14,17,17,3.4,0,1,1,6,3,,,0,-,floor1_town
99,12443,2,Normal,27,2,2,2,0,37,44,0,2,35,0,1,2,0,4,1,0,2,3,0,0,196,18,10,10,5,0,1,1,7,3,,,0,-,+1 levelup
99,12443,3,Normal,6,2,2,1,0,44,0,2,2,12,0,2,2,1,2,3,0,0,0,1,0,176,43,6,3,3,1,0,0,7,4,RH=Crude Sword|LH=Crude Sword|BD=Crude Armour|A1=Crude Bracelet|A2=Crude Bracelet,Swords_T1_03=1,0,-,party wiped
100,12444,1,Normal,30,4,4,4,0,37,37,0,0,35,0,1,1,0,3,0,1,3,3,0,0,196,0,8,8,2,0,1,1,5,1,,,0,-,floor1_town
100,12444,2,Normal,25,3,3,3,0,37,37,0,0,25,0,1,1,0,2,0,1,3,3,0,0,140,8,7,7,2.333,0,1,1,6,1,,,0,-,
100,12444,3,Normal,5,1,1,0,0,37,0,0,0,0,0,1,1,1,3,3,0,0,0,0,0,151,37,5,0,0,1,0,0,12,3,RH=Crude Sword|LH=Crude Sword|BD=Crude Armour|A1=Crude Bracelet|A2=Crude Bracelet,,0,-,party wiped
101,12445,1,Normal,28,3,3,3,0,37,37,0,0,40,0,1,1,0,6,2,2,3,3,0,0,224,0,12,12,4,0,1,1,4,3,,,0,-,floor1_town
101,12445,2,Normal,39,4,4,4,0,37,37,0,0,55,0,1,1,0,6,3,3,0,1,0,0,308,16,15,15,3.75,0,1,1,6,4,,,0,-,
101,12445,3,Normal,35,1,1,1,0,37,44,0,2,12,0,1,2,0,1,0,3,2,3,0,0,60,0,2,2,2,0,1,1,12,1,,,0,-,+1 levelup
101,12445,4,Normal,30,5,5,5,0,44,43,2,2,45,0,2,2,0,2,1,3,0,2,2,0,252,-1,10,10,2,0,1,1,12,1,,Swords_T1_03=2,0,-,
101,12445,5,Normal,37,4,4,4,0,43,43,2,2,55,0,2,2,1,2,2,2,1,3,3,0,308,23,15,15,3.75,0,1,1,13,2,,Swords_T1_03=3,0,-,
101,12445,6,Normal,40,6,6,6,0,43,44,2,2,85,0,2,2,2,4,5,0,0,1,4,0,476,25,21,21,3.5,0,1,1,14,4,,Swords_T1_03=4,0,-,
101,12445,7,Normal,32,5,5,4,0,44,0,2,3,30,0,2,3,0,0,1,0,0,0,3,0,170,57,8,6,1.5,1,0,0,14,4,RH=Crude Sword|LH=Crude Sword|BD=Crude Armour|A1=Crude Bracelet|A2=Crude Bracelet,Swords_T1_03=1|Swords_T1_04=2,0,-,party wiped; +1 levelup
102,12446,1,Normal,26,3,3,3,0,37,37,0,0,35,0,1,1,0,1,0,1,3,3,0,0,196,16,7,7,2.333,0,1,1,4,2,,,0,-,floor1_town
102,12446,2,Normal,37,6,6,6,0,37,45,0,2,75,0,1,2,0,10,3,2,1,3,0,0,420,37,21,21,3.5,0,1,1,7,1,,,0,-,+1 levelup
102,12446,3,Normal,40,1,1,1,0,45,44,2,2,12,0,2,2,0,0,0,2,1,3,1,0,60,0,1,1,1,0,1,1,7,1,,Swords_T1_03=1,0,-,
102,12446,4,Normal,26,0,0,0,0,44,44,2,2,0,0,2,2,0,0,0,2,1,3,0,0,0,0,0,0,0,0,1,1,7,0,,,0,-,
102,12446,5,Normal,29,3,3,3,0,44,44,2,2,50,0,2,2,2,1,3,0,0,0,1,0,280,-1,13,13,4.333,0,1,1,7,2,,Swords_T1_03=1,0,-,
102,12446,6,Normal,2,1,1,0,0,44,0,2,2,0,0,2,2,0,0,0,0,0,0,1,0,28,43,2,0,0,1,0,0,7,4,RH=Crude Sword|LH=Crude Sword|BD=Crude Armour|A1=Crude Bracelet|A2=Crude Bracelet,Swords_T1_03=1,0,-,party wiped
103,12447,1,Normal,40,4,4,4,0,37,37,0,0,35,0,1,1,0,3,2,2,3,3,0,0,196,14,11,11,2.75,0,1,1,5,3,,,0,-,floor1_town
103,12447,2,Normal,36,3,3,3,0,37,29,0,0,50,0,1,1,0,6,2,3,3,3,0,0,280,24,13,13,4.333,0,1,1,7,2,,,0,-,
103,12447,3,Normal,14,1,1,0,0,29,0,0,0,0,0,1,1,3,3,3,1,0,0,0,0,215,37,7,0,0,1,0,0,13,4,RH=Crude Sword|LH=Crude Sword|BD=Crude Armour|A1=Crude Bracelet|A2=Crude Bracelet,,0,-,party wiped
104,12448,1,Normal,38,5,5,5,0,37,37,0,0,70,0,1,1,0,8,0,0,3,3,0,0,392,32,16,16,3.2,0,1,1,6,4,,,0,-,floor1_town
104,12448,2,Normal,25,2,2,2,0,37,29,0,0,25,0,1,1,0,3,2,1,0,1,0,0,140,8,7,7,3.5,0,1,1,6,4,,,0,-,
104,12448,3,Normal,38,5,5,4,1,29,46,0,1,96,0,1,2,3,7,6,0,0,0,4,0,600,79,20,16,4,0,1,1,14,1,,Swords_T1_03=4,0,-,+1 levelup; flee×1
104,12448,4,Normal,33,3,3,2,1,46,12,1,1,20,0,2,2,0,0,0,0,0,0,1,0,140,33,5,4,2,0,1,1,14,4,,Swords_T1_03=1,0,-,flee×1
104,12448,5,Normal,31,3,3,3,0,12,39,1,1,45,0,2,2,0,3,2,0,0,1,2,0,252,5,13,13,4.333,0,1,1,15,1,,Swords_T1_03=2,0,-,
104,12448,6,Normal,7,1,1,0,0,39,0,1,1,0,0,2,2,0,0,1,0,0,0,0,0,56,39,3,0,0,1,0,0,15,4,RH=Crude Sword|LH=Crude Sword|BD=Crude Armour|A1=Crude Bracelet|A2=Crude Bracelet,,0,-,party wiped
105,12449,1,Normal,36,5,5,5,0,37,37,0,0,60,0,1,1,0,6,2,2,3,3,0,0,336,30,17,17,3.4,0,1,1,6,4,,,0,-,floor1_town
105,12449,2,Normal,39,3,3,3,0,37,37,0,0,30,0,1,1,0,3,1,3,0,2,0,0,168,0,9,9,3,0,1,1,6,3,,,0,-,
105,12449,3,Normal,2,1,1,0,0,37,0,0,0,0,0,1,1,2,3,3,1,0,0,0,0,112,37,4,0,0,1,0,0,12,4,RH=Crude Sword|LH=Crude Sword|BD=Crude Armour|A1=Crude Bracelet|A2=Crude Bracelet,,0,-,party wiped
106,12450,1,Normal,34,5,5,5,0,37,37,0,0,70,0,1,1,0,8,4,0,3,3,0,0,392,8,18,18,3.6,0,1,1,6,4,,,0,-,floor1_town
106,12450,2,Normal,39,5,5,5,0,37,44,0,1,30,0,1,2,0,0,0,0,3,3,0,0,168,8,6,6,1.2,0,1,1,7,1,,,0,-,+1 levelup
106,12450,3,Normal,31,2,2,2,0,44,44,1,1,60,0,2,2,1,6,4,1,0,2,1,0,300,22,11,11,5.5,0,1,1,8,2,,Swords_T1_03=1,0,-,
106,12450,4,Normal,39,5,5,5,0,44,38,1,1,60,0,2,2,1,3,5,0,0,0,2,0,336,17,18,18,3.6,0,1,1,9,1,,Swords_T1_03=2,0,-,
106,12450,5,Normal,34,2,2,2,0,38,36,1,1,15,0,2,2,0,0,0,0,0,0,2,0,84,0,3,3,1.5,0,1,1,9,2,,Swords_T1_03=2,0,-,
106,12450,6,Normal,36,6,6,5,1,36,44,1,1,50,0,2,2,0,3,3,0,0,0,2,0,336,28,15,13,2.6,0,1,1,10,1,,Swords_T1_03=2,0,-,flee×1
106,12450,7,Normal,2,1,1,0,0,44,0,1,1,0,0,2,2,0,0,0,0,0,0,0,0,53,44,3,0,0,1,0,0,10,3,RH=Crude Sword|LH=Crude Sword|BD=Crude Armour|A1=Crude Bracelet|A2=Crude Bracelet,,0,-,party wiped
107,12451,1,Normal,32,5,5,5,0,37,37,0,0,45,0,1,1,0,3,0,1,3,3,0,0,252,0,10,10,2,0,1,1,6,1,,,0,-,floor1_town
107,12451,2,Normal,35,3,3,3,0,37,21,0,0,40,0,1,1,0,5,3,1,0,0,0,0,224,24,13,13,4.333,0,1,1,7,4,,,0,-,
107,12451,3,Normal,12,1,1,0,0,21,0,0,0,0,0,1,1,2,3,3,0,0,0,0,0,148,37,7,0,0,1,0,0,13,3,RH=Crude Sword|LH=Crude Sword|BD=Crude Armour|A1=Crude Bracelet|A2=Crude Bracelet,,0,-,party wiped
108,12452,1,Normal,30,3,3,3,0,37,37,0,0,25,0,1,1,0,2,0,0,3,3,0,0,140,8,5,5,1.667,0,1,1,4,1,,,0,-,floor1_town
108,12452,2,Normal,27,2,2,2,0,37,29,0,0,20,0,1,1,0,0,0,1,3,3,0,0,112,16,4,4,2,0,1,1,5,2,,,0,-,
108,12452,3,Normal,11,2,2,1,0,29,0,0,0,24,0,1,1,2,5,3,1,0,0,0,0,267,37,9,4,4,1,0,0,17,3,RH=Crude Sword|LH=Crude Sword|BD=Crude Armour|A1=Crude Bracelet|A2=Crude Bracelet,,0,-,party wiped
109,12453,1,Normal,28,4,4,4,0,37,37,0,0,55,0,1,1,0,7,1,1,3,3,0,0,308,8,15,15,3.75,0,1,1,5,3,,,0,-,floor1_town
109,12453,2,Normal,32,2,2,2,0,37,29,0,0,25,0,1,1,0,3,1,2,0,2,0,0,140,8,6,6,3,0,1,1,5,4,,,0,-,
109,12453,3,Normal,16,3,3,2,0,29,0,0,2,48,0,1,2,3,4,3,0,0,0,0,0,333,45,11,9,4.5,1,0,0,17,2,RH=Crude Sword|LH=Crude Sword|BD=Crude Armour|A1=Crude Bracelet|A2=Crude Bracelet,,0,-,party wiped; +1 levelup
110,12454,1,Normal,26,2,2,2,0,37,37,0,0,30,0,1,1,0,6,3,0,3,3,0,0,168,29,11,11,5.5,0,1,1,3,2,,,0,-,floor1_town
110,12454,2,Normal,34,5,5,5,0,37,37,0,0,65,0,1,1,0,9,6,2,3,3,0,0,364,24,22,22,4.4,0,1,1,6,1,,,0,-,
110,12454,3,Normal,31,4,4,3,0,37,0,0,2,96,0,1,2,2,6,6,0,0,0,2,0,517,65,15,14,4.667,1,0,0,13,4,RH=Crude Sword|LH=Crude Sword|BD=Crude Armour|A1=Crude Bracelet|A2=Crude Bracelet,Swords_T1_03=2,0,-,party wiped; +1 levelup
111,12455,1,Normal,40,7,7,7,0,37,37,0,0,70,0,1,1,0,5,1,1,3,3,0,0,392,16,17,17,2.429,0,1,1,8,3,,,0,-,floor1_town
111,12455,2,Normal,37,3,3,3,0,37,45,0,3,35,0,1,2,0,3,3,2,0,0,0,0,196,16,10,10,3.333,0,1,1,9,4,,,0,-,+1 levelup
111,12455,3,Normal,26,3,3,3,0,45,44,3,3,36,0,2,2,0,1,0,2,2,3,3,0,180,14,6,6,2,0,1,1,10,1,,Swords_T1_03=3,0,-,
111,12455,4,Normal,35,2,2,2,0,44,35,3,3,15,0,2,2,0,0,0,2,2,3,1,0,84,8,3,3,1.5,0,1,1,10,1,,Swords_T1_03=1,0,-,
111,12455,5,Normal,31,6,6,6,0,35,37,3,3,60,0,2,2,0,2,3,2,0,0,4,0,336,-6,15,15,2.5,0,1,1,10,3,,Swords_T1_03=4,0,-,
111,12455,6,Normal,25,0,0,0,0,37,37,3,3,0,0,2,2,0,0,0,2,0,0,0,0,0,0,0,0,0,0,1,1,10,0,,,0,-,
111,12455,7,Normal,38,5,5,5,0,37,45,3,3,75,0,2,2,2,3,3,0,0,0,1,0,420,7,17,17,3.4,0,1,1,11,3,,Swords_T1_03=1,0,-,
111,12455,8,Normal,11,1,1,0,0,45,0,3,3,0,0,2,2,0,1,0,0,2,3,0,0,30,45,1,0,0,1,0,0,17,3,RH=Crude Sword|LH=Crude Sword|BD=Crude Armour|A1=Crude Bracelet|A2=Crude Bracelet,,0,-,party wiped
112,12456,1,Normal,38,3,3,3,0,37,37,0,0,45,0,1,1,0,7,0,2,3,3,0,0,252,8,11,11,3.667,0,1,1,4,4,,,0,-,floor1_town
112,12456,2,Normal,33,3,3,3,0,37,37,0,0,45,0,1,1,0,6,5,3,0,0,0,0,252,8,16,16,5.333,0,1,1,5,4,,,0,-,
112,12456,3,Normal,1,1,1,0,0,37,0,0,0,0,0,1,1,3,3,3,0,0,0,0,0,123,37,5,0,0,1,0,0,11,4,RH=Crude Sword|LH=Crude Sword|BD=Crude Armour|A1=Crude Bracelet|A2=Crude Bracelet,,0,-,party wiped
113,12457,1,Normal,36,4,4,4,0,37,37,0,0,40,0,1,1,0,1,0,1,3,3,0,0,224,22,11,11,2.75,0,1,1,5,2,,,0,-,floor1_town
113,12457,2,Normal,29,2,2,2,0,37,29,0,0,25,0,1,1,0,1,0,1,2,3,0,0,140,16,5,5,2.5,0,1,1,6,3,,,0,-,
113,12457,3,Normal,15,2,2,1,0,29,0,0,0,24,0,1,1,2,6,3,0,0,0,0,0,268,37,9,4,4,1,0,0,18,4,RH=Crude Sword|LH=Crude Sword|BD=Crude Armour|A1=Crude Bracelet|A2=Crude Bracelet,,0,-,party wiped
114,12458,1,Normal,34,2,2,2,0,37,37,0,0,20,0,1,1,0,2,0,2,3,3,0,0,112,8,5,5,2.5,0,1,1,3,3,,,0,-,floor1_town
114,12458,2,Normal,29,3,3,3,0,37,37,0,0,45,0,1,1,0,4,2,4,2,3,0,0,252,8,11,11,3.667,0,1,1,4,2,,,0,-,
114,12458,3,Normal,21,3,3,2,0,37,0,0,3,60,0,1,2,4,6,6,0,0,0,2,0,420,71,15,11,5.5,1,0,0,11,4,RH=Crude Sword|LH=Crude Sword|BD=Crude Armour|A1=Crude Bracelet|A2=Crude Bracelet,Swords_T1_03=2,0,-,party wiped; +1 levelup
115,12459,1,Normal,32,3,3,3,0,37,37,0,0,45,0,1,1,0,6,2,0,3,3,0,0,252,0,14,14,4.667,0,1,1,4,3,,,0,-,floor1_town
115,12459,2,Normal,36,3,3,3,0,37,37,0,0,40,0,1,1,0,6,0,2,0,3,0,0,224,8,10,10,3.333,0,1,1,5,3,,,0,-,
115,12459,3,Normal,37,4,4,4,0,37,44,0,1,120,0,1,2,2,9,7,1,0,2,3,0,600,25,21,21,5.25,0,1,1,13,2,,Swords_T1_03=3,0,-,+1 levelup
115,12459,4,Normal,40,6,6,6,0,44,36,1,1,75,0,2,2,0,3,3,1,0,2,1,0,420,31,18,18,3,0,1,1,14,4,,Swords_T1_03=1,0,-,
115,12459,5,Normal,27,3,3,2,1,36,44,1,1,10,0,2,2,1,0,2,0,3,3,1,0,140,22,7,2,1,0,1,1,15,1,,Swords_T1_03=1,0,-,flee×1
115,12459,6,Normal,39,4,4,4,0,44,37,1,3,40,0,2,3,0,3,0,0,0,3,2,0,224,12,10,10,2.5,0,1,1,15,1,,Swords_T1_03=2,0,-,+1 levelup
115,12459,7,Normal,8,2,2,1,0,37,0,3,3,20,0,3,3,0,0,3,0,0,0,2,0,113,35,7,5,5,1,0,0,15,3,RH=Crude Sword|LH=Crude Sword|BD=Crude Armour|A1=Crude Bracelet|A2=Crude Bracelet,Swords_T1_03=1|Swords_T1_04=1,0,-,party wiped
116,12460,1,Normal,30,4,4,4,0,37,37,0,0,35,0,1,1,1,3,0,1,3,3,0,0,196,16,11,11,2.75,0,1,1,5,1,,,0,-,floor1_town
116,12460,2,Normal,34,4,4,4,0,37,27,0,0,60,0,1,1,2,6,6,1,0,0,0,0,336,16,22,22,5.5,0,1,1,6,3,,,0,-,
116,12460,3,Normal,3,1,1,0,0,27,0,0,0,0,0,1,1,2,3,3,1,0,0,0,0,112,37,4,0,0,1,0,0,12,4,RH=Crude Sword|LH=Crude Sword|BD=Crude Armour|A1=Crude Bracelet|A2=Crude Bracelet,,0,-,party wiped
117,12461,1,Normal,28,1,1,1,0,37,37,0,0,10,0,1,1,0,0,0,0,3,3,0,0,56,0,2,2,2,0,1,1,2,2,,,0,-,floor1_town
117,12461,2,Normal,26,2,2,2,0,37,37,0,0,20,0,1,1,0,2,0,2,1,3,0,0,112,0,5,5,2.5,0,1,1,2,3,,,0,-,
117,12461,3,Normal,7,1,1,0,0,37,0,0,0,0,0,1,1,2,3,3,0,0,0,0,0,143,37,4,0,0,1,0,0,8,4,RH=Crude Sword|LH=Crude Sword|BD=Crude Armour|A1=Crude Bracelet|A2=Crude Bracelet,,0,-,party wiped
118,12462,1,Normal,26,1,1,1,0,37,37,0,0,15,0,1,1,0,1,0,1,3,3,0,0,84,8,4,4,4,0,1,1,2,3,,,0,-,floor1_town
118,12462,2,Normal,40,5,5,5,0,37,29,0,0,70,0,1,1,0,6,1,1,3,3,0,0,392,32,18,18,3.6,0,1,1,5,2,,,0,-,
118,12462,3,Normal,21,5,5,4,0,29,0,0,2,108,0,1,2,3,9,9,0,0,0,3,0,663,76,23,20,5,1,0,0,13,4,RH=Crude Sword|LH=Crude Sword|BD=Crude Armour|A1=Crude Bracelet|A2=Crude Bracelet,Swords_T1_03=3,0,-,party wiped; +1 levelup
119,12463,1,Normal,40,2,2,2,0,37,37,0,0,25,0,1,1,0,3,2,0,3,3,0,0,140,0,7,7,3.5,0,1,1,3,4,,,0,-,floor1_town
119,12463,2,Normal,34,3,3,3,0,37,29,0,0,35,0,1,1,0,2,0,0,2,3,0,0,196,24,9,9,3,0,1,1,5,3,,,0,-,
119,12463,3,Normal,3,1,1,0,0,29,0,0,0,0,0,1,1,2,3,3,0,0,0,0,0,70,37,5,0,0,1,0,0,11,3,RH=Crude Sword|LH=Crude Sword|BD=Crude Armour|A1=Crude Bracelet|A2=Crude Bracelet,,0,-,party wiped
120,12464,1,Normal,38,5,5,5,0,37,37,0,0,80,0,1,1,0,11,2,1,3,3,0,0,448,8,21,21,4.2,0,1,1,6,4,,,0,-,floor1_town
120,12464,2,Normal,31,2,2,2,0,37,45,0,2,20,0,1,2,0,0,0,2,3,3,0,0,112,8,4,4,2,0,1,1,7,1,,,0,-,+1 levelup
120,12464,3,Normal,6,2,2,1,0,45,0,2,2,36,0,2,2,2,3,3,0,0,0,2,0,318,43,9,6,6,1,0,0,7,4,RH=Crude Sword|LH=Crude Sword|BD=Crude Armour|A1=Crude Bracelet|A2=Crude Bracelet,Swords_T1_03=2,0,-,party wiped
121,12465,1,Normal,36,3,3,3,0,37,37,0,0,45,0,1,1,0,4,1,2,3,3,0,0,252,24,12,12,4,0,1,1,4,4,,,0,-,floor1_town
121,12465,2,Normal,34,8,8,8,0,37,45,0,2,105,0,1,2,0,9,4,3,2,3,2,0,588,47,30,30,3.75,0,1,1,8,2,,Swords_T1_03=2,0,-,+1 levelup
121,12465,3,Normal,7,2,2,1,0,45,0,2,2,12,0,2,2,3,2,3,0,0,0,1,0,234,44,9,2,2,1,0,0,8,4,RH=Crude Sword|LH=Crude Sword|BD=Crude Armour|A1=Crude Bracelet|A2=Crude Bracelet,Swords_T1_03=1,0,-,party wiped
122,12466,1,Normal,34,6,6,6,0,37,37,0,0,85,0,1,1,0,10,3,1,3,3,0,0,476,24,23,23,3.833,0,1,1,7,4,,,0,-,floor1_town
122,12466,2,Normal,27,3,3,3,0,37,35,0,3,40,0,1,2,0,3,1,1,0,2,1,0,224,16,8,8,2.667,0,1,1,7,1,,Swords_T1_03=1,0,-,+1 levelup
122,12466,3,Normal,22,4,4,3,0,35,0,3,3,84,0,2,2,1,6,6,0,0,0,4,0,568,61,16,12,4,1,0,0,9,4,RH=Crude Sword|LH=Crude Sword|BD=Crude Armour|A1=Crude Bracelet|A2=Crude Bracelet,Swords_T1_03=4,0,-,party wiped
123,12467,1,Normal,32,4,4,4,0,37,37,0,0,70,0,1,1,0,9,2,2,3,3,0,0,392,8,16,16,4,0,1,1,5,4,,,0,-,floor1_town
123,12467,2,Normal,34,3,3,3,0,37,45,0,3,35,0,1,2,0,2,0,4,3,3,0,0,196,16,8,8,2.667,0,1,1,6,2,,,0,-,+1 levelup
123,12467,3,Normal,16,2,2,1,0,45,0,3,3,48,0,2,2,5,3,3,0,0,0,1,0,283,44,10,9,9,1,0,0,6,4,RH=Crude Sword|LH=Crude Sword|BD=Crude Armour|A1=Crude Bracelet|A2=Crude Bracelet,Swords_T1_03=1,0,-,party wiped
124,12468,1,Normal,30,4,4,4,0,37,37,0,0,45,0,1,1,0,5,1,0,3,3,0,0,252,24,13,13,3.25,0,1,1,5,3,,,0,-,floor1_town
124,12468,2,Normal,31,2,2,2,0,37,21,0,0,35,0,1,1,2,3,3,0,0,0,0,0,196,16,13,13,6.5,0,1,1,5,4,,,0,-,
124,12468,3,Normal,2,1,1,0,0,21,0,0,0,0,0,1,1,0,3,3,0,0,0,0,0,28,37,3,0,0,1,0,0,11,4,RH=Crude Sword|LH=Crude Sword|BD=Crude Armour|A1=Crude Bracelet|A2=Crude Bracelet,,0,-,party wiped
125,12469,1,Normal,28,1,1,1,0,37,37,0,0,15,0,1,1,0,1,0,2,3,3,0,0,84,8,4,4,4,0,1,1,2,3,,,0,-,floor1_town
125,12469,2,Normal,36,5,5,5,0,37,37,0,0,65,0,1,1,0,5,0,4,1,3,0,0,364,24,16,16,3.2,0,1,1,5,4,,,0,-,
125,12469,3,Normal,11,1,1,0,0,37,0,0,0,0,0,1,1,1,3,3,3,0,0,0,0,95,37,4,0,0,1,0,0,11,4,RH=Crude Sword|LH=Crude Sword|BD=Crude Armour|A1=Crude Bracelet|A2=Crude Bracelet,,0,-,party wiped
126,12470,1,Normal,26,3,3,3,0,37,37,0,0,50,0,1,1,0,6,3,0,3,3,0,0,280,8,16,16,5.333,0,1,1,4,4,,,0,-,floor1_town
126,12470,2,Normal,31,5,5,5,0,37,45,0,2,50,0,1,2,0,3,2,2,3,3,0,0,280,8,13,13,2.6,0,1,1,5,1,,,0,-,+1 levelup
126,12470,3,Normal,26,4,4,3,0,45,0,2,2,96,0,2,2,3,6,6,0,0,0,4,0,597,62,16,14,4.667,1,0,0,6,4,RH=Crude Sword|LH=Crude Sword|BD=Crude Armour|A1=Crude Bracelet|A2=Crude Bracelet,Swords_T1_03=4,0,-,party wiped
127,12471,1,Normal,40,6,6,6,0,37,37,0,0,65,0,1,1,0,3,0,2,3,3,0,0,364,16,16,16,2.667,0,1,1,7,2,,,0,-,floor1_town
127,12471,2,Normal,29,2,2,2,0,37,37,0,0,30,0,1,1,0,3,2,3,0,1,0,0,168,0,10,10,5,0,1,1,7,2,,,0,-,
127,12471,3,Normal,31,2,2,1,1,37,46,0,3,12,0,1,2,3,4,3,0,2,3,0,0,240,35,8,2,2,0,1,1,19,1,,,0,-,+1 levelup; flee×1
127,12471,4,Normal,26,3,3,3,0,46,46,3,3,35,0,2,2,0,2,3,0,0,0,2,0,196,-2,11,11,3.667,0,1,1,19,1,,Swords_T1_03=2,0,-,
127,12471,5,Normal,28,1,1,0,1,46,7,3,3,0,0,2,2,0,0,0,0,0,0,1,0,28,38,2,0,0,0,1,1,19,3,,Swords_T1_03=1,0,-,flee×1
127,12471,6,Normal,29,4,4,3,0,7,0,3,3,40,0,2,2,0,3,3,0,0,0,2,0,330,44,16,11,3.667,1,0,0,20,4,RH=Crude Sword|LH=Crude Sword|BD=Crude Armour|A1=Crude Bracelet|A2=Crude Bracelet,Swords_T1_03=2,0,-,party wiped
128,12472,1,Normal,37,2,2,2,0,37,37,0,0,20,0,1,1,0,1,0,0,3,3,0,0,112,0,4,4,2,0,1,1,3,3,,,0,-,floor1_town
128,12472,2,Normal,26,3,3,3,0,37,21,0,0,40,0,1,1,0,3,3,0,0,0,0,0,224,32,11,11,3.667,0,1,1,5,4,,,0,-,
128,12472,3,Normal,10,2,2,1,0,21,0,0,0,12,0,1,1,1,5,3,0,0,0,0,0,183,37,7,3,3,1,0,0,17,4,RH=Crude Sword|LH=Crude Sword|BD=Crude Armour|A1=Crude Bracelet|A2=Crude Bracelet,,0,-,party wiped
129,12473,1,Normal,35,3,3,3,0,37,37,0,0,40,0,1,1,0,5,2,1,3,3,0,0,224,8,13,13,4.333,0,1,1,4,2,,,0,-,floor1_town
129,12473,2,Normal,33,2,2,2,0,37,37,0,0,10,0,1,1,0,0,0,1,3,3,0,0,56,0,2,2,1,0,1,1,4,1,,,0,-,
129,12473,3,Normal,39,5,5,5,0,37,45,0,2,96,0,1,2,2,8,3,1,0,0,2,0,480,26,17,17,3.4,0,1,1,28,2,,Swords_T1_03=2,0,-,+1 levelup
129,12473,4,Normal,39,5,5,5,0,45,45,2,2,45,0,2,2,1,2,0,0,1,3,1,0,252,15,13,13,2.6,0,1,1,29,1,,Swords_T1_03=1,0,-,
129,12473,5,Normal,36,4,4,4,0,45,45,2,2,55,0,2,2,0,3,3,0,1,3,3,0,308,13,14,14,3.5,0,1,1,30,3,,Swords_T1_03=3,0,-,
129,12473,6,Normal,26,2,2,2,0,45,36,2,2,20,0,2,2,0,0,0,0,1,3,1,0,112,8,4,4,2,0,1,1,30,3,,Swords_T1_03=1,0,-,
129,12473,7,Normal,33,1,1,1,0,36,37,2,2,15,0,2,2,0,1,1,0,0,2,1,0,84,-2,4,4,4,0,1,1,30,3,,Swords_T1_03=1,0,-,
129,12473,8,Normal,4,1,1,0,0,37,0,2,2,0,0,2,2,0,3,0,0,0,3,1,0,89,44,2,0,0,1,0,0,36,3,RH=Crude Sword|LH=Crude Sword|BD=Crude Armour|A1=Crude Bracelet|A2=Crude Bracelet,Swords_T1_03=1,0,-,party wiped
130,12474,1,Normal,33,4,4,4,0,37,37,0,0,60,0,1,1,0,7,3,0,3,3,0,0,336,8,16,16,4,0,1,1,5,2,,,0,-,floor1_town
130,12474,2,Normal,31,1,1,1,0,37,29,0,0,10,0,1,1,0,0,0,2,3,3,0,0,56,8,2,2,2,0,1,1,5,2,,,0,-,
130,12474,3,Normal,27,1,1,1,0,29,26,0,0,24,0,1,1,0,3,1,2,0,2,0,0,120,11,5,5,5,0,1,1,11,2,,,0,-,
130,12474,4,Normal,36,7,7,7,0,26,37,0,1,80,0,1,2,1,4,3,1,2,3,4,0,448,34,20,20,2.857,0,1,1,13,2,,Swords_T1_03=4,0,-,+1 levelup
130,12474,5,Normal,30,3,3,2,0,37,0,1,1,25,0,2,2,1,2,3,0,0,0,2,0,221,35,10,7,3.5,1,0,0,13,4,RH=Crude Sword|LH=Crude Sword|BD=Crude Armour|A1=Crude Bracelet|A2=Crude Bracelet,Swords_T1_03=2,0,-,party wiped
131,12475,1,Normal,31,3,3,3,0,37,37,0,0,40,0,1,1,0,4,0,1,3,3,0,0,224,8,10,10,3.333,0,1,1,4,3,,,0,-,floor1_town
131,12475,2,Normal,36,3,3,3,0,37,37,0,0,15,0,1,1,0,0,0,1,3,3,0,0,84,0,3,3,1,0,1,1,4,1,,,0,-,
131,12475,3,Normal,28,4,4,4,0,37,44,0,1,120,0,1,2,3,9,6,0,0,3,2,0,600,62,21,21,5.25,0,1,1,17,2,,Swords_T1_03=2,0,-,+1 levelup
131,12475,4,Normal,36,5,5,4,0,44,0,1,1,35,0,2,2,0,0,3,0,0,0,4,0,251,40,12,10,2.5,1,0,0,17,4,RH=Crude Sword|LH=Crude Sword|BD=Crude Armour|A1=Crude Bracelet|A2=Crude Bracelet,Swords_T1_03=4,0,-,party wiped
132,12476,1,Normal,29,4,4,4,0,37,37,0,0,55,0,1,1,0,6,3,2,3,3,0,0,308,24,15,15,3.75,0,1,1,5,3,,,0,-,floor1_town
132,12476,2,Normal,37,4,4,4,0,37,46,0,2,45,0,1,2,0,4,3,2,0,0,0,0,252,8,12,12,3,0,1,1,6,1,,,0,-,+1 levelup
132,12476,3,Normal,10,1,1,0,0,46,0,2,2,0,0,2,2,3,0,0,0,0,0,1,0,116,45,3,0,0,1,0,0,6,4,RH=Crude Sword|LH=Crude Sword|BD=Crude Armour|A1=Crude Bracelet|A2=Crude Bracelet,Swords_T1_03=1,0,-,party wiped
133,12477,1,Normal,27,2,2,2,0,37,37,0,0,25,0,1,1,1,3,3,0,3,3,0,0,140,19,9,9,4.5,0,1,1,3,1,,,0,-,floor1_town
133,12477,2,Normal,39,5,5,4,1,37,45,0,2,75,0,1,2,0,13,8,0,0,2,0,0,504,74,31,25,6.25,0,1,1,7,4,,,0,-,+1 levelup; flee×1
133,12477,3,Normal,3,1,1,0,0,45,0,2,2,0,0,2,2,0,0,2,0,0,0,0,0,93,45,3,0,0,1,0,0,7,3,RH=Crude Sword|LH=Crude Sword|BD=Crude Armour|A1=Crude Bracelet|A2=Crude Bracelet,,0,-,party wiped
134,12478,1,Normal,25,1,1,1,0,37,37,0,0,5,0,1,1,0,0,0,2,3,3,0,0,28,0,1,1,1,0,1,1,2,1,,,0,-,floor1_town
134,12478,2,Normal,28,5,5,5,0,37,37,0,0,55,0,1,1,0,6,5,4,0,1,0,0,308,13,15,15,3,0,1,1,3,4,,,0,-,
134,12478,3,Normal,31,4,4,3,1,37,3,0,3,84,0,1,2,5,8,5,0,0,0,0,0,457,59,18,17,5.667,0,1,1,21,4,,,0,-,+1 levelup; flee×1
134,12478,4,Normal,34,3,3,2,1,3,6,3,3,40,0,2,2,0,5,3,0,0,0,2,0,252,50,14,12,6,0,1,1,23,3,,Swords_T1_03=2,0,-,flee×1
134,12478,5,Normal,26,2,2,2,0,6,32,3,3,35,0,2,2,0,3,2,0,0,1,1,0,196,12,11,11,5.5,0,1,1,24,4,,Swords_T1_03=1,0,-,
134,12478,6,Normal,31,3,3,3,0,32,44,3,3,25,0,2,2,0,3,0,0,0,3,2,0,140,-1,6,6,2,0,1,1,25,1,,Swords_T1_03=2,0,-,
134,12478,7,Normal,35,3,3,3,0,44,44,3,3,40,0,2,2,0,0,3,0,3,3,3,0,224,37,9,9,3,0,1,1,26,1,,Swords_T1_03=3,0,-,
134,12478,8,Normal,19,1,1,0,0,44,0,3,3,0,0,2,2,0,0,0,0,3,3,1,0,50,44,1,0,0,1,0,0,32,4,RH=Crude Sword|LH=Crude Sword|BD=Crude Armour|A1=Crude Bracelet|A2=Crude Bracelet,Swords_T1_03=1,0,-,party wiped
135,12479,1,Normal,39,4,4,4,0,37,37,0,0,55,0,1,1,0,6,6,0,3,3,0,0,308,55,16,16,4,0,1,1,5,1,,,0,-,floor1_town
135,12479,2,Normal,39,3,3,3,0,37,37,0,0,40,0,1,1,1,3,3,0,3,3,0,0,224,21,12,12,4,0,1,1,6,1,,,0,-,
135,12479,3,Normal,30,2,2,2,0,37,43,0,1,36,0,1,2,0,2,0,0,1,3,1,0,180,11,6,6,3,0,1,1,12,1,,Swords_T1_03=1,0,-,+1 levelup
135,12479,4,Normal,38,4,4,4,0,43,23,1,1,65,0,2,2,0,4,4,0,0,0,2,0,364,31,19,19,4.75,0,1,1,13,3,,Swords_T1_03=2,0,-,
135,12479,5,Normal,40,3,3,3,0,23,44,1,1,40,0,2,2,0,3,2,0,0,1,2,0,224,-2,12,12,4,0,1,1,14,2,,Swords_T1_03=2,0,-,
135,12479,6,Normal,30,3,3,2,0,44,0,1,1,15,0,2,2,0,0,1,0,0,0,2,0,112,42,6,3,1.5,1,0,0,14,3,RH=Crude Sword|LH=Crude Sword|BD=Crude Armour|A1=Crude Bracelet|A2=Crude Bracelet,Swords_T1_03=2,0,-,party wiped
136,12480,1,Normal,37,4,4,4,0,37,37,0,0,55,0,1,1,0,7,1,2,3,3,0,0,308,16,16,16,4,0,1,1,5,2,,,0,-,floor1_town
136,12480,2,Normal,39,3,3,3,0,37,45,0,3,50,0,1,2,1,3,3,2,0,0,0,0,280,8,12,12,4,0,1,1,5,4,,,0,-,+1 levelup
136,12480,3,Normal,25,2,2,2,0,45,44,3,3,36,0,2,2,1,2,0,3,1,3,2,0,180,14,7,7,3.5,0,1,1,6,1,,Swords_T1_03=2,0,-,
136,12480,4,Normal,29,2,2,2,0,44,45,3,3,30,0,2,2,0,3,0,3,1,3,1,0,168,11,6,6,3,0,1,1,7,3,,Swords_T1_03=1,0,-,
136,12480,5,Normal,32,4,4,4,0,45,24,3,3,50,0,2,2,0,1,3,3,0,0,2,0,280,19,10,10,2.5,0,1,1,7,4,,Swords_T1_03=2,0,-,
136,12480,6,Normal,31,3,3,3,0,24,37,3,3,50,0,2,2,0,3,2,3,0,1,1,0,280,7,12,12,4,0,1,1,8,4,,Swords_T1_03=1,0,-,
136,12480,7,Normal,37,3,3,3,0,37,50,3,5,60,0,2,3,1,3,4,2,0,0,4,0,336,19,14,14,4.667,0,1,1,9,4,,Swords_T1_03=3|Swords_T1_04=1,0,-,+1 levelup
136,12480,8,Normal,1,1,1,0,0,50,0,5,5,0,0,3,3,2,1,0,0,2,3,1,0,146,50,3,0,0,1,0,0,15,2,RH=Crude Sword|LH=Crude Sword|BD=Crude Armour|A1=Crude Bracelet|A2=Crude Bracelet,Swords_T1_03=1,0,-,party wiped
137,12481,1,Normal,35,4,4,4,0,37,37,0,0,20,0,1,1,0,1,0,0,3,3,0,0,112,0,6,6,1.5,0,1,1,5,1,,,0,-,floor1_town
137,12481,2,Normal,40,4,4,4,0,37,29,0,0,55,0,1,1,0,6,1,1,0,3,0,0,308,16,13,13,3.25,0,1,1,6,4,,,0,-,
137,12481,3,Normal,24,2,2,1,0,29,0,0,1,36,0,1,2,2,3,3,0,0,0,1,0,277,58,10,8,8,1,0,0,12,2,RH=Crude Sword|LH=Crude Sword|BD=Crude Armour|A1=Crude Bracelet|A2=Crude Bracelet,Swords_T1_03=1,0,-,party wiped; +1 levelup
138,12482,1,Normal,33,4,4,4,0,37,37,0,0,40,0,1,1,0,3,0,1,3,3,0,0,224,8,10,10,2.5,0,1,1,5,3,,,0,-,floor1_town
138,12482,2,Normal,31,3,3,3,0,37,37,0,0,35,0,1,1,0,3,0,1,0,3,0,0,196,16,10,10,3.333,0,1,1,7,3,,,0,-,
138,12482,3,Normal,2,1,1,0,0,37,0,0,0,0,0,1,1,3,3,3,0,0,0,0,0,155,37,6,0,0,1,0,0,13,4,RH=Crude Sword|LH=Crude Sword|BD=Crude Armour|A1=Crude Bracelet|A2=Crude Bracelet,,0,-,party wiped
139,12483,1,Normal,31,3,3,3,0,37,37,0,0,45,0,1,1,0,6,4,0,3,3,0,0,252,32,16,16,5.333,0,1,1,4,4,,,0,-,floor1_town
139,12483,2,Normal,39,4,4,4,0,37,46,0,1,60,0,1,2,2,3,3,0,0,0,0,0,336,32,17,17,4.25,0,1,1,4,4,,,0,-,+1 levelup
139,12483,3,Normal,19,2,2,1,0,46,0,1,1,12,0,2,2,2,0,0,0,0,0,2,0,255,44,6,1,1,1,0,0,4,4,RH=Crude Sword|LH=Crude Sword|BD=Crude Armour|A1=Crude Bracelet|A2=Crude Bracelet,Swords_T1_03=2,0,-,party wiped
140,12484,1,Normal,29,2,2,2,0,37,37,0,0,20,0,1,1,0,2,0,1,3,3,0,0,112,8,6,6,3,0,1,1,3,1,,,0,-,floor1_town
140,12484,2,Normal,27,6,6,6,0,37,29,0,0,65,0,1,1,0,4,3,3,0,0,0,0,364,24,16,16,2.667,0,1,1,5,3,,,0,-,
140,12484,3,Normal,27,3,3,2,0,29,0,0,3,60,0,1,2,5,4,3,0,0,0,0,0,404,81,13,11,5.5,1,0,0,17,2,RH=Crude Sword|LH=Crude Sword|BD=Crude Armour|A1=Crude Bracelet|A2=Crude Bracelet,,0,-,party wiped; +1 levelup
141,12485,1,Normal,27,5,5,5,0,37,37,0,0,65,0,1,1,0,9,4,0,3,3,0,0,364,8,21,21,4.2,0,1,1,6,1,,,0,-,floor1_town
141,12485,2,Normal,29,4,4,4,0,37,36,0,1,45,0,1,2,0,4,3,1,2,3,1,0,252,29,12,12,3,0,1,1,7,2,,Swords_T1_03=1,0,-,+1 levelup
141,12485,3,Normal,35,2,2,2,0,36,44,1,1,24,0,2,2,0,0,0,1,3,3,1,0,120,0,3,3,1.5,0,1,1,8,1,,Swords_T1_03=1,0,-,
141,12485,4,Normal,30,4,4,4,0,44,30,1,1,55,0,2,2,0,3,3,1,0,0,2,0,308,12,15,15,3.75,0,1,1,8,1,,Swords_T1_03=2,0,-,
141,12485,5,Normal,25,2,2,2,0,30,45,1,1,20,0,2,2,0,1,0,1,2,3,2,0,112,-2,4,4,2,0,1,1,9,2,,Swords_T1_03=2,0,-,
141,12485,6,Normal,35,6,6,6,0,45,34,1,1,55,0,2,2,0,2,2,1,0,1,5,0,308,6,13,13,2.167,0,1,1,9,1,,Swords_T1_03=5,0,-,
141,12485,7,Normal,15,3,3,2,0,34,0,1,1,15,0,2,2,1,0,1,0,0,0,3,0,168,31,8,3,1.5,1,0,0,9,4,RH=Crude Sword|LH=Crude Sword|BD=Crude Armour|A1=Crude Bracelet|A2=Crude Bracelet,Swords_T1_03=3,0,-,party wiped
142,12486,1,Normal,25,3,3,3,0,37,37,0,0,30,0,1,1,0,3,0,1,3,3,0,0,168,0,6,6,2,0,1,1,4,4,,,0,-,floor1_town
142,12486,2,Normal,30,4,4,4,0,37,45,0,1,70,0,1,2,0,9,2,1,0,1,0,0,392,32,18,18,4.5,0,1,1,7,4,,,0,-,+1 levelup
142,12486,3,Normal,39,3,3,3,0,45,10,1,1,96,0,2,2,2,3,4,0,0,0,3,0,480,61,13,13,4.333,0,1,1,8,3,,Swords_T1_03=3,0,-,
142,12486,4,Normal,25,1,1,1,0,10,45,1,1,20,0,2,2,0,3,2,0,0,1,1,0,112,-1,6,6,6,0,1,1,9,4,,Swords_T1_03=1,0,-,
142,12486,5,Normal,28,3,3,2,1,45,37,1,1,30,0,2,2,0,3,2,0,0,2,1,0,252,39,12,9,4.5,0,1,1,10,3,,Swords_T1_03=1,0,-,flee×1
142,12486,6,Normal,21,3,3,2,0,37,0,1,1,20,0,2,2,0,0,2,0,0,0,1,0,168,36,7,5,2.5,1,0,0,10,4,RH=Crude Sword|LH=Crude Sword|BD=Crude Armour|A1=Crude Bracelet|A2=Crude Bracelet,Swords_T1_03=1,0,-,party wiped
143,12487,1,Normal,39,2,2,2,0,37,37,0,0,30,0,1,1,0,4,3,2,3,3,0,0,168,21,8,8,4,0,1,1,3,2,,,0,-,floor1_town
143,12487,2,Normal,35,2,2,2,0,37,37,0,0,25,0,1,1,0,3,1,2,0,2,0,0,140,0,7,7,3.5,0,1,1,3,4,,,0,-,
143,12487,3,Normal,25,0,0,0,0,37,37,0,0,0,0,1,1,0,0,0,4,0,2,0,0,0,0,0,0,0,0,1,1,3,0,,,0,-,
143,12487,4,Normal,27,3,3,3,0,37,29,0,0,30,0,1,1,0,1,0,4,2,3,0,0,168,16,8,8,2.667,0,1,1,4,3,,,0,-,
143,12487,5,Normal,30,4,4,4,0,29,45,0,2,55,0,1,2,1,3,3,3,0,0,2,0,308,6,14,14,3.5,0,1,1,5,4,,Swords_T1_03=2,0,-,+1 levelup
143,12487,6,Normal,35,3,3,3,0,45,20,2,2,40,0,2,2,2,0,0,1,0,0,2,0,224,23,11,11,3.667,0,1,1,5,3,,Swords_T1_03=2,0,-,
143,12487,7,Normal,36,6,6,6,0,20,44,2,2,75,0,2,2,0,6,4,1,0,2,6,0,420,19,21,21,3.5,0,1,1,7,1,,Swords_T1_03=6,0,-,
143,12487,8,Normal,8,1,1,0,0,44,0,2,2,0,0,2,2,0,0,0,1,3,3,1,0,63,44,1,0,0,1,0,0,13,3,RH=Crude Sword|LH=Crude Sword|BD=Crude Armour|A1=Crude Bracelet|A2=Crude Bracelet,Swords_T1_03=1,0,-,party wiped
144,12488,1,Normal,37,4,4,4,0,37,37,0,0,50,0,1,1,0,3,0,1,3,3,0,0,280,8,13,13,3.25,0,1,1,5,4,,,0,-,floor1_town
144,12488,2,Normal,25,3,3,3,0,37,37,0,0,25,0,1,1,0,1,0,2,3,3,0,0,140,8,5,5,1.667,0,1,1,6,1,,,0,-,
144,12488,3,Normal,12,1,1,0,0,37,0,0,0,0,0,1,1,2,3,3,2,0,0,0,0,116,37,6,0,0,1,0,0,12,3,RH=Crude Sword|LH=Crude Sword|BD=Crude Armour|A1=Crude Bracelet|A2=Crude Bracelet,,0,-,party wiped
145,12489,1,Normal,35,3,3,3,0,37,37,0,0,30,0,1,1,0,3,0,2,3,3,0,0,168,16,8,8,2.667,0,1,1,4,3,,,0,-,floor1_town
145,12489,2,Normal,28,3,3,3,0,37,16,0,0,35,0,1,1,0,3,3,4,0,0,0,0,196,21,9,9,3,0,1,1,4,3,,,0,-,
145,12489,3,Normal,33,1,1,1,0,16,37,0,0,12,0,1,1,0,1,0,5,2,3,0,0,60,0,2,2,2,0,1,1,10,1,,,0,-,
145,12489,4,Normal,25,2,2,2,0,37,45,0,1,40,0,1,2,0,5,3,5,0,1,0,0,224,8,12,12,6,0,1,1,11,4,,,0,-,+1 levelup
145,12489,5,Normal,36,5,5,5,0,45,36,1,1,65,0,2,2,2,3,1,3,0,3,3,0,364,28,17,17,3.4,0,1,1,12,1,,Swords_T1_03=3,0,-,
145,12489,6,Normal,29,4,4,4,0,36,32,1,1,35,0,2,2,0,0,2,3,0,1,2,0,196,2,8,8,2,0,1,1,12,2,,Swords_T1_03=2,0,-,
145,12489,7,Normal,25,2,2,2,0,32,45,1,1,30,0,2,2,0,3,1,3,0,2,1,0,168,-1,7,7,3.5,0,1,1,13,4,,Swords_T1_03=1,0,-,
145,12489,8,Normal,8,1,1,0,0,45,0,1,1,0,0,2,2,1,0,0,2,3,3,1,0,102,44,2,0,0,1,0,0,19,1,RH=Crude Sword|LH=Crude Sword|BD=Crude Armour|A1=Crude Bracelet|A2=Crude Bracelet,Swords_T1_03=1,0,-,party wiped
146,12490,1,Normal,33,3,3,3,0,37,37,0,0,55,0,1,1,0,8,5,0,3,3,0,0,308,18,19,19,6.333,0,1,1,4,3,,,0,-,floor1_town
146,12490,2,Normal,38,1,1,1,0,37,31,0,0,5,0,1,1,0,0,0,1,3,3,0,0,28,6,2,2,2,0,1,1,4,1,,,0,-,
146,12490,3,Normal,22,4,4,3,0,31,0,0,2,60,0,1,2,1,6,4,0,0,0,0,0,390,46,13,10,3.333,1,0,0,22,4,RH=Crude Sword|LH=Crude Sword|BD=Crude Armour|A1=Crude Bracelet|A2=Crude Bracelet,,0,-,party wiped; +1 levelup
147,12491,1,Normal,31,2,2,2,0,37,37,0,0,15,0,1,1,0,1,0,2,3,3,0,0,84,0,3,3,1.5,0,1,1,3,2,,,0,-,floor1_town
147,12491,2,Normal,25,3,3,3,0,37,29,0,0,45,0,1,1,0,4,1,2,2,3,0,0,252,16,10,10,3.333,0,1,1,4,3,,,0,-,
147,12491,3,Normal,31,6,6,5,1,29,46,0,1,156,0,1,2,4,14,10,0,1,3,2,0,960,102,31,26,5.2,0,1,1,19,2,,Swords_T1_03=2,0,-,+1 levelup; flee×1
147,12491,4,Normal,25,4,4,4,0,46,46,1,1,50,0,2,2,0,3,3,0,1,3,2,0,280,24,14,14,3.5,0,1,1,20,1,,Swords_T1_03=2,0,-,
147,12491,5,Normal,7,2,2,1,0,46,0,1,1,15,0,2,2,0,1,3,0,0,0,2,0,165,44,7,3,3,1,0,0,20,4,RH=Crude Sword|LH=Crude Sword|BD=Crude Armour|A1=Crude Bracelet|A2=Crude Bracelet,Swords_T1_03=2,0,-,party wiped
148,12492,1,Normal,29,4,4,4,0,37,37,0,0,55,0,1,1,0,4,3,0,3,3,0,0,308,34,15,15,3.75,0,1,1,5,2,,,0,-,floor1_town
148,12492,2,Normal,29,3,3,3,0,37,37,0,0,25,0,1,1,0,1,0,2,3,3,0,0,140,8,6,6,2,0,1,1,6,1,,,0,-,
148,12492,3,Normal,3,1,1,0,0,37,0,0,0,0,0,1,1,3,3,3,0,0,0,0,0,138,37,5,0,0,1,0,0,12,4,RH=Crude Sword|LH=Crude Sword|BD=Crude Armour|A1=Crude Bracelet|A2=Crude Bracelet,,0,-,party wiped
149,12493,1,Normal,27,4,4,4,0,37,37,0,0,40,0,1,1,0,3,0,1,3,3,0,0,224,8,9,9,2.25,0,1,1,5,2,,,0,-,floor1_town
149,12493,2,Normal,33,5,5,5,0,37,37,0,0,55,0,1,1,0,5,0,1,0,3,0,0,308,8,12,12,2.4,0,1,1,6,3,,,0,-,
149,12493,3,Normal,38,2,2,2,0,37,45,0,1,36,0,1,2,0,3,0,2,0,3,1,0,180,-1,5,5,2.5,0,1,1,12,2,,Swords_T1_03=1,0,-,+1 levelup
149,12493,4,Normal,28,1,1,1,0,45,32,1,1,20,0,2,2,0,0,2,2,0,1,0,0,112,13,4,4,4,0,1,1,12,4,,,0,-,
149,12493,5,Normal,38,5,5,5,0,32,45,1,1,70,0,2,2,1,6,3,1,0,3,2,0,392,14,20,20,4,0,1,1,14,2,,Swords_T1_03=2,0,-,
149,12493,6,Normal,34,5,5,5,0,45,44,1,1,60,0,2,2,1,0,3,0,3,3,3,0,336,37,17,17,3.4,0,1,1,15,1,,Swords_T1_03=3,0,-,
149,12493,7,Normal,34,1,1,1,0,44,45,1,1,15,0,2,2,0,2,0,0,1,3,0,0,84,-1,4,4,4,0,1,1,15,3,,,0,-,
149,12493,8,Normal,1,1,1,0,0,45,0,1,1,0,0,2,2,0,0,0,0,3,3,0,0,42,45,1,0,0,1,0,0,21,1,RH=Crude Sword|LH=Crude Sword|BD=Crude Armour|A1=Crude Bracelet|A2=Crude Bracelet,,0,-,party wiped
150,12494,1,Normal,25,2,2,2,0,37,37,0,0,40,0,1,1,0,6,5,0,3,3,0,0,224,16,12,12,6,0,1,1,3,4,,,0,-,floor1_town
150,12494,2,Normal,27,3,3,3,0,37,37,0,0,20,0,1,1,0,1,0,1,2,3,0,0,112,0,5,5,1.667,0,1,1,3,1,,,0,-,
150,12494,3,Normal,2,1,1,0,0,37,0,0,0,0,0,1,1,3,3,3,0,0,0,0,0,155,37,5,0,0,1,0,0,9,4,RH=Crude Sword|LH=Crude Sword|BD=Crude Armour|A1=Crude Bracelet|A2=Crude Bracelet,,0,-,party wiped
151,12495,1,Normal,39,5,5,5,0,37,37,0,0,45,0,1,1,0,3,0,1,3,3,0,0,252,8,11,11,2.2,0,1,1,6,1,,,0,-,floor1_town
151,12495,2,Normal,36,4,4,4,0,37,37,0,0,30,0,1,1,0,1,0,3,3,3,0,0,168,8,6,6,1.5,0,1,1,7,1,,,0,-,
151,12495,3,Normal,23,2,2,1,0,37,0,0,0,12,0,1,1,0,4,3,5,0,0,0,0,183,37,6,2,2,1,0,0,19,3,RH=Crude Sword|LH=Crude Sword|BD=Crude Armour|A1=Crude Bracelet|A2=Crude Bracelet,,0,-,party wiped
152,12496,1,Normal,37,5,5,5,0,37,37,0,0,75,0,1,1,0,9,1,2,3,3,0,0,420,16,18,18,3.6,0,1,1,6,2,,,0,-,floor1_town
152,12496,2,Normal,28,4,4,4,0,37,45,0,1,40,0,1,2,0,3,1,4,0,2,1,0,224,8,9,9,2.25,0,1,1,7,1,,Swords_T1_03=1,0,-,+1 levelup
152,12496,3,Normal,4,1,1,0,0,45,0,1,1,0,0,2,2,4,0,2,0,0,0,1,0,181,44,6,0,0,1,0,0,7,4,RH=Crude Sword|LH=Crude Sword|BD=Crude Armour|A1=Crude Bracelet|A2=Crude Bracelet,Swords_T1_03=1,0,-,party wiped
153,12497,1,Normal,35,6,6,6,0,37,37,0,0,85,0,1,1,0,9,1,1,3,3,0,0,476,16,21,21,3.5,0,1,1,7,1,,,0,-,floor1_town
153,12497,2,Normal,36,5,5,5,0,37,32,0,3,80,0,1,2,2,6,4,0,0,2,1,0,448,25,23,23,4.6,0,1,1,8,3,,Swords_T1_03=1,0,-,+1 levelup
153,12497,3,Normal,12,2,2,1,0,32,0,3,3,48,0,2,2,2,6,6,0,0,0,4,0,344,57,11,8,8,1,0,0,10,4,RH=Crude Sword|LH=Crude Sword|BD=Crude Armour|A1=Crude Bracelet|A2=Crude Bracelet,Swords_T1_03=4,0,-,party wiped
154,12498,1,Normal,33,4,4,4,0,37,37,0,0,40,0,1,1,0,3,0,2,3,3,0,0,224,8,9,9,2.25,0,1,1,5,2,,,0,-,floor1_town
154,12498,2,Normal,33,3,3,3,0,37,37,0,0,30,0,1,1,0,2,0,4,2,3,0,0,168,8,7,7,2.333,0,1,1,6,2,,,0,-,
154,12498,3,Normal,3,1,1,0,0,37,0,0,0,0,0,1,1,5,3,3,0,0,0,0,0,180,37,7,0,0,1,0,0,12,4,RH=Crude Sword|LH=Crude Sword|BD=Crude Armour|A1=Crude Bracelet|A2=Crude Bracelet,,0,-,party wiped
155,12499,1,Normal,31,3,3,3,0,37,37,0,0,45,0,1,1,0,6,4,0,3,3,0,0,252,8,13,13,4.333,0,1,1,4,4,,,0,-,floor1_town
155,12499,2,Normal,27,3,3,3,0,37,37,0,0,45,0,1,1,1,6,3,1,0,3,0,0,252,16,13,13,4.333,0,1,1,6,3,,,0,-,
155,12499,3,Normal,6,1,1,0,0,37,0,0,0,0,0,1,1,2,3,3,0,0,0,0,0,123,37,4,0,0,1,0,0,12,4,RH=Crude Sword|LH=Crude Sword|BD=Crude Armour|A1=Crude Bracelet|A2=Crude Bracelet,,0,-,party wiped
156,12500,1,Normal,29,2,2,2,0,37,37,0,0,25,0,1,1,1,3,3,1,3,3,0,0,140,8,8,8,4,0,1,1,3,1,,,0,-,floor1_town
156,12500,2,Normal,29,4,4,4,0,37,37,0,0,50,0,1,1,0,4,1,3,3,3,0,0,280,24,12,12,3,0,1,1,6,1,,,0,-,
156,12500,3,Normal,35,2,2,1,1,37,2,0,0,12,0,1,1,3,4,3,0,0,0,0,0,202,46,9,3,3,0,1,1,18,4,,,0,-,flee×1
156,12500,4,Normal,12,2,2,1,0,2,0,0,2,15,0,1,2,0,3,3,0,0,0,0,0,195,45,12,4,4,1,0,0,19,4,RH=Crude Sword|LH=Crude Sword|BD=Crude Armour|A1=Crude Bracelet|A2=Crude Bracelet,,0,-,party wiped; +1 levelup
157,12501,1,Normal,27,2,2,2,0,37,37,0,0,20,0,1,1,0,2,0,0,3,3,0,0,112,0,5,5,2.5,0,1,1,3,3,,,0,-,floor1_town
157,12501,2,Normal,35,3,3,3,0,37,29,0,0,40,0,1,1,0,5,0,2,1,3,0,0,224,16,11,11,3.667,0,1,1,4,3,,,0,-,
157,12501,3,Normal,29,4,4,3,0,29,0,0,2,72,0,1,2,4,7,4,0,0,0,1,0,480,57,18,12,4,1,0,0,22,3,RH=Crude Sword|LH=Crude Sword|BD=Crude Armour|A1=Crude Bracelet|A2=Crude Bracelet,Swords_T1_03=1,0,-,party wiped; +1 levelup
158,12502,1,Normal,25,2,2,2,0,37,37,0,0,25,0,1,1,0,3,3,2,3,3,0,0,140,0,8,8,4,0,1,1,3,1,,,0,-,floor1_town
158,12502,2,Normal,39,6,6,6,0,37,37,0,0,40,0,1,1,0,1,0,4,2,3,0,0,224,14,9,9,1.5,0,1,1,5,2,,,0,-,
158,12502,3,Normal,10,1,1,0,0,37,0,0,0,0,0,1,1,4,3,3,0,0,0,0,0,176,37,10,0,0,1,0,0,11,3,RH=Crude Sword|LH=Crude Sword|BD=Crude Armour|A1=Crude Bracelet|A2=Crude Bracelet,,0,-,party wiped
159,12503,1,Normal,39,5,5,5,0,37,37,0,0,80,0,1,1,0,10,4,0,3,3,0,0,448,16,22,22,4.4,0,1,1,6,2,,,0,-,floor1_town
159,12503,2,Normal,32,3,3,3,0,37,44,0,1,25,0,1,2,0,0,0,1,3,3,0,0,140,16,5,5,1.667,0,1,1,7,1,,,0,-,+1 levelup
159,12503,3,Normal,15,2,2,1,0,44,0,1,1,24,0,2,2,1,3,3,0,0,0,1,0,240,43,8,4,4,1,0,0,7,3,RH=Crude Sword|LH=Crude Sword|BD=Crude Armour|A1=Crude Bracelet|A2=Crude Bracelet,Swords_T1_03=1,0,-,party wiped
160,12504,1,Normal,37,4,4,4,0,37,37,0,0,45,0,1,1,0,5,1,1,3,3,0,0,252,8,11,11,2.75,0,1,1,5,3,,,0,-,floor1_town
160,12504,2,Normal,31,5,5,5,0,37,45,0,2,70,0,1,2,0,4,3,1,2,3,0,0,392,24,16,16,3.2,0,1,1,6,4,,,0,-,+1 levelup
160,12504,3,Normal,19,3,3,2,0,45,0,2,2,48,0,2,2,2,5,6,0,0,0,3,0,420,64,14,7,3.5,1,0,0,7,4,RH=Crude Sword|LH=Crude Sword|BD=Crude Armour|A1=Crude Bracelet|A2=Crude Bracelet,Swords_T1_03=3,0,-,party wiped
161,12505,1,Normal,35,4,4,4,0,37,37,0,0,45,0,1,1,0,6,0,0,3,3,0,0,252,18,14,14,3.5,0,1,1,5,3,,,0,-,floor1_town
161,12505,2,Normal,32,3,3,2,1,37,1,0,0,30,0,1,1,1,3,3,0,0,0,0,0,224,44,12,8,4,0,1,1,6,4,,,0,-,flee×1
161,12505,3,Normal,35,2,2,2,0,1,46,0,2,36,0,1,2,1,4,1,1,0,2,0,0,180,0,6,6,3,0,1,1,18,2,,,0,-,+1 levelup
161,12505,4,Normal,30,4,4,4,0,46,35,2,2,25,0,2,2,0,0,0,1,0,2,3,0,140,8,5,5,1.25,0,1,1,18,2,,Swords_T1_03=3,0,-,
161,12505,5,Normal,33,3,3,3,0,35,46,2,2,35,0,2,2,1,0,2,0,0,0,2,0,196,-13,9,9,3,0,1,1,18,3,,Swords_T1_03=2,0,-,
161,12505,6,Normal,27,4,4,2,1,46,0,2,2,25,0,2,2,0,3,3,0,0,0,3,0,252,85,12,8,4,1,0,0,19,4,RH=Crude Sword|LH=Crude Sword|BD=Crude Armour|A1=Crude Bracelet|A2=Crude Bracelet,Swords_T1_03=3,0,-,party wiped; flee×1
162,12506,1,Normal,33,4,4,4,0,37,37,0,0,55,0,1,1,0,4,1,1,3,3,0,0,308,30,13,13,3.25,0,1,1,5,2,,,0,-,floor1_town
162,12506,2,Normal,38,4,4,4,0,37,45,0,2,65,0,1,2,0,6,5,1,0,0,1,0,364,15,16,16,4,0,1,1,7,4,,Swords_T1_03=1,0,-,+1 levelup
162,12506,3,Normal,34,5,5,5,0,45,32,2,2,96,0,2,2,1,5,3,0,1,3,3,0,480,39,17,17,3.4,0,1,1,9,1,,Swords_T1_03=3,0,-,
162,12506,4,Normal,31,4,4,4,0,32,36,2,2,50,0,2,2,0,3,2,0,0,1,1,0,280,8,13,13,3.25,0,1,1,10,4,,Swords_T1_03=1,0,-,
162,12506,5,Normal,33,3,3,3,0,36,31,2,2,25,0,2,2,0,0,1,0,0,0,0,0,140,5,6,6,2,0,1,1,10,3,,,0,-,
162,12506,6,Normal,22,2,2,1,0,31,0,2,4,15,0,2,3,0,3,3,0,0,0,5,0,140,54,9,3,3,1,0,0,11,4,RH=Crude Sword|LH=Crude Sword|BD=Crude Armour|A1=Crude Bracelet|A2=Crude Bracelet,Swords_T1_03=1|Swords_T1_04=4,0,-,party wiped; +1 levelup
163,12507,1,Normal,31,4,4,4,0,37,37,0,0,40,0,1,1,0,4,0,2,3,3,0,0,224,8,9,9,2.25,0,1,1,5,3,,,0,-,floor1_town
163,12507,2,Normal,33,4,4,4,0,37,21,0,0,40,0,1,1,0,3,3,2,0,0,0,0,224,16,12,12,3,0,1,1,5,4,,,0,-,
163,12507,3,Normal,31,4,4,2,2,21,45,0,2,60,0,1,2,2,9,6,0,0,3,1,0,390,95,14,10,5,0,1,1,13,2,,Swords_T1_03=1,0,-,+1 levelup; flee×2
163,12507,4,Normal,36,5,5,5,0,45,45,2,2,70,0,2,2,0,3,6,0,0,0,1,0,392,12,19,19,3.8,0,1,1,14,1,,Swords_T1_03=1,0,-,
163,12507,5,Normal,20,2,2,1,0,45,0,2,2,5,0,2,2,0,0,0,0,0,0,1,0,111,44,4,1,1,1,0,0,14,4,RH=Crude Sword|LH=Crude Sword|BD=Crude Armour|A1=Crude Bracelet|A2=Crude Bracelet,Swords_T1_03=1,0,-,party wiped
164,12508,1,Normal,29,4,4,4,0,37,37,0,0,45,0,1,1,0,6,1,1,3,3,0,0,252,8,13,13,3.25,0,1,1,5,3,,,0,-,floor1_town
164,12508,2,Normal,26,3,3,3,0,37,37,0,0,35,0,1,1,0,3,0,2,0,3,0,0,196,0,7,7,2.333,0,1,1,5,4,,,0,-,
164,12508,3,Normal,11,3,3,2,0,37,0,0,3,36,0,1,2,3,3,3,0,0,0,1,0,295,44,10,7,3.5,1,0,0,11,4,RH=Crude Sword|LH=Crude Sword|BD=Crude Armour|A1=Crude Bracelet|A2=Crude Bracelet,Swords_T1_03=1,0,-,party wiped; +1 levelup
165,12509,1,Normal,27,4,4,4,0,37,37,0,0,40,0,1,1,0,2,0,2,3,3,0,0,224,16,9,9,2.25,0,1,1,5,2,,,0,-,floor1_town
165,12509,2,Normal,29,3,3,3,0,37,37,0,0,45,0,1,1,0,5,2,2,1,3,0,0,252,6,12,12,4,0,1,1,6,3,,,0,-,
165,12509,3,Normal,2,1,1,0,0,37,0,0,0,0,0,1,1,2,3,3,0,0,0,0,0,176,37,10,0,0,1,0,0,12,3,RH=Crude Sword|LH=Crude Sword|BD=Crude Armour|A1=Crude Bracelet|A2=Crude Bracelet,,0,-,party wiped
166,12510,1,Normal,25,3,3,3,0,37,37,0,0,25,0,1,1,0,2,0,0,3,3,0,0,140,8,7,7,2.333,0,1,1,4,3,,,0,-,floor1_town
166,12510,2,Normal,28,3,3,3,0,37,37,0,0,40,0,1,1,0,6,0,2,0,3,0,0,224,8,12,12,4,0,1,1,5,3,,,0,-,
166,12510,3,Normal,21,3,3,2,0,37,0,0,2,48,0,1,2,2,6,4,0,0,0,1,0,388,44,13,8,4,1,0,0,17,3,RH=Crude Sword|LH=Crude Sword|BD=Crude Armour|A1=Crude Bracelet|A2=Crude Bracelet,Swords_T1_03=1,0,-,party wiped; +1 levelup
167,12511,1,Normal,39,6,6,6,0,37,45,0,2,110,0,1,2,0,15,8,2,3,3,0,0,616,24,32,32,5.333,0,1,1,7,4,,,0,-,floor1_town; +1 levelup
167,12511,2,Normal,29,2,2,2,0,45,45,2,2,35,0,2,2,0,3,3,4,0,0,2,0,196,-2,12,12,6,0,1,1,7,3,,Swords_T1_03=2,0,-,
167,12511,3,Normal,30,3,3,3,0,45,44,2,2,60,0,2,2,0,3,2,4,0,1,2,0,300,13,8,8,2.667,0,1,1,8,2,,Swords_T1_03=2,0,-,
167,12511,4,Normal,40,2,2,2,0,44,37,2,2,10,0,2,2,0,0,0,4,0,1,1,0,56,6,3,3,1.5,0,1,1,8,1,,Swords_T1_03=1,0,-,
167,12511,5,Normal,32,4,4,4,0,37,45,2,2,70,0,2,2,3,3,2,1,0,2,3,0,392,6,18,18,4.5,0,1,1,9,4,,Swords_T1_03=3,0,-,
167,12511,6,Normal,36,4,4,4,0,45,53,2,5,40,0,2,3,0,0,2,1,3,3,1,0,224,42,9,9,2.25,0,1,1,10,1,,Swords_T1_04=1,0,-,+1 levelup
167,12511,7,Normal,33,3,3,3,0,53,45,5,5,25,0,3,3,0,1,0,1,2,3,1,0,140,8,6,6,2,0,1,1,10,1,,Swords_T1_04=1,0,-,
167,12511,8,Normal,5,1,1,0,0,45,0,5,5,0,0,3,3,1,2,0,0,1,3,2,0,63,53,4,0,0,1,0,0,16,1,RH=Crude Sword|LH=Crude Sword|BD=Crude Armour|A1=Crude Bracelet|A2=Crude Bracelet,Swords_T1_04=2,0,-,party wiped
168,12512,1,Normal,37,4,4,4,0,37,37,0,0,40,0,1,1,0,4,1,0,3,3,0,0,224,0,10,10,2.5,0,1,1,5,1,,,0,-,floor1_town
168,12512,2,Normal,29,3,3,3,0,37,37,0,0,35,0,1,1,0,3,1,0,3,3,0,0,196,16,9,9,3,0,1,1,7,1,,,0,-,
168,12512,3,Normal,12,3,3,2,0,37,0,0,2,60,0,1,2,2,6,5,0,0,0,0,0,337,44,13,11,5.5,1,0,0,19,4,RH=Crude Sword|LH=Crude Sword|BD=Crude Armour|A1=Crude Bracelet|A2=Crude Bracelet,,0,-,party wiped; +1 levelup
169,12513,1,Normal,35,5,5,5,0,37,37,0,0,70,0,1,1,0,6,0,1,3,3,0,0,392,30,18,18,3.6,0,1,1,6,3,,,0,-,floor1_town
169,12513,2,Normal,37,3,3,3,0,37,44,0,2,35,0,1,2,0,3,0,2,0,3,0,0,196,16,9,9,3,0,1,1,7,4,,,0,-,+1 levelup
169,12513,3,Normal,30,4,4,4,0,44,2,2,2,108,0,2,2,2,3,6,0,0,0,3,0,540,67,18,18,4.5,0,1,1,8,3,,Swords_T1_03=3,0,-,
169,12513,4,Normal,28,4,4,3,1,2,2,2,2,40,0,2,2,0,3,3,0,0,0,2,0,280,40,13,10,3.333,0,1,1,9,3,,Swords_T1_03=2,0,-,flee×1
169,12513,5,Normal,32,4,4,4,0,2,53,2,4,50,0,2,3,0,3,3,0,0,0,2,0,280,24,13,13,3.25,0,1,1,10,3,,Swords_T1_03=2,0,-,+1 levelup
169,12513,6,Normal,27,3,3,2,1,53,46,4,4,25,0,3,3,0,0,0,0,3,3,2,0,170,56,9,5,2.5,0,1,1,11,2,,Swords_T1_04=2,0,-,flee×1
169,12513,7,Normal,35,3,3,3,0,46,53,4,4,35,0,3,3,0,3,2,0,0,1,2,0,196,-9,10,10,3.333,0,1,1,11,1,,Swords_T1_03=1|Swords_T1_04=1,0,-,
169,12513,8,Normal,3,1,1,0,0,53,0,4,4,0,0,3,3,0,3,3,0,0,0,0,0,140,53,4,0,0,1,0,0,17,2,RH=Crude Sword|LH=Crude Sword|BD=Crude Armour|A1=Crude Bracelet|A2=Crude Bracelet,,0,-,party wiped
170,12514,1,Normal,33,2,2,2,0,37,37,0,0,30,0,1,1,0,4,2,0,3,3,0,0,168,0,8,8,4,0,1,1,3,2,,,0,-,floor1_town
170,12514,2,Normal,34,4,4,4,0,37,37,0,0,50,0,1,1,0,4,3,0,2,3,0,0,280,24,13,13,3.25,0,1,1,4,2,,,0,-,
170,12514,3,Normal,32,4,4,4,0,37,45,0,2,96,0,1,2,1,6,6,0,0,0,3,0,480,23,17,17,4.25,0,1,1,11,2,,Swords_T1_03=3,0,-,+1 levelup
170,12514,4,Normal,33,3,3,2,1,45,7,2,2,10,0,2,2,0,0,0,0,0,0,1,0,84,37,4,2,1,0,1,1,11,4,,Swords_T1_03=1,0,-,flee×1
170,12514,5,Normal,26,2,2,1,0,7,0,2,2,20,0,2,2,0,3,3,0,0,0,1,0,196,44,10,6,6,1,0,0,12,4,RH=Crude Sword|LH=Crude Sword|BD=Crude Armour|A1=Crude Bracelet|A2=Crude Bracelet,Swords_T1_03=1,0,-,party wiped
171,12515,1,Normal,31,5,5,5,0,37,37,0,0,70,0,1,1,0,7,1,1,3,3,0,0,392,8,19,19,3.8,0,1,1,6,3,,,0,-,floor1_town
171,12515,2,Normal,39,6,6,6,0,37,38,0,2,75,0,1,2,2,3,3,0,3,3,0,0,420,56,20,20,3.333,0,1,1,7,2,,,0,-,+1 levelup
171,12515,3,Normal,33,5,5,4,0,38,0,2,2,60,0,2,2,0,4,3,0,0,0,3,0,423,82,12,9,2.25,1,0,0,10,4,RH=Crude Sword|LH=Crude Sword|BD=Crude Armour|A1=Crude Bracelet|A2=Crude Bracelet,Swords_T1_03=3,0,-,party wiped
172,12516,1,Normal,29,3,3,3,0,37,37,0,0,55,0,1,1,0,7,2,0,3,3,0,0,308,8,16,16,5.333,0,1,1,4,4,,,0,-,floor1_town
172,12516,2,Normal,39,4,4,4,0,37,37,0,0,35,0,1,1,0,2,0,2,3,3,0,0,196,8,8,8,2,0,1,1,5,1,,,0,-,
172,12516,3,Normal,9,2,2,1,0,37,0,0,2,12,0,1,2,1,3,3,2,0,0,1,0,208,44,6,2,2,1,0,0,11,4,RH=Crude Sword|LH=Crude Sword|BD=Crude Armour|A1=Crude Bracelet|A2=Crude Bracelet,Swords_T1_03=1,0,-,party wiped; +1 levelup
173,12517,1,Normal,27,3,3,3,0,37,37,0,0,30,0,1,1,0,3,0,1,3,3,0,0,168,8,7,7,2.333,0,1,1,4,2,,,0,-,floor1_town
173,12517,2,Normal,36,3,3,3,0,37,37,0,0,15,0,1,1,0,0,0,1,3,3,0,0,84,0,3,3,1,0,1,1,4,1,,,0,-,
173,12517,3,Normal,30,3,3,2,1,37,1,0,0,48,0,1,1,2,7,3,0,0,0,0,0,360,36,12,8,4,0,1,1,22,4,,,0,-,flee×1
173,12517,4,Normal,31,3,3,3,0,1,46,0,1,35,0,1,2,0,2,0,0,1,3,1,0,196,-1,7,7,2.333,0,1,1,23,2,,Swords_T1_03=1,0,-,+1 levelup
173,12517,5,Normal,39,5,5,5,0,46,37,1,1,60,0,2,2,0,1,3,0,3,3,3,0,336,31,13,13,2.6,0,1,1,24,1,,Swords_T1_03=3,0,-,
173,12517,6,Normal,35,5,5,5,0,37,46,1,1,65,0,2,2,0,4,3,0,2,3,4,0,364,3,18,18,3.6,0,1,1,25,3,,Swords_T1_03=4,0,-,
173,12517,7,Normal,32,2,2,2,0,46,45,1,1,25,0,2,2,0,2,1,0,0,2,1,0,140,0,6,6,3,0,1,1,25,1,,Swords_T1_03=1,0,-,
173,12517,8,Normal,8,1,1,0,0,45,0,1,1,0,0,2,2,0,3,0,0,0,3,2,0,85,44,2,0,0,1,0,0,31,4,RH=Crude Sword|LH=Crude Sword|BD=Crude Armour|A1=Crude Bracelet|A2=Crude Bracelet,Swords_T1_03=2,0,-,party wiped
174,12518,1,Normal,25,3,3,3,0,37,37,0,0,30,0,1,1,0,3,2,2,3,3,0,0,168,0,8,8,2.667,0,1,1,4,1,,,0,-,floor1_town
174,12518,2,Normal,35,4,4,4,0,37,29,0,0,45,0,1,1,0,6,2,3,0,1,0,0,252,16,13,13,3.25,0,1,1,5,4,,,0,-,
174,12518,3,Normal,1,1,1,0,0,29,0,0,0,0,0,1,1,0,3,3,4,0,0,0,0,78,37,3,0,0,1,0,0,11,4,RH=Crude Sword|LH=Crude Sword|BD=Crude Armour|A1=Crude Bracelet|A2=Crude Bracelet,,0,-,party wiped
175,12519,1,Normal,39,5,5,5,0,37,37,0,0,65,0,1,1,0,10,1,1,3,3,0,0,364,22,23,23,4.6,0,1,1,6,2,,,0,-,floor1_town
175,12519,2,Normal,28,4,4,4,0,37,37,0,2,50,0,1,2,0,3,0,2,1,3,1,0,280,24,11,11,2.75,0,1,1,7,2,,Swords_T1_03=1,0,-,+1 levelup
175,12519,3,Normal,5,1,1,0,0,37,0,2,2,0,0,2,2,3,3,3,0,0,0,1,0,182,45,5,0,0,1,0,0,8,4,RH=Crude Sword|LH=Crude Sword|BD=Crude Armour|A1=Crude Bracelet|A2=Crude Bracelet,Swords_T1_03=1,0,-,party wiped
176,12520,1,Normal,37,4,4,4,0,37,37,0,0,40,0,1,1,0,4,2,2,3,3,0,0,224,0,10,10,2.5,0,1,1,5,2,,,0,-,floor1_town
176,12520,2,Normal,26,5,5,5,0,37,29,0,0,50,0,1,1,0,3,0,4,1,3,0,0,280,22,13,13,2.6,0,1,1,7,3,,,0,-,
176,12520,3,Normal,7,1,1,0,0,29,0,0,0,0,0,1,1,1,3,3,3,0,0,0,0,163,37,5,0,0,1,0,0,13,3,RH=Crude Sword|LH=Crude Sword|BD=Crude Armour|A1=Crude Bracelet|A2=Crude Bracelet,,0,-,party wiped
177,12521,1,Normal,35,5,5,5,0,37,37,0,0,60,0,1,1,0,7,2,0,3,3,0,0,336,8,16,16,3.2,0,1,1,6,2,,,0,-,floor1_town
177,12521,2,Normal,39,4,4,3,1,37,8,0,0,35,0,1,1,0,3,3,0,0,0,0,0,252,37,11,9,3,0,1,1,7,3,,,0,-,flee×1
177,12521,3,Normal,23,3,3,2,0,8,0,0,2,36,0,1,2,2,3,3,0,0,0,1,0,267,45,9,7,3.5,1,0,0,13,4,RH=Crude Sword|LH=Crude Sword|BD=Crude Armour|A1=Crude Bracelet|A2=Crude Bracelet,Swords_T1_03=1,0,-,party wiped; +1 levelup
178,12522,1,Normal,33,5,5,5,0,37,37,0,0,45,0,1,1,0,3,3,2,3,3,0,0,252,22,13,13,2.6,0,1,1,6,2,,,0,-,floor1_town
178,12522,2,Normal,39,3,3,3,0,37,45,0,3,60,0,1,2,0,9,6,3,0,3,0,0,336,14,19,19,6.333,0,1,1,8,4,,,0,-,+1 levelup
178,12522,3,Normal,25,4,4,4,0,45,45,3,3,60,0,2,2,0,3,3,3,0,3,2,0,300,12,10,10,2.5,0,1,1,9,1,,Swords_T1_03=2,0,-,
178,12522,4,Normal,26,3,3,3,0,45,37,3,3,50,0,2,2,2,2,3,1,1,3,3,0,280,18,15,15,5,0,1,1,10,4,,Swords_T1_03=3,0,-,
178,12522,5,Normal,35,4,4,4,0,37,36,3,3,60,0,2,2,0,4,6,1,0,0,3,0,336,22,17,17,4.25,0,1,1,11,3,,Swords_T1_03=3,0,-,
178,12522,6,Normal,37,5,5,5,0,36,43,3,5,45,0,2,3,1,0,0,0,0,0,4,0,252,11,10,10,2,0,1,1,11,2,,Swords_T1_03=4,0,-,+1 levelup
178,12522,7,Normal,34,2,2,2,0,43,22,5,5,20,0,3,3,0,0,0,0,0,0,1,0,112,19,4,4,2,0,1,1,11,2,,Swords_T1_03=1,0,-,
178,12522,8,Normal,1,1,1,0,0,22,0,5,5,0,0,3,3,0,2,0,0,1,3,0,0,30,52,1,0,0,1,0,0,17,4,RH=Crude Sword|LH=Crude Sword|BD=Crude Armour|A1=Crude Bracelet|A2=Crude Bracelet,,0,-,party wiped
179,12523,1,Normal,31,3,3,3,0,37,37,0,0,20,0,1,1,0,0,0,0,3,3,0,0,112,0,4,4,1.333,0,1,1,4,1,,,0,-,floor1_town
179,12523,2,Normal,20,3,3,2,0,37,0,0,0,30,0,1,1,1,3,3,0,0,0,0,0,249,37,12,9,4.5,1,0,0,4,4,RH=Crude Sword|LH=Crude Sword|BD=Crude Armour|A1=Crude Bracelet|A2=Crude Bracelet,,0,-,party wiped
180,12524,1,Normal,29,3,3,3,0,37,37,0,0,30,0,1,1,0,2,0,1,3,3,0,0,168,0,6,6,2,0,1,1,4,3,,,0,-,floor1_town
180,12524,2,Normal,28,2,2,2,0,37,20,0,0,30,0,1,1,1,3,3,0,0,0,0,0,168,17,8,8,4,0,1,1,4,4,,,0,-,
180,12524,3,Normal,13,2,2,1,0,20,0,0,0,12,0,1,1,1,4,3,0,0,0,0,0,172,37,5,2,2,1,0,0,16,4,RH=Crude Sword|LH=Crude Sword|BD=Crude Armour|A1=Crude Bracelet|A2=Crude Bracelet,,0,-,party wiped
181,12525,1,Normal,27,3,3,3,0,37,37,0,0,45,0,1,1,0,5,0,0,3,3,0,0,252,8,11,11,3.667,0,1,1,4,3,,,0,-,floor1_town
181,12525,2,Normal,37,3,3,3,0,37,37,0,0,35,0,1,1,0,5,0,2,0,3,0,0,196,8,9,9,3,0,1,1,5,3,,,0,-,
181,12525,3,Normal,19,2,2,1,0,37,0,0,2,36,0,1,2,3,3,3,0,0,0,0,0,237,46,10,9,9,1,0,0,11,4,RH=Crude Sword|LH=Crude Sword|BD=Crude Armour|A1=Crude Bracelet|A2=Crude Bracelet,,0,-,party wiped; +1 levelup
182,12526,1,Normal,25,3,3,3,0,37,37,0,0,50,0,1,1,0,7,2,1,3,3,0,0,280,8,15,15,5,0,1,1,4,2,,,0,-,floor1_town
182,12526,2,Normal,29,3,3,3,0,37,37,0,0,25,0,1,1,0,2,0,2,1,3,0,0,140,0,5,5,1.667,0,1,1,4,3,,,0,-,
182,12526,3,Normal,28,2,2,2,0,37,37,0,0,24,0,1,1,0,3,0,3,1,3,0,0,120,0,5,5,2.5,0,1,1,16,1,,,0,-,
182,12526,4,Normal,36,2,2,2,0,37,39,0,2,20,0,1,2,0,1,3,3,0,0,1,0,112,6,8,8,4,0,1,1,16,1,,Swords_T1_03=1,0,-,+1 levelup
182,12526,5,Normal,26,3,3,3,0,39,46,2,2,35,0,2,2,0,2,0,3,1,3,2,0,196,14,8,8,2.667,0,1,1,17,3,,Swords_T1_03=2,0,-,
182,12526,6,Normal,40,1,1,1,0,46,46,2,2,15,0,2,2,0,1,1,3,0,2,1,0,84,-1,4,4,4,0,1,1,17,3,,Swords_T1_03=1,0,-,
182,12526,7,Normal,31,3,3,3,0,46,37,2,2,45,0,2,2,2,0,2,1,0,0,3,0,252,6,11,11,3.667,0,1,1,17,2,,Swords_T1_03=3,0,-,
182,12526,8,Normal,1,1,1,0,0,37,0,2,2,0,0,2,2,1,0,0,0,3,3,0,0,28,46,1,0,0,1,0,0,23,3,RH=Crude Sword|LH=Crude Sword|BD=Crude Armour|A1=Crude Bracelet|A2=Crude Bracelet,,0,-,party wiped
183,12527,1,Normal,39,4,4,4,0,37,37,0,0,65,0,1,1,1,7,3,1,3,3,0,0,364,25,20,20,5,0,1,1,5,2,,,0,-,floor1_town
183,12527,2,Normal,39,5,5,5,0,37,45,0,1,55,0,1,2,0,4,2,2,2,3,2,0,308,6,13,13,2.6,0,1,1,6,2,,Swords_T1_03=2,0,-,+1 levelup
183,12527,3,Normal,20,2,2,1,0,45,0,1,1,36,0,2,2,4,5,6,0,0,0,2,0,334,57,14,8,8,1,0,0,7,4,RH=Crude Sword|LH=Crude Sword|BD=Crude Armour|A1=Crude Bracelet|A2=Crude Bracelet,Swords_T1_03=2,0,-,party wiped
184,12528,1,Normal,37,5,5,5,0,37,37,0,0,40,0,1,1,0,3,1,1,3,3,0,0,224,8,10,10,2,0,1,1,6,1,,,0,-,floor1_town
184,12528,2,Normal,35,5,5,5,0,37,45,0,3,60,0,1,2,0,6,4,3,0,1,0,0,336,8,15,15,3,0,1,1,7,1,,,0,-,+1 levelup
184,12528,3,Normal,3,1,1,0,0,45,0,3,3,0,0,2,2,3,0,1,0,0,0,1,0,154,44,5,0,0,1,0,0,7,3,RH=Crude Sword|LH=Crude Sword|BD=Crude Armour|A1=Crude Bracelet|A2=Crude Bracelet,Swords_T1_03=1,0,-,party wiped
185,12529,1,Normal,34,3,3,3,0,37,37,0,0,30,0,1,1,0,2,0,2,3,3,0,0,168,14,9,9,3,0,1,1,4,2,,,0,-,floor1_town
185,12529,2,Normal,28,1,1,1,0,37,37,0,0,5,0,1,1,0,0,0,4,3,3,0,0,28,0,1,1,1,0,1,1,4,1,,,0,-,
185,12529,3,Normal,38,1,1,1,0,37,37,0,0,24,0,1,1,0,2,0,5,1,3,0,0,120,0,4,4,4,0,1,1,10,2,,,0,-,
185,12529,4,Normal,35,5,5,5,0,37,44,0,2,70,0,1,2,1,5,3,4,0,0,1,0,392,21,19,19,3.8,0,1,1,12,4,,Swords_T1_03=1,0,-,+1 levelup
185,12529,5,Normal,35,4,4,4,0,44,44,2,2,35,0,2,2,0,1,0,4,2,3,2,0,196,15,7,7,1.75,0,1,1,13,2,,Swords_T1_03=2,0,-,
185,12529,6,Normal,36,4,4,4,0,44,19,2,2,65,0,2,2,2,2,3,2,0,0,2,0,364,23,18,18,4.5,0,1,1,13,4,,Swords_T1_03=2,0,-,
185,12529,7,Normal,40,3,3,3,0,19,35,2,2,50,0,2,2,1,3,3,1,0,0,2,0,280,34,17,17,5.667,0,1,1,14,2,,Swords_T1_03=2,0,-,
185,12529,8,Normal,17,1,1,0,0,35,0,2,2,0,0,2,2,1,0,0,0,3,3,0,0,41,44,1,0,0,1,0,0,20,3,RH=Crude Sword|LH=Crude Sword|BD=Crude Armour|A1=Crude Bracelet|A2=Crude Bracelet,,0,-,party wiped
186,12530,1,Normal,32,2,2,2,0,37,37,0,0,25,0,1,1,0,3,2,0,3,3,0,0,140,0,5,5,2.5,0,1,1,3,1,,,0,-,floor1_town
186,12530,2,Normal,32,3,3,3,0,37,37,0,0,55,0,1,1,1,6,3,0,0,3,0,0,308,34,17,17,5.667,0,1,1,4,4,,,0,-,
186,12530,3,Normal,39,4,4,3,1,37,44,0,2,60,0,1,2,1,6,5,0,0,1,1,0,360,45,14,12,4,0,1,1,17,2,,Swords_T1_03=1,0,-,+1 levelup; flee×1
186,12530,4,Normal,33,1,1,1,0,44,21,2,2,20,0,2,2,0,0,1,0,0,0,1,0,112,22,7,7,7,0,1,1,17,4,,Swords_T1_03=1,0,-,
186,12530,5,Normal,31,3,3,3,0,21,45,2,2,30,0,2,2,0,3,0,0,0,3,2,0,168,-2,7,7,2.333,0,1,1,18,4,,Swords_T1_03=2,0,-,
186,12530,6,Normal,28,3,3,3,0,45,45,2,2,30,0,2,2,0,0,3,0,0,0,2,0,168,-2,7,7,2.333,0,1,1,18,2,,Swords_T1_03=2,0,-,
186,12530,7,Normal,33,2,2,2,0,45,45,2,2,35,0,2,2,0,3,1,0,0,2,1,0,196,20,13,13,6.5,0,1,1,19,4,,Swords_T1_03=1,0,-,
186,12530,8,Normal,3,1,1,0,0,45,0,2,2,0,0,2,2,0,0,0,0,3,3,0,0,27,45,1,0,0,1,0,0,25,4,RH=Crude Sword|LH=Crude Sword|BD=Crude Armour|A1=Crude Bracelet|A2=Crude Bracelet,,0,-,party wiped
187,12531,1,Normal,30,4,4,4,0,37,37,0,0,45,0,1,1,0,4,0,2,3,3,0,0,252,16,11,11,2.75,0,1,1,5,1,,,0,-,floor1_town
187,12531,2,Normal,27,2,2,2,0,37,29,0,0,20,0,1,1,0,1,0,2,2,3,0,0,112,8,4,4,2,0,1,1,5,3,,,0,-,
187,12531,3,Normal,33,5,5,4,1,29,46,0,3,84,0,1,2,4,6,4,0,0,2,4,0,540,54,17,14,3.5,0,1,1,12,2,,Swords_T1_03=4,0,-,+1 levelup; flee×1
187,12531,4,Normal,35,4,4,4,0,46,46,3,3,45,0,2,2,0,2,2,0,1,3,3,0,252,13,9,9,2.25,0,1,1,13,3,,Swords_T1_03=3,0,-,
187,12531,5,Normal,29,3,3,3,0,46,40,3,3,35,0,2,2,0,1,3,0,0,0,2,0,196,4,9,9,3,0,1,1,13,3,,Swords_T1_03=2,0,-,
187,12531,6,Normal,29,4,4,4,0,40,38,3,3,35,0,2,2,0,1,0,0,2,3,2,0,196,20,7,7,1.75,0,1,1,14,1,,Swords_T1_03=2,0,-,
187,12531,7,Normal,32,3,3,3,0,38,46,3,3,35,0,2,2,0,2,1,0,0,2,2,0,196,-10,8,8,2.667,0,1,1,14,3,,Swords_T1_03=2,0,-,
187,12531,8,Normal,5,1,1,0,0,46,0,3,3,0,0,2,2,0,1,0,0,2,3,1,0,68,45,1,0,0,1,0,0,20,3,RH=Crude Sword|LH=Crude Sword|BD=Crude Armour|A1=Crude Bracelet|A2=Crude Bracelet,Swords_T1_03=1,0,-,party wiped
188,12532,1,Normal,28,4,4,4,0,37,37,0,0,70,0,1,1,0,9,7,0,3,3,0,0,392,21,21,21,5.25,0,1,1,5,2,,,0,-,floor1_town
188,12532,2,Normal,37,3,3,3,0,37,45,0,2,35,0,1,2,0,3,2,1,0,1,0,0,196,16,8,8,2.667,0,1,1,6,4,,,0,-,+1 levelup
188,12532,3,Normal,36,4,4,4,0,45,45,2,2,96,0,2,2,0,5,4,2,1,3,4,0,480,42,14,14,3.5,0,1,1,8,2,,Swords_T1_03=4,0,-,
188,12532,4,Normal,31,2,2,2,0,45,32,2,2,35,0,2,2,1,1,3,1,0,0,2,0,196,11,9,9,4.5,0,1,1,8,3,,Swords_T1_03=2,0,-,
188,12532,5,Normal,39,8,8,8,0,32,42,2,3,105,0,2,3,1,3,3,0,3,3,5,0,588,50,27,27,3.375,0,1,1,10,2,,Swords_T1_03=5,0,-,+1 levelup
188,12532,6,Normal,38,5,5,4,1,42,50,3,3,40,0,3,3,0,6,4,0,0,2,9,0,308,22,17,11,2.75,0,1,1,11,4,,Swords_T1_03=4|Swords_T1_04=5,0,-,flee×1
188,12532,7,Normal,30,2,2,1,0,50,0,3,3,15,0,3,3,0,0,2,0,0,0,2,0,85,48,6,4,4,1,0,0,11,4,RH=Crude Sword|LH=Crude Sword|BD=Crude Armour|A1=Crude Bracelet|A2=Crude Bracelet,Swords_T1_03=1|Swords_T1_04=1,0,-,party wiped
189,12533,1,Normal,26,2,2,2,0,37,37,0,0,20,0,1,1,0,2,0,2,3,3,0,0,112,0,5,5,2.5,0,1,1,3,1,,,0,-,floor1_town
189,12533,2,Normal,39,3,3,3,0,37,37,0,0,45,0,1,1,0,5,3,3,1,3,0,0,252,8,11,11,3.667,0,1,1,4,3,,,0,-,
189,12533,3,Normal,39,5,5,5,0,37,43,0,1,108,0,1,2,1,6,5,2,0,0,3,0,540,-2,16,16,3.2,0,1,1,16,2,,Swords_T1_03=3,0,-,+1 levelup
189,12533,4,Normal,2,1,1,0,0,43,0,1,1,0,0,2,2,2,0,0,0,0,0,0,0,109,43,7,0,0,1,0,0,16,4,RH=Crude Sword|LH=Crude Sword|BD=Crude Armour|A1=Crude Bracelet|A2=Crude Bracelet,,0,-,party wiped
190,12534,1,Normal,40,5,5,5,0,37,37,0,0,70,0,1,1,0,7,3,0,3,3,0,0,392,16,19,19,3.8,0,1,1,6,3,,,0,-,floor1_town
190,12534,2,Normal,25,3,3,3,0,37,44,0,2,35,0,1,2,0,3,2,2,0,1,1,0,196,8,8,8,2.667,0,1,1,6,1,,Swords_T1_03=1,0,-,+1 levelup
190,12534,3,Normal,6,2,2,1,0,44,0,2,2,12,0,2,2,4,0,1,0,0,0,2,0,270,42,8,1,1,1,0,0,6,4,RH=Crude Sword|LH=Crude Sword|BD=Crude Armour|A1=Crude Bracelet|A2=Crude Bracelet,Swords_T1_03=2,0,-,party wiped
191,12535,1,Normal,38,4,4,4,0,37,37,0,0,55,0,1,1,0,6,5,1,3,3,0,0,308,14,17,17,4.25,0,1,1,5,1,,,0,-,floor1_town
191,12535,2,Normal,32,2,2,2,0,37,29,0,0,25,0,1,1,0,3,2,1,0,1,0,0,140,8,9,9,4.5,0,1,1,5,4,,,0,-,
191,12535,3,Normal,2,1,1,0,0,29,0,0,0,0,0,1,1,2,3,3,0,0,0,0,0,112,37,4,0,0,1,0,0,11,4,RH=Crude Sword|LH=Crude Sword|BD=Crude Armour|A1=Crude Bracelet|A2=Crude Bracelet,,0,-,party wiped
192,12536,1,Normal,36,4,4,4,0,37,37,0,0,35,0,1,1,0,2,0,0,3,3,0,0,196,22,10,10,2.5,0,1,1,5,2,,,0,-,floor1_town
192,12536,2,Normal,30,2,2,2,0,37,24,0,0,30,0,1,1,1,3,3,0,0,0,0,0,168,13,9,9,4.5,0,1,1,5,2,,,0,-,
192,12536,3,Normal,21,4,4,2,1,24,0,0,2,36,0,1,2,0,7,6,0,0,0,1,0,300,79,11,6,3,1,0,0,23,4,RH=Crude Sword|LH=Crude Sword|BD=Crude Armour|A1=Crude Bracelet|A2=Crude Bracelet,Swords_T1_03=1,0,-,party wiped; +1 levelup; flee×1
193,12537,1,Normal,34,6,6,6,0,37,37,0,0,90,0,1,1,0,10,3,1,3,3,0,0,504,14,22,22,3.667,0,1,1,7,4,,,0,-,floor1_town
193,12537,2,Normal,25,1,1,1,0,37,46,0,2,10,0,1,2,0,1,0,3,2,3,0,0,56,8,3,3,3,0,1,1,7,2,,,0,-,+1 levelup
193,12537,3,Normal,25,3,3,3,0,46,25,2,2,84,0,2,2,2,2,3,3,0,0,3,0,420,18,11,11,3.667,0,1,1,7,3,,Swords_T1_03=3,0,-,
193,12537,4,Normal,34,4,4,4,0,25,46,2,2,65,0,2,2,1,3,3,2,0,0,2,0,364,-2,16,16,4,0,1,1,8,4,,Swords_T1_03=2,0,-,
193,12537,5,Normal,33,5,5,5,0,46,54,2,3,60,0,2,3,0,3,3,2,0,0,2,0,336,34,14,14,2.8,0,1,1,9,4,,Swords_T1_03=2,0,-,+1 levelup
193,12537,6,Normal,29,3,3,3,0,54,26,3,3,40,0,3,3,2,0,0,0,0,0,1,0,224,28,12,12,4,0,1,1,9,1,,Swords_T1_04=1,0,-,
193,12537,7,Normal,34,6,6,6,0,26,52,3,3,85,0,3,3,0,6,5,0,0,1,10,0,476,18,23,23,3.833,0,1,1,11,3,,Swords_T1_03=5|Swords_T1_04=5,0,-,
193,12537,8,Normal,3,1,1,0,0,52,0,3,3,0,0,3,3,0,3,3,0,0,0,3,0,205,50,7,0,0,1,0,0,17,2,RH=Crude Sword|LH=Crude Sword|BD=Crude Armour|A1=Crude Bracelet|A2=Crude Bracelet,Swords_T1_03=2|Swords_T1_04=1,0,-,party wiped
194,12538,1,Normal,32,5,5,5,0,37,37,0,0,65,0,1,1,0,7,3,2,3,3,0,0,364,22,22,22,4.4,0,1,1,6,2,,,0,-,floor1_town
194,12538,2,Normal,31,1,1,1,0,37,37,0,0,5,0,1,1,0,0,0,4,3,3,0,0,28,0,1,1,1,0,1,1,6,1,,,0,-,
194,12538,3,Normal,40,3,3,3,0,37,29,0,2,60,0,1,2,2,4,3,4,0,0,1,0,300,17,10,10,3.333,0,1,1,18,1,,Swords_T1_03=1,0,-,+1 levelup
194,12538,4,Normal,33,3,3,3,0,29,35,2,2,35,0,2,2,0,2,0,4,1,3,2,0,196,7,8,8,2.667,0,1,1,19,1,,Swords_T1_03=2,0,-,
194,12538,5,Normal,34,4,4,4,0,35,44,2,2,60,0,2,2,0,4,5,4,0,1,3,0,336,12,16,16,4,0,1,1,20,4,,Swords_T1_03=3,0,-,
194,12538,6,Normal,31,4,4,4,0,44,31,2,2,60,0,2,2,4,3,1,0,0,3,3,0,336,31,18,18,4.5,0,1,1,21,4,,Swords_T1_03=3,0,-,
194,12538,7,Normal,38,7,7,7,0,31,49,2,4,65,0,2,3,0,3,2,0,0,1,6,0,364,8,18,18,2.571,0,1,1,22,2,,Swords_T1_03=2|Swords_T1_04=4,0,-,+1 levelup
194,12538,8,Normal,3,1,1,0,0,49,0,4,4,0,0,3,3,0,2,0,0,1,3,1,0,48,51,2,0,0,1,0,0,28,2,RH=Crude Sword|LH=Crude Sword|BD=Crude Armour|A1=Crude Bracelet|A2=Crude Bracelet,Swords_T1_04=1,0,-,party wiped
195,12539,1,Normal,30,3,3,3,0,37,37,0,0,40,0,1,1,0,3,2,1,3,3,0,0,224,24,9,9,3,0,1,1,4,4,,,0,-,floor1_town
195,12539,2,Normal,34,4,4,4,0,37,37,0,0,45,0,1,1,0,3,3,1,3,3,0,0,252,13,9,9,2.25,0,1,1,5,1,,,0,-,
195,12539,3,Normal,5,2,2,1,0,37,0,0,1,24,0,1,2,3,3,3,0,0,0,1,0,311,44,9,4,4,1,0,0,11,4,RH=Crude Sword|LH=Crude Sword|BD=Crude Armour|A1=Crude Bracelet|A2=Crude Bracelet,Swords_T1_03=1,0,-,party wiped; +1 levelup
196,12540,1,Normal,28,3,3,3,0,37,37,0,0,30,0,1,1,0,2,0,2,3,3,0,0,168,16,7,7,2.333,0,1,1,4,1,,,0,-,floor1_town
196,12540,2,Normal,28,2,2,2,0,37,37,0,0,25,0,1,1,0,3,2,4,0,1,0,0,140,0,8,8,4,0,1,1,4,4,,,0,-,
196,12540,3,Normal,37,4,4,3,1,37,1,0,2,72,0,1,2,4,6,5,0,0,0,2,0,480,42,17,13,4.333,0,1,1,16,3,,Swords_T1_03=2,0,-,+1 levelup; flee×1
196,12540,4,Normal,25,2,2,2,0,1,36,2,2,25,0,2,2,0,2,0,0,1,3,1,0,140,8,6,6,3,0,1,1,17,2,,Swords_T1_03=1,0,-,
196,12540,5,Normal,30,4,4,4,0,36,45,2,2,40,0,2,2,0,1,3,0,0,0,1,0,224,-10,10,10,2.5,0,1,1,17,2,,Swords_T1_03=1,0,-,
196,12540,6,Normal,36,4,4,3,1,45,36,2,2,25,0,2,2,0,1,0,0,2,3,2,0,168,42,6,5,1.667,0,1,1,18,1,,Swords_T1_03=2,0,-,flee×1
196,12540,7,Normal,32,2,2,2,0,36,37,2,2,25,0,2,2,0,2,2,0,0,1,1,0,140,-2,7,7,3.5,0,1,1,18,4,,Swords_T1_03=1,0,-,
196,12540,8,Normal,4,1,1,0,0,37,0,2,2,0,0,2,2,0,0,0,0,3,3,0,0,27,45,1,0,0,1,0,0,24,1,RH=Crude Sword|LH=Crude Sword|BD=Crude Armour|A1=Crude Bracelet|A2=Crude Bracelet,,0,-,party wiped
197,12541,1,Normal,26,4,4,4,0,37,37,0,0,40,0,1,1,0,2,0,0,3,3,0,0,224,16,11,11,2.75,0,1,1,5,1,,,0,-,floor1_town
197,12541,2,Normal,30,3,3,3,0,37,37,0,0,30,0,1,1,0,5,1,2,1,3,0,0,168,6,9,9,3,0,1,1,6,2,,,0,-,
197,12541,3,Normal,30,2,2,2,0,37,46,0,2,36,0,1,2,1,3,3,2,0,0,0,0,180,14,9,9,4.5,0,1,1,18,2,,,0,-,+1 levelup
197,12541,4,Normal,28,1,1,1,0,46,31,2,2,15,0,2,2,1,0,0,1,0,0,1,0,84,14,4,4,4,0,1,1,18,3,,Swords_T1_03=1,0,-,
197,12541,5,Normal,28,2,2,2,0,31,38,2,2,35,0,2,2,0,3,3,1,0,0,1,0,196,7,11,11,5.5,0,1,1,19,3,,Swords_T1_03=1,0,-,
197,12541,6,Normal,25,2,2,2,0,38,33,2,2,25,0,2,2,0,1,0,1,2,3,1,0,140,25,6,6,3,0,1,1,20,3,,Swords_T1_03=1,0,-,
197,12541,7,Normal,25,4,4,4,0,33,46,2,2,45,0,2,2,0,2,3,1,3,3,3,0,252,22,11,11,2.75,0,1,1,21,1,,Swords_T1_03=3,0,-,
197,12541,8,Normal,22,1,1,0,0,46,0,2,2,0,0,2,2,0,0,0,1,3,3,0,0,42,46,1,0,0,1,0,0,27,3,RH=Crude Sword|LH=Crude Sword|BD=Crude Armour|A1=Crude Bracelet|A2=Crude Bracelet,,0,-,party wiped
198,12542,1,Normal,40,5,5,5,0,37,37,0,0,45,0,1,1,0,3,3,2,3,3,0,0,252,8,11,11,2.2,0,1,1,6,1,,,0,-,floor1_town
198,12542,2,Normal,36,1,1,1,0,37,37,0,0,5,0,1,1,0,0,0,3,3,3,0,0,28,0,1,1,1,0,1,1,6,1,,,0,-,
198,12542,3,Normal,9,1,1,0,0,37,0,0,0,0,0,1,1,1,3,3,4,0,0,0,0,120,37,4,0,0,1,0,0,12,4,RH=Crude Sword|LH=Crude Sword|BD=Crude Armour|A1=Crude Bracelet|A2=Crude Bracelet,,0,-,party wiped
199,12543,1,Normal,38,4,4,3,1,37,37,0,0,40,0,1,1,0,9,4,0,3,3,0,0,308,34,19,13,4.333,0,1,1,5,1,,,0,-,floor1_town; flee×1
199,12543,2,Normal,29,1,1,1,0,37,37,0,0,15,0,1,1,0,2,0,2,1,3,0,0,84,0,3,3,3,0,1,1,5,3,,,0,-,
199,12543,3,Normal,35,4,4,4,0,37,45,0,2,96,0,1,2,3,6,6,0,0,0,1,0,480,-1,16,16,4,0,1,1,17,1,,Swords_T1_03=1,0,-,+1 levelup
199,12543,4,Normal,40,3,3,2,1,45,11,2,2,15,0,2,2,0,0,0,0,0,0,2,0,140,32,5,3,1.5,0,1,1,17,3,,Swords_T1_03=2,0,-,flee×1
199,12543,5,Normal,28,3,3,3,0,11,45,2,2,40,0,2,2,0,3,1,0,0,2,1,0,224,-1,13,13,4.333,0,1,1,18,3,,Swords_T1_03=1,0,-,
199,12543,6,Normal,32,4,4,4,0,45,37,2,2,35,0,2,2,0,0,2,0,0,0,2,0,196,6,8,8,2,0,1,1,18,3,,Swords_T1_03=2,0,-,
199,12543,7,Normal,33,3,3,2,1,37,45,2,2,30,0,2,2,0,3,2,0,0,1,2,0,224,23,10,8,4,0,1,1,19,2,,Swords_T1_03=2,0,-,flee×1
199,12543,8,Normal,1,1,1,0,0,45,0,2,2,0,0,2,2,0,1,0,0,2,3,2,0,135,43,2,0,0,1,0,0,25,1,RH=Crude Sword|LH=Crude Sword|BD=Crude Armour|A1=Crude Bracelet|A2=Crude Bracelet,Swords_T1_03=2,0,-,party wiped
200,12544,1,Normal,36,3,3,3,0,37,37,0,0,50,0,1,1,1,6,5,0,3,3,0,0,280,21,17,17,5.667,0,1,1,4,2,,,0,-,floor1_town
200,12544,2,Normal,31,4,4,4,0,37,37,0,0,40,0,1,1,0,3,3,1,3,3,0,0,224,21,11,11,2.75,0,1,1,5,1,,,0,-,
200,12544,3,Normal,14,3,3,2,0,37,0,0,2,60,0,1,2,3,6,6,0,0,0,3,0,423,56,14,10,5,1,0,0,12,3,RH=Crude Sword|LH=Crude Sword|BD=Crude Armour|A1=Crude Bracelet|A2=Crude Bracelet,Swords_T1_03=3,0,-,party wiped; +1 levelup
201,12545,1,Normal,34,4,4,4,0,37,37,0,0,50,0,1,1,0,4,2,0,3,3,0,0,280,8,12,12,3,0,1,1,5,4,,,0,-,floor1_town
201,12545,2,Normal,27,2,2,2,0,37,37,0,0,25,0,1,1,0,3,3,1,0,0,0,0,140,0,9,9,4.5,0,1,1,5,1,,,0,-,
201,12545,3,Normal,27,3,3,2,0,37,0,0,1,48,0,1,2,2,6,4,0,0,0,1,0,335,54,15,10,5,1,0,0,17,3,RH=Crude Sword|LH=Crude Sword|BD=Crude Armour|A1=Crude Bracelet|A2=Crude Bracelet,Swords_T1_03=1,0,-,party wiped; +1 levelup
202,12546,1,Normal,32,4,4,4,0,37,37,0,0,55,0,1,1,0,7,2,1,3,3,0,0,308,0,14,14,3.5,0,1,1,5,2,,,0,-,floor1_town
202,12546,2,Normal,25,3,3,3,0,37,31,0,0,35,0,1,1,0,3,2,1,0,1,0,0,196,6,9,9,3,0,1,1,5,2,,,0,-,
202,12546,3,Normal,16,3,3,2,0,31,0,0,2,48,0,1,2,1,3,3,0,0,0,2,0,328,43,9,7,3.5,1,0,0,11,3,RH=Crude Sword|LH=Crude Sword|BD=Crude Armour|A1=Crude Bracelet|A2=Crude Bracelet,Swords_T1_03=2,0,-,party wiped; +1 levelup
203,12547,1,Normal,30,4,4,4,0,37,37,0,0,35,0,1,1,0,3,0,2,3,3,0,0,196,8,8,8,2,0,1,1,5,3,,,0,-,floor1_town
203,12547,2,Normal,32,3,3,3,0,37,29,0,0,30,0,1,1,0,2,0,2,2,3,0,0,168,16,8,8,2.667,0,1,1,6,3,,,0,-,
203,12547,3,Normal,6,1,1,0,0,29,0,0,0,0,0,1,1,3,3,3,1,0,0,0,0,112,37,4,0,0,1,0,0,12,4,RH=Crude Sword|LH=Crude Sword|BD=Crude Armour|A1=Crude Bracelet|A2=Crude Bracelet,,0,-,party wiped
204,12548,1,Normal,28,1,1,1,0,37,37,0,0,10,0,1,1,0,0,0,1,3,3,0,0,56,8,2,2,2,0,1,1,2,2,,,0,-,floor1_town
204,12548,2,Normal,37,5,5,5,0,37,37,0,0,60,0,1,1,0,2,0,2,1,3,0,0,336,16,13,13,2.6,0,1,1,4,3,,,0,-,
204,12548,3,Normal,30,1,1,1,0,37,37,0,0,12,0,1,1,0,1,0,3,2,3,0,0,60,0,2,2,2,0,1,1,10,1,,,0,-,
204,12548,4,Normal,31,1,1,1,0,37,44,0,3,20,0,1,2,2,2,3,1,0,0,0,0,112,0,7,7,7,0,1,1,10,4,,,0,-,+1 levelup
204,12548,5,Normal,38,4,4,4,0,44,36,3,3,40,0,2,2,1,1,0,0,2,3,4,0,224,18,11,11,2.75,0,1,1,11,3,,Swords_T1_03=4,0,-,
204,12548,6,Normal,35,2,2,2,0,36,36,3,3,40,0,2,2,0,5,3,0,0,3,1,0,224,39,12,12,6,0,1,1,12,4,,Swords_T1_03=1,0,-,
204,12548,7,Normal,30,3,3,3,0,36,35,3,3,25,0,2,2,0,0,1,0,0,2,2,0,140,-1,5,5,1.667,0,1,1,12,2,,Swords_T1_03=2,0,-,
204,12548,8,Normal,9,1,1,0,0,35,0,3,3,0,0,2,2,0,0,0,0,3,3,1,0,48,43,1,0,0,1,0,0,18,1,RH=Crude Sword|LH=Crude Sword|BD=Crude Armour|A1=Crude Bracelet|A2=Crude Bracelet,Swords_T1_03=1,0,-,party wiped
205,12549,1,Normal,26,4,4,4,0,37,37,0,0,50,0,1,1,0,6,1,2,3,3,0,0,280,8,14,14,3.5,0,1,1,5,1,,,0,-,floor1_town
205,12549,2,Normal,33,4,4,4,0,37,24,0,2,75,0,1,2,0,6,6,3,0,0,1,0,420,28,21,21,5.25,0,1,1,6,4,,Swords_T1_03=1,0,-,+1 levelup
205,12549,3,Normal,34,5,5,4,0,24,0,2,2,108,0,2,2,4,9,9,0,0,0,4,0,660,73,23,19,4.75,1,0,0,9,4,RH=Crude Sword|LH=Crude Sword|BD=Crude Armour|A1=Crude Bracelet|A2=Crude Bracelet,Swords_T1_03=4,0,-,party wiped
206,12550,1,Normal,40,7,7,7,0,37,37,0,0,65,0,1,1,0,5,2,1,3,3,0,0,364,16,16,16,2.286,0,1,1,8,2,,,0,-,floor1_town
206,12550,2,Normal,28,2,2,2,0,37,37,0,0,20,0,1,1,0,2,0,1,3,3,0,0,112,8,4,4,2,0,1,1,9,1,,,0,-,
206,12550,3,Normal,5,1,1,0,0,37,0,0,0,0,0,1,1,1,3,3,0,0,0,0,0,95,37,4,0,0,1,0,0,15,4,RH=Crude Sword|LH=Crude Sword|BD=Crude Armour|A1=Crude Bracelet|A2=Crude Bracelet,,0,-,party wiped
207,12551,1,Normal,38,5,5,5,0,37,37,0,0,55,0,1,1,0,6,0,2,3,3,0,0,308,6,16,16,3.2,0,1,1,6,1,,,0,-,floor1_town
207,12551,2,Normal,32,1,1,1,0,37,29,0,0,15,0,1,1,0,2,0,4,1,3,0,0,84,8,5,5,5,0,1,1,6,3,,,0,-,
207,12551,3,Normal,30,1,1,1,0,29,37,0,0,12,0,1,1,0,1,0,5,2,3,0,0,60,0,2,2,2,0,1,1,12,1,,,0,-,
207,12551,4,Normal,36,2,2,2,0,37,44,0,2,35,0,1,2,1,2,3,4,0,0,0,0,196,8,11,11,5.5,0,1,1,12,4,,,0,-,+1 levelup
207,12551,5,Normal,27,2,2,2,0,44,44,2,2,40,0,2,2,1,3,0,3,0,3,1,0,224,20,12,12,6,0,1,1,13,4,,Swords_T1_03=1,0,-,
207,12551,6,Normal,32,2,2,2,0,44,34,2,2,15,0,2,2,0,0,0,3,0,3,2,0,84,8,3,3,1.5,0,1,1,13,1,,Swords_T1_03=2,0,-,
207,12551,7,Normal,30,4,4,4,0,34,43,2,2,50,0,2,2,1,0,3,2,3,3,2,0,280,14,13,13,3.25,0,1,1,14,1,,Swords_T1_03=2,0,-,
207,12551,8,Normal,6,1,1,0,0,43,0,2,2,0,0,2,2,1,2,0,1,1,3,1,0,50,43,2,0,0,1,0,0,20,4,RH=Crude Sword|LH=Crude Sword|BD=Crude Armour|A1=Crude Bracelet|A2=Crude Bracelet,Swords_T1_03=1,0,-,party wiped
208,12552,1,Normal,36,4,4,4,0,37,37,0,0,55,0,1,1,0,6,1,0,3,3,0,0,308,16,14,14,3.5,0,1,1,5,4,,,0,-,floor1_town
208,12552,2,Normal,26,1,1,1,0,37,37,0,0,5,0,1,1,0,0,0,1,3,3,0,0,28,0,1,1,1,0,1,1,5,1,,,0,-,
208,12552,3,Normal,34,2,2,2,0,37,46,0,2,48,0,1,2,3,4,3,0,0,0,0,0,240,0,11,11,5.5,0,1,1,17,3,,,0,-,+1 levelup
208,12552,4,Normal,25,2,2,1,1,46,38,2,2,10,0,2,2,0,0,0,0,3,3,0,0,112,53,4,2,2,0,1,1,18,2,,,0,-,flee×1
208,12552,5,Normal,27,4,4,3,1,38,12,2,2,40,0,2,2,0,3,3,0,0,0,3,0,280,37,12,10,3.333,0,1,1,18,3,,Swords_T1_03=3,0,-,flee×1
208,12552,6,Normal,34,5,5,5,0,12,37,2,2,55,0,2,2,0,5,3,0,1,3,3,0,308,27,15,15,3,0,1,1,20,1,,Swords_T1_03=3,0,-,
208,12552,7,Normal,32,5,5,5,0,37,46,2,2,75,0,2,2,0,4,6,0,0,0,2,0,420,10,19,19,3.8,0,1,1,21,3,,Swords_T1_03=2,0,-,
208,12552,8,Normal,12,1,1,0,0,46,0,2,2,0,0,2,2,0,2,0,0,1,3,2,0,109,44,4,0,0,1,0,0,27,1,RH=Crude Sword|LH=Crude Sword|BD=Crude Armour|A1=Crude Bracelet|A2=Crude Bracelet,Swords_T1_03=2,0,-,party wiped
209,12553,1,Normal,34,5,5,5,0,37,37,0,0,65,0,1,1,0,7,1,2,3,3,0,0,364,16,14,14,2.8,0,1,1,6,1,,,0,-,floor1_town
209,12553,2,Normal,40,3,3,3,0,37,44,0,1,40,0,1,2,0,3,1,2,0,2,0,0,224,0,10,10,3.333,0,1,1,6,4,,,0,-,+1 levelup
209,12553,3,Normal,32,5,5,4,0,44,0,1,1,96,0,2,2,4,6,8,0,0,0,2,0,596,77,19,15,3.75,1,0,0,8,4,RH=Crude Sword|LH=Crude Sword|BD=Crude Armour|A1=Crude Bracelet|A2=Crude Bracelet,Swords_T1_03=2,0,-,party wiped
210,12554,1,Normal,32,2,2,2,0,37,37,0,0,30,0,1,1,0,4,1,0,3,3,0,0,168,0,7,7,3.5,0,1,1,3,4,,,0,-,floor1_town
210,12554,2,Normal,33,3,3,3,0,37,37,0,0,30,0,1,1,0,3,0,2,2,3,0,0,168,8,7,7,2.333,0,1,1,4,2,,,0,-,
210,12554,3,Normal,33,2,2,2,0,37,45,0,3,48,0,1,2,2,4,3,2,0,0,0,0,240,14,8,8,4,0,1,1,16,3,,,0,-,+1 levelup
210,12554,4,Normal,38,3,3,3,0,45,29,3,3,25,0,2,2,0,0,0,2,0,0,3,0,140,13,5,5,1.667,0,1,1,16,2,,Swords_T1_03=3,0,-,
210,12554,5,Normal,36,3,3,3,0,29,45,3,3,35,0,2,2,0,3,0,2,3,3,2,0,196,11,11,11,3.667,0,1,1,18,1,,Swords_T1_03=2,0,-,
210,12554,6,Normal,27,2,2,2,0,45,45,3,3,20,0,2,2,0,1,0,2,2,3,0,0,112,0,4,4,2,0,1,1,18,2,,,0,-,
210,12554,7,Normal,35,4,4,4,0,45,45,3,3,50,0,2,2,0,4,3,2,1,3,1,0,280,25,14,14,3.5,0,1,1,19,2,,Swords_T1_03=1,0,-,
210,12554,8,Normal,37,1,1,1,0,45,44,3,3,60,0,2,2,2,0,0,0,3,3,1,0,150,0,4,4,4,0,1,1,25,1,,Swords_T1_03=1,0,-,
210,12554,9,Normal,34,3,3,3,0,44,47,3,4,15,0,2,3,0,0,0,0,3,3,0,0,84,6,4,4,1.333,0,1,1,25,1,,,0,-,+1 levelup
210,12554,9,Normal,36,5,5,5,0,47,53,4,4,45,0,3,3,0,3,2,0,0,1,2,0,252,-6,14,14,2.8,0,1,1,25,1,,Swords_T1_04=2,0,-,ai_farm
210,12554,9,Normal,38,3,3,2,1,53,53,4,4,15,0,3,3,0,3,4,0,0,0,9,0,112,45,14,12,6,0,1,1,26,2,,Swords_T1_04=9,0,-,ai_farm; flee×1
210,12554,9,Normal,34,3,3,2,1,53,53,4,4,10,0,3,3,0,0,0,0,3,3,0,0,140,43,6,2,1,0,1,1,27,1,,,0,-,ai_farm; flee×1
210,12554,9,Normal,26,4,4,4,0,53,45,4,4,50,0,3,3,0,3,3,0,0,0,4,0,280,6,13,13,3.25,0,1,1,27,2,,Swords_T1_03=1|Swords_T1_04=3,0,-,ai_farm
210,12554,9,Normal,3,1,1,0,0,45,0,4,4,0,0,3,3,0,0,0,0,0,0,1,0,29,45,2,0,0,1,0,0,27,3,RH=Crude Sword|LH=Crude Sword|BD=Crude Armour|A1=Crude Bracelet|A2=Crude Bracelet,Swords_T1_04=1,0,-,ai_farm; party wiped
211,12555,1,Normal,30,3,3,3,0,37,37,0,0,25,0,1,1,0,0,0,1,3,3,0,0,140,16,5,5,1.667,0,1,1,4,2,,,0,-,floor1_town
211,12555,2,Normal,39,3,3,3,0,37,37,0,0,30,0,1,1,0,1,0,1,3,3,0,0,168,18,7,7,2.333,0,1,1,6,1,,,0,-,
211,12555,3,Normal,35,3,3,3,0,37,23,0,3,84,0,1,2,3,6,5,0,0,0,1,0,420,20,14,14,4.667,0,1,1,18,3,,Swords_T1_03=1,0,-,+1 levelup
211,12555,4,Normal,32,4,4,4,0,23,36,3,3,60,0,2,2,0,6,3,0,0,0,3,0,336,18,16,16,4,0,1,1,20,3,,Swords_T1_03=3,0,-,
211,12555,5,Normal,25,3,3,2,1,36,36,3,3,35,0,2,2,0,3,1,0,0,2,2,0,224,40,10,9,4.5,0,1,1,21,4,,Swords_T1_03=2,0,-,flee×1
211,12555,6,Normal,6,1,1,0,0,36,0,3,3,0,0,2,2,0,0,2,0,0,0,0,0,110,36,6,0,0,1,0,0,21,4,RH=Crude Sword|LH=Crude Sword|BD=Crude Armour|A1=Crude Bracelet|A2=Crude Bracelet,,0,-,party wiped
212,12556,1,Normal,28,3,3,3,0,37,37,0,0,40,0,1,1,0,4,2,0,3,3,0,0,224,16,10,10,3.333,0,1,1,4,2,,,0,-,floor1_town
212,12556,2,Normal,38,4,4,4,0,37,46,0,3,60,0,1,2,0,6,2,0,3,3,0,0,336,22,18,18,4.5,0,1,1,6,2,,,0,-,+1 levelup
212,12556,3,Normal,26,1,1,1,0,46,32,3,3,36,0,2,2,0,3,3,0,0,0,1,0,180,13,6,6,6,0,1,1,6,3,,Swords_T1_03=1,0,-,
212,12556,4,Normal,29,1,1,1,0,32,45,3,3,10,0,2,2,0,0,0,0,3,3,1,0,56,0,3,3,3,0,1,1,7,2,,Swords_T1_03=1,0,-,
212,12556,5,Normal,27,4,4,3,1,45,37,3,3,50,0,2,2,0,6,4,0,0,2,3,0,364,43,19,15,5,0,1,1,8,2,,Swords_T1_03=3,0,-,flee×1
212,12556,6,Normal,26,3,3,3,0,37,45,3,3,20,0,2,2,0,0,1,0,0,1,2,0,112,-10,4,4,1.333,0,1,1,8,1,,Swords_T1_03=2,0,-,
212,12556,7,Normal,33,3,3,3,0,45,37,3,3,40,0,2,2,0,1,1,0,2,3,2,0,224,27,9,9,3,0,1,1,9,3,,Swords_T1_03=2,0,-,
212,12556,8,Normal,6,1,1,0,0,37,0,3,3,0,0,2,2,0,0,0,0,3,3,1,0,74,45,1,0,0,1,0,0,15,4,RH=Crude Sword|LH=Crude Sword|BD=Crude Armour|A1=Crude Bracelet|A2=Crude Bracelet,Swords_T1_03=1,0,-,party wiped
213,12557,1,Normal,26,2,2,2,0,37,37,0,0,15,0,1,1,0,1,0,1,3,3,0,0,84,0,3,3,1.5,0,1,1,3,1,,,0,-,floor1_town
213,12557,2,Normal,30,2,2,2,0,37,37,0,0,15,0,1,1,0,1,0,1,2,3,0,0,84,0,3,3,1.5,0,1,1,3,1,,,0,-,
213,12557,3,Normal,8,1,1,0,0,37,0,0,0,0,0,1,1,0,3,3,3,0,0,0,0,120,37,4,0,0,1,0,0,9,3,RH=Crude Sword|LH=Crude Sword|BD=Crude Armour|A1=Crude Bracelet|A2=Crude Bracelet,,0,-,party wiped
214,12558,1,Normal,40,5,5,5,0,37,37,0,0,60,0,1,1,0,5,2,2,3,3,0,0,336,8,14,14,2.8,0,1,1,6,4,,,0,-,floor1_town
214,12558,2,Normal,40,3,3,3,0,37,37,0,0,35,0,1,1,0,4,3,2,2,3,0,0,196,21,11,11,3.667,0,1,1,7,2,,,0,-,
214,12558,3,Normal,20,3,3,2,0,37,0,0,3,36,0,1,2,4,3,3,0,0,0,2,0,328,43,11,5,2.5,1,0,0,13,4,RH=Crude Sword|LH=Crude Sword|BD=Crude Armour|A1=Crude Bracelet|A2=Crude Bracelet,Swords_T1_03=2,0,-,party wiped; +1 levelup
215,12559,1,Normal,38,6,6,6,0,37,37,0,0,80,0,1,1,0,9,1,1,3,3,0,0,448,16,22,22,3.667,0,1,1,7,4,,,0,-,floor1_town
215,12559,2,Normal,38,4,4,4,0,37,34,0,1,35,0,1,2,0,2,0,1,1,3,2,0,196,16,9,9,2.25,0,1,1,7,2,,Swords_T1_03=2,0,-,+1 levelup
215,12559,3,Normal,11,3,3,2,0,34,0,1,1,48,0,2,2,2,6,6,0,0,0,3,0,406,66,11,7,3.5,1,0,0,9,4,RH=Crude Sword|LH=Crude Sword|BD=Crude Armour|A1=Crude Bracelet|A2=Crude Bracelet,Swords_T1_03=3,0,-,party wiped
216,12560,1,Normal,36,3,3,3,0,37,37,0,0,35,0,1,1,0,4,0,2,3,3,0,0,196,0,9,9,3,0,1,1,4,1,,,0,-,floor1_town
216,12560,2,Normal,26,5,5,5,0,37,46,0,2,70,0,1,2,2,5,3,0,0,0,0,0,392,21,20,20,4,0,1,1,5,4,,,0,-,+1 levelup
216,12560,3,Normal,5,1,1,0,0,46,0,2,2,0,0,2,2,1,0,0,0,0,0,1,0,88,45,2,0,0,1,0,0,5,4,RH=Crude Sword|LH=Crude Sword|BD=Crude Armour|A1=Crude Bracelet|A2=Crude Bracelet,Swords_T1_03=1,0,-,party wiped
217,12561,1,Normal,34,4,4,4,0,37,37,0,0,65,0,1,1,0,9,5,0,3,3,0,0,364,29,17,17,4.25,0,1,1,5,1,,,0,-,floor1_town
217,12561,2,Normal,25,1,1,1,0,37,37,0,0,15,0,1,1,0,1,0,0,2,3,0,0,84,0,3,3,3,0,1,1,5,3,,,0,-,
217,12561,3,Normal,19,2,2,1,0,37,0,0,2,24,0,1,2,2,3,3,0,0,0,1,0,236,43,7,4,4,1,0,0,11,4,RH=Crude Sword|LH=Crude Sword|BD=Crude Armour|A1=Crude Bracelet|A2=Crude Bracelet,Swords_T1_03=1,0,-,party wiped; +1 levelup
218,12562,1,Normal,32,3,3,3,0,37,37,0,0,35,0,1,1,0,4,3,2,3,3,0,0,196,0,9,9,3,0,1,1,4,2,,,0,-,floor1_town
218,12562,2,Normal,28,2,2,2,0,37,29,0,0,25,0,1,1,0,1,0,2,2,3,0,0,140,8,5,5,2.5,0,1,1,4,2,,,0,-,
218,12562,3,Normal,33,1,1,1,0,29,23,0,0,36,0,1,1,1,3,3,3,0,0,0,0,180,14,6,6,6,0,1,1,10,3,,,0,-,
218,12562,4,Normal,28,2,2,2,0,23,37,0,2,15,0,1,2,0,0,0,3,3,3,0,0,84,8,3,3,1.5,0,1,1,11,2,,,0,-,+1 levelup
218,12562,5,Normal,25,3,3,3,0,37,45,2,2,35,0,2,2,0,3,1,3,0,2,1,0,196,-9,8,8,2.667,0,1,1,11,3,,Swords_T1_03=1,0,-,
218,12562,6,Normal,29,5,5,5,0,45,45,2,2,60,0,2,2,0,3,5,3,0,0,3,0,336,11,17,17,3.4,0,1,1,12,3,,Swords_T1_03=3,0,-,
218,12562,7,Normal,25,3,3,3,0,45,29,2,2,50,0,2,2,3,0,0,0,0,0,0,0,280,16,13,13,4.333,0,1,1,12,2,,,0,-,
218,12562,8,Normal,8,1,1,0,0,29,0,2,2,0,0,2,2,0,0,0,0,3,3,0,0,23,45,1,0,0,1,0,0,18,4,RH=Crude Sword|LH=Crude Sword|BD=Crude Armour|A1=Crude Bracelet|A2=Crude Bracelet,,0,-,party wiped
219,12563,1,Normal,30,3,3,3,0,37,37,0,0,20,0,1,1,0,1,0,0,3,3,0,0,112,0,6,6,2,0,1,1,4,2,,,0,-,floor1_town
219,12563,2,Normal,33,3,3,3,0,37,37,0,0,35,0,1,1,0,3,0,2,2,3,0,0,196,8,8,8,2.667,0,1,1,5,1,,,0,-,
219,12563,3,Normal,18,2,2,1,0,37,0,0,0,12,0,1,1,0,4,3,2,0,0,0,0,148,37,6,2,2,1,0,0,17,4,RH=Crude Sword|LH=Crude Sword|BD=Crude Armour|A1=Crude Bracelet|A2=Crude Bracelet,,0,-,party wiped
220,12564,1,Normal,28,2,2,2,0,37,37,0,0,20,0,1,1,0,2,0,2,3,3,0,0,112,0,5,5,2.5,0,1,1,3,3,,,0,-,floor1_town
220,12564,2,Normal,29,2,2,2,0,37,37,0,0,30,0,1,1,0,3,1,3,3,3,0,0,168,8,9,9,4.5,0,1,1,4,2,,,0,-,
220,12564,3,Normal,34,3,3,3,0,37,45,0,2,72,0,1,2,0,9,3,4,0,2,0,0,360,0,12,12,4,0,1,1,22,2,,,0,-,+1 levelup
220,12564,4,Normal,31,2,2,2,0,45,45,2,2,35,0,2,2,1,3,2,3,0,3,2,0,196,21,14,14,7,0,1,1,23,3,,Swords_T1_03=2,0,-,
220,12564,5,Normal,40,3,3,3,0,45,45,2,2,40,0,2,2,1,0,3,2,0,0,1,0,224,-1,9,9,3,0,1,1,23,4,,Swords_T1_03=1,0,-,
220,12564,6,Normal,38,4,4,4,0,45,45,2,2,45,0,2,2,0,3,1,2,0,2,1,0,252,21,13,13,3.25,0,1,1,24,1,,Swords_T1_03=1,0,-,
220,12564,7,Normal,40,3,3,3,0,45,37,2,2,40,0,2,2,0,1,2,2,2,3,2,0,224,36,10,10,3.333,0,1,1,25,3,,Swords_T1_03=2,0,-,
220,12564,8,Normal,2,1,1,0,0,37,0,2,2,0,0,2,2,0,0,0,2,3,3,1,0,24,44,1,0,0,1,0,0,31,4,RH=Crude Sword|LH=Crude Sword|BD=Crude Armour|A1=Crude Bracelet|A2=Crude Bracelet,Swords_T1_03=1,0,-,party wiped
221,12565,1,Normal,26,2,2,2,0,37,37,0,0,15,0,1,1,0,0,0,0,3,3,0,0,84,8,3,3,1.5,0,1,1,3,1,,,0,-,floor1_town
221,12565,2,Normal,39,5,5,5,0,37,37,0,0,55,0,1,1,0,5,1,2,0,2,0,0,308,8,15,15,3,0,1,1,4,3,,,0,-,
221,12565,3,Normal,4,1,1,0,0,37,0,0,0,0,0,1,1,3,3,3,0,0,0,0,0,163,37,6,0,0,1,0,0,10,4,RH=Crude Sword|LH=Crude Sword|BD=Crude Armour|A1=Crude Bracelet|A2=Crude Bracelet,,0,-,party wiped
222,12566,1,Normal,40,5,5,5,0,37,37,0,0,50,0,1,1,0,5,1,1,3,3,0,0,280,8,13,13,2.6,0,1,1,6,1,,,0,-,floor1_town
222,12566,2,Normal,26,2,2,2,0,37,37,0,0,35,0,1,1,0,5,2,1,0,1,0,0,196,8,12,12,6,0,1,1,7,4,,,0,-,
222,12566,3,Normal,4,1,1,0,0,37,0,0,0,0,0,1,1,1,3,3,0,0,0,0,0,70,37,3,0,0,1,0,0,13,4,RH=Crude Sword|LH=Crude Sword|BD=Crude Armour|A1=Crude Bracelet|A2=Crude Bracelet,,0,-,party wiped
223,12567,1,Normal,38,6,6,6,0,37,37,0,0,60,0,1,1,0,3,0,0,3,3,0,0,336,24,12,12,2,0,1,1,7,1,,,0,-,floor1_town
223,12567,2,Normal,15,3,3,2,0,37,0,0,0,35,0,1,1,2,3,3,0,0,0,0,0,302,37,15,9,4.5,1,0,0,7,4,RH=Crude Sword|LH=Crude Sword|BD=Crude Armour|A1=Crude Bracelet|A2=Crude Bracelet,,0,-,party wiped
224,12568,1,Normal,36,7,7,7,0,37,37,0,0,65,0,1,1,0,6,0,1,3,3,0,0,364,8,17,17,2.429,0,1,1,8,3,,,0,-,floor1_town
224,12568,2,Normal,32,3,3,3,0,37,20,0,2,55,0,1,2,2,3,3,0,0,0,1,0,308,48,15,15,5,0,1,1,8,3,,Swords_T1_03=1,0,-,+1 levelup
224,12568,3,Normal,25,2,2,1,0,20,0,2,2,36,0,2,2,2,6,6,0,0,0,0,0,278,49,10,7,7,1,0,0,10,4,RH=Crude Sword|LH=Crude Sword|BD=Crude Armour|A1=Crude Bracelet|A2=Crude Bracelet,,0,-,party wiped
225,12569,1,Normal,34,4,4,4,0,37,37,0,0,55,0,1,1,0,5,3,2,3,3,0,0,308,24,15,15,3.75,0,1,1,5,2,,,0,-,floor1_town
225,12569,2,Normal,33,4,4,4,0,37,44,0,2,55,0,1,2,2,3,3,0,0,0,0,0,308,24,14,14,3.5,0,1,1,5,2,,,0,-,+1 levelup
225,12569,3,Normal,13,1,1,0,0,44,0,2,2,0,0,2,2,0,0,0,0,0,0,1,0,112,43,2,0,0,1,0,0,5,3,RH=Crude Sword|LH=Crude Sword|BD=Crude Armour|A1=Crude Bracelet|A2=Crude Bracelet,Swords_T1_03=1,0,-,party wiped
226,12570,1,Normal,32,3,3,3,0,37,37,0,0,45,0,1,1,0,6,4,1,3,3,0,0,252,16,15,15,5,0,1,1,4,3,,,0,-,floor1_town
226,12570,2,Normal,31,3,3,3,0,37,29,0,0,45,0,1,1,1,5,3,0,0,0,0,0,252,24,12,12,4,0,1,1,6,4,,,0,-,
226,12570,3,Normal,4,1,1,0,0,29,0,0,0,0,0,1,1,0,3,3,0,0,0,0,0,88,37,3,0,0,1,0,0,12,4,RH=Crude Sword|LH=Crude Sword|BD=Crude Armour|A1=Crude Bracelet|A2=Crude Bracelet,,0,-,party wiped
227,12571,1,Normal,30,4,4,4,0,37,37,0,0,35,0,1,1,0,3,1,2,3,3,0,0,196,0,8,8,2,0,1,1,5,1,,,0,-,floor1_town
227,12571,2,Normal,25,3,3,3,0,37,29,0,0,35,0,1,1,0,3,3,4,0,0,0,0,196,8,10,10,3.333,0,1,1,5,4,,,0,-,
227,12571,3,Normal,35,3,3,3,0,29,45,0,1,96,0,1,2,1,6,6,5,0,0,2,0,480,24,16,16,5.333,0,1,1,12,3,,Swords_T1_03=2,0,-,+1 levelup
227,12571,4,Normal,31,3,3,3,0,45,24,1,1,55,0,2,2,5,0,0,0,0,0,1,0,308,20,16,16,5.333,0,1,1,12,3,,Swords_T1_03=1,0,-,
227,12571,5,Normal,30,4,4,3,0,24,0,1,1,35,0,2,2,0,3,3,0,0,0,2,0,277,43,13,10,3.333,1,0,0,13,4,RH=Crude Sword|LH=Crude Sword|BD=Crude Armour|A1=Crude Bracelet|A2=Crude Bracelet,Swords_T1_03=2,0,-,party wiped
228,12572,1,Normal,28,3,3,3,0,37,37,0,0,25,0,1,1,0,2,0,0,3,3,0,0,140,0,7,7,2.333,0,1,1,4,3,,,0,-,floor1_town
228,12572,2,Normal,33,4,4,4,0,37,21,0,0,65,0,1,1,0,5,3,0,0,0,0,0,364,32,17,17,4.25,0,1,1,6,3,,,0,-,
228,12572,3,Normal,37,5,5,5,0,21,45,0,2,132,0,1,2,2,9,9,0,0,0,3,0,660,28,23,23,4.6,0,1,1,14,3,,Swords_T1_03=3,0,-,+1 levelup
228,12572,4,Normal,8,1,1,0,0,45,0,2,2,0,0,2,2,0,0,0,0,0,0,0,0,81,45,3,0,0,1,0,0,14,3,RH=Crude Sword|LH=Crude Sword|BD=Crude Armour|A1=Crude Bracelet|A2=Crude Bracelet,,0,-,party wiped
229,12573,1,Normal,26,3,3,3,0,37,37,0,0,30,0,1,1,0,1,0,2,3,3,0,0,168,16,8,8,2.667,0,1,1,4,2,,,0,-,floor1_town
229,12573,2,Normal,35,4,4,4,0,37,37,0,0,55,0,1,1,0,4,1,3,3,3,0,0,308,16,13,13,3.25,0,1,1,6,2,,,0,-,
229,12573,3,Normal,4,1,1,0,0,37,0,0,0,0,0,1,1,0,3,3,5,0,0,0,0,95,37,3,0,0,1,0,0,12,4,RH=Crude Sword|LH=Crude Sword|BD=Crude Armour|A1=Crude Bracelet|A2=Crude Bracelet,,0,-,party wiped
230,12574,1,Normal,40,2,2,2,0,37,37,0,0,20,0,1,1,0,3,0,0,3,3,0,0,112,0,6,6,3,0,1,1,3,1,,,0,-,floor1_town
230,12574,2,Normal,28,2,2,2,0,37,37,0,0,20,0,1,1,0,2,0,0,1,3,0,0,112,0,5,5,2.5,0,1,1,3,1,,,0,-,
230,12574,3,Normal,4,1,1,0,0,37,0,0,0,0,0,1,1,0,3,3,2,0,0,0,0,95,37,3,0,0,1,0,0,9,4,RH=Crude Sword|LH=Crude Sword|BD=Crude Armour|A1=Crude Bracelet|A2=Crude Bracelet,,0,-,party wiped
231,12575,1,Normal,38,4,4,4,0,37,37,0,0,55,0,1,1,0,5,3,1,3,3,0,0,308,29,15,15,3.75,0,1,1,5,2,,,0,-,floor1_town
231,12575,2,Normal,26,2,2,2,0,37,29,0,0,20,0,1,1,0,0,0,1,3,3,0,0,112,16,5,5,2.5,0,1,1,6,2,,,0,-,
231,12575,3,Normal,11,1,1,0,0,29,0,0,0,0,0,1,1,3,3,3,0,0,0,0,0,163,37,5,0,0,1,0,0,12,4,RH=Crude Sword|LH=Crude Sword|BD=Crude Armour|A1=Crude Bracelet|A2=Crude Bracelet,,0,-,party wiped
232,12576,1,Normal,36,4,4,4,0,37,37,0,0,50,0,1,1,0,6,3,0,3,3,0,0,280,0,13,13,3.25,0,1,1,5,4,,,0,-,floor1_town
232,12576,2,Normal,36,2,2,2,0,37,37,0,0,20,0,1,1,0,2,0,2,1,3,0,0,112,0,5,5,2.5,0,1,1,5,1,,,0,-,
232,12576,3,Normal,6,1,1,0,0,37,0,0,0,0,0,1,1,2,3,3,2,0,0,0,0,70,37,3,0,0,1,0,0,11,4,RH=Crude Sword|LH=Crude Sword|BD=Crude Armour|A1=Crude Bracelet|A2=Crude Bracelet,,0,-,party wiped
233,12577,1,Normal,34,3,3,3,0,37,37,0,0,45,0,1,1,0,5,3,1,3,3,0,0,252,29,13,13,4.333,0,1,1,4,3,,,0,-,floor1_town
233,12577,2,Normal,36,5,5,5,0,37,36,0,2,75,0,1,2,1,6,4,0,0,2,1,0,420,32,19,19,3.8,0,1,1,6,2,,Swords_T1_03=1,0,-,+1 levelup
233,12577,3,Normal,10,1,1,0,0,36,0,2,2,0,0,2,2,1,3,3,0,0,0,1,0,127,44,4,0,0,1,0,0,7,4,RH=Crude Sword|LH=Crude Sword|BD=Crude Armour|A1=Crude Bracelet|A2=Crude Bracelet,Swords_T1_03=1,0,-,party wiped
234,12578,1,Normal,32,3,3,3,0,37,37,0,0,30,0,1,1,0,3,0,2,3,3,0,0,168,8,7,7,2.333,0,1,1,4,1,,,0,-,floor1_town
234,12578,2,Normal,31,3,3,3,0,37,29,0,0,35,0,1,1,0,3,0,3,0,3,0,0,196,8,7,7,2.333,0,1,1,4,3,,,0,-,
234,12578,3,Normal,2,1,1,0,0,29,0,0,0,0,0,1,1,5,3,3,0,0,0,0,0,163,37,9,0,0,1,0,0,10,3,RH=Crude Sword|LH=Crude Sword|BD=Crude Armour|A1=Crude Bracelet|A2=Crude Bracelet,,0,-,party wiped
235,12579,1,Normal,30,4,4,4,0,37,37,0,0,45,0,1,1,0,5,1,1,3,3,0,0,252,8,11,11,2.75,0,1,1,5,3,,,0,-,floor1_town
235,12579,2,Normal,38,3,3,3,0,37,29,0,0,45,0,1,1,1,3,3,2,0,0,0,0,252,8,13,13,4.333,0,1,1,5,4,,,0,-,
235,12579,3,Normal,15,2,2,1,0,29,0,0,1,36,0,1,2,4,3,3,0,0,0,1,0,335,45,12,6,6,1,0,0,11,3,RH=Crude Sword|LH=Crude Sword|BD=Crude Armour|A1=Crude Bracelet|A2=Crude Bracelet,Swords_T1_03=1,0,-,party wiped; +1 levelup
236,12580,1,Normal,28,2,2,2,0,37,37,0,0,25,0,1,1,0,3,0,2,3,3,0,0,140,0,6,6,3,0,1,1,3,4,,,0,-,floor1_town
236,12580,2,Normal,33,3,3,3,0,37,37,0,0,55,0,1,1,0,7,2,4,0,2,0,0,308,16,16,16,5.333,0,1,1,5,4,,,0,-,
236,12580,3,Normal,9,2,2,1,0,37,0,0,0,12,0,1,1,4,4,3,0,0,0,0,0,191,37,7,2,2,1,0,0,17,4,RH=Crude Sword|LH=Crude Sword|BD=Crude Armour|A1=Crude Bracelet|A2=Crude Bracelet,,0,-,party wiped
237,12581,1,Normal,26,4,4,4,0,37,37,0,0,50,0,1,1,0,4,1,1,3,3,0,0,280,16,13,13,3.25,0,1,1,5,4,,,0,-,floor1_town
237,12581,2,Normal,36,4,4,4,0,37,37,0,0,35,0,1,1,0,3,3,2,0,0,0,0,196,0,9,9,2.25,0,1,1,5,1,,,0,-,
237,12581,3,Normal,10,3,3,2,0,37,0,0,2,48,0,1,2,2,6,6,0,0,0,0,0,330,87,11,8,4,1,0,0,12,4,RH=Crude Sword|LH=Crude Sword|BD=Crude Armour|A1=Crude Bracelet|A2=Crude Bracelet,,0,-,party wiped; +1 levelup
238,12582,1,Normal,40,3,3,3,0,37,37,0,0,35,0,1,1,0,4,0,2,3,3,0,0,196,16,11,11,3.667,0,1,1,4,1,,,0,-,floor1_town
238,12582,2,Normal,38,4,4,4,0,37,29,0,0,50,0,1,1,1,3,3,1,0,0,0,0,280,8,15,15,3.75,0,1,1,4,2,,,0,-,
238,12582,3,Normal,33,0,0,0,0,29,29,0,0,0,0,1,1,0,0,0,2,0,0,0,0,0,0,0,0,0,0,1,1,4,0,,,0,-,
238,12582,4,Normal,35,6,6,6,0,29,44,0,2,70,0,1,2,0,3,3,2,0,0,2,0,392,8,16,16,2.667,0,1,1,5,2,,Swords_T1_03=2,0,-,+1 levelup
238,12582,5,Normal,32,2,2,2,0,44,45,2,2,15,0,2,2,0,0,0,2,3,3,2,0,84,20,5,5,2.5,0,1,1,6,1,,Swords_T1_03=2,0,-,
238,12582,6,Normal,39,4,4,4,0,45,33,2,2,60,0,2,2,0,4,3,2,2,3,4,0,336,38,15,15,3.75,0,1,1,7,2,,Swords_T1_03=4,0,-,
238,12582,7,Normal,29,4,4,4,0,33,54,2,3,70,0,2,3,1,5,5,1,0,1,3,0,392,19,19,19,4.75,0,1,1,8,4,,Swords_T1_03=3,0,-,+1 levelup
238,12582,8,Normal,16,2,2,1,0,54,0,3,3,60,0,3,3,1,6,6,0,0,0,3,0,253,50,10,7,7,1,0,0,20,3,RH=Crude Sword|LH=Crude Sword|BD=Crude Armour|A1=Crude Bracelet|A2=Crude Bracelet,Swords_T1_03=3,0,-,party wiped
239,12583,1,Normal,38,5,5,5,0,37,37,0,0,60,0,1,1,0,8,0,0,3,3,0,0,336,0,14,14,2.8,0,1,1,6,3,,,0,-,floor1_town
239,12583,2,Normal,29,3,3,3,0,37,37,0,0,35,0,1,1,0,3,1,1,0,2,0,0,196,8,8,8,2.667,0,1,1,7,4,,,0,-,
239,12583,3,Normal,24,3,3,2,0,37,0,0,3,48,0,1,2,2,3,3,0,0,0,1,0,352,43,11,8,4,1,0,0,13,3,RH=Crude Sword|LH=Crude Sword|BD=Crude Armour|A1=Crude Bracelet|A2=Crude Bracelet,Swords_T1_03=1,0,-,party wiped; +1 levelup
240,12584,1,Normal,36,4,4,4,0,37,37,0,0,55,0,1,1,0,7,0,2,3,3,0,0,308,8,15,15,3.75,0,1,1,5,1,,,0,-,floor1_town
240,12584,2,Normal,26,3,3,3,0,37,45,0,3,45,0,1,2,0,6,4,3,3,3,0,0,252,39,13,13,4.333,0,1,1,7,1,,,0,-,+1 levelup
240,12584,3,Normal,3,1,1,0,0,45,0,3,3,0,0,2,2,3,3,3,0,0,0,1,0,174,44,6,0,0,1,0,0,7,4,RH=Crude Sword|LH=Crude Sword|BD=Crude Armour|A1=Crude Bracelet|A2=Crude Bracelet,Swords_T1_03=1,0,-,party wiped
241,12585,1,Normal,34,6,6,6,0,37,46,0,3,105,0,1,2,0,16,8,0,3,3,0,0,588,24,30,30,5,0,1,1,7,4,,,0,-,floor1_town; +1 levelup
241,12585,2,Normal,27,3,3,3,0,46,46,3,3,40,0,2,2,0,3,0,0,0,3,2,0,224,-2,9,9,3,0,1,1,7,3,,Swords_T1_03=2,0,-,
241,12585,3,Normal,15,1,1,0,0,46,0,3,3,0,0,2,2,0,0,3,0,0,0,1,0,123,45,3,0,0,1,0,0,7,3,RH=Crude Sword|LH=Crude Sword|BD=Crude Armour|A1=Crude Bracelet|A2=Crude Bracelet,Swords_T1_03=1,0,-,party wiped
242,12586,1,Normal,31,4,4,4,0,37,37,0,0,50,0,1,1,0,6,4,1,3,3,0,0,280,8,12,12,3,0,1,1,5,1,,,0,-,floor1_town
242,12586,2,Normal,26,1,1,1,0,37,37,0,0,10,0,1,1,0,1,0,2,2,3,0,0,56,0,2,2,2,0,1,1,5,2,,,0,-,
242,12586,3,Normal,32,4,4,3,0,37,0,0,2,60,0,1,2,3,8,6,0,0,0,1,0,423,55,17,13,4.333,1,0,0,23,4,RH=Crude Sword|LH=Crude Sword|BD=Crude Armour|A1=Crude Bracelet|A2=Crude Bracelet,Swords_T1_03=1,0,-,party wiped; +1 levelup
243,12587,1,Normal,29,3,3,3,0,37,37,0,0,40,0,1,1,0,5,2,0,3,3,0,0,224,8,13,13,4.333,0,1,1,4,3,,,0,-,floor1_town
243,12587,2,Normal,38,4,4,4,0,37,37,0,0,50,0,1,1,0,4,0,1,2,3,0,0,280,16,12,12,3,0,1,1,6,3,,,0,-,
243,12587,3,Normal,20,2,2,1,0,37,0,0,1,36,0,1,2,2,3,3,0,0,0,1,0,262,59,9,7,7,1,0,0,12,3,RH=Crude Sword|LH=Crude Sword|BD=Crude Armour|A1=Crude Bracelet|A2=Crude Bracelet,Swords_T1_03=1,0,-,party wiped; +1 levelup
244,12588,1,Normal,27,5,5,5,0,37,37,0,0,40,0,1,1,0,0,0,1,3,3,0,0,224,24,8,8,1.6,0,1,1,6,1,,,0,-,floor1_town
244,12588,2,Normal,26,3,3,3,0,37,29,0,0,20,0,1,1,0,0,0,2,3,3,0,0,112,8,4,4,1.333,0,1,1,6,2,,,0,-,
244,12588,3,Normal,37,3,3,3,0,29,44,0,2,60,0,1,2,0,7,2,4,0,1,0,0,300,0,10,10,3.333,0,1,1,24,2,,,0,-,+1 levelup
244,12588,4,Normal,17,2,2,1,0,44,0,2,2,20,0,2,2,4,0,1,0,0,0,1,0,222,43,13,6,6,1,0,0,24,4,RH=Crude Sword|LH=Crude Sword|BD=Crude Armour|A1=Crude Bracelet|A2=Crude Bracelet,Swords_T1_03=1,0,-,party wiped
245,12589,1,Normal,25,4,4,4,0,37,37,0,0,45,0,1,1,0,4,0,2,3,3,0,0,252,16,12,12,3,0,1,1,5,4,,,0,-,floor1_town
245,12589,2,Normal,27,2,2,2,0,37,29,0,0,25,0,1,1,0,1,0,3,3,3,0,0,140,16,5,5,2.5,0,1,1,6,2,,,0,-,
245,12589,3,Normal,40,5,5,3,2,29,45,0,2,72,0,1,2,5,9,7,0,3,3,3,0,575,94,21,14,4.667,0,1,1,20,1,,Swords_T1_03=3,0,-,+1 levelup; flee×2
245,12589,4,Normal,20,4,4,3,0,45,0,2,2,35,0,2,2,0,3,3,0,0,0,3,0,305,42,14,8,2.667,1,0,0,20,4,RH=Crude Sword|LH=Crude Sword|BD=Crude Armour|A1=Crude Bracelet|A2=Crude Bracelet,Swords_T1_03=3,0,-,party wiped
246,12590,1,Normal,39,4,4,4,0,37,37,0,0,60,0,1,1,0,6,3,1,3,3,0,0,336,24,15,15,3.75,0,1,1,5,4,,,0,-,floor1_town
246,12590,2,Normal,40,4,4,4,0,37,44,0,2,60,0,1,2,2,6,6,0,0,0,0,0,336,8,22,22,5.5,0,1,1,6,1,,,0,-,+1 levelup
246,12590,3,Normal,12,2,2,1,0,44,0,2,2,12,0,2,2,1,0,0,0,0,0,3,0,120,41,3,1,1,1,0,0,6,4,RH=Crude Sword|LH=Crude Sword|BD=Crude Armour|A1=Crude Bracelet|A2=Crude Bracelet,Swords_T1_03=3,0,-,party wiped
247,12591,1,Normal,37,6,6,6,0,37,37,0,0,75,0,1,1,0,6,0,2,3,3,0,0,420,32,17,17,2.833,0,1,1,7,3,,,0,-,floor1_town
247,12591,2,Normal,40,6,6,6,0,37,38,0,1,85,0,1,2,2,4,3,0,3,3,0,0,476,41,22,22,3.667,0,1,1,9,3,,,0,-,+1 levelup
247,12591,3,Normal,1,1,1,0,0,38,0,1,1,0,0,2,2,0,3,3,0,0,0,0,0,87,46,3,0,0,1,0,0,10,4,RH=Crude Sword|LH=Crude Sword|BD=Crude Armour|A1=Crude Bracelet|A2=Crude Bracelet,,0,-,party wiped
248,12592,1,Normal,35,4,4,4,0,37,37,0,0,65,0,1,1,0,8,0,0,3,3,0,0,364,8,16,16,4,0,1,1,5,3,,,0,-,floor1_town
248,12592,2,Normal,30,1,1,1,0,37,29,0,0,10,0,1,1,0,0,0,1,3,3,0,0,56,8,2,2,2,0,1,1,5,2,,,0,-,
248,12592,3,Normal,9,2,2,1,0,29,0,0,2,36,0,1,2,2,3,3,0,0,0,1,0,270,65,9,6,6,1,0,0,11,4,RH=Crude Sword|LH=Crude Sword|BD=Crude Armour|A1=Crude Bracelet|A2=Crude Bracelet,Swords_T1_03=1,0,-,party wiped; +1 levelup
249,12593,1,Normal,33,3,3,3,0,37,37,0,0,40,0,1,1,0,5,0,2,3,3,0,0,224,18,13,13,4.333,0,1,1,4,3,,,0,-,floor1_town
249,12593,2,Normal,26,1,1,1,0,37,29,0,0,15,0,1,1,0,2,0,2,1,3,0,0,84,8,5,5,5,0,1,1,4,3,,,0,-,
249,12593,3,Normal,15,2,2,1,0,29,0,0,0,36,0,1,1,3,6,6,0,0,0,0,0,303,58,11,7,7,1,0,0,16,4,RH=Crude Sword|LH=Crude Sword|BD=Crude Armour|A1=Crude Bracelet|A2=Crude Bracelet,,0,-,party wiped
250,12594,1,Normal,16,2,2,1,0,37,0,0,0,5,0,1,1,0,3,3,0,0,0,0,0,134,37,6,1,1,1,0,0,2,4,RH=Crude Sword|LH=Crude Sword|BD=Crude Armour|A1=Crude Bracelet|A2=Crude Bracelet,,0,-,floor1_town; party wiped
251,12595,1,Normal,29,5,5,5,0,37,37,0,0,60,0,1,1,0,6,1,2,3,3,0,0,336,8,14,14,2.8,0,1,1,6,2,,,0,-,floor1_town
251,12595,2,Normal,25,2,2,2,0,37,37,0,0,10,0,1,1,0,0,0,3,3,3,0,0,56,0,2,2,1,0,1,1,6,1,,,0,-,
251,12595,3,Normal,20,3,3,2,0,37,0,0,3,60,0,1,2,3,6,5,0,0,0,1,0,360,47,14,11,5.5,1,0,0,18,3,RH=Crude Sword|LH=Crude Sword|BD=Crude Armour|A1=Crude Bracelet|A2=Crude Bracelet,Swords_T1_03=1,0,-,party wiped; +1 levelup
252,12596,1,Normal,27,1,1,1,0,37,37,0,0,5,0,1,1,0,0,0,0,3,3,0,0,28,0,1,1,1,0,1,1,2,1,,,0,-,floor1_town
252,12596,2,Normal,34,4,4,4,0,37,37,0,0,60,0,1,1,0,6,0,0,1,3,0,0,336,24,16,16,4,0,1,1,5,3,,,0,-,
252,12596,3,Normal,33,3,3,2,1,37,44,0,3,48,0,1,2,1,4,3,0,2,3,1,0,300,78,14,12,6,0,1,1,12,1,,Swords_T1_03=1,0,-,+1 levelup; flee×1
252,12596,4,Normal,37,5,5,5,0,44,44,3,3,45,0,2,2,0,2,1,0,0,2,5,0,252,-5,10,10,2,0,1,1,12,1,,Swords_T1_03=5,0,-,
252,12596,5,Normal,35,4,4,4,0,44,45,3,3,45,0,2,2,0,0,2,0,3,3,2,0,252,14,11,11,2.75,0,1,1,13,1,,Swords_T1_03=2,0,-,
252,12596,6,Normal,26,4,4,4,0,45,37,3,3,65,0,2,2,0,3,3,0,0,0,3,0,364,5,16,16,4,0,1,1,13,4,,Swords_T1_03=3,0,-,
252,12596,7,Normal,31,4,4,4,0,37,23,3,4,70,0,2,3,0,6,3,0,0,0,3,0,392,54,17,17,4.25,0,1,1,15,4,,Swords_T1_03=2|Swords_T1_04=1,0,-,+1 levelup
252,12596,8,Normal,2,1,1,0,0,23,0,4,4,0,0,3,3,0,2,0,0,1,3,0,0,34,52,1,0,0,1,0,0,21,4,RH=Crude Sword|LH=Crude Sword|BD=Crude Armour|A1=Crude Bracelet|A2=Crude Bracelet,,0,-,party wiped
253,12597,1,Normal,25,2,2,2,0,37,37,0,0,30,0,1,1,1,4,3,0,3,3,0,0,168,24,11,11,5.5,0,1,1,3,4,,,0,-,floor1_town
253,12597,2,Normal,38,2,2,2,0,37,29,0,0,30,0,1,1,0,3,1,2,0,2,0,0,168,16,8,8,4,0,1,1,4,4,,,0,-,
253,12597,3,Normal,27,1,1,1,0,29,37,0,0,24,0,1,1,0,3,1,4,0,2,0,0,120,0,4,4,4,0,1,1,10,2,,,0,-,
253,12597,4,Normal,29,3,3,3,0,37,45,0,2,35,0,1,2,0,0,2,4,3,3,1,0,196,24,8,8,2.667,0,1,1,11,2,,Swords_T1_03=1,0,-,+1 levelup
253,12597,5,Normal,25,3,3,3,0,45,38,2,2,35,0,2,2,0,3,2,4,0,1,2,0,196,5,10,10,3.333,0,1,1,11,4,,Swords_T1_03=2,0,-,
253,12597,6,Normal,30,3,3,3,0,38,38,2,2,50,0,2,2,1,2,1,3,1,3,2,0,280,19,11,11,3.667,0,1,1,12,3,,Swords_T1_03=2,0,-,
253,12597,7,Normal,28,3,3,3,0,38,37,2,2,25,0,2,2,0,1,1,3,0,2,1,0,140,0,7,7,2.333,0,1,1,12,1,,Swords_T1_03=1,0,-,
253,12597,8,Normal,30,0,0,0,0,37,37,2,2,0,0,2,2,0,0,0,3,0,2,0,0,0,0,0,0,0,0,1,1,12,0,,,0,-,
253,12597,9,Normal,40,3,3,3,0,37,37,2,2,45,0,2,2,3,0,2,0,0,0,3,0,252,-3,12,12,4,0,1,1,12,2,,Swords_T1_03=3,0,-,
253,12597,9,Normal,3,1,1,0,0,37,0,2,2,0,0,2,2,0,0,0,0,0,0,1,0,55,36,2,0,0,1,0,0,12,3,RH=Crude Sword|LH=Crude Sword|BD=Crude Armour|A1=Crude Bracelet|A2=Crude Bracelet,Swords_T1_03=1,0,-,ai_farm; party wiped
254,12598,1,Normal,39,4,4,4,0,37,37,0,0,55,0,1,1,0,5,0,0,3,3,0,0,308,16,13,13,3.25,0,1,1,5,2,,,0,-,floor1_town
254,12598,2,Normal,28,2,2,2,0,37,31,0,0,30,0,1,1,0,3,3,0,0,0,0,0,168,6,9,9,4.5,0,1,1,5,2,,,0,-,
254,12598,3,Normal,31,1,1,0,0,31,0,0,0,0,0,1,1,2,3,3,0,0,0,0,0,198,37,5,0,0,1,0,0,11,4,RH=Crude Sword|LH=Crude Sword|BD=Crude Armour|A1=Crude Bracelet|A2=Crude Bracelet,,0,-,party wiped
255,12599,1,Normal,37,4,4,4,0,37,37,0,0,30,0,1,1,0,3,1,1,3,3,0,0,168,0,8,8,2,0,1,1,5,1,,,0,-,floor1_town
255,12599,2,Normal,9,2,2,1,0,37,0,0,0,20,0,1,1,1,3,3,0,0,0,0,0,165,37,9,6,6,1,0,0,5,4,RH=Crude Sword|LH=Crude Sword|BD=Crude Armour|A1=Crude Bracelet|A2=Crude Bracelet,,0,-,party wiped
256,12600,1,Normal,35,2,2,2,0,37,37,0,0,40,0,1,1,0,6,3,2,3,3,0,0,224,16,11,11,5.5,0,1,1,3,4,,,0,-,floor1_town
256,12600,2,Normal,40,4,4,4,0,37,37,0,0,50,0,1,1,1,3,3,1,0,0,0,0,280,0,13,13,3.25,0,1,1,3,4,,,0,-,
256,12600,3,Normal,12,1,1,0,0,37,0,0,0,0,0,1,1,1,3,3,0,0,0,0,0,163,37,6,0,0,1,0,0,9,3,RH=Crude Sword|LH=Crude Sword|BD=Crude Armour|A1=Crude Bracelet|A2=Crude Bracelet,,0,-,party wiped
257,12601,1,Normal,33,3,3,3,0,37,37,0,0,30,0,1,1,0,3,0,1,3,3,0,0,168,0,8,8,2.667,0,1,1,4,2,,,0,-,floor1_town
257,12601,2,Normal,25,2,2,2,0,37,37,0,0,10,0,1,1,0,0,0,3,3,3,0,0,56,0,2,2,1,0,1,1,4,1,,,0,-,
257,12601,3,Normal,26,3,3,2,0,37,0,0,0,48,0,1,1,4,7,6,0,0,0,0,0,420,37,16,9,4.5,1,0,0,22,4,RH=Crude Sword|LH=Crude Sword|BD=Crude Armour|A1=Crude Bracelet|A2=Crude Bracelet,,0,-,party wiped
258,12602,1,Normal,31,3,3,3,0,37,37,0,0,40,0,1,1,0,3,1,2,3,3,0,0,224,24,9,9,3,0,1,1,4,2,,,0,-,floor1_town
258,12602,2,Normal,36,4,4,4,0,37,37,0,0,50,0,1,1,1,3,3,2,0,0,0,0,280,8,13,13,3.25,0,1,1,5,1,,,0,-,
258,12602,3,Normal,5,1,1,0,0,37,0,0,0,0,0,1,1,2,3,3,0,0,0,0,0,103,37,4,0,0,1,0,0,11,4,RH=Crude Sword|LH=Crude Sword|BD=Crude Armour|A1=Crude Bracelet|A2=Crude Bracelet,,0,-,party wiped
259,12603,1,Normal,29,1,1,1,0,37,37,0,0,20,0,1,1,0,3,2,0,3,3,0,0,112,0,6,6,6,0,1,1,2,4,,,0,-,floor1_town
259,12603,2,Normal,34,3,3,3,0,37,37,0,0,35,0,1,1,0,4,2,0,2,3,0,0,196,10,10,10,3.333,0,1,1,3,2,,,0,-,
259,12603,3,Normal,37,5,5,4,1,37,44,0,3,60,0,1,2,2,8,4,0,0,2,0,0,388,58,17,12,3,0,1,1,33,2,,,0,-,+1 levelup; flee×1
259,12603,4,Normal,33,5,5,5,0,44,31,3,3,45,0,2,2,0,3,1,0,0,2,4,0,252,21,13,13,2.6,0,1,1,34,4,,Swords_T1_03=4,0,-,
259,12603,5,Normal,38,2,2,2,0,31,23,3,3,25,0,2,2,0,3,3,0,0,0,0,0,140,21,9,9,4.5,0,1,1,35,4,,,0,-,
259,12603,6,Normal,32,2,2,2,0,23,43,3,3,10,0,2,2,0,0,0,0,3,3,1,0,56,0,2,2,1,0,1,1,36,1,,Swords_T1_03=1,0,-,
259,12603,7,Normal,29,3,3,3,0,43,43,3,3,40,0,2,2,0,3,3,0,3,3,2,0,224,17,14,14,4.667,0,1,1,37,1,,Swords_T1_03=2,0,-,
259,12603,8,Normal,2,1,1,0,0,43,0,3,3,0,0,2,2,0,0,0,0,3,3,1,0,63,43,1,0,0,1,0,0,43,1,RH=Crude Sword|LH=Crude Sword|BD=Crude Armour|A1=Crude Bracelet|A2=Crude Bracelet,Swords_T1_03=1,0,-,party wiped
260,12604,1,Normal,27,2,2,2,0,37,37,0,0,15,0,1,1,0,0,0,2,3,3,0,0,84,8,3,3,1.5,0,1,1,3,2,,,0,-,floor1_town
260,12604,2,Normal,29,3,3,3,0,37,29,0,0,35,0,1,1,0,3,0,2,1,3,0,0,196,16,9,9,3,0,1,1,4,3,,,0,-,
260,12604,3,Normal,33,1,1,1,0,29,37,0,0,24,0,1,1,0,3,2,3,0,1,0,0,120,0,4,4,4,0,1,1,10,2,,,0,-,
260,12604,4,Normal,40,4,4,4,0,37,45,0,1,35,0,1,2,1,0,1,2,0,0,0,0,196,0,8,8,2,0,1,1,10,1,,,0,-,+1 levelup
260,12604,5,Normal,32,5,5,5,0,45,45,1,1,55,0,2,2,0,3,0,2,0,3,4,0,308,10,12,12,2.4,0,1,1,11,2,,Swords_T1_03=4,0,-,
260,12604,6,Normal,38,3,3,3,0,45,36,1,1,20,0,2,2,0,0,0,2,0,3,1,0,112,8,4,4,1.333,0,1,1,11,1,,Swords_T1_03=1,0,-,
260,12604,7,Normal,31,5,5,5,0,36,44,1,1,50,0,2,2,1,0,3,1,3,3,3,0,280,15,13,13,2.6,0,1,1,12,1,,Swords_T1_03=3,0,-,
260,12604,8,Normal,9,1,1,0,0,44,0,1,1,0,0,2,2,1,3,3,0,0,0,1,0,174,44,4,0,0,1,0,0,18,2,RH=Crude Sword|LH=Crude Sword|BD=Crude Armour|A1=Crude Bracelet|A2=Crude Bracelet,Swords_T1_03=1,0,-,party wiped
261,12605,1,Normal,25,3,3,3,0,37,37,0,0,50,0,1,1,0,8,1,0,3,3,0,0,280,8,14,14,4.667,0,1,1,4,4,,,0,-,floor1_town
261,12605,2,Normal,36,5,5,5,0,37,45,0,1,65,0,1,2,1,4,3,0,0,0,0,0,364,24,15,15,3,0,1,1,6,3,,,0,-,+1 levelup
261,12605,3,Normal,26,3,3,3,0,45,28,1,1,48,0,2,2,0,0,0,2,0,0,3,0,240,14,5,5,1.667,0,1,1,6,2,,Swords_T1_03=3,0,-,
261,12605,4,Normal,40,5,5,5,0,28,45,1,1,45,0,2,2,0,3,1,2,0,2,2,0,252,11,11,11,2.2,0,1,1,8,1,,Swords_T1_03=2,0,-,
261,12605,5,Normal,39,3,3,3,0,45,45,1,1,20,0,2,2,0,0,1,2,0,1,1,0,112,-1,5,5,1.667,0,1,1,8,1,,Swords_T1_03=1,0,-,
261,12605,6,Normal,33,4,4,4,0,45,44,1,1,50,0,2,2,0,3,2,2,0,1,2,0,280,12,13,13,3.25,0,1,1,9,2,,Swords_T1_03=2,0,-,
261,12605,7,Normal,27,3,3,3,0,44,45,1,1,20,0,2,2,0,0,1,2,0,0,1,0,112,-2,5,5,1.667,0,1,1,9,2,,Swords_T1_03=1,0,-,
261,12605,8,Normal,3,1,1,0,0,45,0,1,1,0,0,2,2,1,0,0,1,3,3,1,0,74,44,1,0,0,1,0,0,15,3,RH=Crude Sword|LH=Crude Sword|BD=Crude Armour|A1=Crude Bracelet|A2=Crude Bracelet,Swords_T1_03=1,0,-,party wiped
262,12606,1,Normal,39,3,3,3,0,37,37,0,0,35,0,1,1,0,3,0,1,3,3,0,0,196,8,9,9,3,0,1,1,4,2,,,0,-,floor1_town
262,12606,2,Normal,31,3,3,3,0,37,37,0,0,20,0,1,1,0,0,0,3,3,3,0,0,112,8,4,4,1.333,0,1,1,5,1,,,0,-,
262,12606,3,Normal,6,1,1,0,0,37,0,0,0,0,0,1,1,2,3,3,3,0,0,0,0,98,37,3,0,0,1,0,0,11,4,RH=Crude Sword|LH=Crude Sword|BD=Crude Armour|A1=Crude Bracelet|A2=Crude Bracelet,,0,-,party wiped
263,12607,1,Normal,37,6,6,6,0,37,37,0,0,75,0,1,1,0,9,1,0,3,3,0,0,420,24,22,22,3.667,0,1,1,7,2,,,0,-,floor1_town
263,12607,2,Normal,20,4,4,3,0,37,0,0,2,30,0,1,2,1,3,3,0,0,0,1,0,249,43,12,8,2.667,1,0,0,7,4,RH=Crude Sword|LH=Crude Sword|BD=Crude Armour|A1=Crude Bracelet|A2=Crude Bracelet,Swords_T1_03=1,0,-,party wiped; +1 levelup
264,12608,1,Normal,35,5,5,5,0,37,37,0,0,85,0,1,1,1,11,2,0,3,3,0,0,476,16,23,23,4.6,0,1,1,6,4,,,0,-,floor1_town
264,12608,2,Normal,26,2,2,2,0,37,45,0,3,30,0,1,2,0,3,2,1,0,1,1,0,168,-1,9,9,4.5,0,1,1,6,3,,Swords_T1_03=1,0,-,+1 levelup
264,12608,3,Normal,2,1,1,0,0,45,0,3,3,0,0,2,2,1,0,1,0,0,0,1,0,146,44,4,0,0,1,0,0,6,3,RH=Crude Sword|LH=Crude Sword|BD=Crude Armour|A1=Crude Bracelet|A2=Crude Bracelet,Swords_T1_03=1,0,-,party wiped
265,12609,1,Normal,33,3,3,3,0,37,37,0,0,35,0,1,1,0,4,1,2,3,3,0,0,196,8,9,9,3,0,1,1,4,1,,,0,-,floor1_town
265,12609,2,Normal,26,2,2,2,0,37,37,0,0,20,0,1,1,1,3,0,2,0,3,0,0,112,0,8,8,4,0,1,1,4,3,,,0,-,
265,12609,3,Normal,18,3,3,2,0,37,0,0,2,48,0,1,2,4,6,6,0,0,0,1,0,416,43,13,8,4,1,0,0,16,4,RH=Crude Sword|LH=Crude Sword|BD=Crude Armour|A1=Crude Bracelet|A2=Crude Bracelet,Swords_T1_03=1,0,-,party wiped; +1 levelup
266,12610,1,Normal,31,1,1,1,0,37,37,0,0,15,0,1,1,0,2,0,1,3,3,0,0,84,8,4,4,4,0,1,1,2,3,,,0,-,floor1_town
266,12610,2,Normal,29,3,3,3,0,37,29,0,0,40,0,1,1,0,3,0,3,0,3,0,0,224,16,11,11,3.667,0,1,1,3,3,,,0,-,
266,12610,3,Normal,1,1,1,0,0,29,0,0,0,0,0,1,1,4,3,3,0,0,0,0,0,158,37,5,0,0,1,0,0,9,4,RH=Crude Sword|LH=Crude Sword|BD=Crude Armour|A1=Crude Bracelet|A2=Crude Bracelet,,0,-,party wiped
267,12611,1,Normal,29,4,4,4,0,37,37,0,0,45,0,1,1,1,7,3,1,3,3,0,0,252,21,13,13,3.25,0,1,1,5,2,,,0,-,floor1_town
267,12611,2,Normal,39,4,4,4,0,37,29,0,0,50,0,1,1,0,3,0,1,3,3,0,0,280,32,11,11,2.75,0,1,1,8,2,,,0,-,
267,12611,3,Normal,2,1,1,0,0,29,0,0,0,0,0,1,1,1,3,3,0,0,0,0,0,120,37,5,0,0,1,0,0,14,3,RH=Crude Sword|LH=Crude Sword|BD=Crude Armour|A1=Crude Bracelet|A2=Crude Bracelet,,0,-,party wiped
268,12612,1,Normal,27,3,3,3,0,37,37,0,0,35,0,1,1,0,3,2,1,3,3,0,0,196,16,9,9,3,0,1,1,4,2,,,0,-,floor1_town
268,12612,2,Normal,27,4,4,3,0,37,0,0,0,45,0,1,1,2,9,3,0,0,0,0,0,361,53,18,12,4,1,0,0,6,4,RH=Crude Sword|LH=Crude Sword|BD=Crude Armour|A1=Crude Bracelet|A2=Crude Bracelet,,0,-,party wiped
269,12613,1,Normal,25,2,2,2,0,37,37,0,0,25,0,1,1,0,4,1,2,3,3,0,0,140,0,8,8,4,0,1,1,3,1,,,0,-,floor1_town
269,12613,2,Normal,25,2,2,2,0,37,37,0,0,15,0,1,1,0,1,0,4,2,3,0,0,84,0,4,4,2,0,1,1,3,1,,,0,-,
269,12613,3,Normal,35,2,2,2,0,37,37,0,0,24,0,1,1,0,1,0,6,3,3,0,0,120,0,5,5,2.5,0,1,1,15,1,,,0,-,
269,12613,4,Normal,34,4,4,4,0,37,29,0,0,35,0,1,1,0,1,0,6,3,3,0,0,196,26,10,10,2.5,0,1,1,17,2,,,0,-,
269,12613,5,Normal,34,2,2,2,0,29,37,0,2,25,0,1,2,0,3,0,6,0,3,1,0,140,7,7,7,3.5,0,1,1,18,4,,Swords_T1_03=1,0,-,+1 levelup
269,12613,6,Normal,40,5,5,5,0,37,29,2,2,75,0,2,2,3,3,6,3,0,0,2,0,420,19,21,21,4.2,0,1,1,19,4,,Swords_T1_03=2,0,-,
269,12613,7,Normal,29,3,3,3,0,29,44,2,2,40,0,2,2,0,3,2,3,0,1,2,0,224,-1,9,9,3,0,1,1,20,1,,Swords_T1_03=2,0,-,
269,12613,8,Normal,29,0,0,0,0,44,44,2,2,0,0,2,2,0,0,0,3,0,1,0,0,0,0,0,0,0,0,1,1,20,0,,,0,-,
269,12613,9,Normal,30,3,3,3,0,44,32,2,2,50,0,2,2,1,3,2,2,0,2,3,0,280,25,12,12,4,0,1,1,21,4,,Swords_T1_03=3,0,-,
269,12613,9,Normal,28,6,6,6,0,32,47,2,5,65,0,2,3,1,3,3,1,0,0,5,0,364,23,21,21,3.5,0,1,1,22,3,,Swords_T1_03=3|Swords_T1_04=2,0,-,ai_farm; +1 levelup
269,12613,9,Normal,29,4,4,3,0,47,0,5,5,30,0,3,3,1,0,0,0,0,0,3,0,251,41,10,7,2.333,1,0,0,22,3,RH=Crude Sword|LH=Crude Sword|BD=Crude Armour|A1=Crude Bracelet|A2=Crude Bracelet,Swords_T1_03=3,0,-,ai_farm; party wiped
270,12614,1,Normal,39,3,3,3,0,37,37,0,0,30,0,1,1,0,3,0,0,3,3,0,0,168,0,7,7,2.333,0,1,1,4,1,,,0,-,floor1_town
270,12614,2,Normal,29,4,4,4,0,37,21,0,0,60,0,1,1,0,5,3,2,0,0,0,0,336,24,16,16,4,0,1,1,5,4,,,0,-,
270,12614,3,Normal,30,1,1,1,0,21,44,0,1,36,0,1,2,2,3,3,1,0,0,0,0,180,21,8,8,8,0,1,1,11,3,,,0,-,+1 levelup
270,12614,4,Normal,36,2,2,2,0,44,27,1,1,20,0,2,2,0,0,0,1,0,0,1,0,112,16,4,4,2,0,1,1,11,2,,Swords_T1_03=1,0,-,
270,12614,5,Normal,35,3,3,3,0,27,44,1,1,40,0,2,2,0,3,2,1,0,1,3,0,224,-3,8,8,2.667,0,1,1,12,4,,Swords_T1_03=3,0,-,
270,12614,6,Normal,39,3,3,3,0,44,43,1,1,15,0,2,2,0,0,0,1,0,1,1,0,84,0,3,3,1,0,1,1,12,1,,Swords_T1_03=1,0,-,
270,12614,7,Normal,34,3,3,3,0,43,26,1,1,35,0,2,2,1,0,1,0,0,0,2,0,196,15,11,11,3.667,0,1,1,12,2,,Swords_T1_03=2,0,-,
270,12614,8,Normal,6,1,1,0,0,26,0,1,1,0,0,2,2,0,0,0,0,3,3,0,0,41,44,1,0,0,1,0,0,18,4,RH=Crude Sword|LH=Crude Sword|BD=Crude Armour|A1=Crude Bracelet|A2=Crude Bracelet,,0,-,party wiped
271,12615,1,Normal,37,4,4,4,0,37,37,0,0,50,0,1,1,0,5,1,2,3,3,0,0,280,18,14,14,3.5,0,1,1,5,4,,,0,-,floor1_town
271,12615,2,Normal,32,3,3,3,0,37,16,0,0,45,0,1,1,1,3,3,2,0,0,0,0,252,21,12,12,4,0,1,1,5,4,,,0,-,
271,12615,3,Normal,3,1,1,0,0,16,0,0,0,0,0,1,1,3,3,3,0,0,0,0,0,163,37,5,0,0,1,0,0,11,4,RH=Crude Sword|LH=Crude Sword|BD=Crude Armour|A1=Crude Bracelet|A2=Crude Bracelet,,0,-,party wiped
272,12616,1,Normal,35,4,4,4,0,37,37,0,0,60,0,1,1,0,7,5,0,3,3,0,0,336,24,17,17,4.25,0,1,1,5,4,,,0,-,floor1_town
272,12616,2,Normal,30,3,3,3,0,37,44,0,1,45,0,1,2,0,5,2,2,0,1,0,0,252,8,11,11,3.667,0,1,1,6,4,,,0,-,+1 levelup
272,12616,3,Normal,32,2,2,1,0,44,0,1,1,12,0,2,2,2,0,1,0,0,0,2,0,157,42,4,2,2,1,0,0,6,4,RH=Crude Sword|LH=Crude Sword|BD=Crude Armour|A1=Crude Bracelet|A2=Crude Bracelet,Swords_T1_03=2,0,-,party wiped
273,12617,1,Normal,33,1,1,1,0,37,37,0,0,20,0,1,1,0,3,2,1,3,3,0,0,112,0,6,6,6,0,1,1,2,4,,,0,-,floor1_town
273,12617,2,Normal,34,2,2,2,0,37,37,0,0,30,0,1,1,0,3,1,2,0,2,0,0,168,0,7,7,3.5,0,1,1,2,2,,,0,-,
273,12617,3,Normal,1,1,1,0,0,37,0,0,0,0,0,1,1,2,3,3,0,0,0,0,0,155,37,6,0,0,1,0,0,8,3,RH=Crude Sword|LH=Crude Sword|BD=Crude Armour|A1=Crude Bracelet|A2=Crude Bracelet,,0,-,party wiped
274,12618,1,Normal,31,4,4,4,0,37,37,0,0,40,0,1,1,0,1,0,0,3,3,0,0,224,16,10,10,2.5,0,1,1,5,2,,,0,-,floor1_town
274,12618,2,Normal,34,4,4,4,0,37,37,0,0,40,0,1,1,0,4,0,2,2,3,0,0,224,14,11,11,2.75,0,1,1,7,1,,,0,-,
274,12618,3,Normal,28,2,2,2,0,37,44,0,2,48,0,1,2,0,3,2,4,0,1,1,0,240,-1,7,7,3.5,0,1,1,13,2,,Swords_T1_03=1,0,-,+1 levelup
274,12618,4,Normal,27,2,2,2,0,44,38,2,2,20,0,2,2,0,0,1,4,3,3,1,0,112,21,5,5,2.5,0,1,1,14,1,,Swords_T1_03=1,0,-,
274,12618,5,Normal,40,4,4,4,0,38,35,2,2,55,0,2,2,0,6,3,4,0,3,3,0,308,21,17,17,4.25,0,1,1,15,2,,Swords_T1_03=3,0,-,
274,12618,6,Normal,32,3,3,3,0,35,44,2,2,50,0,2,2,3,0,3,1,0,0,2,0,280,-11,16,16,5.333,0,1,1,15,4,,Swords_T1_03=2,0,-,
274,12618,7,Normal,16,3,3,2,0,44,0,2,2,35,0,2,2,1,3,3,0,0,0,1,0,251,69,12,10,5,1,0,0,16,4,RH=Crude Sword|LH=Crude Sword|BD=Crude Armour|A1=Crude Bracelet|A2=Crude Bracelet,Swords_T1_03=1,0,-,party wiped
275,12619,1,Normal,29,3,3,3,0,37,37,0,0,20,0,1,1,0,1,0,1,3,3,0,0,112,10,6,6,2,0,1,1,4,2,,,0,-,floor1_town
275,12619,2,Normal,40,4,4,4,0,37,37,0,0,50,0,1,1,0,6,2,3,0,1,0,0,280,8,12,12,3,0,1,1,5,2,,,0,-,
275,12619,3,Normal,33,1,1,1,0,37,37,0,0,12,0,1,1,0,1,0,3,2,3,0,0,60,0,2,2,2,0,1,1,11,1,,,0,-,
275,12619,4,Normal,32,3,3,3,0,37,46,0,2,30,0,1,2,0,2,0,3,1,3,1,0,168,15,7,7,2.333,0,1,1,12,2,,Swords_T1_03=1,0,-,+1 levelup
275,12619,5,Normal,26,3,3,3,0,46,46,2,2,40,0,2,2,1,1,3,2,0,0,2,0,224,12,9,9,3,0,1,1,12,3,,Swords_T1_03=2,0,-,
275,12619,6,Normal,38,3,3,3,0,46,28,2,2,25,0,2,2,0,0,0,2,0,0,2,0,140,16,5,5,1.667,0,1,1,12,2,,Swords_T1_03=2,0,-,
275,12619,7,Normal,38,3,3,3,0,28,46,2,2,25,0,2,2,0,1,0,2,2,3,1,0,140,-1,5,5,1.667,0,1,1,13,1,,Swords_T1_03=1,0,-,
275,12619,8,Normal,21,1,1,0,0,46,0,2,2,0,0,2,2,1,0,0,1,3,3,0,0,27,46,1,0,0,1,0,0,19,3,RH=Crude Sword|LH=Crude Sword|BD=Crude Armour|A1=Crude Bracelet|A2=Crude Bracelet,,0,-,party wiped
276,12620,1,Normal,27,2,2,2,0,37,37,0,0,25,0,1,1,0,3,0,2,3,3,0,0,140,8,7,7,3.5,0,1,1,3,3,,,0,-,floor1_town
276,12620,2,Normal,35,4,4,4,0,37,45,0,2,75,0,1,2,1,9,5,2,0,3,0,0,420,27,24,24,6,0,1,1,5,4,,,0,-,+1 levelup
276,12620,3,Normal,13,2,2,1,0,45,0,2,2,12,0,2,2,4,0,3,0,0,0,2,0,258,43,8,2,2,1,0,0,5,4,RH=Crude Sword|LH=Crude Sword|BD=Crude Armour|A1=Crude Bracelet|A2=Crude Bracelet,Swords_T1_03=2,0,-,party wiped
277,12621,1,Normal,25,3,3,3,0,37,37,0,0,35,0,1,1,0,4,3,1,3,3,0,0,196,16,10,10,3.333,0,1,1,4,4,,,0,-,floor1_town
277,12621,2,Normal,39,4,4,4,0,37,29,0,0,55,0,1,1,1,3,3,2,3,3,0,0,308,24,15,15,3.75,0,1,1,6,2,,,0,-,
277,12621,3,Normal,31,4,4,3,0,29,0,0,2,84,0,1,2,4,6,6,0,0,0,2,0,543,79,18,15,5,1,0,0,13,4,RH=Crude Sword|LH=Crude Sword|BD=Crude Armour|A1=Crude Bracelet|A2=Crude Bracelet,Swords_T1_03=2,0,-,party wiped; +1 levelup
278,12622,1,Normal,39,4,4,4,0,37,37,0,0,45,0,1,1,0,4,3,2,3,3,0,0,252,30,13,13,3.25,0,1,1,5,2,,,0,-,floor1_town
278,12622,2,Normal,27,2,2,2,0,37,37,0,0,30,0,1,1,0,3,2,4,0,1,0,0,168,0,7,7,3.5,0,1,1,5,2,,,0,-,
278,12622,3,Normal,39,3,3,3,0,37,45,0,3,96,0,1,2,6,6,5,0,0,1,1,0,480,43,16,16,5.333,0,1,1,12,2,,Swords_T1_03=1,0,-,+1 levelup
278,12622,4,Normal,38,3,3,2,1,45,43,3,3,10,0,2,2,0,0,1,0,3,3,2,0,140,37,5,2,1,0,1,1,13,1,,Swords_T1_03=2,0,-,flee×1
278,12622,5,Normal,25,4,4,3,0,43,0,3,3,35,0,2,2,0,3,3,0,0,0,2,0,252,41,11,8,2.667,1,0,0,13,4,RH=Crude Sword|LH=Crude Sword|BD=Crude Armour|A1=Crude Bracelet|A2=Crude Bracelet,Swords_T1_03=2,0,-,party wiped
279,12623,1,Normal,37,5,5,5,0,37,37,0,0,45,0,1,1,0,2,0,0,3,3,0,0,252,8,10,10,2,0,1,1,6,2,,,0,-,floor1_town
279,12623,2,Normal,39,4,4,4,0,37,45,0,2,60,0,1,2,0,6,3,0,0,0,0,0,336,16,16,16,4,0,1,1,7,4,,,0,-,+1 levelup
279,12623,3,Normal,5,1,1,0,0,45,0,2,2,0,0,2,2,2,0,0,0,0,0,0,0,60,45,3,0,0,1,0,0,7,4,RH=Crude Sword|LH=Crude Sword|BD=Crude Armour|A1=Crude Bracelet|A2=Crude Bracelet,,0,-,party wiped
280,12624,1,Normal,35,3,3,3,0,37,37,0,0,30,0,1,1,0,2,0,2,3,3,0,0,168,8,7,7,2.333,0,1,1,4,2,,,0,-,floor1_town
280,12624,2,Normal,40,6,6,6,0,37,45,0,2,90,0,1,2,0,9,5,2,0,0,1,0,504,23,25,25,4.167,0,1,1,6,4,,Swords_T1_03=1,0,-,+1 levelup
280,12624,3,Normal,5,1,1,0,0,45,0,2,2,0,0,2,2,2,0,0,1,0,0,1,0,135,44,3,0,0,1,0,0,6,4,RH=Crude Sword|LH=Crude Sword|BD=Crude Armour|A1=Crude Bracelet|A2=Crude Bracelet,Swords_T1_03=1,0,-,party wiped
281,12625,1,Normal,33,1,1,1,0,37,37,0,0,15,0,1,1,0,3,0,0,3,3,0,0,84,0,5,5,5,0,1,1,2,3,,,0,-,floor1_town
281,12625,2,Normal,32,4,4,4,0,37,37,0,0,65,0,1,1,0,6,4,1,0,2,0,0,364,8,17,17,4.25,0,1,1,3,4,,,0,-,
281,12625,3,Normal,25,2,2,1,0,37,0,0,0,12,0,1,1,1,3,3,0,0,0,0,0,211,37,7,2,2,1,0,0,15,3,RH=Crude Sword|LH=Crude Sword|BD=Crude Armour|A1=Crude Bracelet|A2=Crude Bracelet,,0,-,party wiped
282,12626,1,Normal,31,4,4,4,0,37,37,0,0,35,0,1,1,0,2,0,1,3,3,0,0,196,16,8,8,2,0,1,1,5,2,,,0,-,floor1_town
282,12626,2,Normal,30,4,4,4,0,37,37,0,0,50,0,1,1,0,4,2,1,2,3,0,0,280,16,13,13,3.25,0,1,1,7,2,,,0,-,
282,12626,3,Normal,23,2,2,1,0,37,0,0,1,36,0,1,2,2,3,3,0,0,0,0,0,210,45,9,8,8,1,0,0,13,4,RH=Crude Sword|LH=Crude Sword|BD=Crude Armour|A1=Crude Bracelet|A2=Crude Bracelet,,0,-,party wiped; +1 levelup
283,12627,1,Normal,29,1,1,1,0,37,37,0,0,10,0,1,1,0,0,0,0,3,3,0,0,56,8,2,2,2,0,1,1,2,2,,,0,-,floor1_town
283,12627,2,Normal,26,1,1,1,0,37,37,0,0,5,0,1,1,0,0,0,2,3,3,0,0,28,0,1,1,1,0,1,1,2,1,,,0,-,
283,12627,3,Normal,32,3,3,3,0,37,37,0,0,48,0,1,1,0,5,0,3,2,3,0,0,240,0,8,8,2.667,0,1,1,20,1,,,0,-,
283,12627,4,Normal,29,3,3,3,0,37,37,0,0,35,0,1,1,0,2,0,3,0,3,0,0,196,0,7,7,2.333,0,1,1,20,1,,,0,-,
283,12627,5,Normal,30,5,5,5,0,37,12,0,2,65,0,1,2,3,0,3,0,0,0,4,0,364,37,18,18,3.6,0,1,1,20,4,,Swords_T1_03=4,0,-,+1 levelup
283,12627,6,Normal,39,4,4,4,0,12,17,2,2,55,0,2,2,0,3,3,0,0,0,1,0,308,27,13,13,3.25,0,1,1,21,4,,Swords_T1_03=1,0,-,
283,12627,7,Normal,30,4,4,4,0,17,45,2,2,55,0,2,2,0,3,2,0,0,1,2,0,308,-2,14,14,3.5,0,1,1,22,3,,Swords_T1_03=2,0,-,
283,12627,8,Normal,9,1,1,0,0,45,0,2,2,0,0,2,2,0,0,0,0,3,3,1,0,61,44,1,0,0,1,0,0,28,4,RH=Crude Sword|LH=Crude Sword|BD=Crude Armour|A1=Crude Bracelet|A2=Crude Bracelet,Swords_T1_03=1,0,-,party wiped
284,12628,1,Normal,27,2,2,2,0,37,37,0,0,20,0,1,1,0,2,0,1,3,3,0,0,112,0,6,6,3,0,1,1,3,1,,,0,-,floor1_town
284,12628,2,Normal,26,2,2,2,0,37,37,0,0,15,0,1,1,0,0,0,1,3,3,0,0,84,8,3,3,1.5,0,1,1,4,1,,,0,-,
284,12628,3,Normal,20,3,3,2,0,37,0,0,0,36,0,1,1,2,7,4,0,0,0,0,0,303,37,10,6,3,1,0,0,22,4,RH=Crude Sword|LH=Crude Sword|BD=Crude Armour|A1=Crude Bracelet|A2=Crude Bracelet,,0,-,party wiped
285,12629,1,Normal,25,5,5,5,0,37,37,0,0,65,0,1,1,0,5,0,0,3,3,0,0,364,24,16,16,3.2,0,1,1,6,2,,,0,-,floor1_town
285,12629,2,Normal,39,3,3,3,0,37,45,0,3,40,0,1,2,0,4,2,1,0,1,0,0,224,14,12,12,4,0,1,1,8,4,,,0,-,+1 levelup
285,12629,3,Normal,30,2,2,2,0,45,32,3,3,48,0,2,2,1,1,1,2,2,3,1,0,240,38,8,8,4,0,1,1,9,2,,Swords_T1_03=1,0,-,
285,12629,4,Normal,31,1,1,1,0,32,45,3,3,20,0,2,2,0,3,2,2,0,1,1,0,112,-1,7,7,7,0,1,1,10,4,,Swords_T1_03=1,0,-,
285,12629,5,Normal,10,2,2,1,0,45,0,3,3,20,0,2,2,2,0,1,0,0,0,2,0,165,43,9,7,7,1,0,0,10,3,RH=Crude Sword|LH=Crude Sword|BD=Crude Armour|A1=Crude Bracelet|A2=Crude Bracelet,Swords_T1_03=2,0,-,party wiped
286,12630,1,Normal,39,3,3,3,0,37,37,0,0,40,0,1,1,0,6,0,1,3,3,0,0,224,8,11,11,3.667,0,1,1,4,4,,,0,-,floor1_town
286,12630,2,Normal,29,2,2,2,0,37,37,0,0,15,0,1,1,0,1,0,2,2,3,0,0,84,0,3,3,1.5,0,1,1,4,2,,,0,-,
286,12630,3,Normal,36,5,5,4,0,37,0,0,1,120,0,1,2,4,9,9,0,0,0,3,0,660,57,21,19,4.75,1,0,0,17,4,RH=Crude Sword|LH=Crude Sword|BD=Crude Armour|A1=Crude Bracelet|A2=Crude Bracelet,Swords_T1_03=3,0,-,party wiped; +1 levelup
287,12631,1,Normal,37,5,5,5,0,37,37,0,0,55,0,1,1,0,5,0,2,3,3,0,0,308,0,12,12,2.4,0,1,1,6,2,,,0,-,floor1_town
287,12631,2,Normal,35,3,3,3,0,37,37,0,0,30,0,1,1,0,3,1,4,0,2,0,0,168,0,7,7,2.333,0,1,1,6,3,,,0,-,
287,12631,3,Normal,29,4,4,4,0,37,44,0,1,84,0,1,2,1,5,3,5,1,3,3,0,420,4,14,14,3.5,0,1,1,13,2,,Swords_T1_03=3,0,-,+1 levelup
287,12631,4,Normal,30,3,3,3,0,44,38,1,1,30,0,2,2,0,1,1,5,0,2,3,0,168,3,8,8,2.667,0,1,1,13,1,,Swords_T1_03=3,0,-,
287,12631,5,Normal,36,3,3,3,0,38,44,1,1,45,0,2,2,2,3,3,3,0,2,2,0,252,6,14,14,4.667,0,1,1,14,3,,Swords_T1_03=2,0,-,
287,12631,6,Normal,26,4,4,4,0,44,34,1,1,35,0,2,2,0,0,2,3,3,3,3,0,196,33,11,11,2.75,0,1,1,15,1,,Swords_T1_03=3,0,-,
287,12631,7,Normal,26,2,2,2,0,34,36,1,1,20,0,2,2,0,2,0,3,1,3,1,0,112,-3,5,5,2.5,0,1,1,15,3,,Swords_T1_03=1,0,-,
287,12631,8,Normal,2,1,1,0,0,36,0,1,1,0,0,2,2,0,0,0,3,3,3,0,0,27,44,1,0,0,1,0,0,21,1,RH=Crude Sword|LH=Crude Sword|BD=Crude Armour|A1=Crude Bracelet|A2=Crude Bracelet,,0,-,party wiped
288,12632,1,Normal,35,4,4,4,0,37,37,0,0,45,0,1,1,0,2,0,1,3,3,0,0,252,24,11,11,2.75,0,1,1,5,1,,,0,-,floor1_town
288,12632,2,Normal,33,3,3,3,0,37,37,0,0,35,0,1,1,0,3,3,1,0,0,0,0,196,8,10,10,3.333,0,1,1,6,4,,,0,-,
288,12632,3,Normal,26,2,2,1,0,37,0,0,1,36,0,1,2,3,3,3,0,0,0,0,0,211,44,9,8,8,1,0,0,12,4,RH=Crude Sword|LH=Crude Sword|BD=Crude Armour|A1=Crude Bracelet|A2=Crude Bracelet,,0,-,party wiped; +1 levelup
289,12633,1,Normal,33,4,4,4,0,37,37,0,0,30,0,1,1,0,0,0,2,3,3,0,0,168,8,7,7,1.75,0,1,1,5,1,,,0,-,floor1_town
289,12633,2,Normal,36,5,5,5,0,37,46,0,2,70,0,1,2,1,6,6,3,0,0,0,0,392,35,21,21,4.2,0,1,1,6,4,,,0,-,+1 levelup
289,12633,3,Normal,4,1,1,0,0,46,0,2,2,0,0,2,2,4,0,0,0,0,0,1,0,120,45,4,0,0,1,0,0,6,4,RH=Crude Sword|LH=Crude Sword|BD=Crude Armour|A1=Crude Bracelet|A2=Crude Bracelet,Swords_T1_03=1,0,-,party wiped
290,12634,1,Normal,31,2,2,2,0,37,37,0,0,25,0,1,1,0,3,3,0,3,3,0,0,140,13,7,7,3.5,0,1,1,3,4,,,0,-,floor1_town
290,12634,2,Normal,39,3,3,3,0,37,37,0,0,30,0,1,1,0,3,1,2,0,2,0,0,168,0,7,7,2.333,0,1,1,3,4,,,0,-,
290,12634,3,Normal,36,5,5,4,0,37,0,0,2,108,0,1,2,4,9,7,0,0,0,3,0,750,59,24,17,4.25,1,0,0,16,4,RH=Crude Sword|LH=Crude Sword|BD=Crude Armour|A1=Crude Bracelet|A2=Crude Bracelet,Swords_T1_03=3,0,-,party wiped; +1 levelup
291,12635,1,Normal,29,4,4,4,0,37,37,0,0,40,0,1,1,0,3,0,2,3,3,0,0,224,22,13,13,3.25,0,1,1,5,2,,,0,-,floor1_town
291,12635,2,Normal,35,5,5,5,0,37,37,0,2,80,0,1,2,1,6,4,2,0,0,1,0,448,15,19,19,3.8,0,1,1,6,2,,Swords_T1_03=1,0,-,+1 levelup
291,12635,3,Normal,13,2,2,1,0,37,0,2,2,12,0,2,2,2,3,3,1,0,0,2,0,214,57,8,2,2,1,0,0,7,4,RH=Crude Sword|LH=Crude Sword|BD=Crude Armour|A1=Crude Bracelet|A2=Crude Bracelet,Swords_T1_03=2,0,-,party wiped
292,12636,1,Normal,27,2,2,2,0,37,37,0,0,30,0,1,1,0,3,3,0,3,3,0,0,168,8,8,8,4,0,1,1,3,2,,,0,-,floor1_town
292,12636,2,Normal,40,5,5,5,0,37,45,0,3,70,0,1,2,0,8,2,1,0,2,0,0,392,22,18,18,3.6,0,1,1,5,2,,,0,-,+1 levelup
292,12636,3,Normal,27,2,2,1,0,45,0,3,3,24,0,2,2,1,3,5,0,0,0,2,0,208,58,7,3,3,1,0,0,6,4,RH=Crude Sword|LH=Crude Sword|BD=Crude Armour|A1=Crude Bracelet|A2=Crude Bracelet,Swords_T1_03=2,0,-,party wiped
293,12637,1,Normal,25,3,3,3,0,37,37,0,0,40,0,1,1,0,5,3,1,3,3,0,0,224,0,12,12,4,0,1,1,4,1,,,0,-,floor1_town
293,12637,2,Normal,25,4,4,3,0,37,0,0,0,35,0,1,1,1,3,3,0,0,0,0,0,249,37,13,10,3.333,1,0,0,4,4,RH=Crude Sword|LH=Crude Sword|BD=Crude Armour|A1=Crude Bracelet|A2=Crude Bracelet,,0,-,party wiped
294,12638,1,Normal,39,4,4,4,0,37,37,0,0,40,0,1,1,0,6,4,0,3,3,0,0,224,10,14,14,3.5,0,1,1,5,1,,,0,-,floor1_town
294,12638,2,Normal,37,3,3,3,0,37,37,0,0,35,0,1,1,0,3,3,2,3,3,0,0,196,29,10,10,3.333,0,1,1,7,1,,,0,-,
294,12638,3,Normal,16,2,2,1,0,37,0,0,2,36,0,1,2,4,3,3,0,0,0,1,0,277,44,11,8,8,1,0,0,13,3,RH=Crude Sword|LH=Crude Sword|BD=Crude Armour|A1=Crude Bracelet|A2=Crude Bracelet,Swords_T1_03=1,0,-,party wiped; +1 levelup
295,12639,1,Normal,37,3,3,3,0,37,37,0,0,35,0,1,1,0,4,2,1,3,3,0,0,196,0,9,9,3,0,1,1,4,4,,,0,-,floor1_town
295,12639,2,Normal,37,6,6,6,0,37,37,0,0,40,0,1,1,0,1,0,1,2,3,0,0,224,8,10,10,1.667,0,1,1,5,2,,,0,-,
295,12639,3,Normal,1,1,1,0,0,37,0,0,0,0,0,1,1,3,3,3,0,0,0,0,0,155,37,7,0,0,1,0,0,11,3,RH=Crude Sword|LH=Crude Sword|BD=Crude Armour|A1=Crude Bracelet|A2=Crude Bracelet,,0,-,party wiped
296,12640,1,Normal,35,2,2,2,0,37,37,0,0,25,0,1,1,0,4,0,2,3,3,0,0,140,0,8,8,4,0,1,1,3,2,,,0,-,floor1_town
296,12640,2,Normal,26,3,3,3,0,37,29,0,0,35,0,1,1,0,3,2,4,0,1,0,0,196,8,9,9,3,0,1,1,3,4,,,0,-,
296,12640,3,Normal,11,2,2,1,0,29,0,0,0,36,0,1,1,2,6,6,2,0,0,0,0,288,51,9,6,6,1,0,0,15,4,RH=Crude Sword|LH=Crude Sword|BD=Crude Armour|A1=Crude Bracelet|A2=Crude Bracelet,,0,-,party wiped
297,12641,1,Normal,33,3,3,3,0,37,37,0,0,40,0,1,1,0,6,0,1,3,3,0,0,224,8,10,10,3.333,0,1,1,4,3,,,0,-,floor1_town
297,12641,2,Normal,31,5,5,5,0,37,33,0,3,70,0,1,2,2,3,3,1,0,0,0,0,392,13,17,17,3.4,0,1,1,4,2,,,0,-,+1 levelup
297,12641,3,Normal,25,3,3,3,0,33,45,3,3,60,0,2,2,0,3,3,2,3,3,2,0,300,20,9,9,3,0,1,1,6,1,,Swords_T1_03=2,0,-,
297,12641,4,Normal,36,2,2,2,0,45,33,3,3,30,0,2,2,0,3,1,2,0,2,1,0,168,11,7,7,3.5,0,1,1,6,4,,Swords_T1_03=1,0,-,
297,12641,5,Normal,30,4,4,4,0,33,37,3,3,50,0,2,2,2,3,2,0,0,3,3,0,280,23,14,14,3.5,0,1,1,7,2,,Swords_T1_03=3,0,-,
297,12641,6,Normal,27,3,3,3,0,37,37,3,3,25,0,2,2,0,0,2,0,0,1,2,0,140,-2,7,7,2.333,0,1,1,7,1,,Swords_T1_03=2,0,-,
297,12641,7,Normal,25,2,2,1,0,37,0,3,3,10,0,2,2,0,0,1,0,0,0,1,0,84,36,5,3,3,1,0,0,7,3,RH=Crude Sword|LH=Crude Sword|BD=Crude Armour|A1=Crude Bracelet|A2=Crude Bracelet,Swords_T1_03=1,0,-,party wiped
298,12642,1,Normal,30,5,5,5,0,37,37,0,0,75,0,1,1,0,11,1,2,3,3,0,0,420,24,21,21,4.2,0,1,1,6,4,,,0,-,floor1_town
298,12642,2,Normal,28,4,4,4,0,37,43,0,1,45,0,1,2,1,3,0,2,1,3,2,0,252,15,13,13,3.25,0,1,1,7,1,,Swords_T1_03=2,0,-,+1 levelup
298,12642,3,Normal,15,3,3,2,0,43,0,1,1,36,0,2,2,3,1,3,0,0,0,2,0,311,41,10,7,3.5,1,0,0,7,4,RH=Crude Sword|LH=Crude Sword|BD=Crude Armour|A1=Crude Bracelet|A2=Crude Bracelet,Swords_T1_03=2,0,-,party wiped
299,12643,1,Normal,28,3,3,3,0,37,37,0,0,30,0,1,1,0,3,2,1,3,3,0,0,168,0,10,10,3.333,0,1,1,4,4,,,0,-,floor1_town
299,12643,2,Normal,25,2,2,2,0,37,29,0,0,15,0,1,1,0,1,0,1,2,3,0,0,84,8,5,5,2.5,0,1,1,4,2,,,0,-,
299,12643,3,Normal,35,5,5,5,0,29,45,0,2,96,0,1,2,1,7,5,2,0,1,1,0,480,15,17,17,3.4,0,1,1,22,1,,Swords_T1_03=1,0,-,+1 levelup
299,12643,4,Normal,40,3,3,3,0,45,29,2,2,35,0,2,2,0,0,1,2,0,0,1,0,196,15,8,8,2.667,0,1,1,22,2,,Swords_T1_03=1,0,-,
299,12643,5,Normal,38,5,5,5,0,29,45,2,2,35,0,2,2,0,2,0,2,1,3,2,0,196,-1,8,8,1.6,0,1,1,23,1,,Swords_T1_03=2,0,-,
299,12643,6,Normal,31,3,3,3,0,45,46,2,2,40,0,2,2,0,1,2,2,0,1,3,0,224,-4,10,10,3.333,0,1,1,23,3,,Swords_T1_03=3,0,-,
299,12643,7,Normal,34,4,4,4,0,46,46,2,2,40,0,2,2,1,0,1,1,3,3,4,0,224,23,11,11,2.75,0,1,1,24,1,,Swords_T1_03=4,0,-,
299,12643,8,Normal,4,1,1,0,0,46,0,2,2,0,0,2,2,1,2,0,0,1,3,1,0,61,45,1,0,0,1,0,0,30,4,RH=Crude Sword|LH=Crude Sword|BD=Crude Armour|A1=Crude Bracelet|A2=Crude Bracelet,Swords_T1_03=1,0,-,party wiped
300,12644,1,Normal,26,3,3,3,0,37,37,0,0,35,0,1,1,1,4,3,1,3,3,0,0,196,0,12,12,4,0,1,1,4,1,,,0,-,floor1_town
300,12644,2,Normal,31,4,4,4,0,37,37,0,0,60,0,1,1,1,4,3,2,2,3,0,0,336,8,16,16,4,0,1,1,5,2,,,0,-,
300,12644,3,Normal,26,5,5,5,0,37,42,0,3,120,0,1,2,3,6,6,0,0,0,2,0,600,11,20,20,4,0,1,1,12,3,,Swords_T1_03=2,0,-,+1 levelup
300,12644,4,Normal,26,5,5,5,0,42,38,3,3,50,0,2,2,0,3,0,0,0,3,2,0,280,29,11,11,2.2,0,1,1,13,1,,Swords_T1_03=2,0,-,
300,12644,5,Normal,39,6,6,6,0,38,45,3,6,95,0,2,3,0,3,6,0,0,0,4,0,532,19,21,21,3.5,0,1,1,14,3,,Swords_T1_03=3|Swords_T1_04=1,0,-,+1 levelup
300,12644,6,Normal,35,3,3,2,1,45,38,6,6,25,0,3,3,0,1,0,0,2,3,2,0,168,41,6,5,2.5,0,1,1,15,2,,Swords_T1_03=2,0,-,flee×1
300,12644,7,Normal,31,4,4,4,0,38,40,6,6,30,0,3,3,0,2,0,0,0,3,2,0,168,12,7,7,1.75,0,1,1,15,1,,Swords_T1_03=1|Swords_T1_04=1,0,-,
300,12644,8,Normal,25,2,2,1,0,40,0,6,6,60,0,3,3,0,4,2,0,2,3,2,0,244,50,9,7,7,1,0,0,27,2,RH=Crude Sword|LH=Crude Sword|BD=Crude Armour|A1=Crude Bracelet|A2=Crude Bracelet,Swords_T1_03=1|Swords_T1_04=1,0,-,party wiped
301,12645,1,Normal,40,4,4,4,0,37,37,0,0,50,0,1,1,0,6,3,0,3,3,0,0,280,0,14,14,3.5,0,1,1,5,1,,,0,-,floor1_town
301,12645,2,Normal,25,0,0,0,0,37,37,0,0,0,0,1,1,0,0,0,1,3,3,0,0,0,0,0,0,0,0,1,1,5,0,,,0,-,
301,12645,3,Normal,3,1,1,0,0,37,0,0,0,0,0,1,1,2,3,3,0,0,0,0,0,120,37,4,0,0,1,0,0,11,4,RH=Crude Sword|LH=Crude Sword|BD=Crude Armour|A1=Crude Bracelet|A2=Crude Bracelet,,0,-,party wiped
302,12646,1,Normal,38,4,4,4,0,37,37,0,0,45,0,1,1,0,3,3,2,3,3,0,0,252,16,11,11,2.75,0,1,1,5,1,,,0,-,floor1_town
302,12646,2,Normal,31,4,4,4,0,37,37,0,0,35,0,1,1,0,3,3,3,3,3,0,0,196,13,8,8,2,0,1,1,6,1,,,0,-,
302,12646,3,Normal,28,3,3,2,0,37,0,0,1,36,0,1,2,3,4,3,0,0,0,1,0,371,54,12,7,3.5,1,0,0,18,4,RH=Crude Sword|LH=Crude Sword|BD=Crude Armour|A1=Crude Bracelet|A2=Crude Bracelet,Swords_T1_03=1,0,-,party wiped; +1 levelup
303,12647,1,Normal,36,4,4,4,0,37,37,0,0,45,0,1,1,0,4,2,0,3,3,0,0,252,16,13,13,3.25,0,1,1,5,3,,,0,-,floor1_town
303,12647,2,Normal,33,5,5,5,0,37,37,0,0,50,0,1,1,0,3,3,2,3,3,0,0,280,13,12,12,2.4,0,1,1,6,1,,,0,-,
303,12647,3,Normal,14,1,1,0,0,37,0,0,0,0,0,1,1,3,3,3,0,0,0,0,0,179,37,6,0,0,1,0,0,12,4,RH=Crude Sword|LH=Crude Sword|BD=Crude Armour|A1=Crude Bracelet|A2=Crude Bracelet,,0,-,party wiped
304,12648,1,Normal,34,4,4,4,0,37,37,0,0,45,0,1,1,0,1,0,1,3,3,0,0,252,24,9,9,2.25,0,1,1,5,3,,,0,-,floor1_town
304,12648,2,Normal,26,3,3,3,0,37,37,0,0,40,0,1,1,0,4,2,1,0,1,0,0,224,8,11,11,3.667,0,1,1,6,1,,,0,-,
304,12648,3,Normal,1,1,1,0,0,37,0,0,0,0,0,1,1,1,3,3,0,0,0,0,0,91,37,3,0,0,1,0,0,12,4,RH=Crude Sword|LH=Crude Sword|BD=Crude Armour|A1=Crude Bracelet|A2=Crude Bracelet,,0,-,party wiped
305,12649,1,Normal,32,4,4,4,0,37,37,0,0,70,0,1,1,0,9,1,0,3,3,0,0,392,16,20,20,5,0,1,1,5,4,,,0,-,floor1_town
305,12649,2,Normal,36,5,5,4,1,37,37,0,2,60,0,1,2,0,5,3,0,1,3,0,0,364,53,20,18,4.5,0,1,1,7,3,,,0,-,+1 levelup; flee×1
305,12649,3,Normal,40,4,4,4,0,37,41,2,2,84,0,2,2,1,3,3,1,0,0,3,0,420,1,11,11,2.75,0,1,1,8,2,,Swords_T1_03=3,0,-,
305,12649,4,Normal,30,4,4,4,0,41,29,2,2,55,0,2,2,1,3,3,0,0,0,3,0,308,34,16,16,4,0,1,1,9,4,,Swords_T1_03=3,0,-,
305,12649,5,Normal,27,2,2,2,0,29,53,2,3,35,0,2,3,0,3,3,0,0,0,2,0,196,22,11,11,5.5,0,1,1,10,4,,Swords_T1_03=2,0,-,+1 levelup
305,12649,6,Normal,28,2,2,1,1,53,6,3,3,5,0,3,3,0,0,0,0,0,0,3,0,30,45,3,1,1,0,1,1,10,3,,Swords_T1_03=1|Swords_T1_04=2,0,-,flee×1
305,12649,7,Normal,25,4,4,4,0,6,45,3,3,60,0,3,3,0,3,3,0,0,0,2,0,336,8,14,14,3.5,0,1,1,11,4,,Swords_T1_04=2,0,-,
305,12649,8,Normal,32,0,0,0,0,45,45,3,3,0,0,3,3,0,0,0,0,0,0,0,0,0,0,0,0,0,0,1,1,11,0,,,0,-,
305,12649,9,Normal,1,1,1,0,0,45,0,3,3,0,0,3,3,0,0,0,0,0,0,1,0,29,45,2,0,0,1,0,0,11,4,RH=Crude Sword|LH=Crude Sword|BD=Crude Armour|A1=Crude Bracelet|A2=Crude Bracelet,Swords_T1_04=1,0,-,party wiped
306,12650,1,Normal,30,1,1,1,0,37,37,0,0,20,0,1,1,0,3,3,1,3,3,0,0,112,0,7,7,7,0,1,1,2,4,,,0,-,floor1_town
306,12650,2,Normal,32,2,2,2,0,37,37,0,0,25,0,1,1,0,1,0,2,3,3,0,0,140,8,5,5,2.5,0,1,1,3,2,,,0,-,
306,12650,3,Normal,27,4,4,4,0,37,7,0,2,84,0,1,2,3,5,3,0,0,0,0,0,420,59,15,15,3.75,0,1,1,21,2,,,0,-,+1 levelup
306,12650,4,Normal,36,4,4,4,0,7,37,2,2,55,0,2,2,0,6,1,0,0,3,1,0,308,20,14,14,3.5,0,1,1,23,3,,Swords_T1_03=1,0,-,
306,12650,5,Normal,32,5,5,4,0,37,0,2,2,30,0,2,2,0,0,3,0,0,0,1,0,251,36,9,6,1.5,1,0,0,23,4,RH=Crude Sword|LH=Crude Sword|BD=Crude Armour|A1=Crude Bracelet|A2=Crude Bracelet,Swords_T1_03=1,0,-,party wiped
307,12651,1,Normal,28,1,1,1,0,37,37,0,0,10,0,1,1,0,1,0,2,3,3,0,0,56,0,2,2,2,0,1,1,2,2,,,0,-,floor1_town
307,12651,2,Normal,23,4,4,3,0,37,0,0,0,45,0,1,1,2,3,3,0,0,0,0,0,280,37,14,12,4,1,0,0,2,3,RH=Crude Sword|LH=Crude Sword|BD=Crude Armour|A1=Crude Bracelet|A2=Crude Bracelet,,0,-,party wiped
308,12652,1,Normal,26,4,4,4,0,37,37,0,0,50,0,1,1,0,6,1,1,3,3,0,0,280,8,13,13,3.25,0,1,1,5,3,,,0,-,floor1_town
308,12652,2,Normal,40,5,5,5,0,37,37,0,0,35,0,1,1,0,1,0,3,2,3,0,0,196,14,8,8,1.6,0,1,1,7,2,,,0,-,
308,12652,3,Normal,34,4,4,4,0,37,46,0,2,108,0,1,2,3,7,6,0,0,0,2,0,540,12,17,17,4.25,0,1,1,20,4,,Swords_T1_03=2,0,-,+1 levelup
308,12652,4,Normal,29,4,4,3,1,46,45,2,2,25,0,2,2,0,2,0,0,1,3,4,0,224,31,9,6,2,0,1,1,21,2,,Swords_T1_03=4,0,-,flee×1
308,12652,5,Normal,29,3,3,3,0,45,46,2,2,40,0,2,2,0,1,3,0,0,0,1,0,224,-2,9,9,3,0,1,1,21,1,,Swords_T1_03=1,0,-,
308,12652,6,Normal,26,3,3,2,1,46,37,2,2,10,0,2,2,0,0,0,0,3,3,2,0,84,40,5,3,1.5,0,1,1,22,1,,Swords_T1_03=2,0,-,flee×1
308,12652,7,Normal,34,4,4,4,0,37,54,2,4,55,0,2,3,0,3,3,0,0,0,2,0,308,-3,14,14,3.5,0,1,1,22,1,,Swords_T1_03=2,0,-,+1 levelup
308,12652,8,Normal,7,1,1,0,0,54,0,4,4,0,0,3,3,0,3,1,0,0,2,0,0,52,54,1,0,0,1,0,0,28,4,RH=Crude Sword|LH=Crude Sword|BD=Crude Armour|A1=Crude Bracelet|A2=Crude Bracelet,,0,-,party wiped
309,12653,1,Normal,40,5,5,5,0,37,37,0,0,55,0,1,1,0,6,2,2,3,3,0,0,308,8,15,15,3,0,1,1,6,3,,,0,-,floor1_town
309,12653,2,Normal,39,3,3,3,0,37,37,0,0,30,0,1,1,0,5,1,3,0,2,0,0,168,12,12,12,4,0,1,1,8,3,,,0,-,
309,12653,3,Normal,33,3,3,2,0,37,0,0,2,48,0,1,2,3,4,3,0,0,0,1,0,330,60,13,11,5.5,1,0,0,20,3,RH=Crude Sword|LH=Crude Sword|BD=Crude Armour|A1=Crude Bracelet|A2=Crude Bracelet,Swords_T1_03=1,0,-,party wiped; +1 levelup
310,12654,1,Normal,38,4,4,4,0,37,37,0,0,30,0,1,1,0,2,0,0,3,3,0,0,168,0,8,8,2,0,1,1,5,1,,,0,-,floor1_town
310,12654,2,Normal,25,4,4,4,0,37,29,0,0,40,0,1,1,0,3,2,0,3,3,0,0,224,14,11,11,2.75,0,1,1,6,2,,,0,-,
310,12654,3,Normal,39,5,5,4,0,29,0,0,2,72,0,1,2,2,6,6,0,0,0,3,0,480,57,15,12,3,1,0,0,13,4,RH=Crude Sword|LH=Crude Sword|BD=Crude Armour|A1=Crude Bracelet|A2=Crude Bracelet,Swords_T1_03=3,0,-,party wiped; +1 levelup
311,12655,1,Normal,36,4,4,4,0,37,37,0,0,40,0,1,1,0,4,1,2,3,3,0,0,224,0,10,10,2.5,0,1,1,5,1,,,0,-,floor1_town
311,12655,2,Normal,40,4,4,4,0,37,45,0,2,60,0,1,2,0,8,0,2,1,3,0,0,336,16,15,15,3.75,0,1,1,7,1,,,0,-,+1 levelup
311,12655,3,Normal,14,1,1,0,0,45,0,2,2,0,0,2,2,2,1,3,0,0,0,1,0,180,44,5,0,0,1,0,0,7,4,RH=Crude Sword|LH=Crude Sword|BD=Crude Armour|A1=Crude Bracelet|A2=Crude Bracelet,Swords_T1_03=1,0,-,party wiped
312,12656,1,Normal,34,2,2,2,0,37,37,0,0,35,0,1,1,0,4,2,0,3,3,0,0,196,16,10,10,5,0,1,1,3,4,,,0,-,floor1_town
312,12656,2,Normal,25,3,3,3,0,37,31,0,0,45,0,1,1,0,3,3,2,0,0,0,0,252,14,13,13,4.333,0,1,1,4,4,,,0,-,
312,12656,3,Normal,10,2,2,1,0,31,0,0,2,36,0,1,2,3,3,3,0,0,0,1,0,300,57,10,7,7,1,0,0,10,4,RH=Crude Sword|LH=Crude Sword|BD=Crude Armour|A1=Crude Bracelet|A2=Crude Bracelet,Swords_T1_03=1,0,-,party wiped; +1 levelup
313,12657,1,Normal,32,3,3,3,0,37,37,0,0,30,0,1,1,0,3,0,1,3,3,0,0,168,0,6,6,2,0,1,1,4,4,,,0,-,floor1_town
313,12657,2,Normal,33,3,3,3,0,37,37,0,0,55,0,1,1,0,7,1,3,0,3,0,0,308,16,15,15,5,0,1,1,6,4,,,0,-,
313,12657,3,Normal,29,4,4,2,1,37,0,0,2,60,0,1,2,3,9,9,0,0,0,3,0,568,92,21,11,5.5,1,0,0,14,4,RH=Crude Sword|LH=Crude Sword|BD=Crude Armour|A1=Crude Bracelet|A2=Crude Bracelet,Swords_T1_03=3,0,-,party wiped; +1 levelup; flee×1
314,12658,1,Normal,30,3,3,3,0,37,37,0,0,40,0,1,1,0,5,0,0,3,3,0,0,224,0,8,8,2.667,0,1,1,4,4,,,0,-,floor1_town
314,12658,2,Normal,33,3,3,3,0,37,5,0,0,40,0,1,1,0,3,3,0,0,0,0,0,224,32,12,12,4,0,1,1,4,3,,,0,-,
314,12658,3,Normal,8,1,1,0,0,5,0,0,0,0,0,1,1,2,3,3,0,0,0,0,0,140,37,4,0,0,1,0,0,10,4,RH=Crude Sword|LH=Crude Sword|BD=Crude Armour|A1=Crude Bracelet|A2=Crude Bracelet,,0,-,party wiped
315,12659,1,Normal,28,3,3,3,0,37,37,0,0,35,0,1,1,0,1,0,1,3,3,0,0,196,16,7,7,2.333,0,1,1,4,2,,,0,-,floor1_town
315,12659,2,Normal,28,3,3,3,0,37,37,0,0,30,0,1,1,0,3,3,3,3,3,0,0,168,13,9,9,3,0,1,1,5,1,,,0,-,
315,12659,3,Normal,36,4,4,4,0,37,45,0,3,48,0,1,2,0,3,0,5,2,3,1,0,240,0,7,7,1.75,0,1,1,23,1,,Swords_T1_03=1,0,-,+1 levelup
315,12659,4,Normal,30,3,3,3,0,45,38,3,3,45,0,2,2,1,2,3,4,0,0,3,0,252,4,13,13,4.333,0,1,1,23,4,,Swords_T1_03=3,0,-,
315,12659,5,Normal,33,2,2,2,0,38,29,3,3,25,0,2,2,1,0,0,3,0,0,2,0,140,7,6,6,3,0,1,1,23,2,,Swords_T1_03=2,0,-,
315,12659,6,Normal,37,4,4,4,0,29,46,3,3,55,0,2,2,0,3,2,3,0,1,2,0,308,-2,14,14,3.5,0,1,1,24,3,,Swords_T1_03=2,0,-,
315,12659,7,Normal,33,3,3,3,0,46,38,3,3,40,0,2,2,2,0,1,1,0,0,1,0,224,7,10,10,3.333,0,1,1,24,1,,Swords_T1_03=1,0,-,
315,12659,8,Normal,4,1,1,0,0,38,0,3,3,0,0,2,2,1,1,0,0,2,3,2,0,126,44,2,0,0,1,0,0,30,2,RH=Crude Sword|LH=Crude Sword|BD=Crude Armour|A1=Crude Bracelet|A2=Crude Bracelet,Swords_T1_03=2,0,-,party wiped
316,12660,1,Normal,26,0,0,0,0,37,37,0,0,0,0,1,1,0,0,0,0,3,3,0,0,0,0,0,0,0,0,1,1,1,0,,,0,-,floor1_town
316,12660,2,Normal,13,3,3,2,0,37,0,0,0,25,0,1,1,0,3,3,0,0,0,0,0,193,37,10,6,3,1,0,0,1,4,RH=Crude Sword|LH=Crude Sword|BD=Crude Armour|A1=Crude Bracelet|A2=Crude Bracelet,,0,-,party wiped
317,12661,1,Normal,40,5,5,5,0,37,37,0,0,50,0,1,1,0,4,3,1,3,3,0,0,280,16,11,11,2.2,0,1,1,6,2,,,0,-,floor1_town
317,12661,2,Normal,29,4,4,4,0,37,29,0,0,40,0,1,1,0,2,0,1,1,3,0,0,224,16,9,9,2.25,0,1,1,7,4,,,0,-,
317,12661,3,Normal,1,1,1,0,0,29,0,0,0,0,0,1,1,2,3,3,0,0,0,0,0,157,37,6,0,0,1,0,0,13,4,RH=Crude Sword|LH=Crude Sword|BD=Crude Armour|A1=Crude Bracelet|A2=Crude Bracelet,,0,-,party wiped
318,12662,1,Normal,38,6,6,6,0,37,37,0,0,60,0,1,1,0,7,0,2,3,3,0,0,336,6,16,16,2.667,0,1,1,7,3,,,0,-,floor1_town
318,12662,2,Normal,28,2,2,2,0,37,37,0,0,20,0,1,1,0,2,0,3,3,3,0,0,112,8,5,5,2.5,0,1,1,8,1,,,0,-,
318,12662,3,Normal,34,4,4,3,1,37,44,0,3,60,0,1,2,4,7,6,0,2,3,1,0,395,54,16,12,4,0,1,1,16,1,,Swords_T1_03=1,0,-,+1 levelup; flee×1
318,12662,4,Normal,26,1,1,1,0,44,44,3,3,20,0,2,2,0,2,2,0,0,1,1,0,112,13,7,7,7,0,1,1,16,4,,Swords_T1_03=1,0,-,
318,12662,5,Normal,15,2,2,1,0,44,0,3,3,10,0,2,2,0,0,1,0,0,0,1,0,112,43,5,2,2,1,0,0,16,4,RH=Crude Sword|LH=Crude Sword|BD=Crude Armour|A1=Crude Bracelet|A2=Crude Bracelet,Swords_T1_03=1,0,-,party wiped
319,12663,1,Normal,36,2,2,2,0,37,37,0,0,20,0,1,1,0,1,0,1,3,3,0,0,112,0,4,4,2,0,1,1,3,2,,,0,-,floor1_town
319,12663,2,Normal,32,5,5,5,0,37,29,0,0,65,0,1,1,1,3,3,2,0,0,0,0,364,8,18,18,3.6,0,1,1,3,4,,,0,-,
319,12663,3,Normal,22,4,4,2,1,29,0,0,1,36,0,1,2,3,6,6,0,0,0,1,0,448,72,16,8,4,1,0,0,15,3,RH=Crude Sword|LH=Crude Sword|BD=Crude Armour|A1=Crude Bracelet|A2=Crude Bracelet,Swords_T1_03=1,0,-,party wiped; +1 levelup; flee×1
320,12664,1,Normal,34,6,6,6,0,37,37,0,0,40,0,1,1,0,2,0,2,3,3,0,0,224,8,9,9,1.5,0,1,1,7,1,,,0,-,floor1_town
320,12664,2,Normal,37,4,4,4,0,37,37,0,0,50,0,1,1,0,4,2,2,2,3,0,0,280,16,12,12,3,0,1,1,9,2,,,0,-,
320,12664,3,Normal,32,4,4,4,0,37,45,0,2,96,0,1,2,4,6,4,0,0,2,3,0,480,21,16,16,4,0,1,1,16,2,,Swords_T1_03=3,0,-,+1 levelup
320,12664,4,Normal,38,5,5,4,1,45,7,2,2,35,0,2,2,0,0,2,0,0,0,1,0,252,37,10,8,2,0,1,1,16,3,,Swords_T1_03=1,0,-,flee×1
320,12664,5,Normal,28,2,2,2,0,7,44,2,2,20,0,2,2,0,3,0,0,0,3,3,0,112,-2,6,6,3,0,1,1,17,1,,Swords_T1_03=3,0,-,
320,12664,6,Normal,38,5,5,4,1,44,52,2,3,60,0,2,3,0,5,3,0,0,3,3,0,364,49,19,17,4.25,0,1,1,19,4,,Swords_T1_03=3,0,-,+1 levelup; flee×1
320,12664,7,Normal,25,2,2,2,0,52,44,3,3,35,0,3,3,0,0,3,0,0,0,2,0,196,6,8,8,4,0,1,1,19,4,,Swords_T1_03=1|Swords_T1_04=1,0,-,
320,12664,8,Normal,4,1,1,0,0,44,0,3,3,0,0,3,3,0,3,3,0,0,0,1,0,32,52,2,0,0,1,0,0,25,3,RH=Crude Sword|LH=Crude Sword|BD=Crude Armour|A1=Crude Bracelet|A2=Crude Bracelet,Swords_T1_04=1,0,-,party wiped
321,12665,1,Normal,32,2,2,2,0,37,37,0,0,30,0,1,1,0,3,2,0,3,3,0,0,168,8,9,9,4.5,0,1,1,3,4,,,0,-,floor1_town
321,12665,2,Normal,26,3,3,3,0,37,29,0,0,35,0,1,1,0,2,0,2,3,3,0,0,196,16,9,9,3,0,1,1,4,2,,,0,-,
321,12665,3,Normal,26,2,2,1,0,29,0,0,2,36,0,1,2,1,3,3,1,0,0,0,0,240,60,9,6,6,1,0,0,10,3,RH=Crude Sword|LH=Crude Sword|BD=Crude Armour|A1=Crude Bracelet|A2=Crude Bracelet,,0,-,party wiped; +1 levelup
322,12666,1,Normal,30,4,4,4,0,37,37,0,0,60,0,1,1,0,7,4,2,3,3,0,0,336,8,17,17,4.25,0,1,1,5,4,,,0,-,floor1_town
322,12666,2,Normal,28,2,2,2,0,37,37,0,0,30,0,1,1,0,3,1,4,0,2,0,0,168,0,9,9,4.5,0,1,1,5,3,,,0,-,
322,12666,3,Normal,13,1,1,0,0,37,0,0,0,0,0,1,1,5,3,3,0,0,0,0,0,176,37,7,0,0,1,0,0,11,4,RH=Crude Sword|LH=Crude Sword|BD=Crude Armour|A1=Crude Bracelet|A2=Crude Bracelet,,0,-,party wiped
323,12667,1,Normal,28,2,2,2,0,37,37,0,0,25,0,1,1,0,3,3,0,3,3,0,0,140,0,9,9,4.5,0,1,1,3,1,,,0,-,floor1_town
323,12667,2,Normal,36,2,2,2,0,37,37,0,0,25,0,1,1,0,3,0,1,3,3,0,0,140,8,6,6,3,0,1,1,4,1,,,0,-,
323,12667,3,Normal,14,2,2,1,0,37,0,0,0,36,0,1,1,1,6,6,0,0,0,0,0,275,54,12,9,9,1,0,0,16,4,RH=Crude Sword|LH=Crude Sword|BD=Crude Armour|A1=Crude Bracelet|A2=Crude Bracelet,,0,-,party wiped
324,12668,1,Normal,26,2,2,2,0,37,37,0,0,25,0,1,1,0,3,0,1,3,3,0,0,140,8,6,6,3,0,1,1,3,4,,,0,-,floor1_town
324,12668,2,Normal,40,4,4,4,0,37,29,0,0,65,0,1,1,0,7,3,2,0,1,0,0,364,24,16,16,4,0,1,1,5,4,,,0,-,
324,12668,3,Normal,10,1,1,0,0,29,0,0,0,0,0,1,1,1,3,3,1,0,0,0,0,95,37,5,0,0,1,0,0,11,3,RH=Crude Sword|LH=Crude Sword|BD=Crude Armour|A1=Crude Bracelet|A2=Crude Bracelet,,0,-,party wiped
325,12669,1,Normal,40,5,5,5,0,37,37,0,0,60,0,1,1,0,5,0,0,3,3,0,0,336,16,13,13,2.6,0,1,1,6,3,,,0,-,floor1_town
325,12669,2,Normal,32,5,5,5,0,37,45,0,2,55,0,1,2,0,4,1,2,0,2,0,0,308,22,15,15,3,0,1,1,8,4,,,0,-,+1 levelup
325,12669,3,Normal,38,6,6,6,0,45,44,2,2,108,0,2,2,3,3,5,1,3,3,5,0,540,45,19,19,3.167,0,1,1,10,1,,Swords_T1_03=5,0,-,
325,12669,4,Normal,31,5,5,5,0,44,44,2,2,45,0,2,2,0,2,0,1,2,3,2,0,252,11,12,12,2.4,0,1,1,11,1,,Swords_T1_03=2,0,-,
325,12669,5,Normal,25,4,4,3,1,44,8,2,3,40,0,2,3,1,2,3,0,0,0,3,0,253,42,14,12,4,0,1,1,11,4,,Swords_T1_03=2|Swords_T1_04=1,0,-,+1 levelup; flee×1
325,12669,6,Normal,37,5,5,5,0,8,53,3,3,50,0,3,3,0,3,0,0,0,3,2,0,280,-4,10,10,2,0,1,1,12,3,,Swords_T1_03=2,0,-,
325,12669,7,Normal,34,6,6,6,0,53,45,3,3,85,0,3,3,0,3,6,0,0,0,4,0,476,24,19,19,3.167,0,1,1,13,4,,Swords_T1_03=4,0,-,
325,12669,8,Normal,1,1,1,0,0,45,0,3,3,0,0,3,3,0,3,0,0,0,3,2,0,136,49,2,0,0,1,0,0,19,2,RH=Crude Sword|LH=Crude Sword|BD=Crude Armour|A1=Crude Bracelet|A2=Crude Bracelet,Swords_T1_03=2,0,-,party wiped
326,12670,1,Normal,38,5,5,5,0,37,37,0,0,65,0,1,1,0,7,0,1,3,3,0,0,364,24,19,19,3.8,0,1,1,6,3,,,0,-,floor1_town
326,12670,2,Normal,35,3,3,3,0,37,45,0,1,40,0,1,2,0,3,0,1,3,3,0,0,224,16,10,10,3.333,0,1,1,7,2,,,0,-,+1 levelup
326,12670,3,Normal,25,3,3,2,0,45,0,1,1,24,0,2,2,3,3,3,0,0,0,3,0,293,42,9,2,1,1,0,0,7,4,RH=Crude Sword|LH=Crude Sword|BD=Crude Armour|A1=Crude Bracelet|A2=Crude Bracelet,Swords_T1_03=3,0,-,party wiped
327,12671,1,Normal,36,5,5,5,0,37,37,0,0,85,0,1,1,0,11,3,2,3,3,0,0,476,24,23,23,4.6,0,1,1,6,4,,,0,-,floor1_town
327,12671,2,Normal,29,4,4,4,0,37,45,0,3,60,0,1,2,2,3,3,1,0,0,1,0,336,-1,15,15,3.75,0,1,1,6,4,,Swords_T1_03=1,0,-,+1 levelup
327,12671,3,Normal,10,2,2,1,0,45,0,3,3,12,0,2,2,1,0,0,0,0,0,2,0,232,43,6,1,1,1,0,0,6,3,RH=Crude Sword|LH=Crude Sword|BD=Crude Armour|A1=Crude Bracelet|A2=Crude Bracelet,Swords_T1_03=2,0,-,party wiped
328,12672,1,Normal,34,4,4,4,0,37,37,0,0,40,0,1,1,0,3,0,1,3,3,0,0,224,14,11,11,2.75,0,1,1,5,2,,,0,-,floor1_town
328,12672,2,Normal,25,3,3,3,0,37,37,0,0,30,0,1,1,0,2,0,3,1,3,0,0,168,8,8,8,2.667,0,1,1,6,1,,,0,-,
328,12672,3,Normal,34,2,2,2,0,37,37,0,0,24,0,1,1,0,2,0,5,2,3,0,0,120,0,4,4,2,0,1,1,18,1,,,0,-,
328,12672,4,Normal,25,1,1,1,0,37,37,0,0,5,0,1,1,0,0,0,5,2,3,0,0,28,0,1,1,1,0,1,1,18,1,,,0,-,
328,12672,5,Normal,30,4,4,4,0,37,43,0,2,35,0,1,2,0,2,2,5,0,1,3,0,196,-1,9,9,2.25,0,1,1,18,1,,Swords_T1_03=3,0,-,+1 levelup
328,12672,6,Normal,37,6,6,6,0,43,44,2,2,80,0,2,2,4,3,4,1,3,3,5,0,448,24,24,24,4,0,1,1,20,1,,Swords_T1_03=5,0,-,
328,12672,7,Normal,36,2,2,2,0,44,45,2,2,15,0,2,2,0,0,0,1,3,3,0,0,84,12,4,4,2,0,1,1,21,1,,,0,-,
328,12672,8,Normal,16,1,1,0,0,45,0,2,2,0,0,2,2,0,0,0,1,3,3,1,0,48,44,1,0,0,1,0,0,27,1,RH=Crude Sword|LH=Crude Sword|BD=Crude Armour|A1=Crude Bracelet|A2=Crude Bracelet,Swords_T1_03=1,0,-,party wiped
329,12673,1,Normal,32,3,3,3,0,37,37,0,0,30,0,1,1,0,2,0,2,3,3,0,0,168,0,6,6,2,0,1,1,4,1,,,0,-,floor1_town
329,12673,2,Normal,40,4,4,4,0,37,37,0,0,60,0,1,1,0,6,3,3,0,3,0,0,336,8,19,19,4.75,0,1,1,5,2,,,0,-,
329,12673,3,Normal,24,3,3,2,0,37,0,0,1,60,0,1,2,5,3,3,0,0,0,1,0,335,44,13,12,6,1,0,0,11,3,RH=Crude Sword|LH=Crude Sword|BD=Crude Armour|A1=Crude Bracelet|A2=Crude Bracelet,Swords_T1_03=1,0,-,party wiped; +1 levelup
330,12674,1,Normal,30,2,2,2,0,37,37,0,0,35,0,1,1,0,6,0,1,3,3,0,0,196,0,10,10,5,0,1,1,3,4,,,0,-,floor1_town
330,12674,2,Normal,29,4,4,4,0,37,37,0,0,40,0,1,1,0,4,0,2,0,3,0,0,224,8,11,11,2.75,0,1,1,4,1,,,0,-,
330,12674,3,Normal,9,1,1,0,0,37,0,0,0,0,0,1,1,1,3,3,1,0,0,0,0,120,37,4,0,0,1,0,0,10,4,RH=Crude Sword|LH=Crude Sword|BD=Crude Armour|A1=Crude Bracelet|A2=Crude Bracelet,,0,-,party wiped
331,12675,1,Normal,28,3,3,3,0,37,37,0,0,25,0,1,1,0,2,0,2,3,3,0,0,140,8,7,7,2.333,0,1,1,4,3,,,0,-,floor1_town
331,12675,2,Normal,40,3,3,3,0,37,29,0,0,35,0,1,1,0,3,1,3,0,2,0,0,196,8,8,8,2.667,0,1,1,4,2,,,0,-,
331,12675,3,Normal,1,1,1,0,0,29,0,0,0,0,0,1,1,2,3,3,2,0,0,0,0,120,37,4,0,0,1,0,0,10,4,RH=Crude Sword|LH=Crude Sword|BD=Crude Armour|A1=Crude Bracelet|A2=Crude Bracelet,,0,-,party wiped
332,12676,1,Normal,26,2,2,2,0,37,37,0,0,25,0,1,1,0,3,3,0,3,3,0,0,140,0,8,8,4,0,1,1,3,1,,,0,-,floor1_town
332,12676,2,Normal,38,5,5,5,0,37,46,0,2,80,0,1,2,0,8,4,1,0,2,0,0,448,32,21,21,4.2,0,1,1,6,4,,,0,-,+1 levelup
332,12676,3,Normal,18,2,2,1,0,46,0,2,2,12,0,2,2,3,0,2,0,0,0,2,0,236,44,6,1,1,1,0,0,6,4,RH=Crude Sword|LH=Crude Sword|BD=Crude Armour|A1=Crude Bracelet|A2=Crude Bracelet,Swords_T1_03=2,0,-,party wiped
333,12677,1,Normal,40,4,4,4,0,37,37,0,0,55,0,1,1,0,7,5,2,3,3,0,0,308,24,15,15,3.75,0,1,1,5,4,,,0,-,floor1_town
333,12677,2,Normal,29,4,4,4,0,37,37,0,0,40,0,1,1,0,3,0,4,1,3,0,0,224,16,10,10,2.5,0,1,1,7,3,,,0,-,
333,12677,3,Normal,26,4,4,3,0,37,0,0,1,96,0,1,2,6,6,6,0,0,0,3,0,635,58,20,15,5,1,0,0,14,3,RH=Crude Sword|LH=Crude Sword|BD=Crude Armour|A1=Crude Bracelet|A2=Crude Bracelet,Swords_T1_03=3,0,-,party wiped; +1 levelup
334,12678,1,Normal,38,4,4,4,0,37,37,0,0,50,0,1,1,0,5,3,0,3,3,0,0,280,27,16,16,4,0,1,1,5,3,,,0,-,floor1_town
334,12678,2,Normal,32,5,5,5,0,37,45,0,2,65,0,1,2,0,6,6,0,0,0,0,0,364,16,17,17,3.4,0,1,1,6,4,,,0,-,+1 levelup
334,12678,3,Normal,23,2,2,1,0,45,0,2,2,24,0,2,2,1,3,3,0,0,0,3,0,268,85,8,4,4,1,0,0,7,4,RH=Crude Sword|LH=Crude Sword|BD=Crude Armour|A1=Crude Bracelet|A2=Crude Bracelet,Swords_T1_03=3,0,-,party wiped
335,12679,1,Normal,36,5,5,5,0,37,37,0,0,65,0,1,1,0,7,3,1,3,3,0,0,364,26,19,19,3.8,0,1,1,6,1,,,0,-,floor1_town
335,12679,2,Normal,29,4,4,4,0,37,45,0,3,50,0,1,2,0,6,2,3,0,2,0,0,280,16,14,14,3.5,0,1,1,7,4,,,0,-,+1 levelup
335,12679,3,Normal,12,3,3,2,0,45,0,3,3,60,0,2,2,5,3,5,0,0,0,3,0,449,56,12,8,4,1,0,0,8,4,RH=Crude Sword|LH=Crude Sword|BD=Crude Armour|A1=Crude Bracelet|A2=Crude Bracelet,Swords_T1_03=3,0,-,party wiped
336,12680,1,Normal,34,3,3,3,0,37,37,0,0,30,0,1,1,0,1,0,0,3,3,0,0,168,16,7,7,2.333,0,1,1,4,3,,,0,-,floor1_town
336,12680,2,Normal,26,3,3,3,0,37,37,0,0,35,0,1,1,0,3,0,1,1,3,0,0,196,8,9,9,3,0,1,1,5,1,,,0,-,
336,12680,3,Normal,19,3,3,2,0,37,0,0,3,36,0,1,2,1,6,4,1,0,0,1,0,356,43,13,6,3,1,0,0,17,4,RH=Crude Sword|LH=Crude Sword|BD=Crude Armour|A1=Crude Bracelet|A2=Crude Bracelet,Swords_T1_03=1,0,-,party wiped; +1 levelup
337,12681,1,Normal,32,2,2,2,0,37,37,0,0,20,0,1,1,0,1,0,1,3,3,0,0,112,8,5,5,2.5,0,1,1,3,1,,,0,-,floor1_town
337,12681,2,Normal,36,2,2,2,0,37,37,0,0,35,0,1,1,0,6,1,2,0,2,0,0,196,8,9,9,4.5,0,1,1,4,4,,,0,-,
337,12681,3,Normal,25,4,4,2,1,37,0,0,1,48,0,1,2,4,9,9,0,0,0,2,0,568,79,21,10,5,1,0,0,17,3,RH=Crude Sword|LH=Crude Sword|BD=Crude Armour|A1=Crude Bracelet|A2=Crude Bracelet,Swords_T1_03=2,0,-,party wiped; +1 levelup; flee×1
338,12682,1,Normal,30,2,2,2,0,37,37,0,0,20,0,1,1,0,2,0,2,3,3,0,0,112,8,5,5,2.5,0,1,1,3,3,,,0,-,floor1_town
338,12682,2,Normal,34,6,6,6,0,37,44,0,3,80,0,1,2,1,4,3,1,2,3,0,0,448,32,21,21,3.5,0,1,1,5,3,,,0,-,+1 levelup
338,12682,3,Normal,26,1,1,1,0,44,9,3,3,36,0,2,2,1,2,3,0,0,0,1,0,180,34,7,7,7,0,1,1,5,3,,Swords_T1_03=1,0,-,
338,12682,4,Normal,32,5,5,4,1,9,6,3,3,55,0,2,2,0,5,3,0,0,0,4,0,364,47,17,15,3.75,0,1,1,7,4,,Swords_T1_03=4,0,-,flee×1
338,12682,5,Normal,25,3,3,3,0,6,36,3,3,50,0,2,2,0,3,3,0,0,0,3,0,280,5,13,13,4.333,0,1,1,8,4,,Swords_T1_03=3,0,-,
338,12682,6,Normal,32,2,2,1,1,36,44,3,3,15,0,2,2,0,3,1,0,0,2,2,0,112,41,7,5,5,0,1,1,9,3,,Swords_T1_03=2,0,-,flee×1
338,12682,7,Normal,29,4,4,4,0,44,51,3,4,55,0,2,3,0,3,2,0,0,3,3,0,308,46,14,14,3.5,0,1,1,10,3,,Swords_T1_03=3,0,-,+1 levelup
338,12682,8,Normal,17,2,2,1,0,51,0,4,4,60,0,3,3,0,6,4,0,0,0,1,0,219,53,6,4,4,1,0,0,22,4,RH=Crude Sword|LH=Crude Sword|BD=Crude Armour|A1=Crude Bracelet|A2=Crude Bracelet,Swords_T1_03=1,0,-,party wiped
339,12683,1,Normal,28,2,2,2,0,37,37,0,0,15,0,1,1,0,1,0,1,3,3,0,0,84,0,3,3,1.5,0,1,1,3,2,,,0,-,floor1_town
339,12683,2,Normal,39,5,5,5,0,37,37,0,0,45,0,1,1,0,3,1,3,3,3,0,0,252,8,12,12,2.4,0,1,1,4,1,,,0,-,
339,12683,3,Normal,19,3,3,2,0,37,0,0,0,36,0,1,1,3,7,5,0,0,0,0,0,295,37,11,7,3.5,1,0,0,22,4,RH=Crude Sword|LH=Crude Sword|BD=Crude Armour|A1=Crude Bracelet|A2=Crude Bracelet,,0,-,party wiped
340,12684,1,Normal,26,2,2,2,0,37,37,0,0,25,0,1,1,0,3,0,2,3,3,0,0,140,8,6,6,3,0,1,1,3,3,,,0,-,floor1_town
340,12684,2,Normal,33,1,1,1,0,37,37,0,0,5,0,1,1,0,0,0,3,3,3,0,0,28,0,1,1,1,0,1,1,3,1,,,0,-,
340,12684,3,Normal,5,2,2,1,0,37,0,0,0,36,0,1,1,2,6,6,1,0,0,0,0,275,51,10,6,6,1,0,0,15,4,RH=Crude Sword|LH=Crude Sword|BD=Crude Armour|A1=Crude Bracelet|A2=Crude Bracelet,,0,-,party wiped
341,12685,1,Normal,40,6,6,6,0,37,37,0,0,70,0,1,1,0,9,2,0,3,3,0,0,392,16,21,21,3.5,0,1,1,7,4,,,0,-,floor1_town
341,12685,2,Normal,40,3,3,3,0,37,37,0,0,25,0,1,1,0,2,0,2,1,3,0,0,140,0,6,6,2,0,1,1,7,2,,,0,-,
341,12685,3,Normal,35,5,5,5,0,37,27,0,3,120,0,1,2,4,6,6,0,0,0,3,0,600,36,20,20,4,0,1,1,14,2,,Swords_T1_03=3,0,-,+1 levelup
341,12685,4,Normal,35,1,1,1,0,27,32,3,3,10,0,2,2,0,0,0,0,3,3,0,0,56,13,2,2,2,0,1,1,15,2,,,0,-,
341,12685,5,Normal,37,4,4,4,0,32,44,3,3,40,0,2,2,0,3,0,0,0,3,3,0,224,-2,9,9,2.25,0,1,1,16,1,,Swords_T1_03=3,0,-,
341,12685,6,Normal,33,4,4,3,1,44,53,3,6,35,0,2,3,0,3,3,0,0,3,2,0,280,37,14,9,3,0,1,1,17,3,,Swords_T1_03=2,0,-,+1 levelup; flee×1
341,12685,7,Normal,34,4,4,4,0,53,45,6,6,40,0,3,3,0,0,2,0,0,1,1,0,224,8,9,9,2.25,0,1,1,17,1,,Swords_T1_04=1,0,-,
341,12685,8,Normal,1,1,1,0,0,45,0,6,6,0,0,3,3,0,3,1,0,0,2,2,0,57,51,2,0,0,1,0,0,23,4,RH=Crude Sword|LH=Crude Sword|BD=Crude Armour|A1=Crude Bracelet|A2=Crude Bracelet,Swords_T1_03=1|Swords_T1_04=1,0,-,party wiped
342,12686,1,Normal,38,4,4,4,0,37,37,0,0,35,0,1,1,0,4,0,2,3,3,0,0,196,0,8,8,2,0,1,1,5,2,,,0,-,floor1_town
342,12686,2,Normal,34,5,5,5,0,37,38,0,1,85,0,1,2,0,9,3,2,0,2,1,0,476,31,23,23,4.6,0,1,1,7,3,,Swords_T1_03=1,0,-,+1 levelup
342,12686,3,Normal,34,3,3,2,0,38,0,1,1,48,0,2,2,3,3,3,0,0,0,4,0,338,42,10,6,3,1,0,0,8,4,RH=Crude Sword|LH=Crude Sword|BD=Crude Armour|A1=Crude Bracelet|A2=Crude Bracelet,Swords_T1_03=4,0,-,party wiped
343,12687,1,Normal,36,4,4,4,0,37,37,0,0,45,0,1,1,0,6,0,0,3,3,0,0,252,0,13,13,3.25,0,1,1,5,3,,,0,-,floor1_town
343,12687,2,Normal,33,2,2,2,0,37,37,0,0,35,0,1,1,0,6,0,1,0,3,0,0,196,8,8,8,4,0,1,1,6,3,,,0,-,
343,12687,3,Normal,2,1,1,0,0,37,0,0,0,0,0,1,1,2,3,3,0,0,0,0,0,98,37,5,0,0,1,0,0,12,3,RH=Crude Sword|LH=Crude Sword|BD=Crude Armour|A1=Crude Bracelet|A2=Crude Bracelet,,0,-,party wiped
344,12688,1,Normal,34,2,2,2,0,37,37,0,0,25,0,1,1,0,3,2,1,3,3,0,0,140,0,7,7,3.5,0,1,1,3,4,,,0,-,floor1_town
344,12688,2,Normal,32,3,3,3,0,37,29,0,0,40,0,1,1,0,3,2,3,3,3,0,0,224,16,10,10,3.333,0,1,1,4,2,,,0,-,
344,12688,3,Normal,29,0,0,0,0,29,29,0,0,0,0,1,1,0,0,0,5,3,3,0,0,0,0,0,0,0,0,1,1,4,0,,,0,-,
344,12688,4,Normal,31,4,4,4,0,29,37,0,0,25,0,1,1,0,0,0,5,3,3,0,0,140,8,5,5,1.25,0,1,1,6,1,,,0,-,
344,12688,5,Normal,35,2,2,2,0,37,44,0,1,25,0,1,2,0,3,3,5,0,0,0,0,140,0,7,7,3.5,0,1,1,6,4,,,0,-,+1 levelup
344,12688,6,Normal,26,2,2,2,0,44,44,1,1,35,0,2,2,1,2,0,4,1,3,1,0,196,15,9,9,4.5,0,1,1,7,3,,Swords_T1_03=1,0,-,
344,12688,7,Normal,29,4,4,4,0,44,25,1,1,55,0,2,2,3,1,3,1,0,0,2,0,308,17,18,18,4.5,0,1,1,7,3,,Swords_T1_03=2,0,-,
344,12688,8,Normal,2,1,1,0,0,25,0,1,1,0,0,2,2,1,3,1,0,0,2,1,0,78,43,2,0,0,1,0,0,13,4,RH=Crude Sword|LH=Crude Sword|BD=Crude Armour|A1=Crude Bracelet|A2=Crude Bracelet,Swords_T1_03=1,0,-,party wiped
345,12689,1,Normal,32,3,3,3,0,37,37,0,0,40,0,1,1,0,4,1,0,3,3,0,0,224,8,10,10,3.333,0,1,1,4,4,,,0,-,floor1_town
345,12689,2,Normal,26,4,4,4,0,37,37,0,0,40,0,1,1,0,3,0,0,3,3,0,0,224,16,10,10,2.5,0,1,1,6,1,,,0,-,
345,12689,3,Normal,1,1,1,0,0,37,0,0,0,0,0,1,1,0,3,3,0,0,0,0,0,130,37,3,0,0,1,0,0,12,4,RH=Crude Sword|LH=Crude Sword|BD=Crude Armour|A1=Crude Bracelet|A2=Crude Bracelet,,0,-,party wiped
346,12690,1,Normal,30,3,3,3,0,37,37,0,0,25,0,1,1,0,1,0,1,3,3,0,0,140,8,5,5,1.667,0,1,1,4,3,,,0,-,floor1_town
346,12690,2,Normal,28,3,3,3,0,37,36,0,0,35,0,1,1,1,3,3,0,0,0,0,0,196,1,10,10,3.333,0,1,1,4,1,,,0,-,
346,12690,3,Normal,2,1,1,0,0,36,0,0,0,0,0,1,1,0,3,3,0,0,0,0,0,95,37,4,0,0,1,0,0,10,3,RH=Crude Sword|LH=Crude Sword|BD=Crude Armour|A1=Crude Bracelet|A2=Crude Bracelet,,0,-,party wiped
347,12691,1,Normal,28,4,4,4,0,37,37,0,0,60,0,1,1,0,6,0,0,3,3,0,0,336,16,17,17,4.25,0,1,1,5,3,,,0,-,floor1_town
347,12691,2,Normal,35,2,2,2,0,37,29,0,0,25,0,1,1,0,3,0,0,0,3,0,0,140,8,6,6,3,0,1,1,5,2,,,0,-,
347,12691,3,Normal,4,1,1,0,0,29,0,0,0,0,0,1,1,0,3,3,2,0,0,0,0,60,37,3,0,0,1,0,0,11,4,RH=Crude Sword|LH=Crude Sword|BD=Crude Armour|A1=Crude Bracelet|A2=Crude Bracelet,,0,-,party wiped
348,12692,1,Normal,26,3,3,3,0,37,37,0,0,40,0,1,1,0,5,1,1,3,3,0,0,224,8,10,10,3.333,0,1,1,4,3,,,0,-,floor1_town
348,12692,2,Normal,26,3,3,3,0,37,37,0,0,45,0,1,1,0,3,2,1,3,3,0,0,252,8,11,11,3.667,0,1,1,5,1,,,0,-,
348,12692,3,Normal,32,4,4,4,0,37,44,0,2,96,0,1,2,2,7,4,1,0,2,3,0,480,11,16,16,4,0,1,1,18,2,,Swords_T1_03=3,0,-,+1 levelup
348,12692,4,Normal,25,4,4,4,0,44,35,2,2,65,0,2,2,1,3,3,0,0,2,3,0,364,24,19,19,4.75,0,1,1,19,3,,Swords_T1_03=3,0,-,
348,12692,5,Normal,38,4,4,3,1,35,3,2,2,25,0,2,2,0,0,2,0,0,0,4,0,168,42,7,5,1.667,0,1,1,19,4,,Swords_T1_03=4,0,-,flee×1
348,12692,6,Normal,38,2,2,2,0,3,52,2,4,30,0,2,3,0,3,2,0,0,1,2,0,168,7,10,10,5,0,1,1,20,2,,Swords_T1_03=2,0,-,+1 levelup
348,12692,7,Normal,31,5,5,5,0,52,44,4,4,45,0,3,3,0,1,1,0,2,3,3,0,252,35,11,11,2.2,0,1,1,21,1,,Swords_T1_03=1|Swords_T1_04=2,0,-,
348,12692,8,Normal,11,1,1,0,0,44,0,4,4,0,0,3,3,0,3,3,0,0,0,1,0,110,52,4,0,0,1,0,0,27,2,RH=Crude Sword|LH=Crude Sword|BD=Crude Armour|A1=Crude Bracelet|A2=Crude Bracelet,Swords_T1_04=1,0,-,party wiped
349,12693,1,Normal,40,5,5,5,0,37,37,0,0,70,0,1,1,0,9,3,2,3,3,0,0,392,8,21,21,4.2,0,1,1,6,4,,,0,-,floor1_town
349,12693,2,Normal,28,3,3,3,0,37,45,0,2,35,0,1,2,0,3,3,2,3,3,1,0,196,24,10,10,3.333,0,1,1,7,1,,Swords_T1_03=1,0,-,+1 levelup
349,12693,3,Normal,1,1,1,0,0,45,0,2,2,0,0,2,2,2,3,3,0,0,0,0,0,97,45,4,0,0,1,0,0,7,4,RH=Crude Sword|LH=Crude Sword|BD=Crude Armour|A1=Crude Bracelet|A2=Crude Bracelet,,0,-,party wiped
350,12694,1,Normal,38,5,5,5,0,37,37,0,0,75,0,1,1,0,10,1,1,3,3,0,0,420,8,19,19,3.8,0,1,1,6,3,,,0,-,floor1_town
350,12694,2,Normal,30,3,3,3,0,37,46,0,2,25,0,1,2,0,2,0,3,1,3,0,0,140,8,8,8,2.667,0,1,1,7,2,,,0,-,+1 levelup
350,12694,3,Normal,23,3,3,2,0,46,0,2,2,72,0,2,2,4,4,6,0,0,0,3,0,508,64,16,12,6,1,0,0,8,4,RH=Crude Sword|LH=Crude Sword|BD=Crude Armour|A1=Crude Bracelet|A2=Crude Bracelet,Swords_T1_03=3,0,-,party wiped
351,12695,1,Normal,36,4,4,4,0,37,37,0,0,45,0,1,1,0,5,0,2,3,3,0,0,252,18,13,13,3.25,0,1,1,5,4,,,0,-,floor1_town
351,12695,2,Normal,28,3,3,3,0,37,37,0,0,35,0,1,1,0,2,0,3,2,3,0,0,196,16,8,8,2.667,0,1,1,7,2,,,0,-,
351,12695,3,Normal,1,1,1,0,0,37,0,0,0,0,0,1,1,4,3,3,0,0,0,0,0,183,37,6,0,0,1,0,0,13,4,RH=Crude Sword|LH=Crude Sword|BD=Crude Armour|A1=Crude Bracelet|A2=Crude Bracelet,,0,-,party wiped
352,12696,1,Normal,34,3,3,3,0,37,37,0,0,30,0,1,1,0,1,0,0,3,3,0,0,168,16,8,8,2.667,0,1,1,4,1,,,0,-,floor1_town
352,12696,2,Normal,36,2,2,2,0,37,37,0,0,15,0,1,1,0,1,0,0,2,3,0,0,84,0,3,3,1.5,0,1,1,4,1,,,0,-,
352,12696,3,Normal,9,1,1,0,0,37,0,0,0,0,0,1,1,2,3,3,0,0,0,0,0,129,37,5,0,0,1,0,0,10,4,RH=Crude Sword|LH=Crude Sword|BD=Crude Armour|A1=Crude Bracelet|A2=Crude Bracelet,,0,-,party wiped
353,12697,1,Normal,32,4,4,4,0,37,37,0,0,35,0,1,1,1,2,0,1,3,3,0,0,196,8,10,10,2.5,0,1,1,5,1,,,0,-,floor1_town
353,12697,2,Normal,27,3,3,3,0,37,29,0,0,35,0,1,1,0,3,0,3,0,3,0,0,196,18,9,9,3,0,1,1,6,2,,,0,-,
353,12697,3,Normal,17,2,2,1,0,29,0,0,0,24,0,1,1,0,6,4,4,0,0,0,0,223,37,8,5,5,1,0,0,18,4,RH=Crude Sword|LH=Crude Sword|BD=Crude Armour|A1=Crude Bracelet|A2=Crude Bracelet,,0,-,party wiped
354,12698,1,Normal,30,4,4,4,0,37,37,0,0,40,0,1,1,0,3,2,0,3,3,0,0,224,16,11,11,2.75,0,1,1,5,1,,,0,-,floor1_town
354,12698,2,Normal,38,4,4,4,0,37,17,0,0,55,0,1,1,1,3,3,0,0,0,0,0,308,20,18,18,4.5,0,1,1,5,2,,,0,-,
354,12698,3,Normal,28,2,2,2,0,17,17,0,3,48,0,1,2,0,3,3,0,0,0,1,0,240,27,8,8,4,0,1,1,11,3,,Swords_T1_03=1,0,-,+1 levelup
354,12698,4,Normal,32,3,3,2,0,17,0,3,3,25,0,2,2,0,3,3,0,0,0,2,0,251,43,13,8,4,1,0,0,12,4,RH=Crude Sword|LH=Crude Sword|BD=Crude Armour|A1=Crude Bracelet|A2=Crude Bracelet,Swords_T1_03=2,0,-,party wiped
355,12699,1,Normal,27,4,4,4,0,37,37,0,0,35,0,1,1,0,3,3,1,3,3,0,0,196,8,9,9,2.25,0,1,1,5,1,,,0,-,floor1_town
355,12699,2,Normal,40,6,6,6,0,37,37,0,1,80,0,1,2,1,4,3,1,2,3,1,0,448,40,21,21,3.5,0,1,1,7,2,,Swords_T1_03=1,0,-,+1 levelup
355,12699,3,Normal,27,3,3,3,0,37,23,1,1,72,0,2,2,2,3,3,1,0,0,3,0,360,20,11,11,3.667,0,1,1,8,3,,Swords_T1_03=3,0,-,
355,12699,4,Normal,31,3,3,3,0,23,46,1,1,40,0,2,2,0,3,2,1,0,1,3,0,224,-3,9,9,3,0,1,1,9,4,,Swords_T1_03=3,0,-,
355,12699,5,Normal,2,1,1,0,0,46,0,1,1,0,0,2,2,1,0,1,0,0,0,1,0,109,45,5,0,0,1,0,0,9,4,RH=Crude Sword|LH=Crude Sword|BD=Crude Armour|A1=Crude Bracelet|A2=Crude Bracelet,Swords_T1_03=1,0,-,party wiped
356,12700,1,Normal,25,1,1,1,0,37,37,0,0,15,0,1,1,0,2,0,0,3,3,0,0,84,0,5,5,5,0,1,1,2,3,,,0,-,floor1_town
356,12700,2,Normal,22,3,3,2,0,37,0,0,0,25,0,1,1,2,3,3,0,0,0,0,0,196,37,11,9,4.5,1,0,0,2,4,RH=Crude Sword|LH=Crude Sword|BD=Crude Armour|A1=Crude Bracelet|A2=Crude Bracelet,,0,-,party wiped
357,12701,1,Normal,39,4,4,4,0,37,37,0,0,60,0,1,1,0,8,1,1,3,3,0,0,336,8,17,17,4.25,0,1,1,5,1,,,0,-,floor1_town
357,12701,2,Normal,26,3,3,3,0,37,29,0,0,30,0,1,1,0,2,0,3,1,3,0,0,168,8,6,6,2,0,1,1,5,2,,,0,-,
357,12701,3,Normal,35,4,4,4,0,29,45,0,2,60,0,1,2,0,3,2,3,0,1,1,0,300,-1,10,10,2.5,0,1,1,11,2,,Swords_T1_03=1,0,-,+1 levelup
357,12701,4,Normal,31,3,3,3,0,45,36,2,2,20,0,2,2,0,0,0,3,0,1,1,0,112,8,4,4,1.333,0,1,1,11,2,,Swords_T1_03=1,0,-,
357,12701,5,Normal,27,4,4,3,1,36,4,2,2,40,0,2,2,3,0,1,0,0,0,3,0,252,29,11,10,3.333,0,1,1,11,4,,Swords_T1_03=3,0,-,flee×1
357,12701,6,Normal,32,4,4,4,0,4,44,2,2,50,0,2,2,0,3,3,0,0,0,3,0,280,-2,13,13,3.25,0,1,1,12,2,,Swords_T1_03=3,0,-,
357,12701,7,Normal,25,0,0,0,0,44,44,2,2,0,0,2,2,0,0,0,0,0,0,0,0,0,0,0,0,0,0,1,1,12,0,,,0,-,
357,12701,8,Normal,4,1,1,0,0,44,0,2,2,0,0,2,2,0,0,0,0,3,3,1,0,61,44,1,0,0,1,0,0,18,2,RH=Crude Sword|LH=Crude Sword|BD=Crude Armour|A1=Crude Bracelet|A2=Crude Bracelet,Swords_T1_03=1,0,-,party wiped
358,12702,1,Normal,37,6,6,6,0,37,45,0,2,105,0,1,2,0,16,5,2,3,3,0,0,588,18,32,32,5.333,0,1,1,7,4,,,0,-,floor1_town; +1 levelup
358,12702,2,Normal,36,3,3,3,0,45,44,2,2,35,0,2,2,0,3,2,3,0,1,2,0,196,-1,9,9,3,0,1,1,7,1,,Swords_T1_03=2,0,-,
358,12702,3,Normal,33,4,4,4,0,44,43,2,2,108,0,2,2,2,6,7,1,3,3,5,0,540,45,17,17,4.25,0,1,1,10,1,,Swords_T1_03=5,0,-,
358,12702,4,Normal,30,4,4,4,0,43,54,2,3,55,0,2,3,0,3,3,1,0,0,2,0,308,-4,13,13,3.25,0,1,1,10,3,,Swords_T1_03=2,0,-,+1 levelup
358,12702,5,Normal,38,6,6,6,0,54,38,3,3,70,0,3,3,1,3,2,0,0,1,8,0,392,43,22,22,3.667,0,1,1,11,3,,Swords_T1_03=4|Swords_T1_04=4,0,-,
358,12702,6,Normal,9,1,1,0,0,38,0,3,3,0,0,3,3,0,0,1,0,0,0,1,0,1,38,3,0,0,1,0,0,11,3,RH=Crude Sword|LH=Crude Sword|BD=Crude Armour|A1=Crude Bracelet|A2=Crude Bracelet,Swords_T1_04=1,0,-,party wiped
359,12703,1,Normal,35,1,1,1,0,37,37,0,0,5,0,1,1,0,0,0,1,3,3,0,0,28,0,1,1,1,0,1,1,2,1,,,0,-,floor1_town
359,12703,2,Normal,39,7,7,7,0,37,21,0,0,85,0,1,1,1,5,3,2,0,0,0,0,476,46,24,24,3.429,0,1,1,6,4,,,0,-,
359,12703,3,Normal,2,1,1,0,0,21,0,0,0,0,0,1,1,2,3,3,0,0,0,0,0,158,37,4,0,0,1,0,0,12,4,RH=Crude Sword|LH=Crude Sword|BD=Crude Armour|A1=Crude Bracelet|A2=Crude Bracelet,,0,-,party wiped
360,12704,1,Normal,33,2,2,2,0,37,37,0,0,30,0,1,1,0,5,3,2,3,3,0,0,168,16,11,11,5.5,0,1,1,3,2,,,0,-,floor1_town
360,12704,2,Normal,8,2,2,1,0,37,0,0,0,20,0,1,1,2,3,3,0,0,0,0,0,221,37,15,7,7,1,0,0,3,4,RH=Crude Sword|LH=Crude Sword|BD=Crude Armour|A1=Crude Bracelet|A2=Crude Bracelet,,0,-,party wiped
361,12705,1,Normal,31,2,2,2,0,37,37,0,0,20,0,1,1,0,2,0,0,3,3,0,0,112,8,4,4,2,0,1,1,3,1,,,0,-,floor1_town
361,12705,2,Normal,31,3,3,3,0,37,31,0,0,35,0,1,1,0,3,3,2,3,3,0,0,196,19,11,11,3.667,0,1,1,4,1,,,0,-,
361,12705,3,Normal,24,2,2,1,0,31,0,0,0,36,0,1,1,2,6,6,0,0,0,0,0,350,65,17,9,9,1,0,0,16,3,RH=Crude Sword|LH=Crude Sword|BD=Crude Armour|A1=Crude Bracelet|A2=Crude Bracelet,,0,-,party wiped
362,12706,1,Normal,29,3,3,3,0,37,37,0,0,40,0,1,1,0,4,1,2,3,3,0,0,224,8,9,9,3,0,1,1,4,4,,,0,-,floor1_town
362,12706,2,Normal,28,3,3,3,0,37,29,0,0,55,0,1,1,1,6,6,1,0,0,0,0,308,29,18,18,6,0,1,1,5,4,,,0,-,
362,12706,3,Normal,14,1,1,0,0,29,0,0,0,0,0,1,1,1,3,3,0,0,0,0,0,113,37,3,0,0,1,0,0,11,4,RH=Crude Sword|LH=Crude Sword|BD=Crude Armour|A1=Crude Bracelet|A2=Crude Bracelet,,0,-,party wiped
363,12707,1,Normal,27,4,4,4,0,37,37,0,0,55,0,1,1,0,6,3,0,3,3,0,0,308,22,16,16,4,0,1,1,5,4,,,0,-,floor1_town
363,12707,2,Normal,31,5,5,4,1,37,9,0,2,45,0,1,2,2,3,3,0,0,0,1,0,336,36,20,14,3.5,0,1,1,5,4,,Swords_T1_03=1,0,-,+1 levelup; flee×1
363,12707,3,Normal,9,2,2,1,0,9,0,2,2,24,0,2,2,0,3,3,0,0,0,2,0,266,44,6,3,3,1,0,0,6,4,RH=Crude Sword|LH=Crude Sword|BD=Crude Armour|A1=Crude Bracelet|A2=Crude Bracelet,Swords_T1_03=2,0,-,party wiped
364,12708,1,Normal,25,2,2,2,0,37,37,0,0,40,0,1,1,0,6,3,2,3,3,0,0,224,16,11,11,5.5,0,1,1,3,4,,,0,-,floor1_town
364,12708,2,Normal,26,3,3,3,0,37,37,0,0,45,0,1,1,0,4,3,4,2,3,0,0,252,14,13,13,4.333,0,1,1,4,3,,,0,-,
364,12708,3,Normal,31,2,2,2,0,37,31,0,3,48,0,1,2,1,3,3,4,0,0,1,0,240,13,8,8,4,0,1,1,10,2,,Swords_T1_03=1,0,-,+1 levelup
364,12708,4,Normal,32,3,3,3,0,31,44,3,3,25,0,2,2,0,1,0,4,2,3,2,0,140,-1,6,6,2,0,1,1,11,2,,Swords_T1_03=2,0,-,
364,12708,5,Normal,31,2,2,2,0,44,43,3,3,10,0,2,2,0,0,0,4,2,3,1,0,56,0,2,2,1,0,1,1,11,1,,Swords_T1_03=1,0,-,
364,12708,6,Normal,25,3,3,3,0,43,36,3,3,45,0,2,2,0,2,3,4,0,0,3,0,252,4,13,13,4.333,0,1,1,11,3,,Swords_T1_03=3,0,-,
364,12708,7,Normal,39,4,4,4,0,36,45,3,3,55,0,2,2,1,3,3,3,0,0,4,0,308,19,14,14,3.5,0,1,1,12,3,,Swords_T1_03=4,0,-,
364,12708,8,Normal,3,1,1,0,0,45,0,3,3,0,0,2,2,1,3,2,2,0,1,2,0,192,43,4,0,0,1,0,0,18,2,RH=Crude Sword|LH=Crude Sword|BD=Crude Armour|A1=Crude Bracelet|A2=Crude Bracelet,Swords_T1_03=2,0,-,party wiped
365,12709,1,Normal,39,3,3,3,0,37,37,0,0,30,0,1,1,0,3,0,0,3,3,0,0,168,8,7,7,2.333,0,1,1,4,3,,,0,-,floor1_town
365,12709,2,Normal,38,5,5,5,0,37,44,0,2,70,0,1,2,0,8,4,1,0,2,0,0,392,24,21,21,4.2,0,1,1,7,1,,,0,-,+1 levelup
365,12709,3,Normal,3,1,1,0,0,44,0,2,2,0,0,2,2,1,0,2,0,0,0,0,0,86,44,2,0,0,1,0,0,7,4,RH=Crude Sword|LH=Crude Sword|BD=Crude Armour|A1=Crude Bracelet|A2=Crude Bracelet,,0,-,party wiped
366,12710,1,Normal,37,4,4,4,0,37,37,0,0,45,0,1,1,0,4,0,1,3,3,0,0,252,16,11,11,2.75,0,1,1,5,3,,,0,-,floor1_town
366,12710,2,Normal,31,1,1,1,0,37,29,0,0,10,0,1,1,0,0,0,3,3,3,0,0,56,8,2,2,2,0,1,1,5,2,,,0,-,
366,12710,3,Normal,25,2,2,1,0,29,0,0,0,36,0,1,1,3,6,6,0,0,0,0,0,283,51,11,8,8,1,0,0,17,4,RH=Crude Sword|LH=Crude Sword|BD=Crude Armour|A1=Crude Bracelet|A2=Crude Bracelet,,0,-,party wiped
367,12711,1,Normal,35,2,2,2,0,37,37,0,0,25,0,1,1,0,3,1,0,3,3,0,0,140,0,6,6,3,0,1,1,3,1,,,0,-,floor1_town
367,12711,2,Normal,34,3,3,3,0,37,29,0,0,40,0,1,1,0,2,0,0,2,3,0,0,224,24,8,8,2.667,0,1,1,5,3,,,0,-,
367,12711,3,Normal,3,1,1,0,0,29,0,0,0,0,0,1,1,0,3,3,0,0,0,0,0,112,37,3,0,0,1,0,0,11,4,RH=Crude Sword|LH=Crude Sword|BD=Crude Armour|A1=Crude Bracelet|A2=Crude Bracelet,,0,-,party wiped
368,12712,1,Normal,33,3,3,3,0,37,37,0,0,55,0,1,1,0,8,2,1,3,3,0,0,308,16,18,18,6,0,1,1,4,3,,,0,-,floor1_town
368,12712,2,Normal,39,4,4,4,0,37,45,0,2,50,0,1,2,0,4,3,3,2,3,0,0,280,24,14,14,3.5,0,1,1,5,3,,,0,-,+1 levelup
368,12712,3,Normal,20,2,2,1,0,45,0,2,2,36,0,2,2,3,2,3,0,0,0,1,0,250,44,10,6,6,1,0,0,5,4,RH=Crude Sword|LH=Crude Sword|BD=Crude Armour|A1=Crude Bracelet|A2=Crude Bracelet,Swords_T1_03=1,0,-,party wiped
369,12713,1,Normal,31,2,2,2,0,37,37,0,0,35,0,1,1,0,5,3,2,3,3,0,0,196,8,13,13,6.5,0,1,1,3,3,,,0,-,floor1_town
369,12713,2,Normal,33,6,6,6,0,37,46,0,1,75,0,1,2,0,6,6,2,0,0,0,0,420,24,20,20,3.333,0,1,1,5,3,,,0,-,+1 levelup
369,12713,3,Normal,10,2,2,1,0,46,0,1,1,12,0,2,2,4,3,3,0,0,0,3,0,187,58,7,2,2,1,0,0,6,4,RH=Crude Sword|LH=Crude Sword|BD=Crude Armour|A1=Crude Bracelet|A2=Crude Bracelet,Swords_T1_03=3,0,-,party wiped
370,12714,1,Normal,29,1,1,1,0,37,37,0,0,15,0,1,1,0,2,0,1,3,3,0,0,84,0,4,4,4,0,1,1,2,3,,,0,-,floor1_town
370,12714,2,Normal,40,5,5,5,0,37,29,0,0,55,0,1,1,0,3,2,1,0,1,0,0,308,8,13,13,2.6,0,1,1,2,4,,,0,-,
370,12714,3,Normal,34,2,2,2,0,29,44,0,1,36,0,1,2,0,4,2,1,2,3,0,0,180,10,9,9,4.5,0,1,1,14,1,,,0,-,+1 levelup
370,12714,4,Normal,26,3,3,3,0,44,23,1,1,45,0,2,2,0,2,3,1,0,0,0,0,252,21,11,11,3.667,0,1,1,14,3,,,0,-,
370,12714,5,Normal,33,5,5,5,0,23,44,1,1,60,0,2,2,0,3,2,1,0,1,2,0,336,24,14,14,2.8,0,1,1,17,4,,Swords_T1_03=2,0,-,
370,12714,6,Normal,26,3,3,3,0,44,44,1,1,45,0,2,2,1,1,1,0,2,3,2,0,252,24,12,12,4,0,1,1,18,3,,Swords_T1_03=2,0,-,
370,12714,7,Normal,38,4,4,3,1,44,52,1,3,45,0,2,3,0,4,3,0,1,3,2,0,308,32,13,11,3.667,0,1,1,19,2,,Swords_T1_03=2,0,-,+1 levelup; flee×1
370,12714,8,Normal,29,0,0,0,0,52,52,3,3,0,0,3,3,0,0,0,0,1,3,0,0,0,0,0,0,0,0,1,1,19,0,,,0,-,
370,12714,9,Normal,34,3,3,3,0,52,42,3,3,30,0,3,3,0,1,2,0,0,1,3,0,168,6,7,7,2.333,0,1,1,19,1,,Swords_T1_03=2|Swords_T1_04=1,0,-,
370,12714,9,Normal,28,4,4,3,1,42,42,3,3,45,0,3,3,0,3,4,0,0,0,3,0,308,33,14,12,4,0,1,1,20,2,,Swords_T1_03=2|Swords_T1_04=1,0,-,ai_farm; flee×1
370,12714,9,Normal,37,5,5,5,0,42,39,3,3,65,0,3,3,0,4,3,0,2,3,7,0,364,62,17,17,3.4,0,1,1,22,1,,Swords_T1_03=3|Swords_T1_04=4,0,-,ai_farm
370,12714,9,Normal,36,3,3,3,0,39,18,3,3,50,0,3,3,0,2,3,0,0,0,1,0,280,19,11,11,3.667,0,1,1,22,3,,Swords_T1_03=1,0,-,ai_farm
370,12714,9,Normal,29,3,3,3,0,18,50,3,3,35,0,3,3,0,3,1,0,0,2,2,0,196,0,8,8,2.667,0,1,1,23,1,,Swords_T1_03=1|Swords_T1_04=1,0,-,ai_farm
370,12714,9,Normal,33,4,4,3,1,50,52,3,3,50,0,3,3,0,3,5,0,0,0,4,0,336,29,14,12,4,0,1,1,24,3,,Swords_T1_03=4,0,-,ai_farm; flee×1
370,12714,9,Normal,31,4,4,4,0,52,60,3,6,30,0,3,4,0,0,0,0,3,3,3,0,168,41,10,10,2.5,0,1,1,25,1,,Swords_T1_03=1|Swords_T1_04=2,0,-,ai_farm; +1 levelup
370,12714,9,Normal,32,3,3,3,0,60,42,6,6,50,0,4,4,0,3,1,0,0,2,4,0,280,12,11,11,3.667,0,1,1,25,2,,Swords_T1_03=3|Swords_T1_04=1,0,-,ai_farm
370,12714,9,Normal,28,3,3,3,0,42,57,6,6,30,0,4,4,0,0,2,0,0,0,4,0,168,-2,7,7,2.333,0,1,1,25,2,,Swords_T1_02=2|Swords_T1_03=1|Swords_T1_04=1,0,-,ai_farm
370,12714,9,Normal,32,3,3,3,0,57,47,6,6,30,0,4,4,0,0,0,0,3,3,3,0,168,45,7,7,2.333,0,1,1,26,2,,Swords_T1_02=1|Swords_T1_03=1|Swords_T1_04=1,0,-,ai_farm
370,12714,9,Normal,35,6,6,6,0,47,60,6,6,60,0,4,4,0,3,3,0,0,0,3,0,336,-16,15,15,2.5,0,1,1,26,2,,Swords_T1_02=1|Swords_T1_04=2,0,-,ai_farm
370,12714,9,Normal,25,3,3,2,1,60,46,6,6,40,0,4,4,0,3,0,0,0,3,1,0,252,57,13,12,6,0,1,1,27,4,,Swords_T1_03=1,0,-,ai_farm; flee×1
370,12714,9,Normal,27,3,3,3,0,46,57,6,6,35,0,4,4,0,0,3,0,0,0,2,0,196,-17,7,7,2.333,0,1,1,27,1,,Swords_T1_02=2,0,-,ai_farm
370,12714,9,Normal,33,2,2,2,0,57,57,6,6,10,0,4,4,0,0,0,0,0,0,0,0,56,0,2,2,1,0,1,1,27,1,,,0,-,ai_farm
370,12714,9,Normal,26,3,3,2,1,57,60,6,6,10,0,4,4,0,0,0,0,3,3,1,0,112,40,4,2,1,0,1,1,28,1,,Swords_T1_03=1,0,-,ai_farm; flee×1
370,12714,9,Normal,33,4,4,4,0,60,50,6,6,35,0,4,4,0,1,0,0,2,3,1,0,196,8,7,7,1.75,0,1,1,28,2,,Swords_T1_03=1,0,-,ai_farm
370,12714,9,Normal,25,0,0,0,0,50,50,6,6,0,0,4,4,0,0,0,0,2,3,0,0,0,0,0,0,0,0,1,1,28,0,,,0,-,ai_farm
370,12714,9,Normal,28,1,1,1,0,50,31,6,6,20,0,4,4,0,2,3,0,0,0,0,0,112,19,8,8,8,0,1,1,28,4,,,0,-,ai_farm
370,12714,9,Normal,31,3,3,3,0,31,52,6,6,35,0,4,4,0,2,0,0,1,3,2,0,196,3,7,7,2.333,0,1,1,29,3,,Swords_T1_02=1|Swords_T1_03=1,0,-,ai_farm
370,12714,9,Normal,27,2,2,2,0,52,47,6,6,35,0,4,4,0,1,1,0,0,2,0,0,196,5,7,7,3.5,0,1,1,29,3,,,0,-,ai_farm
370,12714,9,Normal,25,4,4,3,1,47,47,6,6,45,0,4,4,0,2,2,0,1,3,2,0,336,41,12,9,3,0,1,1,30,4,,Swords_T1_03=2,0,-,ai_farm; flee×1
370,12714,9,Normal,35,2,2,2,0,47,67,6,8,15,0,4,5,0,1,0,0,0,3,0,0,84,-13,4,4,2,0,1,1,30,2,,,0,-,ai_farm; +1 levelup
370,12714,9,Normal,31,3,3,3,0,67,67,8,8,35,0,5,5,0,0,3,0,0,0,2,0,196,-8,9,9,3,0,1,1,30,3,,Swords_T1_03=1|Swords_T1_06=1,0,-,ai_farm
370,12714,9,Normal,36,5,5,4,1,67,59,8,8,45,0,5,5,0,2,0,0,1,3,1,0,252,53,10,9,2.25,0,1,1,31,4,,Swords_T1_06=1,0,-,ai_farm; flee×1
370,12714,9,Normal,32,1,1,1,0,59,51,8,8,10,0,5,5,0,0,0,0,1,3,0,0,56,8,2,2,2,0,1,1,31,2,,,0,-,ai_farm
370,12714,9,Normal,37,4,4,4,0,51,38,8,8,35,0,5,5,0,1,3,0,0,0,3,0,196,7,10,10,2.5,0,1,1,31,1,,Swords_T1_04=2|Swords_T1_06=1,0,-,ai_farm
370,12714,9,Normal,36,4,4,3,1,38,67,8,8,45,0,5,5,0,3,2,0,0,1,4,0,280,4,10,9,3,0,1,1,32,4,,Swords_T1_02=2|Swords_T1_06=2,0,-,ai_farm; flee×1
370,12714,9,Normal,25,2,2,2,0,67,61,8,8,10,0,5,5,0,0,0,0,0,1,1,0,56,0,2,2,1,0,1,1,32,1,,Swords_T1_06=1,0,-,ai_farm
370,12714,9,Normal,26,3,3,2,1,61,53,8,8,35,0,5,5,0,1,1,0,2,3,1,0,252,52,10,8,4,0,1,1,33,3,,Swords_T1_06=1,0,-,ai_farm; flee×1
370,12714,9,Normal,26,2,2,2,0,53,61,8,8,30,0,5,5,0,2,1,0,0,2,1,0,168,-14,7,7,3.5,0,1,1,33,2,,Swords_T1_06=1,0,-,ai_farm
370,12714,9,Normal,35,3,3,2,1,61,54,8,8,25,0,5,5,0,1,2,0,2,3,2,0,224,57,9,6,3,0,1,1,34,3,,Swords_T1_02=1|Swords_T1_03=1,0,-,ai_farm; flee×1
370,12714,9,Normal,27,2,2,2,0,54,67,8,8,20,0,5,5,0,2,0,0,0,3,2,0,112,-16,6,6,3,0,1,1,34,2,,Swords_T1_02=1|Swords_T1_04=1,0,-,ai_farm
370,12714,9,Normal,29,3,3,3,0,67,67,8,8,30,0,5,5,0,0,2,0,0,1,1,0,168,-6,6,6,2,0,1,1,34,1,,Swords_T1_06=1,0,-,ai_farm
370,12714,9,Normal,40,3,3,3,0,67,43,8,8,35,0,5,5,0,0,1,0,0,0,1,0,196,24,9,9,3,0,1,1,34,1,,Swords_T1_04=1,0,-,ai_farm
370,12714,9,Normal,39,5,5,4,1,43,51,8,8,50,0,5,5,0,3,1,0,0,2,3,0,281,50,15,14,3.5,0,1,1,35,2,,Swords_T1_02=1|Swords_T1_04=2,0,-,ai_farm; flee×1
370,12714,9,Normal,31,3,3,3,0,51,35,8,8,35,0,5,5,0,0,2,0,0,0,2,0,196,13,8,8,2.667,0,1,1,35,1,,Swords_T1_02=1|Swords_T1_04=1,0,-,ai_farm
370,12714,9,Normal,33,3,3,2,1,35,59,8,8,15,0,5,5,0,0,0,0,3,3,0,0,112,42,5,4,2,0,1,1,36,2,,,0,-,ai_farm; flee×1
370,12714,9,Normal,25,4,4,4,0,59,54,8,8,50,0,5,5,0,3,2,0,0,1,3,0,280,22,16,16,4,0,1,1,36,3,,Swords_T1_02=1|Swords_T1_03=1|Swords_T1_04=1,0,-,ai_farm
370,12714,9,Normal,40,6,6,5,1,54,51,8,8,50,0,5,5,0,2,1,0,1,3,3,0,336,37,13,11,2.2,0,1,1,37,4,,Swords_T1_03=1|Swords_T1_06=2,0,-,ai_farm; flee×1
370,12714,9,Normal,29,3,3,3,0,51,59,8,8,30,0,5,5,0,1,1,0,0,2,1,0,168,-8,7,7,2.333,0,1,1,37,3,,Swords_T1_04=1,0,-,ai_farm
370,12714,9,Normal,35,4,4,4,0,59,59,8,8,40,0,5,5,0,0,2,0,0,0,3,0,224,11,8,8,2,0,1,1,37,2,,Swords_T1_02=1|Swords_T1_03=1|Swords_T1_06=1,0,-,ai_farm
370,12714,9,Normal,40,4,4,4,0,59,29,8,11,60,0,5,6,0,0,0,0,0,0,3,0,336,70,13,13,3.25,0,1,1,37,4,,Swords_T1_02=3,0,-,ai_farm; +1 levelup
370,12714,9,Normal,26,2,2,2,0,29,72,11,11,10,0,6,6,0,0,0,0,3,3,1,0,56,0,2,2,1,0,1,1,38,1,,Swords_T1_03=1,0,-,ai_farm
370,12714,9,Normal,34,2,2,2,0,72,75,11,11,15,0,6,6,0,1,0,0,2,3,2,0,84,-9,5,5,2.5,0,1,1,38,2,,Swords_T1_02=1|Swords_T1_03=1,0,-,ai_farm
370,12714,9,Normal,29,3,3,3,0,75,63,11,11,30,0,6,6,0,2,0,0,0,3,1,0,168,31,7,7,2.333,0,1,1,38,2,,Swords_T1_06=1,0,-,ai_farm
370,12714,9,Normal,28,3,3,3,0,63,32,11,11,40,0,6,6,0,0,3,0,0,0,3,0,224,21,11,11,3.667,0,1,1,38,3,,Swords_T1_02=1|Swords_T1_04=1|Swords_T1_06=1,0,-,ai_farm
370,12714,9,Normal,25,3,3,3,0,32,75,11,11,35,0,6,6,0,3,0,0,0,3,2,0,196,-14,9,9,3,0,1,1,39,4,,Swords_T1_06=2,0,-,ai_farm
370,12714,9,Normal,31,5,5,4,1,75,22,11,11,45,0,6,6,0,0,3,0,0,0,3,0,280,40,13,12,3,0,1,1,39,4,,Swords_T1_02=1|Swords_T1_03=1|Swords_T1_06=1,0,-,ai_farm; flee×1
370,12714,9,Normal,39,6,6,5,1,22,21,11,11,75,0,6,6,0,3,3,0,0,0,3,0,476,44,21,19,3.8,0,1,1,40,4,,Swords_T1_02=1|Swords_T1_04=1|Swords_T1_06=1,0,-,ai_farm; flee×1
370,12714,9,Normal,28,4,4,4,0,21,60,11,11,40,0,6,6,0,2,0,0,1,3,4,0,224,2,10,10,2.5,0,1,1,41,2,,Swords_T1_02=1|Swords_T1_03=1|Swords_T1_04=1|Swords_T1_06=1,0,-,ai_farm
370,12714,9,Normal,40,6,6,6,0,60,56,11,11,55,0,6,6,0,1,1,0,0,2,3,0,308,20,11,11,1.833,0,1,1,41,2,,Swords_T1_03=2|Swords_T1_06=1,0,-,ai_farm
370,12714,10,Normal,4,1,1,0,0,56,0,11,11,0,0,6,6,0,1,0,0,2,3,0,0,98,75,2,0,0,1,0,0,47,2,RH=Crude Sword|LH=Crude Sword|BD=Crude Armour|A1=Crude Bracelet|A2=Crude Bracelet,,0,-,party wiped
371,12715,1,Normal,27,4,4,4,0,37,37,0,0,45,0,1,1,0,6,1,2,3,3,0,0,252,0,11,11,2.75,0,1,1,5,4,,,0,-,floor1_town
371,12715,2,Normal,25,4,4,4,0,37,46,0,3,55,0,1,2,0,4,3,3,0,0,0,0,308,40,14,14,3.5,0,1,1,8,4,,,0,-,+1 levelup
371,12715,3,Normal,1,1,1,0,0,46,0,3,3,0,0,2,2,3,0,0,0,0,0,1,0,120,45,4,0,0,1,0,0,8,4,RH=Crude Sword|LH=Crude Sword|BD=Crude Armour|A1=Crude Bracelet|A2=Crude Bracelet,Swords_T1_03=1,0,-,party wiped
372,12716,1,Normal,25,3,3,3,0,37,37,0,0,45,0,1,1,0,6,0,0,3,3,0,0,252,24,12,12,4,0,1,1,4,4,,,0,-,floor1_town
372,12716,2,Normal,26,3,3,3,0,37,27,0,0,30,0,1,1,0,3,1,2,0,2,0,0,168,10,8,8,2.667,0,1,1,4,4,,,0,-,
372,12716,3,Normal,6,2,2,1,0,27,0,0,1,36,0,1,2,2,3,3,0,0,0,0,0,180,48,8,7,7,1,0,0,10,4,RH=Crude Sword|LH=Crude Sword|BD=Crude Armour|A1=Crude Bracelet|A2=Crude Bracelet,,0,-,party wiped; +1 levelup
373,12717,1,Normal,39,5,5,5,0,37,37,0,0,60,0,1,1,0,6,2,2,3,3,0,0,336,14,16,16,3.2,0,1,1,6,1,,,0,-,floor1_town
373,12717,2,Normal,35,3,3,3,0,37,45,0,2,45,0,1,2,0,5,2,4,1,3,0,0,252,18,14,14,4.667,0,1,1,8,3,,,0,-,+1 levelup
373,12717,3,Normal,13,1,1,0,0,45,0,2,2,0,0,2,2,4,1,3,0,0,0,1,0,150,44,5,0,0,1,0,0,8,4,RH=Crude Sword|LH=Crude Sword|BD=Crude Armour|A1=Crude Bracelet|A2=Crude Bracelet,Swords_T1_03=1,0,-,party wiped
374,12718,1,Normal,37,3,3,3,0,37,37,0,0,15,0,1,1,0,0,0,0,3,3,0,0,84,0,3,3,1,0,1,1,4,1,,,0,-,floor1_town
374,12718,2,Normal,37,3,3,3,0,37,29,0,0,60,0,1,1,1,6,5,1,0,1,0,0,336,18,16,16,5.333,0,1,1,5,4,,,0,-,
374,12718,3,Normal,27,3,3,2,0,29,0,0,1,36,0,1,2,2,4,3,0,0,0,1,0,264,55,10,7,3.5,1,0,0,17,4,RH=Crude Sword|LH=Crude Sword|BD=Crude Armour|A1=Crude Bracelet|A2=Crude Bracelet,Swords_T1_03=1,0,-,party wiped; +1 levelup
375,12719,1,Normal,35,1,1,1,0,37,37,0,0,15,0,1,1,0,1,0,1,3,3,0,0,84,0,4,4,4,0,1,1,2,3,,,0,-,floor1_town
375,12719,2,Normal,16,2,2,1,0,37,0,0,0,20,0,1,1,1,3,3,0,0,0,0,0,218,37,11,7,7,1,0,0,2,4,RH=Crude Sword|LH=Crude Sword|BD=Crude Armour|A1=Crude Bracelet|A2=Crude Bracelet,,0,-,party wiped
376,12720,1,Normal,33,1,1,1,0,37,37,0,0,15,0,1,1,0,3,0,0,3,3,0,0,84,8,5,5,5,0,1,1,2,3,,,0,-,floor1_town
376,12720,2,Normal,25,3,3,3,0,37,37,0,0,30,0,1,1,0,3,0,0,0,3,0,0,168,8,7,7,2.333,0,1,1,3,3,,,0,-,
376,12720,3,Normal,29,3,3,3,0,37,45,0,2,84,0,1,2,2,7,6,0,0,0,0,0,420,28,15,15,5,0,1,1,21,3,,,0,-,+1 levelup
376,12720,4,Normal,32,5,5,5,0,45,37,2,2,55,0,2,2,0,3,2,0,0,1,2,0,308,31,14,14,2.8,0,1,1,22,4,,Swords_T1_03=2,0,-,
376,12720,5,Normal,24,3,3,2,0,37,0,2,2,15,0,2,2,0,0,1,0,0,0,1,0,140,36,5,3,1.5,1,0,0,22,4,RH=Crude Sword|LH=Crude Sword|BD=Crude Armour|A1=Crude Bracelet|A2=Crude Bracelet,Swords_T1_03=1,0,-,party wiped
377,12721,1,Normal,31,3,3,3,0,37,37,0,0,30,0,1,1,0,4,0,1,3,3,0,0,168,0,9,9,3,0,1,1,4,2,,,0,-,floor1_town
377,12721,2,Normal,30,3,3,3,0,37,37,0,0,30,0,1,1,0,3,3,2,0,0,0,0,168,0,8,8,2.667,0,1,1,4,1,,,0,-,
377,12721,3,Normal,32,2,2,1,1,37,5,0,0,36,0,1,1,2,6,6,0,0,0,0,0,240,32,11,6,6,0,1,1,16,2,,,0,-,flee×1
377,12721,4,Normal,34,4,4,3,1,5,12,0,2,35,0,1,2,0,3,3,0,0,0,1,0,280,39,12,9,3,0,1,1,17,4,,Swords_T1_03=1,0,-,+1 levelup; flee×1
377,12721,5,Normal,40,4,4,4,0,12,36,2,2,50,0,2,2,0,3,1,0,0,2,2,0,280,19,11,11,2.75,0,1,1,19,2,,Swords_T1_03=2,0,-,
377,12721,6,Normal,33,3,3,3,0,36,42,2,2,30,0,2,2,0,0,2,0,3,3,2,0,168,16,7,7,2.333,0,1,1,20,1,,Swords_T1_03=2,0,-,
377,12721,7,Normal,26,3,3,3,0,42,43,2,2,30,0,2,2,0,3,0,0,0,3,2,0,168,-3,8,8,2.667,0,1,1,20,1,,Swords_T1_03=2,0,-,
377,12721,8,Normal,2,1,1,0,0,43,0,2,2,0,0,2,2,0,1,0,0,2,3,2,0,130,42,3,0,0,1,0,0,26,2,RH=Crude Sword|LH=Crude Sword|BD=Crude Armour|A1=Crude Bracelet|A2=Crude Bracelet,Swords_T1_03=2,0,-,party wiped
378,12722,1,Normal,29,4,4,4,0,37,37,0,0,55,0,1,1,0,9,2,0,3,3,0,0,308,8,16,16,4,0,1,1,5,3,,,0,-,floor1_town
378,12722,2,Normal,28,3,3,3,0,37,45,0,1,60,0,1,2,2,6,4,0,0,2,0,0,336,6,18,18,6,0,1,1,6,4,,,0,-,+1 levelup
378,12722,3,Normal,30,1,1,1,0,45,19,1,1,36,0,2,2,0,0,2,1,0,0,1,0,180,25,6,6,6,0,1,1,6,3,,Swords_T1_03=1,0,-,
378,12722,4,Normal,34,3,3,3,0,19,32,1,1,30,0,2,2,0,2,0,1,1,3,3,0,168,10,7,7,2.333,0,1,1,7,2,,Swords_T1_03=3,0,-,
378,12722,5,Normal,28,3,3,3,0,32,44,1,1,40,0,2,2,0,3,3,1,3,3,3,0,224,15,13,13,4.333,0,1,1,9,1,,Swords_T1_03=3,0,-,
378,12722,6,Normal,40,3,3,3,0,44,38,1,1,45,0,2,2,1,6,3,0,0,3,3,0,252,17,16,16,5.333,0,1,1,10,4,,Swords_T1_03=3,0,-,
378,12722,7,Normal,33,3,3,3,0,38,52,1,3,35,0,2,3,0,0,3,0,3,3,3,0,196,37,10,10,3.333,0,1,1,11,1,,Swords_T1_03=3,0,-,+1 levelup
378,12722,8,Normal,27,1,1,0,0,52,0,3,3,0,0,3,3,0,3,3,0,0,0,6,0,76,52,8,0,0,1,0,0,17,1,RH=Crude Sword|LH=Crude Sword|BD=Crude Armour|A1=Crude Bracelet|A2=Crude Bracelet,Swords_T1_04=6,0,-,party wiped
379,12723,1,Normal,27,1,1,1,0,37,37,0,0,5,0,1,1,0,0,0,1,3,3,0,0,28,0,1,1,1,0,1,1,2,1,,,0,-,floor1_town
379,12723,2,Normal,36,3,3,3,0,37,27,0,0,45,0,1,1,1,6,6,1,0,0,0,0,252,31,17,17,5.667,0,1,1,3,4,,,0,-,
379,12723,3,Normal,1,1,1,0,0,27,0,0,0,0,0,1,1,2,3,3,0,0,0,0,0,143,37,4,0,0,1,0,0,9,4,RH=Crude Sword|LH=Crude Sword|BD=Crude Armour|A1=Crude Bracelet|A2=Crude Bracelet,,0,-,party wiped
380,12724,1,Normal,25,1,1,1,0,37,37,0,0,10,0,1,1,0,0,0,2,3,3,0,0,56,8,2,2,2,0,1,1,2,2,,,0,-,floor1_town
380,12724,2,Normal,28,3,3,3,0,37,27,0,0,40,0,1,1,0,6,3,3,0,3,0,0,224,18,13,13,4.333,0,1,1,3,2,,,0,-,
380,12724,3,Normal,26,2,2,1,0,27,0,0,0,12,0,1,1,1,3,3,3,0,0,0,0,208,37,7,2,2,1,0,0,15,3,RH=Crude Sword|LH=Crude Sword|BD=Crude Armour|A1=Crude Bracelet|A2=Crude Bracelet,,0,-,party wiped
381,12725,1,Normal,39,7,7,7,0,37,45,0,1,110,0,1,2,0,14,8,1,3,3,1,0,616,16,29,29,4.143,0,1,1,8,1,,Swords_T1_03=1,0,-,floor1_town; +1 levelup
381,12725,2,Normal,39,7,7,7,0,45,37,1,1,75,0,2,2,0,3,3,3,3,3,3,0,420,25,21,21,3,0,1,1,9,2,,Swords_T1_03=3,0,-,
381,12725,3,Normal,4,1,1,0,0,37,0,1,1,0,0,2,2,4,3,3,0,0,0,1,0,191,44,6,0,0,1,0,0,10,4,RH=Crude Sword|LH=Crude Sword|BD=Crude Armour|A1=Crude Bracelet|A2=Crude Bracelet,Swords_T1_03=1,0,-,party wiped
382,12726,1,Normal,37,7,7,7,0,37,37,0,0,85,0,1,1,0,11,3,2,3,3,0,0,476,8,24,24,3.429,0,1,1,8,1,,,0,-,floor1_town
382,12726,2,Normal,19,3,3,2,0,37,0,0,2,30,0,1,2,2,3,3,0,0,0,1,0,196,53,13,10,5,1,0,0,8,4,RH=Crude Sword|LH=Crude Sword|BD=Crude Armour|A1=Crude Bracelet|A2=Crude Bracelet,Swords_T1_03=1,0,-,party wiped; +1 levelup
383,12727,1,Normal,35,3,3,3,0,37,37,0,0,25,0,1,1,0,3,1,0,3,3,0,0,140,0,7,7,2.333,0,1,1,4,1,,,0,-,floor1_town
383,12727,2,Normal,37,3,3,2,1,37,29,0,0,30,0,1,1,0,3,3,0,3,3,0,0,224,34,9,7,3.5,0,1,1,5,2,,,0,-,flee×1
383,12727,3,Normal,25,2,2,2,0,29,37,0,0,36,0,1,1,0,4,2,0,2,3,0,0,180,0,6,6,3,0,1,1,17,1,,,0,-,
383,12727,4,Normal,17,2,2,1,0,37,0,0,3,15,0,1,2,0,2,3,0,0,0,1,0,140,44,7,5,5,1,0,0,17,4,RH=Crude Sword|LH=Crude Sword|BD=Crude Armour|A1=Crude Bracelet|A2=Crude Bracelet,Swords_T1_03=1,0,-,party wiped; +1 levelup
384,12728,1,Normal,33,3,3,3,0,37,37,0,0,15,0,1,1,0,0,0,2,3,3,0,0,84,0,3,3,1,0,1,1,4,1,,,0,-,floor1_town
384,12728,2,Normal,36,4,4,4,0,37,37,0,0,55,0,1,1,2,5,3,0,1,3,0,0,308,21,17,17,4.25,0,1,1,5,3,,,0,-,
384,12728,3,Normal,3,1,1,0,0,37,0,0,0,0,0,1,1,2,3,3,0,0,0,0,0,120,37,5,0,0,1,0,0,11,4,RH=Crude Sword|LH=Crude Sword|BD=Crude Armour|A1=Crude Bracelet|A2=Crude Bracelet,,0,-,party wiped
385,12729,1,Normal,31,3,3,3,0,37,37,0,0,20,0,1,1,0,1,0,0,3,3,0,0,112,0,5,5,1.667,0,1,1,4,2,,,0,-,floor1_town
385,12729,2,Normal,33,4,4,4,0,37,37,0,0,40,0,1,1,0,3,3,1,0,0,0,0,224,0,11,11,2.75,0,1,1,4,3,,,0,-,
385,12729,3,Normal,30,1,1,1,0,37,37,0,0,12,0,1,1,0,1,0,2,2,3,0,0,60,0,2,2,2,0,1,1,10,1,,,0,-,
385,12729,4,Normal,34,3,3,3,0,37,45,0,3,30,0,1,2,0,2,0,2,1,3,0,0,168,16,9,9,3,0,1,1,11,3,,,0,-,+1 levelup
385,12729,5,Normal,31,1,1,1,0,45,44,3,3,5,0,2,2,0,0,0,2,1,3,1,0,28,0,1,1,1,0,1,1,11,1,,Swords_T1_03=1,0,-,
385,12729,6,Normal,36,2,2,2,0,44,44,3,3,25,0,2,2,0,1,3,2,3,3,2,0,140,22,7,7,3.5,0,1,1,12,1,,Swords_T1_03=2,0,-,
385,12729,7,Normal,28,4,4,4,0,44,32,3,3,50,0,2,2,0,4,0,2,1,3,1,0,280,38,12,12,3,0,1,1,13,2,,Swords_T1_03=1,0,-,
385,12729,8,Normal,14,1,1,0,0,32,0,3,3,0,0,2,2,2,0,0,0,3,3,0,0,68,45,2,0,0,1,0,0,19,2,RH=Crude Sword|LH=Crude Sword|BD=Crude Armour|A1=Crude Bracelet|A2=Crude Bracelet,,0,-,party wiped
386,12730,1,Normal,29,2,2,2,0,37,37,0,0,30,0,1,1,0,4,0,1,3,3,0,0,168,0,7,7,3.5,0,1,1,3,3,,,0,-,floor1_town
386,12730,2,Normal,35,4,4,4,0,37,13,0,0,50,0,1,1,1,3,3,0,0,0,0,0,280,24,14,14,3.5,0,1,1,3,4,,,0,-,
386,12730,3,Normal,39,3,3,3,0,13,19,0,2,60,0,1,2,0,3,3,0,0,0,2,0,300,24,10,10,3.333,0,1,1,9,1,,Swords_T1_03=2,0,-,+1 levelup
386,12730,4,Normal,35,5,5,4,1,19,45,2,2,45,0,2,2,0,4,3,0,2,3,3,0,308,34,17,13,3.25,0,1,1,11,2,,Swords_T1_03=3,0,-,flee×1
386,12730,5,Normal,33,2,2,2,0,45,45,2,2,40,0,2,2,0,5,4,0,0,2,2,0,224,25,12,12,6,0,1,1,12,4,,Swords_T1_03=2,0,-,
386,12730,6,Normal,39,2,2,2,0,45,36,2,2,20,0,2,2,0,0,2,0,0,0,2,0,112,7,6,6,3,0,1,1,12,1,,Swords_T1_03=2,0,-,
386,12730,7,Normal,29,4,4,3,1,36,32,2,2,40,0,2,2,0,3,2,0,0,1,3,0,252,35,12,11,3.667,0,1,1,13,4,,Swords_T1_03=3,0,-,flee×1
386,12730,8,Normal,9,1,1,0,0,32,0,2,2,0,0,2,2,0,2,0,0,1,3,0,0,28,45,2,0,0,1,0,0,19,2,RH=Crude Sword|LH=Crude Sword|BD=Crude Armour|A1=Crude Bracelet|A2=Crude Bracelet,,0,-,party wiped
387,12731,1,Normal,27,2,2,2,0,37,37,0,0,15,0,1,1,0,1,0,0,3,3,0,0,84,8,4,4,2,0,1,1,3,2,,,0,-,floor1_town
387,12731,2,Normal,25,3,3,3,0,37,29,0,0,30,0,1,1,0,1,0,0,3,3,0,0,168,16,8,8,2.667,0,1,1,4,2,,,0,-,
387,12731,3,Normal,10,2,2,1,0,29,0,0,0,12,0,1,1,1,3,3,0,0,0,0,0,228,37,7,2,2,1,0,0,16,3,RH=Crude Sword|LH=Crude Sword|BD=Crude Armour|A1=Crude Bracelet|A2=Crude Bracelet,,0,-,party wiped
388,12732,1,Normal,25,1,1,1,0,37,37,0,0,5,0,1,1,0,0,0,1,3,3,0,0,28,0,1,1,1,0,1,1,2,1,,,0,-,floor1_town
388,12732,2,Normal,31,2,2,2,0,37,29,0,0,15,0,1,1,0,0,0,1,3,3,0,0,84,8,3,3,1.5,0,1,1,2,2,,,0,-,
388,12732,3,Normal,2,1,1,0,0,29,0,0,0,0,0,1,1,1,3,3,0,0,0,0,0,164,37,4,0,0,1,0,0,8,3,RH=Crude Sword|LH=Crude Sword|BD=Crude Armour|A1=Crude Bracelet|A2=Crude Bracelet,,0,-,party wiped
389,12733,1,Normal,39,4,4,4,0,37,37,0,0,50,0,1,1,0,6,1,2,3,3,0,0,280,16,12,12,3,0,1,1,5,1,,,0,-,floor1_town
389,12733,2,Normal,37,4,4,4,0,37,37,0,0,45,0,1,1,0,4,3,3,3,3,0,0,252,16,12,12,3,0,1,1,7,1,,,0,-,
389,12733,3,Normal,40,2,2,2,0,37,45,0,1,36,0,1,2,0,3,1,5,0,2,1,0,180,-1,6,6,3,0,1,1,13,2,,Swords_T1_03=1,0,-,+1 levelup
389,12733,4,Normal,38,4,4,4,0,45,32,1,1,40,0,2,2,0,0,1,5,0,1,3,0,224,10,9,9,2.25,0,1,1,13,2,,Swords_T1_03=3,0,-,
389,12733,5,Normal,37,4,4,4,0,32,18,1,1,55,0,2,2,1,3,3,4,0,0,2,0,308,25,18,18,4.5,0,1,1,14,4,,Swords_T1_03=2,0,-,
389,12733,6,Normal,37,5,5,5,0,18,37,1,1,55,0,2,2,0,3,2,4,0,1,2,0,308,6,14,14,2.8,0,1,1,15,1,,Swords_T1_03=2,0,-,
389,12733,7,Normal,30,3,3,3,0,37,53,1,3,35,0,2,3,1,0,1,3,3,3,1,0,196,25,10,10,3.333,0,1,1,16,1,,Swords_T1_04=1,0,-,+1 levelup
389,12733,8,Normal,2,1,1,0,0,53,0,3,3,0,0,3,3,3,3,3,0,0,0,3,0,88,51,4,0,0,1,0,0,22,3,RH=Crude Sword|LH=Crude Sword|BD=Crude Armour|A1=Crude Bracelet|A2=Crude Bracelet,Swords_T1_03=1|Swords_T1_04=2,0,-,party wiped
390,12734,1,Normal,37,6,6,6,0,37,37,0,0,55,0,1,1,0,7,3,1,3,3,0,0,308,8,17,17,2.833,0,1,1,7,1,,,0,-,floor1_town
390,12734,2,Normal,26,2,2,2,0,37,37,0,0,10,0,1,1,0,0,0,1,3,3,0,0,56,0,2,2,1,0,1,1,7,1,,,0,-,
390,12734,3,Normal,12,2,2,1,0,37,0,0,2,36,0,1,2,2,3,3,0,0,0,1,0,240,64,8,6,6,1,0,0,13,4,RH=Crude Sword|LH=Crude Sword|BD=Crude Armour|A1=Crude Bracelet|A2=Crude Bracelet,Swords_T1_03=1,0,-,party wiped; +1 levelup
391,12735,1,Normal,35,1,1,1,0,37,37,0,0,10,0,1,1,0,0,0,2,3,3,0,0,56,8,2,2,2,0,1,1,2,2,,,0,-,floor1_town
391,12735,2,Normal,28,5,5,5,0,37,37,0,0,70,0,1,1,0,9,6,3,3,3,0,0,392,27,20,20,4,0,1,1,5,1,,,0,-,
391,12735,3,Normal,23,3,3,2,0,37,0,0,2,48,0,1,2,3,3,3,0,0,0,0,0,328,46,13,10,5,1,0,0,17,4,RH=Crude Sword|LH=Crude Sword|BD=Crude Armour|A1=Crude Bracelet|A2=Crude Bracelet,,0,-,party wiped; +1 levelup
392,12736,1,Normal,33,2,2,2,0,37,37,0,0,30,0,1,1,0,4,1,0,3,3,0,0,168,0,9,9,4.5,0,1,1,3,2,,,0,-,floor1_town
392,12736,2,Normal,33,4,4,4,0,37,29,0,0,30,0,1,1,0,1,0,0,3,3,0,0,168,20,9,9,2.25,0,1,1,5,2,,,0,-,
392,12736,3,Normal,30,4,4,4,0,29,43,0,1,72,0,1,2,1,5,3,1,0,0,1,0,360,1,12,12,3,0,1,1,23,1,,Swords_T1_03=1,0,-,+1 levelup
392,12736,4,Normal,26,3,3,3,0,43,36,1,1,30,0,2,2,0,1,0,1,2,3,1,0,168,20,7,7,2.333,0,1,1,24,1,,Swords_T1_03=1,0,-,
392,12736,5,Normal,31,3,3,3,0,36,34,1,1,20,0,2,2,0,1,0,1,1,3,3,0,112,-1,5,5,1.667,0,1,1,24,2,,Swords_T1_03=3,0,-,
392,12736,6,Normal,37,5,5,5,0,34,44,1,1,60,0,2,2,1,4,3,0,0,3,1,0,336,23,19,19,3.8,0,1,1,25,4,,Swords_T1_03=1,0,-,
392,12736,7,Normal,40,4,4,4,0,44,23,1,1,40,0,2,2,0,0,3,0,0,0,1,0,224,34,10,10,2.5,0,1,1,25,2,,Swords_T1_03=1,0,-,
392,12736,8,Normal,6,1,1,0,0,23,0,1,1,0,0,2,2,0,1,0,0,2,3,2,0,135,42,2,0,0,1,0,0,31,1,RH=Crude Sword|LH=Crude Sword|BD=Crude Armour|A1=Crude Bracelet|A2=Crude Bracelet,Swords_T1_03=2,0,-,party wiped
393,12737,1,Normal,31,2,2,2,0,37,37,0,0,25,0,1,1,0,3,3,2,3,3,0,0,140,16,8,8,4,0,1,1,3,4,,,0,-,floor1_town
393,12737,2,Normal,29,4,4,4,0,37,37,0,0,50,0,1,1,0,5,3,2,1,3,0,0,280,8,14,14,3.5,0,1,1,4,3,,,0,-,
393,12737,3,Normal,9,2,2,1,0,37,0,0,0,12,0,1,1,3,4,3,0,0,0,0,0,211,37,7,2,2,1,0,0,16,4,RH=Crude Sword|LH=Crude Sword|BD=Crude Armour|A1=Crude Bracelet|A2=Crude Bracelet,,0,-,party wiped
394,12738,1,Normal,29,2,2,2,0,37,37,0,0,25,0,1,1,0,3,1,0,3,3,0,0,140,0,6,6,3,0,1,1,3,4,,,0,-,floor1_town
394,12738,2,Normal,32,2,2,2,0,37,37,0,0,35,0,1,1,0,3,3,0,0,0,0,0,196,0,11,11,5.5,0,1,1,3,4,,,0,-,
394,12738,3,Normal,7,1,1,0,0,37,0,0,0,0,0,1,1,0,3,3,0,0,0,0,0,63,37,3,0,0,1,0,0,9,4,RH=Crude Sword|LH=Crude Sword|BD=Crude Armour|A1=Crude Bracelet|A2=Crude Bracelet,,0,-,party wiped
395,12739,1,Normal,27,3,3,3,0,37,37,0,0,50,0,1,1,0,6,4,2,3,3,0,0,280,16,15,15,5,0,1,1,4,4,,,0,-,floor1_town
395,12739,2,Normal,34,4,4,4,0,37,37,0,0,45,0,1,1,0,4,0,4,3,3,0,0,252,16,11,11,2.75,0,1,1,6,1,,,0,-,
395,12739,3,Normal,6,1,1,0,0,37,0,0,0,0,0,1,1,0,3,3,6,0,0,0,0,98,37,4,0,0,1,0,0,12,3,RH=Crude Sword|LH=Crude Sword|BD=Crude Armour|A1=Crude Bracelet|A2=Crude Bracelet,,0,-,party wiped
396,12740,1,Normal,25,1,1,1,0,37,37,0,0,20,0,1,1,0,3,3,0,3,3,0,0,112,8,6,6,6,0,1,1,2,4,,,0,-,floor1_town
396,12740,2,Normal,38,4,4,4,0,37,13,0,0,75,0,1,1,1,9,4,0,0,0,0,0,420,40,23,23,5.75,0,1,1,4,4,,,0,-,
396,12740,3,Normal,40,4,4,2,2,13,45,0,1,60,0,1,2,1,9,8,0,0,1,1,0,425,76,15,11,5.5,0,1,1,17,3,,Swords_T1_03=1,0,-,+1 levelup; flee×2
396,12740,4,Normal,25,5,5,4,0,45,0,1,1,30,0,2,2,0,0,1,0,0,0,2,0,195,43,8,6,1.5,1,0,0,17,4,RH=Crude Sword|LH=Crude Sword|BD=Crude Armour|A1=Crude Bracelet|A2=Crude Bracelet,Swords_T1_03=2,0,-,party wiped
397,12741,1,Normal,39,6,6,6,0,37,37,0,0,50,0,1,1,0,3,0,1,3,3,0,0,280,18,12,12,2,0,1,1,7,1,,,0,-,floor1_town
397,12741,2,Normal,33,3,3,3,0,37,37,0,0,30,0,1,1,0,4,0,1,0,3,0,0,168,8,10,10,3.333,0,1,1,8,3,,,0,-,
397,12741,3,Normal,26,2,2,1,0,37,0,0,2,24,0,1,2,2,3,3,0,0,0,1,0,240,44,9,6,6,1,0,0,14,4,RH=Crude Sword|LH=Crude Sword|BD=Crude Armour|A1=Crude Bracelet|A2=Crude Bracelet,Swords_T1_03=1,0,-,party wiped; +1 levelup
398,12742,1,Normal,37,3,3,3,0,37,37,0,0,50,0,1,1,0,5,1,0,3,3,0,0,280,16,14,14,4.667,0,1,1,4,3,,,0,-,floor1_town
398,12742,2,Normal,33,4,4,4,0,37,37,0,0,35,0,1,1,0,3,1,0,0,2,0,0,196,0,10,10,2.5,0,1,1,4,1,,,0,-,
398,12742,3,Normal,13,2,2,1,0,37,0,0,3,24,0,1,2,2,3,3,0,0,0,0,0,187,45,7,4,4,1,0,0,10,4,RH=Crude Sword|LH=Crude Sword|BD=Crude Armour|A1=Crude Bracelet|A2=Crude Bracelet,,0,-,party wiped; +1 levelup
399,12743,1,Normal,35,6,6,6,0,37,37,0,0,75,0,1,1,0,8,2,1,3,3,0,0,420,32,19,19,3.167,0,1,1,7,1,,,0,-,floor1_town
399,12743,2,Normal,30,4,4,4,0,37,36,0,1,55,0,1,2,0,6,2,2,0,3,2,0,308,14,13,13,3.25,0,1,1,8,3,,Swords_T1_03=2,0,-,+1 levelup
399,12743,3,Normal,39,4,4,4,0,36,42,1,1,84,0,2,2,0,6,6,2,0,0,4,0,420,20,13,13,3.25,0,1,1,10,1,,Swords_T1_03=4,0,-,
399,12743,4,Normal,37,5,5,5,0,42,36,1,1,75,0,2,2,2,3,2,0,0,1,3,0,420,24,16,16,3.2,0,1,1,11,4,,Swords_T1_03=3,0,-,
399,12743,5,Normal,27,2,2,1,1,36,11,1,1,5,0,2,2,0,0,1,0,0,0,1,0,84,24,3,1,1,0,1,1,11,4,,Swords_T1_03=1,0,-,flee×1
399,12743,6,Normal,35,2,2,2,0,11,43,1,3,20,0,2,3,0,1,0,0,2,3,3,0,112,15,5,5,2.5,0,1,1,12,1,,Swords_T1_03=2|Swords_T1_04=1,0,-,+1 levelup
399,12743,7,Normal,28,2,2,2,0,43,53,3,3,20,0,3,3,0,2,1,0,0,2,2,0,112,-12,5,5,2.5,0,1,1,12,3,,Swords_T1_03=1|Swords_T1_04=1,0,-,
399,12743,8,Normal,13,2,2,1,0,53,0,3,3,60,0,3,3,0,6,3,0,0,3,3,0,281,86,10,7,7,1,0,0,24,3,RH=Crude Sword|LH=Crude Sword|BD=Crude Armour|A1=Crude Bracelet|A2=Crude Bracelet,Swords_T1_03=1|Swords_T1_04=2,0,-,party wiped
400,12744,1,Normal,33,2,2,2,0,37,37,0,0,35,0,1,1,0,6,2,2,3,3,0,0,196,0,10,10,5,0,1,1,3,4,,,0,-,floor1_town
400,12744,2,Normal,32,4,4,4,0,37,29,0,0,40,0,1,1,0,1,0,2,2,3,0,0,224,14,10,10,2.5,0,1,1,4,3,,,0,-,
400,12744,3,Normal,3,1,1,0,0,29,0,0,0,0,0,1,1,1,3,3,3,0,0,0,0,126,37,4,0,0,1,0,0,10,4,RH=Crude Sword|LH=Crude Sword|BD=Crude Armour|A1=Crude Bracelet|A2=Crude Bracelet,,0,-,party wiped
401,12745,1,Normal,31,5,5,5,0,37,37,0,0,65,0,1,1,0,8,1,1,3,3,0,0,364,14,19,19,3.8,0,1,1,6,3,,,0,-,floor1_town
401,12745,2,Normal,37,2,2,2,0,37,37,0,0,30,0,1,1,0,3,0,3,1,3,0,0,168,8,8,8,4,0,1,1,7,3,,,0,-,
401,12745,3,Normal,30,0,0,0,0,37,37,0,0,0,0,1,1,0,0,0,3,1,3,0,0,0,0,0,0,0,0,1,1,7,0,,,0,-,
401,12745,4,Normal,35,3,3,3,0,37,39,0,1,35,0,1,2,0,1,3,3,3,3,1,0,196,33,11,11,3.667,0,1,1,8,1,,Swords_T1_03=1,0,-,+1 levelup
401,12745,5,Normal,33,5,5,5,0,39,36,1,1,65,0,2,2,0,4,3,3,2,3,4,0,364,16,17,17,3.4,0,1,1,9,2,,Swords_T1_03=4,0,-,
401,12745,6,Normal,39,7,7,7,0,36,45,1,1,100,0,2,2,1,5,4,2,3,3,4,0,560,25,28,28,4,0,1,1,11,1,,Swords_T1_03=4,0,-,
401,12745,7,Normal,40,2,2,2,0,45,53,1,2,15,0,2,3,0,0,0,2,3,3,0,0,84,13,3,3,1.5,0,1,1,11,1,,,0,-,+1 levelup
401,12745,8,Normal,10,1,1,0,0,53,0,2,2,0,0,3,3,2,3,3,0,0,0,3,0,101,51,4,0,0,1,0,0,17,2,RH=Crude Sword|LH=Crude Sword|BD=Crude Armour|A1=Crude Bracelet|A2=Crude Bracelet,Swords_T1_03=1|Swords_T1_04=2,0,-,party wiped
402,12746,1,Normal,29,2,2,2,0,37,37,0,0,25,0,1,1,0,3,2,2,3,3,0,0,140,0,7,7,3.5,0,1,1,3,4,,,0,-,floor1_town
402,12746,2,Normal,25,2,2,2,0,37,29,0,0,25,0,1,1,0,3,1,2,0,2,0,0,140,16,7,7,3.5,0,1,1,4,4,,,0,-,
402,12746,3,Normal,16,2,2,1,0,29,0,0,0,36,0,1,1,4,6,6,0,0,0,0,0,356,40,14,7,7,1,0,0,16,3,RH=Crude Sword|LH=Crude Sword|BD=Crude Armour|A1=Crude Bracelet|A2=Crude Bracelet,,0,-,party wiped
403,12747,1,Normal,27,4,4,4,0,37,37,0,0,45,0,1,1,0,4,0,0,3,3,0,0,252,8,12,12,3,0,1,1,5,1,,,0,-,floor1_town
403,12747,2,Normal,38,4,4,4,0,37,45,0,3,65,0,1,2,0,6,3,2,0,0,0,0,364,34,18,18,4.5,0,1,1,7,3,,,0,-,+1 levelup
403,12747,3,Normal,3,1,1,0,0,45,0,3,3,0,0,2,2,4,0,0,0,0,0,1,0,191,44,5,0,0,1,0,0,7,4,RH=Crude Sword|LH=Crude Sword|BD=Crude Armour|A1=Crude Bracelet|A2=Crude Bracelet,Swords_T1_03=1,0,-,party wiped
404,12748,1,Normal,25,2,2,2,0,37,37,0,0,15,0,1,1,0,0,0,2,3,3,0,0,84,8,3,3,1.5,0,1,1,3,2,,,0,-,floor1_town
404,12748,2,Normal,25,1,1,1,0,37,27,0,0,5,0,1,1,0,0,0,2,3,3,0,0,28,10,2,2,2,0,1,1,3,1,,,0,-,
404,12748,3,Normal,14,2,2,1,0,27,0,0,0,12,0,1,1,0,4,3,4,0,0,0,0,151,48,6,3,3,1,0,0,15,3,RH=Crude Sword|LH=Crude Sword|BD=Crude Armour|A1=Crude Bracelet|A2=Crude Bracelet,,0,-,party wiped
405,12749,1,Normal,39,5,5,5,0,37,37,0,0,60,0,1,1,0,6,6,0,3,3,0,0,336,24,18,18,3.6,0,1,1,6,4,,,0,-,floor1_town
405,12749,2,Normal,26,3,3,3,0,37,44,0,3,45,0,1,2,0,4,3,2,2,3,0,0,252,13,12,12,4,0,1,1,7,2,,,0,-,+1 levelup
405,12749,3,Normal,21,3,3,2,0,44,0,3,3,36,0,2,2,3,5,6,0,0,0,2,0,356,57,12,6,3,1,0,0,8,4,RH=Crude Sword|LH=Crude Sword|BD=Crude Armour|A1=Crude Bracelet|A2=Crude Bracelet,Swords_T1_03=2,0,-,party wiped
406,12750,1,Normal,37,5,5,5,0,37,37,0,0,65,0,1,1,0,7,1,1,3,3,0,0,364,8,16,16,3.2,0,1,1,6,2,,,0,-,floor1_town
406,12750,2,Normal,35,3,3,3,0,37,37,0,0,25,0,1,1,0,0,0,1,3,3,0,0,140,8,5,5,1.667,0,1,1,7,1,,,0,-,
406,12750,3,Normal,29,4,4,3,0,37,0,0,1,84,0,1,2,3,3,3,0,0,0,3,0,480,42,13,12,4,1,0,0,13,4,RH=Crude Sword|LH=Crude Sword|BD=Crude Armour|A1=Crude Bracelet|A2=Crude Bracelet,Swords_T1_03=3,0,-,party wiped; +1 levelup
407,12751,1,Normal,35,3,3,3,0,37,37,0,0,60,0,1,1,0,9,3,0,3,3,0,0,336,0,18,18,6,0,1,1,4,4,,,0,-,floor1_town
407,12751,2,Normal,31,3,3,3,0,37,29,0,0,25,0,1,1,0,3,1,1,0,2,0,0,140,8,8,8,2.667,0,1,1,4,1,,,0,-,
407,12751,3,Normal,29,3,3,3,0,29,46,0,2,48,0,1,2,0,4,2,1,0,1,0,0,240,0,8,8,2.667,0,1,1,16,2,,,0,-,+1 levelup
407,12751,4,Normal,35,2,2,2,0,46,24,2,2,25,0,2,2,0,0,1,1,0,0,1,0,140,21,5,5,2.5,0,1,1,16,4,,Swords_T1_03=1,0,-,
407,12751,5,Normal,37,2,2,2,0,24,38,2,2,30,0,2,2,0,2,0,1,1,3,1,0,168,7,6,6,3,0,1,1,17,3,,Swords_T1_03=1,0,-,
407,12751,6,Normal,27,2,2,2,0,38,40,2,2,25,0,2,2,0,1,2,1,0,1,1,0,140,-3,6,6,3,0,1,1,17,4,,Swords_T1_03=1,0,-,
407,12751,7,Normal,34,4,4,4,0,40,38,2,2,35,0,2,2,1,0,1,0,0,0,3,0,196,-1,7,7,1.75,0,1,1,17,3,,Swords_T1_03=3,0,-,
407,12751,8,Normal,8,1,1,0,0,38,0,2,2,0,0,2,2,0,0,0,0,3,3,0,0,30,46,1,0,0,1,0,0,23,3,RH=Crude Sword|LH=Crude Sword|BD=Crude Armour|A1=Crude Bracelet|A2=Crude Bracelet,,0,-,party wiped
408,12752,1,Normal,33,5,5,5,0,37,37,0,0,70,0,1,1,0,7,2,1,3,3,0,0,392,22,19,19,3.8,0,1,1,6,4,,,0,-,floor1_town
408,12752,2,Normal,35,3,3,3,0,37,45,0,1,45,0,1,2,2,3,3,0,0,0,0,0,252,8,12,12,4,0,1,1,6,4,,,0,-,+1 levelup
408,12752,3,Normal,21,1,1,0,0,45,0,1,1,0,0,2,2,1,0,0,0,0,0,1,0,60,44,2,0,0,1,0,0,6,4,RH=Crude Sword|LH=Crude Sword|BD=Crude Armour|A1=Crude Bracelet|A2=Crude Bracelet,Swords_T1_03=1,0,-,party wiped
409,12753,1,Normal,31,1,1,1,0,37,37,0,0,15,0,1,1,0,1,0,0,3,3,0,0,84,8,4,4,4,0,1,1,2,3,,,0,-,floor1_town
409,12753,2,Normal,35,4,4,4,0,37,29,0,0,50,0,1,1,0,5,3,0,1,3,0,0,280,14,15,15,3.75,0,1,1,3,3,,,0,-,
409,12753,3,Normal,39,3,3,3,0,29,21,0,2,84,0,1,2,2,6,5,0,0,0,1,0,420,23,13,13,4.333,0,1,1,15,4,,Swords_T1_03=1,0,-,+1 levelup
409,12753,4,Normal,32,4,4,4,0,21,44,2,2,20,0,2,2,0,1,0,0,2,3,2,0,112,-1,6,6,1.5,0,1,1,16,1,,Swords_T1_03=2,0,-,
409,12753,5,Normal,39,5,5,5,0,44,45,2,2,65,0,2,2,0,5,3,0,0,3,4,0,364,36,17,17,3.4,0,1,1,17,2,,Swords_T1_03=4,0,-,
409,12753,6,Normal,31,1,1,1,0,45,31,2,2,20,0,2,2,0,0,3,0,0,0,1,0,112,13,6,6,6,0,1,1,17,4,,Swords_T1_03=1,0,-,
409,12753,7,Normal,13,3,3,2,0,31,0,2,2,30,0,2,2,0,3,3,0,0,0,3,0,221,42,11,8,4,1,0,0,18,4,RH=Crude Sword|LH=Crude Sword|BD=Crude Armour|A1=Crude Bracelet|A2=Crude Bracelet,Swords_T1_03=3,0,-,party wiped
410,12754,1,Normal,29,2,2,2,0,37,37,0,0,15,0,1,1,0,0,0,1,3,3,0,0,84,8,3,3,1.5,0,1,1,3,1,,,0,-,floor1_town
410,12754,2,Normal,33,2,2,2,0,37,29,0,0,25,0,1,1,0,3,0,2,0,3,0,0,140,8,6,6,3,0,1,1,3,2,,,0,-,
410,12754,3,Normal,25,3,3,3,0,29,10,0,2,84,0,1,2,2,6,4,0,0,0,1,0,420,56,15,15,5,0,1,1,15,2,,Swords_T1_03=1,0,-,+1 levelup
410,12754,4,Normal,26,4,4,4,0,10,46,2,2,40,0,2,2,0,3,2,0,0,1,4,0,224,-4,12,12,3,0,1,1,16,4,,Swords_T1_03=4,0,-,
410,12754,5,Normal,4,1,1,0,0,46,0,2,2,0,0,2,2,0,0,1,0,0,0,1,0,76,45,3,0,0,1,0,0,16,4,RH=Crude Sword|LH=Crude Sword|BD=Crude Armour|A1=Crude Bracelet|A2=Crude Bracelet,Swords_T1_03=1,0,-,party wiped
411,12755,1,Normal,27,2,2,2,0,37,37,0,0,35,0,1,1,0,6,0,2,3,3,0,0,196,0,9,9,4.5,0,1,1,3,3,,,0,-,floor1_town
411,12755,2,Normal,30,4,4,4,0,37,29,0,0,45,0,1,1,0,3,0,2,0,3,0,0,252,8,9,9,2.25,0,1,1,3,3,,,0,-,
411,12755,3,Normal,37,5,5,4,0,29,0,0,3,84,0,1,2,4,6,6,0,0,0,3,0,606,56,19,12,3,1,0,0,16,4,RH=Crude Sword|LH=Crude Sword|BD=Crude Armour|A1=Crude Bracelet|A2=Crude Bracelet,Swords_T1_03=3,0,-,party wiped; +1 levelup
412,12756,1,Normal,40,5,5,5,0,37,37,0,0,60,0,1,1,0,6,4,1,3,3,0,0,336,29,16,16,3.2,0,1,1,6,4,,,0,-,floor1_town
412,12756,2,Normal,26,2,2,2,0,37,37,0,0,10,0,1,1,0,0,0,1,3,3,0,0,56,0,2,2,1,0,1,1,6,1,,,0,-,
412,12756,3,Normal,1,1,1,0,0,37,0,0,0,0,0,1,1,2,3,3,0,0,0,0,0,116,37,4,0,0,1,0,0,12,4,RH=Crude Sword|LH=Crude Sword|BD=Crude Armour|A1=Crude Bracelet|A2=Crude Bracelet,,0,-,party wiped
413,12757,1,Normal,38,4,4,4,0,37,37,0,0,40,0,1,1,0,1,0,2,3,3,0,0,224,16,9,9,2.25,0,1,1,5,2,,,0,-,floor1_town
413,12757,2,Normal,34,3,3,3,0,37,29,0,0,35,0,1,1,0,3,0,3,0,3,0,0,196,8,9,9,3,0,1,1,5,2,,,0,-,
413,12757,3,Normal,7,1,1,0,0,29,0,0,0,0,0,1,1,4,3,3,1,0,0,0,0,148,37,6,0,0,1,0,0,11,4,RH=Crude Sword|LH=Crude Sword|BD=Crude Armour|A1=Crude Bracelet|A2=Crude Bracelet,,0,-,party wiped
414,12758,1,Normal,36,2,2,2,0,37,37,0,0,15,0,1,1,0,0,0,0,3,3,0,0,84,0,3,3,1.5,0,1,1,3,1,,,0,-,floor1_town
414,12758,2,Normal,33,2,2,2,0,37,23,0,0,35,0,1,1,1,3,3,1,0,0,0,0,196,14,9,9,4.5,0,1,1,3,3,,,0,-,
414,12758,3,Normal,10,3,3,2,0,23,0,0,0,36,0,1,1,3,7,5,0,0,0,0,0,388,37,16,8,4,1,0,0,21,4,RH=Crude Sword|LH=Crude Sword|BD=Crude Armour|A1=Crude Bracelet|A2=Crude Bracelet,,0,-,party wiped
415,12759,1,Normal,34,2,2,2,0,37,37,0,0,30,0,1,1,0,3,0,2,3,3,0,0,168,8,7,7,3.5,0,1,1,3,4,,,0,-,floor1_town
415,12759,2,Normal,13,2,2,1,0,37,0,0,0,20,0,1,1,2,3,3,0,0,0,0,0,192,37,12,6,6,1,0,0,3,4,RH=Crude Sword|LH=Crude Sword|BD=Crude Armour|A1=Crude Bracelet|A2=Crude Bracelet,,0,-,party wiped
416,12760,1,Normal,32,2,2,2,0,37,37,0,0,10,0,1,1,0,0,0,0,3,3,0,0,56,0,2,2,1,0,1,1,3,1,,,0,-,floor1_town
416,12760,2,Normal,29,4,4,3,0,37,0,0,0,50,0,1,1,2,6,3,0,0,0,0,0,364,53,19,14,4.667,1,0,0,5,4,RH=Crude Sword|LH=Crude Sword|BD=Crude Armour|A1=Crude Bracelet|A2=Crude Bracelet,,0,-,party wiped
417,12761,1,Normal,30,5,5,5,0,37,37,0,0,85,0,1,1,0,10,4,1,3,3,0,0,476,24,25,25,5,0,1,1,6,4,,,0,-,floor1_town
417,12761,2,Normal,26,2,2,2,0,37,45,0,3,15,0,1,2,0,0,0,2,3,3,0,0,84,8,3,3,1.5,0,1,1,6,2,,,0,-,+1 levelup
417,12761,3,Normal,26,4,4,4,0,45,44,3,3,60,0,2,2,0,3,1,2,0,2,4,0,300,-3,9,9,2.25,0,1,1,6,1,,Swords_T1_03=4,0,-,
417,12761,4,Normal,37,1,1,1,0,44,36,3,3,15,0,2,2,0,0,2,2,0,0,1,0,84,7,5,5,5,0,1,1,6,3,,Swords_T1_03=1,0,-,
417,12761,5,Normal,33,5,5,5,0,36,37,3,3,60,0,2,2,1,3,3,1,0,0,2,0,336,12,17,17,3.4,0,1,1,7,2,,Swords_T1_03=2,0,-,
417,12761,6,Normal,28,4,4,4,0,37,45,3,3,50,0,2,2,0,3,3,1,0,0,2,0,280,23,12,12,3,0,1,1,9,4,,Swords_T1_03=2,0,-,
417,12761,7,Normal,16,2,2,1,0,45,0,3,5,20,0,2,3,1,0,0,0,0,0,0,0,219,84,10,6,6,1,0,0,9,4,RH=Crude Sword|LH=Crude Sword|BD=Crude Armour|A1=Crude Bracelet|A2=Crude Bracelet,,0,-,party wiped; +1 levelup
418,12762,1,Normal,28,2,2,2,0,37,37,0,0,35,0,1,1,0,5,3,0,3,3,0,0,196,22,12,12,6,0,1,1,3,4,,,0,-,floor1_town
418,12762,2,Normal,39,7,7,7,0,37,31,0,2,90,0,1,2,2,6,4,0,0,2,1,0,504,28,22,22,3.143,0,1,1,4,3,,Swords_T1_03=1,0,-,+1 levelup
418,12762,3,Normal,13,3,3,2,0,31,0,2,2,60,0,2,2,0,6,6,0,0,0,3,0,423,62,12,9,4.5,1,0,0,6,4,RH=Crude Sword|LH=Crude Sword|BD=Crude Armour|A1=Crude Bracelet|A2=Crude Bracelet,Swords_T1_03=3,0,-,party wiped
419,12763,1,Normal,26,3,3,3,0,37,37,0,0,30,0,1,1,0,3,2,1,3,3,0,0,168,0,8,8,2.667,0,1,1,4,1,,,0,-,floor1_town
419,12763,2,Normal,30,3,3,3,0,37,37,0,0,35,0,1,1,0,3,1,3,0,2,0,0,196,10,8,8,2.667,0,1,1,5,2,,,0,-,
419,12763,3,Normal,17,3,3,2,0,37,0,0,3,48,0,1,2,3,6,6,0,0,0,1,0,412,78,14,9,4.5,1,0,0,12,4,RH=Crude Sword|LH=Crude Sword|BD=Crude Armour|A1=Crude Bracelet|A2=Crude Bracelet,Swords_T1_03=1,0,-,party wiped; +1 levelup
420,12764,1,Normal,40,7,7,7,0,37,45,0,3,135,0,1,2,2,21,10,0,3,3,1,0,756,44,41,41,5.857,0,1,1,8,4,,Swords_T1_03=1,0,-,floor1_town; +1 levelup
420,12764,2,Normal,39,5,5,5,0,45,21,3,3,75,0,2,2,0,6,4,1,0,0,2,0,420,35,20,20,4,0,1,1,9,3,,Swords_T1_03=2,0,-,
420,12764,3,Normal,8,2,2,1,0,21,0,3,3,24,0,2,2,1,3,3,0,0,0,2,0,236,43,7,4,4,1,0,0,10,3,RH=Crude Sword|LH=Crude Sword|BD=Crude Armour|A1=Crude Bracelet|A2=Crude Bracelet,Swords_T1_03=2,0,-,party wiped
421,12765,1,Normal,38,5,5,5,0,37,37,0,0,80,0,1,1,0,11,5,1,3,3,0,0,448,29,24,24,4.8,0,1,1,6,2,,,0,-,floor1_town
421,12765,2,Normal,33,6,6,6,0,37,43,0,2,50,0,1,2,0,2,0,2,1,3,2,0,280,7,11,11,1.833,0,1,1,7,1,,Swords_T1_03=2,0,-,+1 levelup
421,12765,3,Normal,14,2,2,1,0,43,0,2,2,24,0,2,2,2,1,3,0,0,0,2,0,243,41,6,3,3,1,0,0,7,4,RH=Crude Sword|LH=Crude Sword|BD=Crude Armour|A1=Crude Bracelet|A2=Crude Bracelet,Swords_T1_03=2,0,-,party wiped
422,12766,1,Normal,36,5,5,5,0,37,37,0,0,75,0,1,1,0,10,1,2,3,3,0,0,420,16,21,21,4.2,0,1,1,6,3,,,0,-,floor1_town
422,12766,2,Normal,28,4,4,4,0,37,46,0,2,50,0,1,2,0,3,0,2,1,3,0,0,280,8,11,11,2.75,0,1,1,7,3,,,0,-,+1 levelup
422,12766,3,Normal,2,1,1,0,0,46,0,2,2,0,0,2,2,3,1,3,1,0,0,1,0,120,45,5,0,0,1,0,0,7,4,RH=Crude Sword|LH=Crude Sword|BD=Crude Armour|A1=Crude Bracelet|A2=Crude Bracelet,Swords_T1_03=1,0,-,party wiped
423,12767,1,Normal,34,3,3,3,0,37,37,0,0,35,0,1,1,0,3,2,0,3,3,0,0,196,0,9,9,3,0,1,1,4,2,,,0,-,floor1_town
423,12767,2,Normal,29,3,3,3,0,37,37,0,0,50,0,1,1,0,6,4,1,0,0,0,0,280,8,13,13,4.333,0,1,1,5,3,,,0,-,
423,12767,3,Normal,6,2,2,1,0,37,0,0,0,12,0,1,1,3,4,3,0,0,0,0,0,169,37,6,2,2,1,0,0,17,4,RH=Crude Sword|LH=Crude Sword|BD=Crude Armour|A1=Crude Bracelet|A2=Crude Bracelet,,0,-,party wiped
424,12768,1,Normal,32,3,3,3,0,37,37,0,0,30,0,1,1,0,3,3,2,3,3,0,0,168,6,9,9,3,0,1,1,4,1,,,0,-,floor1_town
424,12768,2,Normal,34,5,5,5,0,37,37,0,0,60,0,1,1,0,4,0,3,0,3,0,0,336,16,13,13,2.6,0,1,1,6,3,,,0,-,
424,12768,3,Normal,13,1,1,0,0,37,0,0,0,0,0,1,1,1,3,3,3,0,0,0,0,63,37,3,0,0,1,0,0,12,4,RH=Crude Sword|LH=Crude Sword|BD=Crude Armour|A1=Crude Bracelet|A2=Crude Bracelet,,0,-,party wiped
425,12769,1,Normal,30,3,3,3,0,37,37,0,0,25,0,1,1,0,0,0,0,3,3,0,0,140,16,5,5,1.667,0,1,1,4,1,,,0,-,floor1_town
425,12769,2,Normal,30,4,4,4,0,37,37,0,0,40,0,1,1,0,4,1,2,0,2,0,0,224,8,10,10,2.5,0,1,1,5,4,,,0,-,
425,12769,3,Normal,21,1,1,0,0,37,0,0,0,0,0,1,1,1,3,3,2,0,0,0,0,143,37,4,0,0,1,0,0,11,3,RH=Crude Sword|LH=Crude Sword|BD=Crude Armour|A1=Crude Bracelet|A2=Crude Bracelet,,0,-,party wiped
426,12770,1,Normal,28,4,4,4,0,37,37,0,0,65,0,1,1,0,9,0,2,3,3,0,0,364,16,17,17,4.25,0,1,1,5,4,,,0,-,floor1_town
426,12770,2,Normal,40,3,3,3,0,37,37,0,0,25,0,1,1,0,2,0,2,1,3,0,0,140,0,6,6,2,0,1,1,5,3,,,0,-,
426,12770,3,Normal,2,1,1,0,0,37,0,0,0,0,0,1,1,4,3,3,0,0,0,0,0,140,37,5,0,0,1,0,0,11,4,RH=Crude Sword|LH=Crude Sword|BD=Crude Armour|A1=Crude Bracelet|A2=Crude Bracelet,,0,-,party wiped
427,12771,1,Normal,26,4,4,4,0,37,37,0,0,40,0,1,1,0,4,1,0,3,3,0,0,224,0,11,11,2.75,0,1,1,5,1,,,0,-,floor1_town
427,12771,2,Normal,29,2,2,2,0,37,37,0,0,15,0,1,1,0,1,0,2,2,3,0,0,84,0,4,4,2,0,1,1,5,2,,,0,-,
427,12771,3,Normal,1,1,1,0,0,37,0,0,0,0,0,1,1,2,3,3,0,0,0,0,0,126,37,5,0,0,1,0,0,11,3,RH=Crude Sword|LH=Crude Sword|BD=Crude Armour|A1=Crude Bracelet|A2=Crude Bracelet,,0,-,party wiped
428,12772,1,Normal,40,5,5,5,0,37,37,0,0,85,0,1,1,0,10,5,1,3,3,0,0,476,32,25,25,5,0,1,1,6,4,,,0,-,floor1_town
428,12772,2,Normal,36,4,4,4,0,37,46,0,2,50,0,1,2,0,5,3,2,1,3,2,0,280,37,16,16,4,0,1,1,7,1,,Swords_T1_03=2,0,-,+1 levelup
428,12772,3,Normal,25,3,3,3,0,46,45,2,2,36,0,2,2,0,1,0,3,0,3,3,0,180,-2,4,4,1.333,0,1,1,7,1,,Swords_T1_03=3,0,-,
428,12772,4,Normal,38,4,4,4,0,45,36,2,2,55,0,2,2,1,0,3,2,0,0,2,0,308,7,13,13,3.25,0,1,1,7,3,,Swords_T1_03=2,0,-,
428,12772,5,Normal,37,5,5,5,0,36,55,2,4,80,0,2,3,2,3,2,0,0,1,2,0,448,16,20,20,4,0,1,1,8,3,,Swords_T1_03=2,0,-,+1 levelup
428,12772,6,Normal,32,4,4,4,0,55,48,4,4,50,0,3,3,0,2,1,0,1,3,4,0,280,40,13,13,3.25,0,1,1,9,2,,Swords_T1_03=2|Swords_T1_04=2,0,-,
428,12772,7,Normal,36,2,2,2,0,48,43,4,4,25,0,3,3,0,1,0,0,0,3,1,0,140,3,6,6,3,0,1,1,9,3,,Swords_T1_03=1,0,-,
428,12772,8,Normal,4,1,1,0,0,43,0,4,4,0,0,3,3,0,3,0,0,0,3,2,0,29,53,2,0,0,1,0,0,15,3,RH=Crude Sword|LH=Crude Sword|BD=Crude Armour|A1=Crude Bracelet|A2=Crude Bracelet,Swords_T1_03=1|Swords_T1_04=1,0,-,party wiped
429,12773,1,Normal,38,4,4,4,0,37,37,0,0,55,0,1,1,0,6,3,0,3,3,0,0,308,8,17,17,4.25,0,1,1,5,4,,,0,-,floor1_town
429,12773,2,Normal,32,3,3,3,0,37,37,0,0,40,0,1,1,0,4,0,2,1,3,0,0,224,8,11,11,3.667,0,1,1,6,3,,,0,-,
429,12773,3,Normal,23,2,2,1,0,37,0,0,2,12,0,1,2,2,3,3,0,0,0,1,0,270,45,8,2,2,1,0,0,12,4,RH=Crude Sword|LH=Crude Sword|BD=Crude Armour|A1=Crude Bracelet|A2=Crude Bracelet,Swords_T1_03=1,0,-,party wiped; +1 levelup
430,12774,1,Normal,36,4,4,4,0,37,37,0,0,35,0,1,1,0,3,2,1,3,3,0,0,196,10,10,10,2.5,0,1,1,5,1,,,0,-,floor1_town
430,12774,2,Normal,29,2,2,2,0,37,37,0,0,20,0,1,1,0,2,0,3,1,3,0,0,112,0,5,5,2.5,0,1,1,5,3,,,0,-,
430,12774,3,Normal,27,1,1,1,0,37,37,0,0,24,0,1,1,0,3,0,5,0,3,0,0,120,0,4,4,4,0,1,1,11,2,,,0,-,
430,12774,4,Normal,29,3,3,3,0,37,38,0,2,40,0,1,2,2,0,3,3,0,0,0,0,224,8,11,11,3.667,0,1,1,11,3,,,0,-,+1 levelup
430,12774,5,Normal,34,5,5,3,1,38,0,2,2,45,0,2,2,3,3,3,0,0,0,5,0,389,71,21,13,4.333,1,0,0,12,4,RH=Crude Sword|LH=Crude Sword|BD=Crude Armour|A1=Crude Bracelet|A2=Crude Bracelet,Swords_T1_03=5,0,-,party wiped; flee×1
431,12775,1,Normal,34,5,5,5,0,37,37,0,0,45,0,1,1,0,3,0,2,3,3,0,0,252,24,11,11,2.2,0,1,1,6,2,,,0,-,floor1_town
431,12775,2,Normal,28,3,3,3,0,37,29,0,0,20,0,1,1,0,0,0,2,3,3,0,0,112,8,4,4,1.333,0,1,1,6,2,,,0,-,
431,12775,3,Normal,12,2,2,1,0,29,0,0,0,24,0,1,1,1,6,4,2,0,0,0,0,211,37,7,4,4,1,0,0,18,4,RH=Crude Sword|LH=Crude Sword|BD=Crude Armour|A1=Crude Bracelet|A2=Crude Bracelet,,0,-,party wiped
432,12776,1,Normal,32,4,4,4,0,37,37,0,0,55,0,1,1,0,8,2,1,3,3,0,0,308,0,17,17,4.25,0,1,1,5,1,,,0,-,floor1_town
432,12776,2,Normal,37,5,5,5,0,37,33,0,2,75,0,1,2,2,3,3,0,0,0,2,0,420,19,18,18,3.6,0,1,1,5,4,,Swords_T1_03=2,0,-,+1 levelup
432,12776,3,Normal,3,1,1,0,0,33,0,2,2,0,0,2,2,1,3,3,0,0,0,1,0,208,45,7,0,0,1,0,0,6,4,RH=Crude Sword|LH=Crude Sword|BD=Crude Armour|A1=Crude Bracelet|A2=Crude Bracelet,Swords_T1_03=1,0,-,party wiped
433,12777,1,Normal,30,1,1,1,0,37,37,0,0,5,0,1,1,0,0,0,2,3,3,0,0,28,0,1,1,1,0,1,1,2,1,,,0,-,floor1_town
433,12777,2,Normal,26,2,2,2,0,37,37,0,0,25,0,1,1,0,3,0,2,0,3,0,0,140,0,7,7,3.5,0,1,1,2,2,,,0,-,
433,12777,3,Normal,29,3,3,2,0,37,0,0,0,60,0,1,1,2,9,8,0,0,0,0,0,430,51,16,12,6,1,0,0,20,4,RH=Crude Sword|LH=Crude Sword|BD=Crude Armour|A1=Crude Bracelet|A2=Crude Bracelet,,0,-,party wiped
434,12778,1,Normal,28,3,3,3,0,37,37,0,0,45,0,1,1,0,6,0,0,3,3,0,0,252,8,13,13,4.333,0,1,1,4,3,,,0,-,floor1_town
434,12778,2,Normal,40,4,4,4,0,37,37,0,0,30,0,1,1,0,2,0,0,1,3,0,0,168,8,8,8,2,0,1,1,5,1,,,0,-,
434,12778,3,Normal,23,2,2,1,0,37,0,0,0,24,0,1,1,1,6,5,0,0,0,0,0,243,37,11,5,5,1,0,0,17,3,RH=Crude Sword|LH=Crude Sword|BD=Crude Armour|A1=Crude Bracelet|A2=Crude Bracelet,,0,-,party wiped
435,12779,1,Normal,26,3,3,3,0,37,37,0,0,45,0,1,1,0,4,0,2,3,3,0,0,252,16,12,12,4,0,1,1,4,3,,,0,-,floor1_town
435,12779,2,Normal,36,5,5,5,0,37,25,0,2,80,0,1,2,0,6,6,2,0,0,2,0,448,27,22,22,4.4,0,1,1,5,3,,Swords_T1_03=2,0,-,+1 levelup
435,12779,3,Normal,23,2,2,1,0,25,0,2,2,12,0,2,2,2,3,3,0,0,0,2,0,183,44,5,1,1,1,0,0,6,4,RH=Crude Sword|LH=Crude Sword|BD=Crude Armour|A1=Crude Bracelet|A2=Crude Bracelet,Swords_T1_03=2,0,-,party wiped
436,12780,1,Normal,40,3,3,3,0,37,37,0,0,30,0,1,1,0,3,2,0,3,3,0,0,168,0,8,8,2.667,0,1,1,4,4,,,0,-,floor1_town
436,12780,2,Normal,39,4,4,3,1,37,3,0,0,50,0,1,1,0,6,6,0,0,0,0,0,308,58,18,16,5.333,0,1,1,6,4,,,0,-,flee×1
436,12780,3,Normal,1,1,1,0,0,3,0,0,0,0,0,1,1,1,3,3,0,0,0,0,0,88,37,3,0,0,1,0,0,12,4,RH=Crude Sword|LH=Crude Sword|BD=Crude Armour|A1=Crude Bracelet|A2=Crude Bracelet,,0,-,party wiped
437,12781,1,Normal,38,5,5,5,0,37,37,0,0,60,0,1,1,0,4,0,1,3,3,0,0,336,32,13,13,2.6,0,1,1,6,3,,,0,-,floor1_town
437,12781,2,Normal,29,3,3,3,0,37,37,0,0,30,0,1,1,0,2,0,2,3,3,0,0,168,16,7,7,2.333,0,1,1,8,1,,,0,-,
437,12781,3,Normal,10,3,3,2,0,37,0,0,2,60,0,1,2,4,6,6,0,0,0,1,0,443,86,15,12,6,1,0,0,15,4,RH=Crude Sword|LH=Crude Sword|BD=Crude Armour|A1=Crude Bracelet|A2=Crude Bracelet,Swords_T1_03=1,0,-,party wiped; +1 levelup
438,12782,1,Normal,36,1,1,1,0,37,37,0,0,5,0,1,1,0,0,0,0,3,3,0,0,28,0,1,1,1,0,1,1,2,1,,,0,-,floor1_town
438,12782,2,Normal,39,5,5,5,0,37,29,0,0,80,0,1,1,1,6,6,1,0,0,0,0,448,29,22,22,4.4,0,1,1,3,4,,,0,-,
438,12782,3,Normal,5,1,1,0,0,29,0,0,0,0,0,1,1,2,3,3,0,0,0,0,0,147,37,5,0,0,1,0,0,9,3,RH=Crude Sword|LH=Crude Sword|BD=Crude Armour|A1=Crude Bracelet|A2=Crude Bracelet,,0,-,party wiped
439,12783,1,Normal,34,2,2,2,0,37,37,0,0,30,0,1,1,0,3,0,1,3,3,0,0,168,8,7,7,3.5,0,1,1,3,2,,,0,-,floor1_town
439,12783,2,Normal,33,4,4,4,0,37,37,0,0,55,0,1,1,0,5,0,3,1,3,0,0,308,8,14,14,3.5,0,1,1,4,3,,,0,-,
439,12783,3,Normal,22,2,2,1,0,37,0,0,0,12,0,1,1,1,5,3,4,0,0,0,0,140,37,6,3,3,1,0,0,16,4,RH=Crude Sword|LH=Crude Sword|BD=Crude Armour|A1=Crude Bracelet|A2=Crude Bracelet,,0,-,party wiped
440,12784,1,Normal,32,4,4,4,0,37,37,0,0,50,0,1,1,0,5,3,2,3,3,0,0,280,26,14,14,3.5,0,1,1,5,4,,,0,-,floor1_town
440,12784,2,Normal,31,1,1,1,0,37,37,0,0,15,0,1,1,0,2,0,4,1,3,0,0,84,0,3,3,3,0,1,1,5,3,,,0,-,
440,12784,3,Normal,40,5,5,5,0,37,45,0,3,132,0,1,2,6,6,6,0,3,3,4,0,660,29,22,22,4.4,0,1,1,13,1,,Swords_T1_03=4,0,-,+1 levelup
440,12784,4,Normal,32,3,3,3,0,45,46,3,3,30,0,2,2,0,3,2,0,0,1,1,0,168,-2,8,8,2.667,0,1,1,13,1,,Swords_T1_03=1,0,-,
440,12784,5,Normal,37,2,2,2,0,46,37,3,3,25,0,2,2,0,0,1,0,3,3,2,0,140,43,7,7,3.5,0,1,1,14,2,,Swords_T1_03=2,0,-,
440,12784,6,Normal,40,4,4,4,0,37,53,3,6,50,0,2,3,0,3,3,0,0,0,2,0,280,31,15,15,3.75,0,1,1,14,4,,Swords_T1_03=2,0,-,+1 levelup
440,12784,7,Normal,31,3,3,3,0,53,48,6,6,40,0,3,3,0,2,0,0,1,3,2,0,224,29,10,10,3.333,0,1,1,15,4,,Swords_T1_03=2,0,-,
440,12784,8,Normal,8,1,1,0,0,48,0,6,6,0,0,3,3,0,3,3,0,0,0,3,0,87,51,3,0,0,1,0,0,21,3,RH=Crude Sword|LH=Crude Sword|BD=Crude Armour|A1=Crude Bracelet|A2=Crude Bracelet,Swords_T1_03=1|Swords_T1_04=2,0,-,party wiped
441,12785,1,Normal,30,3,3,3,0,37,37,0,0,45,0,1,1,0,6,5,1,3,3,0,0,252,22,15,15,5,0,1,1,4,4,,,0,-,floor1_town
441,12785,2,Normal,36,3,3,3,0,37,37,0,0,40,0,1,1,0,3,1,2,0,2,0,0,224,0,9,9,3,0,1,1,4,1,,,0,-,
441,12785,3,Normal,1,1,1,0,0,37,0,0,0,0,0,1,1,1,3,3,2,0,0,0,0,98,37,5,0,0,1,0,0,10,3,RH=Crude Sword|LH=Crude Sword|BD=Crude Armour|A1=Crude Bracelet|A2=Crude Bracelet,,0,-,party wiped
442,12786,1,Normal,28,3,3,3,0,37,37,0,0,25,0,1,1,0,1,0,2,3,3,0,0,140,8,5,5,1.667,0,1,1,4,1,,,0,-,floor1_town
442,12786,2,Normal,30,2,2,2,0,37,37,0,0,10,0,1,1,0,0,0,3,3,3,0,0,56,0,2,2,1,0,1,1,4,1,,,0,-,
442,12786,3,Normal,9,2,2,1,0,37,0,0,0,12,0,1,1,5,4,3,0,0,0,0,0,235,48,9,3,3,1,0,0,16,4,RH=Crude Sword|LH=Crude Sword|BD=Crude Armour|A1=Crude Bracelet|A2=Crude Bracelet,,0,-,party wiped
443,12787,1,Normal,26,3,3,3,0,37,37,0,0,30,0,1,1,0,3,1,1,3,3,0,0,168,8,8,8,2.667,0,1,1,4,1,,,0,-,floor1_town
443,12787,2,Normal,27,3,3,3,0,37,29,0,0,45,0,1,1,0,3,2,3,3,3,0,0,252,16,11,11,3.667,0,1,1,5,2,,,0,-,
443,12787,3,Normal,24,2,2,1,0,29,0,0,2,36,0,1,2,4,3,3,0,0,0,1,0,301,47,11,8,8,1,0,0,11,3,RH=Crude Sword|LH=Crude Sword|BD=Crude Armour|A1=Crude Bracelet|A2=Crude Bracelet,Swords_T1_03=1,0,-,party wiped; +1 levelup
444,12788,1,Normal,40,4,4,4,0,37,37,0,0,60,0,1,1,0,8,2,2,3,3,0,0,336,0,15,15,3.75,0,1,1,5,4,,,0,-,floor1_town
444,12788,2,Normal,32,4,4,4,0,37,20,0,1,60,0,1,2,0,5,3,4,0,0,1,0,336,31,15,15,3.75,0,1,1,6,3,,Swords_T1_03=1,0,-,+1 levelup
444,12788,3,Normal,32,4,4,4,0,20,43,1,1,120,0,2,2,6,7,6,0,2,3,3,0,600,45,20,20,5,0,1,1,9,1,,Swords_T1_03=3,0,-,
444,12788,4,Normal,31,4,4,3,1,43,38,1,1,40,0,2,2,0,3,3,0,3,3,2,0,224,49,14,13,4.333,0,1,1,11,1,,Swords_T1_03=2,0,-,flee×1
444,12788,5,Normal,32,3,3,2,1,38,12,1,3,40,0,2,3,0,3,3,0,0,0,3,0,252,28,10,9,4.5,0,1,1,11,4,,Swords_T1_03=3,0,-,+1 levelup; flee×1
444,12788,6,Normal,36,3,3,3,0,12,43,3,3,40,0,3,3,0,3,0,0,0,3,1,0,224,6,10,10,3.333,0,1,1,12,2,,Swords_T1_03=1,0,-,
444,12788,7,Normal,27,3,3,3,0,43,51,3,3,55,0,3,3,0,3,5,0,0,1,2,0,308,11,13,13,4.333,0,1,1,13,4,,Swords_T1_03=2,0,-,
444,12788,8,Normal,6,1,1,0,0,51,0,3,3,0,0,3,3,0,3,3,0,0,0,1,0,177,49,4,0,0,1,0,0,19,2,RH=Crude Sword|LH=Crude Sword|BD=Crude Armour|A1=Crude Bracelet|A2=Crude Bracelet,Swords_T1_03=1,0,-,party wiped
445,12789,1,Normal,38,6,6,5,1,37,37,0,0,60,0,1,1,0,11,5,0,3,3,0,0,420,37,23,18,3.6,0,1,1,7,1,,,0,-,floor1_town; flee×1
445,12789,2,Normal,36,4,4,4,0,37,45,0,2,45,0,1,2,0,3,0,2,0,3,0,0,252,24,9,9,2.25,0,1,1,9,4,,,0,-,+1 levelup
445,12789,3,Normal,22,3,3,2,0,45,0,2,2,36,0,2,2,2,0,3,0,0,0,2,0,240,43,8,6,3,1,0,0,9,4,RH=Crude Sword|LH=Crude Sword|BD=Crude Armour|A1=Crude Bracelet|A2=Crude Bracelet,Swords_T1_03=2,0,-,party wiped
446,12790,1,Normal,36,5,5,5,0,37,37,0,0,60,0,1,1,0,6,1,2,3,3,0,0,336,14,15,15,3,0,1,1,6,1,,,0,-,floor1_town
446,12790,2,Normal,26,3,3,3,0,37,37,0,0,25,0,1,1,0,0,0,4,3,3,0,0,140,0,5,5,1.667,0,1,1,6,3,,,0,-,
446,12790,3,Normal,36,3,3,3,0,37,44,0,2,72,0,1,2,1,4,3,5,0,0,1,0,360,0,11,11,3.667,0,1,1,18,3,,Swords_T1_03=1,0,-,+1 levelup
446,12790,4,Normal,13,2,2,1,0,44,0,2,2,20,0,2,2,5,0,0,0,0,0,2,0,223,42,11,5,5,1,0,0,18,4,RH=Crude Sword|LH=Crude Sword|BD=Crude Armour|A1=Crude Bracelet|A2=Crude Bracelet,Swords_T1_03=2,0,-,party wiped
447,12791,1,Normal,34,5,5,5,0,37,37,0,0,50,0,1,1,0,5,2,0,3,3,0,0,280,8,11,11,2.2,0,1,1,6,4,,,0,-,floor1_town
447,12791,2,Normal,33,3,3,3,0,37,37,0,0,30,0,1,1,0,2,0,1,3,3,0,0,168,8,7,7,2.333,0,1,1,7,1,,,0,-,
447,12791,3,Normal,12,2,2,1,0,37,0,0,3,24,0,1,2,2,3,3,0,0,0,0,0,243,45,10,5,5,1,0,0,13,3,RH=Crude Sword|LH=Crude Sword|BD=Crude Armour|A1=Crude Bracelet|A2=Crude Bracelet,,0,-,party wiped; +1 levelup
448,12792,1,Normal,32,3,3,3,0,37,37,0,0,35,0,1,1,0,3,3,1,3,3,0,0,196,8,11,11,3.667,0,1,1,4,1,,,0,-,floor1_town
448,12792,2,Normal,25,3,3,3,0,37,37,0,0,25,0,1,1,0,0,0,3,3,3,0,0,140,8,5,5,1.667,0,1,1,5,1,,,0,-,
448,12792,3,Normal,27,2,2,1,0,37,0,0,0,12,0,1,1,3,3,3,0,0,0,0,0,264,37,10,2,2,1,0,0,17,4,RH=Crude Sword|LH=Crude Sword|BD=Crude Armour|A1=Crude Bracelet|A2=Crude Bracelet,,0,-,party wiped
449,12793,1,Normal,30,5,5,5,0,37,37,0,0,45,0,1,1,0,2,0,0,3,3,0,0,252,22,11,11,2.2,0,1,1,6,1,,,0,-,floor1_town
449,12793,2,Normal,33,2,2,2,0,37,29,0,0,20,0,1,1,0,2,0,0,1,3,0,0,112,8,5,5,2.5,0,1,1,6,3,,,0,-,
449,12793,3,Normal,16,2,2,1,0,29,0,0,0,24,0,1,1,0,6,4,0,0,0,0,0,268,37,10,4,4,1,0,0,18,3,RH=Crude Sword|LH=Crude Sword|BD=Crude Armour|A1=Crude Bracelet|A2=Crude Bracelet,,0,-,party wiped
450,12794,1,Normal,28,4,4,4,0,37,37,0,0,45,0,1,1,0,5,3,1,3,3,0,0,252,22,15,15,3.75,0,1,1,5,1,,,0,-,floor1_town
450,12794,2,Normal,27,2,2,2,0,37,29,0,0,20,0,1,1,0,1,0,3,2,3,0,0,112,8,4,4,2,0,1,1,5,2,,,0,-,
450,12794,3,Normal,25,2,2,1,0,29,0,0,0,24,0,1,1,3,6,5,0,0,0,0,0,303,37,11,5,5,1,0,0,17,4,RH=Crude Sword|LH=Crude Sword|BD=Crude Armour|A1=Crude Bracelet|A2=Crude Bracelet,,0,-,party wiped
451,12795,1,Normal,26,3,3,3,0,37,37,0,0,20,0,1,1,0,1,0,2,3,3,0,0,112,0,4,4,1.333,0,1,1,4,1,,,0,-,floor1_town
451,12795,2,Normal,32,1,1,1,0,37,29,0,0,20,0,1,1,1,3,1,3,0,2,0,0,112,8,7,7,7,0,1,1,4,4,,,0,-,
451,12795,3,Normal,37,3,3,3,0,29,37,0,0,48,0,1,1,0,5,2,4,0,1,0,0,240,0,9,9,3,0,1,1,22,2,,,0,-,
451,12795,4,Normal,35,5,5,5,0,37,45,0,2,55,0,1,2,3,0,1,1,3,3,2,0,308,33,14,14,2.8,0,1,1,23,1,,Swords_T1_03=2,0,-,+1 levelup
451,12795,5,Normal,25,0,0,0,0,45,45,2,2,0,0,2,2,0,0,0,1,3,3,0,0,0,0,0,0,0,0,1,1,23,0,,,0,-,
451,12795,6,Normal,39,3,3,3,0,45,21,2,2,50,0,2,2,0,3,3,1,0,0,2,0,280,22,16,16,5.333,0,1,1,23,4,,Swords_T1_03=2,0,-,
451,12795,7,Normal,33,4,4,4,0,21,37,2,2,50,0,2,2,1,3,3,0,0,0,3,0,280,5,14,14,3.5,0,1,1,24,3,,Swords_T1_03=3,0,-,
451,12795,8,Normal,3,1,1,0,0,37,0,2,2,0,0,2,2,0,3,3,0,0,0,2,0,177,43,4,0,0,1,0,0,30,2,RH=Crude Sword|LH=Crude Sword|BD=Crude Armour|A1=Crude Bracelet|A2=Crude Bracelet,Swords_T1_03=2,0,-,party wiped
452,12796,1,Normal,40,3,3,3,0,37,37,0,0,40,0,1,1,0,4,1,1,3,3,0,0,224,0,9,9,3,0,1,1,4,1,,,0,-,floor1_town
452,12796,2,Normal,37,5,5,5,0,37,45,0,2,75,0,1,2,0,9,4,1,0,2,0,0,420,18,19,19,3.8,0,1,1,6,4,,,0,-,+1 levelup
452,12796,3,Normal,7,2,2,1,0,45,0,2,2,24,0,2,2,3,3,5,0,0,0,1,0,324,60,12,6,6,1,0,0,7,4,RH=Crude Sword|LH=Crude Sword|BD=Crude Armour|A1=Crude Bracelet|A2=Crude Bracelet,Swords_T1_03=1,0,-,party wiped
453,12797,1,Normal,38,6,6,6,0,37,37,0,0,70,0,1,1,0,6,5,2,3,3,0,0,392,32,19,19,3.167,0,1,1,7,2,,,0,-,floor1_town
453,12797,2,Normal,37,3,3,3,0,37,45,0,1,30,0,1,2,1,1,0,2,3,3,0,0,168,16,7,7,2.333,0,1,1,9,1,,,0,-,+1 levelup
453,12797,3,Normal,22,3,3,2,0,45,0,1,1,84,0,2,2,3,9,9,0,0,0,2,0,490,91,18,14,7,1,0,0,11,3,RH=Crude Sword|LH=Crude Sword|BD=Crude Armour|A1=Crude Bracelet|A2=Crude Bracelet,Swords_T1_03=2,0,-,party wiped
454,12798,1,Normal,36,2,2,2,0,37,37,0,0,25,0,1,1,0,1,0,0,3,3,0,0,140,16,6,6,3,0,1,1,3,2,,,0,-,floor1_town
454,12798,2,Normal,26,4,4,4,0,37,37,0,0,35,0,1,1,0,2,0,2,3,3,0,0,196,8,8,8,2,0,1,1,4,1,,,0,-,
454,12798,3,Normal,27,3,3,3,0,37,45,0,2,72,0,1,2,3,7,4,0,0,0,0,0,360,14,14,14,4.667,0,1,1,22,3,,,0,-,+1 levelup
454,12798,4,Normal,39,5,5,5,0,45,36,2,2,50,0,2,2,0,3,1,0,0,2,3,0,280,31,13,13,2.6,0,1,1,23,2,,Swords_T1_03=3,0,-,
454,12798,5,Normal,4,1,1,0,0,36,0,2,2,0,0,2,2,0,0,2,0,0,0,1,0,109,35,5,0,0,1,0,0,23,4,RH=Crude Sword|LH=Crude Sword|BD=Crude Armour|A1=Crude Bracelet|A2=Crude Bracelet,Swords_T1_03=1,0,-,party wiped
455,12799,1,Normal,34,4,4,4,0,37,37,0,0,50,0,1,1,0,4,0,2,3,3,0,0,280,8,11,11,2.75,0,1,1,5,2,,,0,-,floor1_town
455,12799,2,Normal,35,5,5,5,0,37,44,0,1,55,0,1,2,0,6,3,4,0,0,1,0,308,6,17,17,3.4,0,1,1,6,1,,Swords_T1_03=1,0,-,+1 levelup
455,12799,3,Normal,11,2,2,1,0,44,0,1,1,12,0,2,2,4,0,0,0,0,0,1,0,175,43,6,1,1,1,0,0,6,3,RH=Crude Sword|LH=Crude Sword|BD=Crude Armour|A1=Crude Bracelet|A2=Crude Bracelet,Swords_T1_03=1,0,-,party wiped
456,12800,1,Normal,32,4,4,4,0,37,37,0,0,45,0,1,1,0,6,3,0,3,3,0,0,252,24,14,14,3.5,0,1,1,5,1,,,0,-,floor1_town
456,12800,2,Normal,26,2,2,2,0,37,37,0,0,15,0,1,1,0,0,0,1,3,3,0,0,84,0,4,4,2,0,1,1,5,1,,,0,-,
456,12800,3,Normal,29,3,3,2,0,37,0,0,3,48,0,1,2,3,3,3,0,0,0,0,0,277,60,11,10,5,1,0,0,17,3,RH=Crude Sword|LH=Crude Sword|BD=Crude Armour|A1=Crude Bracelet|A2=Crude Bracelet,,0,-,party wiped; +1 levelup
457,12801,1,Normal,30,3,3,3,0,37,37,0,0,35,0,1,1,0,2,0,2,3,3,0,0,196,8,8,8,2.667,0,1,1,4,1,,,0,-,floor1_town
457,12801,2,Normal,38,5,5,5,0,37,44,0,1,75,0,1,2,2,5,3,1,0,0,1,0,420,15,20,20,4,0,1,1,5,2,,Swords_T1_03=1,0,-,+1 levelup
457,12801,3,Normal,21,3,3,2,0,44,0,1,1,24,0,2,2,3,0,0,0,0,0,4,0,240,40,7,2,1,1,0,0,5,3,RH=Crude Sword|LH=Crude Sword|BD=Crude Armour|A1=Crude Bracelet|A2=Crude Bracelet,Swords_T1_03=4,0,-,party wiped
458,12802,1,Normal,28,3,3,3,0,37,37,0,0,45,0,1,1,0,6,2,0,3,3,0,0,252,8,13,13,4.333,0,1,1,4,3,,,0,-,floor1_town
458,12802,2,Normal,26,2,2,2,0,37,37,0,0,20,0,1,1,0,0,0,0,3,3,0,0,112,8,5,5,2.5,0,1,1,5,2,,,0,-,
458,12802,3,Normal,37,5,5,5,0,37,4,0,3,96,0,1,2,2,5,3,0,0,0,2,0,480,67,15,15,3,0,1,1,23,2,,Swords_T1_03=2,0,-,+1 levelup
458,12802,4,Normal,27,5,5,5,0,4,21,3,3,70,0,2,2,0,3,3,0,0,0,2,0,392,22,18,18,3.6,0,1,1,24,3,,Swords_T1_03=2,0,-,
458,12802,5,Normal,34,3,3,3,0,21,44,3,3,45,0,2,2,0,4,2,0,2,3,3,0,252,11,13,13,4.333,0,1,1,26,2,,Swords_T1_03=3,0,-,
458,12802,6,Normal,39,6,6,4,2,44,12,3,5,55,0,2,3,0,5,6,0,0,0,9,0,420,73,26,21,5.25,0,1,1,27,3,,Swords_T1_03=4|Swords_T1_04=5,0,-,+1 levelup; flee×2
458,12802,7,Normal,31,4,4,4,0,12,54,5,5,50,0,3,3,0,3,1,0,0,2,2,0,280,-2,12,12,3,0,1,1,28,3,,Swords_T1_03=1|Swords_T1_04=1,0,-,
458,12802,8,Normal,7,1,1,0,0,54,0,5,5,0,0,3,3,0,3,0,0,0,3,0,0,68,54,2,0,0,1,0,0,34,3,RH=Crude Sword|LH=Crude Sword|BD=Crude Armour|A1=Crude Bracelet|A2=Crude Bracelet,,0,-,party wiped
459,12803,1,Normal,26,3,3,3,0,37,37,0,0,40,0,1,1,0,6,1,1,3,3,0,0,224,0,11,11,3.667,0,1,1,4,1,,,0,-,floor1_town
459,12803,2,Normal,32,5,5,5,0,37,37,0,0,55,0,1,1,1,3,3,0,3,3,0,0,308,16,16,16,3.2,0,1,1,5,1,,,0,-,
459,12803,3,Normal,19,4,4,3,0,37,0,0,2,72,0,1,2,2,6,6,0,0,0,2,0,444,58,15,12,4,1,0,0,12,4,RH=Crude Sword|LH=Crude Sword|BD=Crude Armour|A1=Crude Bracelet|A2=Crude Bracelet,Swords_T1_03=2,0,-,party wiped; +1 levelup
460,12804,1,Normal,40,6,6,6,0,37,37,0,0,30,0,1,1,0,0,0,0,3,3,0,0,168,6,7,7,1.167,0,1,1,7,1,,,0,-,floor1_town
460,12804,2,Normal,40,5,5,5,0,37,29,0,0,55,0,1,1,0,4,3,1,2,3,0,0,308,22,16,16,3.2,0,1,1,9,2,,,0,-,
460,12804,3,Normal,6,2,2,1,0,29,0,0,3,36,0,1,2,1,3,3,0,0,0,0,0,232,67,9,7,7,1,0,0,15,3,RH=Crude Sword|LH=Crude Sword|BD=Crude Armour|A1=Crude Bracelet|A2=Crude Bracelet,,0,-,party wiped; +1 levelup
461,12805,1,Normal,38,4,4,4,0,37,37,0,0,60,0,1,1,0,7,0,1,3,3,0,0,336,16,14,14,3.5,0,1,1,5,4,,,0,-,floor1_town
461,12805,2,Normal,39,4,4,4,0,37,45,0,3,40,0,1,2,0,2,0,1,3,3,0,0,224,8,11,11,2.75,0,1,1,6,2,,,0,-,+1 levelup
461,12805,3,Normal,35,3,3,3,0,45,44,3,3,36,0,2,2,0,3,1,3,0,2,2,0,180,-1,7,7,2.333,0,1,1,6,1,,Swords_T1_03=2,0,-,
461,12805,4,Normal,25,3,3,3,0,44,36,3,3,35,0,2,2,2,0,2,1,3,3,2,0,196,30,11,11,3.667,0,1,1,7,2,,Swords_T1_03=2,0,-,
461,12805,5,Normal,39,6,6,6,0,36,44,3,3,80,0,2,2,1,5,3,0,0,0,3,0,448,2,22,22,3.667,0,1,1,8,1,,Swords_T1_03=3,0,-,
461,12805,6,Normal,1,1,1,0,0,44,0,3,3,0,0,2,2,0,0,0,0,0,0,0,0,56,44,2,0,0,1,0,0,8,4,RH=Crude Sword|LH=Crude Sword|BD=Crude Armour|A1=Crude Bracelet|A2=Crude Bracelet,,0,-,party wiped
462,12806,1,Normal,36,5,5,5,0,37,37,0,0,55,0,1,1,0,2,0,2,3,3,0,0,308,34,12,12,2.4,0,1,1,6,4,,,0,-,floor1_town
462,12806,2,Normal,34,5,5,5,0,37,29,0,2,65,0,1,2,0,5,3,4,0,0,1,0,364,23,16,16,3.2,0,1,1,7,4,,Swords_T1_03=1,0,-,+1 levelup
462,12806,3,Normal,20,2,2,1,0,29,0,2,2,24,0,2,2,5,6,5,0,0,0,1,0,303,55,14,6,6,1,0,0,9,4,RH=Crude Sword|LH=Crude Sword|BD=Crude Armour|A1=Crude Bracelet|A2=Crude Bracelet,Swords_T1_03=1,0,-,party wiped
463,12807,1,Normal,34,4,4,4,0,37,37,0,0,50,0,1,1,0,3,0,1,3,3,0,0,280,16,10,10,2.5,0,1,1,5,3,,,0,-,floor1_town
463,12807,2,Normal,26,4,4,4,0,37,44,0,2,60,0,1,2,0,6,4,3,0,0,0,0,336,16,17,17,4.25,0,1,1,6,4,,,0,-,+1 levelup
463,12807,3,Normal,29,3,3,2,0,44,0,2,2,60,0,2,2,3,3,3,0,0,0,3,0,420,52,13,9,4.5,1,0,0,7,4,RH=Crude Sword|LH=Crude Sword|BD=Crude Armour|A1=Crude Bracelet|A2=Crude Bracelet,Swords_T1_03=3,0,-,party wiped
464,12808,1,Normal,32,4,4,4,0,37,37,0,0,45,0,1,1,0,4,0,2,3,3,0,0,252,18,10,10,2.5,0,1,1,5,1,,,0,-,floor1_town
464,12808,2,Normal,36,3,3,3,0,37,29,0,0,35,0,1,1,0,1,0,4,3,3,0,0,196,24,8,8,2.667,0,1,1,7,2,,,0,-,
464,12808,3,Normal,22,3,3,2,0,29,0,0,2,48,0,1,2,4,4,3,0,0,0,1,0,360,45,12,9,4.5,1,0,0,19,4,RH=Crude Sword|LH=Crude Sword|BD=Crude Armour|A1=Crude Bracelet|A2=Crude Bracelet,Swords_T1_03=1,0,-,party wiped; +1 levelup
465,12809,1,Normal,7,1,1,0,0,37,0,0,0,0,0,1,1,0,3,3,0,0,0,0,0,109,37,7,0,0,1,0,0,1,4,RH=Crude Sword|LH=Crude Sword|BD=Crude Armour|A1=Crude Bracelet|A2=Crude Bracelet,,0,-,floor1_town; party wiped
466,12810,1,Normal,28,4,4,4,0,37,37,0,0,40,0,1,1,0,3,2,2,3,3,0,0,224,0,11,11,2.75,0,1,1,5,1,,,0,-,floor1_town
466,12810,2,Normal,40,4,4,4,0,37,29,0,0,50,0,1,1,1,3,3,1,0,0,0,0,280,8,12,12,3,0,1,1,5,4,,,0,-,
466,12810,3,Normal,16,4,4,1,2,29,0,0,2,12,0,1,2,1,9,9,0,0,0,1,0,429,113,14,2,2,1,0,0,18,4,RH=Crude Sword|LH=Crude Sword|BD=Crude Armour|A1=Crude Bracelet|A2=Crude Bracelet,Swords_T1_03=1,0,-,party wiped; +1 levelup; flee×2
467,12811,1,Normal,26,2,2,2,0,37,37,0,0,25,0,1,1,0,3,0,0,3,3,0,0,140,16,7,7,3.5,0,1,1,3,3,,,0,-,floor1_town
467,12811,2,Normal,39,6,6,5,1,37,5,0,0,45,0,1,1,0,4,3,0,0,0,0,0,336,40,17,13,2.6,0,1,1,4,4,,,0,-,flee×1
467,12811,3,Normal,15,2,2,1,0,5,0,0,0,12,0,1,1,1,4,3,0,0,0,0,0,183,37,7,2,2,1,0,0,16,3,RH=Crude Sword|LH=Crude Sword|BD=Crude Armour|A1=Crude Bracelet|A2=Crude Bracelet,,0,-,party wiped
468,12812,1,Normal,40,4,4,4,0,37,37,0,0,50,0,1,1,0,6,2,1,3,3,0,0,280,8,16,16,4,0,1,1,5,1,,,0,-,floor1_town
468,12812,2,Normal,27,3,3,3,0,37,44,0,2,50,0,1,2,0,6,4,2,0,0,0,0,280,8,16,16,5.333,0,1,1,6,3,,,0,-,+1 levelup
468,12812,3,Normal,27,3,3,3,0,44,44,2,2,72,0,2,2,1,3,2,3,0,1,3,0,360,6,10,10,3.333,0,1,1,7,3,,Swords_T1_03=3,0,-,
468,12812,4,Normal,31,4,4,4,0,44,44,2,2,65,0,2,2,1,3,2,2,0,2,3,0,364,20,18,18,4.5,0,1,1,8,4,,Swords_T1_03=3,0,-,
468,12812,5,Normal,38,6,6,5,1,44,53,2,4,65,0,2,3,2,3,2,0,0,3,4,0,448,30,19,16,3.2,0,1,1,9,3,,Swords_T1_03=4,0,-,+1 levelup; flee×1
468,12812,6,Normal,38,4,4,3,1,53,11,4,4,30,0,3,3,0,0,3,0,0,0,2,0,196,40,11,9,3,0,1,1,9,3,,Swords_T1_03=1|Swords_T1_04=1,0,-,flee×1
468,12812,7,Normal,25,5,5,5,0,11,53,4,4,70,0,3,3,0,6,3,0,0,3,6,0,392,17,23,23,4.6,0,1,1,11,4,,Swords_T1_03=2|Swords_T1_04=4,0,-,
468,12812,8,Normal,21,1,1,0,0,53,0,4,4,0,0,3,3,0,3,2,0,0,1,1,0,54,51,2,0,0,1,0,0,17,3,RH=Crude Sword|LH=Crude Sword|BD=Crude Armour|A1=Crude Bracelet|A2=Crude Bracelet,Swords_T1_03=1,0,-,party wiped
469,12813,1,Normal,37,5,5,5,0,37,37,0,0,55,0,1,1,0,7,1,0,3,3,0,0,308,0,14,14,2.8,0,1,1,6,2,,,0,-,floor1_town
469,12813,2,Normal,27,1,1,1,0,37,29,0,0,5,0,1,1,0,0,0,2,3,3,0,0,28,8,2,2,2,0,1,1,6,1,,,0,-,
469,12813,3,Normal,4,1,1,0,0,29,0,0,0,0,0,1,1,1,3,3,1,0,0,0,0,112,37,3,0,0,1,0,0,12,4,RH=Crude Sword|LH=Crude Sword|BD=Crude Armour|A1=Crude Bracelet|A2=Crude Bracelet,,0,-,party wiped
470,12814,1,Normal,35,7,7,7,0,37,37,0,0,85,0,1,1,0,10,3,1,3,3,0,0,476,10,26,26,3.714,0,1,1,8,3,,,0,-,floor1_town
470,12814,2,Normal,30,2,2,2,0,37,32,0,2,35,0,1,2,0,3,2,2,0,1,1,0,196,12,8,8,4,0,1,1,8,3,,Swords_T1_03=1,0,-,+1 levelup
470,12814,3,Normal,3,1,1,0,0,32,0,2,2,0,0,2,2,2,3,3,0,0,0,1,0,129,44,4,0,0,1,0,0,9,4,RH=Crude Sword|LH=Crude Sword|BD=Crude Armour|A1=Crude Bracelet|A2=Crude Bracelet,Swords_T1_03=1,0,-,party wiped
471,12815,1,Normal,33,3,3,3,0,37,37,0,0,25,0,1,1,0,2,0,2,3,3,0,0,140,0,6,6,2,0,1,1,4,1,,,0,-,floor1_town
471,12815,2,Normal,28,3,3,3,0,37,37,0,0,20,0,1,1,0,1,0,4,2,3,0,0,112,0,4,4,1.333,0,1,1,4,1,,,0,-,
471,12815,3,Normal,19,2,2,1,0,37,0,0,0,12,0,1,1,3,3,3,2,0,0,0,0,148,37,7,2,2,1,0,0,16,4,RH=Crude Sword|LH=Crude Sword|BD=Crude Armour|A1=Crude Bracelet|A2=Crude Bracelet,,0,-,party wiped
472,12816,1,Normal,31,2,2,2,0,37,37,0,0,20,0,1,1,0,2,0,1,3,3,0,0,112,8,6,6,3,0,1,1,3,1,,,0,-,floor1_town
472,12816,2,Normal,25,3,3,3,0,37,37,0,0,25,0,1,1,0,3,0,3,0,3,0,0,140,0,6,6,2,0,1,1,3,1,,,0,-,
472,12816,3,Normal,22,2,2,1,0,37,0,0,0,24,0,1,1,2,6,5,3,0,0,0,0,240,37,9,4,4,1,0,0,15,3,RH=Crude Sword|LH=Crude Sword|BD=Crude Armour|A1=Crude Bracelet|A2=Crude Bracelet,,0,-,party wiped
473,12817,1,Normal,29,2,2,2,0,37,37,0,0,30,0,1,1,0,3,3,2,3,3,0,0,168,8,9,9,4.5,0,1,1,3,2,,,0,-,floor1_town
473,12817,2,Normal,37,3,3,3,0,37,31,0,0,55,0,1,1,4,3,3,0,0,0,0,0,308,6,18,18,6,0,1,1,3,3,,,0,-,
473,12817,3,Normal,24,2,2,1,0,31,0,0,3,24,0,1,2,0,3,3,0,0,0,1,0,240,44,7,4,4,1,0,0,9,3,RH=Crude Sword|LH=Crude Sword|BD=Crude Armour|A1=Crude Bracelet|A2=Crude Bracelet,Swords_T1_03=1,0,-,party wiped; +1 levelup
474,12818,1,Normal,27,2,2,2,0,37,37,0,0,30,0,1,1,0,4,0,1,3,3,0,0,168,8,9,9,4.5,0,1,1,3,2,,,0,-,floor1_town
474,12818,2,Normal,29,3,3,3,0,37,37,0,0,35,0,1,1,0,3,2,2,0,1,0,0,196,0,8,8,2.667,0,1,1,3,2,,,0,-,
474,12818,3,Normal,5,2,2,1,0,37,0,0,0,24,0,1,1,2,6,5,0,0,0,0,0,236,37,8,4,4,1,0,0,15,4,RH=Crude Sword|LH=Crude Sword|BD=Crude Armour|A1=Crude Bracelet|A2=Crude Bracelet,,0,-,party wiped
475,12819,1,Normal,25,1,1,1,0,37,37,0,0,5,0,1,1,0,0,0,2,3,3,0,0,28,0,1,1,1,0,1,1,2,1,,,0,-,floor1_town
475,12819,2,Normal,30,4,4,4,0,37,29,0,0,75,0,1,1,1,9,6,2,0,0,0,0,420,24,23,23,5.75,0,1,1,4,3,,,0,-,
475,12819,3,Normal,26,2,2,2,0,29,45,0,1,48,0,1,2,0,3,2,2,0,1,1,0,240,1,9,9,4.5,0,1,1,10,2,,Swords_T1_03=1,0,-,+1 levelup
475,12819,4,Normal,38,5,5,5,0,45,45,1,1,80,0,2,2,2,3,3,0,0,1,2,0,448,19,21,21,4.2,0,1,1,11,3,,Swords_T1_03=2,0,-,
475,12819,5,Normal,5,1,1,0,0,45,0,1,1,0,0,2,2,0,0,1,0,0,0,0,0,55,45,3,0,0,1,0,0,11,4,RH=Crude Sword|LH=Crude Sword|BD=Crude Armour|A1=Crude Bracelet|A2=Crude Bracelet,,0,-,party wiped
476,12820,1,Normal,39,5,5,5,0,37,37,0,0,50,0,1,1,0,4,2,0,3,3,0,0,280,14,12,12,2.4,0,1,1,6,2,,,0,-,floor1_town
476,12820,2,Normal,36,4,4,4,0,37,45,0,2,55,0,1,2,0,4,3,0,2,3,0,0,308,8,13,13,3.25,0,1,1,7,2,,,0,-,+1 levelup
476,12820,3,Normal,34,1,1,1,0,45,34,2,2,12,0,2,2,0,1,0,2,1,3,0,0,60,11,3,3,3,0,1,1,7,1,,,0,-,
476,12820,4,Normal,28,2,2,2,0,34,45,2,2,35,0,2,2,2,1,3,0,0,0,2,0,196,-13,10,10,5,0,1,1,7,4,,Swords_T1_03=2,0,-,
476,12820,5,Normal,31,3,3,3,0,45,37,2,2,25,0,2,2,0,0,0,0,3,3,1,0,140,22,6,6,2,0,1,1,8,2,,Swords_T1_03=1,0,-,
476,12820,6,Normal,28,3,3,3,0,37,35,2,2,35,0,2,2,0,3,0,0,0,3,3,0,196,-1,9,9,3,0,1,1,8,2,,Swords_T1_03=3,0,-,
476,12820,7,Normal,28,4,4,3,1,35,31,2,2,45,0,2,2,0,3,6,0,0,0,2,0,336,38,20,14,4.667,0,1,1,9,3,,Swords_T1_03=2,0,-,flee×1
476,12820,8,Normal,3,1,1,0,0,31,0,2,2,0,0,2,2,0,0,0,0,3,3,1,0,48,44,1,0,0,1,0,0,15,4,RH=Crude Sword|LH=Crude Sword|BD=Crude Armour|A1=Crude Bracelet|A2=Crude Bracelet,Swords_T1_03=1,0,-,party wiped
477,12821,1,Normal,37,6,6,6,0,37,37,0,0,75,0,1,1,0,7,5,2,3,3,0,0,420,24,20,20,3.333,0,1,1,7,3,,,0,-,floor1_town
477,12821,2,Normal,26,2,2,2,0,37,45,0,2,40,0,1,2,2,3,3,0,0,0,0,0,224,0,11,11,5.5,0,1,1,7,4,,,0,-,+1 levelup
477,12821,3,Normal,1,1,1,0,0,45,0,2,2,0,0,2,2,2,0,0,0,0,0,0,0,86,45,2,0,0,1,0,0,7,4,RH=Crude Sword|LH=Crude Sword|BD=Crude Armour|A1=Crude Bracelet|A2=Crude Bracelet,,0,-,party wiped
478,12822,1,Normal,35,3,3,3,0,37,37,0,0,30,0,1,1,0,2,0,0,3,3,0,0,168,16,8,8,2.667,0,1,1,4,2,,,0,-,floor1_town
478,12822,2,Normal,29,4,4,4,0,37,37,0,0,60,0,1,1,0,8,2,0,0,2,0,0,336,26,19,19,4.75,0,1,1,7,4,,,0,-,
478,12822,3,Normal,27,4,4,3,0,37,0,0,1,60,0,1,2,1,6,6,0,0,0,4,0,450,54,16,11,3.667,1,0,0,14,3,RH=Crude Sword|LH=Crude Sword|BD=Crude Armour|A1=Crude Bracelet|A2=Crude Bracelet,Swords_T1_03=4,0,-,party wiped; +1 levelup
479,12823,1,Normal,33,2,2,2,0,37,37,0,0,25,0,1,1,0,2,0,1,3,3,0,0,140,8,7,7,3.5,0,1,1,3,2,,,0,-,floor1_town
479,12823,2,Normal,29,3,3,2,0,37,0,0,0,30,0,1,1,1,3,3,0,0,0,0,0,249,37,11,8,4,1,0,0,3,4,RH=Crude Sword|LH=Crude Sword|BD=Crude Armour|A1=Crude Bracelet|A2=Crude Bracelet,,0,-,party wiped
480,12824,1,Normal,31,5,5,5,0,37,37,0,0,65,0,1,1,0,8,2,0,3,3,0,0,364,16,17,17,3.4,0,1,1,6,1,,,0,-,floor1_town
480,12824,2,Normal,36,2,2,2,0,37,46,0,2,35,0,1,2,0,5,1,2,0,2,0,0,196,16,11,11,5.5,0,1,1,7,4,,,0,-,+1 levelup
480,12824,3,Normal,12,2,2,1,0,46,0,2,2,36,0,2,2,4,3,5,0,0,0,2,0,307,86,10,7,7,1,0,0,8,4,RH=Crude Sword|LH=Crude Sword|BD=Crude Armour|A1=Crude Bracelet|A2=Crude Bracelet,Swords_T1_03=2,0,-,party wiped
481,12825,1,Normal,29,3,3,3,0,37,37,0,0,30,0,1,1,0,4,0,1,3,3,0,0,168,0,7,7,2.333,0,1,1,4,3,,,0,-,floor1_town
481,12825,2,Normal,38,4,4,4,0,37,37,0,0,50,0,1,1,0,3,3,2,3,3,0,0,280,16,13,13,3.25,0,1,1,6,1,,,0,-,
481,12825,3,Normal,9,2,2,1,0,37,0,0,2,24,0,1,2,2,3,3,0,0,0,1,0,330,44,10,4,4,1,0,0,12,4,RH=Crude Sword|LH=Crude Sword|BD=Crude Armour|A1=Crude Bracelet|A2=Crude Bracelet,Swords_T1_03=1,0,-,party wiped; +1 levelup
482,12826,1,Normal,27,4,4,4,0,37,37,0,0,60,0,1,1,0,7,3,2,3,3,0,0,336,29,15,15,3.75,0,1,1,5,2,,,0,-,floor1_town
482,12826,2,Normal,25,3,3,3,0,37,46,0,2,50,0,1,2,0,6,6,3,0,0,0,0,280,29,17,17,5.667,0,1,1,6,3,,,0,-,+1 levelup
482,12826,3,Normal,37,4,4,4,0,46,34,2,2,84,0,2,2,2,4,3,3,2,3,4,0,420,41,14,14,3.5,0,1,1,8,1,,Swords_T1_03=4,0,-,
482,12826,4,Normal,33,3,3,3,0,34,46,2,2,50,0,2,2,1,4,3,2,1,3,3,0,280,11,14,14,4.667,0,1,1,9,3,,Swords_T1_03=3,0,-,
482,12826,5,Normal,28,3,3,3,0,46,28,2,2,35,0,2,2,0,1,3,2,0,0,3,0,196,15,10,10,3.333,0,1,1,9,2,,Swords_T1_03=3,0,-,
482,12826,6,Normal,33,3,3,3,0,28,54,2,3,40,0,2,3,1,3,3,1,0,0,0,0,224,24,13,13,4.333,0,1,1,10,4,,,0,-,+1 levelup
482,12826,7,Normal,28,3,3,3,0,54,52,3,3,45,0,3,3,0,2,0,1,1,3,4,0,252,27,10,10,3.333,0,1,1,11,2,,Swords_T1_03=3|Swords_T1_04=1,0,-,
482,12826,8,Normal,8,1,1,0,0,52,0,3,3,0,0,3,3,1,3,3,0,0,0,1,0,180,52,4,0,0,1,0,0,17,2,RH=Crude Sword|LH=Crude Sword|BD=Crude Armour|A1=Crude Bracelet|A2=Crude Bracelet,Swords_T1_03=1,0,-,party wiped
483,12827,1,Normal,25,2,2,2,0,37,37,0,0,30,0,1,1,0,3,3,1,3,3,0,0,168,22,9,9,4.5,0,1,1,3,2,,,0,-,floor1_town
483,12827,2,Normal,38,4,4,4,0,37,29,0,0,35,0,1,1,0,1,0,2,2,3,0,0,196,16,7,7,1.75,0,1,1,4,2,,,0,-,
483,12827,3,Normal,5,1,1,0,0,29,0,0,0,0,0,1,1,2,3,3,0,0,0,0,0,138,37,4,0,0,1,0,0,10,4,RH=Crude Sword|LH=Crude Sword|BD=Crude Armour|A1=Crude Bracelet|A2=Crude Bracelet,,0,-,party wiped
484,12828,1,Normal,39,5,5,5,0,37,37,0,0,75,0,1,1,2,10,5,0,3,3,0,0,420,8,24,24,4.8,0,1,1,6,3,,,0,-,floor1_town
484,12828,2,Normal,26,2,2,2,0,37,37,0,0,10,0,1,1,0,0,0,2,3,3,0,0,56,0,2,2,1,0,1,1,6,1,,,0,-,
484,12828,3,Normal,32,2,2,2,0,37,9,0,2,60,0,1,2,2,3,3,0,0,0,1,0,300,64,10,10,5,0,1,1,12,2,,Swords_T1_03=1,0,-,+1 levelup
484,12828,4,Normal,35,6,6,6,0,9,37,2,2,55,0,2,2,0,3,0,0,3,3,0,0,308,21,14,14,2.333,0,1,1,14,2,,,0,-,
484,12828,5,Normal,39,2,2,1,1,37,4,2,2,20,0,2,2,0,3,3,0,0,0,1,0,196,32,10,5,5,0,1,1,14,4,,Swords_T1_03=1,0,-,flee×1
484,12828,6,Normal,33,2,2,2,0,4,45,2,2,25,0,2,2,0,2,0,0,2,3,1,0,140,12,6,6,3,0,1,1,16,2,,Swords_T1_03=1,0,-,
484,12828,7,Normal,28,3,3,3,0,45,36,2,2,40,0,2,2,0,2,3,0,0,0,2,0,224,7,12,12,4,0,1,1,16,1,,Swords_T1_03=2,0,-,
484,12828,8,Normal,2,1,1,0,0,36,0,2,2,0,0,2,2,0,0,0,0,3,3,0,0,28,45,1,0,0,1,0,0,22,4,RH=Crude Sword|LH=Crude Sword|BD=Crude Armour|A1=Crude Bracelet|A2=Crude Bracelet,,0,-,party wiped
485,12829,1,Normal,37,4,4,4,0,37,37,0,0,60,0,1,1,0,7,1,0,3,3,0,0,336,16,16,16,4,0,1,1,5,2,,,0,-,floor1_town
485,12829,2,Normal,40,4,4,4,0,37,46,0,1,50,0,1,2,0,5,2,1,1,3,0,0,280,8,13,13,3.25,0,1,1,6,3,,,0,-,+1 levelup
485,12829,3,Normal,28,4,4,4,0,46,41,1,1,132,0,2,2,2,10,8,0,0,1,4,0,660,66,23,23,5.75,0,1,1,9,2,,Swords_T1_03=4,0,-,
485,12829,4,Normal,27,4,4,4,0,41,39,1,1,50,0,2,2,0,3,1,0,0,3,2,0,280,24,13,13,3.25,0,1,1,10,1,,Swords_T1_03=2,0,-,
485,12829,5,Normal,37,3,3,3,0,39,14,1,4,35,0,2,3,0,0,3,0,0,0,3,0,196,30,10,10,3.333,0,1,1,10,4,,Swords_T1_03=2|Swords_T1_04=1,0,-,+1 levelup
485,12829,6,Normal,35,2,2,2,0,14,54,4,4,20,0,3,3,0,1,0,0,2,3,0,0,112,0,4,4,2,0,1,1,11,2,,,0,-,
485,12829,7,Normal,7,1,1,0,0,54,0,4,4,0,0,3,3,0,2,3,0,0,0,3,0,83,54,6,0,0,1,0,0,11,4,RH=Crude Sword|LH=Crude Sword|BD=Crude Armour|A1=Crude Bracelet|A2=Crude Bracelet,Swords_T1_04=3,0,-,party wiped
486,12830,1,Normal,35,3,3,3,0,37,37,0,0,40,0,1,1,0,5,2,2,3,3,0,0,224,8,11,11,3.667,0,1,1,4,2,,,0,-,floor1_town
486,12830,2,Normal,31,3,3,3,0,37,37,0,0,20,0,1,1,0,0,0,2,3,3,0,0,112,8,4,4,1.333,0,1,1,5,1,,,0,-,
486,12830,3,Normal,7,1,1,0,0,37,0,0,0,0,0,1,1,1,3,3,1,0,0,0,0,106,37,4,0,0,1,0,0,11,4,RH=Crude Sword|LH=Crude Sword|BD=Crude Armour|A1=Crude Bracelet|A2=Crude Bracelet,,0,-,party wiped
487,12831,1,Normal,33,1,1,1,0,37,37,0,0,5,0,1,1,0,0,0,0,3,3,0,0,28,0,1,1,1,0,1,1,2,1,,,0,-,floor1_town
487,12831,2,Normal,28,3,3,3,0,37,37,0,0,15,0,1,1,0,0,0,0,3,3,0,0,84,0,3,3,1,0,1,1,2,1,,,0,-,
487,12831,3,Normal,16,2,2,1,0,37,0,0,0,24,0,1,1,1,6,4,0,0,0,0,0,296,37,10,4,4,1,0,0,14,3,RH=Crude Sword|LH=Crude Sword|BD=Crude Armour|A1=Crude Bracelet|A2=Crude Bracelet,,0,-,party wiped
488,12832,1,Normal,31,5,5,5,0,37,37,0,0,70,0,1,1,0,12,4,2,3,3,0,0,392,16,23,23,4.6,0,1,1,6,3,,,0,-,floor1_town
488,12832,2,Normal,30,3,3,3,0,37,44,0,2,35,0,1,2,0,2,0,4,1,3,0,0,196,16,8,8,2.667,0,1,1,8,3,,,0,-,+1 levelup
488,12832,3,Normal,6,1,1,0,0,44,0,2,2,0,0,2,2,4,1,3,0,0,0,1,0,180,43,6,0,0,1,0,0,8,4,RH=Crude Sword|LH=Crude Sword|BD=Crude Armour|A1=Crude Bracelet|A2=Crude Bracelet,Swords_T1_03=1,0,-,party wiped
489,12833,1,Normal,29,2,2,2,0,37,37,0,0,25,0,1,1,0,3,3,0,3,3,0,0,140,0,7,7,3.5,0,1,1,3,4,,,0,-,floor1_town
489,12833,2,Normal,37,5,5,5,0,37,29,0,0,55,0,1,1,0,3,3,0,3,3,0,0,308,24,13,13,2.6,0,1,1,5,2,,,0,-,
489,12833,3,Normal,40,4,4,4,0,29,34,0,3,84,0,1,2,1,6,4,1,0,2,0,0,420,39,15,15,3.75,0,1,1,12,2,,,0,-,+1 levelup
489,12833,4,Normal,25,5,5,4,0,34,0,3,3,35,0,2,2,1,0,2,0,0,0,1,0,251,33,11,8,2,1,0,0,12,3,RH=Crude Sword|LH=Crude Sword|BD=Crude Armour|A1=Crude Bracelet|A2=Crude Bracelet,Swords_T1_03=1,0,-,party wiped
490,12834,1,Normal,27,2,2,2,0,37,37,0,0,35,0,1,1,0,6,5,1,3,3,0,0,196,8,13,13,6.5,0,1,1,3,3,,,0,-,floor1_town
490,12834,2,Normal,26,1,1,1,0,37,37,0,0,5,0,1,1,0,1,0,2,2,3,0,0,28,0,2,2,2,0,1,1,3,1,,,0,-,
490,12834,3,Normal,1,1,1,0,0,37,0,0,0,0,0,1,1,2,3,3,0,0,0,0,0,163,37,5,0,0,1,0,0,9,4,RH=Crude Sword|LH=Crude Sword|BD=Crude Armour|A1=Crude Bracelet|A2=Crude Bracelet,,0,-,party wiped
491,12835,1,Normal,25,3,3,3,0,37,37,0,0,25,0,1,1,0,3,0,0,3,3,0,0,140,0,6,6,2,0,1,1,4,1,,,0,-,floor1_town
491,12835,2,Normal,35,2,2,2,0,37,37,0,0,25,0,1,1,0,3,3,0,0,0,0,0,140,0,7,7,3.5,0,1,1,4,4,,,0,-,
491,12835,3,Normal,31,2,2,2,0,37,2,0,0,48,0,1,1,1,4,3,0,0,0,0,0,240,35,8,8,4,0,1,1,16,3,,,0,-,
491,12835,4,Normal,33,4,4,4,0,2,15,0,2,45,0,1,2,0,3,3,0,0,0,1,0,252,29,15,15,3.75,0,1,1,17,4,,Swords_T1_03=1,0,-,+1 levelup
491,12835,5,Normal,31,3,3,3,0,15,45,2,2,45,0,2,2,0,3,2,0,0,1,2,0,252,-2,12,12,4,0,1,1,18,3,,Swords_T1_03=2,0,-,
491,12835,6,Normal,25,2,2,2,0,45,44,2,2,15,0,2,2,0,0,0,0,0,1,1,0,84,0,3,3,1.5,0,1,1,18,2,,Swords_T1_03=1,0,-,
491,12835,7,Normal,26,3,3,2,1,44,11,2,2,15,0,2,2,0,0,1,0,0,0,1,0,140,32,6,3,1.5,0,1,1,18,3,,Swords_T1_03=1,0,-,flee×1
491,12835,8,Normal,10,1,1,0,0,11,0,2,2,0,0,2,2,0,0,0,0,3,3,1,0,63,44,1,0,0,1,0,0,24,1,RH=Crude Sword|LH=Crude Sword|BD=Crude Armour|A1=Crude Bracelet|A2=Crude Bracelet,Swords_T1_03=1,0,-,party wiped
492,12836,1,Normal,39,6,6,6,0,37,37,0,0,65,0,1,1,0,6,0,1,3,3,0,0,364,16,16,16,2.667,0,1,1,7,2,,,0,-,floor1_town
492,12836,2,Normal,26,3,3,3,0,37,29,0,0,25,0,1,1,0,2,0,1,1,3,0,0,140,8,7,7,2.333,0,1,1,7,2,,,0,-,
492,12836,3,Normal,8,2,2,1,0,29,0,0,3,12,0,1,2,1,3,3,0,0,0,0,0,187,45,6,2,2,1,0,0,13,4,RH=Crude Sword|LH=Crude Sword|BD=Crude Armour|A1=Crude Bracelet|A2=Crude Bracelet,,0,-,party wiped; +1 levelup
493,12837,1,Normal,37,5,5,5,0,37,37,0,0,45,0,1,1,0,3,0,2,3,3,0,0,252,14,11,11,2.2,0,1,1,6,1,,,0,-,floor1_town
493,12837,2,Normal,35,5,5,5,0,37,45,0,1,70,0,1,2,2,6,4,1,0,2,0,0,392,24,21,21,4.2,0,1,1,8,4,,,0,-,+1 levelup
493,12837,3,Normal,10,2,2,1,0,45,0,1,1,12,0,2,2,2,0,2,0,0,0,2,0,180,43,5,1,1,1,0,0,8,4,RH=Crude Sword|LH=Crude Sword|BD=Crude Armour|A1=Crude Bracelet|A2=Crude Bracelet,Swords_T1_03=2,0,-,party wiped
494,12838,1,Normal,35,5,5,5,0,37,37,0,0,65,0,1,1,0,6,5,1,3,3,0,0,364,16,19,19,3.8,0,1,1,6,4,,,0,-,floor1_town
494,12838,2,Normal,33,2,2,2,0,37,37,0,0,10,0,1,1,0,0,0,2,3,3,0,0,56,0,2,2,1,0,1,1,6,1,,,0,-,
494,12838,3,Normal,35,3,3,3,0,37,44,0,3,60,0,1,2,1,5,3,1,0,0,0,0,300,25,12,12,4,0,1,1,24,3,,,0,-,+1 levelup
494,12838,4,Normal,19,4,4,2,1,44,0,3,3,30,0,2,2,1,3,3,0,0,0,3,0,334,82,13,6,3,1,0,0,25,4,RH=Crude Sword|LH=Crude Sword|BD=Crude Armour|A1=Crude Bracelet|A2=Crude Bracelet,Swords_T1_03=3,0,-,party wiped; flee×1
495,12839,1,Normal,33,4,4,4,0,37,37,0,0,60,0,1,1,1,7,5,1,3,3,0,0,336,16,20,20,5,0,1,1,5,2,,,0,-,floor1_town
495,12839,2,Normal,30,5,5,5,0,37,44,0,3,60,0,1,2,0,4,0,3,0,3,1,0,336,29,16,16,3.2,0,1,1,8,3,,Swords_T1_03=1,0,-,+1 levelup
495,12839,3,Normal,11,2,2,1,0,44,0,3,3,12,0,2,2,3,0,3,0,0,0,2,0,217,42,5,1,1,1,0,0,8,4,RH=Crude Sword|LH=Crude Sword|BD=Crude Armour|A1=Crude Bracelet|A2=Crude Bracelet,Swords_T1_03=2,0,-,party wiped
496,12840,1,Normal,31,4,4,4,0,37,37,0,0,50,0,1,1,0,6,1,0,3,3,0,0,280,16,14,14,3.5,0,1,1,5,3,,,0,-,floor1_town
496,12840,2,Normal,29,4,4,4,0,37,37,0,0,35,0,1,1,0,2,0,2,1,3,0,0,196,8,7,7,1.75,0,1,1,6,3,,,0,-,
496,12840,3,Normal,1,1,1,0,0,37,0,0,0,0,0,1,1,0,3,3,2,0,0,0,0,88,37,5,0,0,1,0,0,12,3,RH=Crude Sword|LH=Crude Sword|BD=Crude Armour|A1=Crude Bracelet|A2=Crude Bracelet,,0,-,party wiped
497,12841,1,Normal,29,4,4,4,0,37,37,0,0,40,0,1,1,0,4,1,2,3,3,0,0,224,0,9,9,2.25,0,1,1,5,4,,,0,-,floor1_town
497,12841,2,Normal,31,1,1,1,0,37,37,0,0,15,0,1,1,0,2,0,3,1,3,0,0,84,0,4,4,4,0,1,1,5,3,,,0,-,
497,12841,3,Normal,3,1,1,0,0,37,0,0,0,0,0,1,1,1,3,3,3,0,0,0,0,120,37,6,0,0,1,0,0,11,3,RH=Crude Sword|LH=Crude Sword|BD=Crude Armour|A1=Crude Bracelet|A2=Crude Bracelet,,0,-,party wiped
498,12842,1,Normal,27,5,5,5,0,37,37,0,0,70,0,1,1,0,8,0,0,3,3,0,0,392,24,18,18,3.6,0,1,1,6,3,,,0,-,floor1_town
498,12842,2,Normal,31,3,3,3,0,37,45,0,2,30,0,1,2,0,3,0,1,0,3,0,0,168,0,7,7,2.333,0,1,1,6,3,,,0,-,+1 levelup
498,12842,3,Normal,4,1,1,0,0,45,0,2,2,0,0,2,2,3,0,3,0,0,0,1,0,183,44,5,0,0,1,0,0,6,4,RH=Crude Sword|LH=Crude Sword|BD=Crude Armour|A1=Crude Bracelet|A2=Crude Bracelet,Swords_T1_03=1,0,-,party wiped
499,12843,1,Normal,25,3,3,3,0,37,37,0,0,20,0,1,1,0,0,0,1,3,3,0,0,112,8,4,4,1.333,0,1,1,4,1,,,0,-,floor1_town
499,12843,2,Normal,27,4,4,3,1,37,37,0,0,35,0,1,1,1,3,3,0,3,3,0,0,280,39,13,9,3,0,1,1,6,1,,,0,-,flee×1
499,12843,3,Normal,9,1,1,0,0,37,0,0,0,0,0,1,1,2,3,3,0,0,0,0,0,123,37,5,0,0,1,0,0,12,4,RH=Crude Sword|LH=Crude Sword|BD=Crude Armour|A1=Crude Bracelet|A2=Crude Bracelet,,0,-,party wiped
500,12844,1,Normal,39,4,4,4,0,37,37,0,0,55,0,1,1,0,6,2,0,3,3,0,0,308,24,13,13,3.25,0,1,1,5,2,,,0,-,floor1_town
500,12844,2,Normal,27,2,2,2,0,37,29,0,0,25,0,1,1,0,3,2,2,0,1,0,0,140,8,7,7,3.5,0,1,1,5,4,,,0,-,
500,12844,3,Normal,33,5,5,5,0,29,46,0,3,96,0,1,2,3,7,4,0,0,2,2,0,480,24,16,16,3.2,0,1,1,18,2,,Swords_T1_03=2,0,-,+1 levelup
500,12844,4,Normal,33,5,5,4,1,46,45,3,3,35,0,2,2,0,0,2,0,3,3,4,0,252,33,10,8,2,0,1,1,19,1,,Swords_T1_03=4,0,-,flee×1
500,12844,5,Normal,25,2,2,2,0,45,46,3,3,30,0,2,2,0,3,3,0,0,0,1,0,168,12,10,10,5,0,1,1,19,3,,Swords_T1_03=1,0,-,
500,12844,6,Normal,7,1,1,0,0,46,0,3,3,0,0,2,2,0,0,0,0,0,0,0,0,82,46,3,0,0,1,0,0,19,4,RH=Crude Sword|LH=Crude Sword|BD=Crude Armour|A1=Crude Bracelet|A2=Crude Bracelet,,0,-,party wiped
501,12845,1,Normal,37,5,5,5,0,37,37,0,0,45,0,1,1,0,3,1,1,3,3,0,0,252,26,11,11,2.2,0,1,1,6,1,,,0,-,floor1_town
501,12845,2,Normal,36,4,4,3,1,37,3,0,0,40,0,1,1,3,3,3,0,0,0,0,0,308,34,19,14,4.667,0,1,1,6,4,,,0,-,flee×1
501,12845,3,Normal,25,3,3,3,0,3,24,0,3,60,0,1,2,2,3,3,0,0,0,1,0,300,20,10,10,3.333,0,1,1,12,2,,Swords_T1_03=1,0,-,+1 levelup
501,12845,4,Normal,38,3,3,3,0,24,44,3,3,35,0,2,2,0,3,1,0,0,2,2,0,196,-1,9,9,3,0,1,1,13,1,,Swords_T1_03=2,0,-,
501,12845,5,Normal,35,4,4,4,0,44,24,3,3,40,0,2,2,0,0,2,0,0,0,2,0,224,18,10,10,2.5,0,1,1,13,2,,Swords_T1_03=2,0,-,
501,12845,6,Normal,29,2,2,2,0,24,45,3,3,25,0,2,2,0,3,2,0,0,1,1,0,140,-1,7,7,3.5,0,1,1,14,4,,Swords_T1_03=1,0,-,
501,12845,7,Normal,2,1,1,0,0,45,0,3,3,0,0,2,2,0,0,1,0,0,0,0,0,81,45,3,0,0,1,0,0,14,4,RH=Crude Sword|LH=Crude Sword|BD=Crude Armour|A1=Crude Bracelet|A2=Crude Bracelet,,0,-,party wiped
502,12846,1,Normal,35,4,4,4,0,37,37,0,0,55,0,1,1,0,8,3,2,3,3,0,0,308,16,15,15,3.75,0,1,1,5,3,,,0,-,floor1_town
502,12846,2,Normal,26,1,1,1,0,37,29,0,0,10,0,1,1,0,0,0,4,3,3,0,0,56,8,2,2,2,0,1,1,5,2,,,0,-,
502,12846,3,Normal,13,3,3,2,0,29,0,0,0,24,0,1,1,1,4,3,4,0,0,0,0,268,48,10,5,2.5,1,0,0,23,3,RH=Crude Sword|LH=Crude Sword|BD=Crude Armour|A1=Crude Bracelet|A2=Crude Bracelet,,0,-,party wiped
503,12847,1,Normal,33,2,2,2,0,37,37,0,0,30,0,1,1,0,4,2,1,3,3,0,0,168,0,8,8,4,0,1,1,3,4,,,0,-,floor1_town
503,12847,2,Normal,31,3,3,3,0,37,29,0,0,35,0,1,1,0,2,0,1,2,3,0,0,196,16,8,8,2.667,0,1,1,4,3,,,0,-,
503,12847,3,Normal,29,4,4,3,0,29,0,0,2,72,0,1,2,2,9,7,0,0,0,2,0,536,64,18,12,4,1,0,0,17,4,RH=Crude Sword|LH=Crude Sword|BD=Crude Armour|A1=Crude Bracelet|A2=Crude Bracelet,Swords_T1_03=2,0,-,party wiped; +1 levelup
504,12848,1,Normal,31,5,5,5,0,37,37,0,0,70,0,1,1,0,7,2,2,3,3,0,0,392,24,19,19,3.8,0,1,1,6,4,,,0,-,floor1_town
504,12848,2,Normal,26,2,2,2,0,37,29,0,0,20,0,1,1,0,2,0,2,1,3,0,0,112,8,5,5,2.5,0,1,1,6,3,,,0,-,
504,12848,3,Normal,30,3,3,2,1,29,31,0,2,48,0,1,2,2,6,6,0,0,0,2,0,360,52,13,9,4.5,0,1,1,13,3,,Swords_T1_03=2,0,-,+1 levelup; flee×1
504,12848,4,Normal,34,5,5,5,0,31,45,2,2,70,0,2,2,0,6,3,0,0,3,3,0,392,25,24,24,4.8,0,1,1,15,2,,Swords_T1_03=3,0,-,
504,12848,5,Normal,34,5,5,5,0,45,37,2,2,65,0,2,2,0,3,3,0,0,3,3,0,364,29,18,18,3.6,0,1,1,16,3,,Swords_T1_03=3,0,-,
504,12848,6,Normal,30,3,3,3,0,37,52,2,4,30,0,2,3,0,0,3,0,3,3,2,0,168,4,7,7,2.333,0,1,1,17,1,,Swords_T1_03=2,0,-,+1 levelup
504,12848,7,Normal,28,4,4,4,0,52,52,4,4,55,0,3,3,0,3,3,0,0,0,3,0,308,-2,14,14,3.5,0,1,1,17,3,,Swords_T1_03=1|Swords_T1_04=2,0,-,
504,12848,8,Normal,11,1,1,0,0,52,0,4,4,0,0,3,3,0,3,0,0,0,3,2,0,205,48,4,0,0,1,0,0,23,2,RH=Crude Sword|LH=Crude Sword|BD=Crude Armour|A1=Crude Bracelet|A2=Crude Bracelet,Swords_T1_03=2,0,-,party wiped
505,12849,1,Normal,29,2,2,2,0,37,37,0,0,35,0,1,1,0,5,3,1,3,3,0,0,196,0,11,11,5.5,0,1,1,3,4,,,0,-,floor1_town
505,12849,2,Normal,27,2,2,2,0,37,29,0,0,20,0,1,1,0,0,0,3,3,3,0,0,112,16,4,4,2,0,1,1,4,2,,,0,-,
505,12849,3,Normal,31,4,4,4,0,29,10,0,1,108,0,1,2,4,6,4,0,0,0,2,0,540,34,18,18,4.5,0,1,1,16,2,,Swords_T1_03=2,0,-,+1 levelup
505,12849,4,Normal,26,4,4,3,0,10,0,1,1,40,0,2,2,0,3,3,0,0,0,2,0,280,44,17,15,5,1,0,0,17,4,RH=Crude Sword|LH=Crude Sword|BD=Crude Armour|A1=Crude Bracelet|A2=Crude Bracelet,Swords_T1_03=2,0,-,party wiped
506,12850,1,Normal,27,4,4,4,0,37,37,0,0,45,0,1,1,0,3,0,2,3,3,0,0,252,8,10,10,2.5,0,1,1,5,3,,,0,-,floor1_town
506,12850,2,Normal,25,2,2,2,0,37,29,0,0,30,0,1,1,0,2,0,3,3,3,0,0,168,16,7,7,3.5,0,1,1,6,2,,,0,-,
506,12850,3,Normal,14,1,1,0,0,29,0,0,0,0,0,1,1,0,3,3,4,0,0,0,0,98,37,3,0,0,1,0,0,12,4,RH=Crude Sword|LH=Crude Sword|BD=Crude Armour|A1=Crude Bracelet|A2=Crude Bracelet,,0,-,party wiped
507,12851,1,Normal,25,3,3,3,0,37,37,0,0,25,0,1,1,0,2,0,0,3,3,0,0,140,22,9,9,3,0,1,1,4,2,,,0,-,floor1_town
507,12851,2,Normal,40,3,3,3,0,37,37,0,0,35,0,1,1,0,4,0,2,0,3,0,0,196,8,8,8,2.667,0,1,1,5,3,,,0,-,
507,12851,3,Normal,22,5,5,4,0,37,0,0,2,72,0,1,2,2,6,3,0,0,0,1,0,420,59,15,13,3.25,1,0,0,29,4,RH=Crude Sword|LH=Crude Sword|BD=Crude Armour|A1=Crude Bracelet|A2=Crude Bracelet,Swords_T1_03=1,0,-,party wiped; +1 levelup
508,12852,1,Normal,39,5,5,5,0,37,37,0,0,65,0,1,1,0,7,1,2,3,3,0,0,364,0,15,15,3,0,1,1,6,1,,,0,-,floor1_town
508,12852,2,Normal,28,3,3,3,0,37,46,0,1,40,0,1,2,0,4,2,3,2,3,0,0,224,16,11,11,3.667,0,1,1,7,2,,,0,-,+1 levelup
508,12852,3,Normal,26,4,4,3,0,46,0,1,1,60,0,2,2,4,5,6,0,0,0,3,0,504,56,18,9,3,1,0,0,8,4,RH=Crude Sword|LH=Crude Sword|BD=Crude Armour|A1=Crude Bracelet|A2=Crude Bracelet,Swords_T1_03=3,0,-,party wiped
509,12853,1,Normal,37,6,6,6,0,37,37,0,0,50,0,1,1,0,5,0,0,3,3,0,0,280,14,13,13,2.167,0,1,1,7,1,,,0,-,floor1_town
509,12853,2,Normal,35,5,5,5,0,37,37,0,0,40,0,1,1,0,2,0,2,1,3,0,0,224,0,8,8,1.6,0,1,1,7,2,,,0,-,
509,12853,3,Normal,33,3,3,3,0,37,45,0,1,96,0,1,2,3,6,5,0,0,1,2,0,480,16,16,16,5.333,0,1,1,14,3,,Swords_T1_03=2,0,-,+1 levelup
509,12853,4,Normal,25,2,2,1,1,45,37,1,1,10,0,2,2,0,0,1,0,3,3,0,0,112,42,4,2,2,0,1,1,15,2,,,0,-,flee×1
509,12853,5,Normal,6,2,2,1,0,37,0,1,1,20,0,2,2,0,3,3,0,0,0,1,0,167,36,10,7,7,1,0,0,15,4,RH=Crude Sword|LH=Crude Sword|BD=Crude Armour|A1=Crude Bracelet|A2=Crude Bracelet,Swords_T1_03=1,0,-,party wiped
510,12854,1,Normal,35,4,4,4,0,37,37,0,0,50,0,1,1,0,6,1,1,3,3,0,0,280,16,13,13,3.25,0,1,1,5,4,,,0,-,floor1_town
510,12854,2,Normal,25,4,4,4,0,37,44,0,2,60,0,1,2,1,9,4,2,0,2,0,0,336,16,20,20,5,0,1,1,7,3,,,0,-,+1 levelup
510,12854,3,Normal,19,2,2,1,0,44,0,2,2,12,0,2,2,0,0,2,2,0,0,2,0,148,42,3,1,1,1,0,0,7,4,RH=Crude Sword|LH=Crude Sword|BD=Crude Armour|A1=Crude Bracelet|A2=Crude Bracelet,Swords_T1_03=2,0,-,party wiped
511,12855,1,Normal,33,5,5,5,0,37,37,0,0,45,0,1,1,0,3,0,0,3,3,0,0,252,0,9,9,1.8,0,1,1,6,1,,,0,-,floor1_town
511,12855,2,Normal,37,4,4,4,0,37,44,0,3,60,0,1,2,0,6,1,1,0,2,0,0,336,16,15,15,3.75,0,1,1,7,2,,,0,-,+1 levelup
511,12855,3,Normal,12,1,1,0,0,44,0,3,3,0,0,2,2,2,0,2,0,0,0,0,0,29,44,3,0,0,1,0,0,7,4,RH=Crude Sword|LH=Crude Sword|BD=Crude Armour|A1=Crude Bracelet|A2=Crude Bracelet,,0,-,party wiped
512,12856,1,Normal,31,3,3,3,0,37,37,0,0,20,0,1,1,0,1,0,1,3,3,0,0,112,8,5,5,1.667,0,1,1,4,1,,,0,-,floor1_town
512,12856,2,Normal,32,5,5,5,0,37,11,0,0,70,0,1,1,1,6,3,0,0,0,0,0,392,44,19,19,3.8,0,1,1,6,4,,,0,-,
512,12856,3,Normal,32,4,4,1,2,11,0,0,3,12,0,1,2,2,9,9,0,0,0,2,0,438,115,14,2,2,1,0,0,19,4,RH=Crude Sword|LH=Crude Sword|BD=Crude Armour|A1=Crude Bracelet|A2=Crude Bracelet,Swords_T1_03=2,0,-,party wiped; +1 levelup; flee×2
513,12857,1,Normal,29,2,2,2,0,37,37,0,0,25,0,1,1,0,3,2,2,3,3,0,0,140,8,7,7,3.5,0,1,1,3,4,,,0,-,floor1_town
513,12857,2,Normal,26,3,3,3,0,37,37,0,0,35,0,1,1,0,3,2,3,0,1,0,0,196,0,10,10,3.333,0,1,1,3,1,,,0,-,
513,12857,3,Normal,26,2,2,2,0,37,44,0,1,48,0,1,2,2,4,3,3,0,0,0,0,240,21,9,9,4.5,0,1,1,15,3,,,0,-,+1 levelup
513,12857,4,Normal,40,1,1,1,0,44,34,1,1,20,0,2,2,2,0,0,1,0,0,1,0,112,9,5,5,5,0,1,1,15,4,,Swords_T1_03=1,0,-,
513,12857,5,Normal,37,4,4,4,0,34,44,1,1,55,0,2,2,1,3,0,0,0,3,3,0,308,17,14,14,3.5,0,1,1,16,4,,Swords_T1_03=3,0,-,
513,12857,6,Normal,37,2,2,1,1,44,2,1,1,5,0,2,2,0,0,3,0,0,0,1,0,112,41,6,1,1,0,1,1,16,4,,Swords_T1_03=1,0,-,flee×1
513,12857,7,Normal,32,4,4,4,0,2,44,1,1,50,0,2,2,0,3,3,0,0,0,2,0,280,-2,12,12,3,0,1,1,17,4,,Swords_T1_03=2,0,-,
513,12857,8,Normal,7,1,1,0,0,44,0,1,1,0,0,2,2,0,0,0,0,3,3,1,0,63,43,1,0,0,1,0,0,23,2,RH=Crude Sword|LH=Crude Sword|BD=Crude Armour|A1=Crude Bracelet|A2=Crude Bracelet,Swords_T1_03=1,0,-,party wiped
514,12858,1,Normal,27,2,2,2,0,37,37,0,0,30,0,1,1,0,3,0,1,3,3,0,0,168,0,7,7,3.5,0,1,1,3,3,,,0,-,floor1_town
514,12858,2,Normal,35,4,4,4,0,37,37,0,0,65,0,1,1,0,7,1,3,2,3,0,0,364,16,17,17,4.25,0,1,1,5,2,,,0,-,
514,12858,3,Normal,27,2,2,1,1,37,8,0,2,48,0,1,2,5,3,3,0,0,0,1,0,300,50,10,9,9,0,1,1,11,3,,Swords_T1_03=1,0,-,+1 levelup; flee×1
514,12858,4,Normal,29,2,2,2,0,8,43,2,2,10,0,2,2,0,0,0,0,3,3,1,0,56,0,2,2,1,0,1,1,12,1,,Swords_T1_03=1,0,-,
514,12858,5,Normal,33,0,0,0,0,43,43,2,2,0,0,2,2,0,0,0,0,3,3,0,0,0,0,0,0,0,0,1,1,12,0,,,0,-,
514,12858,6,Normal,26,3,3,2,1,43,13,2,2,25,0,2,2,0,3,3,0,0,0,3,0,168,27,10,9,4.5,0,1,1,12,4,,Swords_T1_03=3,0,-,flee×1
514,12858,7,Normal,33,3,3,3,0,13,36,2,2,30,0,2,2,0,2,0,0,1,3,2,0,168,6,8,8,2.667,0,1,1,13,3,,Swords_T1_03=2,0,-,
514,12858,8,Normal,11,1,1,0,0,36,0,2,2,0,0,2,2,0,3,1,0,0,2,1,0,76,43,2,0,0,1,0,0,19,3,RH=Crude Sword|LH=Crude Sword|BD=Crude Armour|A1=Crude Bracelet|A2=Crude Bracelet,Swords_T1_03=1,0,-,party wiped
515,12859,1,Normal,25,2,2,2,0,37,37,0,0,25,0,1,1,0,3,3,2,3,3,0,0,140,0,7,7,3.5,0,1,1,3,1,,,0,-,floor1_town
515,12859,2,Normal,35,5,5,5,0,37,31,0,3,85,0,1,2,3,6,6,0,0,0,1,0,476,53,25,25,5,0,1,1,4,2,,Swords_T1_03=1,0,-,+1 levelup
515,12859,3,Normal,1,1,1,0,0,31,0,3,3,0,0,2,2,1,3,3,0,0,0,1,0,180,44,6,0,0,1,0,0,5,4,RH=Crude Sword|LH=Crude Sword|BD=Crude Armour|A1=Crude Bracelet|A2=Crude Bracelet,Swords_T1_03=1,0,-,party wiped
516,12860,1,Normal,39,4,4,4,0,37,37,0,0,60,0,1,1,0,9,2,0,3,3,0,0,336,0,19,19,4.75,0,1,1,5,3,,,0,-,floor1_town
516,12860,2,Normal,29,5,5,5,0,37,45,0,2,55,0,1,2,0,3,3,1,0,0,0,0,308,24,16,16,3.2,0,1,1,7,1,,,0,-,+1 levelup
516,12860,3,Normal,21,3,3,2,0,45,0,2,2,48,0,2,2,1,6,3,0,0,0,2,0,360,81,12,8,4,1,0,0,9,4,RH=Crude Sword|LH=Crude Sword|BD=Crude Armour|A1=Crude Bracelet|A2=Crude Bracelet,Swords_T1_03=2,0,-,party wiped
517,12861,1,Normal,37,3,3,3,0,37,37,0,0,50,0,1,1,0,7,3,2,3,3,0,0,280,13,14,14,4.667,0,1,1,4,4,,,0,-,floor1_town
517,12861,2,Normal,25,3,3,3,0,37,29,0,0,40,0,1,1,0,5,1,2,1,3,0,0,224,16,12,12,4,0,1,1,5,2,,,0,-,
517,12861,3,Normal,16,3,3,2,0,29,0,0,2,48,0,1,2,3,3,3,1,0,0,1,0,314,45,12,10,5,1,0,0,11,2,RH=Crude Sword|LH=Crude Sword|BD=Crude Armour|A1=Crude Bracelet|A2=Crude Bracelet,Swords_T1_03=1,0,-,party wiped; +1 levelup
518,12862,1,Normal,35,2,2,2,0,37,37,0,0,20,0,1,1,0,4,0,0,3,3,0,0,112,0,8,8,4,0,1,1,3,3,,,0,-,floor1_town
518,12862,2,Normal,27,1,1,1,0,37,37,0,0,5,0,1,1,0,0,0,1,3,3,0,0,28,0,1,1,1,0,1,1,3,1,,,0,-,
518,12862,3,Normal,25,3,3,3,0,37,37,0,0,72,0,1,1,1,8,2,1,0,1,0,0,360,0,14,14,4.667,0,1,1,21,2,,,0,-,
518,12862,4,Normal,36,4,4,3,1,37,2,0,1,55,0,1,2,1,3,4,0,0,0,3,0,364,90,17,15,5,0,1,1,22,4,,Swords_T1_03=3,0,-,+1 levelup; flee×1
518,12862,5,Normal,36,4,4,4,0,2,36,1,1,50,0,2,2,0,3,2,0,0,1,2,0,280,6,12,12,3,0,1,1,23,3,,Swords_T1_03=2,0,-,
518,12862,6,Normal,18,1,1,0,0,36,0,1,1,0,0,2,2,0,0,1,0,0,0,1,0,28,35,3,0,0,1,0,0,23,3,RH=Crude Sword|LH=Crude Sword|BD=Crude Armour|A1=Crude Bracelet|A2=Crude Bracelet,Swords_T1_03=1,0,-,party wiped
519,12863,1,Normal,33,5,5,5,0,37,37,0,0,65,0,1,1,0,6,3,2,3,3,0,0,364,16,17,17,3.4,0,1,1,6,3,,,0,-,floor1_town
519,12863,2,Normal,36,3,3,3,0,37,45,0,2,40,0,1,2,0,5,0,2,0,3,0,0,224,16,10,10,3.333,0,1,1,7,1,,,0,-,+1 levelup
519,12863,3,Normal,12,2,2,1,0,45,0,2,2,12,0,2,2,4,0,3,0,0,0,2,0,268,43,9,1,1,1,0,0,7,4,RH=Crude Sword|LH=Crude Sword|BD=Crude Armour|A1=Crude Bracelet|A2=Crude Bracelet,Swords_T1_03=2,0,-,party wiped
520,12864,1,Normal,31,5,5,5,0,37,37,0,0,65,0,1,1,0,8,2,0,3,3,0,0,364,8,18,18,3.6,0,1,1,6,3,,,0,-,floor1_town
520,12864,2,Normal,29,2,2,2,0,37,44,0,2,35,0,1,2,0,3,3,1,0,0,0,0,196,8,9,9,4.5,0,1,1,6,4,,,0,-,+1 levelup
520,12864,3,Normal,6,1,1,0,0,44,0,2,2,0,0,2,2,2,0,0,0,0,0,1,0,60,43,3,0,0,1,0,0,6,4,RH=Crude Sword|LH=Crude Sword|BD=Crude Armour|A1=Crude Bracelet|A2=Crude Bracelet,Swords_T1_03=1,0,-,party wiped
521,12865,1,Normal,29,3,3,3,0,37,37,0,0,30,0,1,1,0,3,3,1,3,3,0,0,168,0,9,9,3,0,1,1,4,1,,,0,-,floor1_town
521,12865,2,Normal,28,4,4,4,0,37,37,0,0,40,0,1,1,0,2,0,2,3,3,0,0,224,16,9,9,2.25,0,1,1,6,1,,,0,-,
521,12865,3,Normal,32,4,4,4,0,37,45,0,2,84,0,1,2,0,6,4,4,0,0,2,0,420,9,14,14,3.5,0,1,1,18,1,,Swords_T1_03=2,0,-,+1 levelup
521,12865,4,Normal,26,3,3,3,0,45,36,2,2,25,0,2,2,0,0,0,4,3,3,2,0,140,21,5,5,1.667,0,1,1,19,2,,Swords_T1_03=2,0,-,
521,12865,5,Normal,30,5,5,5,0,36,36,2,2,40,0,2,2,0,3,1,4,0,2,2,0,224,-2,9,9,1.8,0,1,1,19,1,,Swords_T1_03=2,0,-,
521,12865,6,Normal,33,2,2,2,0,36,37,2,2,30,0,2,2,1,0,2,3,0,0,2,0,168,-3,7,7,3.5,0,1,1,19,3,,Swords_T1_03=2,0,-,
521,12865,7,Normal,39,4,4,4,0,37,37,2,2,45,0,2,2,3,0,0,0,0,0,1,0,252,-1,11,11,2.75,0,1,1,19,4,,Swords_T1_03=1,0,-,
521,12865,8,Normal,8,1,1,0,0,37,0,2,2,0,0,2,2,0,3,3,0,0,0,1,0,63,44,2,0,0,1,0,0,25,4,RH=Crude Sword|LH=Crude Sword|BD=Crude Armour|A1=Crude Bracelet|A2=Crude Bracelet,Swords_T1_03=1,0,-,party wiped
522,12866,1,Normal,27,3,3,3,0,37,37,0,0,40,0,1,1,0,6,1,0,3,3,0,0,224,8,11,11,3.667,0,1,1,4,1,,,0,-,floor1_town
522,12866,2,Normal,30,4,4,4,0,37,29,0,0,50,0,1,1,0,5,0,1,1,3,0,0,280,16,11,11,2.75,0,1,1,5,3,,,0,-,
522,12866,3,Normal,35,4,4,4,0,29,44,0,2,60,0,1,2,0,3,0,3,0,3,3,0,300,-3,8,8,2,0,1,1,11,2,,Swords_T1_03=3,0,-,+1 levelup
522,12866,4,Normal,39,2,2,2,0,44,42,2,2,15,0,2,2,0,0,0,3,0,3,2,0,84,0,4,4,2,0,1,1,11,1,,Swords_T1_03=2,0,-,
522,12866,5,Normal,29,3,3,3,0,42,38,2,2,40,0,2,2,0,0,3,3,0,0,2,0,224,2,9,9,3,0,1,1,11,3,,Swords_T1_03=2,0,-,
522,12866,6,Normal,36,4,4,4,0,38,44,2,2,40,0,2,2,0,3,0,3,0,3,4,0,224,10,9,9,2.25,0,1,1,12,4,,Swords_T1_03=4,0,-,
522,12866,7,Normal,34,2,2,2,0,44,44,2,2,25,0,2,2,0,0,2,3,0,1,2,0,140,-2,5,5,2.5,0,1,1,12,2,,Swords_T1_03=2,0,-,
522,12866,8,Normal,1,1,1,0,0,44,0,2,2,0,0,2,2,1,0,0,2,3,3,1,0,83,43,2,0,0,1,0,0,18,2,RH=Crude Sword|LH=Crude Sword|BD=Crude Armour|A1=Crude Bracelet|A2=Crude Bracelet,Swords_T1_03=1,0,-,party wiped
523,12867,1,Normal,25,4,4,4,0,37,37,0,0,45,0,1,1,0,5,0,1,3,3,0,0,252,0,11,11,2.75,0,1,1,5,1,,,0,-,floor1_town
523,12867,2,Normal,39,3,3,3,0,37,37,0,0,30,0,1,1,0,3,1,1,3,3,0,0,168,8,9,9,3,0,1,1,6,1,,,0,-,
523,12867,3,Normal,5,1,1,0,0,37,0,0,0,0,0,1,1,2,3,3,0,0,0,0,0,140,37,4,0,0,1,0,0,12,4,RH=Crude Sword|LH=Crude Sword|BD=Crude Armour|A1=Crude Bracelet|A2=Crude Bracelet,,0,-,party wiped
524,12868,1,Normal,39,5,5,5,0,37,37,0,0,65,0,1,1,0,7,2,2,3,3,0,0,364,8,15,15,3,0,1,1,6,2,,,0,-,floor1_town
524,12868,2,Normal,25,3,3,3,0,37,45,0,2,35,0,1,2,0,2,0,2,3,3,0,0,196,16,8,8,2.667,0,1,1,7,2,,,0,-,+1 levelup
524,12868,3,Normal,19,3,3,2,0,45,0,2,2,84,0,2,2,3,6,6,0,0,0,3,0,532,63,16,14,7,1,0,0,8,2,RH=Crude Sword|LH=Crude Sword|BD=Crude Armour|A1=Crude Bracelet|A2=Crude Bracelet,Swords_T1_03=3,0,-,party wiped
525,12869,1,Normal,36,3,3,3,0,37,37,0,0,50,0,1,1,0,6,0,1,3,3,0,0,280,18,13,13,4.333,0,1,1,4,3,,,0,-,floor1_town
525,12869,2,Normal,29,2,2,2,0,37,29,0,0,30,0,1,1,0,3,2,3,3,3,0,0,168,16,10,10,5,0,1,1,5,2,,,0,-,
525,12869,3,Normal,7,1,1,0,0,29,0,0,0,0,0,1,1,3,3,3,0,0,0,0,0,140,37,5,0,0,1,0,0,11,4,RH=Crude Sword|LH=Crude Sword|BD=Crude Armour|A1=Crude Bracelet|A2=Crude Bracelet,,0,-,party wiped
526,12870,1,Normal,34,3,3,3,0,37,37,0,0,30,0,1,1,0,1,0,2,3,3,0,0,168,14,8,8,2.667,0,1,1,4,2,,,0,-,floor1_town
526,12870,2,Normal,34,4,4,4,0,37,37,0,0,55,0,1,1,0,6,2,3,0,1,0,0,308,16,13,13,3.25,0,1,1,6,1,,,0,-,
526,12870,3,Normal,35,2,2,1,1,37,1,0,2,36,0,1,2,4,3,3,0,0,0,0,0,275,64,9,6,6,0,1,1,12,4,,,0,-,+1 levelup; flee×1
526,12870,4,Normal,29,4,4,4,0,1,43,2,2,45,0,2,2,0,3,2,0,0,1,3,0,252,-2,15,15,3.75,0,1,1,13,2,,Swords_T1_03=3,0,-,
526,12870,5,Normal,23,2,2,1,0,43,0,2,2,5,0,2,2,0,0,1,0,0,0,1,0,109,42,4,1,1,1,0,0,13,4,RH=Crude Sword|LH=Crude Sword|BD=Crude Armour|A1=Crude Bracelet|A2=Crude Bracelet,Swords_T1_03=1,0,-,party wiped
527,12871,1,Normal,32,5,5,5,0,37,37,0,0,70,0,1,1,0,7,4,0,3,3,0,0,392,40,19,19,3.8,0,1,1,6,2,,,0,-,floor1_town
527,12871,2,Normal,28,3,3,3,0,37,44,0,2,35,0,1,2,0,3,0,2,0,3,0,0,196,16,9,9,3,0,1,1,7,3,,,0,-,+1 levelup
527,12871,3,Normal,9,1,1,0,0,44,0,2,2,0,0,2,2,1,0,3,2,0,0,0,0,120,44,5,0,0,1,0,0,7,3,RH=Crude Sword|LH=Crude Sword|BD=Crude Armour|A1=Crude Bracelet|A2=Crude Bracelet,,0,-,party wiped
528,12872,1,Normal,30,5,5,5,0,37,37,0,0,70,0,1,1,0,9,0,2,3,3,0,0,392,32,19,19,3.8,0,1,1,6,2,,,0,-,floor1_town
528,12872,2,Normal,36,5,5,5,0,37,37,0,2,60,0,1,2,2,3,3,2,3,3,1,0,336,41,17,17,3.4,0,1,1,8,2,,Swords_T1_03=1,0,-,+1 levelup
528,12872,3,Normal,35,4,4,3,0,37,0,2,2,84,0,2,2,3,6,6,0,0,0,3,0,562,97,17,13,4.333,1,0,0,11,4,RH=Crude Sword|LH=Crude Sword|BD=Crude Armour|A1=Crude Bracelet|A2=Crude Bracelet,Swords_T1_03=3,0,-,party wiped
529,12873,1,Normal,28,3,3,3,0,37,37,0,0,50,0,1,1,0,8,1,0,3,3,0,0,280,8,16,16,5.333,0,1,1,4,4,,,0,-,floor1_town
529,12873,2,Normal,33,2,2,2,0,37,29,0,0,15,0,1,1,0,0,0,0,3,3,0,0,84,8,3,3,1.5,0,1,1,4,2,,,0,-,
529,12873,3,Normal,10,2,2,1,0,29,0,0,2,36,0,1,2,2,3,3,0,0,0,1,0,330,66,10,6,6,1,0,0,10,3,RH=Crude Sword|LH=Crude Sword|BD=Crude Armour|A1=Crude Bracelet|A2=Crude Bracelet,Swords_T1_03=1,0,-,party wiped; +1 levelup
530,12874,1,Normal,26,2,2,2,0,37,37,0,0,20,0,1,1,0,3,0,1,3,3,0,0,112,0,7,7,3.5,0,1,1,3,1,,,0,-,floor1_town
530,12874,2,Normal,29,4,4,4,0,37,37,0,0,55,0,1,1,0,4,1,1,0,2,0,0,308,8,13,13,3.25,0,1,1,4,4,,,0,-,
530,12874,3,Normal,35,5,5,4,0,37,0,0,2,120,0,1,2,2,9,9,0,0,0,4,0,697,111,22,20,5,1,0,0,12,3,RH=Crude Sword|LH=Crude Sword|BD=Crude Armour|A1=Crude Bracelet|A2=Crude Bracelet,Swords_T1_03=4,0,-,party wiped; +1 levelup
531,12875,1,Normal,40,3,3,3,0,37,37,0,0,45,0,1,1,0,6,0,0,3,3,0,0,252,0,10,10,3.333,0,1,1,4,2,,,0,-,floor1_town
531,12875,2,Normal,35,2,2,2,0,37,37,0,0,40,0,1,1,0,6,5,0,0,1,0,0,224,21,11,11,5.5,0,1,1,5,4,,,0,-,
531,12875,3,Normal,9,2,2,1,0,37,0,0,2,24,0,1,2,0,3,3,0,0,0,1,0,215,44,6,4,4,1,0,0,11,4,RH=Crude Sword|LH=Crude Sword|BD=Crude Armour|A1=Crude Bracelet|A2=Crude Bracelet,Swords_T1_03=1,0,-,party wiped; +1 levelup
532,12876,1,Normal,38,4,4,4,0,37,37,0,0,45,0,1,1,0,6,2,1,3,3,0,0,252,6,14,14,3.5,0,1,1,5,1,,,0,-,floor1_town
532,12876,2,Normal,27,4,4,4,0,37,45,0,2,55,0,1,2,1,6,3,0,0,3,0,0,308,30,19,19,4.75,0,1,1,7,4,,,0,-,+1 levelup
532,12876,3,Normal,34,5,5,5,0,45,44,2,2,120,0,2,2,2,3,6,0,0,0,4,0,600,13,16,16,3.2,0,1,1,8,2,,Swords_T1_03=4,0,-,
532,12876,4,Normal,13,1,1,0,0,44,0,2,2,0,0,2,2,0,0,0,0,0,0,1,0,84,43,4,0,0,1,0,0,8,4,RH=Crude Sword|LH=Crude Sword|BD=Crude Armour|A1=Crude Bracelet|A2=Crude Bracelet,Swords_T1_03=1,0,-,party wiped
533,12877,1,Normal,36,4,4,4,0,37,37,0,0,60,0,1,1,0,7,3,2,3,3,0,0,336,16,14,14,3.5,0,1,1,5,4,,,0,-,floor1_town
533,12877,2,Normal,36,4,4,4,0,37,45,0,3,40,0,1,2,0,2,0,4,3,3,0,0,224,24,11,11,2.75,0,1,1,7,2,,,0,-,+1 levelup
533,12877,3,Normal,26,2,2,2,0,45,45,3,3,48,0,2,2,0,3,2,6,0,1,2,0,240,-2,7,7,3.5,0,1,1,7,2,,Swords_T1_03=2,0,-,
533,12877,4,Normal,34,3,3,3,0,45,44,3,3,25,0,2,2,0,0,1,6,0,0,2,0,140,-1,5,5,1.667,0,1,1,7,2,,Swords_T1_03=2,0,-,
533,12877,5,Normal,27,3,3,3,0,44,20,3,3,45,0,2,2,2,0,0,4,0,0,2,0,252,22,10,10,3.333,0,1,1,7,3,,Swords_T1_03=2,0,-,
533,12877,6,Normal,29,3,3,3,0,20,45,3,3,45,0,2,2,0,3,3,4,0,0,1,0,252,-1,13,13,4.333,0,1,1,8,3,,Swords_T1_03=1,0,-,
533,12877,7,Normal,25,2,2,2,0,45,45,3,3,35,0,2,2,1,3,1,3,0,2,1,0,196,13,11,11,5.5,0,1,1,9,4,,Swords_T1_03=1,0,-,
533,12877,8,Normal,2,1,1,0,0,45,0,3,3,0,0,2,2,2,0,0,1,3,3,1,0,50,44,1,0,0,1,0,0,15,4,RH=Crude Sword|LH=Crude Sword|BD=Crude Armour|A1=Crude Bracelet|A2=Crude Bracelet,Swords_T1_03=1,0,-,party wiped
534,12878,1,Normal,34,3,3,3,0,37,37,0,0,35,0,1,1,0,3,3,1,3,3,0,0,196,8,10,10,3.333,0,1,1,4,4,,,0,-,floor1_town
534,12878,2,Normal,30,2,2,2,0,37,37,0,0,20,0,1,1,0,1,0,3,3,3,0,0,112,8,5,5,2.5,0,1,1,5,2,,,0,-,
534,12878,3,Normal,9,1,1,0,0,37,0,0,0,0,0,1,1,2,3,3,3,0,0,0,0,120,37,4,0,0,1,0,0,11,4,RH=Crude Sword|LH=Crude Sword|BD=Crude Armour|A1=Crude Bracelet|A2=Crude Bracelet,,0,-,party wiped
535,12879,1,Normal,32,4,4,4,0,37,37,0,0,40,0,1,1,0,2,0,2,3,3,0,0,224,16,8,8,2,0,1,1,5,3,,,0,-,floor1_town
535,12879,2,Normal,28,3,3,3,0,37,37,0,0,20,0,1,1,0,0,0,4,3,3,0,0,112,8,4,4,1.333,0,1,1,6,1,,,0,-,
535,12879,3,Normal,10,1,1,0,0,37,0,0,0,0,0,1,1,0,3,3,6,0,0,0,0,95,37,3,0,0,1,0,0,12,3,RH=Crude Sword|LH=Crude Sword|BD=Crude Armour|A1=Crude Bracelet|A2=Crude Bracelet,,0,-,party wiped
536,12880,1,Normal,30,5,5,5,0,37,37,0,0,60,0,1,1,0,6,0,1,3,3,0,0,336,8,14,14,2.8,0,1,1,6,2,,,0,-,floor1_town
536,12880,2,Normal,27,2,2,2,0,37,37,0,0,30,0,1,1,0,4,0,3,0,3,0,0,168,8,9,9,4.5,0,1,1,7,3,,,0,-,
536,12880,3,Normal,30,2,2,2,0,37,40,0,2,48,0,1,2,3,3,3,1,0,0,0,0,240,27,10,10,5,0,1,1,13,1,,,0,-,+1 levelup
536,12880,4,Normal,38,2,2,1,1,40,7,2,2,15,0,2,2,1,0,0,0,0,0,2,0,140,31,7,5,5,0,1,1,13,3,,Swords_T1_03=2,0,-,flee×1
536,12880,5,Normal,39,4,4,4,0,7,45,2,2,60,0,2,2,0,6,5,0,0,1,2,0,336,22,19,19,4.75,0,1,1,15,3,,Swords_T1_03=2,0,-,
536,12880,6,Normal,28,3,3,3,0,45,45,2,2,40,0,2,2,0,3,0,0,0,3,1,0,224,12,10,10,3.333,0,1,1,16,3,,Swords_T1_03=1,0,-,
536,12880,7,Normal,5,1,1,0,0,45,0,2,2,0,0,2,2,0,0,3,0,0,0,1,0,81,44,5,0,0,1,0,0,16,4,RH=Crude Sword|LH=Crude Sword|BD=Crude Armour|A1=Crude Bracelet|A2=Crude Bracelet,Swords_T1_03=1,0,-,party wiped
537,12881,1,Normal,28,2,2,2,0,37,37,0,0,40,0,1,1,0,6,3,2,3,3,0,0,224,0,12,12,6,0,1,1,3,4,,,0,-,floor1_town
537,12881,2,Normal,25,3,3,3,0,37,37,0,0,30,0,1,1,0,3,1,3,0,2,0,0,168,0,8,8,2.667,0,1,1,3,4,,,0,-,
537,12881,3,Normal,40,2,2,2,0,37,46,0,2,60,0,1,2,2,6,3,2,0,0,0,0,300,0,10,10,5,0,1,1,15,3,,,0,-,+1 levelup
537,12881,4,Normal,31,6,6,5,1,46,46,2,2,60,0,2,2,2,3,3,0,3,3,4,0,392,78,22,19,3.8,0,1,1,17,1,,Swords_T1_03=4,0,-,flee×1
537,12881,5,Normal,36,3,3,3,0,46,37,2,2,20,0,2,2,0,0,0,0,3,3,1,0,112,8,4,4,1.333,0,1,1,17,1,,Swords_T1_03=1,0,-,
537,12881,6,Normal,26,4,4,4,0,37,45,2,2,40,0,2,2,0,3,2,0,0,1,2,0,224,-10,10,10,2.5,0,1,1,17,1,,Swords_T1_03=2,0,-,
537,12881,7,Normal,27,2,2,2,0,45,38,2,2,25,0,2,2,0,0,1,0,3,3,1,0,140,20,6,6,3,0,1,1,18,2,,Swords_T1_03=1,0,-,
537,12881,8,Normal,8,1,1,0,0,38,0,2,2,0,0,2,2,0,1,0,0,2,3,1,0,50,45,1,0,0,1,0,0,24,3,RH=Crude Sword|LH=Crude Sword|BD=Crude Armour|A1=Crude Bracelet|A2=Crude Bracelet,Swords_T1_03=1,0,-,party wiped
538,12882,1,Normal,26,2,2,2,0,37,37,0,0,25,0,1,1,0,4,0,0,3,3,0,0,140,0,7,7,3.5,0,1,1,3,2,,,0,-,floor1_town
538,12882,2,Normal,29,1,1,1,0,37,37,0,0,5,0,1,1,0,0,0,2,3,3,0,0,28,0,1,1,1,0,1,1,3,1,,,0,-,
538,12882,3,Normal,6,1,1,0,0,37,0,0,0,0,0,1,1,3,3,3,0,0,0,0,0,131,37,4,0,0,1,0,0,9,4,RH=Crude Sword|LH=Crude Sword|BD=Crude Armour|A1=Crude Bracelet|A2=Crude Bracelet,,0,-,party wiped
539,12883,1,Normal,40,3,3,3,0,37,37,0,0,50,0,1,1,0,8,5,2,3,3,0,0,280,8,15,15,5,0,1,1,4,2,,,0,-,floor1_town
539,12883,2,Normal,32,5,5,5,0,37,44,0,1,85,0,1,2,0,8,5,2,0,1,1,0,476,39,23,23,4.6,0,1,1,6,4,,Swords_T1_03=1,0,-,+1 levelup
539,12883,3,Normal,12,2,2,1,0,44,0,1,1,12,0,2,2,4,0,1,0,0,0,2,0,215,42,6,1,1,1,0,0,6,4,RH=Crude Sword|LH=Crude Sword|BD=Crude Armour|A1=Crude Bracelet|A2=Crude Bracelet,Swords_T1_03=2,0,-,party wiped
540,12884,1,Normal,38,6,6,6,0,37,37,0,0,75,0,1,1,0,8,1,0,3,3,0,0,420,8,22,22,3.667,0,1,1,7,1,,,0,-,floor1_town
540,12884,2,Normal,25,4,4,4,0,37,44,0,1,45,0,1,2,0,3,3,2,0,0,1,0,252,7,12,12,3,0,1,1,8,2,,Swords_T1_03=1,0,-,+1 levelup
540,12884,3,Normal,2,1,1,0,0,44,0,1,1,0,0,2,2,3,0,0,0,0,0,0,0,107,44,3,0,0,1,0,0,8,4,RH=Crude Sword|LH=Crude Sword|BD=Crude Armour|A1=Crude Bracelet|A2=Crude Bracelet,,0,-,party wiped
541,12885,1,Normal,36,4,4,4,0,37,37,0,0,50,0,1,1,0,7,0,1,3,3,0,0,280,8,13,13,3.25,0,1,1,5,3,,,0,-,floor1_town
541,12885,2,Normal,40,2,2,2,0,37,29,0,0,30,0,1,1,0,3,3,1,3,3,0,0,168,29,8,8,4,0,1,1,6,2,,,0,-,
541,12885,3,Normal,34,3,3,3,0,29,43,0,1,48,0,1,2,0,3,2,2,0,1,2,0,240,0,8,8,2.667,0,1,1,12,1,,Swords_T1_03=2,0,-,+1 levelup
541,12885,4,Normal,36,5,5,5,0,43,36,1,1,60,0,2,2,0,2,1,2,1,3,3,0,336,28,13,13,2.6,0,1,1,13,3,,Swords_T1_03=3,0,-,
541,12885,5,Normal,30,2,2,2,0,36,45,1,1,15,0,2,2,0,1,0,2,0,3,1,0,84,-10,3,3,1.5,0,1,1,13,2,,Swords_T1_03=1,0,-,
541,12885,6,Normal,40,4,4,4,0,45,35,1,1,55,0,2,2,0,2,3,2,1,3,2,0,308,35,16,16,4,0,1,1,14,3,,Swords_T1_03=2,0,-,
541,12885,7,Normal,36,5,5,5,0,35,53,1,3,45,0,2,3,0,1,3,2,0,0,2,0,252,-3,11,11,2.2,0,1,1,14,2,,Swords_T1_03=2,0,-,+1 levelup
541,12885,8,Normal,7,1,1,0,0,53,0,3,3,0,0,3,3,2,3,3,0,0,0,1,0,117,53,4,0,0,1,0,0,20,2,RH=Crude Sword|LH=Crude Sword|BD=Crude Armour|A1=Crude Bracelet|A2=Crude Bracelet,Swords_T1_04=1,0,-,party wiped
542,12886,1,Normal,34,4,4,4,0,37,37,0,0,45,0,1,1,0,4,3,0,3,3,0,0,252,8,13,13,3.25,0,1,1,5,4,,,0,-,floor1_town
542,12886,2,Normal,25,2,2,2,0,37,37,0,0,30,0,1,1,0,3,0,2,0,3,0,0,168,0,6,6,3,0,1,1,5,2,,,0,-,
542,12886,3,Normal,21,2,2,1,0,37,0,0,3,36,0,1,2,3,3,3,0,0,0,1,0,240,45,8,7,7,1,0,0,11,4,RH=Crude Sword|LH=Crude Sword|BD=Crude Armour|A1=Crude Bracelet|A2=Crude Bracelet,Swords_T1_03=1,0,-,party wiped; +1 levelup
543,12887,1,Normal,32,4,4,4,0,37,37,0,0,60,0,1,1,0,6,0,1,3,3,0,0,336,24,14,14,3.5,0,1,1,5,2,,,0,-,floor1_town
543,12887,2,Normal,38,5,5,5,0,37,44,0,3,40,0,1,2,0,3,1,3,0,2,0,0,224,0,10,10,2,0,1,1,5,1,,,0,-,+1 levelup
543,12887,3,Normal,11,2,2,1,0,44,0,3,3,36,0,2,2,5,0,2,0,0,0,2,0,303,42,9,6,6,1,0,0,5,4,RH=Crude Sword|LH=Crude Sword|BD=Crude Armour|A1=Crude Bracelet|A2=Crude Bracelet,Swords_T1_03=2,0,-,party wiped
544,12888,1,Normal,30,2,2,2,0,37,37,0,0,35,0,1,1,0,5,2,2,3,3,0,0,196,0,10,10,5,0,1,1,3,3,,,0,-,floor1_town
544,12888,2,Normal,35,2,2,2,0,37,37,0,0,15,0,1,1,0,0,0,3,3,3,0,0,84,0,3,3,1.5,0,1,1,3,1,,,0,-,
544,12888,3,Normal,9,1,1,0,0,37,0,0,0,0,0,1,1,4,3,3,1,0,0,0,0,170,37,6,0,0,1,0,0,9,4,RH=Crude Sword|LH=Crude Sword|BD=Crude Armour|A1=Crude Bracelet|A2=Crude Bracelet,,0,-,party wiped
545,12889,1,Normal,28,1,1,1,0,37,37,0,0,5,0,1,1,0,0,0,1,3,3,0,0,28,0,1,1,1,0,1,1,2,1,,,0,-,floor1_town
545,12889,2,Normal,33,2,2,2,0,37,29,0,0,20,0,1,1,0,2,0,2,1,3,0,0,112,8,5,5,2.5,0,1,1,2,3,,,0,-,
545,12889,3,Normal,37,3,3,3,0,29,37,0,0,48,0,1,1,0,5,1,3,0,2,0,0,240,0,9,9,3,0,1,1,20,2,,,0,-,
545,12889,4,Normal,30,3,3,3,0,37,45,0,1,30,0,1,2,0,1,0,3,2,3,0,0,168,8,7,7,2.333,0,1,1,21,3,,,0,-,+1 levelup
545,12889,5,Normal,39,3,3,3,0,45,37,1,1,45,0,2,2,3,2,3,0,0,0,2,0,252,6,13,13,4.333,0,1,1,21,4,,Swords_T1_03=2,0,-,
545,12889,6,Normal,5,1,1,0,0,37,0,1,1,0,0,2,2,0,0,0,0,0,0,1,0,28,36,1,0,0,1,0,0,21,4,RH=Crude Sword|LH=Crude Sword|BD=Crude Armour|A1=Crude Bracelet|A2=Crude Bracelet,Swords_T1_03=1,0,-,party wiped
546,12890,1,Normal,26,1,1,1,0,37,37,0,0,10,0,1,1,0,0,0,2,3,3,0,0,56,8,2,2,2,0,1,1,2,2,,,0,-,floor1_town
546,12890,2,Normal,37,4,4,4,0,37,29,0,0,30,0,1,1,0,0,0,2,3,3,0,0,168,16,6,6,1.5,0,1,1,3,2,,,0,-,
546,12890,3,Normal,5,1,1,0,0,29,0,0,0,0,0,1,1,4,3,3,0,0,0,0,0,172,37,6,0,0,1,0,0,9,4,RH=Crude Sword|LH=Crude Sword|BD=Crude Armour|A1=Crude Bracelet|A2=Crude Bracelet,,0,-,party wiped
547,12891,1,Normal,40,4,4,4,0,37,37,0,0,30,0,1,1,0,1,0,0,3,3,0,0,168,10,7,7,1.75,0,1,1,5,2,,,0,-,floor1_town
547,12891,2,Normal,35,3,3,2,0,37,0,0,0,25,0,1,1,1,3,3,0,0,0,0,0,241,37,12,8,4,1,0,0,5,4,RH=Crude Sword|LH=Crude Sword|BD=Crude Armour|A1=Crude Bracelet|A2=Crude Bracelet,,0,-,party wiped
548,12892,1,Normal,38,4,4,4,0,37,37,0,0,45,0,1,1,0,4,0,2,3,3,0,0,252,16,11,11,2.75,0,1,1,5,1,,,0,-,floor1_town
548,12892,2,Normal,33,3,3,3,0,37,15,0,0,40,0,1,1,0,3,3,2,0,0,0,0,224,22,10,10,3.333,0,1,1,5,4,,,0,-,
548,12892,3,Normal,21,4,4,3,0,15,0,0,1,72,0,1,2,4,7,6,0,0,0,2,0,540,57,18,13,4.333,1,0,0,18,4,RH=Crude Sword|LH=Crude Sword|BD=Crude Armour|A1=Crude Bracelet|A2=Crude Bracelet,Swords_T1_03=2,0,-,party wiped; +1 levelup
549,12893,1,Normal,36,5,5,5,0,37,37,0,0,65,0,1,1,0,9,0,0,3,3,0,0,364,24,16,16,3.2,0,1,1,6,4,,,0,-,floor1_town
549,12893,2,Normal,28,4,4,4,0,37,45,0,2,45,0,1,2,0,3,3,0,0,0,0,0,252,32,10,10,2.5,0,1,1,8,4,,,0,-,+1 levelup
549,12893,3,Normal,2,1,1,0,0,45,0,2,2,0,0,2,2,1,0,0,0,0,0,1,0,97,44,3,0,0,1,0,0,8,3,RH=Crude Sword|LH=Crude Sword|BD=Crude Armour|A1=Crude Bracelet|A2=Crude Bracelet,Swords_T1_03=1,0,-,party wiped
550,12894,1,Normal,34,1,1,1,0,37,37,0,0,10,0,1,1,0,0,0,1,3,3,0,0,56,8,2,2,2,0,1,1,2,2,,,0,-,floor1_town
550,12894,2,Normal,40,4,4,4,0,37,37,0,0,30,0,1,1,0,3,0,2,3,3,0,0,168,8,8,8,2,0,1,1,3,1,,,0,-,
550,12894,3,Normal,26,2,2,2,0,37,37,0,0,48,0,1,1,1,4,3,2,2,3,0,0,240,14,9,9,4.5,0,1,1,15,1,,,0,-,
550,12894,4,Normal,33,4,4,4,0,37,37,0,2,45,0,1,2,0,3,1,2,0,2,2,0,252,35,12,12,3,0,1,1,16,1,,Swords_T1_03=2,0,-,+1 levelup
550,12894,5,Normal,36,4,4,4,0,37,44,2,2,65,0,2,2,0,3,3,2,0,2,0,0,364,15,17,17,4.25,0,1,1,17,3,,,0,-,
550,12894,6,Normal,31,3,3,2,1,44,44,2,2,25,0,2,2,2,0,2,0,3,3,2,0,196,41,9,7,3.5,0,1,1,18,1,,Swords_T1_03=2,0,-,flee×1
550,12894,7,Normal,28,4,4,4,0,44,44,2,2,25,0,2,2,0,1,0,0,2,3,3,0,140,-3,6,6,1.5,0,1,1,18,2,,Swords_T1_03=3,0,-,
550,12894,8,Normal,1,1,1,0,0,44,0,2,2,0,0,2,2,0,2,0,0,1,3,1,0,67,43,2,0,0,1,0,0,24,4,RH=Crude Sword|LH=Crude Sword|BD=Crude Armour|A1=Crude Bracelet|A2=Crude Bracelet,Swords_T1_03=1,0,-,party wiped
551,12895,1,Normal,32,1,1,1,0,37,37,0,0,15,0,1,1,0,2,0,0,3,3,0,0,84,10,6,6,6,0,1,1,2,3,,,0,-,floor1_town
551,12895,2,Normal,31,3,3,3,0,37,37,0,0,35,0,1,1,0,3,2,0,0,1,0,0,196,6,9,9,3,0,1,1,3,3,,,0,-,
551,12895,3,Normal,23,3,3,2,0,37,0,0,0,48,0,1,1,2,7,6,0,0,0,0,0,327,73,12,9,4.5,1,0,0,21,4,RH=Crude Sword|LH=Crude Sword|BD=Crude Armour|A1=Crude Bracelet|A2=Crude Bracelet,,0,-,party wiped
552,12896,1,Normal,30,3,3,3,0,37,37,0,0,25,0,1,1,0,1,0,1,3,3,0,0,140,8,6,6,2,0,1,1,4,2,,,0,-,floor1_town
552,12896,2,Normal,36,4,4,4,0,37,29,0,0,55,0,1,1,0,6,3,3,0,1,0,0,308,16,16,16,4,0,1,1,5,2,,,0,-,
552,12896,3,Normal,29,1,1,1,0,29,44,0,2,24,0,1,2,1,3,0,2,0,3,0,0,120,0,5,5,5,0,1,1,11,2,,,0,-,+1 levelup
552,12896,4,Normal,33,3,3,3,0,44,44,2,2,30,0,2,2,0,0,3,2,3,3,1,0,168,12,7,7,2.333,0,1,1,12,1,,Swords_T1_03=1,0,-,
552,12896,5,Normal,37,5,5,5,0,44,43,2,2,45,0,2,2,0,3,1,2,0,2,5,0,252,-4,13,13,2.6,0,1,1,12,2,,Swords_T1_03=5,0,-,
552,12896,6,Normal,25,2,2,2,0,43,31,2,2,20,0,2,2,0,0,1,2,0,1,0,0,112,12,4,4,2,0,1,1,12,2,,,0,-,
552,12896,7,Normal,26,1,1,1,0,31,44,2,2,15,0,2,2,0,3,0,2,0,3,0,0,84,0,5,5,5,0,1,1,13,3,,,0,-,
552,12896,8,Normal,9,1,1,0,0,44,0,2,2,0,0,2,2,0,0,0,2,3,3,1,0,63,43,1,0,0,1,0,0,19,1,RH=Crude Sword|LH=Crude Sword|BD=Crude Armour|A1=Crude Bracelet|A2=Crude Bracelet,Swords_T1_03=1,0,-,party wiped
553,12897,1,Normal,28,3,3,3,0,37,37,0,0,30,0,1,1,0,3,2,0,3,3,0,0,168,6,9,9,3,0,1,1,4,1,,,0,-,floor1_town
553,12897,2,Normal,25,3,3,3,0,37,29,0,0,30,0,1,1,0,2,0,2,1,3,0,0,168,8,6,6,2,0,1,1,4,2,,,0,-,
553,12897,3,Normal,26,2,2,2,0,29,37,0,0,24,0,1,1,0,2,0,3,2,3,0,0,120,0,4,4,2,0,1,1,16,1,,,0,-,
553,12897,4,Normal,39,6,6,6,0,37,44,0,2,35,0,1,2,0,1,0,3,1,3,2,0,196,-1,8,8,1.333,0,1,1,16,1,,Swords_T1_03=2,0,-,+1 levelup
553,12897,5,Normal,31,4,4,4,0,44,44,2,2,40,0,2,2,0,1,2,3,0,1,2,0,224,-2,9,9,2.25,0,1,1,16,1,,Swords_T1_03=2,0,-,
553,12897,6,Normal,40,4,4,4,0,44,18,2,2,45,0,2,2,2,0,1,1,0,0,0,0,252,26,13,13,3.25,0,1,1,16,4,,,0,-,
553,12897,7,Normal,40,2,2,2,0,18,45,2,2,30,0,2,2,0,3,1,1,0,2,2,0,168,-2,7,7,3.5,0,1,1,17,4,,Swords_T1_03=2,0,-,
553,12897,8,Normal,10,1,1,0,0,45,0,2,2,0,0,2,2,1,0,0,0,3,3,0,0,28,45,1,0,0,1,0,0,23,4,RH=Crude Sword|LH=Crude Sword|BD=Crude Armour|A1=Crude Bracelet|A2=Crude Bracelet,,0,-,party wiped
554,12898,1,Normal,26,2,2,2,0,37,37,0,0,25,0,1,1,0,2,0,1,3,3,0,0,140,16,6,6,3,0,1,1,3,3,,,0,-,floor1_town
554,12898,2,Normal,30,3,3,3,0,37,37,0,0,35,0,1,1,0,4,0,1,1,3,0,0,196,8,8,8,2.667,0,1,1,4,2,,,0,-,
554,12898,3,Normal,18,2,2,1,0,37,0,0,0,24,0,1,1,1,6,6,2,0,0,0,0,283,37,11,5,5,1,0,0,16,3,RH=Crude Sword|LH=Crude Sword|BD=Crude Armour|A1=Crude Bracelet|A2=Crude Bracelet,,0,-,party wiped
555,12899,1,Normal,40,3,3,3,0,37,37,0,0,30,0,1,1,0,3,0,2,3,3,0,0,168,0,7,7,2.333,0,1,1,4,1,,,0,-,floor1_town
555,12899,2,Normal,27,4,4,4,0,37,29,0,0,45,0,1,1,0,2,0,2,2,3,0,0,252,16,9,9,2.25,0,1,1,5,2,,,0,-,
555,12899,3,Normal,12,2,2,1,0,29,0,0,0,24,0,1,1,0,6,3,2,0,0,0,0,275,37,8,4,4,1,0,0,17,3,RH=Crude Sword|LH=Crude Sword|BD=Crude Armour|A1=Crude Bracelet|A2=Crude Bracelet,,0,-,party wiped
556,12900,1,Normal,38,3,3,3,0,37,37,0,0,30,0,1,1,0,1,0,1,3,3,0,0,168,14,7,7,2.333,0,1,1,4,2,,,0,-,floor1_town
556,12900,2,Normal,30,3,3,3,0,37,29,0,0,40,0,1,1,0,3,3,2,3,3,0,0,224,21,12,12,4,0,1,1,5,2,,,0,-,
556,12900,3,Normal,1,1,1,0,0,29,0,0,0,0,0,1,1,3,3,3,0,0,0,0,0,123,37,5,0,0,1,0,0,11,4,RH=Crude Sword|LH=Crude Sword|BD=Crude Armour|A1=Crude Bracelet|A2=Crude Bracelet,,0,-,party wiped
557,12901,1,Normal,36,3,3,3,0,37,37,0,0,50,0,1,1,0,5,2,2,3,3,0,0,280,24,13,13,4.333,0,1,1,4,2,,,0,-,floor1_town
557,12901,2,Normal,37,4,4,4,0,37,44,0,2,50,0,1,2,0,5,0,2,1,3,0,0,280,8,13,13,3.25,0,1,1,5,3,,,0,-,+1 levelup
557,12901,3,Normal,11,2,2,1,0,44,0,2,2,36,0,2,2,2,4,6,0,0,0,0,0,307,58,10,6,6,1,0,0,6,3,RH=Crude Sword|LH=Crude Sword|BD=Crude Armour|A1=Crude Bracelet|A2=Crude Bracelet,,0,-,party wiped
558,12902,1,Normal,34,3,3,3,0,37,37,0,0,40,0,1,1,0,6,2,0,3,3,0,0,224,6,12,12,4,0,1,1,4,3,,,0,-,floor1_town
558,12902,2,Normal,27,4,4,4,0,37,37,0,0,35,0,1,1,0,1,0,1,3,3,0,0,196,16,8,8,2,0,1,1,6,1,,,0,-,
558,12902,3,Normal,4,1,1,0,0,37,0,0,0,0,0,1,1,1,3,3,0,0,0,0,0,115,37,3,0,0,1,0,0,12,4,RH=Crude Sword|LH=Crude Sword|BD=Crude Armour|A1=Crude Bracelet|A2=Crude Bracelet,,0,-,party wiped
559,12903,1,Normal,32,4,4,4,0,37,37,0,0,60,0,1,1,0,5,1,2,3,3,0,0,336,16,14,14,3.5,0,1,1,5,4,,,0,-,floor1_town
559,12903,2,Normal,39,5,5,5,0,37,45,0,1,60,0,1,2,0,4,2,2,0,1,1,0,336,7,16,16,3.2,0,1,1,6,3,,Swords_T1_03=1,0,-,+1 levelup
559,12903,3,Normal,13,1,1,0,0,45,0,1,1,0,0,2,2,3,0,1,0,0,0,1,0,176,44,6,0,0,1,0,0,6,3,RH=Crude Sword|LH=Crude Sword|BD=Crude Armour|A1=Crude Bracelet|A2=Crude Bracelet,Swords_T1_03=1,0,-,party wiped
560,12904,1,Normal,30,4,4,4,0,37,37,0,0,75,0,1,1,0,12,5,0,3,3,0,0,420,18,24,24,6,0,1,1,5,4,,,0,-,floor1_town
560,12904,2,Normal,27,4,4,4,0,37,46,0,2,45,0,1,2,0,4,0,0,0,3,0,0,252,16,12,12,3,0,1,1,6,3,,,0,-,+1 levelup
560,12904,3,Normal,6,1,1,0,0,46,0,2,2,0,0,2,2,1,0,3,0,0,0,0,0,112,46,3,0,0,1,0,0,6,4,RH=Crude Sword|LH=Crude Sword|BD=Crude Armour|A1=Crude Bracelet|A2=Crude Bracelet,,0,-,party wiped
561,12905,1,Normal,28,3,3,3,0,37,37,0,0,55,0,1,1,0,7,1,1,3,3,0,0,308,16,15,15,5,0,1,1,4,3,,,0,-,floor1_town
561,12905,2,Normal,35,3,3,3,0,37,37,0,0,20,0,1,1,0,1,0,2,2,3,0,0,112,0,4,4,1.333,0,1,1,4,1,,,0,-,
561,12905,3,Normal,32,3,3,3,0,37,27,0,3,72,0,1,2,2,4,3,1,0,0,1,0,360,16,13,13,4.333,0,1,1,16,3,,Swords_T1_03=1,0,-,+1 levelup
561,12905,4,Normal,28,4,4,4,0,27,36,3,3,60,0,2,2,1,3,3,0,0,0,2,0,336,6,17,17,4.25,0,1,1,17,3,,Swords_T1_03=2,0,-,
561,12905,5,Normal,27,3,3,2,1,36,36,3,3,20,0,2,2,0,2,0,0,1,3,2,0,140,36,6,5,2.5,0,1,1,18,3,,Swords_T1_03=2,0,-,flee×1
561,12905,6,Normal,30,3,3,3,0,36,36,3,3,35,0,2,2,0,1,2,0,0,1,2,0,196,-2,9,9,3,0,1,1,18,3,,Swords_T1_03=2,0,-,
561,12905,7,Normal,32,4,4,3,1,36,44,3,3,35,0,2,2,0,3,1,0,0,3,2,0,280,25,11,8,2.667,0,1,1,19,3,,Swords_T1_03=2,0,-,flee×1
561,12905,8,Normal,9,1,1,0,0,44,0,3,3,0,0,2,2,0,3,1,0,0,2,1,0,120,43,3,0,0,1,0,0,25,2,RH=Crude Sword|LH=Crude Sword|BD=Crude Armour|A1=Crude Bracelet|A2=Crude Bracelet,Swords_T1_03=1,0,-,party wiped
562,12906,1,Normal,26,2,2,2,0,37,37,0,0,10,0,1,1,0,0,0,0,3,3,0,0,56,6,3,3,1.5,0,1,1,3,1,,,0,-,floor1_town
562,12906,2,Normal,30,4,4,4,0,37,37,0,0,50,0,1,1,0,6,0,1,1,3,0,0,280,16,13,13,3.25,0,1,1,5,3,,,0,-,
562,12906,3,Normal,19,3,3,2,0,37,0,0,1,48,0,1,2,1,6,4,0,0,0,1,0,300,44,11,9,4.5,1,0,0,17,4,RH=Crude Sword|LH=Crude Sword|BD=Crude Armour|A1=Crude Bracelet|A2=Crude Bracelet,Swords_T1_03=1,0,-,party wiped; +1 levelup
563,12907,1,Normal,40,6,6,6,0,37,37,0,0,75,0,1,1,0,6,0,1,3,3,0,0,420,24,18,18,3,0,1,1,7,3,,,0,-,floor1_town
563,12907,2,Normal,25,2,2,2,0,37,37,0,0,10,0,1,1,0,0,0,3,3,3,0,0,56,0,2,2,1,0,1,1,7,1,,,0,-,
563,12907,3,Normal,32,4,4,2,2,37,4,0,2,36,0,1,2,3,7,6,0,0,0,2,0,480,74,16,6,3,0,1,1,20,4,,Swords_T1_03=2,0,-,+1 levelup; flee×2
563,12907,4,Normal,31,2,2,2,0,4,36,2,2,15,0,2,2,0,0,0,0,3,3,2,0,84,8,3,3,1.5,0,1,1,21,2,,Swords_T1_03=2,0,-,
563,12907,5,Normal,40,4,4,4,0,36,36,2,2,40,0,2,2,0,3,2,0,0,1,2,0,224,-2,11,11,2.75,0,1,1,21,1,,Swords_T1_03=2,0,-,
563,12907,6,Normal,38,2,2,2,0,36,46,2,2,35,0,2,2,0,3,2,0,0,2,1,0,196,13,9,9,4.5,0,1,1,22,4,,Swords_T1_03=1,0,-,
563,12907,7,Normal,40,4,4,4,0,46,46,2,2,35,0,2,2,0,0,2,0,3,3,3,0,196,20,9,9,2.25,0,1,1,23,1,,Swords_T1_03=3,0,-,
563,12907,8,Normal,5,1,1,0,0,46,0,2,2,0,0,2,2,0,1,0,0,2,3,0,0,27,46,1,0,0,1,0,0,29,4,RH=Crude Sword|LH=Crude Sword|BD=Crude Armour|A1=Crude Bracelet|A2=Crude Bracelet,,0,-,party wiped
564,12908,1,Normal,38,3,3,3,0,37,37,0,0,20,0,1,1,0,1,0,2,3,3,0,0,112,0,4,4,1.333,0,1,1,4,1,,,0,-,floor1_town
564,12908,2,Normal,29,4,4,4,0,37,29,0,0,25,0,1,1,0,0,0,3,3,3,0,0,140,8,5,5,1.25,0,1,1,4,2,,,0,-,
564,12908,3,Normal,25,3,3,3,0,29,37,0,0,48,0,1,1,0,4,0,5,2,3,0,0,240,0,8,8,2.667,0,1,1,22,1,,,0,-,
564,12908,4,Normal,31,4,4,4,0,37,36,0,3,40,0,1,2,0,2,1,5,0,2,2,0,224,15,10,10,2.5,0,1,1,22,1,,Swords_T1_03=2,0,-,+1 levelup
564,12908,5,Normal,29,5,5,5,0,36,33,3,3,55,0,2,2,2,0,2,3,0,0,2,0,308,1,14,14,2.8,0,1,1,22,1,,Swords_T1_03=2,0,-,
564,12908,6,Normal,29,2,2,2,0,33,45,3,3,20,0,2,2,1,0,0,2,3,3,0,0,112,9,5,5,2.5,0,1,1,23,1,,,0,-,
564,12908,7,Normal,39,3,3,3,0,45,42,3,3,15,0,2,2,0,0,0,2,3,3,3,0,84,0,3,3,1,0,1,1,23,1,,Swords_T1_03=3,0,-,
564,12908,8,Normal,4,1,1,0,0,42,0,3,3,0,0,2,2,0,0,0,2,3,3,1,0,50,44,1,0,0,1,0,0,29,1,RH=Crude Sword|LH=Crude Sword|BD=Crude Armour|A1=Crude Bracelet|A2=Crude Bracelet,Swords_T1_03=1,0,-,party wiped
565,12909,1,Normal,36,2,2,2,0,37,37,0,0,40,0,1,1,0,5,0,1,3,3,0,0,224,8,8,8,4,0,1,1,3,4,,,0,-,floor1_town
565,12909,2,Normal,28,1,1,1,0,37,29,0,0,15,0,1,1,0,1,0,1,2,3,0,0,84,8,4,4,4,0,1,1,3,3,,,0,-,
565,12909,3,Normal,1,1,1,0,0,29,0,0,0,0,0,1,1,1,3,3,0,0,0,0,0,120,37,4,0,0,1,0,0,9,4,RH=Crude Sword|LH=Crude Sword|BD=Crude Armour|A1=Crude Bracelet|A2=Crude Bracelet,,0,-,party wiped
566,12910,1,Normal,34,5,5,5,0,37,37,0,0,65,0,1,1,1,9,5,1,3,3,0,0,364,2,19,19,3.8,0,1,1,6,4,,,0,-,floor1_town
566,12910,2,Normal,25,1,1,1,0,37,37,0,0,15,0,1,1,0,2,0,1,1,3,0,0,84,0,4,4,4,0,1,1,6,3,,,0,-,
566,12910,3,Normal,6,1,1,0,0,37,0,0,0,0,0,1,1,1,3,3,0,0,0,0,0,88,37,3,0,0,1,0,0,12,4,RH=Crude Sword|LH=Crude Sword|BD=Crude Armour|A1=Crude Bracelet|A2=Crude Bracelet,,0,-,party wiped
567,12911,1,Normal,32,4,4,4,0,37,37,0,0,65,0,1,1,0,8,1,1,3,3,0,0,364,8,17,17,4.25,0,1,1,5,3,,,0,-,floor1_town
567,12911,2,Normal,33,3,3,3,0,37,29,0,0,25,0,1,1,0,1,0,2,2,3,0,0,140,8,6,6,2,0,1,1,5,2,,,0,-,
567,12911,3,Normal,21,4,4,3,0,29,0,0,3,72,0,1,2,3,6,6,0,0,0,3,0,508,84,20,15,5,1,0,0,12,3,RH=Crude Sword|LH=Crude Sword|BD=Crude Armour|A1=Crude Bracelet|A2=Crude Bracelet,Swords_T1_03=3,0,-,party wiped; +1 levelup
568,12912,1,Normal,30,2,2,2,0,37,37,0,0,10,0,1,1,0,0,0,2,3,3,0,0,56,6,3,3,1.5,0,1,1,3,1,,,0,-,floor1_town
568,12912,2,Normal,30,3,3,3,0,37,37,0,0,20,0,1,1,0,1,0,2,2,3,0,0,112,0,4,4,1.333,0,1,1,3,1,,,0,-,
568,12912,3,Normal,20,3,3,2,0,37,0,0,0,48,0,1,1,3,6,6,0,0,0,0,0,355,37,13,9,4.5,1,0,0,21,4,RH=Crude Sword|LH=Crude Sword|BD=Crude Armour|A1=Crude Bracelet|A2=Crude Bracelet,,0,-,party wiped
569,12913,1,Normal,28,3,3,3,0,37,37,0,0,30,0,1,1,0,2,0,0,3,3,0,0,168,14,8,8,2.667,0,1,1,4,3,,,0,-,floor1_town
569,12913,2,Normal,33,5,5,5,0,37,37,0,0,65,0,1,1,0,6,4,0,3,3,0,0,364,32,18,18,3.6,0,1,1,6,1,,,0,-,
569,12913,3,Normal,35,4,4,3,0,37,0,0,1,60,0,1,2,1,3,3,0,0,0,2,0,335,42,11,9,3,1,0,0,12,4,RH=Crude Sword|LH=Crude Sword|BD=Crude Armour|A1=Crude Bracelet|A2=Crude Bracelet,Swords_T1_03=2,0,-,party wiped; +1 levelup
570,12914,1,Normal,26,3,3,3,0,37,37,0,0,45,0,1,1,0,5,2,2,3,3,0,0,252,8,11,11,3.667,0,1,1,4,3,,,0,-,floor1_town
570,12914,2,Normal,25,2,2,2,0,37,19,0,0,35,0,1,1,0,3,3,2,0,0,0,0,196,18,11,11,5.5,0,1,1,4,4,,,0,-,
570,12914,3,Normal,35,4,4,4,0,19,46,0,3,60,0,1,2,0,4,2,4,0,1,1,0,300,-1,9,9,2.25,0,1,1,16,1,,Swords_T1_03=1,0,-,+1 levelup
570,12914,4,Normal,39,2,2,2,0,46,30,3,3,35,0,2,2,1,0,1,3,0,0,2,0,196,14,7,7,3.5,0,1,1,16,4,,Swords_T1_03=2,0,-,
570,12914,5,Normal,29,3,3,3,0,30,25,3,3,50,0,2,2,0,3,3,3,0,0,3,0,280,18,11,11,3.667,0,1,1,17,4,,Swords_T1_03=3,0,-,
570,12914,6,Normal,30,1,1,1,0,25,33,3,3,15,0,2,2,0,1,0,3,2,3,1,0,84,12,4,4,4,0,1,1,18,3,,Swords_T1_03=1,0,-,
570,12914,7,Normal,25,2,2,2,0,33,38,3,3,35,0,2,2,0,2,2,3,0,1,0,0,196,-5,8,8,4,0,1,1,18,3,,,0,-,
570,12914,8,Normal,20,1,1,0,0,38,0,3,3,0,0,2,2,1,0,0,2,3,3,0,0,30,46,1,0,0,1,0,0,24,2,RH=Crude Sword|LH=Crude Sword|BD=Crude Armour|A1=Crude Bracelet|A2=Crude Bracelet,,0,-,party wiped
571,12915,1,Normal,40,4,4,4,0,37,37,0,0,75,0,1,1,0,10,5,0,3,3,0,0,420,21,22,22,5.5,0,1,1,5,4,,,0,-,floor1_town
571,12915,2,Normal,33,4,4,4,0,37,23,0,2,55,0,1,2,0,3,3,1,0,0,0,0,308,29,13,13,3.25,0,1,1,5,2,,,0,-,+1 levelup
571,12915,3,Normal,37,3,3,3,0,23,27,2,2,60,0,2,2,1,3,3,1,0,0,3,0,300,14,9,9,3,0,1,1,6,3,,Swords_T1_03=3,0,-,
571,12915,4,Normal,32,4,4,4,0,27,44,2,2,55,0,2,2,0,6,2,1,0,1,3,0,308,10,14,14,3.5,0,1,1,8,2,,Swords_T1_03=3,0,-,
571,12915,5,Normal,29,3,3,3,0,44,21,2,2,35,0,2,2,1,0,1,0,0,0,3,0,196,20,9,9,3,0,1,1,8,2,,Swords_T1_03=3,0,-,
571,12915,6,Normal,38,4,4,4,0,21,29,2,4,50,0,2,3,0,3,3,0,0,0,3,0,280,34,14,14,3.5,0,1,1,9,2,,Swords_T1_03=2|Swords_T1_04=1,0,-,+1 levelup
571,12915,7,Normal,28,3,3,3,0,29,45,4,4,35,0,3,3,0,3,2,0,0,1,3,0,196,6,10,10,3.333,0,1,1,10,1,,Swords_T1_03=1|Swords_T1_04=2,0,-,
571,12915,8,Normal,14,3,3,2,0,45,0,4,4,120,0,3,3,0,9,8,0,0,1,7,0,404,53,13,11,5.5,1,0,0,28,4,RH=Crude Sword|LH=Crude Sword|BD=Crude Armour|A1=Crude Bracelet|A2=Crude Bracelet,Swords_T1_03=3|Swords_T1_04=4,0,-,party wiped
572,12916,1,Normal,38,5,5,5,0,37,37,0,0,75,0,1,1,1,8,4,0,3,3,0,0,420,37,21,21,4.2,0,1,1,6,2,,,0,-,floor1_town
572,12916,2,Normal,26,2,2,2,0,37,45,0,1,25,0,1,2,0,2,0,1,1,3,0,0,140,0,5,5,2.5,0,1,1,6,3,,,0,-,+1 levelup
572,12916,3,Normal,26,3,3,3,0,45,37,1,1,84,0,2,2,3,4,6,0,0,0,3,0,420,16,15,15,5,0,1,1,7,3,,Swords_T1_03=3,0,-,
572,12916,4,Normal,11,1,1,0,0,37,0,1,1,0,0,2,2,0,0,0,0,0,0,1,0,55,36,2,0,0,1,0,0,7,4,RH=Crude Sword|LH=Crude Sword|BD=Crude Armour|A1=Crude Bracelet|A2=Crude Bracelet,Swords_T1_03=1,0,-,party wiped
573,12917,1,Normal,36,3,3,3,0,37,37,0,0,35,0,1,1,0,4,2,0,3,3,0,0,196,8,10,10,3.333,0,1,1,4,4,,,0,-,floor1_town
573,12917,2,Normal,40,5,5,5,0,37,46,0,2,65,0,1,2,0,6,2,0,0,2,0,0,364,16,18,18,3.6,0,1,1,6,4,,,0,-,+1 levelup
573,12917,3,Normal,7,1,1,0,0,46,0,2,2,0,0,2,2,2,0,2,0,0,0,0,0,70,46,5,0,0,1,0,0,6,3,RH=Crude Sword|LH=Crude Sword|BD=Crude Armour|A1=Crude Bracelet|A2=Crude Bracelet,,0,-,party wiped
574,12918,1,Normal,34,4,4,4,0,37,37,0,0,30,0,1,1,0,1,0,1,3,3,0,0,168,28,9,9,2.25,0,1,1,5,1,,,0,-,floor1_town
574,12918,2,Normal,38,3,3,3,0,37,37,0,0,25,0,1,1,0,0,0,3,3,3,0,0,140,16,5,5,1.667,0,1,1,7,1,,,0,-,
574,12918,3,Normal,30,2,2,2,0,37,45,0,1,48,0,1,2,2,3,3,1,3,3,0,0,240,14,9,9,4.5,0,1,1,19,1,,,0,-,+1 levelup
574,12918,4,Normal,29,2,2,2,0,45,37,1,1,20,0,2,2,0,2,0,1,1,3,1,0,112,7,5,5,2.5,0,1,1,19,3,,Swords_T1_03=1,0,-,
574,12918,5,Normal,35,4,4,4,0,37,37,1,1,70,0,2,2,1,4,3,0,0,3,3,0,392,26,18,18,4.5,0,1,1,20,4,,Swords_T1_03=3,0,-,
574,12918,6,Normal,25,2,2,2,0,37,45,1,1,15,0,2,2,0,0,1,0,0,2,2,0,84,-10,3,3,1.5,0,1,1,20,2,,Swords_T1_03=2,0,-,
574,12918,7,Normal,36,5,5,4,1,45,45,1,1,60,0,2,2,0,3,4,0,0,1,4,0,392,44,16,14,3.5,0,1,1,21,2,,Swords_T1_03=4,0,-,flee×1
574,12918,8,Normal,9,2,2,1,0,45,0,1,3,60,0,2,3,0,5,3,0,0,0,4,0,272,59,9,3,3,1,0,0,33,1,RH=Crude Sword|LH=Crude Sword|BD=Crude Armour|A1=Crude Bracelet|A2=Crude Bracelet,Swords_T1_03=2|Swords_T1_04=2,0,-,party wiped; +1 levelup
575,12919,1,Normal,32,1,1,1,0,37,37,0,0,5,0,1,1,0,0,0,2,3,3,0,0,28,0,1,1,1,0,1,1,2,1,,,0,-,floor1_town
575,12919,2,Normal,27,2,2,2,0,37,37,0,0,40,0,1,1,2,3,3,0,0,0,0,0,224,0,10,10,5,0,1,1,2,4,,,0,-,
575,12919,3,Normal,5,1,1,0,0,37,0,0,0,0,0,1,1,2,3,3,0,0,0,0,0,123,37,4,0,0,1,0,0,8,4,RH=Crude Sword|LH=Crude Sword|BD=Crude Armour|A1=Crude Bracelet|A2=Crude Bracelet,,0,-,party wiped
576,12920,1,Normal,30,3,3,3,0,37,37,0,0,40,0,1,1,0,5,0,1,3,3,0,0,224,16,12,12,4,0,1,1,4,2,,,0,-,floor1_town
576,12920,2,Normal,5,2,2,1,0,37,0,0,0,20,0,1,1,1,3,3,0,0,0,0,0,165,37,9,6,6,1,0,0,4,4,RH=Crude Sword|LH=Crude Sword|BD=Crude Armour|A1=Crude Bracelet|A2=Crude Bracelet,,0,-,party wiped
577,12921,1,Normal,28,4,4,4,0,37,37,0,0,50,0,1,1,0,6,4,2,3,3,0,0,280,8,13,13,3.25,0,1,1,5,4,,,0,-,floor1_town
577,12921,2,Normal,28,4,4,4,0,37,29,0,0,35,0,1,1,0,1,0,2,3,3,0,0,196,16,7,7,1.75,0,1,1,6,2,,,0,-,
577,12921,3,Normal,1,1,1,0,0,29,0,0,0,0,0,1,1,2,3,3,0,0,0,0,0,123,37,4,0,0,1,0,0,12,4,RH=Crude Sword|LH=Crude Sword|BD=Crude Armour|A1=Crude Bracelet|A2=Crude Bracelet,,0,-,party wiped
578,12922,1,Normal,26,3,3,3,0,37,37,0,0,25,0,1,1,0,1,0,0,3,3,0,0,140,0,5,5,1.667,0,1,1,4,1,,,0,-,floor1_town
578,12922,2,Normal,31,2,2,2,0,37,29,0,0,20,0,1,1,0,0,0,0,3,3,0,0,112,16,4,4,2,0,1,1,5,2,,,0,-,
578,12922,3,Normal,3,1,1,0,0,29,0,0,0,0,0,1,1,2,3,3,0,0,0,0,0,176,37,6,0,0,1,0,0,11,4,RH=Crude Sword|LH=Crude Sword|BD=Crude Armour|A1=Crude Bracelet|A2=Crude Bracelet,,0,-,party wiped
579,12923,1,Normal,40,4,4,4,0,37,37,0,0,60,0,1,1,0,9,1,2,3,3,0,0,336,6,18,18,4.5,0,1,1,5,1,,,0,-,floor1_town
579,12923,2,Normal,40,6,6,6,0,37,44,0,2,65,0,1,2,0,4,2,4,0,1,1,0,364,27,18,18,3,0,1,1,8,3,,Swords_T1_03=1,0,-,+1 levelup
579,12923,3,Normal,12,2,2,1,0,44,0,2,2,36,0,2,2,4,3,4,0,0,0,1,0,316,64,11,7,7,1,0,0,9,4,RH=Crude Sword|LH=Crude Sword|BD=Crude Armour|A1=Crude Bracelet|A2=Crude Bracelet,Swords_T1_03=1,0,-,party wiped
580,12924,1,Normal,38,3,3,3,0,37,37,0,0,30,0,1,1,0,3,2,0,3,3,0,0,168,8,8,8,2.667,0,1,1,4,1,,,0,-,floor1_town
580,12924,2,Normal,40,5,5,5,0,37,37,0,0,55,0,1,1,0,5,3,1,1,3,0,0,308,29,14,14,2.8,0,1,1,6,1,,,0,-,
580,12924,3,Normal,10,2,2,1,0,37,0,0,0,12,0,1,1,2,4,3,0,0,0,0,0,208,37,7,2,2,1,0,0,18,4,RH=Crude Sword|LH=Crude Sword|BD=Crude Armour|A1=Crude Bracelet|A2=Crude Bracelet,,0,-,party wiped
581,12925,1,Normal,36,3,3,3,0,37,37,0,0,30,0,1,1,0,2,0,1,3,3,0,0,168,8,7,7,2.333,0,1,1,4,2,,,0,-,floor1_town
581,12925,2,Normal,35,5,5,5,0,37,46,0,3,75,0,1,2,0,6,4,3,0,2,0,0,420,21,20,20,4,0,1,1,5,2,,,0,-,+1 levelup
581,12925,3,Normal,38,5,5,5,0,46,7,3,3,144,0,2,2,5,6,8,0,0,0,4,0,720,59,28,28,5.6,0,1,1,7,3,,Swords_T1_03=4,0,-,
581,12925,4,Normal,38,6,6,6,0,7,43,3,3,40,0,2,2,0,2,0,0,1,3,5,0,224,12,10,10,1.667,0,1,1,8,1,,Swords_T1_03=5,0,-,
581,12925,5,Normal,35,5,5,5,0,43,46,3,4,60,0,2,3,0,3,3,0,1,3,4,0,336,34,20,20,4,0,1,1,9,3,,Swords_T1_03=3|Swords_T1_04=1,0,-,+1 levelup
581,12925,6,Normal,30,4,4,4,0,46,46,4,4,50,0,3,3,0,2,3,0,2,3,3,0,280,57,16,16,4,0,1,1,10,2,,Swords_T1_03=2|Swords_T1_04=1,0,-,
581,12925,7,Normal,33,2,2,2,0,46,44,4,4,25,0,3,3,0,2,1,0,0,2,2,0,140,0,9,9,4.5,0,1,1,10,2,,Swords_T1_03=1|Swords_T1_04=1,0,-,
581,12925,8,Normal,12,1,1,0,0,44,0,4,4,0,0,3,3,0,2,0,0,1,3,2,0,123,49,2,0,0,1,0,0,16,2,RH=Crude Sword|LH=Crude Sword|BD=Crude Armour|A1=Crude Bracelet|A2=Crude Bracelet,Swords_T1_03=2,0,-,party wiped
582,12926,1,Normal,33,3,3,3,0,37,37,0,0,30,0,1,1,0,1,0,0,3,3,0,0,168,16,7,7,2.333,0,1,1,4,1,,,0,-,floor1_town
582,12926,2,Normal,25,2,2,2,0,37,31,0,0,30,0,1,1,0,3,3,0,0,0,0,0,168,6,8,8,4,0,1,1,4,4,,,0,-,
582,12926,3,Normal,3,1,1,0,0,31,0,0,0,0,0,1,1,0,3,3,0,0,0,0,0,95,37,4,0,0,1,0,0,10,3,RH=Crude Sword|LH=Crude Sword|BD=Crude Armour|A1=Crude Bracelet|A2=Crude Bracelet,,0,-,party wiped
583,12927,1,Normal,31,4,4,4,0,37,37,0,0,35,0,1,1,0,3,0,1,3,3,0,0,196,16,9,9,2.25,0,1,1,5,1,,,0,-,floor1_town
583,12927,2,Normal,37,5,5,5,0,37,29,0,0,55,0,1,1,0,5,3,1,0,0,0,0,308,16,15,15,3,0,1,1,6,4,,,0,-,
583,12927,3,Normal,1,1,1,0,0,29,0,0,0,0,0,1,1,2,3,3,0,0,0,0,0,106,37,4,0,0,1,0,0,12,4,RH=Crude Sword|LH=Crude Sword|BD=Crude Armour|A1=Crude Bracelet|A2=Crude Bracelet,,0,-,party wiped
584,12928,1,Normal,29,2,2,2,0,37,37,0,0,35,0,1,1,0,4,3,0,3,3,0,0,196,0,10,10,5,0,1,1,3,4,,,0,-,floor1_town
584,12928,2,Normal,25,3,3,3,0,37,37,0,0,35,0,1,1,0,6,2,0,0,3,0,0,196,6,12,12,4,0,1,1,4,1,,,0,-,
584,12928,3,Normal,35,2,2,1,1,37,37,0,0,24,0,1,1,2,6,4,0,0,2,0,0,268,35,9,4,4,0,1,1,16,2,,,0,-,flee×1
584,12928,4,Normal,38,3,3,2,1,37,45,0,2,15,0,1,2,0,0,2,0,3,3,0,0,140,47,7,4,2,0,1,1,18,2,,,0,-,+1 levelup; flee×1
584,12928,5,Normal,36,2,2,2,0,45,37,2,2,25,0,2,2,0,3,0,0,0,3,1,0,140,7,6,6,3,0,1,1,18,4,,Swords_T1_03=1,0,-,
584,12928,6,Normal,32,3,3,3,0,37,37,2,2,30,0,2,2,0,0,2,0,0,1,1,0,168,-1,7,7,2.333,0,1,1,18,4,,Swords_T1_03=1,0,-,
584,12928,7,Normal,31,6,6,6,0,37,37,2,2,70,0,2,2,0,4,2,0,0,2,2,0,392,34,19,19,3.167,0,1,1,20,4,,Swords_T1_03=2,0,-,
584,12928,8,Normal,4,1,1,0,0,37,0,2,2,0,0,2,2,0,0,0,0,3,3,1,0,48,44,1,0,0,1,0,0,26,4,RH=Crude Sword|LH=Crude Sword|BD=Crude Armour|A1=Crude Bracelet|A2=Crude Bracelet,Swords_T1_03=1,0,-,party wiped
585,12929,1,Normal,27,1,1,1,0,37,37,0,0,10,0,1,1,0,0,0,1,3,3,0,0,56,6,5,5,5,0,1,1,2,2,,,0,-,floor1_town
585,12929,2,Normal,33,5,5,5,0,37,37,0,0,70,0,1,1,0,6,0,3,2,3,0,0,392,30,18,18,3.6,0,1,1,6,2,,,0,-,
585,12929,3,Normal,27,2,2,2,0,37,43,0,2,60,0,1,2,5,3,3,0,0,0,1,0,300,32,10,10,5,0,1,1,12,1,,Swords_T1_03=1,0,-,+1 levelup
585,12929,4,Normal,28,2,2,2,0,43,44,2,2,15,0,2,2,0,0,0,0,3,3,0,0,84,13,3,3,1.5,0,1,1,13,1,,,0,-,
585,12929,5,Normal,34,4,4,4,0,44,31,2,2,45,0,2,2,0,3,1,0,0,2,2,0,252,11,12,12,3,0,1,1,13,3,,Swords_T1_03=2,0,-,
585,12929,6,Normal,39,3,3,3,0,31,36,2,2,40,0,2,2,0,3,0,0,2,3,1,0,224,20,10,10,3.333,0,1,1,15,1,,Swords_T1_03=1,0,-,
585,12929,7,Normal,32,4,4,4,0,36,52,2,5,65,0,2,3,0,5,5,0,0,1,3,0,364,18,19,19,4.75,0,1,1,16,4,,Swords_T1_03=3,0,-,+1 levelup
585,12929,8,Normal,1,1,1,0,0,52,0,5,5,0,0,3,3,0,2,0,0,1,3,1,0,110,50,2,0,0,1,0,0,22,2,RH=Crude Sword|LH=Crude Sword|BD=Crude Armour|A1=Crude Bracelet|A2=Crude Bracelet,Swords_T1_03=1,0,-,party wiped
586,12930,1,Normal,25,2,2,2,0,37,37,0,0,30,0,1,1,0,4,1,2,3,3,0,0,168,8,9,9,4.5,0,1,1,3,4,,,0,-,floor1_town
586,12930,2,Normal,28,4,4,4,0,37,37,0,0,55,0,1,1,1,3,3,3,0,0,0,0,308,6,16,16,4,0,1,1,4,4,,,0,-,
586,12930,3,Normal,38,4,4,3,0,37,0,0,2,84,0,1,2,5,3,3,0,0,0,2,0,517,43,16,13,4.333,1,0,0,10,3,RH=Crude Sword|LH=Crude Sword|BD=Crude Armour|A1=Crude Bracelet|A2=Crude Bracelet,Swords_T1_03=2,0,-,party wiped; +1 levelup
587,12931,1,Normal,39,1,1,1,0,37,37,0,0,10,0,1,1,0,0,0,1,3,3,0,0,56,8,2,2,2,0,1,1,2,2,,,0,-,floor1_town
587,12931,2,Normal,25,3,3,3,0,37,37,0,0,50,0,1,1,0,6,5,1,0,0,0,0,280,8,15,15,5,0,1,1,3,4,,,0,-,
587,12931,3,Normal,1,1,1,0,0,37,0,0,0,0,0,1,1,0,3,3,1,0,0,0,0,163,37,5,0,0,1,0,0,9,3,RH=Crude Sword|LH=Crude Sword|BD=Crude Armour|A1=Crude Bracelet|A2=Crude Bracelet,,0,-,party wiped
588,12932,1,Normal,37,3,3,3,0,37,37,0,0,35,0,1,1,0,3,0,2,3,3,0,0,196,16,9,9,3,0,1,1,4,1,,,0,-,floor1_town
588,12932,2,Normal,38,5,5,5,0,37,45,0,2,65,0,1,2,2,6,4,0,0,2,0,0,364,29,19,19,3.8,0,1,1,6,3,,,0,-,+1 levelup
588,12932,3,Normal,38,5,5,5,0,45,32,2,2,108,0,2,2,0,4,1,0,2,3,5,0,540,32,15,15,3,0,1,1,8,2,,Swords_T1_03=5,0,-,
588,12932,4,Normal,39,4,4,4,0,32,44,2,2,30,0,2,2,0,2,0,0,1,3,3,0,168,-2,8,8,2,0,1,1,9,1,,Swords_T1_03=3,0,-,
588,12932,5,Normal,20,3,3,2,0,44,0,2,2,20,0,2,2,0,1,3,0,0,0,2,0,217,42,10,5,2.5,1,0,0,9,4,RH=Crude Sword|LH=Crude Sword|BD=Crude Armour|A1=Crude Bracelet|A2=Crude Bracelet,Swords_T1_03=2,0,-,party wiped
589,12933,1,Normal,35,3,3,3,0,37,37,0,0,20,0,1,1,0,0,0,0,3,3,0,0,112,8,4,4,1.333,0,1,1,4,2,,,0,-,floor1_town
589,12933,2,Normal,28,3,3,3,0,37,29,0,0,55,0,1,1,0,5,3,0,0,0,0,0,308,16,14,14,4.667,0,1,1,5,4,,,0,-,
589,12933,3,Normal,27,2,2,1,0,29,0,0,0,24,0,1,1,1,6,4,0,0,0,0,0,271,37,9,4,4,1,0,0,17,3,RH=Crude Sword|LH=Crude Sword|BD=Crude Armour|A1=Crude Bracelet|A2=Crude Bracelet,,0,-,party wiped
590,12934,1,Normal,33,4,4,4,0,37,37,0,0,45,0,1,1,0,3,1,2,3,3,0,0,252,24,11,11,2.75,0,1,1,5,2,,,0,-,floor1_town
590,12934,2,Normal,29,5,5,5,0,37,38,0,2,65,0,1,2,0,6,5,2,0,1,0,0,364,20,19,19,3.8,0,1,1,6,2,,,0,-,+1 levelup
590,12934,3,Normal,37,5,5,5,0,38,26,2,2,144,0,2,2,3,9,6,0,0,0,4,0,720,61,23,23,4.6,0,1,1,9,4,,Swords_T1_03=4,0,-,
590,12934,4,Normal,40,5,5,5,0,26,52,2,4,50,0,2,3,0,3,1,0,3,3,2,0,280,23,13,13,2.6,0,1,1,11,2,,Swords_T1_03=2,0,-,+1 levelup
590,12934,5,Normal,39,3,3,3,0,52,50,4,4,30,0,3,3,0,3,2,0,0,1,3,0,168,0,9,9,3,0,1,1,11,1,,Swords_T1_03=1|Swords_T1_04=2,0,-,
590,12934,6,Normal,34,4,4,4,0,50,45,4,4,60,0,3,3,0,3,1,0,0,3,2,0,336,34,13,13,3.25,0,1,1,12,3,,Swords_T1_03=2,0,-,
590,12934,7,Normal,31,4,4,3,1,45,45,4,4,35,0,3,3,0,0,3,0,3,3,1,0,280,39,12,7,2.333,0,1,1,13,2,,Swords_T1_03=1,0,-,flee×1
590,12934,8,Normal,9,1,1,0,0,45,0,4,4,0,0,3,3,0,3,3,0,0,0,1,0,32,52,3,0,0,1,0,0,19,2,RH=Crude Sword|LH=Crude Sword|BD=Crude Armour|A1=Crude Bracelet|A2=Crude Bracelet,Swords_T1_04=1,0,-,party wiped
591,12935,1,Normal,31,5,5,5,0,37,37,0,0,60,0,1,1,0,6,0,0,3,3,0,0,336,8,14,14,2.8,0,1,1,6,3,,,0,-,floor1_town
591,12935,2,Normal,39,2,2,2,0,37,37,0,0,35,0,1,1,0,3,3,1,0,0,0,0,196,0,10,10,5,0,1,1,6,4,,,0,-,
591,12935,3,Normal,21,1,1,0,0,37,0,0,0,0,0,1,1,2,3,3,1,0,0,0,0,112,37,6,0,0,1,0,0,12,4,RH=Crude Sword|LH=Crude Sword|BD=Crude Armour|A1=Crude Bracelet|A2=Crude Bracelet,,0,-,party wiped
592,12936,1,Normal,29,2,2,2,0,37,37,0,0,15,0,1,1,0,0,0,1,3,3,0,0,84,0,3,3,1.5,0,1,1,3,1,,,0,-,floor1_town
592,12936,2,Normal,37,3,3,3,0,37,37,0,0,50,0,1,1,0,4,3,1,0,0,0,0,280,8,12,12,4,0,1,1,4,3,,,0,-,
592,12936,3,Normal,24,2,2,1,0,37,0,0,0,24,0,1,1,1,6,4,0,0,0,0,0,236,37,8,4,4,1,0,0,16,4,RH=Crude Sword|LH=Crude Sword|BD=Crude Armour|A1=Crude Bracelet|A2=Crude Bracelet,,0,-,party wiped
593,12937,1,Normal,27,4,4,4,0,37,37,0,0,45,0,1,1,0,4,2,0,3,3,0,0,252,8,13,13,3.25,0,1,1,5,4,,,0,-,floor1_town
593,12937,2,Normal,25,1,1,1,0,37,37,0,0,15,0,1,1,0,1,0,2,2,3,0,0,84,0,3,3,3,0,1,1,5,3,,,0,-,
593,12937,3,Normal,27,5,5,4,0,37,0,0,3,72,0,1,2,3,6,5,0,0,0,2,0,536,54,17,12,3,1,0,0,23,4,RH=Crude Sword|LH=Crude Sword|BD=Crude Armour|A1=Crude Bracelet|A2=Crude Bracelet,Swords_T1_03=2,0,-,party wiped; +1 levelup
594,12938,1,Normal,25,4,4,4,0,37,37,0,0,35,0,1,1,0,3,0,1,3,3,0,0,196,8,10,10,2.5,0,1,1,5,1,,,0,-,floor1_town
594,12938,2,Normal,27,4,4,4,0,37,37,0,0,30,0,1,1,0,1,0,2,2,3,0,0,168,8,6,6,1.5,0,1,1,6,1,,,0,-,
594,12938,3,Normal,39,5,5,5,0,37,41,0,3,132,0,1,2,3,8,6,1,0,0,2,0,660,21,24,24,4.8,0,1,1,25,4,,Swords_T1_03=2,0,-,+1 levelup
594,12938,4,Normal,31,2,2,2,0,41,45,3,3,30,0,2,2,0,3,0,1,0,3,0,0,168,12,10,10,5,0,1,1,26,4,,,0,-,
594,12938,5,Normal,37,5,5,5,0,45,45,3,3,60,0,2,2,1,0,3,0,0,0,3,0,336,-3,15,15,3,0,1,1,26,3,,Swords_T1_03=3,0,-,
594,12938,6,Normal,10,2,2,1,0,45,0,3,3,5,0,2,2,0,0,0,0,0,0,0,0,76,45,4,1,1,1,0,0,26,4,RH=Crude Sword|LH=Crude Sword|BD=Crude Armour|A1=Crude Bracelet|A2=Crude Bracelet,,0,-,party wiped
595,12939,1,Normal,39,4,4,4,0,37,37,0,0,55,0,1,1,0,5,0,2,3,3,0,0,308,8,13,13,3.25,0,1,1,5,4,,,0,-,floor1_town
595,12939,2,Normal,33,4,4,4,0,37,37,0,0,35,0,1,1,0,3,1,3,0,2,0,0,196,0,10,10,2.5,0,1,1,5,1,,,0,-,
595,12939,3,Normal,25,3,3,3,0,37,43,0,2,72,0,1,2,5,3,3,0,3,3,1,0,360,15,11,11,3.667,0,1,1,12,1,,Swords_T1_03=1,0,-,+1 levelup
595,12939,4,Normal,40,3,3,3,0,43,44,2,2,45,0,2,2,0,3,1,0,0,2,0,0,252,-1,10,10,3.333,0,1,1,12,4,,,0,-,
595,12939,5,Normal,37,3,3,2,1,44,6,2,2,30,0,2,2,0,0,2,0,0,0,1,0,196,37,8,6,3,0,1,1,12,3,,Swords_T1_03=1,0,-,flee×1
595,12939,6,Normal,37,5,5,5,0,6,36,2,2,60,0,2,2,0,3,1,0,0,2,1,0,336,7,13,13,2.6,0,1,1,13,2,,Swords_T1_03=1,0,-,
595,12939,7,Normal,29,3,3,3,0,36,44,2,4,50,0,2,3,0,2,2,0,1,3,2,0,280,26,10,10,3.333,0,1,1,14,4,,Swords_T1_03=2,0,-,+1 levelup
595,12939,8,Normal,9,1,1,0,0,44,0,4,4,0,0,3,3,0,3,1,0,0,2,1,0,279,50,6,0,0,1,0,0,20,2,RH=Crude Sword|LH=Crude Sword|BD=Crude Armour|A1=Crude Bracelet|A2=Crude Bracelet,Swords_T1_03=1,0,-,party wiped
596,12940,1,Normal,37,2,2,2,0,37,37,0,0,30,0,1,1,0,4,0,1,3,3,0,0,168,14,9,9,4.5,0,1,1,3,3,,,0,-,floor1_town
596,12940,2,Normal,38,2,2,2,0,37,31,0,0,10,0,1,1,0,0,0,3,3,3,0,0,56,6,3,3,1.5,0,1,1,3,1,,,0,-,
596,12940,3,Normal,21,2,2,1,0,31,0,0,0,24,0,1,1,3,6,3,0,0,0,0,0,296,37,10,4,4,1,0,0,15,4,RH=Crude Sword|LH=Crude Sword|BD=Crude Armour|A1=Crude Bracelet|A2=Crude Bracelet,,0,-,party wiped
597,12941,1,Normal,35,4,4,4,0,37,37,0,0,35,0,1,1,0,3,0,2,3,3,0,0,196,0,8,8,2,0,1,1,5,1,,,0,-,floor1_town
597,12941,2,Normal,25,3,3,3,0,37,37,0,0,40,0,1,1,0,3,3,4,0,0,0,0,224,0,12,12,4,0,1,1,5,2,,,0,-,
597,12941,3,Normal,17,3,3,2,0,37,0,0,3,72,0,1,2,5,6,4,0,0,0,0,0,416,60,14,13,6.5,1,0,0,17,4,RH=Crude Sword|LH=Crude Sword|BD=Crude Armour|A1=Crude Bracelet|A2=Crude Bracelet,,0,-,party wiped; +1 levelup
598,12942,1,Normal,33,5,5,5,0,37,37,0,0,55,0,1,1,0,6,1,1,3,3,0,0,308,0,13,13,2.6,0,1,1,6,3,,,0,-,floor1_town
598,12942,2,Normal,39,7,7,7,0,37,20,0,2,85,0,1,2,0,4,3,1,0,0,1,0,476,39,20,20,2.857,0,1,1,7,4,,Swords_T1_03=1,0,-,+1 levelup
598,12942,3,Normal,23,3,3,2,0,20,0,2,2,48,0,2,2,1,3,3,0,0,0,2,0,240,42,8,7,3.5,1,0,0,8,4,RH=Crude Sword|LH=Crude Sword|BD=Crude Armour|A1=Crude Bracelet|A2=Crude Bracelet,Swords_T1_03=2,0,-,party wiped
599,12943,1,Normal,31,5,5,5,0,37,37,0,0,55,0,1,1,0,4,0,2,3,3,0,0,308,24,12,12,2.4,0,1,1,6,2,,,0,-,floor1_town
599,12943,2,Normal,38,3,3,3,0,37,37,0,0,20,0,1,1,0,2,0,2,1,3,0,0,112,0,5,5,1.667,0,1,1,6,2,,,0,-,
599,12943,3,Normal,34,3,3,2,0,37,0,0,0,24,0,1,1,1,5,3,1,0,0,0,0,268,37,10,4,2,1,0,0,24,3,RH=Crude Sword|LH=Crude Sword|BD=Crude Armour|A1=Crude Bracelet|A2=Crude Bracelet,,0,-,party wiped
600,12944,1,Normal,29,4,4,4,0,37,37,0,0,70,0,1,1,0,9,4,0,3,3,0,0,392,8,18,18,4.5,0,1,1,5,2,,,0,-,floor1_town
600,12944,2,Normal,26,4,4,4,0,37,44,0,2,30,0,1,2,0,1,0,1,2,3,0,0,168,8,6,6,1.5,0,1,1,6,1,,,0,-,+1 levelup
600,12944,3,Normal,2,1,1,0,0,44,0,2,2,0,0,2,2,1,2,3,0,0,0,1,0,140,43,5,0,0,1,0,0,6,4,RH=Crude Sword|LH=Crude Sword|BD=Crude Armour|A1=Crude Bracelet|A2=Crude Bracelet,Swords_T1_03=1,0,-,party wiped
601,12945,1,Normal,27,1,1,1,0,37,37,0,0,15,0,1,1,0,2,0,2,3,3,0,0,84,8,5,5,5,0,1,1,2,3,,,0,-,floor1_town
601,12945,2,Normal,27,3,3,3,0,37,29,0,0,55,0,1,1,2,3,3,1,0,0,0,0,308,8,15,15,5,0,1,1,2,4,,,0,-,
601,12945,3,Normal,22,3,3,2,0,29,0,0,3,48,0,1,2,3,4,3,0,0,0,1,0,410,43,15,8,4,1,0,0,14,3,RH=Crude Sword|LH=Crude Sword|BD=Crude Armour|A1=Crude Bracelet|A2=Crude Bracelet,Swords_T1_03=1,0,-,party wiped; +1 levelup
602,12946,1,Normal,25,3,3,3,0,37,37,0,0,40,0,1,1,0,6,1,0,3,3,0,0,224,0,11,11,3.667,0,1,1,4,3,,,0,-,floor1_town
602,12946,2,Normal,26,3,3,3,0,37,37,0,0,25,0,1,1,1,3,0,0,0,3,0,0,140,0,8,8,2.667,0,1,1,4,1,,,0,-,
602,12946,3,Normal,16,2,2,1,0,37,0,0,0,12,0,1,1,0,4,3,0,0,0,0,0,148,37,5,2,2,1,0,0,16,4,RH=Crude Sword|LH=Crude Sword|BD=Crude Armour|A1=Crude Bracelet|A2=Crude Bracelet,,0,-,party wiped
603,12947,1,Normal,39,4,4,4,0,37,37,0,0,30,0,1,1,0,1,0,1,3,3,0,0,168,8,6,6,1.5,0,1,1,5,2,,,0,-,floor1_town
603,12947,2,Normal,38,4,4,4,0,37,37,0,0,65,0,1,1,0,5,3,3,2,3,0,0,364,21,16,16,4,0,1,1,7,3,,,0,-,
603,12947,3,Normal,12,2,2,1,0,37,0,0,3,24,0,1,2,3,3,3,0,0,0,1,0,292,44,9,5,5,1,0,0,13,4,RH=Crude Sword|LH=Crude Sword|BD=Crude Armour|A1=Crude Bracelet|A2=Crude Bracelet,Swords_T1_03=1,0,-,party wiped; +1 levelup
604,12948,1,Normal,37,2,2,2,0,37,37,0,0,35,0,1,1,0,4,2,0,3,3,0,0,196,0,8,8,4,0,1,1,3,3,,,0,-,floor1_town
604,12948,2,Normal,38,7,7,7,0,37,44,0,2,95,0,1,2,1,9,3,0,1,3,1,0,532,30,27,27,3.857,0,1,1,6,3,,Swords_T1_03=1,0,-,+1 levelup
604,12948,3,Normal,22,2,2,1,0,44,0,2,2,12,0,2,2,1,1,3,0,0,0,1,0,194,43,6,2,2,1,0,0,6,3,RH=Crude Sword|LH=Crude Sword|BD=Crude Armour|A1=Crude Bracelet|A2=Crude Bracelet,Swords_T1_03=1,0,-,party wiped
605,12949,1,Normal,35,4,4,4,0,37,37,0,0,35,0,1,1,0,3,3,1,3,3,0,0,196,0,9,9,2.25,0,1,1,5,1,,,0,-,floor1_town
605,12949,2,Normal,26,2,2,2,0,37,29,0,0,25,0,1,1,0,2,0,3,1,3,0,0,140,8,7,7,3.5,0,1,1,5,4,,,0,-,
605,12949,3,Normal,25,2,2,1,0,29,0,0,0,12,0,1,1,3,4,3,2,0,0,0,0,232,37,8,2,2,1,0,0,17,4,RH=Crude Sword|LH=Crude Sword|BD=Crude Armour|A1=Crude Bracelet|A2=Crude Bracelet,,0,-,party wiped
606,12950,1,Normal,33,2,2,2,0,37,37,0,0,25,0,1,1,0,3,1,2,3,3,0,0,140,8,7,7,3.5,0,1,1,3,1,,,0,-,floor1_town
606,12950,2,Normal,36,6,6,6,0,37,44,0,3,80,0,1,2,1,5,3,1,3,3,0,0,448,25,19,19,3.167,0,1,1,5,1,,,0,-,+1 levelup
606,12950,3,Normal,3,1,1,0,0,44,0,3,3,0,0,2,2,1,3,3,0,0,0,1,0,198,43,6,0,0,1,0,0,5,4,RH=Crude Sword|LH=Crude Sword|BD=Crude Armour|A1=Crude Bracelet|A2=Crude Bracelet,Swords_T1_03=1,0,-,party wiped
607,12951,1,Normal,31,4,4,4,0,37,37,0,0,50,0,1,1,0,6,0,1,3,3,0,0,280,22,14,14,3.5,0,1,1,5,2,,,0,-,floor1_town
607,12951,2,Normal,32,3,3,3,0,37,37,0,0,30,0,1,1,0,3,2,3,0,1,0,0,168,0,8,8,2.667,0,1,1,5,1,,,0,-,
607,12951,3,Normal,9,2,2,1,0,37,0,0,3,24,0,1,2,4,3,3,0,0,0,1,0,271,43,9,4,4,1,0,0,11,4,RH=Crude Sword|LH=Crude Sword|BD=Crude Armour|A1=Crude Bracelet|A2=Crude Bracelet,Swords_T1_03=1,0,-,party wiped; +1 levelup
608,12952,1,Normal,29,2,2,2,0,37,37,0,0,35,0,1,1,0,6,1,2,3,3,0,0,196,8,9,9,4.5,0,1,1,3,4,,,0,-,floor1_town
608,12952,2,Normal,30,4,4,4,0,37,37,0,0,35,0,1,1,0,2,0,4,3,3,0,0,196,16,8,8,2,0,1,1,5,1,,,0,-,
608,12952,3,Normal,40,4,4,4,0,37,45,0,1,96,0,1,2,1,6,5,4,0,1,2,0,480,34,15,15,3.75,0,1,1,12,2,,Swords_T1_03=2,0,-,+1 levelup
608,12952,4,Normal,26,4,4,4,0,45,45,1,1,60,0,2,2,4,1,1,0,2,3,1,0,336,20,16,16,4,0,1,1,13,2,,Swords_T1_03=1,0,-,
608,12952,5,Normal,39,7,7,6,0,45,0,1,1,65,0,2,2,0,2,3,0,0,0,4,0,420,41,17,14,2.333,1,0,0,13,4,RH=Crude Sword|LH=Crude Sword|BD=Crude Armour|A1=Crude Bracelet|A2=Crude Bracelet,Swords_T1_03=4,0,-,party wiped
609,12953,1,Normal,27,4,4,4,0,37,37,0,0,40,0,1,1,0,4,0,0,3,3,0,0,224,8,10,10,2.5,0,1,1,5,2,,,0,-,floor1_town
609,12953,2,Normal,26,4,4,4,0,37,29,0,0,50,0,1,1,0,3,0,1,3,3,0,0,280,16,14,14,3.5,0,1,1,6,2,,,0,-,
609,12953,3,Normal,2,1,1,0,0,29,0,0,0,0,0,1,1,1,3,3,0,0,0,0,0,91,37,3,0,0,1,0,0,12,4,RH=Crude Sword|LH=Crude Sword|BD=Crude Armour|A1=Crude Bracelet|A2=Crude Bracelet,,0,-,party wiped
610,12954,1,Normal,25,1,1,1,0,37,37,0,0,20,0,1,1,0,3,0,2,3,3,0,0,112,0,5,5,5,0,1,1,2,4,,,0,-,floor1_town
610,12954,2,Normal,27,2,2,2,0,37,31,0,0,30,0,1,1,0,3,0,3,0,3,0,0,168,14,8,8,4,0,1,1,3,4,,,0,-,
610,12954,3,Normal,1,1,1,0,0,31,0,0,0,0,0,1,1,4,3,3,0,0,0,0,0,155,37,6,0,0,1,0,0,9,4,RH=Crude Sword|LH=Crude Sword|BD=Crude Armour|A1=Crude Bracelet|A2=Crude Bracelet,,0,-,party wiped
611,12955,1,Normal,39,2,2,2,0,37,37,0,0,25,0,1,1,0,0,0,0,3,3,0,0,140,8,5,5,2.5,0,1,1,3,3,,,0,-,floor1_town
611,12955,2,Normal,31,2,2,2,0,37,37,0,0,10,0,1,1,0,0,0,2,3,3,0,0,56,0,2,2,1,0,1,1,3,1,,,0,-,
611,12955,3,Normal,1,1,1,0,0,37,0,0,0,0,0,1,1,0,3,3,3,0,0,0,0,95,37,3,0,0,1,0,0,9,4,RH=Crude Sword|LH=Crude Sword|BD=Crude Armour|A1=Crude Bracelet|A2=Crude Bracelet,,0,-,party wiped
612,12956,1,Normal,37,2,2,2,0,37,37,0,0,20,0,1,1,0,1,0,1,3,3,0,0,112,8,4,4,2,0,1,1,3,1,,,0,-,floor1_town
612,12956,2,Normal,40,4,4,4,0,37,29,0,0,50,0,1,1,0,4,0,1,0,3,0,0,280,16,13,13,3.25,0,1,1,4,2,,,0,-,
612,12956,3,Normal,31,4,4,2,2,29,37,0,0,24,0,1,1,3,7,6,0,2,3,0,0,403,70,13,4,2,0,1,1,28,1,,,0,-,flee×2
612,12956,4,Normal,33,3,3,3,0,37,37,0,1,30,0,1,2,0,2,1,0,0,2,1,0,168,7,8,8,2.667,0,1,1,28,3,,Swords_T1_03=1,0,-,+1 levelup
612,12956,5,Normal,34,4,4,3,1,37,37,1,1,45,0,2,2,0,6,3,0,0,2,2,0,280,46,16,14,4.667,0,1,1,30,4,,Swords_T1_03=2,0,-,flee×1
612,12956,6,Normal,32,2,2,1,0,37,0,1,1,10,0,2,2,0,0,2,0,0,0,1,0,137,36,6,2,2,1,0,0,30,4,RH=Crude Sword|LH=Crude Sword|BD=Crude Armour|A1=Crude Bracelet|A2=Crude Bracelet,Swords_T1_03=1,0,-,party wiped
613,12957,1,Normal,35,2,2,2,0,37,37,0,0,20,0,1,1,0,1,0,0,3,3,0,0,112,8,4,4,2,0,1,1,3,1,,,0,-,floor1_town
613,12957,2,Normal,38,2,2,2,0,37,29,0,0,25,0,1,1,0,2,0,0,3,3,0,0,140,16,6,6,3,0,1,1,4,2,,,0,-,
613,12957,3,Normal,22,2,2,1,0,29,0,0,0,36,0,1,1,2,6,6,0,0,0,0,0,303,51,11,7,7,1,0,0,16,3,RH=Crude Sword|LH=Crude Sword|BD=Crude Armour|A1=Crude Bracelet|A2=Crude Bracelet,,0,-,party wiped
614,12958,1,Normal,33,2,2,2,0,37,37,0,0,40,0,1,1,0,6,3,1,3,3,0,0,224,8,12,12,6,0,1,1,3,4,,,0,-,floor1_town
614,12958,2,Normal,31,2,2,2,0,37,37,0,0,25,0,1,1,0,3,2,2,0,1,0,0,140,0,6,6,3,0,1,1,3,4,,,0,-,
614,12958,3,Normal,27,2,2,2,0,37,45,0,1,60,0,1,2,2,3,3,1,0,0,1,0,300,21,9,9,4.5,0,1,1,9,2,,Swords_T1_03=1,0,-,+1 levelup
614,12958,4,Normal,34,2,2,2,0,45,36,1,1,25,0,2,2,1,0,0,0,3,3,2,0,140,29,7,7,3.5,0,1,1,10,2,,Swords_T1_03=2,0,-,
614,12958,5,Normal,33,4,4,4,0,36,37,1,1,50,0,2,2,0,3,3,0,0,0,2,0,280,-3,13,13,3.25,0,1,1,10,2,,Swords_T1_03=2,0,-,
614,12958,6,Normal,40,2,2,2,0,37,36,1,1,10,0,2,2,0,0,0,0,0,0,1,0,56,0,2,2,1,0,1,1,10,1,,Swords_T1_03=1,0,-,
614,12958,7,Normal,40,6,6,6,0,36,45,1,1,65,0,2,2,0,3,3,0,3,3,3,0,364,21,17,17,2.833,0,1,1,12,1,,Swords_T1_03=3,0,-,
614,12958,8,Normal,6,1,1,0,0,45,0,1,1,0,0,2,2,0,0,0,0,3,3,1,0,61,44,1,0,0,1,0,0,18,3,RH=Crude Sword|LH=Crude Sword|BD=Crude Armour|A1=Crude Bracelet|A2=Crude Bracelet,Swords_T1_03=1,0,-,party wiped
615,12959,1,Normal,31,4,4,4,0,37,37,0,0,55,0,1,1,0,6,0,0,3,3,0,0,308,16,13,13,3.25,0,1,1,5,4,,,0,-,floor1_town
615,12959,2,Normal,34,2,2,2,0,37,37,0,0,35,0,1,1,0,6,4,1,0,2,0,0,196,8,11,11,5.5,0,1,1,6,3,,,0,-,
615,12959,3,Normal,9,2,2,1,0,37,0,0,2,12,0,1,2,3,3,3,0,0,0,1,0,240,44,8,2,2,1,0,0,12,4,RH=Crude Sword|LH=Crude Sword|BD=Crude Armour|A1=Crude Bracelet|A2=Crude Bracelet,Swords_T1_03=1,0,-,party wiped; +1 levelup
616,12960,1,Normal,29,1,1,1,0,37,37,0,0,5,0,1,1,0,0,0,1,3,3,0,0,28,0,1,1,1,0,1,1,2,1,,,0,-,floor1_town
616,12960,2,Normal,35,3,3,3,0,37,29,0,0,40,0,1,1,0,3,0,3,1,3,0,0,224,16,10,10,3.333,0,1,1,3,2,,,0,-,
616,12960,3,Normal,37,2,2,2,0,29,37,0,0,24,0,1,1,0,2,0,5,2,3,0,0,120,0,4,4,2,0,1,1,15,1,,,0,-,
616,12960,4,Normal,28,1,1,1,0,37,37,0,0,10,0,1,1,0,1,0,5,1,3,0,0,56,0,2,2,2,0,1,1,15,2,,,0,-,
616,12960,5,Normal,33,3,3,3,0,37,37,0,0,20,0,1,1,0,0,0,5,3,3,0,0,112,18,5,5,1.667,0,1,1,17,1,,,0,-,
616,12960,6,Normal,32,3,3,3,0,37,31,0,1,40,0,1,2,0,2,0,5,1,3,0,0,224,21,9,9,3,0,1,1,17,3,,,0,-,+1 levelup
616,12960,7,Normal,29,3,3,3,0,31,44,1,1,40,0,2,2,0,3,1,5,0,2,3,0,224,11,10,10,3.333,0,1,1,18,2,,Swords_T1_03=3,0,-,
616,12960,8,Normal,10,1,1,0,0,44,0,1,1,0,0,2,2,0,1,0,5,2,3,1,0,63,43,2,0,0,1,0,0,24,1,RH=Crude Sword|LH=Crude Sword|BD=Crude Armour|A1=Crude Bracelet|A2=Crude Bracelet,Swords_T1_03=1,0,-,party wiped
617,12961,1,Normal,27,1,1,1,0,37,37,0,0,20,0,1,1,0,3,3,2,3,3,0,0,112,21,5,5,5,0,1,1,2,4,,,0,-,floor1_town
617,12961,2,Normal,28,2,2,2,0,37,37,0,0,35,0,1,1,0,5,2,4,1,3,0,0,196,8,10,10,5,0,1,1,3,3,,,0,-,
617,12961,3,Normal,35,5,5,5,0,37,44,0,3,108,0,1,2,6,5,3,0,0,0,0,0,540,25,19,19,3.8,0,1,1,27,2,,,0,-,+1 levelup
617,12961,4,Normal,24,2,2,1,0,44,0,3,3,5,0,2,2,0,0,0,0,0,0,2,0,81,42,4,2,2,1,0,0,27,4,RH=Crude Sword|LH=Crude Sword|BD=Crude Armour|A1=Crude Bracelet|A2=Crude Bracelet,Swords_T1_03=2,0,-,party wiped
618,12962,1,Normal,25,3,3,3,0,37,37,0,0,40,0,1,1,0,6,1,1,3,3,0,0,224,8,11,11,3.667,0,1,1,4,2,,,0,-,floor1_town
618,12962,2,Normal,25,3,3,3,0,37,29,0,0,45,0,1,1,0,3,2,3,0,1,0,0,252,16,13,13,4.333,0,1,1,5,3,,,0,-,
618,12962,3,Normal,32,5,5,4,1,29,3,0,2,108,0,1,2,5,6,6,0,0,0,4,0,630,59,17,15,3.75,0,1,1,12,4,,Swords_T1_03=4,0,-,+1 levelup; flee×1
618,12962,4,Normal,37,3,3,3,0,3,45,2,2,45,0,2,2,0,5,2,0,0,1,0,0,252,13,13,13,4.333,0,1,1,14,3,,,0,-,
618,12962,5,Normal,26,3,3,3,0,45,36,2,2,25,0,2,2,0,0,1,0,0,0,3,0,140,6,6,6,2,0,1,1,14,3,,Swords_T1_03=3,0,-,
618,12962,6,Normal,29,4,4,3,1,36,53,2,4,40,0,2,3,0,3,2,0,0,1,2,0,252,37,12,11,3.667,0,1,1,15,2,,Swords_T1_03=2,0,-,+1 levelup; flee×1
618,12962,7,Normal,30,2,2,2,0,53,44,4,4,20,0,3,3,0,0,1,0,0,0,1,0,112,7,4,4,2,0,1,1,15,3,,Swords_T1_03=1,0,-,
618,12962,8,Normal,2,1,1,0,0,44,0,4,4,0,0,3,3,0,3,0,0,0,3,0,0,62,53,2,0,0,1,0,0,21,2,RH=Crude Sword|LH=Crude Sword|BD=Crude Armour|A1=Crude Bracelet|A2=Crude Bracelet,,0,-,party wiped
619,12963,1,Normal,39,4,4,4,0,37,37,0,0,45,0,1,1,1,3,0,1,3,3,0,0,252,24,12,12,3,0,1,1,5,1,,,0,-,floor1_town
619,12963,2,Normal,29,4,4,4,0,37,37,0,0,30,0,1,1,0,1,0,2,2,3,0,0,168,8,6,6,1.5,0,1,1,6,1,,,0,-,
619,12963,3,Normal,1,1,1,0,0,37,0,0,0,0,0,1,1,2,3,3,0,0,0,0,0,123,37,5,0,0,1,0,0,12,3,RH=Crude Sword|LH=Crude Sword|BD=Crude Armour|A1=Crude Bracelet|A2=Crude Bracelet,,0,-,party wiped
620,12964,1,Normal,37,3,3,3,0,37,37,0,0,30,0,1,1,0,3,1,0,3,3,0,0,168,8,8,8,2.667,0,1,1,4,1,,,0,-,floor1_town
620,12964,2,Normal,26,3,3,3,0,37,37,0,0,45,0,1,1,2,3,3,0,3,3,0,0,252,8,15,15,5,0,1,1,5,1,,,0,-,
620,12964,3,Normal,1,1,1,0,0,37,0,0,0,0,0,1,1,1,3,3,0,0,0,0,0,120,37,4,0,0,1,0,0,11,4,RH=Crude Sword|LH=Crude Sword|BD=Crude Armour|A1=Crude Bracelet|A2=Crude Bracelet,,0,-,party wiped
621,12965,1,Normal,35,5,5,5,0,37,37,0,0,40,0,1,1,0,3,0,2,3,3,0,0,224,14,11,11,2.2,0,1,1,6,1,,,0,-,floor1_town
621,12965,2,Normal,39,4,4,4,0,37,37,0,0,50,0,1,1,0,6,3,3,0,0,0,0,280,8,14,14,3.5,0,1,1,7,1,,,0,-,
621,12965,3,Normal,39,4,4,4,0,37,45,0,2,96,0,1,2,3,3,3,0,3,3,3,0,480,42,14,14,3.5,0,1,1,14,1,,Swords_T1_03=3,0,-,+1 levelup
621,12965,4,Normal,39,5,5,5,0,45,38,2,2,55,0,2,2,0,3,1,0,0,2,3,0,308,4,12,12,2.4,0,1,1,14,4,,Swords_T1_03=3,0,-,
621,12965,5,Normal,31,2,2,2,0,38,36,2,2,10,0,2,2,0,0,0,0,0,2,2,0,56,0,2,2,1,0,1,1,14,1,,Swords_T1_03=2,0,-,
621,12965,6,Normal,28,5,5,4,1,36,46,2,2,40,0,2,2,0,3,3,0,0,2,0,0,308,27,14,10,2.5,0,1,1,15,4,,,0,-,flee×1
621,12965,7,Normal,33,2,2,2,0,46,53,2,5,20,0,2,3,0,0,1,0,0,1,1,0,112,8,5,5,2.5,0,1,1,15,2,,Swords_T1_03=1,0,-,+1 levelup
621,12965,8,Normal,8,1,1,0,0,53,0,5,5,0,0,3,3,0,3,3,0,0,0,0,0,109,53,3,0,0,1,0,0,21,2,RH=Crude Sword|LH=Crude Sword|BD=Crude Armour|A1=Crude Bracelet|A2=Crude Bracelet,,0,-,party wiped
622,12966,1,Normal,33,3,3,3,0,37,37,0,0,50,0,1,1,0,7,3,0,3,3,0,0,280,0,15,15,5,0,1,1,4,2,,,0,-,floor1_town
622,12966,2,Normal,28,5,5,5,0,37,45,0,3,55,0,1,2,0,4,0,2,0,3,0,0,308,24,14,14,2.8,0,1,1,6,4,,,0,-,+1 levelup
622,12966,3,Normal,18,3,3,2,0,45,0,3,3,48,0,2,2,4,3,6,0,0,0,2,0,412,64,11,7,3.5,1,0,0,7,4,RH=Crude Sword|LH=Crude Sword|BD=Crude Armour|A1=Crude Bracelet|A2=Crude Bracelet,Swords_T1_03=2,0,-,party wiped
623,12967,1,Normal,31,4,4,4,0,37,37,0,0,50,0,1,1,0,4,3,1,3,3,0,0,280,16,11,11,2.75,0,1,1,5,1,,,0,-,floor1_town
623,12967,2,Normal,28,1,1,1,0,37,29,0,0,20,0,1,1,0,3,1,1,0,2,0,0,112,8,5,5,5,0,1,1,5,4,,,0,-,
623,12967,3,Normal,12,2,2,1,0,29,0,0,0,12,0,1,1,2,4,3,0,0,0,0,0,240,37,8,2,2,1,0,0,17,4,RH=Crude Sword|LH=Crude Sword|BD=Crude Armour|A1=Crude Bracelet|A2=Crude Bracelet,,0,-,party wiped
624,12968,1,Normal,29,3,3,3,0,37,37,0,0,15,0,1,1,0,0,0,0,3,3,0,0,84,0,3,3,1,0,1,1,4,1,,,0,-,floor1_town
624,12968,2,Normal,28,2,2,2,0,37,37,0,0,30,0,1,1,0,4,1,0,0,2,0,0,168,8,8,8,4,0,1,1,5,3,,,0,-,
624,12968,3,Normal,16,1,1,0,0,37,0,0,0,0,0,1,1,0,3,3,0,0,0,0,0,60,37,3,0,0,1,0,0,11,4,RH=Crude Sword|LH=Crude Sword|BD=Crude Armour|A1=Crude Bracelet|A2=Crude Bracelet,,0,-,party wiped
625,12969,1,Normal,27,2,2,2,0,37,37,0,0,25,0,1,1,0,3,2,1,3,3,0,0,140,8,7,7,3.5,0,1,1,3,4,,,0,-,floor1_town
625,12969,2,Normal,31,4,4,4,0,37,29,0,0,40,0,1,1,0,2,0,1,1,3,0,0,224,8,8,8,2,0,1,1,3,2,,,0,-,
625,12969,3,Normal,32,2,2,2,0,29,45,0,2,48,0,1,2,1,3,3,0,0,0,1,0,240,35,8,8,4,0,1,1,9,1,,Swords_T1_03=1,0,-,+1 levelup
625,12969,4,Normal,32,5,5,4,1,45,25,2,2,50,0,2,2,0,3,3,0,0,0,2,0,336,54,16,14,3.5,0,1,1,10,3,,Swords_T1_03=2,0,-,flee×1
625,12969,5,Normal,28,4,4,4,0,25,45,2,2,50,0,2,2,0,3,2,0,0,1,3,0,280,-2,12,12,3,0,1,1,11,2,,Swords_T1_03=3,0,-,
625,12969,6,Normal,27,4,4,4,0,45,35,2,2,25,0,2,2,0,0,0,0,0,1,2,0,140,8,5,5,1.25,0,1,1,11,1,,Swords_T1_03=2,0,-,
625,12969,7,Normal,32,4,4,3,1,35,38,2,2,30,0,2,2,0,0,1,0,3,3,1,0,196,33,7,6,2,0,1,1,12,2,,Swords_T1_03=1,0,-,flee×1
625,12969,8,Normal,15,1,1,0,0,38,0,2,2,0,0,2,2,0,3,3,0,0,0,0,0,68,46,2,0,0,1,0,0,18,4,RH=Crude Sword|LH=Crude Sword|BD=Crude Armour|A1=Crude Bracelet|A2=Crude Bracelet,,0,-,party wiped
626,12970,1,Normal,25,3,3,3,0,37,37,0,0,40,0,1,1,0,4,1,2,3,3,0,0,224,14,12,12,4,0,1,1,4,1,,,0,-,floor1_town
626,12970,2,Normal,28,2,2,2,0,37,37,0,0,25,0,1,1,0,3,1,3,0,2,0,0,140,0,7,7,3.5,0,1,1,4,1,,,0,-,
626,12970,3,Normal,28,3,3,3,0,37,30,0,1,84,0,1,2,2,6,6,3,0,0,1,0,420,27,15,15,5,0,1,1,11,3,,Swords_T1_03=1,0,-,+1 levelup
626,12970,4,Normal,32,4,4,4,0,30,35,1,1,35,0,2,2,1,3,3,2,0,0,3,0,196,6,11,11,2.75,0,1,1,12,1,,Swords_T1_03=3,0,-,
626,12970,5,Normal,30,3,3,3,0,35,38,1,1,35,0,2,2,1,1,0,1,2,3,2,0,196,17,11,11,3.667,0,1,1,13,1,,Swords_T1_03=2,0,-,
626,12970,6,Normal,36,5,5,5,0,38,44,1,1,70,0,2,2,0,4,3,1,1,3,3,0,392,12,16,16,3.2,0,1,1,14,3,,Swords_T1_03=3,0,-,
626,12970,7,Normal,36,6,6,5,1,44,46,1,2,70,0,2,3,1,4,5,0,0,1,9,0,420,60,25,23,4.6,0,1,1,15,3,,Swords_T1_03=4|Swords_T1_04=5,0,-,+1 levelup; flee×1
626,12970,8,Normal,13,3,3,2,0,46,0,2,2,120,0,3,3,0,7,0,0,0,3,6,0,302,55,7,5,2.5,1,0,0,33,3,RH=Crude Sword|LH=Crude Sword|BD=Crude Armour|A1=Crude Bracelet|A2=Crude Bracelet,Swords_T1_03=4|Swords_T1_04=2,0,-,party wiped
627,12971,1,Normal,39,5,5,5,0,37,37,0,0,70,0,1,1,0,7,1,1,3,3,0,0,392,16,20,20,4,0,1,1,6,3,,,0,-,floor1_town
627,12971,2,Normal,37,4,4,4,0,37,37,0,1,50,0,1,2,0,3,0,1,0,3,0,0,280,16,14,14,3.5,0,1,1,6,2,,,0,-,+1 levelup
627,12971,3,Normal,28,3,3,3,0,37,44,1,1,84,0,2,2,3,5,3,0,1,3,3,0,420,27,14,14,4.667,0,1,1,8,1,,Swords_T1_03=3,0,-,
627,12971,4,Normal,37,3,3,3,0,44,11,1,1,35,0,2,2,0,1,3,0,0,0,2,0,196,31,9,9,3,0,1,1,8,4,,Swords_T1_03=2,0,-,
627,12971,5,Normal,25,4,4,3,0,11,0,1,1,35,0,2,2,0,3,3,0,0,0,4,0,277,41,13,9,3,1,0,0,9,4,RH=Crude Sword|LH=Crude Sword|BD=Crude Armour|A1=Crude Bracelet|A2=Crude Bracelet,Swords_T1_03=4,0,-,party wiped
628,12972,1,Normal,37,2,2,2,0,37,37,0,0,15,0,1,1,0,0,0,2,3,3,0,0,84,8,3,3,1.5,0,1,1,3,1,,,0,-,floor1_town
628,12972,2,Normal,39,7,7,7,0,37,43,0,2,90,0,1,2,0,9,5,4,0,2,1,0,504,16,24,24,3.429,0,1,1,5,1,,Swords_T1_03=1,0,-,+1 levelup
628,12972,3,Normal,8,2,2,1,0,43,0,2,2,12,0,2,2,4,0,2,0,0,0,1,0,206,42,5,1,1,1,0,0,5,4,RH=Crude Sword|LH=Crude Sword|BD=Crude Armour|A1=Crude Bracelet|A2=Crude Bracelet,Swords_T1_03=1,0,-,party wiped
629,12973,1,Normal,35,5,5,5,0,37,37,0,0,45,0,1,1,0,3,3,0,3,3,0,0,252,24,12,12,2.4,0,1,1,6,2,,,0,-,floor1_town
629,12973,2,Normal,26,5,5,5,0,37,27,0,0,50,0,1,1,0,3,3,1,3,3,0,0,280,26,15,15,3,0,1,1,8,1,,,0,-,
629,12973,3,Normal,20,4,4,2,1,27,0,0,1,48,0,1,2,2,6,6,0,0,0,2,0,438,100,14,10,5,1,0,0,15,4,RH=Crude Sword|LH=Crude Sword|BD=Crude Armour|A1=Crude Bracelet|A2=Crude Bracelet,Swords_T1_03=2,0,-,party wiped; +1 levelup; flee×1
630,12974,1,Normal,33,3,3,3,0,37,37,0,0,35,0,1,1,0,4,2,2,3,3,0,0,196,0,10,10,3.333,0,1,1,4,4,,,0,-,floor1_town
630,12974,2,Normal,33,2,2,2,0,37,37,0,0,15,0,1,1,0,1,0,2,2,3,0,0,84,0,3,3,1.5,0,1,1,4,2,,,0,-,
630,12974,3,Normal,7,1,1,0,0,37,0,0,0,0,0,1,1,4,3,3,0,0,0,0,0,175,37,5,0,0,1,0,0,10,4,RH=Crude Sword|LH=Crude Sword|BD=Crude Armour|A1=Crude Bracelet|A2=Crude Bracelet,,0,-,party wiped
631,12975,1,Normal,31,5,5,5,0,37,37,0,0,65,0,1,1,0,9,4,0,3,3,0,0,364,22,20,20,4,0,1,1,6,3,,,0,-,floor1_town
631,12975,2,Normal,25,3,3,3,0,37,45,0,1,35,0,1,2,0,4,0,2,2,3,0,0,196,8,9,9,3,0,1,1,7,2,,,0,-,+1 levelup
631,12975,3,Normal,6,1,1,0,0,45,0,1,1,0,0,2,2,2,2,3,0,0,0,1,0,176,44,5,0,0,1,0,0,7,4,RH=Crude Sword|LH=Crude Sword|BD=Crude Armour|A1=Crude Bracelet|A2=Crude Bracelet,Swords_T1_03=1,0,-,party wiped
632,12976,1,Normal,29,3,3,3,0,37,37,0,0,55,0,1,1,0,9,6,2,3,3,0,0,308,0,17,17,5.667,0,1,1,4,4,,,0,-,floor1_town
632,12976,2,Normal,39,5,5,5,0,37,12,0,2,80,0,1,2,2,6,4,0,0,0,0,0,448,52,23,23,4.6,0,1,1,5,4,,,0,-,+1 levelup
632,12976,3,Normal,22,1,1,0,0,12,0,2,2,0,0,2,2,2,0,0,0,0,0,1,0,127,43,3,0,0,1,0,0,5,3,RH=Crude Sword|LH=Crude Sword|BD=Crude Armour|A1=Crude Bracelet|A2=Crude Bracelet,Swords_T1_03=1,0,-,party wiped
633,12977,1,Normal,27,2,2,2,0,37,37,0,0,15,0,1,1,0,0,0,0,3,3,0,0,84,10,4,4,2,0,1,1,3,2,,,0,-,floor1_town
633,12977,2,Normal,29,3,3,3,0,37,37,0,0,30,0,1,1,0,3,0,1,0,3,0,0,168,0,8,8,2.667,0,1,1,3,1,,,0,-,
633,12977,3,Normal,14,2,2,1,0,37,0,0,0,12,0,1,1,2,4,3,1,0,0,0,0,198,37,6,2,2,1,0,0,15,4,RH=Crude Sword|LH=Crude Sword|BD=Crude Armour|A1=Crude Bracelet|A2=Crude Bracelet,,0,-,party wiped
634,12978,1,Normal,25,3,3,3,0,37,37,0,0,40,0,1,1,0,5,0,1,3,3,0,0,224,8,10,10,3.333,0,1,1,4,3,,,0,-,floor1_town
634,12978,2,Normal,26,3,3,3,0,37,29,0,0,50,0,1,1,0,5,2,1,1,3,0,0,280,24,13,13,4.333,0,1,1,6,4,,,0,-,
634,12978,3,Normal,13,2,2,1,0,29,0,0,2,24,0,1,2,2,3,3,0,0,0,1,0,254,43,9,4,4,1,0,0,12,4,RH=Crude Sword|LH=Crude Sword|BD=Crude Armour|A1=Crude Bracelet|A2=Crude Bracelet,Swords_T1_03=1,0,-,party wiped; +1 levelup
635,12979,1,Normal,39,3,3,3,0,37,37,0,0,55,0,1,1,0,7,5,0,3,3,0,0,308,16,17,17,5.667,0,1,1,4,4,,,0,-,floor1_town
635,12979,2,Normal,28,4,4,3,1,37,45,0,1,45,0,1,2,0,6,3,0,0,3,0,0,336,37,15,11,3.667,0,1,1,5,3,,,0,-,+1 levelup; flee×1
635,12979,3,Normal,12,2,2,1,0,45,0,1,1,12,0,2,2,2,0,3,0,0,0,2,0,240,43,6,1,1,1,0,0,5,4,RH=Crude Sword|LH=Crude Sword|BD=Crude Armour|A1=Crude Bracelet|A2=Crude Bracelet,Swords_T1_03=2,0,-,party wiped
636,12980,1,Normal,37,6,6,6,0,37,37,0,0,60,0,1,1,0,5,3,1,3,3,0,0,336,16,16,16,2.667,0,1,1,7,1,,,0,-,floor1_town
636,12980,2,Normal,31,4,4,4,0,37,37,0,0,35,0,1,1,0,3,0,2,3,3,0,0,196,8,8,8,2,0,1,1,8,1,,,0,-,
636,12980,3,Normal,40,4,4,4,0,37,30,0,2,84,0,1,2,4,3,3,0,0,0,2,0,420,14,15,15,3.75,0,1,1,14,3,,Swords_T1_03=2,0,-,+1 levelup
636,12980,4,Normal,38,4,4,4,0,30,46,2,2,50,0,2,2,0,3,1,0,0,2,3,0,280,-3,11,11,2.75,0,1,1,15,3,,Swords_T1_03=3,0,-,
636,12980,5,Normal,26,3,3,3,0,46,46,2,2,35,0,2,2,0,0,2,0,0,0,1,0,196,-1,8,8,2.667,0,1,1,15,3,,Swords_T1_03=1,0,-,
636,12980,6,Normal,28,1,1,1,0,46,33,2,2,10,0,2,2,0,0,0,0,0,0,0,0,56,13,2,2,2,0,1,1,15,2,,,0,-,
636,12980,7,Normal,40,4,4,3,1,33,33,2,2,25,0,2,2,0,3,2,0,0,1,2,0,168,35,10,9,3,0,1,1,16,3,,Swords_T1_03=2,0,-,flee×1
636,12980,8,Normal,4,1,1,0,0,33,0,2,2,0,0,2,2,0,3,0,0,0,3,0,0,41,46,1,0,0,1,0,0,22,4,RH=Crude Sword|LH=Crude Sword|BD=Crude Armour|A1=Crude Bracelet|A2=Crude Bracelet,,0,-,party wiped
637,12981,1,Normal,35,3,3,3,0,37,37,0,0,50,0,1,1,0,6,3,2,3,3,0,0,280,8,12,12,4,0,1,1,4,4,,,0,-,floor1_town
637,12981,2,Normal,35,3,3,3,0,37,37,0,0,25,0,1,1,0,3,0,4,0,3,0,0,140,0,7,7,2.333,0,1,1,4,1,,,0,-,
637,12981,3,Normal,30,3,3,3,0,37,44,0,1,60,0,1,2,0,4,3,6,0,0,1,0,300,-1,10,10,3.333,0,1,1,16,2,,Swords_T1_03=1,0,-,+1 levelup
637,12981,4,Normal,30,4,4,4,0,44,36,1,1,50,0,2,2,2,1,0,4,2,3,3,0,280,28,14,14,3.5,0,1,1,17,3,,Swords_T1_03=3,0,-,
637,12981,5,Normal,34,3,3,3,0,36,44,1,1,45,0,2,2,0,5,4,4,0,2,2,0,252,6,13,13,4.333,0,1,1,18,4,,Swords_T1_03=2,0,-,
637,12981,6,Normal,35,3,3,3,0,44,44,1,1,50,0,2,2,2,0,2,2,0,0,2,0,280,-2,14,14,4.667,0,1,1,18,4,,Swords_T1_03=2,0,-,
637,12981,7,Normal,37,4,4,3,1,44,14,1,3,40,0,2,3,2,0,0,0,0,0,1,0,252,80,12,11,3.667,0,1,1,18,3,,Swords_T1_03=1,0,-,+1 levelup; flee×1
637,12981,8,Normal,12,1,1,0,0,14,0,3,3,0,0,3,3,0,3,3,0,0,0,1,0,71,51,2,0,0,1,0,0,24,3,RH=Crude Sword|LH=Crude Sword|BD=Crude Armour|A1=Crude Bracelet|A2=Crude Bracelet,Swords_T1_03=1,0,-,party wiped
638,12982,1,Normal,33,2,2,2,0,37,37,0,0,25,0,1,1,1,4,0,0,3,3,0,0,140,0,7,7,3.5,0,1,1,3,2,,,0,-,floor1_town
638,12982,2,Normal,36,4,4,4,0,37,37,0,0,45,0,1,1,0,4,0,2,3,3,0,0,252,16,10,10,2.5,0,1,1,5,1,,,0,-,
638,12982,3,Normal,36,5,5,5,0,37,22,0,1,84,0,1,2,0,6,6,2,0,0,2,0,420,35,17,17,3.4,0,1,1,17,1,,Swords_T1_03=2,0,-,+1 levelup
638,12982,4,Normal,38,5,5,5,0,22,45,1,1,70,0,2,2,0,6,3,2,0,3,1,0,392,12,17,17,3.4,0,1,1,19,4,,Swords_T1_03=1,0,-,
638,12982,5,Normal,27,5,5,5,0,45,29,1,1,65,0,2,2,0,3,4,2,0,0,3,0,364,26,17,17,3.4,0,1,1,20,4,,Swords_T1_03=3,0,-,
638,12982,6,Normal,37,2,2,2,0,29,39,1,3,30,0,2,3,0,3,2,2,0,1,2,0,168,18,9,9,4.5,0,1,1,21,3,,Swords_T1_03=1|Swords_T1_04=1,0,-,+1 levelup
638,12982,7,Normal,26,3,3,3,0,39,53,3,3,50,0,3,3,1,3,1,1,0,3,2,0,280,12,12,12,4,0,1,1,22,2,,Swords_T1_04=2,0,-,
638,12982,8,Normal,38,3,3,3,0,53,51,3,3,180,0,3,3,1,9,3,0,0,0,6,0,450,8,16,16,5.333,0,1,1,40,1,,Swords_T1_03=4|Swords_T1_04=2,0,-,
638,12982,9,Normal,36,5,5,5,0,51,53,3,3,50,0,3,3,0,3,0,0,0,3,6,0,280,21,16,16,3.2,0,1,1,41,2,,Swords_T1_03=2|Swords_T1_04=4,0,-,
638,12982,9,Normal,28,2,2,1,1,53,15,3,5,20,0,3,4,0,0,3,0,0,0,1,0,168,59,8,5,5,0,1,1,41,4,,Swords_T1_03=1,0,-,ai_farm; +1 levelup; flee×1
638,12982,9,Normal,30,4,4,4,0,15,62,5,5,40,0,4,4,0,3,0,0,0,3,4,0,224,-4,11,11,2.75,0,1,1,42,2,,Swords_T1_03=2|Swords_T1_04=2,0,-,ai_farm
638,12982,9,Normal,35,2,2,2,0,62,59,5,5,15,0,4,4,0,0,0,0,0,3,1,0,84,0,3,3,1.5,0,1,1,42,1,,Swords_T1_02=1,0,-,ai_farm
638,12982,9,Normal,31,2,2,2,0,59,62,5,5,20,0,4,4,0,0,2,0,0,1,2,0,112,-8,5,5,2.5,0,1,1,42,3,,Swords_T1_02=1|Swords_T1_03=1,0,-,ai_farm
638,12982,9,Normal,34,5,5,4,1,62,55,5,5,40,0,4,4,0,0,1,0,3,3,1,0,252,54,10,9,2.25,0,1,1,43,1,,Swords_T1_04=1,0,-,ai_farm; flee×1
638,12982,9,Normal,29,3,3,3,0,55,62,5,5,30,0,4,4,0,2,0,0,1,3,2,0,168,-12,6,6,2,0,1,1,43,3,,Swords_T1_02=1|Swords_T1_03=1,0,-,ai_farm
638,12982,9,Normal,36,4,4,4,0,62,62,5,5,60,0,4,4,0,1,3,0,0,0,3,0,336,-4,15,15,3.75,0,1,1,43,3,,Swords_T1_03=2|Swords_T1_04=1,0,-,ai_farm
638,12982,9,Normal,27,3,3,3,0,62,62,5,5,35,0,4,4,0,2,0,0,1,3,3,0,196,27,8,8,2.667,0,1,1,44,3,,Swords_T1_03=2|Swords_T1_04=1,0,-,ai_farm
638,12982,9,Normal,31,1,1,1,0,62,47,5,5,10,0,4,4,0,0,0,0,1,3,1,0,56,12,2,2,2,0,1,1,44,2,,Swords_T1_02=1,0,-,ai_farm
638,12982,9,Normal,37,5,5,4,1,47,62,5,5,75,0,4,4,0,4,3,0,0,3,5,0,476,32,18,16,4,0,1,1,45,4,,Swords_T1_02=2|Swords_T1_03=3,0,-,ai_farm; flee×1
638,12982,9,Normal,39,4,4,4,0,62,53,5,5,45,0,4,4,0,0,2,0,0,1,3,0,252,5,11,11,2.75,0,1,1,45,2,,Swords_T1_03=2|Swords_T1_04=1,0,-,ai_farm
638,12982,9,Normal,30,4,4,3,1,53,57,5,5,40,0,4,4,0,1,1,0,2,3,3,0,252,42,14,11,3.667,0,1,1,46,2,,Swords_T1_02=1|Swords_T1_03=1|Swords_T1_04=1,0,-,ai_farm; flee×1
638,12982,9,Normal,34,3,3,3,0,57,55,5,5,15,0,4,4,0,0,0,0,2,3,1,0,84,0,3,3,1,0,1,1,46,1,,Swords_T1_03=1,0,-,ai_farm
638,12982,9,Normal,27,3,3,3,0,55,71,5,6,35,0,4,5,0,2,0,0,0,3,1,0,196,7,8,8,2.667,0,1,1,46,1,,Swords_T1_04=1,0,-,ai_farm; +1 levelup
638,12982,9,Normal,39,4,4,4,0,71,53,6,6,45,0,5,5,0,0,2,0,0,1,4,0,252,5,11,11,2.75,0,1,1,46,2,,Swords_T1_02=2|Swords_T1_04=1|Swords_T1_06=1,0,-,ai_farm
638,12982,9,Normal,40,3,3,3,0,53,65,6,6,25,0,5,5,0,0,1,0,0,0,2,0,140,6,5,5,1.667,0,1,1,46,2,,Swords_T1_02=1|Swords_T1_03=1,0,-,ai_farm
638,12982,9,Normal,38,5,5,4,1,65,71,6,6,55,0,5,5,0,2,0,0,1,3,0,0,364,50,14,12,3,0,1,1,47,3,,,0,-,ai_farm; flee×1
638,12982,9,Normal,25,3,3,3,0,71,54,6,6,45,0,5,5,0,1,2,0,0,1,2,0,252,14,13,13,4.333,0,1,1,47,3,,Swords_T1_02=1|Swords_T1_04=1,0,-,ai_farm
638,12982,9,Normal,35,4,4,3,1,54,61,6,6,40,0,5,5,0,1,1,0,2,3,3,0,280,60,10,8,2.667,0,1,1,48,4,,Swords_T1_02=1|Swords_T1_06=2,0,-,ai_farm; flee×1
638,12982,9,Normal,30,4,4,3,1,61,71,6,6,35,0,5,5,0,2,3,0,3,3,2,0,224,42,12,10,3.333,0,1,1,49,1,,Swords_T1_04=2,0,-,ai_farm; flee×1
638,12982,9,Normal,32,2,2,2,0,71,65,6,6,35,0,5,5,0,3,0,0,0,3,2,0,196,4,8,8,4,0,1,1,49,4,,Swords_T1_03=1|Swords_T1_04=1,0,-,ai_farm
638,12982,9,Normal,31,4,4,4,0,65,63,6,6,40,0,5,5,0,0,2,0,0,1,1,0,224,-1,10,10,2.5,0,1,1,49,1,,Swords_T1_02=1,0,-,ai_farm
638,12982,9,Normal,39,5,5,4,1,63,65,6,6,35,0,5,5,0,1,1,0,2,3,2,0,252,62,11,8,2,0,1,1,50,1,,Swords_T1_04=2,0,-,ai_farm; flee×1
638,12982,9,Normal,31,4,4,4,0,65,71,6,6,45,0,5,5,0,2,0,0,0,3,2,0,252,12,9,9,2.25,0,1,1,50,1,,Swords_T1_03=2,0,-,ai_farm
638,12982,9,Normal,32,4,4,4,0,71,37,6,6,50,0,5,5,0,0,3,0,0,0,4,0,280,17,13,13,3.25,0,1,1,50,4,,Swords_T1_02=1|Swords_T1_04=1|Swords_T1_06=2,0,-,ai_farm
638,12982,9,Normal,37,2,2,1,1,37,71,6,6,5,0,5,5,0,0,0,0,3,3,1,0,29,26,2,1,1,0,1,1,51,1,,Swords_T1_04=1,0,-,ai_farm; flee×1
638,12982,9,Normal,26,2,2,2,0,71,71,6,6,10,0,5,5,0,0,0,0,3,3,0,0,56,0,2,2,1,0,1,1,51,1,,,0,-,ai_farm
638,12982,9,Normal,37,4,4,4,0,71,65,6,6,60,0,5,5,0,3,2,0,0,1,4,0,336,-1,14,14,3.5,0,1,1,51,4,,Swords_T1_02=1|Swords_T1_03=2|Swords_T1_04=1,0,-,ai_farm
638,12982,9,Normal,34,1,1,1,0,65,64,6,6,10,0,5,5,0,0,1,0,0,0,2,0,56,-6,3,3,3,0,1,1,51,2,,Swords_T1_04=1|Swords_T1_06=1,0,-,ai_farm
638,12982,9,Normal,34,3,3,2,1,64,71,6,6,15,0,5,5,0,0,0,0,3,3,2,0,112,46,5,3,1.5,0,1,1,52,1,,Swords_T1_03=1|Swords_T1_04=1,0,-,ai_farm; flee×1
638,12982,9,Normal,30,3,3,3,0,71,65,6,6,40,0,5,5,0,3,0,0,0,3,2,0,224,1,8,8,2.667,0,1,1,52,1,,Swords_T1_02=1|Swords_T1_03=1,0,-,ai_farm
638,12982,9,Normal,40,4,4,3,1,65,16,6,6,30,0,5,5,0,0,3,0,0,0,5,0,196,32,10,9,3,0,1,1,52,2,,Swords_T1_02=1|Swords_T1_04=2|Swords_T1_06=2,0,-,ai_farm; flee×1
638,12982,9,Normal,36,4,4,4,0,16,56,6,7,40,0,5,6,0,1,0,0,2,3,4,0,224,5,9,9,2.25,0,1,1,53,1,,Swords_T1_02=1|Swords_T1_03=1|Swords_T1_06=2,0,-,ai_farm; +1 levelup
638,12982,9,Normal,26,4,4,4,0,56,68,7,7,60,0,6,6,0,2,1,0,0,2,3,0,336,-25,12,12,3,0,1,1,53,1,,Swords_T1_02=1|Swords_T1_03=1|Swords_T1_06=1,0,-,ai_farm
638,12982,9,Normal,33,3,3,3,0,68,73,7,7,35,0,6,6,0,0,2,0,0,0,2,0,196,11,8,8,2.667,0,1,1,53,2,,Swords_T1_03=1|Swords_T1_06=1,0,-,ai_farm
638,12982,9,Normal,34,3,3,3,0,73,37,7,7,35,0,6,6,0,0,0,0,0,0,0,0,196,36,7,7,2.333,0,1,1,53,1,,,0,-,ai_farm
638,12982,9,Normal,26,3,3,2,1,37,60,7,7,25,0,6,6,0,1,0,0,2,3,3,0,196,17,9,6,3,0,1,1,54,4,,Swords_T1_02=1|Swords_T1_06=2,0,-,ai_farm; flee×1
638,12982,9,Normal,29,3,3,3,0,60,73,7,7,30,0,6,6,0,2,0,0,0,3,0,0,168,-13,7,7,2.333,0,1,1,54,4,,,0,-,ai_farm
638,12982,9,Normal,40,5,5,5,0,73,66,7,7,50,0,6,6,0,0,2,0,0,1,4,0,280,-9,13,13,2.6,0,1,1,54,3,,Swords_T1_03=3|Swords_T1_06=1,0,-,ai_farm
638,12982,9,Normal,40,3,3,3,0,66,63,7,7,20,0,6,6,0,0,1,0,0,0,2,0,112,-7,7,7,2.333,0,1,1,54,1,,Swords_T1_02=1|Swords_T1_06=1,0,-,ai_farm
638,12982,9,Normal,40,7,7,6,1,63,78,7,7,80,0,6,6,0,3,2,0,0,1,7,0,504,18,22,19,3.167,0,1,1,55,3,,Swords_T1_02=1|Swords_T1_03=2|Swords_T1_04=2|Swords_T1_06=2,0,-,ai_farm; flee×1
638,12982,9,Normal,33,4,4,4,0,78,50,7,7,45,0,6,6,0,0,1,0,0,0,3,0,252,15,9,9,2.25,0,1,1,55,4,,Swords_T1_02=1|Swords_T1_03=1|Swords_T1_06=1,0,-,ai_farm
638,12982,9,Normal,35,2,2,2,0,50,38,7,7,15,0,6,6,0,0,0,0,0,0,1,0,84,5,3,3,1.5,0,1,1,55,1,,Swords_T1_06=1,0,-,ai_farm
638,12982,9,Normal,31,2,2,1,1,38,78,7,7,5,0,6,6,0,0,0,0,3,3,0,0,84,18,3,1,1,0,1,1,56,1,,,0,-,ai_farm; flee×1
638,12982,9,Normal,38,4,4,4,0,78,64,7,7,55,0,6,6,0,3,0,0,0,3,2,0,308,11,13,13,3.25,0,1,1,56,2,,Swords_T1_03=1|Swords_T1_04=1,0,-,ai_farm
638,12982,9,Normal,25,1,1,1,0,64,64,7,7,5,0,6,6,0,0,0,0,0,3,0,0,28,0,1,1,1,0,1,1,56,1,,,0,-,ai_farm
638,12982,9,Normal,27,5,5,4,1,64,21,7,7,60,0,6,6,0,0,3,0,0,0,4,0,365,56,16,14,3.5,0,1,1,56,4,,Swords_T1_03=2|Swords_T1_04=1|Swords_T1_06=1,0,-,ai_farm; flee×1
638,12982,9,Normal,32,3,3,3,0,21,68,7,7,35,0,6,6,0,1,0,0,2,3,1,0,196,7,7,7,2.333,0,1,1,57,2,,Swords_T1_02=1,0,-,ai_farm
638,12982,9,Normal,27,4,4,4,0,68,65,7,7,45,0,6,6,0,2,0,0,0,3,1,0,252,0,11,11,2.75,0,1,1,57,3,,Swords_T1_03=1,0,-,ai_farm
638,12982,9,Normal,34,4,4,4,0,65,73,7,7,40,0,6,6,0,0,2,0,0,1,2,0,224,-22,9,9,2.25,0,1,1,57,2,,Swords_T1_06=2,0,-,ai_farm
638,12982,10,Normal,26,1,1,0,0,73,0,7,7,0,0,6,6,0,3,3,0,0,0,2,0,169,72,4,0,0,1,0,0,63,2,RH=Crude Sword|LH=Crude Sword|BD=Crude Armour|A1=Crude Bracelet|A2=Crude Bracelet,Swords_T1_03=2,0,-,party wiped
639,12983,1,Normal,30,3,3,3,0,37,37,0,0,25,0,1,1,0,1,0,2,3,3,0,0,140,8,5,5,1.667,0,1,1,4,3,,,0,-,floor1_town
639,12983,2,Normal,37,4,4,4,0,37,37,0,0,35,0,1,1,0,3,2,4,0,1,0,0,196,8,9,9,2.25,0,1,1,5,3,,,0,-,
639,12983,3,Normal,12,2,2,1,0,37,0,0,0,24,0,1,1,0,6,3,5,0,0,0,0,290,37,10,4,4,1,0,0,17,3,RH=Crude Sword|LH=Crude Sword|BD=Crude Armour|A1=Crude Bracelet|A2=Crude Bracelet,,0,-,party wiped
640,12984,1,Normal,28,6,6,6,0,37,37,0,0,60,0,1,1,0,2,0,0,3,3,0,0,336,32,14,14,2.333,0,1,1,7,2,,,0,-,floor1_town
640,12984,2,Normal,32,4,4,3,1,37,37,0,0,35,0,1,1,0,4,3,0,2,3,0,0,224,29,11,10,3.333,0,1,1,8,2,,,0,-,flee×1
640,12984,3,Normal,29,4,4,2,1,37,0,0,2,36,0,1,2,0,6,6,0,0,0,3,0,519,77,15,6,3,1,0,0,15,4,RH=Crude Sword|LH=Crude Sword|BD=Crude Armour|A1=Crude Bracelet|A2=Crude Bracelet,Swords_T1_03=3,0,-,party wiped; +1 levelup; flee×1
641,12985,1,Normal,26,4,4,4,0,37,37,0,0,55,0,1,1,0,6,0,2,3,3,0,0,308,8,12,12,3,0,1,1,5,3,,,0,-,floor1_town
641,12985,2,Normal,33,3,3,3,0,37,45,0,1,50,0,1,2,2,3,3,2,0,0,0,0,280,21,15,15,5,0,1,1,6,4,,,0,-,+1 levelup
641,12985,3,Normal,6,1,1,0,0,45,0,1,1,0,0,2,2,1,0,0,2,0,0,0,0,60,45,2,0,0,1,0,0,6,3,RH=Crude Sword|LH=Crude Sword|BD=Crude Armour|A1=Crude Bracelet|A2=Crude Bracelet,,0,-,party wiped
642,12986,1,Normal,40,3,3,3,0,37,37,0,0,30,0,1,1,0,1,0,0,3,3,0,0,168,22,8,8,2.667,0,1,1,4,1,,,0,-,floor1_town
642,12986,2,Normal,29,3,3,3,0,37,37,0,0,20,0,1,1,0,1,0,2,2,3,0,0,112,0,5,5,1.667,0,1,1,4,1,,,0,-,
642,12986,3,Normal,4,1,1,0,0,37,0,0,0,0,0,1,1,0,3,3,2,0,0,0,0,120,37,4,0,0,1,0,0,10,3,RH=Crude Sword|LH=Crude Sword|BD=Crude Armour|A1=Crude Bracelet|A2=Crude Bracelet,,0,-,party wiped
643,12987,1,Normal,38,5,5,5,0,37,37,0,0,45,0,1,1,0,4,0,1,3,3,0,0,252,0,13,13,2.6,0,1,1,6,1,,,0,-,floor1_town
643,12987,2,Normal,27,2,2,2,0,37,37,0,0,15,0,1,1,0,1,0,2,2,3,0,0,84,0,3,3,1.5,0,1,1,6,1,,,0,-,
643,12987,3,Normal,22,3,3,2,0,37,0,0,2,48,0,1,2,2,6,4,0,0,0,1,0,360,44,11,8,4,1,0,0,18,4,RH=Crude Sword|LH=Crude Sword|BD=Crude Armour|A1=Crude Bracelet|A2=Crude Bracelet,Swords_T1_03=1,0,-,party wiped; +1 levelup
644,12988,1,Normal,36,3,3,3,0,37,37,0,0,45,0,1,1,0,6,2,0,3,3,0,0,252,8,12,12,4,0,1,1,4,4,,,0,-,floor1_town
644,12988,2,Normal,34,3,3,3,0,37,37,0,0,15,0,1,1,0,0,0,1,3,3,0,0,84,0,3,3,1,0,1,1,4,1,,,0,-,
644,12988,3,Normal,5,1,1,0,0,37,0,0,0,0,0,1,1,1,3,3,0,0,0,0,0,148,37,6,0,0,1,0,0,10,3,RH=Crude Sword|LH=Crude Sword|BD=Crude Armour|A1=Crude Bracelet|A2=Crude Bracelet,,0,-,party wiped
645,12989,1,Normal,34,5,5,5,0,37,37,0,0,60,0,1,1,0,6,0,1,3,3,0,0,336,16,14,14,2.8,0,1,1,6,2,,,0,-,floor1_town
645,12989,2,Normal,36,5,5,5,0,37,32,0,1,70,0,1,2,2,3,3,1,3,3,0,0,392,48,20,20,4,0,1,1,7,2,,,0,-,+1 levelup
645,12989,3,Normal,30,3,3,2,0,32,0,1,1,72,0,2,2,2,6,6,0,0,0,3,0,487,84,14,11,5.5,1,0,0,9,4,RH=Crude Sword|LH=Crude Sword|BD=Crude Armour|A1=Crude Bracelet|A2=Crude Bracelet,Swords_T1_03=3,0,-,party wiped
646,12990,1,Normal,24,4,4,3,0,37,0,0,0,50,0,1,1,0,10,4,0,0,0,0,0,389,45,19,12,4,1,0,0,4,4,RH=Crude Sword|LH=Crude Sword|BD=Crude Armour|A1=Crude Bracelet|A2=Crude Bracelet,,0,-,floor1_town; party wiped
647,12991,1,Normal,30,4,4,4,0,37,37,0,0,45,0,1,1,0,4,3,1,3,3,0,0,252,31,12,12,3,0,1,1,5,1,,,0,-,floor1_town
647,12991,2,Normal,30,3,3,3,0,37,37,0,0,40,0,1,1,1,3,3,1,0,0,0,0,224,8,11,11,3.667,0,1,1,6,4,,,0,-,
647,12991,3,Normal,9,2,2,1,0,37,0,0,2,36,0,1,2,2,3,3,0,0,0,0,0,250,48,10,7,7,1,0,0,12,2,RH=Crude Sword|LH=Crude Sword|BD=Crude Armour|A1=Crude Bracelet|A2=Crude Bracelet,,0,-,party wiped; +1 levelup
648,12992,1,Normal,28,5,5,5,0,37,37,0,0,65,0,1,1,1,9,2,1,3,3,0,0,364,14,20,20,4,0,1,1,6,1,,,0,-,floor1_town
648,12992,2,Normal,37,5,5,5,0,37,44,0,1,60,0,1,2,1,3,3,0,0,0,1,0,336,-1,15,15,3,0,1,1,6,4,,Swords_T1_03=1,0,-,+1 levelup
648,12992,3,Normal,29,4,4,2,2,44,9,1,1,36,0,2,2,0,6,6,0,0,0,2,0,420,104,13,5,2.5,0,1,1,8,3,,Swords_T1_03=2,0,-,flee×2
648,12992,4,Normal,10,2,2,1,0,9,0,1,1,20,0,2,2,0,3,3,0,0,0,1,0,165,57,9,7,7,1,0,0,9,3,RH=Crude Sword|LH=Crude Sword|BD=Crude Armour|A1=Crude Bracelet|A2=Crude Bracelet,Swords_T1_03=1,0,-,party wiped
649,12993,1,Normal,26,3,3,3,0,37,37,0,0,50,0,1,1,0,8,1,1,3,3,0,0,280,0,12,12,4,0,1,1,4,4,,,0,-,floor1_town
649,12993,2,Normal,37,2,2,2,0,37,29,0,0,25,0,1,1,0,3,0,3,0,3,0,0,140,16,8,8,4,0,1,1,5,3,,,0,-,
649,12993,3,Normal,28,3,3,3,0,29,22,0,3,84,0,1,2,2,6,4,1,0,0,1,0,420,21,15,15,5,0,1,1,17,3,,Swords_T1_03=1,0,-,+1 levelup
649,12993,4,Normal,33,4,4,3,1,22,6,3,3,35,0,2,2,1,3,3,0,0,0,4,0,252,34,13,11,3.667,0,1,1,18,4,,Swords_T1_03=4,0,-,flee×1
649,12993,5,Normal,28,3,3,3,0,6,30,3,3,45,0,2,2,0,3,3,0,0,0,2,0,252,12,12,12,4,0,1,1,19,3,,Swords_T1_03=2,0,-,
649,12993,6,Normal,31,2,2,2,0,30,43,3,3,25,0,2,2,0,3,2,0,3,3,1,0,140,13,7,7,3.5,0,1,1,21,1,,Swords_T1_03=1,0,-,
649,12993,7,Normal,33,1,1,1,0,43,36,3,3,15,0,2,2,0,2,0,0,1,3,1,0,84,6,6,6,6,0,1,1,21,3,,Swords_T1_03=1,0,-,
649,12993,8,Normal,1,1,1,0,0,36,0,3,3,0,0,2,2,0,3,0,0,0,3,2,0,139,42,2,0,0,1,0,0,27,3,RH=Crude Sword|LH=Crude Sword|BD=Crude Armour|A1=Crude Bracelet|A2=Crude Bracelet,Swords_T1_03=2,0,-,party wiped
650,12994,1,Normal,40,6,6,6,0,37,37,0,0,70,0,1,1,0,7,0,2,3,3,0,0,392,8,20,20,3.333,0,1,1,7,2,,,0,-,floor1_town
650,12994,2,Normal,28,5,5,5,0,37,35,0,3,40,0,1,2,0,1,0,3,2,3,1,0,224,8,8,8,1.6,0,1,1,7,2,,Swords_T1_03=1,0,-,+1 levelup
650,12994,3,Normal,26,3,3,2,0,35,0,3,3,48,0,2,2,4,6,6,0,0,0,3,0,472,59,14,7,3.5,1,0,0,9,4,RH=Crude Sword|LH=Crude Sword|BD=Crude Armour|A1=Crude Bracelet|A2=Crude Bracelet,Swords_T1_03=3,0,-,party wiped
651,12995,1,Normal,38,3,3,3,0,37,37,0,0,45,0,1,1,0,5,3,0,3,3,0,0,252,16,13,13,4.333,0,1,1,4,4,,,0,-,floor1_town
651,12995,2,Normal,38,4,4,4,0,37,29,0,0,35,0,1,1,0,1,0,0,2,3,0,0,196,16,9,9,2.25,0,1,1,5,2,,,0,-,
651,12995,3,Normal,22,2,2,1,0,29,0,0,0,12,0,1,1,1,4,3,0,0,0,0,0,236,37,8,2,2,1,0,0,17,3,RH=Crude Sword|LH=Crude Sword|BD=Crude Armour|A1=Crude Bracelet|A2=Crude Bracelet,,0,-,party wiped
652,12996,1,Normal,36,5,5,5,0,37,37,0,0,40,0,1,1,0,0,0,2,3,3,0,0,224,16,9,9,1.8,0,1,1,6,1,,,0,-,floor1_town
652,12996,2,Normal,35,3,3,3,0,37,37,0,0,30,0,1,1,0,3,2,3,0,1,0,0,168,0,8,8,2.667,0,1,1,6,1,,,0,-,
652,12996,3,Normal,25,2,2,2,0,37,44,0,1,48,0,1,2,1,6,4,2,0,0,0,0,240,21,11,11,5.5,0,1,1,18,2,,,0,-,+1 levelup
652,12996,4,Normal,29,2,2,2,0,44,35,1,1,25,0,2,2,1,0,0,1,0,0,2,0,140,7,6,6,3,0,1,1,18,2,,Swords_T1_03=2,0,-,
652,12996,5,Normal,17,4,4,3,0,35,0,1,1,25,0,2,2,1,0,0,0,0,0,3,0,196,32,8,6,2,1,0,0,18,4,RH=Crude Sword|LH=Crude Sword|BD=Crude Armour|A1=Crude Bracelet|A2=Crude Bracelet,Swords_T1_03=3,0,-,party wiped
653,12997,1,Normal,34,3,3,3,0,37,37,0,0,30,0,1,1,0,2,0,0,3,3,0,0,168,18,7,7,2.333,0,1,1,4,2,,,0,-,floor1_town
653,12997,2,Normal,26,4,4,4,0,37,37,0,0,45,0,1,1,1,3,3,1,3,3,0,0,252,6,13,13,3.25,0,1,1,5,1,,,0,-,
653,12997,3,Normal,31,3,3,2,0,37,0,0,1,36,0,1,2,1,4,3,0,0,0,1,0,343,43,11,6,3,1,0,0,17,3,RH=Crude Sword|LH=Crude Sword|BD=Crude Armour|A1=Crude Bracelet|A2=Crude Bracelet,Swords_T1_03=1,0,-,party wiped; +1 levelup
654,12998,1,Normal,32,2,2,2,0,37,37,0,0,40,0,1,1,0,6,2,1,3,3,0,0,224,0,11,11,5.5,0,1,1,3,4,,,0,-,floor1_town
654,12998,2,Normal,28,4,4,4,0,37,46,0,2,65,0,1,2,0,8,5,2,0,0,0,0,364,24,20,20,5,0,1,1,6,4,,,0,-,+1 levelup
654,12998,3,Normal,3,1,1,0,0,46,0,2,2,0,0,2,2,4,0,0,0,0,0,1,0,200,45,5,0,0,1,0,0,6,4,RH=Crude Sword|LH=Crude Sword|BD=Crude Armour|A1=Crude Bracelet|A2=Crude Bracelet,Swords_T1_03=1,0,-,party wiped
655,12999,1,Normal,30,2,2,2,0,37,37,0,0,35,0,1,1,0,5,2,0,3,3,0,0,196,8,9,9,4.5,0,1,1,3,4,,,0,-,floor1_town
655,12999,2,Normal,38,3,3,3,0,37,37,0,0,35,0,1,1,0,4,1,1,2,3,0,0,196,10,10,10,3.333,0,1,1,4,2,,,0,-,
655,12999,3,Normal,20,3,3,2,0,37,0,0,2,36,0,1,2,2,6,4,0,0,0,1,0,285,45,11,7,3.5,1,0,0,16,4,RH=Crude Sword|LH=Crude Sword|BD=Crude Armour|A1=Crude Bracelet|A2=Crude Bracelet,Swords_T1_03=1,0,-,party wiped; +1 levelup
656,13000,1,Normal,28,4,4,4,0,37,37,0,0,60,0,1,1,0,7,0,1,3,3,0,0,336,24,16,16,4,0,1,1,5,4,,,0,-,floor1_town
656,13000,2,Normal,40,5,5,5,0,37,46,0,2,55,0,1,2,0,3,3,2,0,0,0,0,308,16,14,14,2.8,0,1,1,6,4,,,0,-,+1 levelup
656,13000,3,Normal,5,1,1,0,0,46,0,2,2,0,0,2,2,2,0,0,0,0,0,0,0,81,46,3,0,0,1,0,0,6,4,RH=Crude Sword|LH=Crude Sword|BD=Crude Armour|A1=Crude Bracelet|A2=Crude Bracelet,,0,-,party wiped
657,13001,1,Normal,26,2,2,2,0,37,37,0,0,15,0,1,1,0,0,0,2,3,3,0,0,84,8,3,3,1.5,0,1,1,3,1,,,0,-,floor1_town
657,13001,2,Normal,33,3,3,3,0,37,29,0,0,30,0,1,1,0,2,0,2,3,3,0,0,168,14,8,8,2.667,0,1,1,4,2,,,0,-,
657,13001,3,Normal,2,1,1,0,0,29,0,0,0,0,0,1,1,1,3,3,2,0,0,0,0,176,37,6,0,0,1,0,0,10,3,RH=Crude Sword|LH=Crude Sword|BD=Crude Armour|A1=Crude Bracelet|A2=Crude Bracelet,,0,-,party wiped
658,13002,1,Normal,40,5,5,5,0,37,37,0,0,60,0,1,1,0,2,0,1,3,3,0,0,336,40,12,12,2.4,0,1,1,6,3,,,0,-,floor1_town
658,13002,2,Normal,26,3,3,3,0,37,44,0,1,40,0,1,2,0,5,0,1,1,3,0,0,224,10,13,13,4.333,0,1,1,7,3,,,0,-,+1 levelup
658,13002,3,Normal,1,1,1,0,0,44,0,1,1,0,0,2,2,1,1,3,0,0,0,1,0,150,43,4,0,0,1,0,0,7,4,RH=Crude Sword|LH=Crude Sword|BD=Crude Armour|A1=Crude Bracelet|A2=Crude Bracelet,Swords_T1_03=1,0,-,party wiped
659,13003,1,Normal,38,6,6,6,0,37,37,0,0,85,0,1,1,0,10,4,2,3,3,0,0,476,16,23,23,3.833,0,1,1,7,1,,,0,-,floor1_town
659,13003,2,Normal,36,2,2,2,0,37,45,0,3,20,0,1,2,0,3,0,2,0,3,0,0,112,0,5,5,2.5,0,1,1,7,1,,,0,-,+1 levelup
659,13003,3,Normal,20,2,2,1,0,45,0,3,3,36,0,2,2,2,3,6,0,0,0,2,0,335,64,9,5,5,1,0,0,8,4,RH=Crude Sword|LH=Crude Sword|BD=Crude Armour|A1=Crude Bracelet|A2=Crude Bracelet,Swords_T1_03=2,0,-,party wiped
660,13004,1,Normal,36,4,4,4,0,37,37,0,0,40,0,1,1,0,3,0,0,3,3,0,0,224,16,9,9,2.25,0,1,1,5,2,,,0,-,floor1_town
660,13004,2,Normal,28,4,4,4,0,37,29,0,0,55,0,1,1,0,3,0,2,2,3,0,0,308,32,13,13,3.25,0,1,1,8,3,,,0,-,
660,13004,3,Normal,11,2,2,1,0,29,0,0,3,24,0,1,2,2,3,3,0,0,0,1,0,296,45,10,5,5,1,0,0,14,3,RH=Crude Sword|LH=Crude Sword|BD=Crude Armour|A1=Crude Bracelet|A2=Crude Bracelet,Swords_T1_03=1,0,-,party wiped; +1 levelup
661,13005,1,Normal,34,4,4,4,0,37,37,0,0,55,0,1,1,0,7,0,2,3,3,0,0,308,16,14,14,3.5,0,1,1,5,4,,,0,-,floor1_town
661,13005,2,Normal,27,4,4,4,0,37,37,0,0,35,0,1,1,0,1,0,3,2,3,0,0,196,16,7,7,1.75,0,1,1,7,2,,,0,-,
661,13005,3,Normal,31,4,4,4,0,37,44,0,2,72,0,1,2,1,3,3,4,3,3,3,0,360,20,10,10,2.5,0,1,1,14,1,,Swords_T1_03=3,0,-,+1 levelup
661,13005,4,Normal,36,4,4,4,0,44,24,2,2,60,0,2,2,0,6,3,4,0,0,1,0,336,32,17,17,4.25,0,1,1,15,2,,Swords_T1_03=1,0,-,
661,13005,5,Normal,40,4,4,4,0,24,44,2,2,50,0,2,2,1,3,3,3,0,0,3,0,280,-2,14,14,3.5,0,1,1,16,3,,Swords_T1_03=3,0,-,
661,13005,6,Normal,34,4,4,4,0,44,45,2,2,25,0,2,2,0,0,0,3,3,3,1,0,140,14,6,6,1.5,0,1,1,17,1,,Swords_T1_03=1,0,-,
661,13005,7,Normal,33,4,4,4,0,45,22,2,3,60,0,2,3,0,3,3,3,0,0,4,0,336,34,15,15,3.75,0,1,1,17,3,,Swords_T1_03=3|Swords_T1_04=1,0,-,+1 levelup
661,13005,8,Normal,6,1,1,0,0,22,0,3,3,0,0,3,3,3,3,3,0,0,0,0,0,102,53,3,0,0,1,0,0,23,3,RH=Crude Sword|LH=Crude Sword|BD=Crude Armour|A1=Crude Bracelet|A2=Crude Bracelet,,0,-,party wiped
662,13006,1,Normal,32,3,3,3,0,37,37,0,0,25,0,1,1,0,3,0,0,3,3,0,0,140,8,6,6,2,0,1,1,4,1,,,0,-,floor1_town
662,13006,2,Normal,27,3,3,3,0,37,29,0,0,40,0,1,1,0,4,0,0,1,3,0,0,224,24,9,9,3,0,1,1,6,3,,,0,-,
662,13006,3,Normal,23,3,3,2,0,29,0,0,1,48,0,1,2,2,6,3,0,0,0,1,0,401,43,12,8,4,1,0,0,18,3,RH=Crude Sword|LH=Crude Sword|BD=Crude Armour|A1=Crude Bracelet|A2=Crude Bracelet,Swords_T1_03=1,0,-,party wiped; +1 levelup
663,13007,1,Normal,30,2,2,2,0,37,37,0,0,30,0,1,1,0,3,0,2,3,3,0,0,168,8,8,8,4,0,1,1,3,4,,,0,-,floor1_town
663,13007,2,Normal,35,4,4,4,0,37,37,0,0,35,0,1,1,0,3,1,3,0,2,0,0,196,0,9,9,2.25,0,1,1,3,1,,,0,-,
663,13007,3,Normal,34,4,4,4,0,37,45,0,2,108,0,1,2,3,8,3,0,1,3,2,0,540,22,17,17,4.25,0,1,1,16,2,,Swords_T1_03=2,0,-,+1 levelup
663,13007,4,Normal,34,3,3,3,0,45,45,2,2,40,0,2,2,0,2,3,0,2,3,2,0,224,11,10,10,3.333,0,1,1,17,2,,Swords_T1_03=2,0,-,
663,13007,5,Normal,37,7,7,6,1,45,43,2,2,55,0,2,2,0,2,3,0,3,3,4,0,336,34,17,15,2.5,0,1,1,18,1,,Swords_T1_03=4,0,-,flee×1
663,13007,6,Normal,26,2,2,2,0,43,53,2,4,35,0,2,3,0,5,1,0,1,3,0,0,196,19,10,10,5,0,1,1,19,3,,,0,-,+1 levelup
663,13007,7,Normal,25,3,3,3,0,53,43,4,4,25,0,3,3,0,1,1,0,0,2,4,0,140,4,7,7,2.333,0,1,1,19,1,,Swords_T1_03=3|Swords_T1_04=1,0,-,
663,13007,8,Normal,8,1,1,0,0,43,0,4,4,0,0,3,3,0,3,3,0,0,0,0,0,109,53,3,0,0,1,0,0,25,2,RH=Crude Sword|LH=Crude Sword|BD=Crude Armour|A1=Crude Bracelet|A2=Crude Bracelet,,0,-,party wiped
664,13008,1,Normal,28,4,4,4,0,37,37,0,0,60,0,1,1,0,6,5,0,3,3,0,0,336,37,20,20,5,0,1,1,5,4,,,0,-,floor1_town
664,13008,2,Normal,40,5,5,5,0,37,46,0,2,60,0,1,2,0,4,0,1,0,3,1,0,336,23,14,14,2.8,0,1,1,7,3,,Swords_T1_03=1,0,-,+1 levelup
664,13008,3,Normal,6,1,1,0,0,46,0,2,2,0,0,2,2,1,0,3,0,0,0,1,0,98,45,3,0,0,1,0,0,7,4,RH=Crude Sword|LH=Crude Sword|BD=Crude Armour|A1=Crude Bracelet|A2=Crude Bracelet,Swords_T1_03=1,0,-,party wiped
665,13009,1,Normal,26,2,2,2,0,37,37,0,0,35,0,1,1,0,6,2,1,3,3,0,0,196,0,10,10,5,0,1,1,3,3,,,0,-,floor1_town
665,13009,2,Normal,25,2,2,2,0,37,37,0,0,20,0,1,1,0,2,0,1,1,3,0,0,112,0,6,6,3,0,1,1,3,3,,,0,-,
665,13009,3,Normal,40,3,3,3,0,37,45,0,3,48,0,1,2,0,5,2,3,2,3,0,0,240,0,8,8,2.667,0,1,1,21,1,,,0,-,+1 levelup
665,13009,4,Normal,33,4,4,4,0,45,21,3,3,55,0,2,2,0,2,3,3,0,0,3,0,308,21,13,13,3.25,0,1,1,21,2,,Swords_T1_03=3,0,-,
665,13009,5,Normal,39,4,4,4,0,21,37,3,3,50,0,2,2,0,3,1,3,0,2,2,0,280,6,10,10,2.5,0,1,1,22,4,,Swords_T1_03=2,0,-,
665,13009,6,Normal,34,3,3,3,0,37,31,3,3,30,0,2,2,0,0,2,3,0,0,1,0,168,5,7,7,2.333,0,1,1,22,1,,Swords_T1_03=1,0,-,
665,13009,7,Normal,32,4,4,4,0,31,52,3,4,65,0,2,3,0,5,3,3,2,3,2,0,364,24,14,14,3.5,0,1,1,25,2,,Swords_T1_03=2,0,-,+1 levelup
665,13009,8,Normal,3,1,1,0,0,52,0,4,4,0,0,3,3,3,3,0,0,0,3,1,0,103,50,2,0,0,1,0,0,31,4,RH=Crude Sword|LH=Crude Sword|BD=Crude Armour|A1=Crude Bracelet|A2=Crude Bracelet,Swords_T1_03=1,0,-,party wiped
666,13010,1,Normal,40,6,6,6,0,37,37,0,0,70,0,1,1,0,7,0,0,3,3,0,0,392,8,17,17,2.833,0,1,1,7,3,,,0,-,floor1_town
666,13010,2,Normal,36,3,3,3,0,37,45,0,1,35,0,1,2,0,3,3,1,0,0,0,0,196,8,9,9,3,0,1,1,8,4,,,0,-,+1 levelup
666,13010,3,Normal,8,1,1,0,0,45,0,1,1,0,0,2,2,2,0,0,0,0,0,1,0,146,44,3,0,0,1,0,0,8,3,RH=Crude Sword|LH=Crude Sword|BD=Crude Armour|A1=Crude Bracelet|A2=Crude Bracelet,Swords_T1_03=1,0,-,party wiped
667,13011,1,Normal,38,6,6,6,0,37,37,0,0,90,0,1,1,0,11,7,1,3,3,0,0,504,8,26,26,4.333,0,1,1,7,2,,,0,-,floor1_town
667,13011,2,Normal,39,5,5,4,1,37,35,0,3,55,0,1,2,2,3,3,0,3,3,4,0,364,49,16,13,3.25,0,1,1,8,2,,Swords_T1_03=4,0,-,+1 levelup; flee×1
667,13011,3,Normal,9,2,2,1,0,35,0,3,3,36,0,2,2,2,3,3,0,0,0,2,0,297,42,8,6,6,1,0,0,9,3,RH=Crude Sword|LH=Crude Sword|BD=Crude Armour|A1=Crude Bracelet|A2=Crude Bracelet,Swords_T1_03=2,0,-,party wiped
668,13012,1,Normal,36,3,3,3,0,37,37,0,0,30,0,1,1,0,2,0,2,3,3,0,0,168,8,9,9,3,0,1,1,4,2,,,0,-,floor1_town
668,13012,2,Normal,37,5,5,5,0,37,37,0,0,65,0,1,1,0,6,2,3,1,3,0,0,364,24,15,15,3,0,1,1,7,1,,,0,-,
668,13012,3,Normal,7,1,1,0,0,37,0,0,0,0,0,1,1,5,3,3,0,0,0,0,0,179,37,7,0,0,1,0,0,13,4,RH=Crude Sword|LH=Crude Sword|BD=Crude Armour|A1=Crude Bracelet|A2=Crude Bracelet,,0,-,party wiped
669,13013,1,Normal,34,3,3,3,0,37,37,0,0,40,0,1,1,0,6,3,1,3,3,0,0,224,21,13,13,4.333,0,1,1,4,3,,,0,-,floor1_town
669,13013,2,Normal,31,3,3,3,0,37,37,0,0,25,0,1,1,0,2,0,2,1,3,0,0,140,0,5,5,1.667,0,1,1,4,1,,,0,-,
669,13013,3,Normal,27,1,1,1,0,37,37,0,0,24,0,1,1,0,3,1,2,0,2,0,0,120,0,4,4,4,0,1,1,10,2,,,0,-,
669,13013,4,Normal,38,4,4,4,0,37,36,0,2,35,0,1,2,0,0,2,2,0,0,2,0,196,7,7,7,1.75,0,1,1,10,1,,Swords_T1_03=2,0,-,+1 levelup
669,13013,5,Normal,27,1,1,1,0,36,36,2,2,5,0,2,2,0,0,0,2,0,0,0,0,28,0,1,1,1,0,1,1,10,1,,,0,-,
669,13013,6,Normal,32,4,4,3,1,36,32,2,2,40,0,2,2,2,3,1,0,0,2,3,0,308,43,15,11,3.667,0,1,1,11,3,,Swords_T1_03=3,0,-,flee×1
669,13013,7,Normal,37,5,5,5,0,32,29,2,2,50,0,2,2,0,3,3,0,0,0,5,0,280,11,14,14,2.8,0,1,1,12,2,,Swords_T1_03=5,0,-,
669,13013,8,Normal,5,1,1,0,0,29,0,2,2,0,0,2,2,0,0,0,0,3,3,0,0,27,45,1,0,0,1,0,0,18,4,RH=Crude Sword|LH=Crude Sword|BD=Crude Armour|A1=Crude Bracelet|A2=Crude Bracelet,,0,-,party wiped
670,13014,1,Normal,32,4,4,4,0,37,37,0,0,55,0,1,1,0,6,2,2,3,3,0,0,308,16,15,15,3.75,0,1,1,5,4,,,0,-,floor1_town
670,13014,2,Normal,28,3,3,3,0,37,37,0,0,30,0,1,1,0,3,1,4,0,2,0,0,168,0,9,9,3,0,1,1,5,1,,,0,-,
670,13014,3,Normal,35,6,6,5,0,37,0,0,3,156,0,1,2,5,13,12,0,0,0,3,0,885,88,29,25,5,1,0,0,20,4,RH=Crude Sword|LH=Crude Sword|BD=Crude Armour|A1=Crude Bracelet|A2=Crude Bracelet,Swords_T1_03=3,0,-,party wiped; +1 levelup
671,13015,1,Normal,30,3,3,3,0,37,37,0,0,25,0,1,1,0,2,0,0,3,3,0,0,140,14,7,7,2.333,0,1,1,4,3,,,0,-,floor1_town
671,13015,2,Normal,27,1,1,1,0,37,37,0,0,20,0,1,1,0,3,1,1,0,2,0,0,112,0,6,6,6,0,1,1,4,4,,,0,-,
671,13015,3,Normal,7,1,1,0,0,37,0,0,0,0,0,1,1,2,3,3,0,0,0,0,0,120,37,4,0,0,1,0,0,10,4,RH=Crude Sword|LH=Crude Sword|BD=Crude Armour|A1=Crude Bracelet|A2=Crude Bracelet,,0,-,party wiped
672,13016,1,Normal,28,2,2,2,0,37,37,0,0,30,0,1,1,0,3,1,2,3,3,0,0,168,8,7,7,3.5,0,1,1,3,2,,,0,-,floor1_town
672,13016,2,Normal,40,6,6,6,0,37,45,0,1,75,0,1,2,0,6,3,3,3,3,0,0,420,21,20,20,3.333,0,1,1,5,1,,,0,-,+1 levelup
672,13016,3,Normal,4,1,1,0,0,45,0,1,1,0,0,2,2,3,3,3,2,0,0,1,0,204,44,9,0,0,1,0,0,5,4,RH=Crude Sword|LH=Crude Sword|BD=Crude Armour|A1=Crude Bracelet|A2=Crude Bracelet,Swords_T1_03=1,0,-,party wiped
673,13017,1,Normal,26,2,2,2,0,37,37,0,0,15,0,1,1,0,1,0,0,3,3,0,0,84,0,3,3,1.5,0,1,1,3,2,,,0,-,floor1_town
673,13017,2,Normal,36,4,4,4,0,37,37,0,0,45,0,1,1,1,3,3,0,0,0,0,0,252,0,11,11,2.75,0,1,1,3,4,,,0,-,
673,13017,3,Normal,12,2,2,1,0,37,0,0,0,24,0,1,1,0,6,4,0,0,0,0,0,240,37,8,4,4,1,0,0,15,3,RH=Crude Sword|LH=Crude Sword|BD=Crude Armour|A1=Crude Bracelet|A2=Crude Bracelet,,0,-,party wiped
674,13018,1,Normal,40,7,7,7,0,37,37,0,0,55,0,1,1,0,3,0,1,3,3,0,0,308,16,13,13,1.857,0,1,1,8,1,,,0,-,floor1_town
674,13018,2,Normal,32,3,3,3,0,37,44,0,1,50,0,1,2,2,3,3,1,0,0,0,0,280,16,14,14,4.667,0,1,1,9,4,,,0,-,+1 levelup
674,13018,3,Normal,30,3,3,2,0,44,0,1,1,36,0,2,2,1,3,3,0,0,0,2,0,277,56,10,5,2.5,1,0,0,10,3,RH=Crude Sword|LH=Crude Sword|BD=Crude Armour|A1=Crude Bracelet|A2=Crude Bracelet,Swords_T1_03=2,0,-,party wiped
675,13019,1,Normal,38,3,3,3,0,37,37,0,0,35,0,1,1,0,3,3,0,3,3,0,0,196,24,10,10,3.333,0,1,1,4,2,,,0,-,floor1_town
675,13019,2,Normal,30,3,3,3,0,37,37,0,0,45,0,1,1,0,6,3,1,0,1,0,0,252,10,11,11,3.667,0,1,1,5,1,,,0,-,
675,13019,3,Normal,1,1,1,0,0,37,0,0,0,0,0,1,1,2,3,3,0,0,0,0,0,116,37,5,0,0,1,0,0,11,4,RH=Crude Sword|LH=Crude Sword|BD=Crude Armour|A1=Crude Bracelet|A2=Crude Bracelet,,0,-,party wiped
676,13020,1,Normal,36,2,2,2,0,37,37,0,0,30,0,1,1,0,4,0,1,3,3,0,0,168,0,7,7,3.5,0,1,1,3,4,,,0,-,floor1_town
676,13020,2,Normal,30,4,4,4,0,37,29,0,0,50,0,1,1,0,6,2,2,0,3,0,0,280,16,12,12,3,0,1,1,4,3,,,0,-,
676,13020,3,Normal,26,4,4,3,0,29,0,0,3,96,0,1,2,4,6,6,0,0,0,2,0,525,68,19,18,6,1,0,0,11,4,RH=Crude Sword|LH=Crude Sword|BD=Crude Armour|A1=Crude Bracelet|A2=Crude Bracelet,Swords_T1_03=2,0,-,party wiped; +1 levelup
677,13021,1,Normal,26,3,3,2,0,37,0,0,0,25,0,1,1,0,6,5,0,0,0,0,0,246,37,13,8,4,1,0,0,3,4,RH=Crude Sword|LH=Crude Sword|BD=Crude Armour|A1=Crude Bracelet|A2=Crude Bracelet,,0,-,floor1_town; party wiped
678,13022,1,Normal,32,3,3,3,0,37,37,0,0,45,0,1,1,0,4,2,1,3,3,0,0,252,16,11,11,3.667,0,1,1,4,2,,,0,-,floor1_town
678,13022,2,Normal,27,4,4,4,0,37,37,0,0,45,0,1,1,0,5,1,1,3,3,0,0,252,16,11,11,2.75,0,1,1,6,1,,,0,-,
678,13022,3,Normal,29,3,3,2,0,37,0,0,1,24,0,1,2,2,3,3,0,0,0,1,0,255,44,8,4,2,1,0,0,12,4,RH=Crude Sword|LH=Crude Sword|BD=Crude Armour|A1=Crude Bracelet|A2=Crude Bracelet,Swords_T1_03=1,0,-,party wiped; +1 levelup
679,13023,1,Normal,30,1,1,1,0,37,37,0,0,5,0,1,1,0,0,0,2,3,3,0,0,28,10,2,2,2,0,1,1,2,1,,,0,-,floor1_town
679,13023,2,Normal,31,5,5,5,0,37,37,0,0,45,0,1,1,0,2,0,2,1,3,0,0,252,16,10,10,2,0,1,1,4,3,,,0,-,
679,13023,3,Normal,32,3,3,3,0,37,28,0,3,96,0,1,2,3,6,4,1,0,0,1,0,480,17,16,16,5.333,0,1,1,16,3,,Swords_T1_03=1,0,-,+1 levelup
679,13023,4,Normal,31,2,2,2,0,28,33,3,3,35,0,2,2,0,3,2,1,0,1,1,0,196,12,9,9,4.5,0,1,1,17,4,,Swords_T1_03=1,0,-,
679,13023,5,Normal,27,2,2,1,0,33,0,3,3,10,0,2,2,1,0,1,0,0,0,0,0,137,33,5,2,2,1,0,0,17,4,RH=Crude Sword|LH=Crude Sword|BD=Crude Armour|A1=Crude Bracelet|A2=Crude Bracelet,,0,-,party wiped
680,13024,1,Normal,28,1,1,1,0,37,37,0,0,5,0,1,1,0,0,0,1,3,3,0,0,28,0,1,1,1,0,1,1,2,1,,,0,-,floor1_town
680,13024,2,Normal,13,2,2,1,0,37,0,0,0,20,0,1,1,2,3,3,0,0,0,0,0,218,37,9,5,5,1,0,0,2,4,RH=Crude Sword|LH=Crude Sword|BD=Crude Armour|A1=Crude Bracelet|A2=Crude Bracelet,,0,-,party wiped
681,13025,1,Normal,26,1,1,1,0,37,37,0,0,5,0,1,1,0,0,0,2,3,3,0,0,28,0,1,1,1,0,1,1,2,1,,,0,-,floor1_town
681,13025,2,Normal,26,4,4,4,0,37,37,0,0,50,0,1,1,0,5,1,2,0,2,0,0,280,8,12,12,3,0,1,1,3,1,,,0,-,
681,13025,3,Normal,1,1,1,0,0,37,0,0,0,0,0,1,1,4,3,3,0,0,0,0,0,88,37,6,0,0,1,0,0,9,4,RH=Crude Sword|LH=Crude Sword|BD=Crude Armour|A1=Crude Bracelet|A2=Crude Bracelet,,0,-,party wiped
682,13026,1,Normal,40,4,4,4,0,37,37,0,0,40,0,1,1,0,5,1,0,3,3,0,0,224,8,10,10,2.5,0,1,1,5,1,,,0,-,floor1_town
682,13026,2,Normal,39,3,3,3,0,37,37,0,0,40,0,1,1,0,5,0,1,1,3,0,0,224,8,12,12,4,0,1,1,6,1,,,0,-,
682,13026,3,Normal,6,1,1,0,0,37,0,0,0,0,0,1,1,2,3,3,1,0,0,0,0,95,37,4,0,0,1,0,0,12,4,RH=Crude Sword|LH=Crude Sword|BD=Crude Armour|A1=Crude Bracelet|A2=Crude Bracelet,,0,-,party wiped
683,13027,1,Normal,38,2,2,2,0,37,37,0,0,30,0,1,1,0,3,0,2,3,3,0,0,168,8,8,8,4,0,1,1,3,3,,,0,-,floor1_town
683,13027,2,Normal,36,3,3,3,0,37,21,0,0,55,0,1,1,0,6,6,3,0,0,0,0,308,24,16,16,5.333,0,1,1,4,4,,,0,-,
683,13027,3,Normal,32,3,3,3,0,21,45,0,2,96,0,1,2,3,6,4,1,0,2,0,0,480,26,20,20,6.667,0,1,1,11,4,,,0,-,+1 levelup
683,13027,4,Normal,34,1,1,1,0,45,24,2,2,20,0,2,2,0,0,2,1,0,0,1,0,112,20,5,5,5,0,1,1,11,4,,Swords_T1_03=1,0,-,
683,13027,5,Normal,25,3,3,3,0,24,36,2,2,45,0,2,2,1,3,3,0,0,0,3,0,252,6,13,13,4.333,0,1,1,12,1,,Swords_T1_03=3,0,-,
683,13027,6,Normal,30,4,4,3,1,36,38,2,2,25,0,2,2,0,1,0,0,2,3,1,0,168,33,7,6,2,0,1,1,13,3,,Swords_T1_03=1,0,-,flee×1
683,13027,7,Normal,20,4,4,3,0,38,0,2,4,35,0,2,3,0,2,3,0,0,0,4,0,224,44,13,10,3.333,1,0,0,13,3,RH=Crude Sword|LH=Crude Sword|BD=Crude Armour|A1=Crude Bracelet|A2=Crude Bracelet,Swords_T1_03=2|Swords_T1_04=2,0,-,party wiped; +1 levelup
684,13028,1,Normal,36,4,4,4,0,37,37,0,0,50,0,1,1,0,6,2,0,3,3,0,0,280,16,14,14,3.5,0,1,1,5,3,,,0,-,floor1_town
684,13028,2,Normal,26,1,1,1,0,37,37,0,0,10,0,1,1,0,3,0,2,0,3,0,0,56,0,4,4,4,0,1,1,5,2,,,0,-,
684,13028,3,Normal,23,4,4,3,0,37,0,0,3,72,0,1,2,3,6,6,0,0,0,1,0,420,43,17,14,4.667,1,0,0,17,2,RH=Crude Sword|LH=Crude Sword|BD=Crude Armour|A1=Crude Bracelet|A2=Crude Bracelet,Swords_T1_03=1,0,-,party wiped; +1 levelup
685,13029,1,Normal,34,3,3,3,0,37,37,0,0,40,0,1,1,0,5,0,1,3,3,0,0,224,8,9,9,3,0,1,1,4,4,,,0,-,floor1_town
685,13029,2,Normal,30,4,4,4,0,37,44,0,1,60,0,1,2,0,6,4,1,0,1,0,0,336,8,17,17,4.25,0,1,1,5,3,,,0,-,+1 levelup
685,13029,3,Normal,11,1,1,0,0,44,0,1,1,0,0,2,2,3,0,1,0,0,0,1,0,180,43,5,0,0,1,0,0,5,4,RH=Crude Sword|LH=Crude Sword|BD=Crude Armour|A1=Crude Bracelet|A2=Crude Bracelet,Swords_T1_03=1,0,-,party wiped
686,13030,1,Normal,32,3,3,3,0,37,37,0,0,45,0,1,1,0,6,1,0,3,3,0,0,252,8,11,11,3.667,0,1,1,4,4,,,0,-,floor1_town
686,13030,2,Normal,32,3,3,3,0,37,37,0,0,25,0,1,1,0,3,1,0,0,2,0,0,140,0,8,8,2.667,0,1,1,4,1,,,0,-,
686,13030,3,Normal,2,1,1,0,0,37,0,0,0,0,0,1,1,1,3,3,0,0,0,0,0,63,37,3,0,0,1,0,0,10,4,RH=Crude Sword|LH=Crude Sword|BD=Crude Armour|A1=Crude Bracelet|A2=Crude Bracelet,,0,-,party wiped
687,13031,1,Normal,30,2,2,2,0,37,37,0,0,25,0,1,1,0,3,1,1,3,3,0,0,140,8,7,7,3.5,0,1,1,3,1,,,0,-,floor1_town
687,13031,2,Normal,32,4,4,4,0,37,37,0,0,40,0,1,1,0,3,0,2,3,3,0,0,224,16,9,9,2.25,0,1,1,5,1,,,0,-,
687,13031,3,Normal,2,1,1,0,0,37,0,0,0,0,0,1,1,2,3,3,0,0,0,0,0,95,37,4,0,0,1,0,0,11,4,RH=Crude Sword|LH=Crude Sword|BD=Crude Armour|A1=Crude Bracelet|A2=Crude Bracelet,,0,-,party wiped
688,13032,1,Normal,28,2,2,2,0,37,37,0,0,25,0,1,1,0,3,0,2,3,3,0,0,140,8,8,8,4,0,1,1,3,3,,,0,-,floor1_town
688,13032,2,Normal,31,2,2,2,0,37,37,0,0,15,0,1,1,0,0,0,3,3,3,0,0,84,0,4,4,2,0,1,1,3,1,,,0,-,
688,13032,3,Normal,9,2,2,1,0,37,0,0,0,12,0,1,1,2,4,3,3,0,0,0,0,200,37,6,2,2,1,0,0,15,4,RH=Crude Sword|LH=Crude Sword|BD=Crude Armour|A1=Crude Bracelet|A2=Crude Bracelet,,0,-,party wiped
689,13033,1,Normal,26,1,1,1,0,37,37,0,0,5,0,1,1,0,0,0,1,3,3,0,0,28,0,1,1,1,0,1,1,2,1,,,0,-,floor1_town
689,13033,2,Normal,32,2,2,2,0,37,29,0,0,35,0,1,1,0,5,3,2,1,3,0,0,196,24,11,11,5.5,0,1,1,3,3,,,0,-,
689,13033,3,Normal,14,1,1,0,0,29,0,0,0,0,0,1,1,2,3,3,0,0,0,0,0,156,37,4,0,0,1,0,0,9,4,RH=Crude Sword|LH=Crude Sword|BD=Crude Armour|A1=Crude Bracelet|A2=Crude Bracelet,,0,-,party wiped
690,13034,1,Normal,40,4,4,4,0,37,37,0,0,45,0,1,1,0,6,0,2,3,3,0,0,252,8,11,11,2.75,0,1,1,5,1,,,0,-,floor1_town
690,13034,2,Normal,26,2,2,2,0,37,37,0,0,25,0,1,1,0,2,0,3,3,3,0,0,140,8,6,6,3,0,1,1,6,2,,,0,-,
690,13034,3,Normal,7,1,1,0,0,37,0,0,0,0,0,1,1,3,3,3,0,0,0,0,0,168,37,5,0,0,1,0,0,12,4,RH=Crude Sword|LH=Crude Sword|BD=Crude Armour|A1=Crude Bracelet|A2=Crude Bracelet,,0,-,party wiped
691,13035,1,Normal,38,4,4,4,0,37,37,0,0,70,0,1,1,0,9,5,0,3,3,0,0,392,8,19,19,4.75,0,1,1,5,3,,,0,-,floor1_town
691,13035,2,Normal,34,3,3,3,0,37,46,0,2,40,0,1,2,0,4,2,2,0,1,0,0,224,16,11,11,3.667,0,1,1,6,1,,,0,-,+1 levelup
691,13035,3,Normal,12,2,2,1,0,46,0,2,2,12,0,2,2,3,0,1,0,0,0,2,0,157,44,5,1,1,1,0,0,6,4,RH=Crude Sword|LH=Crude Sword|BD=Crude Armour|A1=Crude Bracelet|A2=Crude Bracelet,Swords_T1_03=2,0,-,party wiped
692,13036,1,Normal,36,3,3,3,0,37,37,0,0,30,0,1,1,0,3,3,2,3,3,0,0,168,0,8,8,2.667,0,1,1,4,1,,,0,-,floor1_town
692,13036,2,Normal,39,5,5,5,0,37,37,0,0,40,0,1,1,0,3,0,3,0,3,0,0,224,0,9,9,1.8,0,1,1,4,1,,,0,-,
692,13036,3,Normal,19,2,2,1,0,37,0,0,0,12,0,1,1,0,4,3,4,0,0,0,0,183,37,6,2,2,1,0,0,16,3,RH=Crude Sword|LH=Crude Sword|BD=Crude Armour|A1=Crude Bracelet|A2=Crude Bracelet,,0,-,party wiped
693,13037,1,Normal,34,5,5,5,0,37,37,0,0,70,0,1,1,0,10,4,0,3,3,0,0,392,14,21,21,4.2,0,1,1,6,2,,,0,-,floor1_town
693,13037,2,Normal,33,3,3,3,0,37,37,0,0,25,0,1,1,0,3,0,2,0,3,0,0,140,0,7,7,2.333,0,1,1,6,1,,,0,-,
693,13037,3,Normal,3,1,1,0,0,37,0,0,0,0,0,1,1,2,3,3,1,0,0,0,0,60,37,6,0,0,1,0,0,12,3,RH=Crude Sword|LH=Crude Sword|BD=Crude Armour|A1=Crude Bracelet|A2=Crude Bracelet,,0,-,party wiped
694,13038,1,Normal,32,4,4,4,0,37,37,0,0,50,0,1,1,0,6,2,2,3,3,0,0,280,8,15,15,3.75,0,1,1,5,4,,,0,-,floor1_town
694,13038,2,Normal,27,3,3,3,0,37,29,0,0,40,0,1,1,0,3,1,4,0,2,0,0,224,8,9,9,3,0,1,1,5,2,,,0,-,
694,13038,3,Normal,9,1,1,0,0,29,0,0,0,0,0,1,1,2,3,3,2,0,0,0,0,120,37,5,0,0,1,0,0,11,3,RH=Crude Sword|LH=Crude Sword|BD=Crude Armour|A1=Crude Bracelet|A2=Crude Bracelet,,0,-,party wiped
695,13039,1,Normal,29,3,3,3,0,37,37,0,0,50,0,1,1,0,7,1,0,3,3,0,0,280,8,14,14,4.667,0,1,1,4,2,,,0,-,floor1_town
695,13039,2,Normal,30,3,3,3,0,37,37,0,0,20,0,1,1,0,0,0,2,3,3,0,0,112,8,4,4,1.333,0,1,1,5,1,,,0,-,
695,13039,3,Normal,8,2,2,1,0,37,0,0,0,24,0,1,1,1,6,4,3,0,0,0,0,215,37,8,4,4,1,0,0,17,4,RH=Crude Sword|LH=Crude Sword|BD=Crude Armour|A1=Crude Bracelet|A2=Crude Bracelet,,0,-,party wiped
696,13040,1,Normal,27,3,3,3,0,37,37,0,0,40,0,1,1,0,3,0,1,3,3,0,0,224,0,9,9,3,0,1,1,4,2,,,0,-,floor1_town
696,13040,2,Normal,30,2,2,2,0,37,37,0,0,25,0,1,1,0,3,3,1,3,3,0,0,140,21,9,9,4.5,0,1,1,5,1,,,0,-,
696,13040,3,Normal,6,1,1,0,0,37,0,0,0,0,0,1,1,1,3,3,0,0,0,0,0,163,37,5,0,0,1,0,0,11,3,RH=Crude Sword|LH=Crude Sword|BD=Crude Armour|A1=Crude Bracelet|A2=Crude Bracelet,,0,-,party wiped
697,13041,1,Normal,25,2,2,2,0,37,37,0,0,25,0,1,1,0,2,0,0,3,3,0,0,140,8,6,6,3,0,1,1,3,3,,,0,-,floor1_town
697,13041,2,Normal,28,2,2,2,0,37,29,0,0,20,0,1,1,0,2,0,0,1,3,0,0,112,8,5,5,2.5,0,1,1,3,3,,,0,-,
697,13041,3,Normal,7,2,2,1,0,29,0,0,0,12,0,1,1,0,4,3,0,0,0,0,0,155,37,5,2,2,1,0,0,15,4,RH=Crude Sword|LH=Crude Sword|BD=Crude Armour|A1=Crude Bracelet|A2=Crude Bracelet,,0,-,party wiped
698,13042,1,Normal,39,5,5,5,0,37,37,0,0,60,0,1,1,0,9,3,1,3,3,0,0,336,0,18,18,3.6,0,1,1,6,4,,,0,-,floor1_town
698,13042,2,Normal,30,3,3,3,0,37,46,0,2,45,0,1,2,0,5,1,3,0,2,0,0,252,8,13,13,4.333,0,1,1,7,4,,,0,-,+1 levelup
698,13042,3,Normal,35,5,5,5,0,46,45,2,2,120,0,2,2,3,6,7,2,0,1,4,0,600,16,21,21,4.2,0,1,1,9,2,,Swords_T1_03=4,0,-,
698,13042,4,Normal,39,4,4,4,0,45,33,2,2,45,0,2,2,2,2,1,0,1,3,4,0,252,37,15,15,3.75,0,1,1,10,3,,Swords_T1_03=4,0,-,
698,13042,5,Normal,25,3,3,3,0,33,54,2,4,30,0,2,3,0,1,3,0,0,0,1,0,168,-5,8,8,2.667,0,1,1,10,2,,Swords_T1_03=1,0,-,+1 levelup
698,13042,6,Normal,37,3,3,2,1,54,40,4,4,30,0,3,3,0,1,0,0,2,3,2,0,169,62,8,6,3,0,1,1,11,4,,Swords_T1_03=1|Swords_T1_04=1,0,-,flee×1
698,13042,7,Normal,35,2,2,2,0,40,54,4,4,20,0,3,3,0,2,1,0,0,2,0,0,112,-14,6,6,3,0,1,1,11,1,,,0,-,
698,13042,8,Normal,1,1,1,0,0,54,0,4,4,0,0,3,3,0,3,3,0,0,0,2,0,55,52,2,0,0,1,0,0,17,4,RH=Crude Sword|LH=Crude Sword|BD=Crude Armour|A1=Crude Bracelet|A2=Crude Bracelet,Swords_T1_03=1|Swords_T1_04=1,0,-,party wiped
699,13043,1,Normal,37,3,3,3,0,37,37,0,0,25,0,1,1,0,2,0,2,3,3,0,0,140,8,6,6,2,0,1,1,4,3,,,0,-,floor1_town
699,13043,2,Normal,40,4,4,4,0,37,37,0,0,45,0,1,1,0,3,3,2,0,0,0,0,252,0,10,10,2.5,0,1,1,4,1,,,0,-,
699,13043,3,Normal,32,2,2,1,1,37,9,0,2,36,0,1,2,3,3,3,0,0,0,0,0,240,37,11,8,8,0,1,1,10,3,,,0,-,+1 levelup; flee×1
699,13043,4,Normal,32,3,3,3,0,9,36,2,2,40,0,2,2,0,3,0,0,3,3,2,0,224,20,10,10,3.333,0,1,1,12,2,,Swords_T1_03=2,0,-,
699,13043,5,Normal,25,2,2,2,0,36,34,2,2,15,0,2,2,0,0,0,0,3,3,2,0,84,0,4,4,2,0,1,1,12,1,,Swords_T1_03=2,0,-,
699,13043,6,Normal,35,5,5,5,0,34,45,2,2,70,0,2,2,0,5,3,0,1,3,1,0,392,12,18,18,3.6,0,1,1,13,2,,Swords_T1_03=1,0,-,
699,13043,7,Normal,29,2,2,2,0,45,44,2,2,25,0,2,2,0,1,2,0,0,1,1,0,140,0,6,6,3,0,1,1,13,1,,Swords_T1_03=1,0,-,
699,13043,8,Normal,2,1,1,0,0,44,0,2,2,0,0,2,2,0,0,0,0,3,3,0,0,23,45,1,0,0,1,0,0,19,3,RH=Crude Sword|LH=Crude Sword|BD=Crude Armour|A1=Crude Bracelet|A2=Crude Bracelet,,0,-,party wiped
700,13044,1,Normal,35,3,3,3,0,37,37,0,0,40,0,1,1,0,5,0,1,3,3,0,0,224,0,12,12,4,0,1,1,4,2,,,0,-,floor1_town
700,13044,2,Normal,29,4,4,4,0,37,31,0,0,50,0,1,1,0,3,3,2,0,0,0,0,280,14,13,13,3.25,0,1,1,5,3,,,0,-,
700,13044,3,Normal,5,1,1,0,0,31,0,0,0,0,0,1,1,2,3,3,0,0,0,0,0,117,37,5,0,0,1,0,0,11,4,RH=Crude Sword|LH=Crude Sword|BD=Crude Armour|A1=Crude Bracelet|A2=Crude Bracelet,,0,-,party wiped
701,13045,1,Normal,33,3,3,3,0,37,37,0,0,40,0,1,1,0,5,0,2,3,3,0,0,224,14,12,12,4,0,1,1,4,1,,,0,-,floor1_town
701,13045,2,Normal,34,2,2,2,0,37,37,0,0,35,0,1,1,0,6,3,3,0,3,0,0,196,21,11,11,5.5,0,1,1,5,3,,,0,-,
701,13045,3,Normal,15,2,2,1,0,37,0,0,0,24,0,1,1,2,6,3,2,0,0,0,0,250,37,9,4,4,1,0,0,17,4,RH=Crude Sword|LH=Crude Sword|BD=Crude Armour|A1=Crude Bracelet|A2=Crude Bracelet,,0,-,party wiped
702,13046,1,Normal,31,6,6,6,0,37,37,0,0,70,0,1,1,0,7,3,0,3,3,0,0,392,16,18,18,3,0,1,1,7,2,,,0,-,floor1_town
702,13046,2,Normal,36,5,5,4,1,37,37,0,2,65,0,1,2,1,6,4,0,0,2,3,0,420,46,23,20,5,0,1,1,8,3,,Swords_T1_03=3,0,-,+1 levelup; flee×1
702,13046,3,Normal,26,2,2,2,0,37,45,2,2,48,0,2,2,1,3,3,0,0,0,1,0,240,-1,8,8,4,0,1,1,9,3,,Swords_T1_03=1,0,-,
702,13046,4,Normal,28,4,4,3,1,45,4,2,2,45,0,2,2,0,3,3,0,0,0,4,0,280,81,15,13,4.333,0,1,1,10,3,,Swords_T1_03=4,0,-,flee×1
702,13046,5,Normal,39,5,5,5,0,4,36,2,2,60,0,2,2,0,3,3,0,3,3,3,0,336,36,14,14,2.8,0,1,1,12,2,,Swords_T1_03=3,0,-,
702,13046,6,Normal,29,5,5,5,0,36,43,2,3,65,0,2,3,0,3,3,0,3,3,4,0,364,24,16,16,3.2,0,1,1,13,2,,Swords_T1_03=4,0,-,+1 levelup
702,13046,7,Normal,34,2,2,2,0,43,53,3,3,20,0,3,3,0,2,0,0,1,3,0,0,112,-10,4,4,2,0,1,1,13,3,,,0,-,
702,13046,8,Normal,24,2,2,1,0,53,0,3,3,60,0,3,3,0,5,1,0,1,3,7,0,223,56,8,5,5,1,0,0,25,1,RH=Crude Sword|LH=Crude Sword|BD=Crude Armour|A1=Crude Bracelet|A2=Crude Bracelet,Swords_T1_03=4|Swords_T1_04=3,0,-,party wiped
703,13047,1,Normal,29,3,3,3,0,37,37,0,0,55,0,1,1,0,7,3,2,3,3,0,0,308,16,16,16,5.333,0,1,1,4,3,,,0,-,floor1_town
703,13047,2,Normal,29,2,2,2,0,37,29,0,0,30,0,1,1,0,2,0,4,1,3,0,0,168,16,7,7,3.5,0,1,1,5,4,,,0,-,
703,13047,3,Normal,18,3,3,2,0,29,0,0,2,72,0,1,2,5,6,6,0,0,0,3,0,450,99,14,11,5.5,1,0,0,12,4,RH=Crude Sword|LH=Crude Sword|BD=Crude Armour|A1=Crude Bracelet|A2=Crude Bracelet,Swords_T1_03=3,0,-,party wiped; +1 levelup
704,13048,1,Normal,27,3,3,3,0,37,37,0,0,25,0,1,1,0,2,0,0,3,3,0,0,140,8,6,6,2,0,1,1,4,2,,,0,-,floor1_town
704,13048,2,Normal,35,5,5,5,0,37,29,0,0,50,0,1,1,0,1,0,0,3,3,0,0,280,24,10,10,2,0,1,1,6,2,,,0,-,
704,13048,3,Normal,1,1,1,0,0,29,0,0,0,0,0,1,1,0,3,3,2,0,0,0,0,95,37,5,0,0,1,0,0,12,3,RH=Crude Sword|LH=Crude Sword|BD=Crude Armour|A1=Crude Bracelet|A2=Crude Bracelet,,0,-,party wiped
705,13049,1,Normal,25,4,4,4,0,37,37,0,0,65,0,1,1,0,8,2,1,3,3,0,0,364,16,18,18,4.5,0,1,1,5,4,,,0,-,floor1_town
705,13049,2,Normal,39,4,4,4,0,37,32,0,1,50,0,1,2,0,3,2,3,0,1,0,0,280,21,12,12,3,0,1,1,6,3,,,0,-,+1 levelup
705,13049,3,Normal,28,3,3,2,0,32,0,1,1,36,0,2,2,2,3,3,2,0,0,3,0,307,42,10,6,3,1,0,0,7,3,RH=Crude Sword|LH=Crude Sword|BD=Crude Armour|A1=Crude Bracelet|A2=Crude Bracelet,Swords_T1_03=3,0,-,party wiped
706,13050,1,Normal,39,3,3,3,0,37,37,0,0,40,0,1,1,0,6,4,0,3,3,0,0,224,0,12,12,4,0,1,1,4,4,,,0,-,floor1_town
706,13050,2,Normal,32,6,6,6,0,37,44,0,2,65,0,1,2,0,5,2,1,0,1,0,0,364,22,17,17,2.833,0,1,1,7,4,,,0,-,+1 levelup
706,13050,3,Normal,14,2,2,1,0,44,0,2,2,12,0,2,2,1,0,1,0,0,0,2,0,148,42,3,1,1,1,0,0,7,4,RH=Crude Sword|LH=Crude Sword|BD=Crude Armour|A1=Crude Bracelet|A2=Crude Bracelet,Swords_T1_03=2,0,-,party wiped
707,13051,1,Normal,37,2,2,2,0,37,37,0,0,30,0,1,1,0,4,0,1,3,3,0,0,168,0,10,10,5,0,1,1,3,3,,,0,-,floor1_town
707,13051,2,Normal,35,6,6,6,0,37,45,0,2,85,0,1,2,2,7,6,0,0,0,0,0,476,21,26,26,4.333,0,1,1,5,4,,,0,-,+1 levelup
707,13051,3,Normal,25,3,3,2,0,45,0,2,2,48,0,2,2,2,3,3,0,0,0,2,0,355,51,10,7,3.5,1,0,0,6,4,RH=Crude Sword|LH=Crude Sword|BD=Crude Armour|A1=Crude Bracelet|A2=Crude Bracelet,Swords_T1_03=2,0,-,party wiped
708,13052,1,Normal,35,2,2,2,0,37,37,0,0,10,0,1,1,0,0,0,2,3,3,0,0,56,0,2,2,1,0,1,1,3,1,,,0,-,floor1_town
708,13052,2,Normal,30,2,2,2,0,37,29,0,0,30,0,1,1,0,3,0,4,3,3,0,0,168,16,9,9,4.5,0,1,1,4,2,,,0,-,
708,13052,3,Normal,10,2,2,1,0,29,0,0,0,24,0,1,1,2,6,3,4,0,0,0,0,260,37,9,4,4,1,0,0,16,4,RH=Crude Sword|LH=Crude Sword|BD=Crude Armour|A1=Crude Bracelet|A2=Crude Bracelet,,0,-,party wiped
709,13053,1,Normal,33,3,3,3,0,37,37,0,0,40,0,1,1,0,5,0,1,3,3,0,0,224,8,11,11,3.667,0,1,1,4,1,,,0,-,floor1_town
709,13053,2,Normal,37,2,2,2,0,37,37,0,0,15,0,1,1,0,1,0,2,2,3,0,0,84,6,4,4,2,0,1,1,5,2,,,0,-,
709,13053,3,Normal,23,3,3,2,0,37,0,0,0,36,0,1,1,2,7,5,0,0,0,0,0,278,37,10,7,3.5,1,0,0,23,4,RH=Crude Sword|LH=Crude Sword|BD=Crude Armour|A1=Crude Bracelet|A2=Crude Bracelet,,0,-,party wiped
710,13054,1,Normal,31,2,2,2,0,37,37,0,0,10,0,1,1,0,0,0,2,3,3,0,0,56,0,2,2,1,0,1,1,3,1,,,0,-,floor1_town
710,13054,2,Normal,35,3,3,3,0,37,37,0,0,30,0,1,1,0,3,1,2,0,2,0,0,168,0,7,7,2.333,0,1,1,3,3,,,0,-,
710,13054,3,Normal,29,3,3,2,1,37,1,0,2,72,0,1,2,4,6,6,0,0,0,0,0,395,59,15,14,7,0,1,1,15,3,,,0,-,+1 levelup; flee×1
710,13054,4,Normal,35,4,4,3,1,1,12,2,2,35,0,2,2,0,3,3,0,0,0,3,0,252,31,12,9,3,0,1,1,16,4,,Swords_T1_03=3,0,-,flee×1
710,13054,5,Normal,27,2,2,2,0,12,15,2,2,40,0,2,2,0,3,3,0,0,0,1,0,224,30,13,13,6.5,0,1,1,17,4,,Swords_T1_03=1,0,-,
710,13054,6,Normal,35,5,5,5,0,15,38,2,2,80,0,2,2,0,6,3,0,0,3,1,0,448,40,21,21,4.2,0,1,1,19,2,,Swords_T1_03=1,0,-,
710,13054,7,Normal,39,5,5,5,0,38,38,2,2,30,0,2,2,0,0,0,0,0,3,0,0,168,0,6,6,1.2,0,1,1,19,1,,,0,-,
710,13054,8,Normal,2,1,1,0,0,38,0,2,2,0,0,2,2,0,2,0,0,1,3,1,0,115,45,2,0,0,1,0,0,25,2,RH=Crude Sword|LH=Crude Sword|BD=Crude Armour|A1=Crude Bracelet|A2=Crude Bracelet,Swords_T1_03=1,0,-,party wiped
711,13055,1,Normal,29,4,4,4,0,37,37,0,0,45,0,1,1,1,3,3,0,3,3,0,0,252,24,12,12,3,0,1,1,5,4,,,0,-,floor1_town
711,13055,2,Normal,37,5,5,5,0,37,44,0,1,95,0,1,2,2,8,4,0,1,3,2,0,532,36,25,25,5,0,1,1,7,3,,Swords_T1_03=2,0,-,+1 levelup
711,13055,3,Normal,19,3,3,2,0,44,0,1,1,36,0,2,2,1,1,3,0,0,0,1,0,240,43,9,7,3.5,1,0,0,7,3,RH=Crude Sword|LH=Crude Sword|BD=Crude Armour|A1=Crude Bracelet|A2=Crude Bracelet,Swords_T1_03=1,0,-,party wiped
712,13056,1,Normal,27,3,3,3,0,37,37,0,0,45,0,1,1,0,7,2,2,3,3,0,0,252,0,16,16,5.333,0,1,1,4,4,,,0,-,floor1_town
712,13056,2,Normal,36,4,4,4,0,37,29,0,0,40,0,1,1,0,3,0,3,3,3,0,0,224,16,9,9,2.25,0,1,1,5,2,,,0,-,
712,13056,3,Normal,36,4,4,4,0,29,30,0,2,108,0,1,2,1,7,6,4,0,0,2,0,540,33,16,16,4,0,1,1,18,3,,Swords_T1_03=2,0,-,+1 levelup
712,13056,4,Normal,29,3,3,3,0,30,44,2,2,55,0,2,2,0,6,3,4,0,3,2,0,308,14,16,16,5.333,0,1,1,20,4,,Swords_T1_03=2,0,-,
712,13056,5,Normal,29,3,3,3,0,44,44,2,2,30,0,2,2,0,0,2,4,0,1,3,0,168,-3,6,6,2,0,1,1,20,2,,Swords_T1_03=3,0,-,
712,13056,6,Normal,38,4,4,4,0,44,36,2,3,50,0,2,3,2,0,1,2,0,0,1,0,280,15,12,12,3,0,1,1,20,1,,Swords_T1_03=1,0,-,+1 levelup
712,13056,7,Normal,32,3,3,3,0,36,51,3,3,35,0,3,3,0,2,0,2,1,3,1,0,196,22,8,8,2.667,0,1,1,21,1,,Swords_T1_03=1,0,-,
712,13056,8,Normal,1,1,1,0,0,51,0,3,3,0,0,3,3,2,1,0,0,2,3,2,0,87,49,2,0,0,1,0,0,27,3,RH=Crude Sword|LH=Crude Sword|BD=Crude Armour|A1=Crude Bracelet|A2=Crude Bracelet,Swords_T1_03=1|Swords_T1_04=1,0,-,party wiped
713,13057,1,Normal,25,3,3,3,0,37,37,0,0,35,0,1,1,0,3,2,0,3,3,0,0,196,16,9,9,3,0,1,1,4,1,,,0,-,floor1_town
713,13057,2,Normal,25,2,2,2,0,37,37,0,0,35,0,1,1,0,4,1,2,0,2,0,0,196,8,10,10,5,0,1,1,5,4,,,0,-,
713,13057,3,Normal,26,3,3,3,0,37,45,0,3,60,0,1,2,1,3,3,3,0,0,1,0,300,14,10,10,3.333,0,1,1,11,1,,Swords_T1_03=1,0,-,+1 levelup
713,13057,4,Normal,32,3,3,3,0,45,45,3,3,30,0,2,2,3,0,0,0,0,0,2,0,168,-2,8,8,2.667,0,1,1,11,4,,Swords_T1_03=2,0,-,
713,13057,5,Normal,37,3,3,3,0,45,37,3,3,15,0,2,2,0,0,0,0,0,0,2,0,84,6,4,4,1.333,0,1,1,11,1,,Swords_T1_03=2,0,-,
713,13057,6,Normal,21,2,2,1,0,37,0,3,3,5,0,2,2,0,0,0,0,0,0,1,0,84,36,3,1,1,1,0,0,11,4,RH=Crude Sword|LH=Crude Sword|BD=Crude Armour|A1=Crude Bracelet|A2=Crude Bracelet,Swords_T1_03=1,0,-,party wiped
714,13058,1,Normal,39,5,5,5,0,37,37,0,0,45,0,1,1,0,5,1,2,3,3,0,0,252,8,13,13,2.6,0,1,1,6,3,,,0,-,floor1_town
714,13058,2,Normal,40,3,3,3,0,37,29,0,0,25,0,1,1,0,0,0,3,3,3,0,0,140,16,6,6,2,0,1,1,7,2,,,0,-,
714,13058,3,Normal,8,2,2,1,0,29,0,0,0,24,0,1,1,2,6,4,2,0,0,0,0,215,37,8,4,4,1,0,0,19,4,RH=Crude Sword|LH=Crude Sword|BD=Crude Armour|A1=Crude Bracelet|A2=Crude Bracelet,,0,-,party wiped
715,13059,1,Normal,37,4,4,4,0,37,37,0,0,50,0,1,1,0,4,0,0,3,3,0,0,280,16,12,12,3,0,1,1,5,2,,,0,-,floor1_town
715,13059,2,Normal,31,6,6,6,0,37,33,0,3,70,0,1,2,0,7,6,1,0,0,1,0,392,36,20,20,3.333,0,1,1,7,4,,Swords_T1_03=1,0,-,+1 levelup
715,13059,3,Normal,24,4,4,3,0,33,0,3,3,72,0,2,2,3,6,6,0,0,0,4,0,483,58,12,9,3,1,0,0,9,4,RH=Crude Sword|LH=Crude Sword|BD=Crude Armour|A1=Crude Bracelet|A2=Crude Bracelet,Swords_T1_03=4,0,-,party wiped
716,13060,1,Normal,35,4,4,4,0,37,37,0,0,60,0,1,1,0,9,3,1,3,3,0,0,336,13,17,17,4.25,0,1,1,5,2,,,0,-,floor1_town
716,13060,2,Normal,37,5,5,5,0,37,33,0,3,70,0,1,2,0,6,3,3,0,3,1,0,392,24,20,20,4,0,1,1,6,4,,Swords_T1_03=1,0,-,+1 levelup
716,13060,3,Normal,35,3,3,3,0,33,45,3,3,84,0,2,2,4,4,3,0,2,3,2,0,420,40,14,14,4.667,0,1,1,8,1,,Swords_T1_03=2,0,-,
716,13060,4,Normal,30,2,2,1,1,45,7,3,3,15,0,2,2,0,2,3,0,0,0,1,0,140,37,8,4,4,0,1,1,8,4,,Swords_T1_03=1,0,-,flee×1
716,13060,5,Normal,25,2,2,2,0,7,37,3,3,20,0,2,2,0,1,0,0,2,3,1,0,112,7,5,5,2.5,0,1,1,9,1,,Swords_T1_03=1,0,-,
716,13060,6,Normal,36,4,4,4,0,37,45,3,3,40,0,2,2,0,2,1,0,0,2,3,0,224,-11,10,10,2.5,0,1,1,9,2,,Swords_T1_03=3,0,-,
716,13060,7,Normal,12,2,2,1,0,45,0,3,3,10,0,2,2,0,0,2,0,0,0,2,0,165,43,7,2,2,1,0,0,9,4,RH=Crude Sword|LH=Crude Sword|BD=Crude Armour|A1=Crude Bracelet|A2=Crude Bracelet,Swords_T1_03=2,0,-,party wiped
717,13061,1,Normal,33,3,3,3,0,37,37,0,0,30,0,1,1,0,2,0,0,3,3,0,0,168,18,8,8,2.667,0,1,1,4,1,,,0,-,floor1_town
717,13061,2,Normal,40,4,4,4,0,37,29,0,0,45,0,1,1,0,3,2,0,3,3,0,0,252,24,12,12,3,0,1,1,6,2,,,0,-,
717,13061,3,Normal,2,1,1,0,0,29,0,0,0,0,0,1,1,0,3,3,0,0,0,0,0,63,37,3,0,0,1,0,0,12,4,RH=Crude Sword|LH=Crude Sword|BD=Crude Armour|A1=Crude Bracelet|A2=Crude Bracelet,,0,-,party wiped
718,13062,1,Normal,31,2,2,2,0,37,37,0,0,10,0,1,1,0,0,0,1,3,3,0,0,56,8,3,3,1.5,0,1,1,3,1,,,0,-,floor1_town
718,13062,2,Normal,35,4,4,4,0,37,29,0,0,45,0,1,1,0,3,1,3,0,2,0,0,252,8,11,11,2.75,0,1,1,3,3,,,0,-,
718,13062,3,Normal,22,1,1,0,0,29,0,0,0,0,0,1,1,3,3,3,0,0,0,0,0,223,37,7,0,0,1,0,0,9,4,RH=Crude Sword|LH=Crude Sword|BD=Crude Armour|A1=Crude Bracelet|A2=Crude Bracelet,,0,-,party wiped
719,13063,1,Normal,29,4,4,4,0,37,37,0,0,35,0,1,1,0,3,0,2,3,3,0,0,196,8,8,8,2,0,1,1,5,1,,,0,-,floor1_town
719,13063,2,Normal,33,4,4,4,0,37,37,0,0,35,0,1,1,0,0,0,4,3,3,0,0,196,16,7,7,1.75,0,1,1,7,1,,,0,-,
719,13063,3,Normal,29,4,4,4,0,37,45,0,2,72,0,1,2,0,6,4,4,0,0,1,0,360,-1,12,12,3,0,1,1,19,1,,Swords_T1_03=1,0,-,+1 levelup
719,13063,4,Normal,27,2,2,2,0,45,45,2,2,20,0,2,2,1,0,0,3,0,0,2,0,112,-2,4,4,2,0,1,1,19,3,,Swords_T1_03=2,0,-,
719,13063,5,Normal,39,2,2,2,0,45,20,2,2,35,0,2,2,3,0,0,0,0,0,2,0,196,23,10,10,5,0,1,1,19,3,,Swords_T1_03=2,0,-,
719,13063,6,Normal,31,4,4,4,0,20,45,2,2,45,0,2,2,0,4,0,0,2,3,1,0,252,12,12,12,3,0,1,1,21,2,,Swords_T1_03=1,0,-,
719,13063,7,Normal,31,3,3,3,0,45,37,2,2,25,0,2,2,0,1,0,0,1,3,0,0,140,8,5,5,1.667,0,1,1,21,1,,,0,-,
719,13063,8,Normal,4,1,1,0,0,37,0,2,2,0,0,2,2,0,1,0,0,2,3,0,0,28,45,1,0,0,1,0,0,27,3,RH=Crude Sword|LH=Crude Sword|BD=Crude Armour|A1=Crude Bracelet|A2=Crude Bracelet,,0,-,party wiped
720,13064,1,Normal,27,4,4,4,0,37,37,0,0,40,0,1,1,0,2,0,1,3,3,0,0,224,16,10,10,2.5,0,1,1,5,2,,,0,-,floor1_town
720,13064,2,Normal,32,3,3,3,0,37,37,0,0,15,0,1,1,0,0,0,1,3,3,0,0,84,0,5,5,1.667,0,1,1,5,1,,,0,-,
720,13064,3,Normal,5,2,2,1,0,37,0,0,0,12,0,1,1,2,4,3,1,0,0,0,0,175,37,7,2,2,1,0,0,17,3,RH=Crude Sword|LH=Crude Sword|BD=Crude Armour|A1=Crude Bracelet|A2=Crude Bracelet,,0,-,party wiped
721,13065,1,Normal,25,2,2,2,0,37,37,0,0,30,0,1,1,0,5,0,2,3,3,0,0,168,0,8,8,4,0,1,1,3,3,,,0,-,floor1_town
721,13065,2,Normal,31,4,4,4,0,37,13,0,0,50,0,1,1,2,3,3,0,0,0,0,0,280,24,15,15,3.75,0,1,1,3,4,,,0,-,
721,13065,3,Normal,8,2,2,1,0,13,0,0,3,24,0,1,2,0,3,3,0,0,0,1,0,265,45,7,4,4,1,0,0,9,3,RH=Crude Sword|LH=Crude Sword|BD=Crude Armour|A1=Crude Bracelet|A2=Crude Bracelet,Swords_T1_03=1,0,-,party wiped; +1 levelup
722,13066,1,Normal,39,5,5,5,0,37,37,0,0,40,0,1,1,0,3,2,0,3,3,0,0,224,0,11,11,2.2,0,1,1,6,1,,,0,-,floor1_town
722,13066,2,Normal,25,3,3,3,0,37,37,0,0,20,0,1,1,0,0,0,2,3,3,0,0,112,8,4,4,1.333,0,1,1,7,1,,,0,-,
722,13066,3,Normal,17,3,3,2,0,37,0,0,2,60,0,1,2,3,3,3,0,0,0,1,0,397,80,13,11,5.5,1,0,0,19,4,RH=Crude Sword|LH=Crude Sword|BD=Crude Armour|A1=Crude Bracelet|A2=Crude Bracelet,Swords_T1_03=1,0,-,party wiped; +1 levelup
723,13067,1,Normal,37,3,3,3,0,37,37,0,0,55,0,1,1,2,8,6,0,3,3,0,0,308,8,19,19,6.333,0,1,1,4,4,,,0,-,floor1_town
723,13067,2,Normal,15,3,3,2,0,37,0,0,0,25,0,1,1,1,3,3,0,0,0,0,0,221,37,10,7,3.5,1,0,0,4,4,RH=Crude Sword|LH=Crude Sword|BD=Crude Armour|A1=Crude Bracelet|A2=Crude Bracelet,,0,-,party wiped
724,13068,1,Normal,35,3,3,3,0,37,37,0,0,35,0,1,1,0,3,1,0,3,3,0,0,196,16,9,9,3,0,1,1,4,1,,,0,-,floor1_town
724,13068,2,Normal,36,2,2,2,0,37,37,0,0,20,0,1,1,0,1,0,1,2,3,0,0,112,0,4,4,2,0,1,1,4,2,,,0,-,
724,13068,3,Normal,6,2,2,1,0,37,0,0,0,12,0,1,1,2,5,3,0,0,0,0,0,223,37,11,4,4,1,0,0,16,3,RH=Crude Sword|LH=Crude Sword|BD=Crude Armour|A1=Crude Bracelet|A2=Crude Bracelet,,0,-,party wiped
725,13069,1,Normal,33,2,2,2,0,37,37,0,0,20,0,1,1,0,1,0,2,3,3,0,0,112,14,6,6,3,0,1,1,3,1,,,0,-,floor1_town
725,13069,2,Normal,36,4,4,4,0,37,37,0,0,30,0,1,1,0,0,0,3,3,3,0,0,168,16,6,6,1.5,0,1,1,5,1,,,0,-,
725,13069,3,Normal,27,3,3,3,0,37,46,0,2,84,0,1,2,4,7,6,1,0,0,0,0,420,1,15,15,5,0,1,1,23,3,,,0,-,+1 levelup
725,13069,4,Normal,36,3,3,3,0,46,46,2,2,35,0,2,2,0,2,0,1,1,3,2,0,196,16,9,9,3,0,1,1,24,3,,Swords_T1_03=2,0,-,
725,13069,5,Normal,27,4,4,4,0,46,38,2,2,50,0,2,2,0,1,3,1,0,0,0,0,280,8,12,12,3,0,1,1,24,3,,,0,-,
725,13069,6,Normal,37,5,5,3,2,38,7,2,2,50,0,2,2,1,3,3,0,0,0,3,0,420,84,19,13,4.333,0,1,1,25,4,,Swords_T1_03=3,0,-,flee×2
725,13069,7,Normal,33,5,5,5,0,7,25,2,4,60,0,2,3,0,3,3,0,0,0,2,0,336,26,16,16,3.2,0,1,1,26,3,,Swords_T1_03=2,0,-,+1 levelup
725,13069,8,Normal,26,2,2,1,1,25,4,4,4,60,0,3,3,0,6,5,0,0,0,4,0,213,48,9,5,5,0,1,1,38,2,,Swords_T1_03=1|Swords_T1_04=3,0,-,flee×1
725,13069,9,Normal,33,3,3,3,0,4,46,4,4,45,0,3,3,0,3,2,0,0,1,4,0,252,24,12,12,4,0,1,1,39,3,,Swords_T1_03=1|Swords_T1_04=3,0,-,
725,13069,9,Normal,33,3,3,3,0,46,46,4,4,35,0,3,3,0,1,1,0,2,3,2,0,196,28,8,8,2.667,0,1,1,40,1,,Swords_T1_03=2,0,-,ai_farm
725,13069,9,Normal,27,3,3,3,0,46,52,4,4,35,0,3,3,0,2,1,0,0,2,3,0,196,-12,7,7,2.333,0,1,1,40,2,,Swords_T1_03=3,0,-,ai_farm
725,13069,9,Normal,36,4,4,3,1,52,38,4,4,45,0,3,3,0,2,2,0,1,3,2,0,280,49,11,10,3.333,0,1,1,41,4,,Swords_T1_03=2,0,-,ai_farm; flee×1
725,13069,9,Normal,12,2,2,1,0,38,0,4,4,20,0,3,3,0,1,3,0,0,0,2,0,168,36,8,5,5,1,0,0,41,4,RH=Crude Sword|LH=Crude Sword|BD=Crude Armour|A1=Crude Bracelet|A2=Crude Bracelet,Swords_T1_03=1|Swords_T1_04=1,0,-,ai_farm; party wiped
726,13070,1,Normal,31,2,2,2,0,37,37,0,0,30,0,1,1,0,4,3,0,3,3,0,0,168,0,9,9,4.5,0,1,1,3,4,,,0,-,floor1_town
726,13070,2,Normal,27,2,2,2,0,37,37,0,0,25,0,1,1,0,3,0,2,0,3,0,0,140,0,6,6,3,0,1,1,3,4,,,0,-,
726,13070,3,Normal,15,3,3,2,0,37,0,0,2,48,0,1,2,3,6,5,0,0,0,1,0,367,56,15,10,5,1,0,0,15,4,RH=Crude Sword|LH=Crude Sword|BD=Crude Armour|A1=Crude Bracelet|A2=Crude Bracelet,Swords_T1_03=1,0,-,party wiped; +1 levelup
727,13071,1,Normal,29,4,4,4,0,37,37,0,0,55,0,1,1,0,7,1,1,3,3,0,0,308,24,14,14,3.5,0,1,1,5,4,,,0,-,floor1_town
727,13071,2,Normal,38,6,6,6,0,37,38,0,1,85,0,1,2,0,6,5,2,0,1,2,0,476,40,24,24,4,0,1,1,7,4,,Swords_T1_03=2,0,-,+1 levelup
727,13071,3,Normal,26,3,3,2,0,38,0,1,1,48,0,2,2,1,3,3,1,0,0,3,0,408,42,11,7,3.5,1,0,0,8,3,RH=Crude Sword|LH=Crude Sword|BD=Crude Armour|A1=Crude Bracelet|A2=Crude Bracelet,Swords_T1_03=3,0,-,party wiped
728,13072,1,Normal,27,0,0,0,0,37,37,0,0,0,0,1,1,0,0,0,0,3,3,0,0,0,0,0,0,0,0,1,1,1,0,,,0,-,floor1_town
728,13072,2,Normal,36,4,4,4,0,37,16,0,0,55,0,1,1,1,3,3,0,0,0,0,0,308,21,13,13,3.25,0,1,1,1,4,,,0,-,
728,13072,3,Normal,12,1,1,0,0,16,0,0,0,0,0,1,1,1,3,3,0,0,0,0,0,120,37,4,0,0,1,0,0,7,4,RH=Crude Sword|LH=Crude Sword|BD=Crude Armour|A1=Crude Bracelet|A2=Crude Bracelet,,0,-,party wiped
729,13073,1,Normal,25,4,4,4,0,37,37,0,0,35,0,1,1,0,1,0,1,3,3,0,0,196,16,8,8,2,0,1,1,5,1,,,0,-,floor1_town
729,13073,2,Normal,35,4,4,4,0,37,29,0,0,55,0,1,1,0,6,1,2,0,2,0,0,308,16,15,15,3.75,0,1,1,6,4,,,0,-,
729,13073,3,Normal,34,3,3,3,0,29,32,0,2,84,0,1,2,1,6,6,3,0,0,2,0,420,29,14,14,4.667,0,1,1,13,3,,Swords_T1_03=2,0,-,+1 levelup
729,13073,4,Normal,25,2,2,2,0,32,46,2,2,20,0,2,2,0,1,0,3,2,3,2,0,112,-2,4,4,2,0,1,1,14,2,,Swords_T1_03=2,0,-,
729,13073,5,Normal,30,3,3,3,0,46,38,2,2,40,0,2,2,0,2,0,3,0,3,0,0,224,8,9,9,3,0,1,1,14,2,,,0,-,
729,13073,6,Normal,34,3,3,3,0,38,37,2,2,45,0,2,2,2,0,3,1,0,0,2,0,252,-1,12,12,4,0,1,1,14,2,,Swords_T1_03=2,0,-,
729,13073,7,Normal,25,2,2,2,0,37,55,2,3,30,0,2,3,1,0,0,0,3,3,2,0,168,22,9,9,4.5,0,1,1,15,2,,Swords_T1_03=2,0,-,+1 levelup
729,13073,8,Normal,2,1,1,0,0,55,0,3,3,0,0,3,3,0,3,3,0,0,0,0,0,78,55,2,0,0,1,0,0,21,4,RH=Crude Sword|LH=Crude Sword|BD=Crude Armour|A1=Crude Bracelet|A2=Crude Bracelet,,0,-,party wiped
730,13074,1,Normal,39,5,5,5,0,37,37,0,0,65,0,1,1,0,7,2,2,3,3,0,0,364,24,17,17,3.4,0,1,1,6,1,,,0,-,floor1_town
730,13074,2,Normal,29,4,4,4,0,37,45,0,2,40,0,1,2,0,4,1,3,0,2,0,0,224,16,12,12,3,0,1,1,7,3,,,0,-,+1 levelup
730,13074,3,Normal,28,2,2,1,1,45,1,2,2,36,0,2,2,3,0,2,0,0,0,1,0,215,43,8,7,7,0,1,1,7,4,,Swords_T1_03=1,0,-,flee×1
730,13074,4,Normal,27,3,3,3,0,1,36,2,2,30,0,2,2,0,2,0,0,1,3,2,0,168,7,7,7,2.333,0,1,1,8,1,,Swords_T1_03=2,0,-,
730,13074,5,Normal,37,4,4,4,0,36,36,2,2,50,0,2,2,0,3,1,0,1,3,4,0,280,9,12,12,3,0,1,1,9,2,,Swords_T1_03=4,0,-,
730,13074,6,Normal,31,3,3,3,0,36,45,2,2,45,0,2,2,0,4,0,0,0,3,1,0,252,3,10,10,3.333,0,1,1,10,2,,Swords_T1_03=1,0,-,
730,13074,7,Normal,36,5,5,5,0,45,52,2,4,40,0,2,3,0,0,2,0,0,1,2,0,224,-2,9,9,1.8,0,1,1,10,3,,Swords_T1_03=2,0,-,+1 levelup
730,13074,8,Normal,3,1,1,0,0,52,0,4,4,0,0,3,3,0,3,3,0,0,0,1,0,162,50,3,0,0,1,0,0,16,3,RH=Crude Sword|LH=Crude Sword|BD=Crude Armour|A1=Crude Bracelet|A2=Crude Bracelet,Swords_T1_03=1,0,-,party wiped
731,13075,1,Normal,37,4,4,4,0,37,37,0,0,35,0,1,1,0,1,0,1,3,3,0,0,196,0,9,9,2.25,0,1,1,5,3,,,0,-,floor1_town
731,13075,2,Normal,28,2,2,2,0,37,29,0,0,25,0,1,1,0,1,0,3,2,3,0,0,140,8,6,6,3,0,1,1,5,2,,,0,-,
731,13075,3,Normal,25,2,2,1,0,29,0,0,0,12,0,1,1,4,4,3,0,0,0,0,0,264,37,9,2,2,1,0,0,17,4,RH=Crude Sword|LH=Crude Sword|BD=Crude Armour|A1=Crude Bracelet|A2=Crude Bracelet,,0,-,party wiped
732,13076,1,Normal,35,5,5,5,0,37,37,0,0,65,0,1,1,0,7,2,2,3,3,0,0,364,8,16,16,3.2,0,1,1,6,1,,,0,-,floor1_town
732,13076,2,Normal,38,3,3,3,0,37,45,0,3,40,0,1,2,0,3,1,4,0,2,0,0,224,8,8,8,2.667,0,1,1,6,1,,,0,-,+1 levelup
732,13076,3,Normal,12,1,1,0,0,45,0,3,3,0,0,2,2,0,0,2,4,0,0,1,0,95,44,3,0,0,1,0,0,6,3,RH=Crude Sword|LH=Crude Sword|BD=Crude Armour|A1=Crude Bracelet|A2=Crude Bracelet,Swords_T1_03=1,0,-,party wiped
733,13077,1,Normal,33,6,6,6,0,37,37,0,0,60,0,1,1,0,5,1,0,3,3,0,0,336,16,15,15,2.5,0,1,1,7,1,,,0,-,floor1_town
733,13077,2,Normal,27,5,5,5,0,37,45,0,2,40,0,1,2,0,3,1,1,0,2,0,0,224,0,11,11,2.2,0,1,1,7,2,,,0,-,+1 levelup
733,13077,3,Normal,16,3,3,2,0,45,0,2,2,72,0,2,2,1,3,5,0,0,0,2,0,430,73,14,11,5.5,1,0,0,8,2,RH=Crude Sword|LH=Crude Sword|BD=Crude Armour|A1=Crude Bracelet|A2=Crude Bracelet,Swords_T1_03=2,0,-,party wiped
734,13078,1,Normal,31,3,3,3,0,37,37,0,0,45,0,1,1,0,6,2,2,3,3,0,0,252,16,11,11,3.667,0,1,1,4,1,,,0,-,floor1_town
734,13078,2,Normal,33,2,2,2,0,37,37,0,0,20,0,1,1,0,1,0,3,3,3,0,0,112,8,4,4,2,0,1,1,5,1,,,0,-,
734,13078,3,Normal,18,3,3,2,0,37,0,0,2,60,0,1,2,5,3,3,0,0,0,1,0,356,58,13,11,5.5,1,0,0,11,2,RH=Crude Sword|LH=Crude Sword|BD=Crude Armour|A1=Crude Bracelet|A2=Crude Bracelet,Swords_T1_03=1,0,-,party wiped; +1 levelup
735,13079,1,Normal,29,3,3,3,0,37,37,0,0,50,0,1,1,0,8,2,0,3,3,0,0,280,8,15,15,5,0,1,1,4,3,,,0,-,floor1_town
735,13079,2,Normal,25,2,2,2,0,37,37,0,0,35,0,1,1,1,6,5,0,0,1,0,0,196,24,14,14,7,0,1,1,5,4,,,0,-,
735,13079,3,Normal,32,2,2,2,0,37,44,0,1,24,0,1,2,0,1,0,2,3,3,0,0,120,0,4,4,2,0,1,1,17,1,,,0,-,+1 levelup
735,13079,4,Normal,29,6,6,5,1,44,32,1,1,70,0,2,2,2,3,3,0,3,3,3,0,448,44,21,19,3.8,0,1,1,18,2,,Swords_T1_03=3,0,-,flee×1
735,13079,5,Normal,25,3,3,3,0,32,44,1,1,40,0,2,2,0,4,0,0,2,3,3,0,224,9,10,10,3.333,0,1,1,20,2,,Swords_T1_03=3,0,-,
735,13079,6,Normal,31,1,1,1,0,44,36,1,1,10,0,2,2,0,0,0,0,2,3,1,0,56,7,2,2,2,0,1,1,20,2,,Swords_T1_03=1,0,-,
735,13079,7,Normal,27,2,2,2,0,36,44,1,1,25,0,2,2,0,2,2,0,0,1,2,0,140,-10,7,7,3.5,0,1,1,20,2,,Swords_T1_03=2,0,-,
735,13079,8,Normal,1,1,1,0,0,44,0,1,1,0,0,2,2,0,3,1,0,0,2,0,0,81,44,3,0,0,1,0,0,26,2,RH=Crude Sword|LH=Crude Sword|BD=Crude Armour|A1=Crude Bracelet|A2=Crude Bracelet,,0,-,party wiped
736,13080,1,Normal,27,1,1,1,0,37,37,0,0,20,0,1,1,0,3,3,1,3,3,0,0,112,8,7,7,7,0,1,1,2,4,,,0,-,floor1_town
736,13080,2,Normal,40,5,5,5,0,37,29,0,0,40,0,1,1,0,3,0,3,0,3,0,0,224,8,9,9,1.8,0,1,1,2,2,,,0,-,
736,13080,3,Normal,12,1,1,0,0,29,0,0,0,0,0,1,1,0,3,3,5,0,0,0,0,60,37,3,0,0,1,0,0,8,4,RH=Crude Sword|LH=Crude Sword|BD=Crude Armour|A1=Crude Bracelet|A2=Crude Bracelet,,0,-,party wiped
737,13081,1,Normal,25,2,2,2,0,37,37,0,0,20,0,1,1,0,3,0,0,3,3,0,0,112,0,6,6,3,0,1,1,3,1,,,0,-,floor1_town
737,13081,2,Normal,30,4,4,4,0,37,29,0,0,60,0,1,1,0,6,2,0,0,1,0,0,336,24,15,15,3.75,0,1,1,5,2,,,0,-,
737,13081,3,Normal,8,1,1,0,0,29,0,0,0,0,0,1,1,2,3,3,0,0,0,0,0,138,37,4,0,0,1,0,0,11,4,RH=Crude Sword|LH=Crude Sword|BD=Crude Armour|A1=Crude Bracelet|A2=Crude Bracelet,,0,-,party wiped
738,13082,1,Normal,39,5,5,5,0,37,37,0,0,50,0,1,1,0,5,0,1,3,3,0,0,280,16,12,12,2.4,0,1,1,6,1,,,0,-,floor1_town
738,13082,2,Normal,40,3,3,3,0,37,37,0,0,45,0,1,1,0,4,3,2,2,3,0,0,252,8,14,14,4.667,0,1,1,7,2,,,0,-,
738,13082,3,Normal,29,1,1,1,0,37,45,0,1,24,0,1,2,0,3,3,2,0,0,0,0,120,0,5,5,5,0,1,1,13,2,,,0,-,+1 levelup
738,13082,4,Normal,26,2,2,2,0,45,37,1,1,35,0,2,2,1,3,0,1,0,3,1,0,196,35,10,10,5,0,1,1,14,4,,Swords_T1_03=1,0,-,
738,13082,5,Normal,26,3,3,2,1,37,32,1,1,30,0,2,2,1,0,3,0,3,3,2,0,252,40,9,6,3,0,1,1,15,2,,Swords_T1_03=2,0,-,flee×1
738,13082,6,Normal,32,3,3,3,0,32,38,1,1,20,0,2,2,0,1,0,0,2,3,1,0,112,6,6,6,2,0,1,1,16,1,,Swords_T1_03=1,0,-,
738,13082,7,Normal,30,3,3,2,1,38,12,1,1,30,0,2,2,0,2,3,0,0,0,1,0,252,25,9,6,3,0,1,1,16,4,,Swords_T1_03=1,0,-,flee×1
738,13082,8,Normal,5,2,2,1,0,12,0,1,1,60,0,2,2,0,6,3,0,0,0,4,0,272,52,6,4,4,1,0,0,28,4,RH=Crude Sword|LH=Crude Sword|BD=Crude Armour|A1=Crude Bracelet|A2=Crude Bracelet,Swords_T1_03=4,0,-,party wiped
739,13083,1,Normal,37,3,3,3,0,37,37,0,0,35,0,1,1,0,5,0,2,3,3,0,0,196,0,10,10,3.333,0,1,1,4,3,,,0,-,floor1_town
739,13083,2,Normal,26,3,3,3,0,37,37,0,0,35,0,1,1,0,3,0,4,3,3,0,0,196,8,9,9,3,0,1,1,5,1,,,0,-,
739,13083,3,Normal,12,2,2,1,0,37,0,0,1,48,0,1,2,5,3,3,0,0,0,0,0,275,74,10,9,9,1,0,0,11,4,RH=Crude Sword|LH=Crude Sword|BD=Crude Armour|A1=Crude Bracelet|A2=Crude Bracelet,,0,-,party wiped; +1 levelup
740,13084,1,Normal,35,4,4,4,0,37,37,0,0,65,0,1,1,0,7,3,1,3,3,0,0,364,0,15,15,3.75,0,1,1,5,3,,,0,-,floor1_town
740,13084,2,Normal,32,4,4,4,0,37,37,0,3,45,0,1,2,0,3,3,1,0,0,0,0,252,16,12,12,3,0,1,1,6,2,,,0,-,+1 levelup
740,13084,3,Normal,12,3,3,2,0,37,0,3,3,48,0,2,2,1,3,3,0,0,0,3,0,335,42,8,6,3,1,0,0,7,4,RH=Crude Sword|LH=Crude Sword|BD=Crude Armour|A1=Crude Bracelet|A2=Crude Bracelet,Swords_T1_03=3,0,-,party wiped
741,13085,1,Normal,33,5,5,5,0,37,37,0,0,65,0,1,1,0,6,0,2,3,3,0,0,364,16,14,14,2.8,0,1,1,6,3,,,0,-,floor1_town
741,13085,2,Normal,34,2,2,2,0,37,46,0,1,40,0,1,2,0,6,1,3,0,2,0,0,224,16,11,11,5.5,0,1,1,7,4,,,0,-,+1 levelup
741,13085,3,Normal,29,2,2,2,0,46,46,1,1,48,0,2,2,0,2,2,4,1,3,2,0,240,13,6,6,3,0,1,1,8,2,,Swords_T1_03=2,0,-,
741,13085,4,Normal,31,1,1,1,0,46,46,1,1,5,0,2,2,0,0,0,4,1,3,0,0,28,0,1,1,1,0,1,1,8,1,,,0,-,
741,13085,5,Normal,36,2,2,2,0,46,38,1,1,20,0,2,2,0,1,0,4,0,3,0,0,112,8,4,4,2,0,1,1,8,1,,,0,-,
741,13085,6,Normal,36,5,5,5,0,38,44,1,1,65,0,2,2,1,3,4,3,0,2,5,0,364,7,18,18,3.6,0,1,1,9,1,,Swords_T1_03=5,0,-,
741,13085,7,Normal,34,5,5,5,0,44,46,1,1,45,0,2,2,2,0,2,1,0,0,2,0,252,-4,12,12,2.4,0,1,1,9,1,,Swords_T1_03=2,0,-,
741,13085,8,Normal,4,1,1,0,0,46,0,1,1,0,0,2,2,0,0,0,1,3,3,1,0,61,45,1,0,0,1,0,0,15,2,RH=Crude Sword|LH=Crude Sword|BD=Crude Armour|A1=Crude Bracelet|A2=Crude Bracelet,Swords_T1_03=1,0,-,party wiped
742,13086,1,Normal,31,2,2,2,0,37,37,0,0,15,0,1,1,0,1,0,1,3,3,0,0,84,0,3,3,1.5,0,1,1,3,2,,,0,-,floor1_town
742,13086,2,Normal,39,4,4,4,0,37,16,0,0,50,0,1,1,0,5,3,2,0,0,0,0,280,29,13,13,3.25,0,1,1,4,4,,,0,-,
742,13086,3,Normal,29,4,4,2,1,16,0,0,2,72,0,1,2,4,6,6,0,0,0,2,0,517,107,17,12,6,1,0,0,11,3,RH=Crude Sword|LH=Crude Sword|BD=Crude Armour|A1=Crude Bracelet|A2=Crude Bracelet,Swords_T1_03=2,0,-,party wiped; +1 levelup; flee×1
743,13087,1,Normal,29,3,3,3,0,37,37,0,0,40,0,1,1,0,4,1,2,3,3,0,0,224,16,10,10,3.333,0,1,1,4,3,,,0,-,floor1_town
743,13087,2,Normal,35,4,4,4,0,37,45,0,3,60,0,1,2,0,5,3,3,1,3,0,0,336,21,16,16,4,0,1,1,5,2,,,0,-,+1 levelup
743,13087,3,Normal,20,3,3,2,0,45,0,3,3,60,0,2,2,4,4,6,0,0,0,2,0,460,64,14,10,5,1,0,0,6,4,RH=Crude Sword|LH=Crude Sword|BD=Crude Armour|A1=Crude Bracelet|A2=Crude Bracelet,Swords_T1_03=2,0,-,party wiped
744,13088,1,Normal,27,2,2,2,0,37,37,0,0,25,0,1,1,0,3,1,0,3,3,0,0,140,0,6,6,3,0,1,1,3,1,,,0,-,floor1_town
744,13088,2,Normal,33,3,3,3,0,37,37,0,0,35,0,1,1,0,3,2,2,0,1,0,0,196,8,9,9,3,0,1,1,4,4,,,0,-,
744,13088,3,Normal,21,2,2,1,0,37,0,0,0,36,0,1,1,2,6,6,0,0,0,0,0,300,52,11,7,7,1,0,0,16,4,RH=Crude Sword|LH=Crude Sword|BD=Crude Armour|A1=Crude Bracelet|A2=Crude Bracelet,,0,-,party wiped
745,13089,1,Normal,25,3,3,3,0,37,37,0,0,45,0,1,1,0,6,1,2,3,3,0,0,252,16,15,15,5,0,1,1,4,1,,,0,-,floor1_town
745,13089,2,Normal,29,3,3,3,0,37,37,0,0,20,0,1,1,0,0,0,4,3,3,0,0,112,8,4,4,1.333,0,1,1,5,1,,,0,-,
745,13089,3,Normal,5,1,1,0,0,37,0,0,0,0,0,1,1,1,3,3,3,0,0,0,0,116,37,4,0,0,1,0,0,11,4,RH=Crude Sword|LH=Crude Sword|BD=Crude Armour|A1=Crude Bracelet|A2=Crude Bracelet,,0,-,party wiped
746,13090,1,Normal,39,3,3,3,0,37,37,0,0,35,0,1,1,0,5,0,0,3,3,0,0,196,8,10,10,3.333,0,1,1,4,3,,,0,-,floor1_town
746,13090,2,Normal,33,4,4,4,0,37,37,0,0,30,0,1,1,0,1,0,1,2,3,0,0,168,8,7,7,1.75,0,1,1,5,1,,,0,-,
746,13090,3,Normal,33,4,4,3,1,37,44,0,3,72,0,1,2,3,7,6,0,2,3,3,0,480,83,17,12,4,0,1,1,13,1,,Swords_T1_03=3,0,-,+1 levelup; flee×1
746,13090,4,Normal,38,3,3,3,0,44,36,3,3,20,0,2,2,0,0,0,0,2,3,0,0,112,8,5,5,1.667,0,1,1,13,2,,,0,-,
746,13090,5,Normal,27,5,5,5,0,36,44,3,3,45,0,2,2,0,2,3,0,3,3,3,0,252,10,12,12,2.4,0,1,1,14,1,,Swords_T1_03=3,0,-,
746,13090,6,Normal,38,3,3,3,0,44,45,3,3,30,0,2,2,0,3,0,0,0,3,2,0,168,11,7,7,2.333,0,1,1,14,3,,Swords_T1_03=2,0,-,
746,13090,7,Normal,31,3,3,3,0,45,37,3,3,40,0,2,2,0,2,3,0,1,3,1,0,224,20,11,11,3.667,0,1,1,15,3,,Swords_T1_03=1,0,-,
746,13090,8,Normal,7,1,1,0,0,37,0,3,3,0,0,2,2,0,2,0,0,1,3,1,0,50,44,1,0,0,1,0,0,21,3,RH=Crude Sword|LH=Crude Sword|BD=Crude Armour|A1=Crude Bracelet|A2=Crude Bracelet,Swords_T1_03=1,0,-,party wiped
747,13091,1,Normal,37,4,4,4,0,37,37,0,0,35,0,1,1,0,1,0,1,3,3,0,0,196,16,7,7,1.75,0,1,1,5,1,,,0,-,floor1_town
747,13091,2,Normal,37,4,4,4,0,37,37,0,0,60,0,1,1,2,5,3,0,1,3,0,0,336,6,20,20,5,0,1,1,6,3,,,0,-,
747,13091,3,Normal,25,2,2,1,0,37,0,0,1,24,0,1,2,1,3,3,0,0,0,1,0,232,45,7,5,5,1,0,0,12,4,RH=Crude Sword|LH=Crude Sword|BD=Crude Armour|A1=Crude Bracelet|A2=Crude Bracelet,Swords_T1_03=1,0,-,party wiped; +1 levelup
748,13092,1,Normal,35,3,3,3,0,37,37,0,0,20,0,1,1,0,1,0,0,3,3,0,0,112,0,4,4,1.333,0,1,1,4,2,,,0,-,floor1_town
748,13092,2,Normal,28,1,1,1,0,37,37,0,0,5,0,1,1,0,0,0,1,3,3,0,0,28,0,1,1,1,0,1,1,4,1,,,0,-,
748,13092,3,Normal,38,4,4,4,0,37,37,0,0,60,0,1,1,0,6,0,2,0,3,0,0,300,0,10,10,2.5,0,1,1,28,2,,,0,-,
748,13092,4,Normal,38,3,3,3,0,37,32,0,2,30,0,1,2,0,0,2,2,0,1,0,0,168,13,6,6,2,0,1,1,28,3,,,0,-,+1 levelup
748,13092,5,Normal,33,1,1,1,0,32,45,2,2,20,0,2,2,0,3,0,2,0,3,1,0,112,-1,5,5,5,0,1,1,29,4,,Swords_T1_03=1,0,-,
748,13092,6,Normal,38,5,5,5,0,45,32,2,2,40,0,2,2,0,0,1,2,3,3,2,0,224,24,10,10,2,0,1,1,30,2,,Swords_T1_03=2,0,-,
748,13092,7,Normal,40,2,2,2,0,32,45,2,2,40,0,2,2,1,3,3,1,0,0,1,0,224,-1,14,14,7,0,1,1,31,4,,Swords_T1_03=1,0,-,
748,13092,8,Normal,4,1,1,0,0,45,0,2,2,0,0,2,2,1,2,0,0,1,3,0,0,35,45,1,0,0,1,0,0,37,4,RH=Crude Sword|LH=Crude Sword|BD=Crude Armour|A1=Crude Bracelet|A2=Crude Bracelet,,0,-,party wiped
749,13093,1,Normal,33,3,3,3,0,37,37,0,0,45,0,1,1,0,5,1,1,3,3,0,0,252,8,13,13,4.333,0,1,1,4,1,,,0,-,floor1_town
749,13093,2,Normal,34,2,2,2,0,37,37,0,0,20,0,1,1,0,1,0,3,3,3,0,0,112,8,5,5,2.5,0,1,1,5,1,,,0,-,
749,13093,3,Normal,27,3,3,3,0,37,42,0,1,60,0,1,2,2,3,3,3,0,0,2,0,300,0,8,8,2.667,0,1,1,11,1,,Swords_T1_03=2,0,-,+1 levelup
749,13093,4,Normal,39,5,5,5,0,42,35,1,1,35,0,2,2,0,0,0,3,3,3,3,0,196,26,10,10,2,0,1,1,12,1,,Swords_T1_03=3,0,-,
749,13093,5,Normal,39,5,5,5,0,35,44,1,1,50,0,2,2,0,3,2,3,0,1,1,0,280,-10,12,12,2.4,0,1,1,12,1,,Swords_T1_03=1,0,-,
749,13093,6,Normal,30,5,5,5,0,44,36,1,1,65,0,2,2,0,3,1,3,0,3,1,0,364,28,14,14,2.8,0,1,1,13,4,,Swords_T1_03=1,0,-,
749,13093,7,Normal,30,2,2,2,0,36,52,1,3,25,0,2,3,0,1,1,3,2,3,1,0,140,12,6,6,3,0,1,1,14,3,,Swords_T1_03=1,0,-,+1 levelup
749,13093,8,Normal,24,4,4,3,0,52,0,3,3,180,0,3,3,3,9,7,0,0,0,7,0,552,68,18,15,5,1,0,0,38,3,RH=Crude Sword|LH=Crude Sword|BD=Crude Armour|A1=Crude Bracelet|A2=Crude Bracelet,Swords_T1_03=4|Swords_T1_04=3,0,-,party wiped
750,13094,1,Normal,31,3,3,3,0,37,37,0,0,25,0,1,1,0,2,0,2,3,3,0,0,140,0,6,6,2,0,1,1,4,3,,,0,-,floor1_town
750,13094,2,Normal,30,3,3,3,0,37,29,0,0,30,0,1,1,0,1,0,2,2,3,0,0,168,8,8,8,2.667,0,1,1,4,3,,,0,-,
750,13094,3,Normal,34,4,4,4,0,29,44,0,3,96,0,1,2,2,6,6,2,0,0,0,0,480,15,17,17,4.25,0,1,1,16,2,,,0,-,+1 levelup
750,13094,4,Normal,29,3,3,3,0,44,37,3,3,40,0,2,2,0,3,0,2,0,3,2,0,224,31,11,11,3.667,0,1,1,17,2,,Swords_T1_03=2,0,-,
750,13094,5,Normal,38,4,4,4,0,37,37,3,3,60,0,2,2,2,1,3,0,2,3,4,0,336,25,15,15,3.75,0,1,1,18,3,,Swords_T1_03=4,0,-,
750,13094,6,Normal,25,3,3,3,0,37,11,3,3,45,0,2,2,0,2,3,0,0,0,2,0,252,24,12,12,4,0,1,1,18,4,,Swords_T1_03=2,0,-,
750,13094,7,Normal,25,2,2,2,0,11,52,3,5,30,0,2,3,0,2,0,0,1,3,1,0,168,13,6,6,3,0,1,1,19,3,,Swords_T1_03=1,0,-,+1 levelup
750,13094,8,Normal,8,2,2,1,0,52,0,5,5,60,0,3,3,0,6,4,0,0,0,3,0,236,56,8,6,6,1,0,0,31,4,RH=Crude Sword|LH=Crude Sword|BD=Crude Armour|A1=Crude Bracelet|A2=Crude Bracelet,Swords_T1_03=1|Swords_T1_04=2,0,-,party wiped
751,13095,1,Normal,29,4,4,4,0,37,37,0,0,70,0,1,1,0,10,3,1,3,3,0,0,392,16,18,18,4.5,0,1,1,5,4,,,0,-,floor1_town
751,13095,2,Normal,25,0,0,0,0,37,37,0,0,0,0,1,1,0,0,0,3,3,3,0,0,0,0,0,0,0,0,1,1,5,0,,,0,-,
751,13095,3,Normal,11,2,2,1,0,37,0,0,0,12,0,1,1,5,5,3,0,0,0,0,0,236,37,11,3,3,1,0,0,17,4,RH=Crude Sword|LH=Crude Sword|BD=Crude Armour|A1=Crude Bracelet|A2=Crude Bracelet,,0,-,party wiped
752,13096,1,Normal,26,2,2,2,0,37,37,0,0,40,0,1,1,0,6,1,2,3,3,0,0,224,8,10,10,5,0,1,1,3,4,,,0,-,floor1_town
752,13096,2,Normal,25,2,2,2,0,37,29,0,0,15,0,1,1,0,0,0,4,3,3,0,0,84,8,3,3,1.5,0,1,1,3,2,,,0,-,
752,13096,3,Normal,33,3,3,3,0,29,17,0,2,84,0,1,2,6,4,3,0,0,0,1,0,420,28,14,14,4.667,0,1,1,15,2,,Swords_T1_03=1,0,-,+1 levelup
752,13096,4,Normal,30,2,2,2,0,17,46,2,2,20,0,2,2,0,1,0,0,2,3,1,0,112,-1,4,4,2,0,1,1,16,3,,Swords_T1_03=1,0,-,
752,13096,5,Normal,23,4,4,3,0,46,0,2,2,35,0,2,2,0,2,3,0,0,0,3,0,252,43,12,9,3,1,0,0,16,4,RH=Crude Sword|LH=Crude Sword|BD=Crude Armour|A1=Crude Bracelet|A2=Crude Bracelet,Swords_T1_03=3,0,-,party wiped
753,13097,1,Normal,40,4,4,4,0,37,37,0,0,50,0,1,1,0,5,0,0,3,3,0,0,280,26,13,13,3.25,0,1,1,5,3,,,0,-,floor1_town
753,13097,2,Normal,27,0,0,0,0,37,37,0,0,0,0,1,1,0,0,0,0,3,3,0,0,0,0,0,0,0,0,1,1,5,0,,,0,-,
753,13097,3,Normal,2,1,1,0,0,37,0,0,0,0,0,1,1,1,3,3,0,0,0,0,0,181,37,5,0,0,1,0,0,11,4,RH=Crude Sword|LH=Crude Sword|BD=Crude Armour|A1=Crude Bracelet|A2=Crude Bracelet,,0,-,party wiped
754,13098,1,Normal,38,5,5,5,0,37,37,0,0,70,0,1,1,1,7,3,1,3,3,0,0,392,24,19,19,3.8,0,1,1,6,4,,,0,-,floor1_town
754,13098,2,Normal,25,2,2,2,0,37,46,0,3,35,0,1,2,0,5,0,2,0,3,0,0,196,8,10,10,5,0,1,1,7,4,,,0,-,+1 levelup
754,13098,3,Normal,17,2,2,0,1,46,0,3,3,0,0,2,2,2,3,6,0,0,0,2,0,183,87,8,0,0,1,0,0,8,3,RH=Crude Sword|LH=Crude Sword|BD=Crude Armour|A1=Crude Bracelet|A2=Crude Bracelet,Swords_T1_03=2,0,-,party wiped; flee×1
755,13099,1,Normal,36,4,4,4,0,37,37,0,0,45,0,1,1,0,4,3,0,3,3,0,0,252,14,12,12,3,0,1,1,5,1,,,0,-,floor1_town
755,13099,2,Normal,39,4,4,4,0,37,37,0,0,40,0,1,1,0,6,1,2,0,2,0,0,224,14,14,14,3.5,0,1,1,7,1,,,0,-,
755,13099,3,Normal,34,4,4,3,0,37,0,0,2,60,0,1,2,2,6,6,0,0,0,3,0,360,80,13,9,3,1,0,0,14,4,RH=Crude Sword|LH=Crude Sword|BD=Crude Armour|A1=Crude Bracelet|A2=Crude Bracelet,Swords_T1_03=3,0,-,party wiped; +1 levelup
756,13100,1,Normal,34,2,2,2,0,37,37,0,0,15,0,1,1,0,0,0,2,3,3,0,0,84,8,3,3,1.5,0,1,1,3,2,,,0,-,floor1_town
756,13100,2,Normal,37,1,1,1,0,37,37,0,0,10,0,1,1,0,0,0,4,3,3,0,0,56,0,2,2,2,0,1,1,3,2,,,0,-,
756,13100,3,Normal,27,3,3,3,0,37,37,0,0,72,0,1,1,3,6,4,3,0,0,0,0,360,0,13,13,4.333,0,1,1,21,3,,,0,-,
756,13100,4,Normal,34,3,3,3,0,37,45,0,1,25,0,1,2,1,0,0,2,0,0,0,0,140,0,6,6,2,0,1,1,21,3,,,0,-,+1 levelup
756,13100,5,Normal,38,2,2,2,0,45,20,1,1,25,0,2,2,0,0,0,2,0,0,1,0,140,24,6,6,3,0,1,1,21,3,,Swords_T1_03=1,0,-,
756,13100,6,Normal,38,4,4,4,0,20,44,1,1,35,0,2,2,0,3,0,2,0,3,3,0,196,-2,8,8,2,0,1,1,22,1,,Swords_T1_03=3,0,-,
756,13100,7,Normal,29,6,6,6,0,44,44,1,1,75,0,2,2,0,3,6,2,3,3,5,0,420,31,22,22,3.667,0,1,1,24,1,,Swords_T1_03=5,0,-,
756,13100,8,Normal,2,1,1,0,0,44,0,1,1,0,0,2,2,0,1,0,2,2,3,1,0,78,44,2,0,0,1,0,0,30,1,RH=Crude Sword|LH=Crude Sword|BD=Crude Armour|A1=Crude Bracelet|A2=Crude Bracelet,Swords_T1_03=1,0,-,party wiped
757,13101,1,Normal,32,4,4,4,0,37,37,0,0,40,0,1,1,0,3,3,0,3,3,0,0,224,21,11,11,2.75,0,1,1,5,1,,,0,-,floor1_town
757,13101,2,Normal,37,4,4,4,0,37,45,0,2,60,0,1,2,0,6,5,1,0,0,0,0,336,8,16,16,4,0,1,1,6,3,,,0,-,+1 levelup
757,13101,3,Normal,2,1,1,0,0,45,0,2,2,0,0,2,2,3,0,0,0,0,0,2,0,120,43,4,0,0,1,0,0,6,4,RH=Crude Sword|LH=Crude Sword|BD=Crude Armour|A1=Crude Bracelet|A2=Crude Bracelet,Swords_T1_03=2,0,-,party wiped
758,13102,1,Normal,30,1,1,1,0,37,37,0,0,20,0,1,1,0,3,1,1,3,3,0,0,112,0,6,6,6,0,1,1,2,4,,,0,-,floor1_town
758,13102,2,Normal,33,4,4,4,0,37,37,0,0,35,0,1,1,0,3,0,2,3,3,0,0,196,8,9,9,2.25,0,1,1,3,1,,,0,-,
758,13102,3,Normal,11,2,2,1,0,37,0,0,0,36,0,1,1,3,6,6,1,0,0,0,0,243,37,9,6,6,1,0,0,15,4,RH=Crude Sword|LH=Crude Sword|BD=Crude Armour|A1=Crude Bracelet|A2=Crude Bracelet,,0,-,party wiped
759,13103,1,Normal,28,3,3,3,0,37,37,0,0,30,0,1,1,0,3,0,0,3,3,0,0,168,0,7,7,2.333,0,1,1,4,4,,,0,-,floor1_town
759,13103,2,Normal,39,6,6,6,0,37,37,0,0,65,0,1,1,0,8,0,2,3,3,0,0,364,22,19,19,3.167,0,1,1,7,1,,,0,-,
759,13103,3,Normal,5,1,1,0,0,37,0,0,0,0,0,1,1,0,3,3,2,0,0,0,0,82,37,3,0,0,1,0,0,13,4,RH=Crude Sword|LH=Crude Sword|BD=Crude Armour|A1=Crude Bracelet|A2=Crude Bracelet,,0,-,party wiped
760,13104,1,Normal,26,2,2,2,0,37,37,0,0,10,0,1,1,0,0,0,1,3,3,0,0,56,0,2,2,1,0,1,1,3,1,,,0,-,floor1_town
760,13104,2,Normal,32,1,1,1,0,37,37,0,0,5,0,1,1,0,0,0,1,3,3,0,0,28,0,1,1,1,0,1,1,3,1,,,0,-,
760,13104,3,Normal,29,3,3,2,1,37,1,0,0,60,0,1,1,3,9,8,0,0,0,0,0,328,57,14,10,5,0,1,1,21,4,,,0,-,flee×1
760,13104,4,Normal,35,2,2,2,0,1,45,0,3,35,0,1,2,0,3,3,0,0,0,0,0,196,0,9,9,4.5,0,1,1,22,4,,,0,-,+1 levelup
760,13104,5,Normal,6,1,1,0,0,45,0,3,3,0,0,2,2,0,0,0,0,0,0,1,0,53,44,2,0,0,1,0,0,22,3,RH=Crude Sword|LH=Crude Sword|BD=Crude Armour|A1=Crude Bracelet|A2=Crude Bracelet,Swords_T1_03=1,0,-,party wiped
761,13105,1,Normal,40,2,2,2,0,37,37,0,0,15,0,1,1,0,1,0,2,3,3,0,0,84,0,3,3,1.5,0,1,1,3,1,,,0,-,floor1_town
761,13105,2,Normal,37,6,6,6,0,37,29,0,0,75,0,1,1,0,5,1,3,1,3,0,0,420,24,17,17,2.833,0,1,1,5,3,,,0,-,
761,13105,3,Normal,3,1,1,0,0,29,0,0,0,0,0,1,1,3,3,3,2,0,0,0,0,166,37,5,0,0,1,0,0,11,4,RH=Crude Sword|LH=Crude Sword|BD=Crude Armour|A1=Crude Bracelet|A2=Crude Bracelet,,0,-,party wiped
762,13106,1,Normal,38,5,5,5,0,37,37,0,0,70,0,1,1,1,8,3,0,3,3,0,0,392,0,20,20,4,0,1,1,6,3,,,0,-,floor1_town
762,13106,2,Normal,35,4,4,4,0,37,37,0,2,50,0,1,2,0,3,3,1,0,0,1,0,280,16,13,13,3.25,0,1,1,6,1,,Swords_T1_03=1,0,-,+1 levelup
762,13106,3,Normal,40,3,3,3,0,37,46,2,2,84,0,2,2,1,6,5,0,0,1,3,0,420,12,14,14,4.667,0,1,1,8,3,,Swords_T1_03=3,0,-,
762,13106,4,Normal,32,5,5,5,0,46,38,2,2,55,0,2,2,0,3,1,0,0,3,2,0,308,36,14,14,2.8,0,1,1,9,4,,Swords_T1_03=2,0,-,
762,13106,5,Normal,34,5,5,5,0,38,54,2,3,60,0,2,3,0,3,4,0,0,2,2,0,336,28,15,15,3,0,1,1,10,1,,Swords_T1_03=2,0,-,+1 levelup
762,13106,6,Normal,30,2,2,1,1,54,12,3,3,15,0,3,3,0,0,2,0,0,0,3,0,112,40,6,4,4,0,1,1,10,4,,Swords_T1_03=1|Swords_T1_04=2,0,-,flee×1
762,13106,7,Normal,32,2,2,2,0,12,52,3,3,25,0,3,3,0,1,0,0,2,3,1,0,140,0,5,5,2.5,0,1,1,11,2,,Swords_T1_03=1,0,-,
762,13106,8,Normal,14,1,1,0,0,52,0,3,3,0,0,3,3,0,3,1,0,0,2,2,0,129,52,3,0,0,1,0,0,17,2,RH=Crude Sword|LH=Crude Sword|BD=Crude Armour|A1=Crude Bracelet|A2=Crude Bracelet,Swords_T1_03=1|Swords_T1_04=1,0,-,party wiped
763,13107,1,Normal,36,1,1,1,0,37,37,0,0,15,0,1,1,0,3,2,2,3,3,0,0,84,0,5,5,5,0,1,1,2,3,,,0,-,floor1_town
763,13107,2,Normal,39,3,3,3,0,37,37,0,0,45,0,1,1,0,6,4,4,0,0,0,0,252,6,13,13,4.333,0,1,1,3,4,,,0,-,
763,13107,3,Normal,31,4,4,3,1,37,45,0,3,96,0,1,2,6,7,4,0,0,2,2,0,540,49,19,16,5.333,0,1,1,16,3,,Swords_T1_03=2,0,-,+1 levelup; flee×1
763,13107,4,Normal,11,2,2,1,0,45,0,3,3,5,0,2,2,0,0,2,0,0,0,1,0,106,44,4,1,1,1,0,0,16,4,RH=Crude Sword|LH=Crude Sword|BD=Crude Armour|A1=Crude Bracelet|A2=Crude Bracelet,Swords_T1_03=1,0,-,party wiped
764,13108,1,Normal,34,3,3,3,0,37,37,0,0,30,0,1,1,0,1,0,0,3,3,0,0,168,16,7,7,2.333,0,1,1,4,1,,,0,-,floor1_town
764,13108,2,Normal,35,3,3,3,0,37,29,0,0,35,0,1,1,0,1,0,0,2,3,0,0,196,24,7,7,2.333,0,1,1,6,3,,,0,-,
764,13108,3,Normal,26,3,3,3,0,29,21,0,1,60,0,1,2,1,4,3,0,0,0,1,0,300,23,10,10,3.333,0,1,1,18,2,,Swords_T1_03=1,0,-,+1 levelup
764,13108,4,Normal,25,2,2,2,0,21,45,1,1,20,0,2,2,0,1,0,0,3,3,1,0,112,12,5,5,2.5,0,1,1,20,1,,Swords_T1_03=1,0,-,
764,13108,5,Normal,31,2,2,2,0,45,45,1,1,25,0,2,2,0,3,1,0,0,2,2,0,140,-2,7,7,3.5,0,1,1,20,4,,Swords_T1_03=2,0,-,
764,13108,6,Normal,32,3,3,3,0,45,45,1,1,45,0,2,2,0,3,3,0,0,2,1,0,252,12,12,12,4,0,1,1,21,4,,Swords_T1_03=1,0,-,
764,13108,7,Normal,36,3,3,3,0,45,45,1,1,45,0,2,2,0,3,3,0,0,2,2,0,252,22,12,12,4,0,1,1,22,4,,Swords_T1_03=2,0,-,
764,13108,8,Normal,3,1,1,0,0,45,0,1,1,0,0,2,2,0,3,2,0,0,1,1,0,118,44,2,0,0,1,0,0,28,3,RH=Crude Sword|LH=Crude Sword|BD=Crude Armour|A1=Crude Bracelet|A2=Crude Bracelet,Swords_T1_03=1,0,-,party wiped
765,13109,1,Normal,32,2,2,2,0,37,37,0,0,35,0,1,1,0,6,0,2,3,3,0,0,196,16,10,10,5,0,1,1,3,3,,,0,-,floor1_town
765,13109,2,Normal,30,4,4,4,0,37,45,0,3,65,0,1,2,0,8,1,3,1,3,0,0,364,16,18,18,4.5,0,1,1,5,3,,,0,-,+1 levelup
765,13109,3,Normal,37,5,5,4,0,45,0,3,3,96,0,2,2,4,4,6,0,0,0,5,0,540,83,17,14,3.5,1,0,0,6,4,RH=Crude Sword|LH=Crude Sword|BD=Crude Armour|A1=Crude Bracelet|A2=Crude Bracelet,Swords_T1_03=5,0,-,party wiped
766,13110,1,Normal,30,4,4,4,0,37,37,0,0,65,0,1,1,0,7,0,0,3,3,0,0,364,24,18,18,4.5,0,1,1,5,3,,,0,-,floor1_town
766,13110,2,Normal,39,4,4,4,0,37,37,0,2,50,0,1,2,0,3,3,0,0,0,0,0,280,8,13,13,3.25,0,1,1,5,3,,,0,-,+1 levelup
766,13110,3,Normal,13,2,2,1,0,37,0,2,2,24,0,2,2,1,3,3,0,0,0,2,0,240,43,8,4,4,1,0,0,6,4,RH=Crude Sword|LH=Crude Sword|BD=Crude Armour|A1=Crude Bracelet|A2=Crude Bracelet,Swords_T1_03=2,0,-,party wiped
767,13111,1,Normal,28,3,3,3,0,37,37,0,0,30,0,1,1,0,3,3,1,3,3,0,0,168,0,8,8,2.667,0,1,1,4,4,,,0,-,floor1_town
767,13111,2,Normal,37,4,4,4,0,37,37,0,0,55,0,1,1,1,6,4,0,0,0,0,0,308,8,15,15,3.75,0,1,1,5,2,,,0,-,
767,13111,3,Normal,20,2,2,1,0,37,0,0,2,36,0,1,2,2,3,3,0,0,0,0,0,225,60,7,6,6,1,0,0,11,3,RH=Crude Sword|LH=Crude Sword|BD=Crude Armour|A1=Crude Bracelet|A2=Crude Bracelet,,0,-,party wiped; +1 levelup
768,13112,1,Normal,26,3,3,3,0,37,37,0,0,15,0,1,1,0,0,0,0,3,3,0,0,84,0,3,3,1,0,1,1,4,1,,,0,-,floor1_town
768,13112,2,Normal,31,6,6,6,0,37,37,0,0,80,0,1,1,1,6,3,0,0,3,0,0,448,8,21,21,3.5,0,1,1,5,4,,,0,-,
768,13112,3,Normal,23,3,3,2,0,37,0,0,3,36,0,1,2,1,3,3,0,0,0,1,0,292,43,11,8,4,1,0,0,11,3,RH=Crude Sword|LH=Crude Sword|BD=Crude Armour|A1=Crude Bracelet|A2=Crude Bracelet,Swords_T1_03=1,0,-,party wiped; +1 levelup
769,13113,1,Normal,40,4,4,4,0,37,37,0,0,55,0,1,1,0,5,3,1,3,3,0,0,308,8,16,16,4,0,1,1,5,4,,,0,-,floor1_town
769,13113,2,Normal,34,5,5,4,1,37,45,0,1,65,0,1,2,1,6,4,0,0,2,0,0,420,39,23,21,5.25,0,1,1,6,3,,,0,-,+1 levelup; flee×1
769,13113,3,Normal,8,1,1,0,0,45,0,1,1,0,0,2,2,1,0,2,0,0,0,1,0,151,44,4,0,0,1,0,0,6,4,RH=Crude Sword|LH=Crude Sword|BD=Crude Armour|A1=Crude Bracelet|A2=Crude Bracelet,Swords_T1_03=1,0,-,party wiped
770,13114,1,Normal,38,5,5,5,0,37,37,0,0,75,0,1,1,0,10,2,2,3,3,0,0,420,8,22,22,4.4,0,1,1,6,1,,,0,-,floor1_town
770,13114,2,Normal,30,3,3,3,0,37,46,0,2,25,0,1,2,0,1,0,2,3,3,0,0,140,8,6,6,2,0,1,1,7,1,,,0,-,+1 levelup
770,13114,3,Normal,3,1,1,0,0,46,0,2,2,0,0,2,2,2,3,3,0,0,0,0,0,123,46,4,0,0,1,0,0,7,4,RH=Crude Sword|LH=Crude Sword|BD=Crude Armour|A1=Crude Bracelet|A2=Crude Bracelet,,0,-,party wiped
771,13115,1,Normal,36,5,5,5,0,37,37,0,0,55,0,1,1,0,5,2,1,3,3,0,0,308,8,13,13,2.6,0,1,1,6,1,,,0,-,floor1_town
771,13115,2,Normal,28,2,2,2,0,37,37,0,0,15,0,1,1,0,1,0,3,2,3,0,0,84,0,3,3,1.5,0,1,1,6,1,,,0,-,
771,13115,3,Normal,18,2,2,1,0,37,0,0,0,12,0,1,1,4,4,3,0,0,0,0,0,176,37,8,2,2,1,0,0,18,4,RH=Crude Sword|LH=Crude Sword|BD=Crude Armour|A1=Crude Bracelet|A2=Crude Bracelet,,0,-,party wiped
772,13116,1,Normal,34,4,4,4,0,37,37,0,0,50,0,1,1,0,5,1,2,3,3,0,0,280,8,12,12,3,0,1,1,5,2,,,0,-,floor1_town
772,13116,2,Normal,37,3,3,3,0,37,37,0,0,30,0,1,1,0,3,1,3,0,2,0,0,168,0,8,8,2.667,0,1,1,5,1,,,0,-,
772,13116,3,Normal,27,2,2,2,0,37,44,0,3,36,0,1,2,0,4,1,3,0,2,0,0,180,0,6,6,3,0,1,1,17,2,,,0,-,+1 levelup
772,13116,4,Normal,34,4,4,4,0,44,28,3,3,60,0,2,2,2,0,2,1,0,0,1,0,336,15,15,15,3.75,0,1,1,17,3,,Swords_T1_03=1,0,-,
772,13116,5,Normal,35,4,4,4,0,28,31,3,3,75,0,2,2,0,7,6,1,2,3,3,0,420,50,24,24,6,0,1,1,20,3,,Swords_T1_03=3,0,-,
772,13116,6,Normal,39,3,3,3,0,31,43,3,3,40,0,2,2,0,3,1,1,0,2,3,0,224,-2,10,10,3.333,0,1,1,21,1,,Swords_T1_03=3,0,-,
772,13116,7,Normal,36,3,3,3,0,43,48,3,5,35,0,2,3,0,0,2,1,0,0,2,0,196,15,8,8,2.667,0,1,1,21,2,,Swords_T1_03=2,0,-,+1 levelup
772,13116,8,Normal,29,3,3,2,0,48,0,5,5,120,0,3,3,1,8,3,0,0,3,3,0,300,75,11,10,5,1,0,0,39,4,RH=Crude Sword|LH=Crude Sword|BD=Crude Armour|A1=Crude Bracelet|A2=Crude Bracelet,Swords_T1_03=1|Swords_T1_04=2,0,-,party wiped
773,13117,1,Normal,32,2,2,2,0,37,37,0,0,25,0,1,1,0,3,2,1,3,3,0,0,140,0,7,7,3.5,0,1,1,3,1,,,0,-,floor1_town
773,13117,2,Normal,38,4,4,4,0,37,29,0,0,55,0,1,1,0,5,0,3,2,3,0,0,308,24,14,14,3.5,0,1,1,5,3,,,0,-,
773,13117,3,Normal,3,1,1,0,0,29,0,0,0,0,0,1,1,0,3,3,3,0,0,0,0,115,37,3,0,0,1,0,0,11,3,RH=Crude Sword|LH=Crude Sword|BD=Crude Armour|A1=Crude Bracelet|A2=Crude Bracelet,,0,-,party wiped
774,13118,1,Normal,30,3,3,3,0,37,37,0,0,45,0,1,1,0,5,3,2,3,3,0,0,252,8,14,14,4.667,0,1,1,4,2,,,0,-,floor1_town
774,13118,2,Normal,39,1,1,1,0,37,37,0,0,5,0,1,1,0,0,0,2,3,3,0,0,28,0,1,1,1,0,1,1,4,1,,,0,-,
774,13118,3,Normal,9,2,2,1,0,37,0,0,0,36,0,1,1,3,6,6,0,0,0,0,0,303,37,12,7,7,1,0,0,16,3,RH=Crude Sword|LH=Crude Sword|BD=Crude Armour|A1=Crude Bracelet|A2=Crude Bracelet,,0,-,party wiped
775,13119,1,Normal,28,4,4,4,0,37,37,0,0,50,0,1,1,0,5,0,0,3,3,0,0,280,14,13,13,3.25,0,1,1,5,2,,,0,-,floor1_town
775,13119,2,Normal,26,4,4,4,0,37,45,0,2,50,0,1,2,0,6,3,0,1,3,0,0,280,21,14,14,3.5,0,1,1,7,3,,,0,-,+1 levelup
775,13119,3,Normal,1,1,1,0,0,45,0,2,2,0,0,2,2,1,1,3,0,0,0,0,0,60,45,3,0,0,1,0,0,7,4,RH=Crude Sword|LH=Crude Sword|BD=Crude Armour|A1=Crude Bracelet|A2=Crude Bracelet,,0,-,party wiped
776,13120,1,Normal,26,4,4,4,0,37,37,0,0,45,0,1,1,0,4,2,2,3,3,0,0,252,8,13,13,3.25,0,1,1,5,2,,,0,-,floor1_town
776,13120,2,Normal,33,4,4,4,0,37,37,0,0,50,0,1,1,0,4,0,2,1,3,0,0,280,14,13,13,3.25,0,1,1,7,3,,,0,-,
776,13120,3,Normal,3,1,1,0,0,37,0,0,0,0,0,1,1,1,3,3,3,0,0,0,0,88,37,4,0,0,1,0,0,13,4,RH=Crude Sword|LH=Crude Sword|BD=Crude Armour|A1=Crude Bracelet|A2=Crude Bracelet,,0,-,party wiped
777,13121,1,Normal,40,3,3,3,0,37,37,0,0,35,0,1,1,0,3,0,0,3,3,0,0,196,8,7,7,2.333,0,1,1,4,3,,,0,-,floor1_town
777,13121,2,Normal,40,2,2,2,0,37,29,0,0,20,0,1,1,0,2,0,2,1,3,0,0,112,16,6,6,3,0,1,1,5,3,,,0,-,
777,13121,3,Normal,3,1,1,0,0,29,0,0,0,0,0,1,1,1,3,3,1,0,0,0,0,176,37,7,0,0,1,0,0,11,3,RH=Crude Sword|LH=Crude Sword|BD=Crude Armour|A1=Crude Bracelet|A2=Crude Bracelet,,0,-,party wiped
778,13122,1,Normal,38,5,5,5,0,37,37,0,0,75,0,1,1,0,10,4,1,3,3,0,0,420,22,22,22,4.4,0,1,1,6,4,,,0,-,floor1_town
778,13122,2,Normal,39,5,5,5,0,37,45,0,2,90,0,1,2,0,9,5,2,0,0,1,0,504,28,26,26,5.2,0,1,1,8,4,,Swords_T1_03=1,0,-,+1 levelup
778,13122,3,Normal,23,2,2,1,0,45,0,2,2,36,0,2,2,4,3,3,0,0,0,2,0,296,64,10,7,7,1,0,0,9,4,RH=Crude Sword|LH=Crude Sword|BD=Crude Armour|A1=Crude Bracelet|A2=Crude Bracelet,Swords_T1_03=2,0,-,party wiped
779,13123,1,Normal,36,3,3,3,0,37,37,0,0,40,0,1,1,0,6,4,0,3,3,0,0,224,24,13,13,4.333,0,1,1,4,4,,,0,-,floor1_town
779,13123,2,Normal,39,5,5,5,0,37,45,0,2,60,0,1,2,0,4,3,0,2,3,0,0,336,46,15,15,3,0,1,1,8,3,,,0,-,+1 levelup
779,13123,3,Normal,19,2,2,1,0,45,0,2,2,12,0,2,2,0,2,3,0,0,0,2,0,195,43,4,1,1,1,0,0,8,4,RH=Crude Sword|LH=Crude Sword|BD=Crude Armour|A1=Crude Bracelet|A2=Crude Bracelet,Swords_T1_03=2,0,-,party wiped
780,13124,1,Normal,34,3,3,3,0,37,37,0,0,25,0,1,1,0,1,0,1,3,3,0,0,140,0,7,7,2.333,0,1,1,4,2,,,0,-,floor1_town
780,13124,2,Normal,35,3,3,3,0,37,37,0,0,40,0,1,1,0,5,1,3,0,2,0,0,224,8,12,12,4,0,1,1,5,3,,,0,-,
780,13124,3,Normal,18,3,3,1,1,37,0,0,2,36,0,1,2,4,6,6,0,0,0,1,0,356,108,14,9,9,1,0,0,12,4,RH=Crude Sword|LH=Crude Sword|BD=Crude Armour|A1=Crude Bracelet|A2=Crude Bracelet,Swords_T1_03=1,0,-,party wiped; +1 levelup; flee×1
781,13125,1,Normal,32,4,4,4,0,37,37,0,0,70,0,1,1,1,9,7,1,3,3,0,0,392,29,21,21,5.25,0,1,1,5,4,,,0,-,floor1_town
781,13125,2,Normal,34,5,5,5,0,37,44,0,3,60,0,1,2,1,4,3,0,0,0,1,0,336,7,15,15,3,0,1,1,6,3,,Swords_T1_03=1,0,-,+1 levelup
781,13125,3,Normal,2,1,1,0,0,44,0,3,3,0,0,2,2,0,0,0,0,0,0,1,0,60,43,2,0,0,1,0,0,6,2,RH=Crude Sword|LH=Crude Sword|BD=Crude Armour|A1=Crude Bracelet|A2=Crude Bracelet,Swords_T1_03=1,0,-,party wiped
782,13126,1,Normal,30,4,4,4,0,37,37,0,0,30,0,1,1,0,1,0,1,3,3,0,0,168,0,7,7,1.75,0,1,1,5,3,,,0,-,floor1_town
782,13126,2,Normal,38,5,5,5,0,37,46,0,2,70,0,1,2,0,4,3,2,3,3,0,0,392,24,18,18,3.6,0,1,1,7,1,,,0,-,+1 levelup
782,13126,3,Normal,35,2,2,2,0,46,18,2,2,60,0,2,2,4,3,3,0,0,0,2,0,300,26,10,10,5,0,1,1,7,4,,Swords_T1_03=2,0,-,
782,13126,4,Normal,32,1,1,1,0,18,38,2,2,20,0,2,2,0,2,0,0,1,3,0,0,112,8,5,5,5,0,1,1,8,4,,,0,-,
782,13126,5,Normal,38,3,3,3,0,38,19,2,2,50,0,2,2,0,4,6,0,0,0,3,0,280,32,17,17,5.667,0,1,1,9,4,,Swords_T1_03=3,0,-,
782,13126,6,Normal,32,3,3,3,0,19,46,2,2,45,0,2,2,0,3,2,0,0,1,2,0,252,-2,11,11,3.667,0,1,1,10,3,,Swords_T1_03=2,0,-,
782,13126,7,Normal,37,6,6,5,1,46,37,2,4,65,0,2,3,0,3,4,0,0,0,3,0,392,47,18,16,3.2,0,1,1,11,3,,Swords_T1_03=2|Swords_T1_04=1,0,-,+1 levelup; flee×1
782,13126,8,Normal,2,1,1,0,0,37,0,4,4,0,0,3,3,0,3,2,0,0,1,0,0,56,53,2,0,0,1,0,0,17,4,RH=Crude Sword|LH=Crude Sword|BD=Crude Armour|A1=Crude Bracelet|A2=Crude Bracelet,,0,-,party wiped
783,13127,1,Normal,28,3,3,3,0,37,37,0,0,30,0,1,1,0,2,0,2,3,3,0,0,168,8,9,9,3,0,1,1,4,3,,,0,-,floor1_town
783,13127,2,Normal,31,3,3,3,0,37,37,0,0,35,0,1,1,0,3,3,3,0,0,0,0,196,0,9,9,3,0,1,1,4,3,,,0,-,
783,13127,3,Normal,26,1,1,1,0,37,44,0,1,36,0,1,2,3,3,3,0,0,0,0,0,180,31,8,8,8,0,1,1,10,3,,,0,-,+1 levelup
783,13127,4,Normal,39,3,3,3,0,44,20,1,1,25,0,2,2,0,0,0,0,0,0,3,0,140,21,5,5,1.667,0,1,1,10,2,,Swords_T1_03=3,0,-,
783,13127,5,Normal,24,2,2,1,0,20,0,1,1,20,0,2,2,0,3,3,0,0,0,1,0,167,43,8,5,5,1,0,0,11,4,RH=Crude Sword|LH=Crude Sword|BD=Crude Armour|A1=Crude Bracelet|A2=Crude Bracelet,Swords_T1_03=1,0,-,party wiped
784,13128,1,Normal,26,3,3,3,0,37,37,0,0,45,0,1,1,0,6,4,0,3,3,0,0,252,16,14,14,4.667,0,1,1,4,4,,,0,-,floor1_town
784,13128,2,Normal,38,5,5,5,0,37,32,0,2,75,0,1,2,2,5,3,0,0,0,1,0,420,26,22,22,4.4,0,1,1,5,4,,Swords_T1_03=1,0,-,+1 levelup
784,13128,3,Normal,24,4,4,2,1,32,0,2,2,60,0,2,2,2,9,9,0,0,0,2,0,508,123,19,11,5.5,1,0,0,8,3,RH=Crude Sword|LH=Crude Sword|BD=Crude Armour|A1=Crude Bracelet|A2=Crude Bracelet,Swords_T1_03=2,0,-,party wiped; flee×1
785,13129,1,Normal,40,4,4,4,0,37,37,0,0,40,0,1,1,0,3,0,2,3,3,0,0,224,8,11,11,2.75,0,1,1,5,2,,,0,-,floor1_town
785,13129,2,Normal,25,3,3,3,0,37,37,0,0,35,0,1,1,0,3,0,2,3,3,0,0,196,8,8,8,2.667,0,1,1,6,1,,,0,-,
785,13129,3,Normal,26,4,4,3,0,37,0,0,1,72,0,1,2,4,9,8,0,0,0,2,0,546,63,21,15,5,1,0,0,19,4,RH=Crude Sword|LH=Crude Sword|BD=Crude Armour|A1=Crude Bracelet|A2=Crude Bracelet,Swords_T1_03=2,0,-,party wiped; +1 levelup
786,13130,1,Normal,38,2,2,2,0,37,37,0,0,20,0,1,1,0,3,0,0,3,3,0,0,112,8,5,5,2.5,0,1,1,3,3,,,0,-,floor1_town
786,13130,2,Normal,26,4,4,3,0,37,0,0,0,40,0,1,1,1,3,3,0,0,0,0,0,330,37,14,10,3.333,1,0,0,3,4,RH=Crude Sword|LH=Crude Sword|BD=Crude Armour|A1=Crude Bracelet|A2=Crude Bracelet,,0,-,party wiped
787,13131,1,Normal,36,5,5,5,0,37,37,0,0,70,0,1,1,0,6,3,1,3,3,0,0,392,40,19,19,3.8,0,1,1,6,3,,,0,-,floor1_town
787,13131,2,Normal,37,3,3,3,0,37,45,0,1,30,0,1,2,0,1,0,1,3,3,0,0,168,16,6,6,2,0,1,1,7,2,,,0,-,+1 levelup
787,13131,3,Normal,27,4,4,3,0,45,0,1,1,60,0,2,2,1,3,3,0,0,0,2,0,360,43,10,9,3,1,0,0,7,4,RH=Crude Sword|LH=Crude Sword|BD=Crude Armour|A1=Crude Bracelet|A2=Crude Bracelet,Swords_T1_03=2,0,-,party wiped
788,13132,1,Normal,34,4,4,4,0,37,37,0,0,55,0,1,1,0,7,2,0,3,3,0,0,308,8,16,16,4,0,1,1,5,4,,,0,-,floor1_town
788,13132,2,Normal,37,3,3,3,0,37,29,0,0,35,0,1,1,0,3,1,0,0,2,0,0,196,8,8,8,2.667,0,1,1,5,2,,,0,-,
788,13132,3,Normal,23,2,2,1,0,29,0,0,2,36,0,1,2,1,3,3,0,0,0,0,0,208,58,7,6,6,1,0,0,11,4,RH=Crude Sword|LH=Crude Sword|BD=Crude Armour|A1=Crude Bracelet|A2=Crude Bracelet,,0,-,party wiped; +1 levelup
789,13133,1,Normal,32,5,5,5,0,37,37,0,0,75,0,1,1,1,9,4,0,3,3,0,0,420,8,21,21,4.2,0,1,1,6,4,,,0,-,floor1_town
789,13133,2,Normal,27,3,3,3,0,37,45,0,1,30,0,1,2,0,3,0,1,0,3,0,0,168,8,8,8,2.667,0,1,1,6,2,,,0,-,+1 levelup
789,13133,3,Normal,21,3,3,2,0,45,0,1,1,60,0,2,2,3,3,6,0,0,0,2,0,420,78,12,8,4,1,0,0,7,4,RH=Crude Sword|LH=Crude Sword|BD=Crude Armour|A1=Crude Bracelet|A2=Crude Bracelet,Swords_T1_03=2,0,-,party wiped
790,13134,1,Normal,30,3,3,3,0,37,37,0,0,25,0,1,1,0,1,0,0,3,3,0,0,140,8,6,6,2,0,1,1,4,3,,,0,-,floor1_town
790,13134,2,Normal,35,5,5,4,0,37,0,0,0,55,0,1,1,1,6,5,0,0,0,0,0,386,45,19,16,4,1,0,0,5,4,RH=Crude Sword|LH=Crude Sword|BD=Crude Armour|A1=Crude Bracelet|A2=Crude Bracelet,,0,-,party wiped
791,13135,1,Normal,28,2,2,2,0,37,37,0,0,30,0,1,1,1,4,3,0,3,3,0,0,168,0,9,9,4.5,0,1,1,3,2,,,0,-,floor1_town
791,13135,2,Normal,30,5,5,5,0,37,45,0,1,70,0,1,2,0,8,3,0,1,3,0,0,392,24,19,19,3.8,0,1,1,5,2,,,0,-,+1 levelup
791,13135,3,Normal,7,2,2,1,0,45,0,1,1,24,0,2,2,0,1,3,0,0,0,1,0,237,44,7,3,3,1,0,0,5,3,RH=Crude Sword|LH=Crude Sword|BD=Crude Armour|A1=Crude Bracelet|A2=Crude Bracelet,Swords_T1_03=1,0,-,party wiped
792,13136,1,Normal,26,2,2,2,0,37,37,0,0,20,0,1,1,0,2,0,2,3,3,0,0,112,0,5,5,2.5,0,1,1,3,3,,,0,-,floor1_town
792,13136,2,Normal,35,4,4,4,0,37,29,0,0,45,0,1,1,0,3,3,2,3,3,0,0,252,37,13,13,3.25,0,1,1,5,2,,,0,-,
792,13136,3,Normal,16,2,2,1,0,29,0,0,0,12,0,1,1,1,4,3,2,0,0,0,0,158,37,6,3,3,1,0,0,17,4,RH=Crude Sword|LH=Crude Sword|BD=Crude Armour|A1=Crude Bracelet|A2=Crude Bracelet,,0,-,party wiped
793,13137,1,Normal,40,5,5,5,0,37,37,0,0,75,0,1,1,0,10,7,1,3,3,0,0,420,0,21,21,4.2,0,1,1,6,2,,,0,-,floor1_town
793,13137,2,Normal,25,2,2,2,0,37,45,0,2,40,0,1,2,0,6,0,1,0,3,0,0,224,16,11,11,5.5,0,1,1,7,4,,,0,-,+1 levelup
793,13137,3,Normal,14,3,3,2,0,45,0,2,2,48,0,2,2,3,3,6,0,0,0,3,0,367,46,12,7,3.5,1,0,0,8,4,RH=Crude Sword|LH=Crude Sword|BD=Crude Armour|A1=Crude Bracelet|A2=Crude Bracelet,Swords_T1_03=3,0,-,party wiped
794,13138,1,Normal,38,3,3,3,0,37,37,0,0,50,0,1,1,0,7,2,2,3,3,0,0,280,8,13,13,4.333,0,1,1,4,4,,,0,-,floor1_town
794,13138,2,Normal,34,5,5,5,0,37,44,0,3,60,0,1,2,0,5,1,3,0,2,0,0,336,24,15,15,3,0,1,1,6,4,,,0,-,+1 levelup
794,13138,3,Normal,13,1,1,0,0,44,0,3,3,0,0,2,2,2,0,2,1,0,0,0,0,78,44,2,0,0,1,0,0,6,4,RH=Crude Sword|LH=Crude Sword|BD=Crude Armour|A1=Crude Bracelet|A2=Crude Bracelet,,0,-,party wiped
795,13139,1,Normal,36,6,6,6,0,37,37,0,0,80,0,1,1,0,7,1,0,3,3,0,0,448,32,21,21,3.5,0,1,1,7,2,,,0,-,floor1_town
795,13139,2,Normal,27,3,3,3,0,37,45,0,2,45,0,1,2,2,3,3,0,0,0,0,0,252,16,14,14,4.667,0,1,1,7,1,,,0,-,+1 levelup
795,13139,3,Normal,4,1,1,0,0,45,0,2,2,0,0,2,2,0,0,0,0,0,0,0,0,56,45,2,0,0,1,0,0,7,3,RH=Crude Sword|LH=Crude Sword|BD=Crude Armour|A1=Crude Bracelet|A2=Crude Bracelet,,0,-,party wiped
796,13140,1,Normal,34,5,5,5,0,37,37,0,0,70,0,1,1,0,9,1,2,3,3,0,0,392,14,20,20,4,0,1,1,6,4,,,0,-,floor1_town
796,13140,2,Normal,28,2,2,2,0,37,45,0,3,40,0,1,2,0,6,5,4,0,1,0,0,224,21,14,14,7,0,1,1,7,4,,,0,-,+1 levelup
796,13140,3,Normal,14,2,2,1,0,45,0,3,3,12,0,2,2,6,0,1,0,0,0,2,0,268,43,9,2,2,1,0,0,7,4,RH=Crude Sword|LH=Crude Sword|BD=Crude Armour|A1=Crude Bracelet|A2=Crude Bracelet,Swords_T1_03=2,0,-,party wiped
797,13141,1,Normal,32,3,3,3,0,37,37,0,0,45,0,1,1,0,6,1,0,3,3,0,0,252,0,12,12,4,0,1,1,4,4,,,0,-,floor1_town
797,13141,2,Normal,35,3,3,3,0,37,37,0,0,25,0,1,1,0,1,0,0,2,3,0,0,140,8,5,5,1.667,0,1,1,5,2,,,0,-,
797,13141,3,Normal,17,2,2,1,0,37,0,0,0,12,0,1,1,2,4,3,0,0,0,0,0,183,37,6,2,2,1,0,0,17,4,RH=Crude Sword|LH=Crude Sword|BD=Crude Armour|A1=Crude Bracelet|A2=Crude Bracelet,,0,-,party wiped
798,13142,1,Normal,30,4,4,4,0,37,37,0,0,50,0,1,1,0,7,1,1,3,3,0,0,280,18,16,16,4,0,1,1,5,3,,,0,-,floor1_town
798,13142,2,Normal,28,4,4,4,0,37,46,0,3,55,0,1,2,1,6,4,2,0,0,0,0,308,14,15,15,3.75,0,1,1,7,4,,,0,-,+1 levelup
798,13142,3,Normal,16,2,2,1,0,46,0,3,3,12,0,2,2,0,0,0,2,0,0,1,0,95,45,2,1,1,1,0,0,7,3,RH=Crude Sword|LH=Crude Sword|BD=Crude Armour|A1=Crude Bracelet|A2=Crude Bracelet,Swords_T1_03=1,0,-,party wiped
799,13143,1,Normal,28,4,4,4,0,37,37,0,0,50,0,1,1,0,6,3,0,3,3,0,0,280,8,14,14,3.5,0,1,1,5,1,,,0,-,floor1_town
799,13143,2,Normal,31,4,4,4,0,37,16,0,0,45,0,1,1,0,3,3,0,0,0,0,0,252,21,12,12,3,0,1,1,5,3,,,0,-,
799,13143,3,Normal,9,1,1,0,0,16,0,0,0,0,0,1,1,0,3,3,0,0,0,0,0,176,37,8,0,0,1,0,0,11,3,RH=Crude Sword|LH=Crude Sword|BD=Crude Armour|A1=Crude Bracelet|A2=Crude Bracelet,,0,-,party wiped
800,13144,1,Normal,26,2,2,2,0,37,37,0,0,35,0,1,1,0,5,1,1,3,3,0,0,196,0,9,9,4.5,0,1,1,3,3,,,0,-,floor1_town
800,13144,2,Normal,28,4,4,4,0,37,37,0,0,50,0,1,1,0,3,0,3,2,3,0,0,280,16,12,12,3,0,1,1,5,3,,,0,-,
800,13144,3,Normal,12,2,2,1,0,37,0,0,0,12,0,1,1,4,5,3,0,0,0,0,0,266,37,10,3,3,1,0,0,17,4,RH=Crude Sword|LH=Crude Sword|BD=Crude Armour|A1=Crude Bracelet|A2=Crude Bracelet,,0,-,party wiped
801,13145,1,Normal,40,6,6,6,0,37,37,0,0,90,0,1,1,0,12,8,2,3,3,0,0,504,8,26,26,4.333,0,1,1,7,4,,,0,-,floor1_town
801,13145,2,Normal,37,6,6,5,0,37,0,0,3,70,0,1,2,3,3,3,0,0,0,4,0,448,55,22,20,4,1,0,0,7,4,RH=Crude Sword|LH=Crude Sword|BD=Crude Armour|A1=Crude Bracelet|A2=Crude Bracelet,Swords_T1_03=4,0,-,party wiped; +1 levelup
802,13146,1,Normal,38,3,3,3,0,37,37,0,0,35,0,1,1,0,2,0,1,3,3,0,0,196,16,8,8,2.667,0,1,1,4,2,,,0,-,floor1_town
802,13146,2,Normal,27,1,1,1,0,37,37,0,0,20,0,1,1,0,3,2,3,0,1,0,0,112,0,6,6,6,0,1,1,4,4,,,0,-,
802,13146,3,Normal,25,4,4,4,0,37,43,0,2,60,0,1,2,0,4,1,4,3,3,1,0,300,11,10,10,2.5,0,1,1,22,1,,Swords_T1_03=1,0,-,+1 levelup
802,13146,4,Normal,38,5,5,5,0,43,34,2,2,85,0,2,2,1,6,6,3,0,0,4,0,476,26,25,25,5,0,1,1,23,4,,Swords_T1_03=4,0,-,
802,13146,5,Normal,40,5,5,5,0,34,44,2,2,50,0,2,2,1,2,0,2,3,3,2,0,280,17,14,14,2.8,0,1,1,25,1,,Swords_T1_03=2,0,-,
802,13146,6,Normal,31,3,3,3,0,44,43,2,2,45,0,2,2,2,3,3,0,3,3,2,0,252,27,14,14,4.667,0,1,1,26,1,,Swords_T1_03=2,0,-,
802,13146,7,Normal,30,5,5,5,0,43,43,2,4,80,0,2,3,0,5,3,0,1,3,4,0,448,27,21,21,4.2,0,1,1,27,3,,Swords_T1_03=2|Swords_T1_04=2,0,-,+1 levelup
802,13146,8,Normal,6,1,1,0,0,43,0,4,4,0,0,3,3,0,0,0,0,3,3,1,0,83,49,1,0,0,1,0,0,33,4,RH=Crude Sword|LH=Crude Sword|BD=Crude Armour|A1=Crude Bracelet|A2=Crude Bracelet,Swords_T1_03=1,0,-,party wiped
803,13147,1,Normal,36,5,5,5,0,37,37,0,0,75,0,1,1,0,8,3,2,3,3,0,0,420,16,19,19,3.8,0,1,1,6,3,,,0,-,floor1_town
803,13147,2,Normal,33,1,1,1,0,37,29,0,0,20,0,1,1,0,3,1,4,0,2,0,0,112,8,6,6,6,0,1,1,6,4,,,0,-,
803,13147,3,Normal,27,2,2,1,1,29,10,0,1,36,0,1,2,6,3,3,0,0,0,1,0,240,35,9,7,7,0,1,1,12,4,,Swords_T1_03=1,0,-,+1 levelup; flee×1
803,13147,4,Normal,35,3,3,3,0,10,37,1,1,40,0,2,2,0,2,0,0,3,3,2,0,224,19,9,9,3,0,1,1,14,2,,Swords_T1_03=2,0,-,
803,13147,5,Normal,37,5,5,5,0,37,45,1,1,55,0,2,2,0,3,3,0,0,0,3,0,308,-11,13,13,2.6,0,1,1,14,4,,Swords_T1_03=3,0,-,
803,13147,6,Normal,2,1,1,0,0,45,0,1,1,0,0,2,2,0,0,0,0,0,0,0,0,55,45,2,0,0,1,0,0,14,4,RH=Crude Sword|LH=Crude Sword|BD=Crude Armour|A1=Crude Bracelet|A2=Crude Bracelet,,0,-,party wiped
804,13148,1,Normal,34,3,3,3,0,37,37,0,0,25,0,1,1,0,0,0,1,3,3,0,0,140,16,5,5,1.667,0,1,1,4,2,,,0,-,floor1_town
804,13148,2,Normal,35,2,2,2,0,37,37,0,0,25,0,1,1,0,3,3,2,0,0,0,0,140,0,7,7,3.5,0,1,1,4,1,,,0,-,
804,13148,3,Normal,12,2,2,1,0,37,0,0,0,36,0,1,1,4,6,6,0,0,0,0,0,275,59,12,8,8,1,0,0,16,4,RH=Crude Sword|LH=Crude Sword|BD=Crude Armour|A1=Crude Bracelet|A2=Crude Bracelet,,0,-,party wiped
805,13149,1,Normal,32,4,4,4,0,37,37,0,0,40,0,1,1,0,1,0,2,3,3,0,0,224,16,8,8,2,0,1,1,5,3,,,0,-,floor1_town
805,13149,2,Normal,28,3,3,3,0,37,29,0,0,35,0,1,1,0,3,0,2,2,3,0,0,196,14,10,10,3.333,0,1,1,6,3,,,0,-,
805,13149,3,Normal,18,3,3,2,0,29,0,0,2,48,0,1,2,2,6,4,0,0,0,1,0,367,43,12,9,4.5,1,0,0,18,4,RH=Crude Sword|LH=Crude Sword|BD=Crude Armour|A1=Crude Bracelet|A2=Crude Bracelet,Swords_T1_03=1,0,-,party wiped; +1 levelup
806,13150,1,Normal,30,4,4,4,0,37,37,0,0,40,0,1,1,0,3,0,0,3,3,0,0,224,0,9,9,2.25,0,1,1,5,3,,,0,-,floor1_town
806,13150,2,Normal,27,1,1,1,0,37,37,0,0,5,0,1,1,0,0,0,1,3,3,0,0,28,0,1,1,1,0,1,1,5,1,,,0,-,
806,13150,3,Normal,16,1,1,0,0,37,0,0,0,0,0,1,1,3,3,3,0,0,0,0,0,120,37,5,0,0,1,0,0,11,4,RH=Crude Sword|LH=Crude Sword|BD=Crude Armour|A1=Crude Bracelet|A2=Crude Bracelet,,0,-,party wiped
807,13151,1,Normal,28,3,3,3,0,37,37,0,0,30,0,1,1,0,3,1,2,3,3,0,0,168,8,8,8,2.667,0,1,1,4,1,,,0,-,floor1_town
807,13151,2,Normal,26,1,1,1,0,37,37,0,0,20,0,1,1,0,3,1,2,0,2,0,0,112,0,5,5,5,0,1,1,4,4,,,0,-,
807,13151,3,Normal,3,1,1,0,0,37,0,0,0,0,0,1,1,2,3,3,0,0,0,0,0,148,37,5,0,0,1,0,0,10,4,RH=Crude Sword|LH=Crude Sword|BD=Crude Armour|A1=Crude Bracelet|A2=Crude Bracelet,,0,-,party wiped
808,13152,1,Normal,26,2,2,2,0,37,37,0,0,30,0,1,1,0,3,2,0,3,3,0,0,168,0,9,9,4.5,0,1,1,3,2,,,0,-,floor1_town
808,13152,2,Normal,27,4,4,4,0,37,29,0,0,40,0,1,1,0,2,0,1,1,3,0,0,224,16,9,9,2.25,0,1,1,4,3,,,0,-,
808,13152,3,Normal,26,4,4,4,0,29,31,0,2,120,0,1,2,2,9,9,1,0,0,2,0,600,61,21,21,5.25,0,1,1,12,3,,Swords_T1_03=2,0,-,+1 levelup
808,13152,4,Normal,35,5,5,5,0,31,32,2,2,75,0,2,2,0,6,3,1,0,3,3,0,420,23,18,18,3.6,0,1,1,14,4,,Swords_T1_03=3,0,-,
808,13152,5,Normal,38,4,4,4,0,32,45,2,2,30,0,2,2,0,1,0,1,2,3,1,0,168,-1,7,7,1.75,0,1,1,15,1,,Swords_T1_03=1,0,-,
808,13152,6,Normal,31,3,3,3,0,45,32,2,4,45,0,2,3,1,2,3,0,0,0,3,0,252,16,14,14,4.667,0,1,1,15,4,,Swords_T1_03=2|Swords_T1_04=1,0,-,+1 levelup
808,13152,7,Normal,38,4,4,4,0,32,43,4,4,50,0,3,3,0,3,3,0,0,0,4,0,280,5,15,15,3.75,0,1,1,16,2,,Swords_T1_03=2|Swords_T1_04=2,0,-,
808,13152,8,Normal,14,2,2,1,0,43,0,4,4,60,0,3,3,0,4,0,0,1,3,5,0,204,48,8,7,7,1,0,0,28,3,RH=Crude Sword|LH=Crude Sword|BD=Crude Armour|A1=Crude Bracelet|A2=Crude Bracelet,Swords_T1_03=4|Swords_T1_04=1,0,-,party wiped
809,13153,1,Normal,39,4,4,4,0,37,37,0,0,50,0,1,1,0,4,0,1,3,3,0,0,280,16,12,12,3,0,1,1,5,3,,,0,-,floor1_town
809,13153,2,Normal,40,4,4,4,0,37,37,0,0,30,0,1,1,1,3,3,0,3,3,0,0,168,8,10,10,2.5,0,1,1,6,1,,,0,-,
809,13153,3,Normal,2,1,1,0,0,37,0,0,0,0,0,1,1,0,3,3,0,0,0,0,0,35,37,3,0,0,1,0,0,12,4,RH=Crude Sword|LH=Crude Sword|BD=Crude Armour|A1=Crude Bracelet|A2=Crude Bracelet,,0,-,party wiped
810,13154,1,Normal,37,3,3,3,0,37,37,0,0,30,0,1,1,0,3,1,0,3,3,0,0,168,0,8,8,2.667,0,1,1,4,1,,,0,-,floor1_town
810,13154,2,Normal,39,3,3,2,1,37,37,0,0,30,0,1,1,2,3,3,0,3,3,0,0,252,32,13,9,4.5,0,1,1,5,2,,,0,-,flee×1
810,13154,3,Normal,18,3,3,2,0,37,0,0,2,48,0,1,2,1,6,4,0,0,0,1,0,416,44,15,9,4.5,1,0,0,17,3,RH=Crude Sword|LH=Crude Sword|BD=Crude Armour|A1=Crude Bracelet|A2=Crude Bracelet,Swords_T1_03=1,0,-,party wiped; +1 levelup
811,13155,1,Normal,35,7,7,7,0,37,45,0,2,110,0,1,2,0,14,3,1,3,3,0,0,616,16,30,30,4.286,0,1,1,8,4,,,0,-,floor1_town; +1 levelup
811,13155,2,Normal,38,4,4,4,0,45,38,2,2,45,0,2,2,0,2,0,1,2,3,2,0,252,18,10,10,2.5,0,1,1,9,2,,Swords_T1_03=2,0,-,
811,13155,3,Normal,15,2,2,1,0,38,0,2,2,36,0,2,2,3,3,3,0,0,0,1,0,297,44,10,5,5,1,0,0,10,3,RH=Crude Sword|LH=Crude Sword|BD=Crude Armour|A1=Crude Bracelet|A2=Crude Bracelet,Swords_T1_03=1,0,-,party wiped
812,13156,1,Normal,33,3,3,3,0,37,37,0,0,25,0,1,1,0,1,0,2,3,3,0,0,140,6,6,6,2,0,1,1,4,3,,,0,-,floor1_town
812,13156,2,Normal,37,6,6,6,0,37,37,0,0,70,0,1,1,0,3,3,2,0,0,0,0,392,0,16,16,2.667,0,1,1,4,1,,,0,-,
812,13156,3,Normal,40,3,3,3,0,37,44,0,3,60,0,1,2,0,3,3,3,0,0,2,0,300,-1,8,8,2.667,0,1,1,10,1,,Swords_T1_03=2,0,-,+1 levelup
812,13156,4,Normal,25,2,2,2,0,44,37,3,3,35,0,2,2,3,0,0,0,0,0,1,0,196,6,10,10,5,0,1,1,10,4,,Swords_T1_03=1,0,-,
812,13156,5,Normal,27,2,2,2,0,37,45,3,3,20,0,2,2,0,0,0,0,3,3,0,0,112,14,5,5,2.5,0,1,1,11,2,,,0,-,
812,13156,6,Normal,25,5,5,5,0,45,44,3,3,55,0,2,2,0,3,2,0,0,1,4,0,308,-3,13,13,2.6,0,1,1,11,2,,Swords_T1_03=4,0,-,
812,13156,7,Normal,25,2,2,1,1,44,45,3,3,15,0,2,2,0,2,1,0,1,3,2,0,168,35,8,5,5,0,1,1,12,3,,Swords_T1_03=2,0,-,flee×1
812,13156,8,Normal,13,2,2,1,0,45,0,3,5,60,0,2,3,0,6,3,0,0,0,1,0,202,62,6,4,4,1,0,0,24,4,RH=Crude Sword|LH=Crude Sword|BD=Crude Armour|A1=Crude Bracelet|A2=Crude Bracelet,Swords_T1_03=1,0,-,party wiped; +1 levelup
813,13157,1,Normal,31,2,2,2,0,37,37,0,0,20,0,1,1,0,1,0,1,3,3,0,0,112,0,4,4,2,0,1,1,3,1,,,0,-,floor1_town
813,13157,2,Normal,29,2,2,2,0,37,37,0,0,30,0,1,1,0,3,1,1,0,2,0,0,168,0,8,8,4,0,1,1,3,3,,,0,-,
813,13157,3,Normal,19,2,2,1,0,37,0,0,0,24,0,1,1,1,6,4,0,0,0,0,0,271,37,9,4,4,1,0,0,15,3,RH=Crude Sword|LH=Crude Sword|BD=Crude Armour|A1=Crude Bracelet|A2=Crude Bracelet,,0,-,party wiped
814,13158,1,Normal,29,6,6,6,0,37,37,0,0,60,0,1,1,0,6,1,2,3,3,0,0,336,16,15,15,2.5,0,1,1,7,4,,,0,-,floor1_town
814,13158,2,Normal,32,3,3,3,0,37,37,0,0,25,0,1,1,0,0,0,3,3,3,0,0,140,16,5,5,1.667,0,1,1,9,1,,,0,-,
814,13158,3,Normal,33,4,4,4,0,37,24,0,2,108,0,1,2,3,6,6,2,0,0,3,0,540,67,18,18,4.5,0,1,1,16,3,,Swords_T1_03=3,0,-,+1 levelup
814,13158,4,Normal,40,4,4,4,0,24,18,2,2,65,0,2,2,0,3,3,2,0,0,3,0,364,24,19,19,4.75,0,1,1,17,3,,Swords_T1_03=3,0,-,
814,13158,5,Normal,30,0,0,0,0,18,18,2,2,0,0,2,2,0,0,0,2,0,0,0,0,0,0,0,0,0,0,1,1,17,0,,,0,-,
814,13158,6,Normal,27,3,3,3,0,18,52,2,5,45,0,2,3,0,3,3,2,0,0,2,0,252,14,13,13,4.333,0,1,1,18,3,,Swords_T1_03=2,0,-,+1 levelup
814,13158,7,Normal,27,5,5,5,0,52,52,5,5,45,0,3,3,1,0,0,1,3,3,1,0,252,22,11,11,2.2,0,1,1,19,1,,Swords_T1_04=1,0,-,
814,13158,8,Normal,1,1,1,0,0,52,0,5,5,0,0,3,3,1,3,2,0,0,1,2,0,116,50,4,0,0,1,0,0,25,2,RH=Crude Sword|LH=Crude Sword|BD=Crude Armour|A1=Crude Bracelet|A2=Crude Bracelet,Swords_T1_03=1|Swords_T1_04=1,0,-,party wiped
815,13159,1,Normal,27,3,3,3,0,37,37,0,0,50,0,1,1,0,6,2,0,3,3,0,0,280,8,12,12,4,0,1,1,4,2,,,0,-,floor1_town
815,13159,2,Normal,36,3,3,3,0,37,45,0,1,55,0,1,2,0,9,3,2,0,2,0,0,308,16,20,20,6.667,0,1,1,6,4,,,0,-,+1 levelup
815,13159,3,Normal,27,4,4,4,0,45,31,1,1,96,0,2,2,3,3,5,0,0,0,3,0,480,16,17,17,4.25,0,1,1,7,3,,Swords_T1_03=3,0,-,
815,13159,4,Normal,38,3,3,3,0,31,36,1,1,25,0,2,2,0,1,0,0,2,3,2,0,140,7,6,6,2,0,1,1,8,1,,Swords_T1_03=2,0,-,
815,13159,5,Normal,28,4,4,4,0,36,44,1,1,40,0,2,2,0,2,3,0,0,0,2,0,224,-10,9,9,2.25,0,1,1,8,2,,Swords_T1_03=2,0,-,
815,13159,6,Normal,15,1,1,0,0,44,0,1,1,0,0,2,2,0,0,0,0,0,0,1,0,56,43,2,0,0,1,0,0,8,4,RH=Crude Sword|LH=Crude Sword|BD=Crude Armour|A1=Crude Bracelet|A2=Crude Bracelet,Swords_T1_03=1,0,-,party wiped
816,13160,1,Normal,25,3,3,3,0,37,37,0,0,40,0,1,1,0,3,0,2,3,3,0,0,224,16,10,10,3.333,0,1,1,4,3,,,0,-,floor1_town
816,13160,2,Normal,35,3,3,3,0,37,37,0,0,30,0,1,1,0,3,1,4,0,2,0,0,168,0,9,9,3,0,1,1,4,2,,,0,-,
816,13160,3,Normal,27,3,3,3,0,37,44,0,1,84,0,1,2,4,6,4,2,0,0,1,0,420,0,15,15,5,0,1,1,16,2,,Swords_T1_03=1,0,-,+1 levelup
816,13160,4,Normal,7,1,1,0,0,44,0,1,1,0,0,2,2,2,0,0,0,0,0,1,0,82,43,5,0,0,1,0,0,16,4,RH=Crude Sword|LH=Crude Sword|BD=Crude Armour|A1=Crude Bracelet|A2=Crude Bracelet,Swords_T1_03=1,0,-,party wiped
817,13161,1,Normal,39,3,3,3,0,37,37,0,0,40,0,1,1,0,5,2,0,3,3,0,0,224,8,11,11,3.667,0,1,1,4,4,,,0,-,floor1_town
817,13161,2,Normal,38,4,4,4,0,37,29,0,0,50,0,1,1,0,5,1,0,3,3,0,0,280,24,14,14,3.5,0,1,1,6,2,,,0,-,
817,13161,3,Normal,3,1,1,0,0,29,0,0,0,0,0,1,1,0,3,3,0,0,0,0,0,95,37,3,0,0,1,0,0,12,3,RH=Crude Sword|LH=Crude Sword|BD=Crude Armour|A1=Crude Bracelet|A2=Crude Bracelet,,0,-,party wiped
818,13162,1,Normal,37,5,5,5,0,37,37,0,0,50,0,1,1,0,4,2,1,3,3,0,0,280,0,11,11,2.2,0,1,1,6,3,,,0,-,floor1_town
818,13162,2,Normal,40,4,4,4,0,37,46,0,2,50,0,1,2,0,5,1,1,0,2,0,0,280,8,13,13,3.25,0,1,1,7,4,,,0,-,+1 levelup
818,13162,3,Normal,4,1,1,0,0,46,0,2,2,0,0,2,2,1,0,2,0,0,0,1,0,151,45,4,0,0,1,0,0,7,4,RH=Crude Sword|LH=Crude Sword|BD=Crude Armour|A1=Crude Bracelet|A2=Crude Bracelet,Swords_T1_03=1,0,-,party wiped
819,13163,1,Normal,35,5,5,5,0,37,37,0,0,70,0,1,1,0,9,0,0,3,3,0,0,392,14,20,20,4,0,1,1,6,4,,,0,-,floor1_town
819,13163,2,Normal,40,3,3,3,0,37,46,0,3,40,0,1,2,0,2,0,2,1,3,0,0,224,8,9,9,3,0,1,1,7,3,,,0,-,+1 levelup
819,13163,3,Normal,7,1,1,0,0,46,0,3,3,0,0,2,2,2,1,3,0,0,0,0,0,123,46,3,0,0,1,0,0,7,4,RH=Crude Sword|LH=Crude Sword|BD=Crude Armour|A1=Crude Bracelet|A2=Crude Bracelet,,0,-,party wiped
820,13164,1,Normal,33,2,2,2,0,37,37,0,0,30,0,1,1,0,3,3,1,3,3,0,0,168,24,8,8,4,0,1,1,3,4,,,0,-,floor1_town
820,13164,2,Normal,32,1,1,1,0,37,24,0,0,20,0,1,1,0,3,3,3,0,0,0,0,112,13,6,6,6,0,1,1,3,4,,,0,-,
820,13164,3,Normal,38,3,3,3,0,24,45,0,2,72,0,1,2,0,7,6,4,0,0,0,0,360,0,14,14,4.667,0,1,1,21,2,,,0,-,+1 levelup
820,13164,4,Normal,32,4,4,4,0,45,20,2,2,35,0,2,2,1,0,0,3,0,0,4,0,196,21,8,8,2,0,1,1,21,3,,Swords_T1_03=4,0,-,
820,13164,5,Normal,31,3,3,3,0,20,44,2,2,40,0,2,2,0,3,3,3,3,3,3,0,224,14,11,11,3.667,0,1,1,23,1,,Swords_T1_03=3,0,-,
820,13164,6,Normal,28,3,3,3,0,44,37,2,2,25,0,2,2,0,3,0,3,0,3,2,0,140,19,8,8,2.667,0,1,1,23,2,,Swords_T1_03=2,0,-,
820,13164,7,Normal,27,2,2,2,0,37,45,2,2,15,0,2,2,0,0,1,3,0,2,1,0,84,-9,3,3,1.5,0,1,1,23,2,,Swords_T1_03=1,0,-,
820,13164,8,Normal,12,1,1,0,0,45,0,2,2,0,0,2,2,0,0,0,3,3,3,0,0,27,45,1,0,0,1,0,0,29,2,RH=Crude Sword|LH=Crude Sword|BD=Crude Armour|A1=Crude Bracelet|A2=Crude Bracelet,,0,-,party wiped
821,13165,1,Normal,31,3,3,3,0,37,37,0,0,35,0,1,1,0,4,0,0,3,3,0,0,196,0,8,8,2.667,0,1,1,4,2,,,0,-,floor1_town
821,13165,2,Normal,32,4,4,4,0,37,37,0,0,50,0,1,1,0,6,0,0,0,3,0,0,280,16,14,14,3.5,0,1,1,6,4,,,0,-,
821,13165,3,Normal,15,1,1,0,0,37,0,0,0,0,0,1,1,1,3,3,1,0,0,0,0,95,37,3,0,0,1,0,0,12,4,RH=Crude Sword|LH=Crude Sword|BD=Crude Armour|A1=Crude Bracelet|A2=Crude Bracelet,,0,-,party wiped
822,13166,1,Normal,29,3,3,3,0,37,37,0,0,55,0,1,1,0,7,1,1,3,3,0,0,308,0,13,13,4.333,0,1,1,4,3,,,0,-,floor1_town
822,13166,2,Normal,37,4,4,4,0,37,29,0,0,40,0,1,1,0,4,1,1,0,2,0,0,224,24,14,14,3.5,0,1,1,6,4,,,0,-,
822,13166,3,Normal,13,2,2,1,0,29,0,0,2,24,0,1,2,3,3,3,0,0,0,0,0,217,44,8,4,4,1,0,0,12,4,RH=Crude Sword|LH=Crude Sword|BD=Crude Armour|A1=Crude Bracelet|A2=Crude Bracelet,,0,-,party wiped; +1 levelup
823,13167,1,Normal,27,4,4,4,0,37,37,0,0,60,0,1,1,0,8,3,2,3,3,0,0,336,8,16,16,4,0,1,1,5,1,,,0,-,floor1_town
823,13167,2,Normal,28,2,2,2,0,37,37,0,0,15,0,1,1,0,1,0,3,3,3,0,0,84,8,4,4,2,0,1,1,6,1,,,0,-,
823,13167,3,Normal,24,4,4,3,0,37,0,0,2,60,0,1,2,5,4,3,0,0,0,1,0,387,45,16,12,4,1,0,0,18,3,RH=Crude Sword|LH=Crude Sword|BD=Crude Armour|A1=Crude Bracelet|A2=Crude Bracelet,Swords_T1_03=1,0,-,party wiped; +1 levelup
824,13168,1,Normal,25,3,3,3,0,37,37,0,0,20,0,1,1,0,0,0,1,3,3,0,0,112,8,4,4,1.333,0,1,1,4,1,,,0,-,floor1_town
824,13168,2,Normal,26,4,4,4,0,37,29,0,0,35,0,1,1,0,3,0,1,0,3,0,0,196,8,8,8,2,0,1,1,4,2,,,0,-,
824,13168,3,Normal,9,1,1,0,0,29,0,0,0,0,0,1,1,1,3,3,0,0,0,0,0,88,37,3,0,0,1,0,0,10,4,RH=Crude Sword|LH=Crude Sword|BD=Crude Armour|A1=Crude Bracelet|A2=Crude Bracelet,,0,-,party wiped
825,13169,1,Normal,39,3,3,3,0,37,37,0,0,40,0,1,1,0,4,3,2,3,3,0,0,224,8,10,10,3.333,0,1,1,4,3,,,0,-,floor1_town
825,13169,2,Normal,25,3,3,3,0,37,29,0,0,25,0,1,1,0,3,0,2,0,3,0,0,140,8,7,7,2.333,0,1,1,4,3,,,0,-,
825,13169,3,Normal,29,4,4,4,0,29,45,0,1,72,0,1,2,0,5,1,2,2,3,1,0,360,11,12,12,3,0,1,1,17,1,,Swords_T1_03=1,0,-,+1 levelup
825,13169,4,Normal,35,3,3,3,0,45,45,1,1,40,0,2,2,0,3,0,2,0,3,2,0,224,11,8,8,2.667,0,1,1,18,3,,Swords_T1_03=2,0,-,
825,13169,5,Normal,32,2,2,2,0,45,45,1,1,20,0,2,2,0,0,3,2,0,0,1,0,112,-1,7,7,3.5,0,1,1,18,3,,Swords_T1_03=1,0,-,
825,13169,6,Normal,32,3,3,3,0,45,45,1,1,50,0,2,2,1,3,3,1,0,0,0,0,280,24,14,14,4.667,0,1,1,19,3,,,0,-,
825,13169,7,Normal,34,4,4,4,0,45,32,1,1,50,0,2,2,1,3,1,0,0,2,3,0,280,39,14,14,3.5,0,1,1,20,4,,Swords_T1_03=3,0,-,
825,13169,8,Normal,2,1,1,0,0,32,0,1,1,0,0,2,2,0,0,0,0,3,3,0,0,28,45,1,0,0,1,0,0,26,2,RH=Crude Sword|LH=Crude Sword|BD=Crude Armour|A1=Crude Bracelet|A2=Crude Bracelet,,0,-,party wiped
826,13170,1,Normal,37,1,1,1,0,37,37,0,0,10,0,1,1,0,1,0,0,3,3,0,0,56,0,3,3,3,0,1,1,2,2,,,0,-,floor1_town
826,13170,2,Normal,38,4,4,4,0,37,29,0,0,50,0,1,1,0,5,1,2,3,3,0,0,280,24,13,13,3.25,0,1,1,4,2,,,0,-,
826,13170,3,Normal,29,5,5,5,0,29,43,0,3,84,0,1,2,2,6,3,1,0,0,1,0,420,0,15,15,3,0,1,1,28,1,,Swords_T1_03=1,0,-,+1 levelup
826,13170,4,Normal,38,3,3,3,0,43,43,3,3,30,0,2,2,0,2,0,1,1,3,2,0,168,16,8,8,2.667,0,1,1,29,2,,Swords_T1_03=2,0,-,
826,13170,5,Normal,27,3,3,3,0,43,40,3,3,60,0,2,2,1,4,6,0,0,0,0,0,336,24,18,18,6,0,1,1,30,4,,,0,-,
826,13170,6,Normal,34,7,7,6,1,40,52,3,4,70,0,2,3,0,3,3,0,3,3,3,0,448,70,20,17,2.833,0,1,1,32,2,,Swords_T1_03=3,0,-,+1 levelup; flee×1
826,13170,7,Normal,29,3,3,3,0,52,45,4,4,25,0,3,3,0,1,0,0,2,3,0,0,140,7,6,6,2,0,1,1,32,1,,,0,-,
826,13170,8,Normal,2,1,1,0,0,45,0,4,4,0,0,3,3,0,3,3,0,0,0,1,0,107,52,4,0,0,1,0,0,38,2,RH=Crude Sword|LH=Crude Sword|BD=Crude Armour|A1=Crude Bracelet|A2=Crude Bracelet,Swords_T1_04=1,0,-,party wiped
827,13171,1,Normal,35,3,3,3,0,37,37,0,0,40,0,1,1,0,4,0,2,3,3,0,0,224,24,10,10,3.333,0,1,1,4,3,,,0,-,floor1_town
827,13171,2,Normal,29,1,1,1,0,37,24,0,0,20,0,1,1,1,3,3,1,0,0,0,0,112,13,8,8,8,0,1,1,4,4,,,0,-,
827,13171,3,Normal,39,3,3,3,0,24,37,0,0,36,0,1,1,0,3,0,3,2,3,0,0,180,0,7,7,2.333,0,1,1,22,1,,,0,-,
827,13171,4,Normal,26,2,2,2,0,37,45,0,2,10,0,1,2,0,0,0,3,2,3,1,0,56,0,2,2,1,0,1,1,22,1,,Swords_T1_03=1,0,-,+1 levelup
827,13171,5,Normal,31,3,3,3,0,45,42,2,2,15,0,2,2,0,0,0,3,2,3,3,0,84,0,3,3,1,0,1,1,22,1,,Swords_T1_03=3,0,-,
827,13171,6,Normal,39,4,4,4,0,42,46,2,2,55,0,2,2,0,4,3,3,1,3,1,0,308,17,16,16,4,0,1,1,23,3,,Swords_T1_03=1,0,-,
827,13171,7,Normal,38,4,4,4,0,46,33,2,2,70,0,2,2,1,4,5,2,0,1,1,0,392,33,20,20,5,0,1,1,24,4,,Swords_T1_03=1,0,-,
827,13171,8,Normal,3,1,1,0,0,33,0,2,2,0,0,2,2,0,0,0,2,3,3,1,0,50,45,1,0,0,1,0,0,30,3,RH=Crude Sword|LH=Crude Sword|BD=Crude Armour|A1=Crude Bracelet|A2=Crude Bracelet,Swords_T1_03=1,0,-,party wiped
828,13172,1,Normal,33,3,3,3,0,37,37,0,0,55,0,1,1,0,8,3,0,3,3,0,0,308,8,18,18,6,0,1,1,4,4,,,0,-,floor1_town
828,13172,2,Normal,26,4,4,4,0,37,45,0,2,55,0,1,2,0,5,0,0,1,3,0,0,308,22,14,14,3.5,0,1,1,7,3,,,0,-,+1 levelup
828,13172,3,Normal,11,2,2,1,0,45,0,2,2,12,0,2,2,0,1,3,1,0,0,2,0,155,57,5,2,2,1,0,0,7,3,RH=Crude Sword|LH=Crude Sword|BD=Crude Armour|A1=Crude Bracelet|A2=Crude Bracelet,Swords_T1_03=2,0,-,party wiped
829,13173,1,Normal,31,5,5,5,0,37,37,0,0,80,0,1,1,0,11,3,1,3,3,0,0,448,14,24,24,4.8,0,1,1,6,3,,,0,-,floor1_town
829,13173,2,Normal,28,2,2,2,0,37,45,0,2,25,0,1,2,0,2,0,2,3,3,0,0,140,16,6,6,3,0,1,1,7,2,,,0,-,+1 levelup
829,13173,3,Normal,33,5,5,4,0,45,0,2,2,84,0,2,2,3,6,6,0,0,0,5,0,564,50,23,16,4,1,0,0,8,3,RH=Crude Sword|LH=Crude Sword|BD=Crude Armour|A1=Crude Bracelet|A2=Crude Bracelet,Swords_T1_03=5,0,-,party wiped
830,13174,1,Normal,29,2,2,2,0,37,37,0,0,35,0,1,1,0,6,2,0,3,3,0,0,196,0,10,10,5,0,1,1,3,4,,,0,-,floor1_town
830,13174,2,Normal,31,1,1,1,0,37,37,0,0,15,0,1,1,0,2,0,1,1,3,0,0,84,0,4,4,4,0,1,1,3,3,,,0,-,
830,13174,3,Normal,27,0,0,0,0,37,37,0,0,0,0,1,1,0,0,0,1,1,3,0,0,0,0,0,0,0,0,1,1,3,0,,,0,-,
830,13174,4,Normal,29,5,5,4,0,37,0,0,2,50,0,1,2,1,3,3,0,0,0,0,0,361,74,15,12,3,1,0,0,4,4,RH=Crude Sword|LH=Crude Sword|BD=Crude Armour|A1=Crude Bracelet|A2=Crude Bracelet,,0,-,party wiped; +1 levelup
831,13175,1,Normal,27,3,3,3,0,37,37,0,0,45,0,1,1,0,6,0,1,3,3,0,0,252,16,12,12,4,0,1,1,4,2,,,0,-,floor1_town
831,13175,2,Normal,26,2,2,2,0,37,37,0,0,20,0,1,1,0,1,0,1,2,3,0,0,112,8,6,6,3,0,1,1,5,2,,,0,-,
831,13175,3,Normal,1,1,1,0,0,37,0,0,0,0,0,1,1,1,3,3,1,0,0,0,0,120,37,4,0,0,1,0,0,11,4,RH=Crude Sword|LH=Crude Sword|BD=Crude Armour|A1=Crude Bracelet|A2=Crude Bracelet,,0,-,party wiped
832,13176,1,Normal,25,3,3,3,0,37,37,0,0,25,0,1,1,0,0,0,2,3,3,0,0,140,8,5,5,1.667,0,1,1,4,2,,,0,-,floor1_town
832,13176,2,Normal,37,6,6,6,0,37,25,0,2,85,0,1,2,1,4,3,2,0,0,0,0,476,48,22,22,3.667,0,1,1,5,2,,,0,-,+1 levelup
832,13176,3,Normal,39,5,5,5,0,25,29,2,2,144,0,2,2,4,10,9,0,0,0,2,0,720,57,24,24,4.8,0,1,1,9,2,,Swords_T1_03=2,0,-,
832,13176,4,Normal,30,3,3,3,0,29,38,2,2,45,0,2,2,0,3,2,0,0,1,1,0,252,5,12,12,4,0,1,1,10,3,,Swords_T1_03=1,0,-,
832,13176,5,Normal,32,6,6,5,1,38,52,2,4,60,0,2,3,0,3,2,0,0,2,5,0,392,42,18,16,3.2,0,1,1,11,2,,Swords_T1_03=3|Swords_T1_04=2,0,-,+1 levelup; flee×1
832,13176,6,Normal,32,3,3,2,0,52,0,4,4,15,0,3,3,0,0,2,0,0,0,1,0,113,52,6,3,1.5,1,0,0,11,4,RH=Crude Sword|LH=Crude Sword|BD=Crude Armour|A1=Crude Bracelet|A2=Crude Bracelet,Swords_T1_04=1,0,-,party wiped
833,13177,1,Normal,39,5,5,5,0,37,37,0,0,50,0,1,1,0,3,0,1,3,3,0,0,280,24,12,12,2.4,0,1,1,6,1,,,0,-,floor1_town
833,13177,2,Normal,30,3,3,3,0,37,29,0,0,40,0,1,1,0,3,1,3,0,2,0,0,224,16,10,10,3.333,0,1,1,7,3,,,0,-,
833,13177,3,Normal,30,3,3,2,0,29,0,0,2,60,0,1,2,3,3,3,0,0,0,1,0,352,58,11,10,5,1,0,0,13,2,RH=Crude Sword|LH=Crude Sword|BD=Crude Armour|A1=Crude Bracelet|A2=Crude Bracelet,Swords_T1_03=1,0,-,party wiped; +1 levelup
834,13178,1,Normal,37,2,2,2,0,37,37,0,0,15,0,1,1,0,0,0,2,3,3,0,0,84,0,3,3,1.5,0,1,1,3,2,,,0,-,floor1_town
834,13178,2,Normal,39,5,5,5,0,37,37,0,0,55,0,1,1,0,4,0,3,3,3,0,0,308,16,13,13,2.6,0,1,1,5,1,,,0,-,
834,13178,3,Normal,28,2,2,1,0,37,0,0,0,24,0,1,1,3,6,3,2,0,0,0,0,292,37,9,4,4,1,0,0,17,4,RH=Crude Sword|LH=Crude Sword|BD=Crude Armour|A1=Crude Bracelet|A2=Crude Bracelet,,0,-,party wiped
835,13179,1,Normal,35,5,5,5,0,37,37,0,0,75,0,1,1,1,8,4,0,3,3,0,0,420,21,18,18,3.6,0,1,1,6,4,,,0,-,floor1_town
835,13179,2,Normal,38,4,4,4,0,37,45,0,2,45,0,1,2,1,3,3,1,0,0,0,0,252,13,11,11,2.75,0,1,1,6,1,,,0,-,+1 levelup
835,13179,3,Normal,6,2,2,1,0,45,0,2,2,24,0,2,2,3,0,0,0,0,0,0,0,148,45,6,5,5,1,0,0,6,4,RH=Crude Sword|LH=Crude Sword|BD=Crude Armour|A1=Crude Bracelet|A2=Crude Bracelet,,0,-,party wiped
836,13180,1,Normal,33,2,2,2,0,37,37,0,0,25,0,1,1,0,3,1,2,3,3,0,0,140,8,6,6,3,0,1,1,3,4,,,0,-,floor1_town
836,13180,2,Normal,30,2,2,2,0,37,29,0,0,25,0,1,1,0,2,0,2,1,3,0,0,140,16,6,6,3,0,1,1,4,3,,,0,-,
836,13180,3,Normal,13,1,1,0,0,29,0,0,0,0,0,1,1,4,3,3,0,0,0,0,0,180,37,7,0,0,1,0,0,10,4,RH=Crude Sword|LH=Crude Sword|BD=Crude Armour|A1=Crude Bracelet|A2=Crude Bracelet,,0,-,party wiped
837,13181,1,Normal,31,5,5,5,0,37,37,0,0,65,0,1,1,0,6,1,0,3,3,0,0,364,24,17,17,3.4,0,1,1,6,2,,,0,-,floor1_town
837,13181,2,Normal,38,2,2,1,1,37,29,0,0,10,0,1,1,0,3,3,0,3,3,0,0,140,37,8,2,2,0,1,1,7,2,,,0,-,flee×1
837,13181,3,Normal,2,1,1,0,0,29,0,0,0,0,0,1,1,1,3,3,1,0,0,0,0,148,37,5,0,0,1,0,0,13,3,RH=Crude Sword|LH=Crude Sword|BD=Crude Armour|A1=Crude Bracelet|A2=Crude Bracelet,,0,-,party wiped
838,13182,1,Normal,29,3,3,3,0,37,37,0,0,40,0,1,1,0,4,0,2,3,3,0,0,224,0,10,10,3.333,0,1,1,4,4,,,0,-,floor1_town
838,13182,2,Normal,31,4,4,4,0,37,37,0,0,45,0,1,1,0,2,0,3,2,3,0,0,252,8,10,10,2.5,0,1,1,5,2,,,0,-,
838,13182,3,Normal,27,4,4,4,0,37,45,0,2,72,0,1,2,1,4,3,2,0,0,2,0,360,-1,12,12,3,0,1,1,17,2,,Swords_T1_03=2,0,-,+1 levelup
838,13182,4,Normal,25,3,3,3,0,45,33,2,2,40,0,2,2,1,0,0,1,3,3,1,0,224,27,9,9,3,0,1,1,18,2,,Swords_T1_03=1,0,-,
838,13182,5,Normal,40,5,5,5,0,33,37,2,2,50,0,2,2,0,3,3,1,3,3,1,0,280,20,14,14,2.8,0,1,1,19,1,,Swords_T1_03=1,0,-,
838,13182,6,Normal,25,1,1,1,0,37,46,2,2,15,0,2,2,0,2,0,1,1,3,1,0,84,-10,4,4,4,0,1,1,19,3,,Swords_T1_03=1,0,-,
838,13182,7,Normal,29,3,3,3,0,46,55,2,3,55,0,2,3,1,3,3,0,1,3,3,0,308,21,15,15,5,0,1,1,20,4,,Swords_T1_03=3,0,-,+1 levelup
838,13182,8,Normal,11,1,1,0,0,55,0,3,3,0,0,3,3,0,3,3,0,0,0,2,0,127,51,3,0,0,1,0,0,26,3,RH=Crude Sword|LH=Crude Sword|BD=Crude Armour|A1=Crude Bracelet|A2=Crude Bracelet,Swords_T1_03=2,0,-,party wiped
839,13183,1,Normal,27,4,4,4,0,37,37,0,0,50,0,1,1,0,6,1,0,3,3,0,0,280,18,13,13,3.25,0,1,1,5,4,,,0,-,floor1_town
839,13183,2,Normal,35,2,2,1,1,37,8,0,0,20,0,1,1,0,3,3,0,0,0,0,0,168,29,10,7,7,0,1,1,5,3,,,0,-,flee×1
839,13183,3,Normal,31,1,1,1,0,8,37,0,0,12,0,1,1,0,1,0,0,2,3,0,0,60,0,2,2,2,0,1,1,11,1,,,0,-,
839,13183,4,Normal,27,2,2,2,0,37,44,0,1,20,0,1,2,0,2,0,0,0,3,0,0,112,8,6,6,3,0,1,1,11,3,,,0,-,+1 levelup
839,13183,5,Normal,31,2,2,2,0,44,36,1,1,30,0,2,2,0,0,3,0,3,3,1,0,168,28,8,8,4,0,1,1,12,2,,Swords_T1_03=1,0,-,
839,13183,6,Normal,26,2,2,1,0,36,0,1,1,15,0,2,2,0,3,3,0,0,0,2,0,193,34,11,4,4,1,0,0,12,4,RH=Crude Sword|LH=Crude Sword|BD=Crude Armour|A1=Crude Bracelet|A2=Crude Bracelet,Swords_T1_03=2,0,-,party wiped
840,13184,1,Normal,25,4,4,4,0,37,37,0,0,45,0,1,1,0,5,2,1,3,3,0,0,252,8,13,13,3.25,0,1,1,5,4,,,0,-,floor1_town
840,13184,2,Normal,28,4,4,4,0,37,37,0,0,40,0,1,1,0,3,3,3,3,3,0,0,224,16,11,11,2.75,0,1,1,7,1,,,0,-,
840,13184,3,Normal,31,1,1,1,0,37,45,0,1,24,0,1,2,1,3,1,4,0,2,0,0,120,0,5,5,5,0,1,1,13,2,,,0,-,+1 levelup
840,13184,4,Normal,26,4,4,4,0,45,32,1,1,55,0,2,2,1,3,4,3,0,1,3,0,308,23,15,15,3.75,0,1,1,14,4,,Swords_T1_03=3,0,-,
840,13184,5,Normal,38,6,6,6,0,32,45,1,1,80,0,2,2,0,6,2,3,0,1,5,0,448,8,18,18,3,0,1,1,16,3,,Swords_T1_03=5,0,-,
840,13184,6,Normal,37,4,4,4,0,45,45,1,1,50,0,2,2,0,3,2,3,0,2,2,0,280,11,11,11,2.75,0,1,1,17,2,,Swords_T1_03=2,0,-,
840,13184,7,Normal,36,3,3,3,0,45,42,1,3,40,0,2,3,0,0,2,3,0,0,0,0,224,18,9,9,3,0,1,1,17,4,,,0,-,+1 levelup
840,13184,8,Normal,12,1,1,0,0,42,0,3,3,0,0,3,3,3,3,3,0,0,0,2,0,77,50,2,0,0,1,0,0,23,4,RH=Crude Sword|LH=Crude Sword|BD=Crude Armour|A1=Crude Bracelet|A2=Crude Bracelet,Swords_T1_03=1|Swords_T1_04=1,0,-,party wiped
841,13185,1,Normal,39,2,2,2,0,37,37,0,0,25,0,1,1,0,3,3,0,3,3,0,0,140,0,8,8,4,0,1,1,3,4,,,0,-,floor1_town
841,13185,2,Normal,32,5,5,5,0,37,29,0,0,55,0,1,1,1,3,3,1,0,0,0,0,308,16,13,13,2.6,0,1,1,4,3,,,0,-,
841,13185,3,Normal,4,1,1,0,0,29,0,0,0,0,0,1,1,3,3,3,0,0,0,0,0,126,37,5,0,0,1,0,0,10,4,RH=Crude Sword|LH=Crude Sword|BD=Crude Armour|A1=Crude Bracelet|A2=Crude Bracelet,,0,-,party wiped
842,13186,1,Normal,37,2,2,2,0,37,37,0,0,30,0,1,1,1,3,3,0,3,3,0,0,168,8,9,9,4.5,0,1,1,3,4,,,0,-,floor1_town
842,13186,2,Normal,40,4,4,4,0,37,37,0,0,55,0,1,1,0,6,1,2,0,3,0,0,308,22,14,14,3.5,0,1,1,6,4,,,0,-,
842,13186,3,Normal,34,3,3,3,0,37,45,0,3,84,0,1,2,3,6,6,1,0,0,1,0,420,15,16,16,5.333,0,1,1,13,3,,Swords_T1_03=1,0,-,+1 levelup
842,13186,4,Normal,30,2,2,2,0,45,36,3,3,20,0,2,2,0,0,0,1,0,0,1,0,112,8,5,5,2.5,0,1,1,13,2,,Swords_T1_03=1,0,-,
842,13186,5,Normal,31,3,3,3,0,36,29,3,3,30,0,2,2,1,0,0,0,0,0,1,0,168,6,7,7,2.333,0,1,1,13,2,,Swords_T1_03=1,0,-,
842,13186,6,Normal,30,3,3,3,0,29,45,3,3,35,0,2,2,0,3,2,0,0,1,3,0,196,-3,10,10,3.333,0,1,1,14,4,,Swords_T1_03=3,0,-,
842,13186,7,Normal,27,3,3,3,0,45,44,3,3,20,0,2,2,0,0,0,0,0,1,1,0,112,0,4,4,1.333,0,1,1,14,2,,Swords_T1_03=1,0,-,
842,13186,8,Normal,2,1,1,0,0,44,0,3,3,0,0,2,2,0,0,0,0,3,3,1,0,50,44,1,0,0,1,0,0,20,1,RH=Crude Sword|LH=Crude Sword|BD=Crude Armour|A1=Crude Bracelet|A2=Crude Bracelet,Swords_T1_03=1,0,-,party wiped
843,13187,1,Normal,35,5,5,5,0,37,37,0,0,50,0,1,1,0,4,0,2,3,3,0,0,280,8,12,12,2.4,0,1,1,6,1,,,0,-,floor1_town
843,13187,2,Normal,35,4,4,4,0,37,27,0,0,35,0,1,1,0,2,0,3,1,3,0,0,196,18,10,10,2.5,0,1,1,7,1,,,0,-,
843,13187,3,Normal,36,4,4,4,0,27,43,0,3,72,0,1,2,1,3,1,4,0,2,3,0,360,-2,11,11,2.75,0,1,1,13,1,,Swords_T1_03=3,0,-,+1 levelup
843,13187,4,Normal,38,6,6,6,0,43,27,3,3,90,0,2,2,0,3,5,4,0,0,5,0,504,27,19,19,3.167,0,1,1,14,2,,Swords_T1_03=5,0,-,
843,13187,5,Normal,28,2,2,2,0,27,44,3,3,15,0,2,2,0,1,0,4,2,3,0,0,84,0,4,4,2,0,1,1,15,1,,,0,-,
843,13187,6,Normal,38,4,4,4,0,44,34,3,5,60,0,2,3,2,2,3,2,0,0,3,0,336,41,15,15,3.75,0,1,1,15,3,,Swords_T1_03=2|Swords_T1_04=1,0,-,+1 levelup
843,13187,7,Normal,35,3,3,3,0,34,45,5,5,45,0,3,3,0,3,0,2,0,3,2,0,252,14,10,10,3.333,0,1,1,16,4,,Swords_T1_03=1|Swords_T1_04=1,0,-,
843,13187,8,Normal,11,1,1,0,0,45,0,5,5,0,0,3,3,2,3,3,0,0,0,0,0,111,53,3,0,0,1,0,0,22,3,RH=Crude Sword|LH=Crude Sword|BD=Crude Armour|A1=Crude Bracelet|A2=Crude Bracelet,,0,-,party wiped
844,13188,1,Normal,33,4,4,4,0,37,37,0,0,45,0,1,1,0,5,1,1,3,3,0,0,252,0,10,10,2.5,0,1,1,5,4,,,0,-,floor1_town
844,13188,2,Normal,38,4,4,4,0,37,46,0,2,65,0,1,2,0,6,2,3,0,1,0,0,364,8,16,16,4,0,1,1,6,3,,,0,-,+1 levelup
844,13188,3,Normal,24,2,2,1,0,46,0,2,2,36,0,2,2,3,3,4,0,0,0,1,0,328,73,11,7,7,1,0,0,7,4,RH=Crude Sword|LH=Crude Sword|BD=Crude Armour|A1=Crude Bracelet|A2=Crude Bracelet,Swords_T1_03=1,0,-,party wiped
845,13189,1,Normal,31,2,2,2,0,37,37,0,0,40,0,1,1,0,6,3,2,3,3,0,0,224,0,13,13,6.5,0,1,1,3,4,,,0,-,floor1_town
845,13189,2,Normal,32,4,4,4,0,37,29,0,0,40,0,1,1,0,2,0,3,1,3,0,0,224,8,11,11,2.75,0,1,1,3,2,,,0,-,
845,13189,3,Normal,33,1,1,1,0,29,37,0,0,12,0,1,1,0,1,0,4,2,3,0,0,60,0,2,2,2,0,1,1,9,1,,,0,-,
845,13189,4,Normal,25,3,3,3,0,37,45,0,2,30,0,1,2,0,2,0,4,0,3,0,0,168,8,8,8,2.667,0,1,1,9,1,,,0,-,+1 levelup
845,13189,5,Normal,25,2,2,2,0,45,34,2,2,10,0,2,2,0,0,0,4,0,3,1,0,56,10,3,3,1.5,0,1,1,9,1,,Swords_T1_03=1,0,-,
845,13189,6,Normal,32,3,3,3,0,34,36,2,2,45,0,2,2,0,1,3,4,2,3,1,0,252,21,11,11,3.667,0,1,1,10,2,,Swords_T1_03=1,0,-,
845,13189,7,Normal,36,3,3,3,0,36,45,2,2,45,0,2,2,0,5,4,4,0,2,3,0,252,4,14,14,4.667,0,1,1,11,4,,Swords_T1_03=3,0,-,
845,13189,8,Normal,2,1,1,0,0,45,0,2,2,0,0,2,2,2,1,0,2,2,3,2,0,100,43,4,0,0,1,0,0,17,1,RH=Crude Sword|LH=Crude Sword|BD=Crude Armour|A1=Crude Bracelet|A2=Crude Bracelet,Swords_T1_03=2,0,-,party wiped
846,13190,1,Normal,29,5,5,5,0,37,37,0,0,80,0,1,1,0,10,5,0,3,3,0,0,448,24,23,23,4.6,0,1,1,6,3,,,0,-,floor1_town
846,13190,2,Normal,28,2,2,2,0,37,46,0,2,35,0,1,2,0,3,1,1,0,2,0,0,196,8,9,9,4.5,0,1,1,6,4,,,0,-,+1 levelup
846,13190,3,Normal,6,2,2,1,0,46,0,2,2,12,0,2,2,1,0,2,0,0,0,1,0,153,45,5,3,3,1,0,0,6,4,RH=Crude Sword|LH=Crude Sword|BD=Crude Armour|A1=Crude Bracelet|A2=Crude Bracelet,Swords_T1_03=1,0,-,party wiped
847,13191,1,Normal,27,2,2,2,0,37,37,0,0,40,0,1,1,1,6,5,1,3,3,0,0,224,14,15,15,7.5,0,1,1,3,4,,,0,-,floor1_town
847,13191,2,Normal,28,2,2,2,0,37,37,0,0,25,0,1,1,0,2,0,2,1,3,0,0,140,8,6,6,3,0,1,1,4,3,,,0,-,
847,13191,3,Normal,11,2,2,1,0,37,0,0,0,12,0,1,1,2,3,3,2,0,0,0,0,180,37,6,2,2,1,0,0,16,4,RH=Crude Sword|LH=Crude Sword|BD=Crude Armour|A1=Crude Bracelet|A2=Crude Bracelet,,0,-,party wiped
848,13192,1,Normal,25,2,2,2,0,37,37,0,0,35,0,1,1,0,5,2,0,3,3,0,0,196,8,9,9,4.5,0,1,1,3,3,,,0,-,floor1_town
848,13192,2,Normal,26,4,4,4,0,37,37,0,0,45,0,1,1,0,5,1,2,1,3,0,0,252,8,10,10,2.5,0,1,1,4,1,,,0,-,
848,13192,3,Normal,39,5,5,5,0,37,44,0,2,108,0,1,2,1,7,4,3,0,2,2,0,540,14,19,19,3.8,0,1,1,17,1,,Swords_T1_03=2,0,-,+1 levelup
848,13192,4,Normal,25,4,4,4,0,44,35,2,2,50,0,2,2,1,0,2,2,0,0,1,0,280,8,10,10,2.5,0,1,1,17,2,,Swords_T1_03=1,0,-,
848,13192,5,Normal,33,5,5,5,0,35,54,2,5,80,0,2,3,2,3,3,0,0,0,3,0,448,24,21,21,4.2,0,1,1,18,3,,Swords_T1_03=3,0,-,+1 levelup
848,13192,6,Normal,28,3,3,2,1,54,52,5,5,15,0,3,3,0,1,0,0,2,3,3,0,140,43,7,5,2.5,0,1,1,19,2,,Swords_T1_03=2|Swords_T1_04=1,0,-,flee×1
848,13192,7,Normal,26,1,1,1,0,52,46,5,5,15,0,3,3,0,2,2,0,0,1,3,0,84,22,8,8,8,0,1,1,19,3,,Swords_T1_03=1|Swords_T1_04=2,0,-,
848,13192,8,Normal,2,1,1,0,0,46,0,5,5,0,0,3,3,0,3,3,0,0,0,2,0,70,52,2,0,0,1,0,0,25,3,RH=Crude Sword|LH=Crude Sword|BD=Crude Armour|A1=Crude Bracelet|A2=Crude Bracelet,Swords_T1_03=1|Swords_T1_04=1,0,-,party wiped
849,13193,1,Normal,39,3,3,3,0,37,37,0,0,55,0,1,1,0,8,2,1,3,3,0,0,308,8,16,16,5.333,0,1,1,4,3,,,0,-,floor1_town
849,13193,2,Normal,39,6,6,6,0,37,31,0,3,75,0,1,2,2,8,6,1,0,0,1,0,420,37,27,27,4.5,0,1,1,6,2,,Swords_T1_03=1,0,-,+1 levelup
849,13193,3,Normal,36,3,3,3,0,31,31,3,3,72,0,2,2,0,5,3,2,0,0,3,0,360,23,11,11,3.667,0,1,1,8,3,,Swords_T1_03=3,0,-,
849,13193,4,Normal,26,2,2,2,0,31,39,3,3,25,0,2,2,0,2,0,2,1,3,1,0,140,5,6,6,3,0,1,1,9,2,,Swords_T1_03=1,0,-,
849,13193,5,Normal,25,1,1,1,0,39,38,3,3,5,0,2,2,0,0,0,2,1,3,1,0,28,0,1,1,1,0,1,1,9,1,,Swords_T1_03=1,0,-,
849,13193,6,Normal,25,4,4,4,0,38,37,3,3,40,0,2,2,0,1,2,2,0,1,2,0,224,-1,10,10,2.5,0,1,1,9,1,,Swords_T1_03=2,0,-,
849,13193,7,Normal,29,5,5,5,0,37,45,3,5,50,0,2,3,2,0,1,0,3,3,2,0,280,31,12,12,2.4,0,1,1,10,1,,Swords_T1_03=2,0,-,+1 levelup
849,13193,8,Normal,2,1,1,0,0,45,0,5,5,0,0,3,3,0,3,3,0,0,0,2,0,91,51,5,0,0,1,0,0,16,1,RH=Crude Sword|LH=Crude Sword|BD=Crude Armour|A1=Crude Bracelet|A2=Crude Bracelet,Swords_T1_03=1|Swords_T1_04=1,0,-,party wiped
850,13194,1,Normal,37,5,5,5,0,37,37,0,0,45,0,1,1,0,3,3,0,3,3,0,0,252,21,11,11,2.2,0,1,1,6,1,,,0,-,floor1_town
850,13194,2,Normal,25,3,3,3,0,37,37,0,0,15,0,1,1,0,1,0,2,2,3,0,0,84,0,4,4,1.333,0,1,1,6,1,,,0,-,
850,13194,3,Normal,7,2,2,1,0,37,0,0,0,36,0,1,1,2,6,6,0,0,0,0,0,310,41,11,7,7,1,0,0,18,3,RH=Crude Sword|LH=Crude Sword|BD=Crude Armour|A1=Crude Bracelet|A2=Crude Bracelet,,0,-,party wiped
851,13195,1,Normal,35,5,5,5,0,37,37,0,0,35,0,1,1,0,3,0,1,3,3,0,0,196,8,9,9,1.8,0,1,1,6,1,,,0,-,floor1_town
851,13195,2,Normal,30,3,3,3,0,37,29,0,0,30,0,1,1,0,1,0,2,2,3,0,0,168,16,7,7,2.333,0,1,1,7,3,,,0,-,
851,13195,3,Normal,15,2,2,1,0,29,0,0,0,12,0,1,1,0,4,3,3,0,0,0,0,180,48,7,3,3,1,0,0,19,3,RH=Crude Sword|LH=Crude Sword|BD=Crude Armour|A1=Crude Bracelet|A2=Crude Bracelet,,0,-,party wiped
852,13196,1,Normal,33,3,3,3,0,37,37,0,0,60,0,1,1,0,8,4,0,3,3,0,0,336,16,15,15,5,0,1,1,4,4,,,0,-,floor1_town
852,13196,2,Normal,40,5,5,5,0,37,46,0,1,50,0,1,2,0,4,3,2,0,0,0,0,280,14,14,14,2.8,0,1,1,6,4,,,0,-,+1 levelup
852,13196,3,Normal,3,1,1,0,0,46,0,1,1,0,0,2,2,2,0,0,0,0,0,1,0,91,45,3,0,0,1,0,0,6,4,RH=Crude Sword|LH=Crude Sword|BD=Crude Armour|A1=Crude Bracelet|A2=Crude Bracelet,Swords_T1_03=1,0,-,party wiped
853,13197,1,Normal,31,4,4,4,0,37,37,0,0,50,0,1,1,0,5,1,1,3,3,0,0,280,8,11,11,2.75,0,1,1,5,1,,,0,-,floor1_town
853,13197,2,Normal,29,2,2,2,0,37,37,0,0,35,0,1,1,2,3,3,1,0,0,0,0,196,0,12,12,6,0,1,1,5,4,,,0,-,
853,13197,3,Normal,23,4,4,3,0,37,0,0,2,72,0,1,2,2,4,3,0,0,0,2,0,455,44,14,12,4,1,0,0,17,4,RH=Crude Sword|LH=Crude Sword|BD=Crude Armour|A1=Crude Bracelet|A2=Crude Bracelet,Swords_T1_03=2,0,-,party wiped; +1 levelup
854,13198,1,Normal,29,4,4,4,0,37,37,0,0,45,0,1,1,0,6,0,2,3,3,0,0,252,8,11,11,2.75,0,1,1,5,2,,,0,-,floor1_town
854,13198,2,Normal,30,3,3,3,0,37,37,0,0,35,0,1,1,0,3,1,4,0,2,0,0,196,0,8,8,2.667,0,1,1,5,3,,,0,-,
854,13198,3,Normal,19,4,4,3,0,37,0,0,2,72,0,1,2,4,6,6,2,0,0,3,0,596,65,19,11,3.667,1,0,0,12,4,RH=Crude Sword|LH=Crude Sword|BD=Crude Armour|A1=Crude Bracelet|A2=Crude Bracelet,Swords_T1_03=3,0,-,party wiped; +1 levelup
855,13199,1,Normal,27,2,2,2,0,37,37,0,0,25,0,1,1,0,2,0,1,3,3,0,0,140,0,5,5,2.5,0,1,1,3,3,,,0,-,floor1_town
855,13199,2,Normal,35,2,2,2,0,37,29,0,0,15,0,1,1,0,0,0,2,3,3,0,0,84,8,3,3,1.5,0,1,1,3,2,,,0,-,
855,13199,3,Normal,3,1,1,0,0,29,0,0,0,0,0,1,1,2,3,3,0,0,0,0,0,155,37,6,0,0,1,0,0,9,3,RH=Crude Sword|LH=Crude Sword|BD=Crude Armour|A1=Crude Bracelet|A2=Crude Bracelet,,0,-,party wiped
856,13200,1,Normal,25,2,2,2,0,37,37,0,0,20,0,1,1,0,1,0,2,3,3,0,0,112,18,5,5,2.5,0,1,1,3,2,,,0,-,floor1_town
856,13200,2,Normal,33,2,2,2,0,37,37,0,0,25,0,1,1,0,3,3,3,0,0,0,0,140,0,8,8,4,0,1,1,3,4,,,0,-,
856,13200,3,Normal,16,2,2,1,0,37,0,0,0,24,0,1,1,0,6,6,4,0,0,0,0,268,37,10,5,5,1,0,0,15,3,RH=Crude Sword|LH=Crude Sword|BD=Crude Armour|A1=Crude Bracelet|A2=Crude Bracelet,,0,-,party wiped
857,13201,1,Normal,39,5,5,5,0,37,37,0,0,70,0,1,1,0,8,6,0,3,3,0,0,392,16,19,19,3.8,0,1,1,6,4,,,0,-,floor1_town
857,13201,2,Normal,22,2,2,1,0,37,0,0,0,20,0,1,1,1,3,3,0,0,0,0,0,193,37,10,6,6,1,0,0,6,4,RH=Crude Sword|LH=Crude Sword|BD=Crude Armour|A1=Crude Bracelet|A2=Crude Bracelet,,0,-,party wiped
858,13202,1,Normal,37,3,3,3,0,37,37,0,0,45,0,1,1,0,5,3,2,3,3,0,0,252,29,12,12,4,0,1,1,4,4,,,0,-,floor1_town
858,13202,2,Normal,32,2,2,2,0,37,37,0,0,25,0,1,1,0,3,2,4,0,1,0,0,140,0,7,7,3.5,0,1,1,4,1,,,0,-,
858,13202,3,Normal,38,4,4,4,0,37,42,0,2,84,0,1,2,2,3,3,3,0,0,2,0,420,1,13,13,3.25,0,1,1,16,2,,Swords_T1_03=2,0,-,+1 levelup
858,13202,4,Normal,38,4,4,4,0,42,44,2,2,50,0,2,2,2,3,2,1,3,3,2,0,280,29,14,14,3.5,0,1,1,18,1,,Swords_T1_03=2,0,-,
858,13202,5,Normal,27,3,3,3,0,44,37,2,2,35,0,2,2,0,3,3,1,0,0,1,0,196,20,11,11,3.667,0,1,1,18,3,,Swords_T1_03=1,0,-,
858,13202,6,Normal,4,1,1,0,0,37,0,2,2,0,0,2,2,1,0,0,0,0,0,1,0,78,36,4,0,0,1,0,0,18,4,RH=Crude Sword|LH=Crude Sword|BD=Crude Armour|A1=Crude Bracelet|A2=Crude Bracelet,Swords_T1_03=1,0,-,party wiped
859,13203,1,Normal,35,1,1,1,0,37,37,0,0,10,0,1,1,0,0,0,0,3,3,0,0,56,0,2,2,2,0,1,1,2,2,,,0,-,floor1_town
859,13203,2,Normal,25,2,2,2,0,37,29,0,0,25,0,1,1,0,2,0,0,1,3,0,0,140,8,5,5,2.5,0,1,1,2,2,,,0,-,
859,13203,3,Normal,18,3,3,2,0,29,0,0,0,36,0,1,1,0,6,3,0,0,0,0,0,312,37,9,6,3,1,0,0,20,4,RH=Crude Sword|LH=Crude Sword|BD=Crude Armour|A1=Crude Bracelet|A2=Crude Bracelet,,0,-,party wiped
860,13204,1,Normal,33,4,4,4,0,37,37,0,0,60,0,1,1,0,8,0,1,3,3,0,0,336,8,18,18,4.5,0,1,1,5,3,,,0,-,floor1_town
860,13204,2,Normal,27,2,2,2,0,37,29,0,0,25,0,1,1,0,2,0,1,1,3,0,0,140,8,5,5,2.5,0,1,1,5,3,,,0,-,
860,13204,3,Normal,12,1,1,0,0,29,0,0,0,0,0,1,1,2,3,3,0,0,0,0,0,123,37,5,0,0,1,0,0,11,3,RH=Crude Sword|LH=Crude Sword|BD=Crude Armour|A1=Crude Bracelet|A2=Crude Bracelet,,0,-,party wiped
861,13205,1,Normal,31,4,4,4,0,37,37,0,0,50,0,1,1,0,6,0,0,3,3,0,0,280,0,13,13,3.25,0,1,1,5,3,,,0,-,floor1_town
861,13205,2,Normal,25,2,2,2,0,37,37,0,0,25,0,1,1,0,3,0,2,3,3,0,0,140,8,6,6,3,0,1,1,6,1,,,0,-,
861,13205,3,Normal,2,1,1,0,0,37,0,0,0,0,0,1,1,4,3,3,0,0,0,0,0,172,37,6,0,0,1,0,0,12,4,RH=Crude Sword|LH=Crude Sword|BD=Crude Armour|A1=Crude Bracelet|A2=Crude Bracelet,,0,-,party wiped
862,13206,1,Normal,29,4,4,4,0,37,37,0,0,65,0,1,1,1,10,4,0,3,3,0,0,364,0,21,21,5.25,0,1,1,5,4,,,0,-,floor1_town
862,13206,2,Normal,40,5,5,5,0,37,37,0,3,80,0,1,2,0,8,3,1,1,3,2,0,448,69,20,20,4,0,1,1,8,3,,Swords_T1_03=2,0,-,+1 levelup
862,13206,3,Normal,39,3,3,3,0,37,45,3,3,84,0,2,2,2,6,6,0,0,0,3,0,420,22,14,14,4.667,0,1,1,10,2,,Swords_T1_03=3,0,-,
862,13206,4,Normal,33,4,4,3,1,45,12,3,3,50,0,2,2,0,3,3,0,0,0,2,0,280,62,16,14,4.667,0,1,1,11,3,,Swords_T1_03=2,0,-,flee×1
862,13206,5,Normal,36,5,5,5,0,12,40,3,4,55,0,2,3,0,3,3,0,0,0,2,0,308,13,17,17,3.4,0,1,1,12,2,,Swords_T1_03=2,0,-,+1 levelup
862,13206,6,Normal,40,4,4,3,1,40,54,4,4,30,0,3,3,0,1,0,0,2,3,2,0,169,31,8,7,2.333,0,1,1,13,3,,Swords_T1_03=1|Swords_T1_04=1,0,-,flee×1
862,13206,7,Normal,40,4,4,4,0,54,47,4,4,60,0,3,3,0,2,3,0,3,3,4,0,336,45,19,19,4.75,0,1,1,14,2,,Swords_T1_03=2|Swords_T1_04=2,0,-,
862,13206,8,Normal,10,1,1,0,0,47,0,4,4,0,0,3,3,0,3,3,0,0,0,2,0,161,50,4,0,0,1,0,0,20,3,RH=Crude Sword|LH=Crude Sword|BD=Crude Armour|A1=Crude Bracelet|A2=Crude Bracelet,Swords_T1_03=2,0,-,party wiped
863,13207,1,Normal,27,3,3,3,0,37,37,0,0,25,0,1,1,0,1,0,2,3,3,0,0,140,0,6,6,2,0,1,1,4,1,,,0,-,floor1_town
863,13207,2,Normal,37,3,3,3,0,37,29,0,0,30,0,1,1,0,2,0,4,3,3,0,0,168,16,7,7,2.333,0,1,1,5,2,,,0,-,
863,13207,3,Normal,39,6,6,6,0,29,46,0,3,156,0,1,2,2,13,7,2,0,1,4,0,780,35,27,27,4.5,0,1,1,20,3,,Swords_T1_03=4,0,-,+1 levelup
863,13207,4,Normal,26,0,0,0,0,46,46,3,3,0,0,2,2,0,0,0,2,0,1,0,0,0,0,0,0,0,0,1,1,20,0,,,0,-,
863,13207,5,Normal,34,1,1,1,0,46,46,3,3,5,0,2,2,0,0,0,2,0,1,0,0,28,0,1,1,1,0,1,1,20,1,,,0,-,
863,13207,6,Normal,25,4,4,4,0,46,44,3,3,35,0,2,2,0,0,1,2,3,3,4,0,196,14,8,8,2,0,1,1,21,1,,Swords_T1_03=4,0,-,
863,13207,7,Normal,30,1,1,1,0,44,39,3,3,15,0,2,2,0,1,0,2,2,3,0,0,84,5,3,3,3,0,1,1,21,3,,,0,-,
863,13207,8,Normal,6,1,1,0,0,39,0,3,3,0,0,2,2,0,0,0,2,3,3,0,0,27,46,1,0,0,1,0,0,27,3,RH=Crude Sword|LH=Crude Sword|BD=Crude Armour|A1=Crude Bracelet|A2=Crude Bracelet,,0,-,party wiped
864,13208,1,Normal,25,2,2,2,0,37,37,0,0,30,0,1,1,0,4,2,1,3,3,0,0,168,0,7,7,3.5,0,1,1,3,4,,,0,-,floor1_town
864,13208,2,Normal,32,4,4,4,0,37,37,0,0,55,0,1,1,1,7,3,0,0,0,0,0,308,16,17,17,4.25,0,1,1,5,4,,,0,-,
864,13208,3,Normal,2,1,1,0,0,37,0,0,0,0,0,1,1,0,3,3,0,0,0,0,0,131,37,4,0,0,1,0,0,11,4,RH=Crude Sword|LH=Crude Sword|BD=Crude Armour|A1=Crude Bracelet|A2=Crude Bracelet,,0,-,party wiped
865,13209,1,Normal,39,3,3,3,0,37,37,0,0,40,0,1,1,0,6,0,2,3,3,0,0,224,0,10,10,3.333,0,1,1,4,3,,,0,-,floor1_town
865,13209,2,Normal,35,3,3,3,0,37,29,0,0,40,0,1,1,0,4,1,2,0,2,0,0,224,18,11,11,3.667,0,1,1,5,2,,,0,-,
865,13209,3,Normal,40,3,3,3,0,29,14,0,1,60,0,1,2,2,4,3,0,0,0,1,0,300,29,11,11,3.667,0,1,1,17,3,,Swords_T1_03=1,0,-,+1 levelup
865,13209,4,Normal,32,4,4,4,0,14,44,1,1,55,0,2,2,0,5,2,0,1,3,2,0,308,11,15,15,3.75,0,1,1,19,4,,Swords_T1_03=2,0,-,
865,13209,5,Normal,33,2,2,2,0,44,27,1,1,35,0,2,2,0,1,3,0,0,0,2,0,196,15,10,10,5,0,1,1,19,3,,Swords_T1_03=2,0,-,
865,13209,6,Normal,36,4,4,4,0,27,44,1,1,40,0,2,2,0,3,1,0,0,2,1,0,224,-1,10,10,2.5,0,1,1,20,4,,Swords_T1_03=1,0,-,
865,13209,7,Normal,26,3,3,3,0,44,44,1,1,20,0,2,2,0,0,0,0,0,2,0,0,112,0,5,5,1.667,0,1,1,20,1,,,0,-,
865,13209,8,Normal,11,1,1,0,0,44,0,1,1,0,0,2,2,0,1,0,0,2,3,0,0,33,44,1,0,0,1,0,0,26,4,RH=Crude Sword|LH=Crude Sword|BD=Crude Armour|A1=Crude Bracelet|A2=Crude Bracelet,,0,-,party wiped
866,13210,1,Normal,36,4,4,4,0,37,37,0,0,50,0,1,1,0,6,2,0,3,3,0,0,280,8,13,13,3.25,0,1,1,5,4,,,0,-,floor1_town
866,13210,2,Normal,30,3,3,3,0,37,37,0,0,45,0,1,1,0,4,3,2,0,0,0,0,252,16,12,12,4,0,1,1,7,4,,,0,-,
866,13210,3,Normal,32,3,3,3,0,37,43,0,2,60,0,1,2,2,4,3,0,2,3,1,0,300,14,10,10,3.333,0,1,1,14,1,,Swords_T1_03=1,0,-,+1 levelup
866,13210,4,Normal,32,5,5,5,0,43,31,2,2,75,0,2,2,0,8,5,0,0,1,4,0,420,43,23,23,4.6,0,1,1,16,4,,Swords_T1_03=4,0,-,
866,13210,5,Normal,40,5,5,5,0,31,51,2,5,70,0,2,3,0,3,3,0,3,3,3,0,392,37,16,16,3.2,0,1,1,19,2,,Swords_T1_03=3,0,-,+1 levelup
866,13210,6,Normal,36,4,4,4,0,51,51,5,5,50,0,3,3,0,3,2,0,0,1,3,0,280,12,13,13,3.25,0,1,1,19,2,,Swords_T1_03=2|Swords_T1_04=1,0,-,
866,13210,7,Normal,23,2,2,1,0,51,0,5,5,10,0,3,3,0,0,1,0,0,0,3,0,84,49,6,4,4,1,0,0,19,4,RH=Crude Sword|LH=Crude Sword|BD=Crude Armour|A1=Crude Bracelet|A2=Crude Bracelet,Swords_T1_03=1|Swords_T1_04=2,0,-,party wiped
867,13211,1,Normal,34,2,2,2,0,37,37,0,0,35,0,1,1,0,5,3,2,3,3,0,0,196,13,11,11,5.5,0,1,1,3,4,,,0,-,floor1_town
867,13211,2,Normal,35,4,4,4,0,37,45,0,3,70,0,1,2,0,8,2,2,0,3,0,0,392,16,18,18,4.5,0,1,1,5,4,,,0,-,+1 levelup
867,13211,3,Normal,5,1,1,0,0,45,0,3,3,0,0,2,2,2,0,3,0,0,0,0,0,98,45,3,0,0,1,0,0,5,4,RH=Crude Sword|LH=Crude Sword|BD=Crude Armour|A1=Crude Bracelet|A2=Crude Bracelet,,0,-,party wiped
868,13212,1,Normal,32,3,3,3,0,37,37,0,0,40,0,1,1,0,6,1,0,3,3,0,0,224,8,11,11,3.667,0,1,1,4,3,,,0,-,floor1_town
868,13212,2,Normal,26,1,1,1,0,37,29,0,0,15,0,1,1,0,1,0,2,2,3,0,0,84,8,3,3,3,0,1,1,4,3,,,0,-,
868,13212,3,Normal,7,2,2,1,0,29,0,0,0,12,0,1,1,2,4,3,0,0,0,0,0,176,37,7,2,2,1,0,0,16,4,RH=Crude Sword|LH=Crude Sword|BD=Crude Armour|A1=Crude Bracelet|A2=Crude Bracelet,,0,-,party wiped
869,13213,1,Normal,30,4,4,4,0,37,37,0,0,65,0,1,1,1,9,6,1,3,3,0,0,364,29,22,22,5.5,0,1,1,5,1,,,0,-,floor1_town
869,13213,2,Normal,29,3,3,3,0,37,44,0,3,35,0,1,2,0,3,0,2,0,3,0,0,196,0,8,8,2.667,0,1,1,5,3,,,0,-,+1 levelup
869,13213,3,Normal,21,3,3,1,1,44,0,3,3,36,0,2,2,3,3,6,0,0,0,1,0,335,85,11,6,6,1,0,0,6,4,RH=Crude Sword|LH=Crude Sword|BD=Crude Armour|A1=Crude Bracelet|A2=Crude Bracelet,Swords_T1_03=1,0,-,party wiped; flee×1
870,13214,1,Normal,28,1,1,1,0,37,37,0,0,10,0,1,1,0,0,0,0,3,3,0,0,56,8,2,2,2,0,1,1,2,2,,,0,-,floor1_town
870,13214,2,Normal,36,4,4,4,0,37,13,0,0,45,0,1,1,0,3,3,0,0,0,0,0,252,24,11,11,2.75,0,1,1,2,4,,,0,-,
870,13214,3,Normal,2,1,1,0,0,13,0,0,0,0,0,1,1,0,3,3,0,0,0,0,0,60,37,3,0,0,1,0,0,8,4,RH=Crude Sword|LH=Crude Sword|BD=Crude Armour|A1=Crude Bracelet|A2=Crude Bracelet,,0,-,party wiped
871,13215,1,Normal,26,4,4,4,0,37,37,0,0,55,0,1,1,0,7,5,1,3,3,0,0,308,8,16,16,4,0,1,1,5,2,,,0,-,floor1_town
871,13215,2,Normal,31,2,2,2,0,37,29,0,0,25,0,1,1,0,1,0,2,3,3,0,0,140,16,5,5,2.5,0,1,1,6,2,,,0,-,
871,13215,3,Normal,7,1,1,0,0,29,0,0,0,0,0,1,1,2,3,3,0,0,0,0,0,123,37,4,0,0,1,0,0,12,4,RH=Crude Sword|LH=Crude Sword|BD=Crude Armour|A1=Crude Bracelet|A2=Crude Bracelet,,0,-,party wiped
872,13216,1,Normal,40,5,5,5,0,37,37,0,0,75,0,1,1,0,12,2,0,3,3,0,0,420,8,21,21,4.2,0,1,1,6,4,,,0,-,floor1_town
872,13216,2,Normal,40,5,5,5,0,37,35,0,2,45,0,1,2,0,2,0,0,1,3,3,0,252,16,10,10,2,0,1,1,7,1,,Swords_T1_03=3,0,-,+1 levelup
872,13216,3,Normal,9,1,1,0,0,35,0,2,2,0,0,2,2,0,3,3,0,0,0,0,0,97,46,3,0,0,1,0,0,8,4,RH=Crude Sword|LH=Crude Sword|BD=Crude Armour|A1=Crude Bracelet|A2=Crude Bracelet,,0,-,party wiped
873,13217,1,Normal,38,2,2,2,0,37,37,0,0,35,0,1,1,0,6,1,1,3,3,0,0,196,0,10,10,5,0,1,1,3,4,,,0,-,floor1_town
873,13217,2,Normal,29,5,5,5,0,37,46,0,2,70,0,1,2,0,8,1,2,2,3,0,0,392,26,19,19,3.8,0,1,1,6,2,,,0,-,+1 levelup
873,13217,3,Normal,28,2,2,1,0,46,0,2,2,24,0,2,2,2,2,3,0,0,0,2,0,240,44,7,3,3,1,0,0,6,4,RH=Crude Sword|LH=Crude Sword|BD=Crude Armour|A1=Crude Bracelet|A2=Crude Bracelet,Swords_T1_03=2,0,-,party wiped
874,13218,1,Normal,36,5,5,5,0,37,37,0,0,50,0,1,1,0,3,1,2,3,3,0,0,280,16,11,11,2.2,0,1,1,6,1,,,0,-,floor1_town
874,13218,2,Normal,36,4,4,4,0,37,37,0,0,40,0,1,1,0,3,0,4,2,3,0,0,224,8,9,9,2.25,0,1,1,7,1,,,0,-,
874,13218,3,Normal,31,3,3,3,0,37,43,0,2,96,0,1,2,6,6,4,0,0,2,2,0,480,27,17,17,5.667,0,1,1,14,2,,Swords_T1_03=2,0,-,+1 levelup
874,13218,4,Normal,40,5,5,5,0,43,44,2,2,50,0,2,2,0,2,2,0,1,3,2,0,280,13,13,13,2.6,0,1,1,15,1,,Swords_T1_03=2,0,-,
874,13218,5,Normal,33,2,2,1,1,44,7,2,2,20,0,2,2,0,1,3,0,0,0,2,0,168,35,7,5,5,0,1,1,15,4,,Swords_T1_03=2,0,-,flee×1
874,13218,6,Normal,34,3,3,3,0,7,35,2,2,30,0,2,2,0,2,0,0,1,3,1,0,168,8,7,7,2.333,0,1,1,16,1,,Swords_T1_03=1,0,-,
874,13218,7,Normal,38,6,6,6,0,35,53,2,3,90,0,2,3,0,4,4,0,0,2,3,0,504,36,20,20,3.333,0,1,1,17,2,,Swords_T1_03=2|Swords_T1_04=1,0,-,+1 levelup
874,13218,8,Normal,4,1,1,0,0,53,0,3,3,0,0,3,3,0,3,0,0,0,3,3,0,111,53,6,0,0,1,0,0,23,1,RH=Crude Sword|LH=Crude Sword|BD=Crude Armour|A1=Crude Bracelet|A2=Crude Bracelet,Swords_T1_04=3,0,-,party wiped
875,13219,1,Normal,34,3,3,3,0,37,37,0,0,35,0,1,1,0,5,0,1,3,3,0,0,196,8,9,9,3,0,1,1,4,3,,,0,-,floor1_town
875,13219,2,Normal,29,3,3,3,0,37,37,0,0,15,0,1,1,0,0,0,2,3,3,0,0,84,6,4,4,1.333,0,1,1,5,1,,,0,-,
875,13219,3,Normal,40,4,4,3,1,37,4,0,3,84,0,1,2,2,7,6,0,0,0,0,0,457,70,16,15,5,0,1,1,23,3,,,0,-,+1 levelup; flee×1
875,13219,4,Normal,30,5,5,5,0,4,45,3,3,60,0,2,2,0,3,3,0,3,3,4,0,336,40,14,14,2.8,0,1,1,25,1,,Swords_T1_03=4,0,-,
875,13219,5,Normal,33,4,4,4,0,45,33,3,3,50,0,2,2,0,3,1,0,0,2,1,0,280,11,11,11,2.75,0,1,1,25,2,,Swords_T1_03=1,0,-,
875,13219,6,Normal,27,3,3,2,1,33,33,3,3,30,0,2,2,0,1,2,0,2,3,2,0,196,55,9,8,4,0,1,1,26,3,,Swords_T1_03=2,0,-,flee×1
875,13219,7,Normal,31,5,5,5,0,33,55,3,6,40,0,2,3,0,2,1,0,0,2,2,0,224,0,9,9,1.8,0,1,1,26,2,,Swords_T1_03=2,0,-,+1 levelup
875,13219,8,Normal,3,1,1,0,0,55,0,6,6,0,0,3,3,0,3,3,0,0,0,1,0,128,53,4,0,0,1,0,0,32,2,RH=Crude Sword|LH=Crude Sword|BD=Crude Armour|A1=Crude Bracelet|A2=Crude Bracelet,Swords_T1_03=1,0,-,party wiped
876,13220,1,Normal,32,2,2,2,0,37,37,0,0,40,0,1,1,0,6,4,2,3,3,0,0,224,8,11,11,5.5,0,1,1,3,4,,,0,-,floor1_town
876,13220,2,Normal,29,4,4,4,0,37,46,0,2,60,0,1,2,0,6,4,2,0,0,0,0,336,8,16,16,4,0,1,1,4,4,,,0,-,+1 levelup
876,13220,3,Normal,22,3,3,2,0,46,0,2,2,36,0,2,2,4,3,3,0,0,0,3,0,346,65,13,8,4,1,0,0,5,4,RH=Crude Sword|LH=Crude Sword|BD=Crude Armour|A1=Crude Bracelet|A2=Crude Bracelet,Swords_T1_03=3,0,-,party wiped
877,13221,1,Normal,30,3,3,3,0,37,37,0,0,55,0,1,1,0,9,6,0,3,3,0,0,308,21,16,16,5.333,0,1,1,4,4,,,0,-,floor1_town
877,13221,2,Normal,25,3,3,2,1,37,8,0,0,25,0,1,1,0,3,3,0,0,0,0,0,168,37,10,9,4.5,0,1,1,5,4,,,0,-,flee×1
877,13221,3,Normal,19,3,3,2,0,8,0,0,2,24,0,1,2,0,4,3,0,0,0,1,0,292,44,9,5,2.5,1,0,0,17,4,RH=Crude Sword|LH=Crude Sword|BD=Crude Armour|A1=Crude Bracelet|A2=Crude Bracelet,Swords_T1_03=1,0,-,party wiped; +1 levelup
878,13222,1,Normal,28,5,5,5,0,37,37,0,0,40,0,1,1,0,1,0,2,3,3,0,0,224,22,10,10,2,0,1,1,6,1,,,0,-,floor1_town
878,13222,2,Normal,32,4,4,4,0,37,45,0,2,60,0,1,2,0,6,3,2,0,2,0,0,336,16,16,16,4,0,1,1,8,2,,,0,-,+1 levelup
878,13222,3,Normal,15,2,2,1,0,45,0,2,2,12,0,2,2,0,0,2,2,0,0,2,0,120,43,4,2,2,1,0,0,8,3,RH=Crude Sword|LH=Crude Sword|BD=Crude Armour|A1=Crude Bracelet|A2=Crude Bracelet,Swords_T1_03=2,0,-,party wiped
879,13223,1,Normal,26,3,3,3,0,37,37,0,0,40,0,1,1,0,3,1,0,3,3,0,0,224,16,11,11,3.667,0,1,1,4,4,,,0,-,floor1_town
879,13223,2,Normal,6,2,2,1,0,37,0,0,0,15,0,1,1,1,3,3,0,0,0,0,0,140,37,10,5,5,1,0,0,4,4,RH=Crude Sword|LH=Crude Sword|BD=Crude Armour|A1=Crude Bracelet|A2=Crude Bracelet,,0,-,party wiped
880,13224,1,Normal,40,4,4,4,0,37,37,0,0,45,0,1,1,0,4,1,1,3,3,0,0,252,16,11,11,2.75,0,1,1,5,1,,,0,-,floor1_town
880,13224,2,Normal,35,4,4,4,0,37,44,0,1,60,0,1,2,1,6,4,0,0,2,0,0,336,8,17,17,4.25,0,1,1,6,4,,,0,-,+1 levelup
880,13224,3,Normal,2,1,1,0,0,44,0,1,1,0,0,2,2,2,0,2,0,0,0,1,0,88,43,3,0,0,1,0,0,6,4,RH=Crude Sword|LH=Crude Sword|BD=Crude Armour|A1=Crude Bracelet|A2=Crude Bracelet,Swords_T1_03=1,0,-,party wiped
881,13225,1,Normal,38,6,6,6,0,37,37,0,0,60,0,1,1,0,5,0,0,3,3,0,0,336,32,15,15,2.5,0,1,1,7,1,,,0,-,floor1_town
881,13225,2,Normal,28,4,4,4,0,37,35,0,2,50,0,1,2,0,6,2,2,0,2,1,0,280,16,14,14,3.5,0,1,1,8,2,,Swords_T1_03=1,0,-,+1 levelup
881,13225,3,Normal,5,2,2,1,0,35,0,2,2,12,0,2,2,4,3,3,0,0,0,1,0,268,43,10,2,2,1,0,0,9,4,RH=Crude Sword|LH=Crude Sword|BD=Crude Armour|A1=Crude Bracelet|A2=Crude Bracelet,Swords_T1_03=1,0,-,party wiped
882,13226,1,Normal,36,3,3,3,0,37,37,0,0,40,0,1,1,0,4,0,1,3,3,0,0,224,8,10,10,3.333,0,1,1,4,4,,,0,-,floor1_town
882,13226,2,Normal,29,2,2,2,0,37,29,0,0,30,0,1,1,0,3,0,1,3,3,0,0,168,16,7,7,3.5,0,1,1,5,2,,,0,-,
882,13226,3,Normal,4,1,1,0,0,29,0,0,0,0,0,1,1,2,3,3,0,0,0,0,0,148,37,5,0,0,1,0,0,11,4,RH=Crude Sword|LH=Crude Sword|BD=Crude Armour|A1=Crude Bracelet|A2=Crude Bracelet,,0,-,party wiped
883,13227,1,Normal,34,3,3,3,0,37,37,0,0,45,0,1,1,0,4,0,0,3,3,0,0,252,22,11,11,3.667,0,1,1,4,4,,,0,-,floor1_town
883,13227,2,Normal,26,2,2,2,0,37,23,0,0,30,0,1,1,1,3,3,0,0,0,0,0,168,14,11,11,5.5,0,1,1,4,3,,,0,-,
883,13227,3,Normal,26,0,0,0,0,23,23,0,0,0,0,1,1,0,0,0,2,0,0,0,0,0,0,0,0,0,0,1,1,4,0,,,0,-,
883,13227,4,Normal,25,2,2,2,0,23,29,0,0,20,0,1,1,0,1,0,2,2,3,0,0,112,8,5,5,2.5,0,1,1,5,3,,,0,-,
883,13227,5,Normal,31,4,4,4,0,29,38,0,3,50,0,1,2,0,3,3,2,0,0,1,0,280,13,14,14,3.5,0,1,1,6,3,,Swords_T1_03=1,0,-,+1 levelup
883,13227,6,Normal,30,2,2,2,0,38,36,3,3,35,0,2,2,2,1,0,0,2,3,3,0,196,63,14,14,7,0,1,1,7,3,,Swords_T1_03=3,0,-,
883,13227,7,Normal,27,3,3,3,0,36,43,3,3,40,0,2,2,0,2,3,0,0,0,3,0,224,-10,11,11,3.667,0,1,1,7,2,,Swords_T1_03=3,0,-,
883,13227,8,Normal,4,1,1,0,0,43,0,3,3,0,0,2,2,0,3,0,0,0,3,1,0,50,43,1,0,0,1,0,0,13,4,RH=Crude Sword|LH=Crude Sword|BD=Crude Armour|A1=Crude Bracelet|A2=Crude Bracelet,Swords_T1_03=1,0,-,party wiped
884,13228,1,Normal,32,2,2,2,0,37,37,0,0,35,0,1,1,0,4,3,1,3,3,0,0,196,8,11,11,5.5,0,1,1,3,3,,,0,-,floor1_town
884,13228,2,Normal,29,4,4,4,0,37,37,0,0,55,0,1,1,0,5,2,3,1,3,0,0,308,16,14,14,3.5,0,1,1,5,3,,,0,-,
884,13228,3,Normal,27,3,3,3,0,37,45,0,2,84,0,1,2,4,6,3,1,0,3,2,0,420,13,13,13,4.333,0,1,1,12,2,,Swords_T1_03=2,0,-,+1 levelup
884,13228,4,Normal,40,6,6,6,0,45,38,2,2,70,0,2,2,0,0,3,1,3,3,5,0,392,20,17,17,2.833,0,1,1,13,3,,Swords_T1_03=5,0,-,
884,13228,5,Normal,25,3,3,2,1,38,46,2,2,35,0,2,2,1,5,3,0,1,3,4,0,252,23,14,12,6,0,1,1,14,3,,Swords_T1_03=4,0,-,flee×1
884,13228,6,Normal,27,4,4,3,1,46,46,2,3,45,0,2,3,0,4,4,0,0,2,3,0,308,44,18,14,4.667,0,1,1,15,4,,Swords_T1_03=2|Swords_T1_04=1,0,-,+1 levelup; flee×1
884,13228,7,Normal,33,2,2,1,1,46,41,3,3,15,0,3,3,0,3,2,0,0,3,3,0,140,40,10,6,6,0,1,1,16,3,,Swords_T1_03=2|Swords_T1_04=1,0,-,flee×1
884,13228,8,Normal,3,1,1,0,0,41,0,3,3,0,0,3,3,0,3,3,0,0,0,0,0,70,54,2,0,0,1,0,0,22,4,RH=Crude Sword|LH=Crude Sword|BD=Crude Armour|A1=Crude Bracelet|A2=Crude Bracelet,,0,-,party wiped
885,13229,1,Normal,30,3,3,3,0,37,37,0,0,45,0,1,1,0,5,0,2,3,3,0,0,252,8,11,11,3.667,0,1,1,4,3,,,0,-,floor1_town
885,13229,2,Normal,25,2,2,2,0,37,37,0,0,25,0,1,1,0,3,2,4,0,1,0,0,140,0,7,7,3.5,0,1,1,4,4,,,0,-,
885,13229,3,Normal,29,2,2,2,0,37,9,0,1,72,0,1,2,5,3,3,0,0,0,1,0,360,63,12,12,6,0,1,1,10,2,,Swords_T1_03=1,0,-,+1 levelup
885,13229,4,Normal,34,3,3,3,0,9,45,1,1,50,0,2,2,0,6,3,0,0,1,3,0,280,10,15,15,5,0,1,1,12,4,,Swords_T1_03=3,0,-,
885,13229,5,Normal,33,2,2,2,0,45,45,1,1,15,0,2,2,0,0,1,0,0,0,2,0,84,-2,3,3,1.5,0,1,1,12,2,,Swords_T1_03=2,0,-,
885,13229,6,Normal,16,1,1,0,0,45,0,1,1,0,0,2,2,0,0,0,0,0,0,1,0,49,44,3,0,0,1,0,0,12,3,RH=Crude Sword|LH=Crude Sword|BD=Crude Armour|A1=Crude Bracelet|A2=Crude Bracelet,Swords_T1_03=1,0,-,party wiped
886,13230,1,Normal,28,3,3,3,0,37,37,0,0,40,0,1,1,0,4,0,1,3,3,0,0,224,16,10,10,3.333,0,1,1,4,2,,,0,-,floor1_town
886,13230,2,Normal,28,3,3,3,0,37,37,0,0,55,0,1,1,0,6,3,3,0,1,0,0,308,8,16,16,5.333,0,1,1,5,3,,,0,-,
886,13230,3,Normal,5,1,1,0,0,37,0,0,0,0,0,1,1,0,3,3,4,0,0,0,0,63,37,2,0,0,1,0,0,11,4,RH=Crude Sword|LH=Crude Sword|BD=Crude Armour|A1=Crude Bracelet|A2=Crude Bracelet,,0,-,party wiped
887,13231,1,Normal,26,3,3,3,0,37,37,0,0,20,0,1,1,0,2,0,2,3,3,0,0,112,0,5,5,1.667,0,1,1,4,1,,,0,-,floor1_town
887,13231,2,Normal,32,3,3,3,0,37,37,0,0,30,0,1,1,0,3,0,2,0,3,0,0,168,0,8,8,2.667,0,1,1,4,2,,,0,-,
887,13231,3,Normal,1,1,1,0,0,37,0,0,0,0,0,1,1,2,3,3,0,0,0,0,0,176,37,6,0,0,1,0,0,10,3,RH=Crude Sword|LH=Crude Sword|BD=Crude Armour|A1=Crude Bracelet|A2=Crude Bracelet,,0,-,party wiped
888,13232,1,Normal,40,5,5,5,0,37,37,0,0,70,0,1,1,0,6,2,0,3,3,0,0,392,24,17,17,3.4,0,1,1,6,4,,,0,-,floor1_town
888,13232,2,Normal,34,4,4,4,0,37,46,0,3,50,0,1,2,0,5,2,0,1,3,0,0,280,8,15,15,3.75,0,1,1,7,3,,,0,-,+1 levelup
888,13232,3,Normal,19,3,3,1,1,46,0,3,3,24,0,2,2,0,4,6,0,0,0,2,0,270,83,10,4,4,1,0,0,8,4,RH=Crude Sword|LH=Crude Sword|BD=Crude Armour|A1=Crude Bracelet|A2=Crude Bracelet,Swords_T1_03=2,0,-,party wiped; flee×1
889,13233,1,Normal,38,4,4,4,0,37,37,0,0,30,0,1,1,0,2,0,2,3,3,0,0,168,6,8,8,2,0,1,1,5,1,,,0,-,floor1_town
889,13233,2,Normal,32,4,4,4,0,37,37,0,0,55,0,1,1,0,6,4,3,0,0,0,0,308,16,15,15,3.75,0,1,1,7,4,,,0,-,
889,13233,3,Normal,11,3,3,2,0,37,0,0,1,48,0,1,2,3,3,3,0,0,0,2,0,397,42,14,7,3.5,1,0,0,13,3,RH=Crude Sword|LH=Crude Sword|BD=Crude Armour|A1=Crude Bracelet|A2=Crude Bracelet,Swords_T1_03=2,0,-,party wiped; +1 levelup
890,13234,1,Normal,36,5,5,5,0,37,37,0,0,65,0,1,1,0,7,5,0,3,3,0,0,364,16,18,18,3.6,0,1,1,6,1,,,0,-,floor1_town
890,13234,2,Normal,38,4,4,4,0,37,24,0,1,50,0,1,2,0,3,3,1,0,0,0,0,280,31,16,16,4,0,1,1,6,3,,,0,-,+1 levelup
890,13234,3,Normal,27,3,3,2,0,24,0,1,1,24,0,2,2,2,4,3,0,0,0,1,0,296,56,13,6,3,1,0,0,8,3,RH=Crude Sword|LH=Crude Sword|BD=Crude Armour|A1=Crude Bracelet|A2=Crude Bracelet,Swords_T1_03=1,0,-,party wiped
891,13235,1,Normal,34,3,3,3,0,37,37,0,0,25,0,1,1,0,0,0,1,3,3,0,0,140,16,5,5,1.667,0,1,1,4,2,,,0,-,floor1_town
891,13235,2,Normal,38,3,3,3,0,37,37,0,0,30,0,1,1,0,2,0,1,1,3,0,0,168,0,8,8,2.667,0,1,1,4,2,,,0,-,
891,13235,3,Normal,28,2,2,2,0,37,44,0,1,72,0,1,2,1,6,6,0,0,0,0,0,360,36,14,14,7,0,1,1,16,3,,,0,-,+1 levelup
891,13235,4,Normal,2,1,1,0,0,44,0,1,1,0,0,2,2,0,0,0,0,0,0,1,0,83,43,4,0,0,1,0,0,16,3,RH=Crude Sword|LH=Crude Sword|BD=Crude Armour|A1=Crude Bracelet|A2=Crude Bracelet,Swords_T1_03=1,0,-,party wiped
892,13236,1,Normal,32,3,3,3,0,37,37,0,0,40,0,1,1,0,4,1,0,3,3,0,0,224,18,10,10,3.333,0,1,1,4,4,,,0,-,floor1_town
892,13236,2,Normal,39,4,4,4,0,37,29,0,0,55,0,1,1,0,4,3,0,2,3,0,0,308,32,15,15,3.75,0,1,1,7,3,,,0,-,
892,13236,3,Normal,6,1,1,0,0,29,0,0,0,0,0,1,1,0,3,3,2,0,0,0,0,113,37,3,0,0,1,0,0,13,4,RH=Crude Sword|LH=Crude Sword|BD=Crude Armour|A1=Crude Bracelet|A2=Crude Bracelet,,0,-,party wiped
893,13237,1,Normal,30,2,2,2,0,37,37,0,0,30,0,1,1,0,5,1,1,3,3,0,0,168,0,10,10,5,0,1,1,3,3,,,0,-,floor1_town
893,13237,2,Normal,31,2,2,2,0,37,29,0,0,25,0,1,1,1,3,3,0,0,0,0,0,140,8,10,10,5,0,1,1,3,4,,,0,-,
893,13237,3,Normal,34,3,3,2,0,29,0,0,2,60,0,1,2,2,6,6,0,0,0,1,0,438,71,15,11,5.5,1,0,0,15,3,RH=Crude Sword|LH=Crude Sword|BD=Crude Armour|A1=Crude Bracelet|A2=Crude Bracelet,Swords_T1_03=1,0,-,party wiped; +1 levelup
894,13238,1,Normal,28,3,3,3,0,37,37,0,0,45,0,1,1,0,6,3,2,3,3,0,0,252,8,13,13,4.333,0,1,1,4,2,,,0,-,floor1_town
894,13238,2,Normal,30,3,3,3,0,37,37,0,0,45,0,1,1,2,3,3,0,0,0,0,0,252,0,13,13,4.333,0,1,1,4,4,,,0,-,
894,13238,3,Normal,1,1,1,0,0,37,0,0,0,0,0,1,1,1,3,3,0,0,0,0,0,98,37,3,0,0,1,0,0,10,4,RH=Crude Sword|LH=Crude Sword|BD=Crude Armour|A1=Crude Bracelet|A2=Crude Bracelet,,0,-,party wiped
895,13239,1,Normal,26,4,4,4,0,37,37,0,0,75,0,1,1,0,9,2,1,3,3,0,0,420,24,21,21,5.25,0,1,1,5,4,,,0,-,floor1_town
895,13239,2,Normal,31,5,5,5,0,37,36,0,1,45,0,1,2,0,3,0,3,2,3,1,0,252,24,12,12,2.4,0,1,1,6,2,,Swords_T1_03=1,0,-,+1 levelup
895,13239,3,Normal,32,3,3,3,0,36,7,1,1,84,0,2,2,5,3,3,0,0,0,2,0,420,36,14,14,4.667,0,1,1,7,3,,Swords_T1_03=2,0,-,
895,13239,4,Normal,14,3,3,2,0,7,0,1,1,20,0,2,2,0,3,3,0,0,0,3,0,196,42,12,6,3,1,0,0,8,4,RH=Crude Sword|LH=Crude Sword|BD=Crude Armour|A1=Crude Bracelet|A2=Crude Bracelet,Swords_T1_03=3,0,-,party wiped
896,13240,1,Normal,40,5,5,5,0,37,37,0,0,40,0,1,1,0,1,0,2,3,3,0,0,224,8,8,8,1.6,0,1,1,6,1,,,0,-,floor1_town
896,13240,2,Normal,40,7,7,7,0,37,44,0,2,75,0,1,2,0,6,0,4,0,3,1,0,420,15,20,20,2.857,0,1,1,7,3,,Swords_T1_03=1,0,-,+1 levelup
896,13240,3,Normal,7,2,2,1,0,44,0,2,2,36,0,2,2,4,3,6,0,0,0,2,0,386,63,12,5,5,1,0,0,8,4,RH=Crude Sword|LH=Crude Sword|BD=Crude Armour|A1=Crude Bracelet|A2=Crude Bracelet,Swords_T1_03=2,0,-,party wiped
897,13241,1,Normal,38,4,4,4,0,37,37,0,0,65,0,1,1,0,7,3,0,3,3,0,0,364,53,18,18,4.5,0,1,1,5,2,,,0,-,floor1_town
897,13241,2,Normal,34,3,3,3,0,37,29,0,0,25,0,1,1,0,1,0,1,3,3,0,0,140,16,8,8,2.667,0,1,1,6,1,,,0,-,
897,13241,3,Normal,26,4,4,3,0,29,0,0,1,84,0,1,2,2,6,6,0,0,0,2,0,476,47,15,14,4.667,1,0,0,13,4,RH=Crude Sword|LH=Crude Sword|BD=Crude Armour|A1=Crude Bracelet|A2=Crude Bracelet,Swords_T1_03=2,0,-,party wiped; +1 levelup
898,13242,1,Normal,36,4,4,4,0,37,37,0,0,60,0,1,1,0,8,0,2,3,3,0,0,336,24,16,16,4,0,1,1,5,4,,,0,-,floor1_town
898,13242,2,Normal,30,6,6,6,0,37,46,0,1,85,0,1,2,2,3,3,2,3,3,2,0,476,22,20,20,3.333,0,1,1,6,1,,Swords_T1_03=2,0,-,+1 levelup
898,13242,3,Normal,7,2,2,1,0,46,0,1,1,24,0,2,2,2,3,3,0,0,0,0,0,180,46,7,4,4,1,0,0,6,4,RH=Crude Sword|LH=Crude Sword|BD=Crude Armour|A1=Crude Bracelet|A2=Crude Bracelet,,0,-,party wiped
899,13243,1,Normal,34,4,4,4,0,37,37,0,0,50,0,1,1,0,7,0,0,3,3,0,0,280,16,14,14,3.5,0,1,1,5,2,,,0,-,floor1_town
899,13243,2,Normal,31,5,5,5,0,37,45,0,1,55,0,1,2,1,3,3,0,0,0,0,0,308,0,13,13,2.6,0,1,1,5,3,,,0,-,+1 levelup
899,13243,3,Normal,3,1,1,0,0,45,0,1,1,0,0,2,2,0,0,0,0,0,0,1,0,95,44,3,0,0,1,0,0,5,2,RH=Crude Sword|LH=Crude Sword|BD=Crude Armour|A1=Crude Bracelet|A2=Crude Bracelet,Swords_T1_03=1,0,-,party wiped
900,13244,1,Normal,32,3,3,3,0,37,37,0,0,35,0,1,1,1,3,0,1,3,3,0,0,196,16,9,9,3,0,1,1,4,3,,,0,-,floor1_town
900,13244,2,Normal,37,2,2,2,0,37,29,0,0,30,0,1,1,0,3,3,1,0,0,0,0,168,16,8,8,4,0,1,1,5,4,,,0,-,
900,13244,3,Normal,3,1,1,0,0,29,0,0,0,0,0,1,1,1,3,3,0,0,0,0,0,138,37,5,0,0,1,0,0,11,3,RH=Crude Sword|LH=Crude Sword|BD=Crude Armour|A1=Crude Bracelet|A2=Crude Bracelet,,0,-,party wiped
901,13245,1,Normal,30,5,5,5,0,37,37,0,0,55,0,1,1,0,5,2,0,3,3,0,0,308,8,14,14,2.8,0,1,1,6,3,,,0,-,floor1_town
901,13245,2,Normal,32,4,4,4,0,37,45,0,3,55,0,1,2,0,6,4,1,0,2,0,0,308,24,18,18,4.5,0,1,1,7,3,,,0,-,+1 levelup
901,13245,3,Normal,30,3,3,2,0,45,0,3,3,60,0,2,2,3,3,5,0,0,0,3,0,450,64,14,8,4,1,0,0,8,3,RH=Crude Sword|LH=Crude Sword|BD=Crude Armour|A1=Crude Bracelet|A2=Crude Bracelet,Swords_T1_03=3,0,-,party wiped
902,13246,1,Normal,28,2,2,2,0,37,37,0,0,20,0,1,1,0,0,0,1,3,3,0,0,112,16,4,4,2,0,1,1,3,2,,,0,-,floor1_town
902,13246,2,Normal,28,3,3,3,0,37,21,0,0,45,0,1,1,0,3,3,1,0,0,0,0,252,16,12,12,4,0,1,1,3,4,,,0,-,
902,13246,3,Normal,30,2,2,2,0,21,45,0,1,60,0,1,2,3,6,4,0,0,0,0,0,300,1,11,11,5.5,0,1,1,15,3,,,0,-,+1 levelup
902,13246,4,Normal,27,4,4,3,1,45,45,1,1,35,0,2,2,0,3,1,0,0,2,1,0,252,36,10,8,2.667,0,1,1,16,4,,Swords_T1_03=1,0,-,flee×1
902,13246,5,Normal,27,4,4,4,0,45,44,1,1,40,0,2,2,0,0,2,0,0,0,3,0,224,-2,8,8,2,0,1,1,16,1,,Swords_T1_03=3,0,-,
902,13246,6,Normal,36,3,3,3,0,44,35,1,1,20,0,2,2,0,0,0,0,0,0,1,0,112,8,4,4,1.333,0,1,1,16,2,,Swords_T1_03=1,0,-,
902,13246,7,Normal,38,5,5,4,1,35,45,1,1,55,0,2,2,0,3,3,0,3,3,3,0,336,47,15,14,3.5,0,1,1,18,1,,Swords_T1_03=3,0,-,flee×1
902,13246,8,Normal,5,1,1,0,0,45,0,1,1,0,0,2,2,0,0,0,0,3,3,0,0,30,45,1,0,0,1,0,0,24,2,RH=Crude Sword|LH=Crude Sword|BD=Crude Armour|A1=Crude Bracelet|A2=Crude Bracelet,,0,-,party wiped
903,13247,1,Normal,26,2,2,2,0,37,37,0,0,25,0,1,1,0,3,3,0,3,3,0,0,140,8,8,8,4,0,1,1,3,1,,,0,-,floor1_town
903,13247,2,Normal,28,2,2,2,0,37,37,0,0,25,0,1,1,0,3,0,0,0,3,0,0,140,0,6,6,3,0,1,1,3,3,,,0,-,
903,13247,3,Normal,1,1,1,0,0,37,0,0,0,0,0,1,1,1,3,3,0,0,0,0,0,35,37,3,0,0,1,0,0,9,4,RH=Crude Sword|LH=Crude Sword|BD=Crude Armour|A1=Crude Bracelet|A2=Crude Bracelet,,0,-,party wiped
904,13248,1,Normal,40,5,5,5,0,37,37,0,0,50,0,1,1,0,4,0,1,3,3,0,0,280,16,11,11,2.2,0,1,1,6,1,,,0,-,floor1_town
904,13248,2,Normal,28,2,2,1,0,37,0,0,0,20,0,1,1,1,3,3,0,0,0,0,0,190,37,8,5,5,1,0,0,6,4,RH=Crude Sword|LH=Crude Sword|BD=Crude Armour|A1=Crude Bracelet|A2=Crude Bracelet,,0,-,party wiped
905,13249,1,Normal,38,2,2,2,0,37,37,0,0,35,0,1,1,0,4,3,2,3,3,0,0,196,8,10,10,5,0,1,1,3,3,,,0,-,floor1_town
905,13249,2,Normal,29,2,2,2,0,37,31,0,0,15,0,1,1,0,0,0,2,3,3,0,0,84,6,4,4,2,0,1,1,3,1,,,0,-,
905,13249,3,Normal,5,1,1,0,0,31,0,0,0,0,0,1,1,4,3,3,0,0,0,0,0,140,37,5,0,0,1,0,0,9,4,RH=Crude Sword|LH=Crude Sword|BD=Crude Armour|A1=Crude Bracelet|A2=Crude Bracelet,,0,-,party wiped
906,13250,1,Normal,36,3,3,3,0,37,37,0,0,45,0,1,1,0,6,3,1,3,3,0,0,252,8,13,13,4.333,0,1,1,4,4,,,0,-,floor1_town
906,13250,2,Normal,29,4,4,4,0,37,29,0,0,45,0,1,1,0,3,1,2,0,2,0,0,252,8,10,10,2.5,0,1,1,4,2,,,0,-,
906,13250,3,Normal,22,1,1,0,0,29,0,0,0,0,0,1,1,2,3,3,0,0,0,0,0,113,37,4,0,0,1,0,0,10,4,RH=Crude Sword|LH=Crude Sword|BD=Crude Armour|A1=Crude Bracelet|A2=Crude Bracelet,,0,-,party wiped
907,13251,1,Normal,34,4,4,4,0,37,37,0,0,60,0,1,1,1,7,3,1,3,3,0,0,336,29,17,17,4.25,0,1,1,5,3,,,0,-,floor1_town
907,13251,2,Normal,25,3,3,3,0,37,45,0,3,45,0,1,2,0,3,2,3,0,1,0,0,252,8,10,10,3.333,0,1,1,5,3,,,0,-,+1 levelup
907,13251,3,Normal,22,3,3,2,0,45,0,3,3,48,0,2,2,5,3,4,0,0,0,3,0,444,59,14,8,4,1,0,0,6,4,RH=Crude Sword|LH=Crude Sword|BD=Crude Armour|A1=Crude Bracelet|A2=Crude Bracelet,Swords_T1_03=3,0,-,party wiped
908,13252,1,Normal,32,3,3,3,0,37,37,0,0,35,0,1,1,0,2,0,0,3,3,0,0,196,8,8,8,2.667,0,1,1,4,2,,,0,-,floor1_town
908,13252,2,Normal,9,1,1,0,0,37,0,0,0,0,0,1,1,0,3,3,0,0,0,0,0,56,37,5,0,0,1,0,0,4,4,RH=Crude Sword|LH=Crude Sword|BD=Crude Armour|A1=Crude Bracelet|A2=Crude Bracelet,,0,-,party wiped
909,13253,1,Normal,30,2,2,2,0,37,37,0,0,10,0,1,1,0,0,0,2,3,3,0,0,56,0,2,2,1,0,1,1,3,1,,,0,-,floor1_town
909,13253,2,Normal,25,2,2,2,0,37,29,0,0,35,0,1,1,0,3,1,3,0,2,0,0,196,8,7,7,3.5,0,1,1,3,4,,,0,-,
909,13253,3,Normal,11,1,1,0,0,29,0,0,0,0,0,1,1,4,3,3,1,0,0,0,0,143,37,5,0,0,1,0,0,9,4,RH=Crude Sword|LH=Crude Sword|BD=Crude Armour|A1=Crude Bracelet|A2=Crude Bracelet,,0,-,party wiped
910,13254,1,Normal,28,3,3,3,0,37,37,0,0,20,0,1,1,0,1,0,0,3,3,0,0,112,0,5,5,1.667,0,1,1,4,1,,,0,-,floor1_town
910,13254,2,Normal,28,4,4,3,1,37,3,0,0,35,0,1,1,0,5,3,0,0,0,0,0,252,42,13,8,2.667,0,1,1,5,4,,,0,-,flee×1
910,13254,3,Normal,6,2,2,1,0,3,0,0,0,12,0,1,1,2,4,3,0,0,0,0,0,173,37,6,2,2,1,0,0,17,4,RH=Crude Sword|LH=Crude Sword|BD=Crude Armour|A1=Crude Bracelet|A2=Crude Bracelet,,0,-,party wiped
911,13255,1,Normal,26,4,4,4,0,37,37,0,0,60,0,1,1,0,5,2,1,3,3,0,0,336,16,15,15,3.75,0,1,1,5,3,,,0,-,floor1_town
911,13255,2,Normal,37,4,4,4,0,37,37,0,0,30,0,1,1,0,1,0,1,3,3,0,0,168,6,7,7,1.75,0,1,1,6,1,,,0,-,
911,13255,3,Normal,9,2,2,1,0,37,0,0,2,24,0,1,2,2,3,3,0,0,0,1,0,217,45,8,5,5,1,0,0,12,4,RH=Crude Sword|LH=Crude Sword|BD=Crude Armour|A1=Crude Bracelet|A2=Crude Bracelet,Swords_T1_03=1,0,-,party wiped; +1 levelup
912,13256,1,Normal,40,4,4,4,0,37,37,0,0,55,0,1,1,0,8,3,0,3,3,0,0,308,21,18,18,4.5,0,1,1,5,3,,,0,-,floor1_town
912,13256,2,Normal,31,3,3,3,0,37,45,0,1,55,0,1,2,1,8,4,0,0,2,0,0,308,41,19,19,6.333,0,1,1,7,4,,,0,-,+1 levelup
912,13256,3,Normal,31,1,1,1,0,45,45,1,1,24,0,2,2,0,0,2,0,0,0,1,0,120,-1,3,3,3,0,1,1,7,2,,Swords_T1_03=1,0,-,
912,13256,4,Normal,18,3,3,2,0,45,0,1,1,10,0,2,2,0,0,0,0,0,0,0,0,84,45,5,3,1.5,1,0,0,7,4,RH=Crude Sword|LH=Crude Sword|BD=Crude Armour|A1=Crude Bracelet|A2=Crude Bracelet,,0,-,party wiped
913,13257,1,Normal,38,2,2,2,0,37,37,0,0,20,0,1,1,0,3,0,1,3,3,0,0,112,8,6,6,3,0,1,1,3,1,,,0,-,floor1_town
913,13257,2,Normal,36,5,5,5,0,37,37,0,0,70,0,1,1,0,8,2,1,2,3,0,0,392,32,17,17,3.4,0,1,1,7,2,,,0,-,
913,13257,3,Normal,5,1,1,0,0,37,0,0,0,0,0,1,1,0,3,3,1,0,0,0,0,87,37,2,0,0,1,0,0,13,4,RH=Crude Sword|LH=Crude Sword|BD=Crude Armour|A1=Crude Bracelet|A2=Crude Bracelet,,0,-,party wiped
914,13258,1,Normal,36,4,4,4,0,37,37,0,0,50,0,1,1,0,5,1,0,3,3,0,0,280,0,12,12,3,0,1,1,5,4,,,0,-,floor1_town
914,13258,2,Normal,25,3,3,3,0,37,37,0,0,20,0,1,1,0,1,0,0,2,3,0,0,112,0,5,5,1.667,0,1,1,5,1,,,0,-,
914,13258,3,Normal,15,1,1,0,0,37,0,0,0,0,0,1,1,0,3,3,0,0,0,0,0,78,37,3,0,0,1,0,0,11,4,RH=Crude Sword|LH=Crude Sword|BD=Crude Armour|A1=Crude Bracelet|A2=Crude Bracelet,,0,-,party wiped
915,13259,1,Normal,34,2,2,2,0,37,37,0,0,25,0,1,1,0,3,3,1,3,3,0,0,140,16,8,8,4,0,1,1,3,4,,,0,-,floor1_town
915,13259,2,Normal,38,5,5,5,0,37,29,0,0,60,0,1,1,0,4,2,3,2,3,0,0,336,16,16,16,3.2,0,1,1,4,2,,,0,-,
915,13259,3,Normal,28,3,3,3,0,29,45,0,1,84,0,1,2,2,6,6,1,0,0,2,0,420,23,15,15,5,0,1,1,11,3,,Swords_T1_03=2,0,-,+1 levelup
915,13259,4,Normal,34,5,5,5,0,45,38,1,1,65,0,2,2,1,3,0,0,0,3,3,0,364,29,15,15,3,0,1,1,12,4,,Swords_T1_03=3,0,-,
915,13259,5,Normal,29,3,3,2,1,38,45,1,1,35,0,2,2,0,3,5,0,0,1,3,0,280,27,12,9,4.5,0,1,1,13,4,,Swords_T1_03=3,0,-,flee×1
915,13259,6,Normal,26,3,3,3,0,45,55,1,4,45,0,2,3,0,2,1,0,1,3,2,0,252,18,11,11,3.667,0,1,1,14,4,,Swords_T1_03=2,0,-,+1 levelup
915,13259,7,Normal,35,1,1,1,0,55,55,4,4,15,0,3,3,0,1,1,0,0,2,2,0,84,-2,4,4,4,0,1,1,14,3,,Swords_T1_03=1|Swords_T1_04=1,0,-,
915,13259,8,Normal,6,1,1,0,0,55,0,4,4,0,0,3,3,0,1,0,0,2,3,1,0,71,53,2,0,0,1,0,0,20,1,RH=Crude Sword|LH=Crude Sword|BD=Crude Armour|A1=Crude Bracelet|A2=Crude Bracelet,Swords_T1_03=1,0,-,party wiped
916,13260,1,Normal,32,2,2,2,0,37,37,0,0,25,0,1,1,0,1,0,2,3,3,0,0,140,16,5,5,2.5,0,1,1,3,2,,,0,-,floor1_town
916,13260,2,Normal,35,5,5,5,0,37,45,0,2,75,0,1,2,2,6,4,0,3,3,0,0,420,16,21,21,4.2,0,1,1,5,1,,,0,-,+1 levelup
916,13260,3,Normal,27,1,1,1,0,45,34,2,2,36,0,2,2,2,3,3,0,0,0,1,0,180,10,9,9,9,0,1,1,5,3,,Swords_T1_03=1,0,-,
916,13260,4,Normal,37,2,2,2,0,34,25,2,2,15,0,2,2,0,0,0,0,0,0,1,0,84,8,3,3,1.5,0,1,1,5,2,,Swords_T1_03=1,0,-,
916,13260,5,Normal,37,3,3,2,1,25,44,2,2,25,0,2,2,0,3,3,0,3,3,2,0,196,34,10,8,4,0,1,1,7,1,,Swords_T1_03=2,0,-,flee×1
916,13260,6,Normal,32,4,4,4,0,44,16,2,2,65,0,2,2,0,3,3,0,0,0,2,0,364,26,14,14,3.5,0,1,1,7,3,,Swords_T1_03=2,0,-,
916,13260,7,Normal,29,3,3,3,0,16,37,2,2,35,0,2,2,0,3,3,0,0,0,2,0,196,6,10,10,3.333,0,1,1,8,4,,Swords_T1_03=2,0,-,
916,13260,8,Normal,16,1,1,0,0,37,0,2,2,0,0,2,2,0,1,0,0,2,3,1,0,48,44,1,0,0,1,0,0,14,3,RH=Crude Sword|LH=Crude Sword|BD=Crude Armour|A1=Crude Bracelet|A2=Crude Bracelet,Swords_T1_03=1,0,-,party wiped
917,13261,1,Normal,30,3,3,3,0,37,37,0,0,40,0,1,1,0,4,1,1,3,3,0,0,224,8,9,9,3,0,1,1,4,1,,,0,-,floor1_town
917,13261,2,Normal,39,5,5,5,0,37,29,0,0,55,0,1,1,0,4,1,3,0,2,0,0,308,16,13,13,2.6,0,1,1,5,4,,,0,-,
917,13261,3,Normal,36,4,4,4,0,29,45,0,3,84,0,1,2,4,3,3,1,3,3,3,0,420,17,14,14,3.5,0,1,1,12,1,,Swords_T1_03=3,0,-,+1 levelup
917,13261,4,Normal,28,2,2,2,0,45,46,3,3,30,0,2,2,0,3,2,1,0,1,0,0,168,-1,8,8,4,0,1,1,12,4,,,0,-,
917,13261,5,Normal,29,6,6,5,0,46,0,3,3,35,0,2,2,1,0,1,0,0,0,4,0,244,42,13,9,1.8,1,0,0,12,3,RH=Crude Sword|LH=Crude Sword|BD=Crude Armour|A1=Crude Bracelet|A2=Crude Bracelet,Swords_T1_03=4,0,-,party wiped
918,13262,1,Normal,28,2,2,2,0,37,37,0,0,25,0,1,1,0,3,1,2,3,3,0,0,140,0,8,8,4,0,1,1,3,4,,,0,-,floor1_town
918,13262,2,Normal,38,4,4,4,0,37,29,0,0,40,0,1,1,0,2,0,3,3,3,0,0,224,16,9,9,2.25,0,1,1,4,2,,,0,-,
918,13262,3,Normal,39,4,4,4,0,29,24,0,2,120,0,1,2,5,6,6,0,0,0,3,0,600,47,21,21,5.25,0,1,1,11,3,,Swords_T1_03=3,0,-,+1 levelup
918,13262,4,Normal,34,3,3,3,0,24,37,2,2,35,0,2,2,0,3,2,0,0,1,3,0,196,5,10,10,3.333,0,1,1,12,4,,Swords_T1_03=3,0,-,
918,13262,5,Normal,37,3,3,3,0,37,29,2,2,50,0,2,2,0,3,4,0,0,0,1,0,280,36,14,14,4.667,0,1,1,13,4,,Swords_T1_03=1,0,-,
918,13262,6,Normal,29,3,3,3,0,29,53,2,5,40,0,2,3,0,3,3,0,0,0,2,0,224,32,13,13,4.333,0,1,1,14,4,,Swords_T1_03=2,0,-,+1 levelup
918,13262,7,Normal,32,3,3,2,1,53,47,5,5,25,0,3,3,0,2,0,0,1,3,1,0,196,46,8,6,3,0,1,1,15,1,,Swords_T1_03=1,0,-,flee×1
918,13262,8,Normal,4,1,1,0,0,47,0,5,5,0,0,3,3,0,3,0,0,0,3,1,0,94,53,4,0,0,1,0,0,21,1,RH=Crude Sword|LH=Crude Sword|BD=Crude Armour|A1=Crude Bracelet|A2=Crude Bracelet,Swords_T1_04=1,0,-,party wiped
919,13263,1,Normal,26,4,4,4,0,37,37,0,0,60,0,1,1,0,7,3,0,3,3,0,0,336,16,15,15,3.75,0,1,1,5,4,,,0,-,floor1_town
919,13263,2,Normal,38,2,2,2,0,37,29,0,0,35,0,1,1,0,5,3,1,1,3,0,0,196,16,11,11,5.5,0,1,1,6,3,,,0,-,
919,13263,3,Normal,35,3,3,3,0,29,30,0,1,72,0,1,2,3,3,3,0,0,0,2,0,360,12,13,13,4.333,0,1,1,12,3,,Swords_T1_03=2,0,-,+1 levelup
919,13263,4,Normal,39,5,5,5,0,30,44,1,1,55,0,2,2,0,3,2,0,0,1,3,0,308,-3,13,13,2.6,0,1,1,13,2,,Swords_T1_03=3,0,-,
919,13263,5,Normal,26,3,3,2,1,44,9,1,1,10,0,2,2,0,0,1,0,0,0,1,0,140,34,6,2,1,0,1,1,13,4,,Swords_T1_03=1,0,-,flee×1
919,13263,6,Normal,31,4,4,4,0,9,44,1,1,50,0,2,2,0,3,3,0,0,0,3,0,280,-3,14,14,3.5,0,1,1,14,4,,Swords_T1_03=3,0,-,
919,13263,7,Normal,37,4,4,4,0,44,44,1,4,50,0,2,3,0,3,0,0,0,3,2,0,280,24,14,14,3.5,0,1,1,15,2,,Swords_T1_04=2,0,-,+1 levelup
919,13263,8,Normal,4,1,1,0,0,44,0,4,4,0,0,3,3,0,3,3,0,0,0,1,0,61,52,3,0,0,1,0,0,21,3,RH=Crude Sword|LH=Crude Sword|BD=Crude Armour|A1=Crude Bracelet|A2=Crude Bracelet,Swords_T1_04=1,0,-,party wiped
920,13264,1,Normal,40,2,2,2,0,37,37,0,0,15,0,1,1,0,0,0,2,3,3,0,0,84,8,3,3,1.5,0,1,1,3,1,,,0,-,floor1_town
920,13264,2,Normal,33,3,3,3,0,37,37,0,0,35,0,1,1,0,3,2,3,3,3,0,0,196,16,9,9,3,0,1,1,5,1,,,0,-,
920,13264,3,Normal,13,2,2,1,0,37,0,0,0,24,0,1,1,3,6,5,0,0,0,0,0,243,37,10,5,5,1,0,0,17,4,RH=Crude Sword|LH=Crude Sword|BD=Crude Armour|A1=Crude Bracelet|A2=Crude Bracelet,,0,-,party wiped
921,13265,1,Normal,38,4,4,4,0,37,37,0,0,55,0,1,1,0,5,1,0,3,3,0,0,308,16,15,15,3.75,0,1,1,5,1,,,0,-,floor1_town
921,13265,2,Normal,29,4,4,4,0,37,37,0,2,55,0,1,2,0,4,1,0,0,2,0,0,308,16,14,14,3.5,0,1,1,6,2,,,0,-,+1 levelup
921,13265,3,Normal,33,5,5,5,0,37,45,2,2,84,0,2,2,2,6,3,0,0,3,3,0,420,7,14,14,2.8,0,1,1,8,1,,Swords_T1_03=3,0,-,
921,13265,4,Normal,30,1,1,1,0,45,37,2,2,15,0,2,2,0,0,1,0,0,2,1,0,84,7,3,3,3,0,1,1,8,3,,Swords_T1_03=1,0,-,
921,13265,5,Normal,37,4,4,3,1,37,45,2,2,20,0,2,2,0,0,2,0,3,3,2,0,140,25,6,4,1.333,0,1,1,9,1,,Swords_T1_03=2,0,-,flee×1
921,13265,6,Normal,33,4,4,4,0,45,37,2,2,40,0,2,2,0,3,1,0,0,2,1,0,224,7,11,11,2.75,0,1,1,9,1,,Swords_T1_03=1,0,-,
921,13265,7,Normal,14,2,2,1,0,37,0,2,2,5,0,2,2,0,0,2,0,0,0,2,0,112,35,5,1,1,1,0,0,9,4,RH=Crude Sword|LH=Crude Sword|BD=Crude Armour|A1=Crude Bracelet|A2=Crude Bracelet,Swords_T1_03=2,0,-,party wiped
922,13266,1,Normal,35,5,5,5,0,37,37,0,0,55,0,1,1,0,6,2,1,3,3,0,0,308,8,16,16,3.2,0,1,1,6,1,,,0,-,floor1_town
922,13266,2,Normal,28,3,3,3,0,37,45,0,3,45,0,1,2,0,6,4,2,0,2,0,0,252,16,15,15,5,0,1,1,7,3,,,0,-,+1 levelup
922,13266,3,Normal,22,2,2,1,0,45,0,3,3,36,0,2,2,4,0,2,0,0,0,0,0,240,45,8,6,6,1,0,0,7,4,RH=Crude Sword|LH=Crude Sword|BD=Crude Armour|A1=Crude Bracelet|A2=Crude Bracelet,,0,-,party wiped
923,13267,1,Normal,33,4,4,4,0,37,37,0,0,45,0,1,1,0,5,2,0,3,3,0,0,252,6,13,13,3.25,0,1,1,5,3,,,0,-,floor1_town
923,13267,2,Normal,35,5,5,4,0,37,0,0,2,65,0,1,2,0,8,3,0,0,0,1,0,445,68,21,18,4.5,1,0,0,8,4,RH=Crude Sword|LH=Crude Sword|BD=Crude Armour|A1=Crude Bracelet|A2=Crude Bracelet,Swords_T1_03=1,0,-,party wiped; +1 levelup
924,13268,1,Normal,31,2,2,2,0,37,37,0,0,30,0,1,1,0,3,1,1,3,3,0,0,168,8,8,8,4,0,1,1,3,2,,,0,-,floor1_town
924,13268,2,Normal,31,1,1,1,0,37,37,0,0,15,0,1,1,0,3,0,3,0,3,0,0,84,0,4,4,4,0,1,1,3,3,,,0,-,
924,13268,3,Normal,19,2,2,1,0,37,0,0,0,48,0,1,1,4,6,6,0,0,0,0,0,360,37,13,8,8,1,0,0,15,3,RH=Crude Sword|LH=Crude Sword|BD=Crude Armour|A1=Crude Bracelet|A2=Crude Bracelet,,0,-,party wiped
925,13269,1,Normal,29,3,3,3,0,37,37,0,0,30,0,1,1,0,2,0,2,3,3,0,0,168,8,6,6,2,0,1,1,4,1,,,0,-,floor1_town
925,13269,2,Normal,28,2,2,2,0,37,37,0,0,40,0,1,1,1,3,3,3,0,0,0,0,224,0,9,9,4.5,0,1,1,4,4,,,0,-,
925,13269,3,Normal,29,3,3,3,0,37,44,0,1,96,0,1,2,5,5,3,0,1,3,2,0,480,15,15,15,5,0,1,1,11,2,,Swords_T1_03=2,0,-,+1 levelup
925,13269,4,Normal,40,2,2,2,0,44,44,1,1,10,0,2,2,0,0,0,0,1,3,0,0,56,0,2,2,1,0,1,1,11,1,,,0,-,
925,13269,5,Normal,34,3,3,3,0,44,38,1,1,25,0,2,2,0,0,0,0,3,3,0,0,140,19,6,6,2,0,1,1,12,1,,,0,-,
925,13269,6,Normal,33,4,4,4,0,38,44,1,1,45,0,2,2,0,3,3,0,3,3,3,0,252,6,13,13,3.25,0,1,1,13,1,,Swords_T1_03=3,0,-,
925,13269,7,Normal,31,3,3,3,0,44,43,1,1,30,0,2,2,0,2,0,0,1,3,2,0,168,-1,8,8,2.667,0,1,1,13,2,,Swords_T1_03=2,0,-,
925,13269,8,Normal,5,1,1,0,0,43,0,1,1,0,0,2,2,0,0,0,0,3,3,0,0,28,44,1,0,0,1,0,0,19,2,RH=Crude Sword|LH=Crude Sword|BD=Crude Armour|A1=Crude Bracelet|A2=Crude Bracelet,,0,-,party wiped
926,13270,1,Normal,27,2,2,2,0,37,37,0,0,15,0,1,1,0,0,0,1,3,3,0,0,84,8,3,3,1.5,0,1,1,3,2,,,0,-,floor1_town
926,13270,2,Normal,27,1,1,1,0,37,29,0,0,20,0,1,1,0,3,3,3,0,0,0,0,112,8,5,5,5,0,1,1,3,4,,,0,-,
926,13270,3,Normal,1,1,1,0,0,29,0,0,0,0,0,1,1,4,3,3,0,0,0,0,0,236,37,9,0,0,1,0,0,9,4,RH=Crude Sword|LH=Crude Sword|BD=Crude Armour|A1=Crude Bracelet|A2=Crude Bracelet,,0,-,party wiped
927,13271,1,Normal,25,4,4,4,0,37,37,0,0,35,0,1,1,0,2,0,2,3,3,0,0,196,14,9,9,2.25,0,1,1,5,2,,,0,-,floor1_town
927,13271,2,Normal,40,5,5,5,0,37,46,0,1,75,0,1,2,0,6,5,3,0,0,0,0,420,24,21,21,4.2,0,1,1,6,3,,,0,-,+1 levelup
927,13271,3,Normal,9,1,1,0,0,46,0,1,1,0,0,2,2,4,0,0,0,0,0,0,0,120,46,4,0,0,1,0,0,6,4,RH=Crude Sword|LH=Crude Sword|BD=Crude Armour|A1=Crude Bracelet|A2=Crude Bracelet,,0,-,party wiped
928,13272,1,Normal,39,4,4,4,0,37,37,0,0,40,0,1,1,0,0,0,0,3,3,0,0,224,32,9,9,2.25,0,1,1,5,2,,,0,-,floor1_town
928,13272,2,Normal,39,5,5,5,0,37,44,0,1,60,0,1,2,1,6,6,1,0,0,0,0,336,8,21,21,4.2,0,1,1,6,1,,,0,-,+1 levelup
928,13272,3,Normal,37,4,4,3,0,44,0,1,1,72,0,2,2,1,3,3,0,0,0,3,0,420,63,13,12,4,1,0,0,7,4,RH=Crude Sword|LH=Crude Sword|BD=Crude Armour|A1=Crude Bracelet|A2=Crude Bracelet,Swords_T1_03=3,0,-,party wiped
929,13273,1,Normal,37,1,1,1,0,37,37,0,0,20,0,1,1,0,3,0,2,3,3,0,0,112,8,5,5,5,0,1,1,2,4,,,0,-,floor1_town
929,13273,2,Normal,35,3,3,3,0,37,37,0,0,30,0,1,1,0,2,0,3,1,3,0,0,168,6,9,9,3,0,1,1,3,2,,,0,-,
929,13273,3,Normal,23,3,3,2,0,37,0,0,0,48,0,1,1,3,9,6,1,0,0,0,0,331,51,14,10,5,1,0,0,21,4,RH=Crude Sword|LH=Crude Sword|BD=Crude Armour|A1=Crude Bracelet|A2=Crude Bracelet,,0,-,party wiped
930,13274,1,Normal,35,3,3,3,0,37,37,0,0,50,0,1,1,0,7,0,0,3,3,0,0,280,26,15,15,5,0,1,1,4,3,,,0,-,floor1_town
930,13274,2,Normal,36,5,5,5,0,37,35,0,2,65,0,1,2,0,5,0,1,0,3,2,0,364,32,16,16,3.2,0,1,1,6,1,,Swords_T1_03=2,0,-,+1 levelup
930,13274,3,Normal,10,2,2,1,0,35,0,2,2,12,0,2,2,2,3,3,0,0,0,2,0,180,43,7,1,1,1,0,0,7,4,RH=Crude Sword|LH=Crude Sword|BD=Crude Armour|A1=Crude Bracelet|A2=Crude Bracelet,Swords_T1_03=2,0,-,party wiped
931,13275,1,Normal,33,3,3,3,0,37,37,0,0,35,0,1,1,0,4,0,2,3,3,0,0,196,0,10,10,3.333,0,1,1,4,3,,,0,-,floor1_town
931,13275,2,Normal,33,4,4,4,0,37,29,0,0,55,0,1,1,3,3,3,1,3,3,0,0,308,29,16,16,4,0,1,1,5,2,,,0,-,
931,13275,3,Normal,17,4,4,3,0,29,0,0,2,48,0,1,2,2,3,3,1,0,0,2,0,360,42,10,7,2.333,1,0,0,11,4,RH=Crude Sword|LH=Crude Sword|BD=Crude Armour|A1=Crude Bracelet|A2=Crude Bracelet,Swords_T1_03=2,0,-,party wiped; +1 levelup
932,13276,1,Normal,31,2,2,2,0,37,37,0,0,15,0,1,1,0,0,0,0,3,3,0,0,84,8,3,3,1.5,0,1,1,3,2,,,0,-,floor1_town
932,13276,2,Normal,28,4,4,4,0,37,29,0,0,55,0,1,1,1,4,3,0,2,3,0,0,308,16,17,17,4.25,0,1,1,4,3,,,0,-,
932,13276,3,Normal,38,5,5,5,0,29,31,0,1,132,0,1,2,2,9,8,0,0,0,3,0,660,19,22,22,4.4,0,1,1,17,3,,Swords_T1_03=3,0,-,+1 levelup
932,13276,4,Normal,34,3,3,3,0,31,45,1,1,30,0,2,2,0,2,0,0,1,3,1,0,168,-1,7,7,2.333,0,1,1,18,1,,Swords_T1_03=1,0,-,
932,13276,5,Normal,36,2,2,2,0,45,44,1,1,10,0,2,2,0,0,0,0,1,3,1,0,56,0,2,2,1,0,1,1,18,1,,Swords_T1_03=1,0,-,
932,13276,6,Normal,29,5,5,5,0,44,54,1,2,70,0,2,3,0,3,3,0,1,3,1,0,392,24,16,16,3.2,0,1,1,19,3,,Swords_T1_03=1,0,-,+1 levelup
932,13276,7,Normal,26,4,4,3,1,54,12,2,2,45,0,3,3,0,1,3,0,0,0,3,0,336,38,13,10,3.333,0,1,1,19,4,,Swords_T1_03=2|Swords_T1_04=1,0,-,flee×1
932,13276,8,Normal,26,2,2,0,1,12,0,2,2,0,0,3,3,0,6,6,0,0,0,4,0,279,100,8,0,0,1,0,0,31,2,RH=Crude Sword|LH=Crude Sword|BD=Crude Armour|A1=Crude Bracelet|A2=Crude Bracelet,Swords_T1_03=2|Swords_T1_04=2,0,-,party wiped; flee×1
933,13277,1,Normal,29,3,3,3,0,37,37,0,0,40,0,1,1,0,4,2,1,3,3,0,0,224,8,10,10,3.333,0,1,1,4,3,,,0,-,floor1_town
933,13277,2,Normal,28,2,2,2,0,37,37,0,0,30,0,1,1,0,3,3,3,0,0,0,0,168,0,8,8,4,0,1,1,4,4,,,0,-,
933,13277,3,Normal,30,5,5,5,0,37,45,0,3,120,0,1,2,4,7,6,0,0,0,2,0,600,20,21,21,4.2,0,1,1,17,3,,Swords_T1_03=2,0,-,+1 levelup
933,13277,4,Normal,38,1,1,1,0,45,20,3,3,15,0,2,2,0,0,0,0,0,0,1,0,84,24,4,4,4,0,1,1,17,3,,Swords_T1_03=1,0,-,
933,13277,5,Normal,29,0,0,0,0,20,20,3,3,0,0,2,2,0,0,0,0,0,0,0,0,0,0,0,0,0,0,1,1,17,0,,,0,-,
933,13277,6,Normal,25,2,2,2,0,20,38,3,3,20,0,2,2,0,2,0,0,1,3,1,0,112,7,5,5,2.5,0,1,1,18,3,,Swords_T1_03=1,0,-,
933,13277,7,Normal,32,2,2,2,0,38,46,3,3,25,0,2,2,0,1,3,0,3,3,1,0,140,13,9,9,4.5,0,1,1,19,1,,Swords_T1_03=1,0,-,
933,13277,8,Normal,1,1,1,0,0,46,0,3,3,0,0,2,2,0,3,3,0,0,0,2,0,123,44,3,0,0,1,0,0,25,3,RH=Crude Sword|LH=Crude Sword|BD=Crude Armour|A1=Crude Bracelet|A2=Crude Bracelet,Swords_T1_03=2,0,-,party wiped
934,13278,1,Normal,27,1,1,1,0,37,37,0,0,15,0,1,1,0,2,0,0,3,3,0,0,84,8,5,5,5,0,1,1,2,3,,,0,-,floor1_town
934,13278,2,Normal,31,3,3,3,0,37,37,0,0,30,0,1,1,0,3,3,1,0,0,0,0,168,0,8,8,2.667,0,1,1,2,1,,,0,-,
934,13278,3,Normal,5,1,1,0,0,37,0,0,0,0,0,1,1,3,3,3,0,0,0,0,0,35,37,4,0,0,1,0,0,8,4,RH=Crude Sword|LH=Crude Sword|BD=Crude Armour|A1=Crude Bracelet|A2=Crude Bracelet,,0,-,party wiped
935,13279,1,Normal,25,4,4,4,0,37,37,0,0,65,0,1,1,0,9,4,1,3,3,0,0,364,18,18,18,4.5,0,1,1,5,3,,,0,-,floor1_town
935,13279,2,Normal,37,3,3,3,0,37,45,0,2,35,0,1,2,0,3,0,2,1,3,0,0,196,14,9,9,3,0,1,1,7,3,,,0,-,+1 levelup
935,13279,3,Normal,32,4,4,3,0,45,0,2,2,72,0,2,2,2,7,9,0,0,0,4,0,536,69,16,12,4,1,0,0,9,4,RH=Crude Sword|LH=Crude Sword|BD=Crude Armour|A1=Crude Bracelet|A2=Crude Bracelet,Swords_T1_03=4,0,-,party wiped
936,13280,1,Normal,39,3,3,3,0,37,37,0,0,45,0,1,1,0,7,0,2,3,3,0,0,252,8,10,10,3.333,0,1,1,4,3,,,0,-,floor1_town
936,13280,2,Normal,29,2,2,2,0,37,37,0,0,30,0,1,1,0,3,2,3,0,1,0,0,168,8,8,8,4,0,1,1,5,4,,,0,-,
936,13280,3,Normal,8,2,2,1,0,37,0,0,0,12,0,1,1,4,3,3,0,0,0,0,0,236,37,10,3,3,1,0,0,17,4,RH=Crude Sword|LH=Crude Sword|BD=Crude Armour|A1=Crude Bracelet|A2=Crude Bracelet,,0,-,party wiped
937,13281,1,Normal,37,4,4,4,0,37,37,0,0,50,0,1,1,0,5,2,1,3,3,0,0,280,24,13,13,3.25,0,1,1,5,1,,,0,-,floor1_town
937,13281,2,Normal,29,3,3,3,0,37,16,0,0,40,0,1,1,1,3,3,1,0,0,0,0,224,21,13,13,4.333,0,1,1,5,3,,,0,-,
937,13281,3,Normal,36,4,4,4,0,16,45,0,1,48,0,1,2,0,2,0,1,2,3,3,0,240,11,8,8,2,0,1,1,12,1,,Swords_T1_03=3,0,-,+1 levelup
937,13281,4,Normal,37,3,3,3,0,45,33,1,1,50,0,2,2,1,4,3,0,1,3,2,0,280,25,17,17,5.667,0,1,1,13,3,,Swords_T1_03=2,0,-,
937,13281,5,Normal,16,3,3,2,0,33,0,1,1,20,0,2,2,0,1,3,0,0,0,1,0,195,32,8,4,2,1,0,0,13,4,RH=Crude Sword|LH=Crude Sword|BD=Crude Armour|A1=Crude Bracelet|A2=Crude Bracelet,Swords_T1_03=1,0,-,party wiped
938,13282,1,Normal,35,4,4,4,0,37,37,0,0,45,0,1,1,0,5,3,2,3,3,0,0,252,8,12,12,3,0,1,1,5,1,,,0,-,floor1_town
938,13282,2,Normal,29,4,4,4,0,37,21,0,2,70,0,1,2,0,6,3,4,0,0,1,0,392,40,18,18,4.5,0,1,1,6,3,,Swords_T1_03=1,0,-,+1 levelup
938,13282,3,Normal,35,5,5,5,0,21,46,2,2,180,0,2,2,5,12,11,0,0,1,3,0,900,39,27,27,5.4,0,1,1,10,2,,Swords_T1_03=3,0,-,
938,13282,4,Normal,33,5,5,5,0,46,55,2,3,55,0,2,3,0,1,1,0,2,3,4,0,308,39,14,14,2.8,0,1,1,11,3,,Swords_T1_03=2|Swords_T1_04=2,0,-,+1 levelup
938,13282,5,Normal,30,6,6,6,0,55,39,3,3,55,0,3,3,0,2,1,0,0,2,6,0,308,28,15,15,2.5,0,1,1,11,2,,Swords_T1_03=3|Swords_T1_04=3,0,-,
938,13282,6,Normal,27,4,4,4,0,39,47,3,3,70,0,3,3,0,3,4,0,0,1,2,0,392,16,17,17,4.25,0,1,1,12,4,,Swords_T1_03=1|Swords_T1_04=1,0,-,
938,13282,7,Normal,40,5,5,4,1,47,53,3,3,35,0,3,3,0,3,4,0,0,0,9,0,225,37,20,18,4.5,0,1,1,13,1,,Swords_T1_03=3|Swords_T1_04=6,0,-,flee×1
938,13282,8,Normal,9,2,2,1,0,53,0,3,3,60,0,3,3,0,6,6,0,0,0,3,0,278,62,11,8,8,1,0,0,25,4,RH=Crude Sword|LH=Crude Sword|BD=Crude Armour|A1=Crude Bracelet|A2=Crude Bracelet,Swords_T1_03=1|Swords_T1_04=2,0,-,party wiped
939,13283,1,Normal,33,4,4,4,0,37,37,0,0,40,0,1,1,0,4,0,0,3,3,0,0,224,8,10,10,2.5,0,1,1,5,1,,,0,-,floor1_town
939,13283,2,Normal,17,2,2,1,0,37,0,0,0,5,0,1,1,0,3,3,0,0,0,0,0,81,37,6,1,1,1,0,0,5,4,RH=Crude Sword|LH=Crude Sword|BD=Crude Armour|A1=Crude Bracelet|A2=Crude Bracelet,,0,-,party wiped
940,13284,1,Normal,31,1,1,1,0,37,37,0,0,10,0,1,1,0,0,0,2,3,3,0,0,56,0,4,4,4,0,1,1,2,2,,,0,-,floor1_town
940,13284,2,Normal,26,3,3,3,0,37,29,0,0,35,0,1,1,0,4,1,2,2,3,0,0,196,16,10,10,3.333,0,1,1,3,2,,,0,-,
940,13284,3,Normal,12,1,1,0,0,29,0,0,0,0,0,1,1,2,3,3,0,0,0,0,0,100,37,4,0,0,1,0,0,9,4,RH=Crude Sword|LH=Crude Sword|BD=Crude Armour|A1=Crude Bracelet|A2=Crude Bracelet,,0,-,party wiped
941,13285,1,Normal,29,4,4,4,0,37,37,0,0,55,0,1,1,0,6,2,0,3,3,0,0,308,16,14,14,3.5,0,1,1,5,1,,,0,-,floor1_town
941,13285,2,Normal,29,4,4,4,0,37,37,0,0,40,0,1,1,0,4,0,1,3,3,0,0,224,14,11,11,2.75,0,1,1,7,1,,,0,-,
941,13285,3,Normal,3,1,1,0,0,37,0,0,0,0,0,1,1,1,3,3,2,0,0,0,0,91,37,3,0,0,1,0,0,13,4,RH=Crude Sword|LH=Crude Sword|BD=Crude Armour|A1=Crude Bracelet|A2=Crude Bracelet,,0,-,party wiped
942,13286,1,Normal,27,5,5,5,0,37,37,0,0,50,0,1,1,0,4,0,1,3,3,0,0,280,26,15,15,3,0,1,1,6,3,,,0,-,floor1_town
942,13286,2,Normal,28,0,0,0,0,37,37,0,0,0,0,1,1,0,0,0,2,3,3,0,0,0,0,0,0,0,0,1,1,6,0,,,0,-,
942,13286,3,Normal,27,2,2,1,0,37,0,0,0,12,0,1,1,0,4,3,4,0,0,0,0,175,37,5,2,2,1,0,0,18,4,RH=Crude Sword|LH=Crude Sword|BD=Crude Armour|A1=Crude Bracelet|A2=Crude Bracelet,,0,-,party wiped
943,13287,1,Normal,25,3,3,3,0,37,37,0,0,25,0,1,1,0,2,0,0,3,3,0,0,140,0,6,6,2,0,1,1,4,1,,,0,-,floor1_town
943,13287,2,Normal,23,3,3,2,0,37,0,0,0,25,0,1,1,0,3,3,0,0,0,0,0,165,37,9,8,4,1,0,0,4,4,RH=Crude Sword|LH=Crude Sword|BD=Crude Armour|A1=Crude Bracelet|A2=Crude Bracelet,,0,-,party wiped
944,13288,1,Normal,39,4,4,4,0,37,37,0,0,60,0,1,1,0,8,1,1,3,3,0,0,336,16,17,17,4.25,0,1,1,5,3,,,0,-,floor1_town
944,13288,2,Normal,34,3,3,3,0,37,33,0,2,55,0,1,2,0,3,3,2,0,0,1,0,308,11,12,12,4,0,1,1,5,3,,Swords_T1_03=1,0,-,+1 levelup
944,13288,3,Normal,16,3,3,2,0,33,0,2,2,72,0,2,2,4,6,5,0,0,0,3,0,498,55,18,14,7,1,0,0,7,4,RH=Crude Sword|LH=Crude Sword|BD=Crude Armour|A1=Crude Bracelet|A2=Crude Bracelet,Swords_T1_03=3,0,-,party wiped
945,13289,1,Normal,37,6,6,6,0,37,37,0,0,90,0,1,1,0,11,7,0,3,3,0,0,504,8,23,23,3.833,0,1,1,7,4,,,0,-,floor1_town
945,13289,2,Normal,27,1,1,1,0,37,37,0,0,5,0,1,1,0,0,0,1,3,3,0,0,28,0,1,1,1,0,1,1,7,1,,,0,-,
945,13289,3,Normal,23,2,2,1,0,37,0,0,3,12,0,1,2,1,3,3,0,0,0,1,0,180,44,6,2,2,1,0,0,13,4,RH=Crude Sword|LH=Crude Sword|BD=Crude Armour|A1=Crude Bracelet|A2=Crude Bracelet,Swords_T1_03=1,0,-,party wiped; +1 levelup
946,13290,1,Normal,35,4,4,4,0,37,37,0,0,50,0,1,1,0,6,0,1,3,3,0,0,280,14,14,14,3.5,0,1,1,5,1,,,0,-,floor1_town
946,13290,2,Normal,29,4,4,4,0,37,37,0,0,40,0,1,1,0,2,0,2,2,3,0,0,224,8,9,9,2.25,0,1,1,6,3,,,0,-,
946,13290,3,Normal,12,2,2,1,0,37,0,0,2,12,0,1,2,3,3,3,0,0,0,1,0,271,47,10,3,3,1,0,0,12,4,RH=Crude Sword|LH=Crude Sword|BD=Crude Armour|A1=Crude Bracelet|A2=Crude Bracelet,Swords_T1_03=1,0,-,party wiped; +1 levelup
947,13291,1,Normal,33,4,4,4,0,37,37,0,0,55,0,1,1,0,6,3,2,3,3,0,0,308,24,16,16,4,0,1,1,5,3,,,0,-,floor1_town
947,13291,2,Normal,32,6,6,5,0,37,0,0,2,55,0,1,2,3,3,3,0,0,0,1,0,392,44,23,17,3.4,1,0,0,5,4,RH=Crude Sword|LH=Crude Sword|BD=Crude Armour|A1=Crude Bracelet|A2=Crude Bracelet,Swords_T1_03=1,0,-,party wiped; +1 levelup
948,13292,1,Normal,31,1,1,1,0,37,37,0,0,10,0,1,1,0,0,0,1,3,3,0,0,56,0,2,2,2,0,1,1,2,2,,,0,-,floor1_town
948,13292,2,Normal,34,3,3,3,0,37,37,0,0,40,0,1,1,1,3,3,2,0,0,0,0,224,0,12,12,4,0,1,1,2,4,,,0,-,
948,13292,3,Normal,40,3,3,3,0,37,37,0,0,36,0,1,1,0,3,0,2,2,3,0,0,180,0,6,6,2,0,1,1,20,1,,,0,-,
948,13292,4,Normal,31,4,4,4,0,37,45,0,2,40,0,1,2,0,2,2,2,0,1,2,0,224,-1,9,9,2.25,0,1,1,20,1,,Swords_T1_03=2,0,-,+1 levelup
948,13292,5,Normal,29,4,4,4,0,45,46,2,2,45,0,2,2,0,2,1,2,1,3,3,0,252,17,11,11,2.75,0,1,1,21,2,,Swords_T1_03=3,0,-,
948,13292,6,Normal,33,3,3,3,0,46,37,2,2,30,0,2,2,0,1,0,2,0,3,1,0,168,8,7,7,2.333,0,1,1,21,2,,Swords_T1_03=1,0,-,
948,13292,7,Normal,30,3,3,3,0,37,36,2,2,40,0,2,2,1,0,3,1,0,0,3,0,224,-2,12,12,4,0,1,1,21,2,,Swords_T1_03=3,0,-,
948,13292,8,Normal,5,1,1,0,0,36,0,2,2,0,0,2,2,0,0,0,1,3,3,1,0,63,45,1,0,0,1,0,0,27,1,RH=Crude Sword|LH=Crude Sword|BD=Crude Armour|A1=Crude Bracelet|A2=Crude Bracelet,Swords_T1_03=1,0,-,party wiped
949,13293,1,Normal,29,3,3,3,0,37,37,0,0,45,0,1,1,0,5,0,2,3,3,0,0,252,16,10,10,3.333,0,1,1,4,4,,,0,-,floor1_town
949,13293,2,Normal,36,4,4,4,0,37,29,0,0,50,0,1,1,0,3,0,2,2,3,0,0,280,24,11,11,2.75,0,1,1,6,3,,,0,-,
949,13293,3,Normal,1,1,1,0,0,29,0,0,0,0,0,1,1,0,3,3,3,0,0,0,0,95,37,3,0,0,1,0,0,12,4,RH=Crude Sword|LH=Crude Sword|BD=Crude Armour|A1=Crude Bracelet|A2=Crude Bracelet,,0,-,party wiped
950,13294,1,Normal,27,2,2,2,0,37,37,0,0,35,0,1,1,0,6,2,0,3,3,0,0,196,8,12,12,6,0,1,1,3,4,,,0,-,floor1_town
950,13294,2,Normal,34,6,6,6,0,37,29,0,0,55,0,1,1,0,3,2,1,0,1,0,0,308,24,13,13,2.167,0,1,1,5,4,,,0,-,
950,13294,3,Normal,33,5,5,4,1,29,44,0,3,60,0,1,2,1,6,4,0,0,2,4,0,480,31,16,10,2.5,0,1,1,12,1,,Swords_T1_03=4,0,-,+1 levelup; flee×1
950,13294,4,Normal,36,3,3,3,0,44,33,3,3,40,0,2,2,0,2,1,0,1,3,2,0,224,22,10,10,3.333,0,1,1,13,3,,Swords_T1_03=2,0,-,
950,13294,5,Normal,33,2,2,2,0,33,39,3,3,20,0,2,2,0,1,2,0,0,1,0,0,112,-6,7,7,3.5,0,1,1,13,1,,,0,-,
950,13294,6,Normal,27,3,3,3,0,39,37,3,3,40,0,2,2,0,3,2,0,0,2,2,0,224,14,13,13,4.333,0,1,1,14,3,,Swords_T1_03=2,0,-,
950,13294,7,Normal,39,5,5,5,0,37,44,3,4,60,0,2,3,0,2,2,0,1,3,5,0,336,47,16,16,3.2,0,1,1,15,2,,Swords_T1_03=5,0,-,+1 levelup
950,13294,8,Normal,4,1,1,0,0,44,0,4,4,0,0,3,3,0,3,3,0,0,0,1,0,110,52,2,0,0,1,0,0,21,3,RH=Crude Sword|LH=Crude Sword|BD=Crude Armour|A1=Crude Bracelet|A2=Crude Bracelet,Swords_T1_03=1,0,-,party wiped
951,13295,1,Normal,25,4,4,4,0,37,37,0,0,40,0,1,1,0,2,0,2,3,3,0,0,224,16,11,11,2.75,0,1,1,5,2,,,0,-,floor1_town
951,13295,2,Normal,26,3,3,3,0,37,37,0,0,30,0,1,1,0,3,1,4,0,2,0,0,168,0,7,7,2.333,0,1,1,5,1,,,0,-,
951,13295,3,Normal,35,5,5,5,0,37,23,0,2,108,0,1,2,4,6,3,0,0,0,2,0,540,30,18,18,3.6,0,1,1,17,4,,Swords_T1_03=2,0,-,+1 levelup
951,13295,4,Normal,29,2,2,1,0,23,0,2,2,20,0,2,2,0,3,3,0,0,0,2,0,221,42,11,4,4,1,0,0,18,4,RH=Crude Sword|LH=Crude Sword|BD=Crude Armour|A1=Crude Bracelet|A2=Crude Bracelet,Swords_T1_03=2,0,-,party wiped
952,13296,1,Normal,39,4,4,4,0,37,37,0,0,40,0,1,1,0,3,3,0,3,3,0,0,224,16,11,11,2.75,0,1,1,5,1,,,0,-,floor1_town
952,13296,2,Normal,25,4,4,4,0,37,29,0,0,40,0,1,1,0,3,0,0,3,3,0,0,224,16,9,9,2.25,0,1,1,6,2,,,0,-,
952,13296,3,Normal,8,2,2,0,1,29,0,0,0,0,0,1,1,2,6,6,0,0,0,0,0,211,73,10,0,0,1,0,0,18,4,RH=Crude Sword|LH=Crude Sword|BD=Crude Armour|A1=Crude Bracelet|A2=Crude Bracelet,,0,-,party wiped; flee×1
953,13297,1,Normal,37,4,4,4,0,37,37,0,0,50,0,1,1,0,5,0,1,3,3,0,0,280,16,11,11,2.75,0,1,1,5,1,,,0,-,floor1_town
953,13297,2,Normal,35,2,2,2,0,37,37,0,0,40,0,1,1,1,6,5,1,0,1,0,0,224,8,14,14,7,0,1,1,6,4,,,0,-,
953,13297,3,Normal,36,4,4,4,0,37,44,0,3,84,0,1,2,1,6,3,2,0,3,3,0,420,11,13,13,3.25,0,1,1,13,2,,Swords_T1_03=3,0,-,+1 levelup
953,13297,4,Normal,34,2,2,2,0,44,44,3,3,35,0,2,2,2,0,3,0,0,0,1,0,196,-1,10,10,5,0,1,1,13,4,,Swords_T1_03=1,0,-,
953,13297,5,Normal,14,2,2,1,0,44,0,3,3,5,0,2,2,0,0,0,0,0,0,2,0,81,42,3,1,1,1,0,0,13,4,RH=Crude Sword|LH=Crude Sword|BD=Crude Armour|A1=Crude Bracelet|A2=Crude Bracelet,Swords_T1_03=2,0,-,party wiped
954,13298,1,Normal,35,4,4,4,0,37,37,0,0,55,0,1,1,0,6,2,0,3,3,0,0,308,16,14,14,3.5,0,1,1,5,2,,,0,-,floor1_town
954,13298,2,Normal,25,3,3,3,0,37,37,0,0,35,0,1,1,0,3,3,1,0,0,0,0,196,8,9,9,3,0,1,1,6,1,,,0,-,
954,13298,3,Normal,14,2,2,1,0,37,0,0,3,36,0,1,2,2,3,3,0,0,0,1,0,285,43,10,7,7,1,0,0,12,4,RH=Crude Sword|LH=Crude Sword|BD=Crude Armour|A1=Crude Bracelet|A2=Crude Bracelet,Swords_T1_03=1,0,-,party wiped; +1 levelup
955,13299,1,Normal,33,3,3,3,0,37,37,0,0,40,0,1,1,0,4,0,1,3,3,0,0,224,0,9,9,3,0,1,1,4,3,,,0,-,floor1_town
955,13299,2,Normal,38,3,3,3,0,37,29,0,0,50,0,1,1,0,6,3,1,0,3,0,0,280,24,15,15,5,0,1,1,5,4,,,0,-,
955,13299,3,Normal,19,3,3,2,0,29,0,0,1,24,0,1,2,1,3,3,0,0,0,1,0,237,45,8,5,2.5,1,0,0,11,4,RH=Crude Sword|LH=Crude Sword|BD=Crude Armour|A1=Crude Bracelet|A2=Crude Bracelet,Swords_T1_03=1,0,-,party wiped; +1 levelup
956,13300,1,Normal,31,4,4,4,0,37,37,0,0,60,0,1,1,0,8,2,2,3,3,0,0,336,8,17,17,4.25,0,1,1,5,4,,,0,-,floor1_town
956,13300,2,Normal,38,3,3,3,0,37,45,0,2,45,0,1,2,1,6,3,1,0,0,0,0,252,29,18,18,6,0,1,1,6,3,,,0,-,+1 levelup
956,13300,3,Normal,2,1,1,0,0,45,0,2,2,0,0,2,2,3,0,0,0,0,0,1,0,90,44,3,0,0,1,0,0,6,4,RH=Crude Sword|LH=Crude Sword|BD=Crude Armour|A1=Crude Bracelet|A2=Crude Bracelet,Swords_T1_03=1,0,-,party wiped
957,13301,1,Normal,29,2,2,2,0,37,37,0,0,20,0,1,1,0,1,0,1,3,3,0,0,112,8,4,4,2,0,1,1,3,1,,,0,-,floor1_town
957,13301,2,Normal,30,4,4,4,0,37,17,0,0,75,0,1,1,1,8,6,1,0,0,0,0,420,50,25,25,6.25,0,1,1,5,3,,,0,-,
957,13301,3,Normal,7,2,2,1,0,17,0,0,1,12,0,1,2,2,3,3,0,0,0,1,0,252,44,6,2,2,1,0,0,11,4,RH=Crude Sword|LH=Crude Sword|BD=Crude Armour|A1=Crude Bracelet|A2=Crude Bracelet,Swords_T1_03=1,0,-,party wiped; +1 levelup
958,13302,1,Normal,27,3,3,3,0,37,37,0,0,35,0,1,1,0,5,0,2,3,3,0,0,196,0,8,8,2.667,0,1,1,4,3,,,0,-,floor1_town
958,13302,2,Normal,33,2,2,2,0,37,37,0,0,30,0,1,1,0,4,1,4,2,3,0,0,168,8,8,8,4,0,1,1,5,2,,,0,-,
958,13302,3,Normal,30,2,2,1,0,37,0,0,0,12,0,1,1,4,3,3,0,0,0,0,0,211,37,8,3,3,1,0,0,17,4,RH=Crude Sword|LH=Crude Sword|BD=Crude Armour|A1=Crude Bracelet|A2=Crude Bracelet,,0,-,party wiped
959,13303,1,Normal,25,3,3,3,0,37,37,0,0,55,0,1,1,0,9,3,0,3,3,0,0,308,16,17,17,5.667,0,1,1,4,4,,,0,-,floor1_town
959,13303,2,Normal,25,0,0,0,0,37,37,0,0,0,0,1,1,0,0,0,0,3,3,0,0,0,0,0,0,0,0,1,1,4,0,,,0,-,
959,13303,3,Normal,12,3,3,1,1,37,0,0,0,12,0,1,1,2,7,6,0,0,0,0,0,303,72,11,2,2,1,0,0,22,3,RH=Crude Sword|LH=Crude Sword|BD=Crude Armour|A1=Crude Bracelet|A2=Crude Bracelet,,0,-,party wiped; flee×1
960,13304,1,Normal,39,4,4,4,0,37,37,0,0,60,0,1,1,0,8,3,2,3,3,0,0,336,0,16,16,4,0,1,1,5,4,,,0,-,floor1_town
960,13304,2,Normal,40,5,5,5,0,37,43,0,2,60,0,1,2,0,3,3,2,3,3,2,0,336,29,16,16,3.2,0,1,1,6,1,,Swords_T1_03=2,0,-,+1 levelup
960,13304,3,Normal,31,4,4,4,0,43,30,2,2,96,0,2,2,2,6,6,2,0,0,4,0,480,32,16,16,4,0,1,1,7,3,,Swords_T1_03=4,0,-,
960,13304,4,Normal,36,3,3,3,0,30,35,2,2,50,0,2,2,2,3,3,0,0,0,2,0,280,7,15,15,5,0,1,1,8,3,,Swords_T1_03=2,0,-,
960,13304,5,Normal,35,2,2,2,0,35,44,2,2,15,0,2,2,0,0,0,0,3,3,0,0,84,8,3,3,1.5,0,1,1,9,1,,,0,-,
960,13304,6,Normal,32,2,2,2,0,44,51,2,3,25,0,2,3,0,3,0,0,0,3,1,0,140,0,8,8,4,0,1,1,9,3,,Swords_T1_03=1,0,-,+1 levelup
960,13304,7,Normal,9,2,2,1,0,51,0,3,3,20,0,3,3,0,0,3,0,0,0,1,0,140,49,7,4,4,1,0,0,9,3,RH=Crude Sword|LH=Crude Sword|BD=Crude Armour|A1=Crude Bracelet|A2=Crude Bracelet,Swords_T1_03=1,0,-,party wiped
961,13305,1,Normal,37,4,4,4,0,37,37,0,0,60,0,1,1,0,7,3,0,3,3,0,0,336,8,17,17,4.25,0,1,1,5,2,,,0,-,floor1_town
961,13305,2,Normal,31,3,3,3,0,37,29,0,0,25,0,1,1,0,1,0,2,3,3,0,0,140,16,6,6,2,0,1,1,6,2,,,0,-,
961,13305,3,Normal,39,2,2,2,0,29,32,0,1,48,0,1,2,2,3,3,1,0,0,1,0,240,25,10,10,5,0,1,1,12,1,,Swords_T1_03=1,0,-,+1 levelup
961,13305,4,Normal,37,3,3,3,0,32,44,1,1,35,0,2,2,0,3,0,1,0,3,2,0,196,-2,9,9,3,0,1,1,13,2,,Swords_T1_03=2,0,-,
961,13305,5,Normal,28,2,2,2,0,44,43,1,1,20,0,2,2,0,0,1,1,0,2,1,0,112,0,4,4,2,0,1,1,13,2,,Swords_T1_03=1,0,-,
961,13305,6,Normal,29,1,1,1,0,43,43,1,1,10,0,2,2,0,0,1,1,0,1,1,0,56,-1,2,2,2,0,1,1,13,2,,Swords_T1_03=1,0,-,
961,13305,7,Normal,36,6,6,6,0,43,26,1,1,55,0,2,2,1,0,1,0,0,0,5,0,308,12,11,11,1.833,0,1,1,13,2,,Swords_T1_03=5,0,-,
961,13305,8,Normal,1,1,1,0,0,26,0,1,1,0,0,2,2,0,3,0,0,0,3,2,0,108,42,2,0,0,1,0,0,19,2,RH=Crude Sword|LH=Crude Sword|BD=Crude Armour|A1=Crude Bracelet|A2=Crude Bracelet,Swords_T1_03=2,0,-,party wiped
962,13306,1,Normal,35,4,4,4,0,37,37,0,0,45,0,1,1,0,5,0,2,3,3,0,0,252,30,14,14,3.5,0,1,1,5,3,,,0,-,floor1_town
962,13306,2,Normal,33,5,5,5,0,37,37,0,0,45,0,1,1,0,3,0,4,0,3,0,0,252,0,9,9,1.8,0,1,1,5,1,,,0,-,
962,13306,3,Normal,34,6,6,5,0,37,0,0,3,144,0,1,2,6,6,6,0,0,0,5,0,818,54,24,22,4.4,1,0,0,12,4,RH=Crude Sword|LH=Crude Sword|BD=Crude Armour|A1=Crude Bracelet|A2=Crude Bracelet,Swords_T1_03=5,0,-,party wiped; +1 levelup
963,13307,1,Normal,33,2,2,2,0,37,37,0,0,30,0,1,1,0,3,1,0,3,3,0,0,168,16,8,8,4,0,1,1,3,2,,,0,-,floor1_town
963,13307,2,Normal,27,1,1,1,0,37,29,0,0,10,0,1,1,0,0,0,0,3,3,0,0,56,8,2,2,2,0,1,1,3,2,,,0,-,
963,13307,3,Normal,11,2,2,1,0,29,0,0,0,24,0,1,1,2,6,3,0,0,0,0,0,271,37,10,5,5,1,0,0,15,3,RH=Crude Sword|LH=Crude Sword|BD=Crude Armour|A1=Crude Bracelet|A2=Crude Bracelet,,0,-,party wiped
964,13308,1,Normal,31,3,3,3,0,37,37,0,0,35,0,1,1,1,3,3,0,3,3,0,0,196,27,12,12,4,0,1,1,4,2,,,0,-,floor1_town
964,13308,2,Normal,28,2,2,2,0,37,37,0,0,15,0,1,1,0,0,0,1,3,3,0,0,84,0,3,3,1.5,0,1,1,4,2,,,0,-,
964,13308,3,Normal,17,3,3,2,0,37,0,0,0,48,0,1,1,2,7,6,0,0,0,0,0,388,40,15,9,4.5,1,0,0,22,3,RH=Crude Sword|LH=Crude Sword|BD=Crude Armour|A1=Crude Bracelet|A2=Crude Bracelet,,0,-,party wiped
965,13309,1,Normal,29,4,4,4,0,37,37,0,0,35,0,1,1,0,0,0,0,3,3,0,0,196,22,8,8,2,0,1,1,5,2,,,0,-,floor1_town
965,13309,2,Normal,27,4,4,4,0,37,29,0,0,45,0,1,1,0,4,0,1,0,3,0,0,252,16,11,11,2.75,0,1,1,6,3,,,0,-,
965,13309,3,Normal,30,2,2,1,0,29,0,0,0,12,0,1,1,0,4,3,2,0,0,0,0,200,37,6,2,2,1,0,0,18,3,RH=Crude Sword|LH=Crude Sword|BD=Crude Armour|A1=Crude Bracelet|A2=Crude Bracelet,,0,-,party wiped
966,13310,1,Normal,27,4,4,4,0,37,37,0,0,40,0,1,1,0,4,0,1,3,3,0,0,224,8,10,10,2.5,0,1,1,5,1,,,0,-,floor1_town
966,13310,2,Normal,35,5,5,5,0,37,21,0,3,75,0,1,2,0,6,4,3,0,0,1,0,420,45,20,20,4,0,1,1,6,3,,Swords_T1_03=1,0,-,+1 levelup
966,13310,3,Normal,28,2,2,2,0,21,18,3,3,60,0,2,2,4,3,3,0,0,0,1,0,300,27,11,11,5.5,0,1,1,7,3,,Swords_T1_03=1,0,-,
966,13310,4,Normal,33,1,1,1,0,18,38,3,3,20,0,2,2,0,3,1,0,0,2,1,0,112,7,6,6,6,0,1,1,8,4,,Swords_T1_03=1,0,-,
966,13310,5,Normal,12,1,1,0,0,38,0,3,3,0,0,2,2,0,0,2,0,0,0,1,0,110,37,4,0,0,1,0,0,8,4,RH=Crude Sword|LH=Crude Sword|BD=Crude Armour|A1=Crude Bracelet|A2=Crude Bracelet,Swords_T1_03=1,0,-,party wiped
967,13311,1,Normal,25,2,2,2,0,37,37,0,0,15,0,1,1,0,1,0,2,3,3,0,0,84,0,3,3,1.5,0,1,1,3,1,,,0,-,floor1_town
967,13311,2,Normal,29,3,3,3,0,37,37,0,0,35,0,1,1,0,3,2,4,0,1,0,0,196,0,8,8,2.667,0,1,1,3,1,,,0,-,
967,13311,3,Normal,23,1,1,0,0,37,0,0,0,0,0,1,1,2,3,3,2,0,0,0,0,123,37,4,0,0,1,0,0,9,4,RH=Crude Sword|LH=Crude Sword|BD=Crude Armour|A1=Crude Bracelet|A2=Crude Bracelet,,0,-,party wiped
968,13312,1,Normal,39,5,5,5,0,37,37,0,0,60,0,1,1,0,6,0,1,3,3,0,0,336,32,16,16,3.2,0,1,1,6,2,,,0,-,floor1_town
968,13312,2,Normal,31,5,5,5,0,37,36,0,1,55,0,1,2,1,3,3,1,0,0,0,0,308,29,14,14,2.8,0,1,1,6,2,,,0,-,+1 levelup
968,13312,3,Normal,1,1,1,0,0,36,0,1,1,0,0,2,2,1,3,3,0,0,0,1,0,114,43,5,0,0,1,0,0,7,4,RH=Crude Sword|LH=Crude Sword|BD=Crude Armour|A1=Crude Bracelet|A2=Crude Bracelet,Swords_T1_03=1,0,-,party wiped
969,13313,1,Normal,37,3,3,3,0,37,37,0,0,55,0,1,1,0,7,2,2,3,3,0,0,308,8,16,16,5.333,0,1,1,4,4,,,0,-,floor1_town
969,13313,2,Normal,31,3,3,3,0,37,29,0,0,30,0,1,1,0,3,3,2,0,0,0,0,168,8,8,8,2.667,0,1,1,4,4,,,0,-,
969,13313,3,Normal,1,1,1,0,0,29,0,0,0,0,0,1,1,2,3,3,2,0,0,0,0,138,37,4,0,0,1,0,0,10,4,RH=Crude Sword|LH=Crude Sword|BD=Crude Armour|A1=Crude Bracelet|A2=Crude Bracelet,,0,-,party wiped
970,13314,1,Normal,35,4,4,4,0,37,37,0,0,45,0,1,1,0,3,1,0,3,3,0,0,252,16,10,10,2.5,0,1,1,5,1,,,0,-,floor1_town
970,13314,2,Normal,33,4,4,4,0,37,37,0,0,35,0,1,1,0,3,2,2,3,3,0,0,196,8,9,9,2.25,0,1,1,6,1,,,0,-,
970,13314,3,Normal,5,1,1,0,0,37,0,0,0,0,0,1,1,4,3,3,0,0,0,0,0,140,37,7,0,0,1,0,0,12,4,RH=Crude Sword|LH=Crude Sword|BD=Crude Armour|A1=Crude Bracelet|A2=Crude Bracelet,,0,-,party wiped
971,13315,1,Normal,33,3,3,3,0,37,37,0,0,45,0,1,1,0,5,1,2,3,3,0,0,252,8,12,12,4,0,1,1,4,4,,,0,-,floor1_town
971,13315,2,Normal,25,3,3,3,0,37,37,0,0,15,0,1,1,0,0,0,3,3,3,0,0,84,0,3,3,1,0,1,1,4,1,,,0,-,
971,13315,3,Normal,5,1,1,0,0,37,0,0,0,0,0,1,1,5,3,3,0,0,0,0,0,162,37,6,0,0,1,0,0,10,4,RH=Crude Sword|LH=Crude Sword|BD=Crude Armour|A1=Crude Bracelet|A2=Crude Bracelet,,0,-,party wiped
972,13316,1,Normal,31,1,1,1,0,37,37,0,0,5,0,1,1,0,0,0,0,3,3,0,0,28,0,1,1,1,0,1,1,2,1,,,0,-,floor1_town
972,13316,2,Normal,30,2,2,2,0,37,37,0,0,20,0,1,1,0,1,0,0,2,3,0,0,112,8,4,4,2,0,1,1,3,2,,,0,-,
972,13316,3,Normal,1,1,1,0,0,37,0,0,0,0,0,1,1,0,3,3,2,0,0,0,0,95,37,3,0,0,1,0,0,9,3,RH=Crude Sword|LH=Crude Sword|BD=Crude Armour|A1=Crude Bracelet|A2=Crude Bracelet,,0,-,party wiped
973,13317,1,Normal,29,3,3,3,0,37,37,0,0,55,0,1,1,0,7,6,1,3,3,0,0,308,29,16,16,5.333,0,1,1,4,3,,,0,-,floor1_town
973,13317,2,Normal,38,6,6,6,0,37,45,0,2,50,0,1,2,0,3,0,3,0,3,0,0,280,16,11,11,1.833,0,1,1,6,3,,,0,-,+1 levelup
973,13317,3,Normal,2,1,1,0,0,45,0,2,2,0,0,2,2,4,0,3,0,0,0,1,0,135,44,5,0,0,1,0,0,6,4,RH=Crude Sword|LH=Crude Sword|BD=Crude Armour|A1=Crude Bracelet|A2=Crude Bracelet,Swords_T1_03=1,0,-,party wiped
974,13318,1,Normal,27,4,4,4,0,37,37,0,0,50,0,1,1,0,6,2,0,3,3,0,0,280,0,15,15,3.75,0,1,1,5,2,,,0,-,floor1_town
974,13318,2,Normal,35,4,4,4,0,37,45,0,3,55,0,1,2,0,6,4,1,0,2,0,0,308,21,15,15,3.75,0,1,1,6,2,,,0,-,+1 levelup
974,13318,3,Normal,38,6,6,6,0,45,44,3,3,132,0,2,2,3,3,5,0,0,0,6,0,660,23,21,21,3.5,0,1,1,7,1,,Swords_T1_03=6,0,-,
974,13318,4,Normal,25,3,3,2,0,44,0,3,3,10,0,2,2,0,0,0,0,0,0,1,0,111,43,4,2,1,1,0,0,7,4,RH=Crude Sword|LH=Crude Sword|BD=Crude Armour|A1=Crude Bracelet|A2=Crude Bracelet,Swords_T1_03=1,0,-,party wiped
975,13319,1,Normal,25,3,3,3,0,37,37,0,0,35,0,1,1,0,3,0,1,3,3,0,0,196,14,8,8,2.667,0,1,1,4,1,,,0,-,floor1_town
975,13319,2,Normal,32,3,3,3,0,37,37,0,0,15,0,1,1,0,0,0,1,3,3,0,0,84,0,3,3,1,0,1,1,4,1,,,0,-,
975,13319,3,Normal,6,1,1,0,0,37,0,0,0,0,0,1,1,3,3,3,0,0,0,0,0,120,37,5,0,0,1,0,0,10,4,RH=Crude Sword|LH=Crude Sword|BD=Crude Armour|A1=Crude Bracelet|A2=Crude Bracelet,,0,-,party wiped
976,13320,1,Normal,39,5,5,5,0,37,37,0,0,65,0,1,1,0,7,4,2,3,3,0,0,364,6,19,19,3.8,0,1,1,6,1,,,0,-,floor1_town
976,13320,2,Normal,37,4,4,4,0,37,44,0,3,40,0,1,2,0,3,2,4,3,3,1,0,224,8,10,10,2.5,0,1,1,7,1,,Swords_T1_03=1,0,-,+1 levelup
976,13320,3,Normal,36,2,2,2,0,44,43,3,3,72,0,2,2,3,3,3,3,0,0,1,0,360,0,11,11,5.5,0,1,1,7,4,,Swords_T1_03=1,0,-,
976,13320,4,Normal,34,4,4,4,0,43,45,3,3,55,0,2,2,2,3,1,1,0,2,3,0,308,10,16,16,4,0,1,1,8,1,,Swords_T1_03=3,0,-,
976,13320,5,Normal,28,1,1,1,0,45,38,3,3,15,0,2,2,0,0,1,1,0,1,1,0,84,6,4,4,4,0,1,1,8,3,,Swords_T1_03=1,0,-,
976,13320,6,Normal,30,4,4,4,0,38,54,3,6,55,0,2,3,1,3,3,0,0,1,1,0,308,23,16,16,4,0,1,1,9,4,,Swords_T1_03=1,0,-,+1 levelup
976,13320,7,Normal,25,3,3,3,0,54,54,6,6,25,0,3,3,0,0,1,0,0,0,1,0,140,0,6,6,2,0,1,1,9,1,,Swords_T1_04=1,0,-,
976,13320,8,Normal,1,1,1,0,0,54,0,6,6,0,0,3,3,0,3,3,0,0,0,1,0,91,54,4,0,0,1,0,0,15,2,RH=Crude Sword|LH=Crude Sword|BD=Crude Armour|A1=Crude Bracelet|A2=Crude Bracelet,Swords_T1_04=1,0,-,party wiped
977,13321,1,Normal,37,4,4,4,0,37,37,0,0,40,0,1,1,0,2,0,1,3,3,0,0,224,8,9,9,2.25,0,1,1,5,2,,,0,-,floor1_town
977,13321,2,Normal,32,3,3,2,1,37,3,0,0,30,0,1,1,2,3,3,0,0,0,0,0,252,34,13,8,4,0,1,1,5,4,,,0,-,flee×1
977,13321,3,Normal,5,2,2,1,0,3,0,0,0,12,0,1,1,0,4,3,0,0,0,0,0,172,37,5,2,2,1,0,0,17,4,RH=Crude Sword|LH=Crude Sword|BD=Crude Armour|A1=Crude Bracelet|A2=Crude Bracelet,,0,-,party wiped
978,13322,1,Normal,35,3,3,3,0,37,37,0,0,50,0,1,1,0,6,0,2,3,3,0,0,280,24,13,13,4.333,0,1,1,4,2,,,0,-,floor1_town
978,13322,2,Normal,39,5,5,5,0,37,37,0,0,45,0,1,1,0,4,0,4,3,3,0,0,252,16,10,10,2,0,1,1,6,1,,,0,-,
978,13322,3,Normal,19,4,4,3,0,37,0,0,2,72,0,1,2,4,3,3,2,0,0,3,0,420,42,14,11,3.667,1,0,0,12,2,RH=Crude Sword|LH=Crude Sword|BD=Crude Armour|A1=Crude Bracelet|A2=Crude Bracelet,Swords_T1_03=3,0,-,party wiped; +1 levelup
979,13323,1,Normal,32,4,4,4,0,37,37,0,0,60,0,1,1,0,9,0,1,3,3,0,0,336,8,18,18,4.5,0,1,1,5,3,,,0,-,floor1_town
979,13323,2,Normal,35,4,4,4,0,37,46,0,3,40,0,1,2,0,3,3,3,0,0,0,0,224,8,10,10,2.5,0,1,1,6,4,,,0,-,+1 levelup
979,13323,3,Normal,39,5,5,3,1,46,0,3,3,84,0,2,2,3,6,6,0,0,0,3,0,628,113,19,12,4,1,0,0,8,3,RH=Crude Sword|LH=Crude Sword|BD=Crude Armour|A1=Crude Bracelet|A2=Crude Bracelet,Swords_T1_03=3,0,-,party wiped; flee×1
980,13324,1,Normal,30,3,3,3,0,37,37,0,0,45,0,1,1,0,5,2,2,3,3,0,0,252,16,11,11,3.667,0,1,1,4,2,,,0,-,floor1_town
980,13324,2,Normal,28,3,3,3,0,37,37,0,0,45,0,1,1,1,3,3,1,3,3,0,0,252,8,12,12,4,0,1,1,5,1,,,0,-,
980,13324,3,Normal,14,3,3,2,0,37,0,0,3,36,0,1,2,2,3,3,0,0,0,2,0,331,44,9,5,2.5,1,0,0,11,4,RH=Crude Sword|LH=Crude Sword|BD=Crude Armour|A1=Crude Bracelet|A2=Crude Bracelet,Swords_T1_03=2,0,-,party wiped; +1 levelup
981,13325,1,Normal,28,4,4,4,0,37,37,0,0,40,0,1,1,0,3,0,0,3,3,0,0,224,8,10,10,2.5,0,1,1,5,2,,,0,-,floor1_town
981,13325,2,Normal,33,3,3,3,0,37,31,0,0,40,0,1,1,0,3,2,2,0,1,0,0,224,6,13,13,4.333,0,1,1,5,3,,,0,-,
981,13325,3,Normal,9,2,2,1,0,31,0,0,2,36,0,1,2,3,3,3,0,0,0,1,0,271,66,10,7,7,1,0,0,11,3,RH=Crude Sword|LH=Crude Sword|BD=Crude Armour|A1=Crude Bracelet|A2=Crude Bracelet,Swords_T1_03=1,0,-,party wiped; +1 levelup
982,13326,1,Normal,26,2,2,2,0,37,37,0,0,15,0,1,1,0,0,0,2,3,3,0,0,84,8,3,3,1.5,0,1,1,3,1,,,0,-,floor1_town
982,13326,2,Normal,34,2,2,2,0,37,29,0,0,25,0,1,1,0,1,0,3,2,3,0,0,140,8,6,6,3,0,1,1,3,3,,,0,-,
982,13326,3,Normal,12,3,3,2,0,29,0,0,0,36,0,1,1,4,7,5,0,0,0,0,0,323,37,12,6,3,1,0,0,21,4,RH=Crude Sword|LH=Crude Sword|BD=Crude Armour|A1=Crude Bracelet|A2=Crude Bracelet,,0,-,party wiped
983,13327,1,Normal,40,5,5,5,0,37,37,0,0,75,0,1,1,0,11,6,0,3,3,0,0,420,24,24,24,4.8,0,1,1,6,1,,,0,-,floor1_town
983,13327,2,Normal,31,4,4,4,0,37,36,0,2,45,0,1,2,0,3,1,2,0,2,2,0,252,7,11,11,2.75,0,1,1,6,1,,Swords_T1_03=2,0,-,+1 levelup
983,13327,3,Normal,25,1,1,1,0,36,34,2,2,36,0,2,2,0,3,2,3,0,1,1,0,180,10,6,6,6,0,1,1,7,3,,Swords_T1_03=1,0,-,
983,13327,4,Normal,32,1,1,1,0,34,45,2,2,20,0,2,2,2,0,1,1,0,0,1,0,112,-12,5,5,5,0,1,1,7,4,,Swords_T1_03=1,0,-,
983,13327,5,Normal,40,3,3,2,1,45,1,2,2,20,0,2,2,1,0,0,0,0,0,1,0,139,43,5,4,2,0,1,1,7,4,,Swords_T1_03=1,0,-,flee×1
983,13327,6,Normal,29,3,3,3,0,1,28,2,2,40,0,2,2,0,3,3,0,0,0,3,0,224,28,11,11,3.667,0,1,1,8,3,,Swords_T1_03=3,0,-,
983,13327,7,Normal,26,3,3,2,1,28,7,2,2,35,0,2,2,0,3,3,0,0,0,3,0,280,35,12,8,4,0,1,1,9,4,,Swords_T1_03=3,0,-,flee×1
983,13327,8,Normal,7,1,1,0,0,7,0,2,2,0,0,2,2,0,1,0,0,2,3,0,0,42,45,1,0,0,1,0,0,15,4,RH=Crude Sword|LH=Crude Sword|BD=Crude Armour|A1=Crude Bracelet|A2=Crude Bracelet,,0,-,party wiped
984,13328,1,Normal,38,3,3,3,0,37,37,0,0,55,0,1,1,0,9,6,1,3,3,0,0,308,0,18,18,6,0,1,1,4,4,,,0,-,floor1_town
984,13328,2,Normal,37,3,3,3,0,37,16,0,0,40,0,1,1,0,3,3,3,0,0,0,0,224,21,11,11,3.667,0,1,1,4,3,,,0,-,
984,13328,3,Normal,9,2,2,1,0,16,0,0,2,12,0,1,2,4,3,3,0,0,0,1,0,266,43,8,2,2,1,0,0,10,4,RH=Crude Sword|LH=Crude Sword|BD=Crude Armour|A1=Crude Bracelet|A2=Crude Bracelet,Swords_T1_03=1,0,-,party wiped; +1 levelup
985,13329,1,Normal,36,4,4,4,0,37,37,0,0,45,0,1,1,0,6,3,0,3,3,0,0,252,0,14,14,3.5,0,1,1,5,1,,,0,-,floor1_town
985,13329,2,Normal,37,5,5,5,0,37,46,0,2,60,0,1,2,0,5,3,0,3,3,0,0,336,22,18,18,3.6,0,1,1,7,2,,,0,-,+1 levelup
985,13329,3,Normal,8,2,2,1,0,46,0,2,2,24,0,2,2,1,3,3,0,0,0,2,0,277,44,7,3,3,1,0,0,7,4,RH=Crude Sword|LH=Crude Sword|BD=Crude Armour|A1=Crude Bracelet|A2=Crude Bracelet,Swords_T1_03=2,0,-,party wiped
986,13330,1,Normal,34,3,3,3,0,37,37,0,0,35,0,1,1,0,3,2,1,3,3,0,0,196,16,10,10,3.333,0,1,1,4,1,,,0,-,floor1_town
986,13330,2,Normal,26,4,4,4,0,37,37,0,0,55,0,1,1,0,6,4,2,0,0,0,0,308,8,14,14,3.5,0,1,1,5,1,,,0,-,
986,13330,3,Normal,28,3,3,3,0,37,43,0,1,36,0,1,2,1,1,0,1,2,3,1,0,180,11,7,7,2.333,0,1,1,11,1,,Swords_T1_03=1,0,-,+1 levelup
986,13330,4,Normal,39,5,5,5,0,43,44,1,1,60,0,2,2,1,2,3,0,0,0,1,0,336,-2,16,16,3.2,0,1,1,11,2,,Swords_T1_03=1,0,-,
986,13330,5,Normal,37,3,3,3,0,44,17,1,1,45,0,2,2,0,3,3,0,0,0,2,0,252,39,13,13,4.333,0,1,1,12,3,,Swords_T1_03=2,0,-,
986,13330,6,Normal,19,4,4,3,0,17,0,1,1,45,0,2,2,0,3,3,0,0,0,4,0,308,40,15,12,4,1,0,0,13,4,RH=Crude Sword|LH=Crude Sword|BD=Crude Armour|A1=Crude Bracelet|A2=Crude Bracelet,Swords_T1_03=4,0,-,party wiped
987,13331,1,Normal,32,4,4,4,0,37,37,0,0,45,0,1,1,0,4,2,2,3,3,0,0,252,16,13,13,3.25,0,1,1,5,3,,,0,-,floor1_town
987,13331,2,Normal,32,4,4,4,0,37,45,0,1,65,0,1,2,1,8,3,2,0,0,0,0,364,32,19,19,4.75,0,1,1,8,4,,,0,-,+1 levelup
987,13331,3,Normal,26,2,2,1,1,45,13,1,1,12,0,2,2,4,0,0,0,0,0,1,0,180,31,6,1,1,0,1,1,8,3,,Swords_T1_03=1,0,-,flee×1
987,13331,4,Normal,30,3,3,3,0,13,45,1,1,30,0,2,2,0,2,0,0,1,3,3,0,168,11,6,6,2,0,1,1,9,2,,Swords_T1_03=3,0,-,
987,13331,5,Normal,39,4,4,4,0,45,20,1,1,55,0,2,2,0,1,3,0,0,0,3,0,308,22,14,14,3.5,0,1,1,9,3,,Swords_T1_03=3,0,-,
987,13331,6,Normal,38,4,4,4,0,20,37,1,1,45,0,2,2,0,3,3,0,0,0,2,0,252,20,11,11,2.75,0,1,1,10,3,,Swords_T1_03=2,0,-,
987,13331,7,Normal,40,4,4,3,1,37,37,1,1,20,0,2,2,0,0,0,0,3,3,2,0,168,37,6,4,1.333,0,1,1,11,2,,Swords_T1_03=2,0,-,flee×1
987,13331,8,Normal,6,1,1,0,0,37,0,1,1,0,0,2,2,0,3,0,0,0,3,0,0,22,45,1,0,0,1,0,0,17,4,RH=Crude Sword|LH=Crude Sword|BD=Crude Armour|A1=Crude Bracelet|A2=Crude Bracelet,,0,-,party wiped
988,13332,1,Normal,30,3,3,3,0,37,37,0,0,30,0,1,1,0,4,0,1,3,3,0,0,168,0,7,7,2.333,0,1,1,4,3,,,0,-,floor1_town
988,13332,2,Normal,28,3,3,3,0,37,37,0,0,45,0,1,1,1,6,6,2,0,0,0,0,252,8,16,16,5.333,0,1,1,5,4,,,0,-,
988,13332,3,Normal,32,1,1,1,0,37,44,0,2,36,0,1,2,2,3,3,0,0,0,0,0,180,36,8,8,8,0,1,1,11,3,,,0,-,+1 levelup
988,13332,4,Normal,32,3,3,2,1,44,35,2,2,15,0,2,2,0,0,0,0,3,3,2,0,112,42,4,3,1.5,0,1,1,12,2,,Swords_T1_03=2,0,-,flee×1
988,13332,5,Normal,39,5,5,5,0,35,35,2,2,65,0,2,2,0,6,0,0,0,3,4,0,364,9,13,13,2.6,0,1,1,13,2,,Swords_T1_03=4,0,-,
988,13332,6,Normal,27,4,4,4,0,35,44,2,2,60,0,2,2,0,3,4,0,0,2,1,0,336,19,14,14,3.5,0,1,1,14,4,,Swords_T1_03=1,0,-,
988,13332,7,Normal,31,3,3,3,0,44,44,2,2,25,0,2,2,0,1,0,0,2,3,1,0,140,12,6,6,2,0,1,1,15,2,,Swords_T1_03=1,0,-,
988,13332,8,Normal,12,1,1,0,0,44,0,2,2,0,0,2,2,0,0,0,0,3,3,1,0,68,43,1,0,0,1,0,0,21,3,RH=Crude Sword|LH=Crude Sword|BD=Crude Armour|A1=Crude Bracelet|A2=Crude Bracelet,Swords_T1_03=1,0,-,party wiped
989,13333,1,Normal,28,2,2,2,0,37,37,0,0,30,0,1,1,0,4,1,2,3,3,0,0,168,8,9,9,4.5,0,1,1,3,3,,,0,-,floor1_town
989,13333,2,Normal,25,5,5,5,0,37,37,0,0,50,0,1,1,0,3,1,3,3,3,0,0,280,8,12,12,2.4,0,1,1,4,1,,,0,-,
989,13333,3,Normal,6,1,1,0,0,37,0,0,0,0,0,1,1,1,3,3,3,0,0,0,0,95,37,3,0,0,1,0,0,10,4,RH=Crude Sword|LH=Crude Sword|BD=Crude Armour|A1=Crude Bracelet|A2=Crude Bracelet,,0,-,party wiped
990,13334,1,Normal,26,3,3,3,0,37,37,0,0,35,0,1,1,0,2,0,0,3,3,0,0,196,8,9,9,3,0,1,1,4,3,,,0,-,floor1_town
990,13334,2,Normal,35,3,3,3,0,37,29,0,0,40,0,1,1,0,4,1,1,3,3,0,0,224,24,13,13,4.333,0,1,1,6,2,,,0,-,
990,13334,3,Normal,37,3,3,3,0,29,45,0,3,60,0,1,2,1,5,3,1,0,0,0,0,300,0,12,12,4,0,1,1,24,3,,,0,-,+1 levelup
990,13334,4,Normal,40,5,5,4,1,45,32,3,3,45,0,2,2,1,2,0,0,2,3,3,0,308,57,12,10,2.5,0,1,1,26,3,,Swords_T1_03=3,0,-,flee×1
990,13334,5,Normal,28,3,3,3,0,32,35,3,3,20,0,2,2,0,0,0,0,3,3,2,0,112,8,4,4,1.333,0,1,1,27,1,,Swords_T1_03=2,0,-,
990,13334,6,Normal,34,4,4,4,0,35,36,3,3,45,0,2,2,0,3,0,0,0,3,3,0,252,-4,9,9,2.25,0,1,1,27,3,,Swords_T1_03=3,0,-,
990,13334,7,Normal,27,3,3,2,0,36,0,3,3,20,0,2,2,0,0,3,0,0,0,2,0,190,34,7,4,2,1,0,0,27,4,RH=Crude Sword|LH=Crude Sword|BD=Crude Armour|A1=Crude Bracelet|A2=Crude Bracelet,Swords_T1_03=2,0,-,party wiped
991,13335,1,Normal,40,5,5,5,0,37,37,0,0,60,0,1,1,0,6,1,2,3,3,0,0,336,16,16,16,3.2,0,1,1,6,4,,,0,-,floor1_town
991,13335,2,Normal,37,5,5,5,0,37,44,0,3,45,0,1,2,0,3,3,2,0,0,0,0,252,0,11,11,2.2,0,1,1,6,1,,,0,-,+1 levelup
991,13335,3,Normal,7,1,1,0,0,44,0,3,3,0,0,2,2,4,0,0,0,0,0,1,0,142,43,4,0,0,1,0,0,6,4,RH=Crude Sword|LH=Crude Sword|BD=Crude Armour|A1=Crude Bracelet|A2=Crude Bracelet,Swords_T1_03=1,0,-,party wiped
992,13336,1,Normal,38,5,5,5,0,37,37,0,0,75,0,1,1,0,10,5,0,3,3,0,0,420,24,23,23,4.6,0,1,1,6,4,,,0,-,floor1_town
992,13336,2,Normal,35,4,4,4,0,37,45,0,2,30,0,1,2,0,0,0,2,3,3,0,0,168,16,6,6,1.5,0,1,1,7,2,,,0,-,+1 levelup
992,13336,3,Normal,39,3,3,3,0,45,45,2,2,84,0,2,2,3,6,5,0,0,1,2,0,420,2,15,15,5,0,1,1,8,1,,Swords_T1_03=2,0,-,
992,13336,4,Normal,32,4,4,4,0,45,36,2,2,45,0,2,2,0,2,1,0,1,3,3,0,252,22,11,11,2.75,0,1,1,9,2,,Swords_T1_03=3,0,-,
992,13336,5,Normal,38,2,2,2,0,36,45,2,2,25,0,2,2,0,1,2,0,0,1,1,0,140,-10,6,6,3,0,1,1,9,2,,Swords_T1_03=1,0,-,
992,13336,6,Normal,26,3,3,3,0,45,16,2,2,30,0,2,2,0,0,1,0,0,0,2,0,168,27,8,8,2.667,0,1,1,9,2,,Swords_T1_03=2,0,-,
992,13336,7,Normal,22,2,2,1,0,16,0,2,5,20,0,2,3,0,3,3,0,0,0,3,0,161,49,8,5,5,1,0,0,10,4,RH=Crude Sword|LH=Crude Sword|BD=Crude Armour|A1=Crude Bracelet|A2=Crude Bracelet,Swords_T1_03=2|Swords_T1_04=1,0,-,party wiped; +1 levelup
993,13337,1,Normal,36,4,4,4,0,37,37,0,0,60,0,1,1,0,7,3,2,3,3,0,0,336,22,18,18,4.5,0,1,1,5,4,,,0,-,floor1_town
993,13337,2,Normal,36,5,5,5,0,37,46,0,1,60,0,1,2,0,6,3,2,0,2,2,0,336,6,16,16,3.2,0,1,1,6,3,,Swords_T1_03=2,0,-,+1 levelup
993,13337,3,Normal,16,2,2,1,0,46,0,1,1,12,0,2,2,3,0,2,0,0,0,2,0,240,44,7,1,1,1,0,0,6,4,RH=Crude Sword|LH=Crude Sword|BD=Crude Armour|A1=Crude Bracelet|A2=Crude Bracelet,Swords_T1_03=2,0,-,party wiped
994,13338,1,Normal,34,4,4,4,0,37,37,0,0,45,0,1,1,0,3,3,0,3,3,0,0,252,16,11,11,2.75,0,1,1,5,4,,,0,-,floor1_town
994,13338,2,Normal,30,3,3,3,0,37,37,0,0,45,0,1,1,0,6,3,1,0,2,0,0,252,8,12,12,4,0,1,1,6,3,,,0,-,
994,13338,3,Normal,13,2,2,1,0,37,0,0,1,24,0,1,2,3,3,3,0,0,0,1,0,339,45,10,4,4,1,0,0,12,4,RH=Crude Sword|LH=Crude Sword|BD=Crude Armour|A1=Crude Bracelet|A2=Crude Bracelet,Swords_T1_03=1,0,-,party wiped; +1 levelup
995,13339,1,Normal,32,3,3,3,0,37,37,0,0,35,0,1,1,0,4,0,1,3,3,0,0,196,14,11,11,3.667,0,1,1,4,1,,,0,-,floor1_town
995,13339,2,Normal,27,5,5,5,0,37,37,0,0,30,0,1,1,0,0,0,1,3,3,0,0,168,8,7,7,1.4,0,1,1,5,1,,,0,-,
995,13339,3,Normal,7,2,2,1,0,37,0,0,3,36,0,1,2,1,3,3,0,0,0,0,0,217,74,8,6,6,1,0,0,11,3,RH=Crude Sword|LH=Crude Sword|BD=Crude Armour|A1=Crude Bracelet|A2=Crude Bracelet,,0,-,party wiped; +1 levelup
996,13340,1,Normal,30,3,3,3,0,37,37,0,0,40,0,1,1,0,4,0,0,3,3,0,0,224,0,9,9,3,0,1,1,4,3,,,0,-,floor1_town
996,13340,2,Normal,35,5,5,5,0,37,45,0,3,65,0,1,2,0,6,1,0,2,3,0,0,364,16,17,17,3.4,0,1,1,6,3,,,0,-,+1 levelup
996,13340,3,Normal,18,1,1,0,0,45,0,3,3,0,0,2,2,2,2,3,0,0,0,1,0,210,44,5,0,0,1,0,0,6,4,RH=Crude Sword|LH=Crude Sword|BD=Crude Armour|A1=Crude Bracelet|A2=Crude Bracelet,Swords_T1_03=1,0,-,party wiped
997,13341,1,Normal,28,3,3,3,0,37,37,0,0,35,0,1,1,0,2,0,1,3,3,0,0,196,8,7,7,2.333,0,1,1,4,3,,,0,-,floor1_town
997,13341,2,Normal,29,3,3,3,0,37,37,0,0,40,0,1,1,1,3,3,0,0,0,0,0,224,0,12,12,4,0,1,1,4,4,,,0,-,
997,13341,3,Normal,18,1,1,0,0,37,0,0,0,0,0,1,1,1,3,3,0,0,0,0,0,95,37,4,0,0,1,0,0,10,4,RH=Crude Sword|LH=Crude Sword|BD=Crude Armour|A1=Crude Bracelet|A2=Crude Bracelet,,0,-,party wiped
998,13342,1,Normal,26,3,3,3,0,37,37,0,0,50,0,1,1,0,7,2,2,3,3,0,0,280,0,14,14,4.667,0,1,1,4,3,,,0,-,floor1_town
998,13342,2,Normal,40,4,4,4,0,37,23,0,0,45,0,1,1,1,3,3,3,0,0,0,0,252,14,13,13,3.25,0,1,1,4,4,,,0,-,
998,13342,3,Normal,27,3,3,3,0,23,33,0,1,60,0,1,2,2,3,3,3,0,0,1,0,300,12,13,13,4.333,0,1,1,10,2,,Swords_T1_03=1,0,-,+1 levelup
998,13342,4,Normal,36,5,5,5,0,33,46,1,1,60,0,2,2,2,2,0,1,1,3,0,0,336,13,15,15,3,0,1,1,11,3,,,0,-,
998,13342,5,Normal,32,4,4,4,0,46,20,1,1,50,0,2,2,0,1,3,1,0,0,1,0,280,25,12,12,3,0,1,1,11,4,,Swords_T1_03=1,0,-,
998,13342,6,Normal,26,4,4,4,0,20,53,1,2,45,0,2,3,0,3,2,1,0,1,4,0,252,4,11,11,2.75,0,1,1,12,1,,Swords_T1_03=4,0,-,+1 levelup
998,13342,7,Normal,15,2,2,1,0,53,0,2,2,15,0,3,3,1,0,1,0,0,0,1,0,167,51,8,4,4,1,0,0,12,4,RH=Crude Sword|LH=Crude Sword|BD=Crude Armour|A1=Crude Bracelet|A2=Crude Bracelet,Swords_T1_03=1,0,-,party wiped
999,13343,1,Normal,40,7,7,7,0,37,45,0,2,110,0,1,2,0,17,2,1,3,3,0,0,616,16,31,31,4.429,0,1,1,8,3,,,0,-,floor1_town; +1 levelup
999,13343,2,Normal,36,2,2,2,0,45,45,2,2,20,0,2,2,0,2,0,3,1,3,1,0,112,-1,5,5,2.5,0,1,1,8,3,,Swords_T1_03=1,0,-,
999,13343,3,Normal,36,4,4,4,0,45,45,2,2,60,0,2,2,0,1,3,3,0,0,1,0,300,-1,9,9,2.25,0,1,1,8,1,,Swords_T1_03=1,0,-,
999,13343,4,Normal,27,3,3,3,0,45,45,2,2,45,0,2,2,1,3,1,2,0,2,2,0,252,12,13,13,4.333,0,1,1,9,3,,Swords_T1_03=2,0,-,
999,13343,5,Normal,29,4,4,4,0,45,32,2,2,55,0,2,2,2,2,2,0,1,3,3,0,308,37,15,15,3.75,0,1,1,10,3,,Swords_T1_03=3,0,-,
999,13343,6,Normal,29,2,2,2,0,32,52,2,3,20,0,2,3,0,1,0,0,2,3,0,0,112,8,4,4,2,0,1,1,11,1,,,0,-,+1 levelup
999,13343,7,Normal,29,2,2,2,0,52,44,3,3,10,0,3,3,0,0,0,0,2,3,1,0,56,8,3,3,1.5,0,1,1,11,1,,Swords_T1_04=1,0,-,
999,13343,8,Normal,11,1,1,0,0,44,0,3,3,0,0,3,3,0,3,3,0,0,0,3,0,33,52,4,0,0,1,0,0,17,2,RH=Crude Sword|LH=Crude Sword|BD=Crude Armour|A1=Crude Bracelet|A2=Crude Bracelet,Swords_T1_04=3,0,-,party wiped
1000,13344,1,Normal,38,4,4,4,0,37,37,0,0,45,0,1,1,0,3,0,2,3,3,0,0,252,8,11,11,2.75,0,1,1,5,2,,,0,-,floor1_town
1000,13344,2,Normal,29,3,3,3,0,37,37,0,0,35,0,1,1,0,3,2,2,3,3,0,0,196,16,8,8,2.667,0,1,1,7,1,,,0,-,
1000,13344,3,Normal,6,1,1,0,0,37,0,0,0,0,0,1,1,4,3,3,0,0,0,0,0,191,37,6,0,0,1,0,0,13,4,RH=Crude Sword|LH=Crude Sword|BD=Crude Armour|A1=Crude Bracelet|A2=Crude Bracelet,,0,-,party wiped
