run_id,seed,floor,floor_type,steps_moved,encounters,battles,battles_won,battles_fled,hp_before,hp_after,mp_before,mp_after,xp_gained,gold_gained,level_before,level_after,medicinal_herb_use_count,potion_use_count,dawn_chalice_use_count,medicinal_herb_remain_after,potion_remain_after,chalice_remain_after,skill_use_count,recovery_skill_use_count,total_damage_dealt,total_damage_taken,total_battle_turns,death_flag,clear_flag,next_floor_flag,floor1_town_uses_cumulative,last_battle_enemy_count,notes
1,12345,1,Normal,26,4,4,4,0,27,27,0,0,20,0,1,1,3,9,4,15,3,3,0,0,112,0,24,0,1,1,5,1,floor1_town
1,12345,2,Normal,35,4,4,3,0,27,0,0,0,15,0,1,1,3,3,3,12,0,0,0,0,84,27,19,1,0,0,5,1,party wiped
2,12346,1,Normal,34,2,2,2,0,27,27,0,0,10,0,1,1,2,5,0,15,3,3,0,0,56,0,11,0,1,1,3,1,floor1_town
2,12346,2,Normal,31,4,4,3,0,27,0,0,0,15,0,1,1,4,3,3,11,0,0,0,0,93,27,22,1,0,0,3,1,party wiped
3,12347,1,Normal,26,3,3,3,0,27,27,0,0,15,0,1,1,1,8,3,15,3,3,0,0,84,0,19,0,1,1,4,1,floor1_town
3,12347,2,Normal,26,2,2,2,0,27,27,0,0,10,0,1,1,2,3,2,15,0,1,0,0,56,0,11,0,1,1,4,1,
3,12347,3,Normal,32,4,4,4,0,27,18,0,0,15,0,1,1,8,0,1,9,0,0,0,0,106,9,24,0,1,1,4,1,
3,12347,4,Normal,2,1,1,0,0,18,0,0,0,0,0,1,1,0,0,0,10,0,0,0,0,0,18,1,1,0,0,4,1,party wiped
4,12348,1,Normal,35,2,2,2,0,27,27,0,0,10,0,1,1,3,3,3,15,3,3,0,0,56,0,14,0,1,1,3,1,floor1_town
4,12348,2,Normal,33,2,2,2,0,27,27,0,0,10,0,1,1,2,3,3,15,0,0,0,0,56,0,17,0,1,1,3,1,
4,12348,3,Normal,3,1,1,0,0,27,0,0,0,0,0,1,1,0,0,0,16,0,0,0,0,23,27,2,1,0,0,3,1,party wiped
5,12349,1,Normal,27,2,2,2,0,27,27,0,0,10,0,1,1,2,4,0,15,3,3,0,0,56,0,9,0,1,1,3,1,floor1_town
5,12349,2,Normal,32,2,2,1,0,27,0,0,0,5,0,1,1,1,3,3,15,0,0,0,0,37,27,12,1,0,0,3,1,party wiped
6,12350,1,Normal,35,4,4,4,0,27,27,0,0,20,0,1,1,3,11,3,15,3,3,0,0,112,0,23,0,1,1,5,1,floor1_town
6,12350,2,Normal,31,4,4,4,0,27,15,0,0,20,0,1,1,2,3,3,13,0,0,0,0,112,12,19,0,1,1,5,1,
6,12350,3,Normal,35,2,2,2,0,15,18,0,0,5,0,1,1,2,0,0,11,0,0,0,0,50,-3,7,0,1,1,5,1,
6,12350,4,Normal,38,1,1,1,0,18,15,0,0,5,0,1,1,5,0,0,7,0,0,0,0,28,3,9,0,1,1,5,1,
6,12350,5,Normal,8,2,2,1,0,15,0,0,0,5,0,1,1,2,0,0,5,0,0,0,0,48,15,12,1,0,0,5,1,party wiped
7,12351,1,Normal,28,3,3,3,0,27,27,0,0,15,0,1,1,4,7,0,15,3,3,0,0,84,0,17,0,1,1,4,1,floor1_town
7,12351,2,Normal,39,2,2,2,0,27,27,0,0,10,0,1,1,1,3,0,15,0,3,0,0,56,0,6,0,1,1,4,1,
7,12351,3,Normal,32,1,1,1,0,27,27,0,0,0,0,1,1,0,0,1,15,0,2,0,0,22,0,2,0,1,1,4,1,
7,12351,4,Normal,15,2,2,1,0,27,0,0,0,5,0,1,1,2,0,2,14,0,0,0,0,37,27,10,1,0,0,4,1,party wiped
8,12352,1,Normal,36,3,3,3,0,27,27,0,0,15,0,1,1,4,6,0,15,3,3,0,0,84,0,18,0,1,1,4,1,floor1_town
8,12352,2,Normal,31,4,4,4,0,27,15,0,0,20,0,1,1,2,3,3,13,0,0,0,0,112,12,16,0,1,1,4,1,
8,12352,3,Normal,32,3,3,3,0,15,15,0,0,10,0,1,1,3,0,0,12,0,0,0,0,78,0,12,0,1,1,4,1,
8,12352,4,Normal,13,1,1,0,0,15,0,0,0,0,0,1,1,0,0,0,12,0,0,0,0,9,15,1,1,0,0,4,1,party wiped
9,12353,1,Normal,28,2,2,2,0,27,27,0,0,10,0,1,1,4,2,0,15,3,3,0,0,56,0,11,0,1,1,3,1,floor1_town
9,12353,2,Normal,39,4,4,4,0,27,15,0,0,20,0,1,1,6,3,3,9,0,0,0,0,112,12,21,0,1,1,3,1,
9,12353,3,Normal,26,2,2,2,0,15,19,0,0,5,0,1,1,2,0,0,7,0,0,0,0,50,-4,6,0,1,1,3,1,
9,12353,4,Normal,18,3,3,2,0,19,0,0,0,10,0,1,1,3,0,0,5,0,0,0,0,70,19,11,1,0,0,3,1,party wiped
10,12354,1,Normal,37,4,4,4,0,27,27,0,0,20,0,1,1,1,8,0,15,3,3,0,0,112,0,15,0,1,1,5,1,floor1_town
10,12354,2,Normal,40,2,2,2,0,27,27,0,0,10,0,1,1,3,3,1,12,0,2,0,0,56,0,9,0,1,1,5,1,
10,12354,3,Normal,30,1,1,1,0,27,27,0,0,0,0,1,1,0,0,1,12,0,1,0,0,22,0,3,0,1,1,5,1,
10,12354,4,Normal,21,3,3,2,0,27,0,0,0,10,0,1,1,3,0,1,10,0,0,0,0,65,27,10,1,0,0,5,1,party wiped
11,12355,1,Normal,29,3,3,3,0,27,27,0,0,15,0,1,1,6,8,0,15,3,3,0,0,84,0,21,0,1,1,4,1,floor1_town
11,12355,2,Normal,25,3,3,3,0,27,27,0,0,15,0,1,1,2,3,3,14,0,0,0,0,84,0,15,0,1,1,4,1,
11,12355,3,Normal,1,1,1,0,0,27,0,0,0,0,0,1,1,0,0,0,16,0,0,0,0,16,27,3,1,0,0,4,1,party wiped
12,12356,1,Normal,38,7,7,7,0,27,27,0,0,35,0,1,1,8,15,3,15,3,3,0,0,196,0,40,0,1,1,8,1,floor1_town
12,12356,2,Normal,34,3,3,2,0,27,0,0,0,10,0,1,1,3,3,3,14,0,0,0,0,56,27,15,1,0,0,8,1,party wiped
13,12357,1,Normal,30,2,2,2,0,27,27,0,0,10,0,1,1,0,4,2,15,3,3,0,0,56,0,8,0,1,1,3,1,floor1_town
13,12357,2,Normal,16,2,2,1,0,27,0,0,0,5,0,1,1,1,3,3,15,0,0,0,0,42,27,11,1,0,0,3,1,party wiped
14,12358,1,Normal,38,1,1,1,0,27,27,0,0,5,0,1,1,0,3,0,15,3,3,0,0,28,0,6,0,1,1,2,1,floor1_town
14,12358,2,Normal,31,1,1,1,0,27,27,0,0,5,0,1,1,0,3,1,17,0,2,0,0,28,0,5,0,1,1,2,1,
14,12358,3,Normal,40,6,6,6,0,27,19,0,0,10,0,1,1,7,0,2,10,0,0,0,0,144,8,28,0,1,1,2,1,
14,12358,4,Normal,27,2,2,2,0,19,27,0,0,10,0,1,1,3,0,0,9,0,0,0,0,56,-8,9,0,1,1,2,1,
14,12358,5,Normal,16,2,2,1,0,27,0,0,0,5,0,1,1,4,0,0,5,0,0,0,0,46,27,10,1,0,0,2,1,party wiped
15,12359,1,Normal,31,2,2,2,0,27,27,0,0,10,0,1,1,2,4,1,15,3,3,0,0,56,0,9,0,1,1,3,1,floor1_town
15,12359,2,Normal,25,1,1,1,0,27,27,0,0,5,0,1,1,1,3,2,16,0,1,0,0,28,0,7,0,1,1,3,1,
15,12359,3,Normal,5,2,2,1,0,27,0,0,0,5,0,1,1,2,0,1,15,0,0,0,0,46,27,12,1,0,0,3,1,party wiped
16,12360,1,Normal,39,5,5,5,0,27,27,0,0,25,0,1,1,7,7,2,15,3,3,0,0,140,0,28,0,1,1,6,1,floor1_town
16,12360,2,Normal,33,5,5,5,0,27,15,0,0,25,0,1,1,7,3,3,8,0,0,0,0,140,12,23,0,1,1,6,1,
16,12360,3,Normal,11,2,2,1,0,15,0,0,0,5,0,1,1,3,0,0,6,0,0,0,0,28,15,9,1,0,0,6,1,party wiped
17,12361,1,Normal,31,4,4,4,0,27,27,0,0,20,0,1,1,4,8,3,15,3,3,0,0,112,12,25,0,1,1,5,1,floor1_town
17,12361,2,Normal,26,1,1,1,0,27,27,0,0,5,0,1,1,1,2,0,16,1,3,0,0,28,0,4,0,1,1,5,1,
17,12361,3,Normal,18,2,2,1,0,27,0,0,0,0,0,1,1,1,1,3,15,0,0,0,0,36,27,14,1,0,0,5,1,party wiped
18,12362,1,Normal,40,4,4,4,0,27,27,0,0,20,0,1,1,7,10,3,15,3,3,0,0,112,12,28,0,1,1,5,1,floor1_town
18,12362,2,Normal,32,4,4,3,0,27,0,0,0,15,0,1,1,2,3,3,15,0,0,0,0,102,27,23,1,0,0,5,1,party wiped
19,12363,1,Normal,32,2,2,2,0,27,27,0,0,10,0,1,1,1,6,2,15,3,3,0,0,56,0,13,0,1,1,3,1,floor1_town
19,12363,2,Normal,32,1,1,1,0,27,27,0,0,5,0,1,1,1,2,0,14,1,3,0,0,28,0,4,0,1,1,3,1,
19,12363,3,Normal,37,4,4,4,0,27,15,0,0,20,0,1,1,2,1,3,12,0,0,0,0,112,12,15,0,1,1,3,1,
19,12363,4,Normal,29,3,3,2,0,15,0,0,0,10,0,1,1,4,0,0,8,0,0,0,0,65,15,10,1,0,0,3,1,party wiped
20,12364,1,Normal,40,6,6,6,0,27,27,0,0,30,0,1,1,9,14,0,15,3,3,0,0,168,0,33,0,1,1,7,1,floor1_town
20,12364,2,Normal,26,3,3,3,0,27,27,0,0,15,0,1,1,5,3,3,11,0,0,0,0,84,0,16,0,1,1,7,1,
20,12364,3,Normal,13,3,3,2,0,27,0,0,0,0,0,1,1,2,0,0,11,0,0,0,0,65,27,12,1,0,0,7,1,party wiped
21,12365,1,Normal,33,4,4,4,0,27,27,0,0,20,0,1,1,3,4,0,15,3,3,0,0,112,0,14,0,1,1,5,1,floor1_town
21,12365,2,Normal,10,2,2,1,0,27,0,0,0,5,0,1,1,2,3,3,14,0,0,0,0,46,27,14,1,0,0,5,1,party wiped
22,12366,1,Normal,25,2,2,2,0,27,27,0,0,10,0,1,1,1,6,2,15,3,3,0,0,56,0,12,0,1,1,3,1,floor1_town
22,12366,2,Normal,30,4,4,3,0,27,0,0,0,15,0,1,1,3,3,3,12,0,0,0,0,102,27,19,1,0,0,3,1,party wiped
23,12367,1,Normal,33,4,4,4,0,27,27,0,0,20,0,1,1,0,10,2,15,3,3,0,0,112,0,20,0,1,1,5,1,floor1_town
23,12367,2,Normal,13,3,3,2,0,27,0,0,0,10,0,1,1,2,3,3,15,0,0,0,0,56,27,20,1,0,0,5,1,party wiped
24,12368,1,Normal,26,4,4,4,0,27,27,0,0,20,0,1,1,4,8,0,15,3,3,0,0,112,0,23,0,1,1,5,1,floor1_town
24,12368,2,Normal,35,2,2,2,0,27,15,0,0,10,0,1,1,2,3,3,14,0,0,0,0,56,12,12,0,1,1,5,1,
24,12368,3,Normal,1,1,1,0,0,15,0,0,0,0,0,1,1,2,0,0,14,0,0,0,0,14,15,6,1,0,0,5,1,party wiped
25,12369,1,Normal,34,3,3,3,0,27,27,0,0,15,0,1,1,3,6,1,15,3,3,0,0,84,0,15,0,1,1,4,1,floor1_town
25,12369,2,Normal,28,4,4,3,0,27,0,0,0,15,0,1,1,8,3,3,7,0,0,0,0,98,27,25,1,0,0,4,1,party wiped
26,12370,1,Normal,27,5,5,5,0,27,27,0,0,25,0,1,1,6,13,5,15,3,3,0,0,140,0,35,0,1,1,6,1,floor1_town
26,12370,2,Normal,35,4,4,4,0,27,27,0,0,20,0,1,1,4,3,3,13,0,0,0,0,112,0,20,0,1,1,6,1,
26,12370,3,Normal,26,1,1,1,0,27,11,0,0,0,0,1,1,0,0,0,13,0,0,0,0,22,16,3,0,1,1,6,1,
26,12370,4,Normal,4,1,1,0,0,11,0,0,0,0,0,1,1,0,0,0,14,0,0,0,0,16,11,2,1,0,0,6,1,party wiped
27,12371,1,Normal,35,2,2,2,0,27,27,0,0,10,0,1,1,2,5,0,15,3,3,0,0,56,0,11,0,1,1,3,1,floor1_town
27,12371,2,Normal,19,3,3,2,0,27,0,0,0,10,0,1,1,3,3,3,14,0,0,0,0,81,27,18,1,0,0,3,1,party wiped
28,12372,1,Normal,27,2,2,2,0,27,27,0,0,10,0,1,1,3,6,1,15,3,3,0,0,56,0,13,0,1,1,3,1,floor1_town
28,12372,2,Normal,29,2,2,2,0,27,15,0,0,10,0,1,1,1,3,3,15,0,0,0,0,56,12,11,0,1,1,3,1,
28,12372,3,Normal,36,1,1,1,0,15,27,0,0,5,0,1,1,4,0,0,12,0,0,0,0,28,-12,8,0,1,1,3,1,
28,12372,4,Normal,34,0,0,0,0,27,27,0,0,0,0,1,1,0,0,0,14,0,0,0,0,0,0,0,0,1,1,3,0,
28,12372,5,Normal,9,1,1,0,0,27,0,0,0,0,0,1,1,0,0,0,14,0,0,0,0,20,27,3,1,0,0,3,1,party wiped
29,12373,1,Normal,36,3,3,3,0,27,27,0,0,15,0,1,1,2,6,1,15,3,3,0,0,84,0,13,0,1,1,4,1,floor1_town
29,12373,2,Normal,25,3,3,3,0,27,27,0,0,15,0,1,1,3,3,3,13,0,0,0,0,84,0,17,0,1,1,4,1,
29,12373,3,Normal,32,1,1,1,0,27,27,0,0,0,0,1,1,1,0,0,14,0,0,0,0,22,0,4,0,1,1,4,1,
29,12373,4,Normal,14,3,3,2,0,27,0,0,0,10,0,1,1,6,0,0,10,0,0,0,0,79,27,23,1,0,0,4,1,party wiped
30,12374,1,Normal,28,3,3,3,0,27,27,0,0,15,0,1,1,8,8,3,15,3,3,0,0,84,0,24,0,1,1,4,1,floor1_town
30,12374,2,Normal,26,3,3,3,0,27,27,0,0,15,0,1,1,7,3,3,8,0,0,0,0,84,0,17,0,1,1,4,1,
30,12374,3,Normal,30,3,3,3,0,27,19,0,0,5,0,1,1,3,0,0,5,0,0,0,0,72,8,10,0,1,1,4,1,
30,12374,4,Normal,25,3,3,2,0,19,0,0,0,10,0,1,1,5,0,0,0,0,0,0,0,70,19,14,1,0,0,4,1,party wiped
31,12375,1,Normal,36,4,4,4,0,27,27,0,0,20,0,1,1,8,8,2,15,3,3,0,0,112,0,25,0,1,1,5,1,floor1_town
31,12375,2,Normal,37,4,4,4,0,27,15,0,0,20,0,1,1,7,3,3,9,0,0,0,0,112,12,25,0,1,1,5,1,
31,12375,3,Normal,1,1,1,0,0,15,0,0,0,0,0,1,1,0,0,0,10,0,0,0,0,14,15,1,1,0,0,5,1,party wiped
32,12376,1,Normal,29,4,4,4,0,27,27,0,0,20,0,1,1,2,6,1,15,3,3,0,0,112,0,16,0,1,1,5,1,floor1_town
32,12376,2,Normal,31,2,2,2,0,27,27,0,0,10,0,1,1,0,3,2,15,0,1,0,0,56,0,10,0,1,1,5,1,
32,12376,3,Normal,21,3,3,2,0,27,0,0,0,5,0,1,1,0,0,1,15,0,0,0,0,50,27,8,1,0,0,5,1,party wiped
33,12377,1,Normal,37,2,2,2,0,27,27,0,0,10,0,1,1,2,5,0,15,3,3,0,0,56,0,10,0,1,1,3,1,floor1_town
33,12377,2,Normal,39,3,3,3,0,27,27,0,0,15,0,1,1,5,3,3,10,0,0,0,0,84,0,18,0,1,1,3,1,
33,12377,3,Normal,21,1,1,0,0,27,0,0,0,0,0,1,1,0,0,0,12,0,0,0,0,14,27,2,1,0,0,3,1,party wiped
34,12378,1,Normal,29,3,3,3,0,27,27,0,0,15,0,1,1,2,6,0,15,3,3,0,0,84,0,13,0,1,1,4,1,floor1_town
34,12378,2,Normal,39,3,3,3,0,27,27,0,0,15,0,1,1,2,3,0,15,0,3,0,0,84,0,13,0,1,1,4,1,
34,12378,3,Normal,17,3,3,2,0,27,0,0,0,10,0,1,1,2,0,3,13,0,0,0,0,65,27,10,1,0,0,4,1,party wiped
35,12379,1,Normal,38,3,3,3,0,27,27,0,0,15,0,1,1,3,8,0,15,3,3,0,0,84,0,19,0,1,1,4,1,floor1_town
35,12379,2,Normal,30,5,5,5,0,27,15,0,0,25,0,1,1,7,3,3,8,0,0,0,0,140,12,25,0,1,1,4,1,
35,12379,3,Normal,23,2,2,1,0,15,0,0,0,5,0,1,1,2,0,0,8,0,0,0,0,28,15,6,1,0,0,4,1,party wiped
36,12380,1,Normal,30,5,5,5,0,27,27,0,0,25,0,1,1,9,13,3,15,3,3,0,0,140,12,34,0,1,1,6,1,floor1_town
36,12380,2,Normal,26,1,1,1,0,27,27,0,0,5,0,1,1,1,2,0,15,1,3,0,0,28,0,6,0,1,1,6,1,
36,12380,3,Normal,18,4,4,3,0,27,0,0,0,10,0,1,1,2,1,3,14,0,0,0,0,87,27,16,1,0,0,6,1,party wiped
37,12381,1,Normal,38,4,4,4,0,27,27,0,0,20,0,1,1,3,9,3,15,3,3,0,0,112,0,23,0,1,1,5,1,floor1_town
37,12381,2,Normal,35,5,5,5,0,27,27,0,0,25,0,1,1,4,3,3,13,0,0,0,0,140,0,22,0,1,1,5,1,
37,12381,3,Normal,23,4,4,3,0,27,0,0,0,5,0,1,1,3,0,0,10,0,0,0,0,72,27,16,1,0,0,5,1,party wiped
38,12382,1,Normal,31,3,3,3,0,27,27,0,0,15,0,1,1,2,9,3,15,3,3,0,0,84,0,20,0,1,1,4,1,floor1_town
38,12382,2,Normal,27,3,3,3,0,27,27,0,0,15,0,1,1,3,3,1,12,0,2,0,0,84,0,12,0,1,1,4,1,
38,12382,3,Normal,24,4,4,3,0,27,0,0,0,15,0,1,1,5,0,2,7,0,0,0,0,93,27,19,1,0,0,4,1,party wiped
39,12383,1,Normal,39,1,1,1,0,27,27,0,0,5,0,1,1,3,2,0,15,3,3,0,0,28,0,9,0,1,1,2,1,floor1_town
39,12383,2,Normal,29,3,3,3,0,27,15,0,0,15,0,1,1,1,3,3,15,0,0,0,0,84,12,13,0,1,1,2,1,
39,12383,3,Normal,36,4,4,4,0,15,13,0,0,10,0,1,1,4,0,0,11,0,0,0,0,100,2,20,0,1,1,2,1,
39,12383,4,Normal,2,1,1,0,0,13,0,0,0,0,0,1,1,0,0,0,12,0,0,0,0,0,13,2,1,0,0,2,1,party wiped
40,12384,1,Normal,32,6,6,6,0,27,27,0,0,30,0,1,1,4,14,4,15,3,3,0,0,168,0,34,0,1,1,7,1,floor1_town
40,12384,2,Normal,35,5,5,5,0,27,15,0,0,25,0,1,1,4,3,3,13,0,0,0,0,140,12,21,0,1,1,7,1,
40,12384,3,Normal,31,3,3,3,0,15,19,0,0,5,0,1,1,2,0,0,11,0,0,0,0,72,-4,8,0,1,1,7,1,
40,12384,4,Normal,4,1,1,0,0,19,0,0,0,0,0,1,1,1,0,0,10,0,0,0,0,14,19,3,1,0,0,7,1,party wiped
41,12385,1,Normal,40,5,5,5,0,27,27,0,0,25,0,1,1,2,9,0,15,3,3,0,0,140,0,19,0,1,1,6,1,floor1_town
41,12385,2,Normal,27,4,4,3,0,27,0,0,0,15,0,1,1,7,3,3,8,0,0,0,0,98,27,24,1,0,0,6,1,party wiped
42,12386,1,Normal,32,5,5,5,0,27,27,0,0,25,0,1,1,6,8,0,15,3,3,0,0,140,0,25,0,1,1,6,1,floor1_town
42,12386,2,Normal,26,3,3,2,0,27,0,0,0,10,0,1,1,2,3,3,13,0,0,0,0,65,27,18,1,0,0,6,1,party wiped
43,12387,1,Normal,25,4,4,4,0,27,27,0,0,20,0,1,1,6,10,3,15,3,3,0,0,112,12,28,0,1,1,5,1,floor1_town
43,12387,2,Normal,31,4,4,3,0,27,0,0,0,15,0,1,1,7,3,3,10,0,0,0,0,102,27,20,1,0,0,5,1,party wiped
44,12388,1,Normal,33,4,4,4,0,27,27,0,0,20,0,1,1,3,6,0,15,3,3,0,0,112,0,18,0,1,1,5,1,floor1_town
44,12388,2,Normal,33,2,2,2,0,27,27,0,0,10,0,1,1,1,3,3,15,0,0,0,0,56,0,10,0,1,1,5,1,
44,12388,3,Normal,32,3,3,2,0,27,0,0,0,5,0,1,1,3,0,0,12,0,0,0,0,68,27,9,1,0,0,5,1,party wiped
45,12389,1,Normal,25,2,2,2,0,27,27,0,0,10,0,1,1,1,4,0,15,3,3,0,0,56,0,8,0,1,1,3,1,floor1_town
45,12389,2,Normal,28,4,4,3,0,27,0,0,0,15,0,1,1,10,3,3,7,0,0,0,0,93,27,30,1,0,0,3,1,party wiped
46,12390,1,Normal,34,4,4,4,0,27,27,0,0,20,0,1,1,1,10,1,15,3,3,0,0,112,0,18,0,1,1,5,1,floor1_town
46,12390,2,Normal,30,3,3,3,0,27,27,0,0,15,0,1,1,3,3,3,14,0,0,0,0,84,0,20,0,1,1,5,1,
46,12390,3,Normal,35,3,3,3,0,27,11,0,0,0,0,1,1,3,0,0,12,0,0,0,0,66,16,13,0,1,1,5,1,
46,12390,4,Normal,1,1,1,0,0,11,0,0,0,0,0,1,1,0,0,0,14,0,0,0,0,18,11,2,1,0,0,5,1,party wiped
47,12391,1,Normal,26,1,1,1,0,27,27,0,0,5,0,1,1,0,1,0,15,3,3,0,0,28,0,3,0,1,1,2,1,floor1_town
47,12391,2,Normal,19,3,3,2,0,27,0,0,0,10,0,1,1,3,3,3,12,0,0,0,0,70,27,19,1,0,0,2,1,party wiped
48,12392,1,Normal,34,4,4,4,0,27,27,0,0,20,0,1,1,6,10,3,15,3,3,0,0,112,14,28,0,1,1,5,1,floor1_town
48,12392,2,Normal,38,5,5,5,0,27,15,0,0,25,0,1,1,3,3,3,13,0,0,0,0,140,12,21,0,1,1,5,1,
48,12392,3,Normal,32,5,5,5,0,15,27,0,0,5,0,1,1,5,0,0,8,0,0,0,0,116,-12,19,0,1,1,5,1,
48,12392,4,Normal,35,3,3,2,0,27,0,0,0,10,0,1,1,6,0,0,4,0,0,0,0,56,27,17,1,0,0,5,1,party wiped
49,12393,1,Normal,27,2,2,2,0,27,27,0,0,10,0,1,1,0,5,1,15,3,3,0,0,56,0,12,0,1,1,3,1,floor1_town
49,12393,2,Normal,19,2,2,1,0,27,0,0,0,5,0,1,1,2,3,3,14,0,0,0,0,37,27,12,1,0,0,3,1,party wiped
50,12394,1,Normal,35,7,7,7,0,27,27,0,0,35,0,1,1,5,14,0,15,3,3,0,0,196,0,35,0,1,1,8,1,floor1_town
50,12394,2,Normal,15,3,3,2,0,27,0,0,0,10,0,1,1,3,3,3,14,0,0,0,0,74,27,16,1,0,0,8,1,party wiped
51,12395,1,Normal,28,5,5,5,0,27,27,0,0,25,0,1,1,11,12,3,15,3,3,0,0,140,0,34,0,1,1,6,1,floor1_town
51,12395,2,Normal,31,3,3,2,0,27,0,0,0,10,0,1,1,3,3,3,13,0,0,0,0,74,27,15,1,0,0,6,1,party wiped
52,12396,1,Normal,36,3,3,3,0,27,27,0,0,15,0,1,1,3,6,1,15,3,3,0,0,84,0,16,0,1,1,4,1,floor1_town
52,12396,2,Normal,25,3,3,3,0,27,15,0,0,15,0,1,1,5,3,3,12,0,0,0,0,84,12,19,0,1,1,4,1,
52,12396,3,Normal,36,2,2,2,0,15,21,0,0,0,0,1,1,3,0,0,11,0,0,0,0,44,-6,10,0,1,1,4,1,
52,12396,4,Normal,8,2,2,1,0,21,0,0,0,5,0,1,1,2,0,0,9,0,0,0,0,28,21,7,1,0,0,4,1,party wiped
53,12397,1,Normal,28,5,5,5,0,27,27,0,0,25,0,1,1,4,7,1,15,3,3,0,0,140,0,26,0,1,1,6,1,floor1_town
53,12397,2,Normal,34,3,3,3,0,27,27,0,0,15,0,1,1,3,3,2,14,0,1,0,0,84,0,13,0,1,1,6,1,
53,12397,3,Normal,35,3,3,3,0,27,11,0,0,5,0,1,1,3,0,1,11,0,0,0,0,72,16,11,0,1,1,6,1,
53,12397,4,Normal,3,1,1,0,0,11,0,0,0,0,0,1,1,0,0,0,13,0,0,0,0,0,11,1,1,0,0,6,1,party wiped
54,12398,1,Normal,37,2,2,2,0,27,27,0,0,10,0,1,1,2,4,2,15,3,3,0,0,56,0,13,0,1,1,3,1,floor1_town
54,12398,2,Normal,25,1,1,1,0,27,27,0,0,5,0,1,1,3,2,0,12,1,3,0,0,28,0,6,0,1,1,3,1,
54,12398,3,Normal,31,3,3,3,0,27,27,0,0,10,0,1,1,3,1,3,9,0,0,0,0,78,0,18,0,1,1,3,1,
54,12398,4,Normal,33,4,4,4,0,27,27,0,0,20,0,1,1,6,0,0,4,0,0,0,0,112,0,17,0,1,1,3,1,
54,12398,5,Normal,19,1,1,0,0,27,0,0,0,0,0,1,1,1,0,0,3,0,0,0,0,18,27,6,1,0,0,3,1,party wiped
55,12399,1,Normal,29,4,4,4,0,27,27,0,0,20,0,1,1,0,7,0,15,3,3,0,0,112,0,16,0,1,1,5,1,floor1_town
55,12399,2,Normal,24,3,3,2,0,27,0,0,0,10,0,1,1,1,3,3,16,0,0,0,0,65,27,12,1,0,0,5,1,party wiped
56,12400,1,Normal,13,2,2,1,0,27,0,0,0,5,0,1,1,2,6,6,14,0,0,0,0,37,27,18,1,0,0,2,1,floor1_town; party wiped
57,12401,1,Normal,30,4,4,4,0,27,27,0,0,20,0,1,1,2,8,0,15,3,3,0,0,112,0,17,0,1,1,5,1,floor1_town
57,12401,2,Normal,9,2,2,1,0,27,0,0,0,5,0,1,1,1,3,3,15,0,0,0,0,42,27,11,1,0,0,5,1,party wiped
58,12402,1,Normal,38,4,4,4,0,27,27,0,0,20,0,1,1,1,10,1,15,3,3,0,0,112,0,19,0,1,1,5,1,floor1_town
58,12402,2,Normal,30,4,4,4,0,27,15,0,0,20,0,1,1,6,3,3,11,0,0,0,0,112,12,17,0,1,1,5,1,
58,12402,3,Normal,6,1,1,0,0,15,0,0,0,0,0,1,1,0,0,0,11,0,0,0,0,14,15,1,1,0,0,5,1,party wiped
59,12403,1,Normal,30,2,2,2,0,27,27,0,0,10,0,1,1,2,3,1,15,3,3,0,0,56,0,9,0,1,1,3,1,floor1_town
59,12403,2,Normal,22,4,4,3,0,27,0,0,0,15,0,1,1,6,3,3,11,0,0,0,0,109,27,24,1,0,0,3,1,party wiped
60,12404,1,Normal,39,6,6,6,0,27,27,0,0,30,0,1,1,8,16,4,15,3,3,0,0,168,0,43,0,1,1,7,1,floor1_town
60,12404,2,Normal,37,4,4,4,0,27,27,0,0,20,0,1,1,6,3,1,11,0,2,0,0,112,0,16,0,1,1,7,1,
60,12404,3,Normal,26,4,4,4,0,27,19,0,0,10,0,1,1,3,0,2,10,0,0,0,0,100,8,15,0,1,1,7,1,
60,12404,4,Normal,30,5,5,4,0,19,0,0,0,20,0,1,1,12,0,0,0,0,0,0,0,112,19,30,1,0,0,7,1,party wiped
61,12405,1,Normal,31,4,4,4,0,27,27,0,0,20,0,1,1,5,9,2,15,3,3,0,0,112,0,27,0,1,1,5,1,floor1_town
61,12405,2,Normal,19,4,4,3,0,27,0,0,0,15,0,1,1,3,3,3,13,0,0,0,0,93,27,18,1,0,0,5,1,party wiped
62,12406,1,Normal,39,4,4,4,0,27,27,0,0,20,0,1,1,3,10,1,15,3,3,0,0,112,0,20,0,1,1,5,1,floor1_town
62,12406,2,Normal,32,3,3,3,0,27,27,0,0,15,0,1,1,4,3,2,12,0,1,0,0,84,0,14,0,1,1,5,1,
62,12406,3,Normal,28,3,3,3,0,27,27,0,0,5,0,1,1,5,0,1,7,0,0,0,0,72,0,19,0,1,1,5,1,
62,12406,4,Normal,26,4,4,3,0,27,0,0,0,15,0,1,1,7,0,0,0,0,0,0,0,102,27,21,1,0,0,5,1,party wiped
63,12407,1,Normal,32,4,4,4,0,27,27,0,0,20,0,1,1,3,10,3,15,3,3,0,0,112,0,21,0,1,1,5,1,floor1_town
63,12407,2,Normal,29,2,2,2,0,27,27,0,0,10,0,1,1,3,3,2,13,0,1,0,0,56,0,16,0,1,1,5,1,
63,12407,3,Normal,31,2,2,2,0,27,27,0,0,10,0,1,1,2,0,1,11,0,0,0,0,56,0,9,0,1,1,5,1,
63,12407,4,Normal,12,2,2,1,0,27,0,0,0,5,0,1,1,2,0,0,11,0,0,0,0,44,27,8,1,0,0,5,1,party wiped
64,12408,1,Normal,40,4,4,4,0,27,27,0,0,20,0,1,1,3,12,5,15,3,3,0,0,112,0,32,0,1,1,5,1,floor1_town
64,12408,2,Normal,30,3,3,3,0,27,15,0,0,15,0,1,1,4,3,3,12,0,0,0,0,84,12,16,0,1,1,5,1,
64,12408,3,Normal,24,5,5,4,0,15,0,0,0,5,0,1,1,4,0,0,8,0,0,0,0,94,15,17,1,0,0,5,1,party wiped
65,12409,1,Normal,33,4,4,4,0,27,27,0,0,20,0,1,1,6,7,1,15,3,3,0,0,112,0,21,0,1,1,5,1,floor1_town
65,12409,2,Normal,39,1,1,1,0,27,27,0,0,5,0,1,1,1,3,2,15,0,1,0,0,28,0,8,0,1,1,5,1,
65,12409,3,Normal,33,3,3,3,0,27,27,0,0,0,0,1,1,1,0,1,14,0,0,0,0,66,0,8,0,1,1,5,1,
65,12409,4,Normal,17,2,2,1,0,27,0,0,0,5,0,1,1,1,0,0,13,0,0,0,0,28,27,5,1,0,0,5,1,party wiped
66,12410,1,Normal,25,3,3,3,0,27,27,0,0,15,0,1,1,4,6,0,15,3,3,0,0,84,0,17,0,1,1,4,1,floor1_town
66,12410,2,Normal,36,2,2,2,0,27,18,0,0,10,0,1,1,5,3,3,11,0,0,0,0,56,9,17,0,1,1,4,1,
66,12410,3,Normal,29,4,4,4,0,18,18,0,0,5,0,1,1,6,0,0,7,0,0,0,0,94,0,18,0,1,1,4,1,
66,12410,4,Normal,30,3,3,3,0,18,15,0,0,15,0,1,1,5,0,0,3,0,0,0,0,84,3,13,0,1,1,4,1,
66,12410,5,Normal,39,4,4,4,0,15,15,0,0,20,0,1,1,4,0,0,1,0,0,0,0,112,0,18,0,1,1,4,1,
66,12410,6,Normal,3,1,1,0,0,15,0,0,0,0,0,1,1,1,0,0,0,0,0,0,0,23,15,3,1,0,0,4,1,party wiped
67,12411,1,Normal,33,3,3,3,0,27,27,0,0,15,0,1,1,2,6,0,15,3,3,0,0,84,0,14,0,1,1,4,1,floor1_town
67,12411,2,Normal,32,6,6,5,0,27,0,0,0,25,0,1,1,6,3,3,9,0,0,0,0,140,27,25,1,0,0,4,1,party wiped
68,12412,1,Normal,26,5,5,5,0,27,27,0,0,25,0,1,1,2,8,3,15,3,3,0,0,140,0,21,0,1,1,6,1,floor1_town
68,12412,2,Normal,28,5,5,5,0,27,27,0,0,25,0,1,1,5,3,3,12,0,0,0,0,140,0,26,0,1,1,6,1,
68,12412,3,Normal,27,2,2,2,0,27,15,0,0,10,0,1,1,4,0,0,9,0,0,0,0,56,12,10,0,1,1,6,1,
68,12412,4,Normal,10,2,2,1,0,15,0,0,0,5,0,1,1,3,0,0,6,0,0,0,0,44,15,13,1,0,0,6,1,party wiped
69,12413,1,Normal,34,3,3,3,0,27,27,0,0,15,0,1,1,3,5,0,15,3,3,0,0,84,0,13,0,1,1,4,1,floor1_town
69,12413,2,Normal,40,4,4,4,0,27,27,0,0,20,0,1,1,6,3,2,10,0,1,0,0,112,0,17,0,1,1,4,1,
69,12413,3,Normal,1,1,1,0,0,27,0,0,0,0,0,1,1,1,0,1,11,0,0,0,0,16,27,5,1,0,0,4,1,party wiped
70,12414,1,Normal,26,4,4,4,0,27,27,0,0,20,0,1,1,5,10,0,15,3,3,0,0,112,0,24,0,1,1,5,1,floor1_town
70,12414,2,Normal,30,2,2,2,0,27,27,0,0,10,0,1,1,4,3,2,13,0,1,0,0,56,0,13,0,1,1,5,1,
70,12414,3,Normal,17,2,2,1,0,27,0,0,0,5,0,1,1,1,0,1,13,0,0,0,0,46,27,7,1,0,0,5,1,party wiped
71,12415,1,Normal,35,3,3,3,0,27,27,0,0,15,0,1,1,1,8,3,15,3,3,0,0,84,0,15,0,1,1,4,1,floor1_town
71,12415,2,Normal,23,3,3,2,0,27,0,0,0,10,0,1,1,1,3,3,15,0,0,0,0,70,27,13,1,0,0,4,1,party wiped
72,12416,1,Normal,27,5,5,5,0,27,27,0,0,25,0,1,1,9,10,1,15,3,3,0,0,140,0,31,0,1,1,6,1,floor1_town
72,12416,2,Normal,38,7,7,7,0,27,27,0,0,35,0,1,1,11,3,3,5,0,0,0,0,196,0,35,0,1,1,6,1,
72,12416,3,Normal,8,2,2,1,0,27,0,0,0,0,0,1,1,0,0,0,6,0,0,0,0,36,27,6,1,0,0,6,1,party wiped
73,12417,1,Normal,35,5,5,5,0,27,27,0,0,25,0,1,1,6,11,1,15,3,3,0,0,140,0,29,0,1,1,6,1,floor1_town
73,12417,2,Normal,26,4,4,4,0,27,27,0,0,20,0,1,1,4,3,3,13,0,0,0,0,112,0,20,0,1,1,6,1,
73,12417,3,Normal,32,2,2,2,0,27,27,0,0,5,0,1,1,3,0,0,10,0,0,0,0,50,0,8,0,1,1,6,1,
73,12417,4,Normal,15,2,2,1,0,27,0,0,0,5,0,1,1,1,0,0,11,0,0,0,0,46,27,5,1,0,0,6,1,party wiped
74,12418,1,Normal,28,3,3,3,0,27,27,0,0,15,0,1,1,2,5,0,15,3,3,0,0,84,0,13,0,1,1,4,1,floor1_town
74,12418,2,Normal,36,4,4,4,0,27,27,0,0,20,0,1,1,5,3,3,11,0,0,0,0,112,0,17,0,1,1,4,1,
74,12418,3,Normal,30,4,4,4,0,27,15,0,0,15,0,1,1,6,0,0,7,0,0,0,0,106,12,22,0,1,1,4,1,
74,12418,4,Normal,3,1,1,0,0,15,0,0,0,0,0,1,1,0,0,0,9,0,0,0,0,0,15,1,1,0,0,4,1,party wiped
75,12419,1,Normal,36,3,3,3,0,27,27,0,0,15,0,1,1,2,7,0,15,3,3,0,0,84,0,15,0,1,1,4,1,floor1_town
75,12419,2,Normal,20,3,3,2,0,27,0,0,0,10,0,1,1,1,3,3,14,0,0,0,0,70,27,11,1,0,0,4,1,party wiped
76,12420,1,Normal,28,3,3,3,0,27,27,0,0,15,0,1,1,5,5,0,15,3,3,0,0,84,0,18,0,1,1,4,1,floor1_town
76,12420,2,Normal,33,1,1,1,0,27,27,0,0,5,0,1,1,0,2,0,17,1,3,0,0,28,0,3,0,1,1,4,1,
76,12420,3,Normal,39,5,5,5,0,27,15,0,0,10,0,1,1,4,1,3,14,0,0,0,0,122,12,18,0,1,1,4,1,
76,12420,4,Normal,30,3,3,3,0,15,27,0,0,15,0,1,1,4,0,0,10,0,0,0,0,84,-12,12,0,1,1,4,1,
76,12420,5,Normal,10,2,2,1,0,27,0,0,0,5,0,1,1,1,0,0,9,0,0,0,0,42,27,4,1,0,0,4,1,party wiped
77,12421,1,Normal,37,5,5,5,0,27,27,0,0,25,0,1,1,6,12,1,15,3,3,0,0,140,0,29,0,1,1,6,1,floor1_town
77,12421,2,Normal,27,5,5,4,0,27,0,0,0,20,0,1,1,4,3,3,12,0,0,0,0,130,27,22,1,0,0,6,1,party wiped
78,12422,1,Normal,29,4,4,4,0,27,27,0,0,20,0,1,1,7,9,3,15,3,3,0,0,112,0,29,0,1,1,5,1,floor1_town
78,12422,2,Normal,29,2,2,2,0,27,15,0,0,10,0,1,1,1,3,3,14,0,0,0,0,56,12,10,0,1,1,5,1,
78,12422,3,Normal,28,2,2,1,0,15,0,0,0,5,0,1,1,0,0,0,16,0,0,0,0,37,15,4,1,0,0,5,1,party wiped
79,12423,1,Normal,38,4,4,4,0,27,27,0,0,20,0,1,1,2,10,2,15,3,3,0,0,112,0,20,0,1,1,5,1,floor1_town
79,12423,2,Normal,27,5,5,5,0,27,27,0,0,25,0,1,1,4,3,3,12,0,0,0,0,140,0,19,0,1,1,5,1,
79,12423,3,Normal,3,1,1,0,0,27,0,0,0,0,0,1,1,0,0,0,13,0,0,0,0,0,27,2,1,0,0,5,1,party wiped
80,12424,1,Normal,30,5,5,5,0,27,27,0,0,25,0,1,1,3,13,4,15,3,3,0,0,140,0,31,0,1,1,6,1,floor1_town
80,12424,2,Normal,30,4,4,3,0,27,0,0,0,15,0,1,1,1,3,3,14,0,0,0,0,107,27,15,1,0,0,6,1,party wiped
81,12425,1,Normal,38,4,4,4,0,27,27,0,0,20,0,1,1,5,8,0,15,3,3,0,0,112,0,25,0,1,1,5,1,floor1_town
81,12425,2,Normal,18,3,3,2,0,27,0,0,0,10,0,1,1,3,3,3,12,0,0,0,0,70,27,14,1,0,0,5,1,party wiped
82,12426,1,Normal,31,2,2,2,0,27,27,0,0,10,0,1,1,2,5,0,15,3,3,0,0,56,0,10,0,1,1,3,1,floor1_town
82,12426,2,Normal,21,4,4,3,0,27,0,0,0,15,0,1,1,4,3,3,13,0,0,0,0,93,27,17,1,0,0,3,1,party wiped
83,12427,1,Normal,39,6,6,6,0,27,27,0,0,30,0,1,1,7,13,3,15,3,3,0,0,168,0,35,0,1,1,7,1,floor1_town
83,12427,2,Normal,16,3,3,2,0,27,0,0,0,10,0,1,1,3,3,3,13,0,0,0,0,83,27,15,1,0,0,7,1,party wiped
84,12428,1,Normal,31,3,3,3,0,27,27,0,0,15,0,1,1,6,7,2,15,3,3,0,0,84,0,20,0,1,1,4,1,floor1_town
84,12428,2,Normal,39,4,4,4,0,27,27,0,0,20,0,1,1,7,3,3,8,0,0,0,0,112,0,25,0,1,1,4,1,
84,12428,3,Normal,15,2,2,1,0,27,0,0,0,5,0,1,1,1,0,0,9,0,0,0,0,42,27,6,1,0,0,4,1,party wiped
85,12429,1,Normal,40,4,4,4,0,27,27,0,0,20,0,1,1,5,11,3,15,3,3,0,0,112,0,26,0,1,1,5,1,floor1_town
85,12429,2,Normal,24,2,2,1,0,27,0,0,0,5,0,1,1,3,3,3,14,0,0,0,0,51,27,17,1,0,0,5,1,party wiped
86,12430,1,Normal,32,3,3,3,0,27,27,0,0,15,0,1,1,4,9,6,15,3,3,0,0,84,0,28,0,1,1,4,1,floor1_town
86,12430,2,Normal,40,5,5,5,0,27,27,0,0,25,0,1,1,8,3,3,9,0,0,0,0,140,0,26,0,1,1,4,1,
86,12430,3,Normal,14,1,1,0,0,27,0,0,0,0,0,1,1,0,0,0,9,0,0,0,0,18,27,3,1,0,0,4,1,party wiped
87,12431,1,Normal,40,5,5,5,0,27,27,0,0,25,0,1,1,1,15,7,15,3,3,0,0,140,0,33,0,1,1,6,1,floor1_town
87,12431,2,Normal,11,3,3,2,0,27,0,0,0,10,0,1,1,2,3,3,13,0,0,0,0,83,27,16,1,0,0,6,1,party wiped
88,12432,1,Normal,33,5,5,5,0,27,27,0,0,25,0,1,1,7,12,6,15,3,3,0,0,140,0,35,0,1,1,6,1,floor1_town
88,12432,2,Normal,38,2,2,2,0,27,27,0,0,10,0,1,1,3,3,2,13,0,1,0,0,56,0,10,0,1,1,6,1,
88,12432,3,Normal,34,4,4,4,0,27,15,0,0,5,0,1,1,3,0,1,11,0,0,0,0,94,12,14,0,1,1,6,1,
88,12432,4,Normal,10,2,2,1,0,15,0,0,0,5,0,1,1,5,0,0,8,0,0,0,0,46,15,10,1,0,0,6,1,party wiped
89,12433,1,Normal,25,3,3,3,0,27,27,0,0,15,0,1,1,1,9,5,15,3,3,0,0,84,0,23,0,1,1,4,1,floor1_town
89,12433,2,Normal,37,2,2,2,0,27,15,0,0,10,0,1,1,1,3,3,16,0,0,0,0,56,12,13,0,1,1,4,1,
89,12433,3,Normal,33,4,4,4,0,15,27,0,0,0,0,1,1,5,0,0,11,0,0,0,0,88,-12,16,0,1,1,4,1,
89,12433,4,Normal,9,2,2,1,0,27,0,0,0,5,0,1,1,1,0,0,12,0,0,0,0,42,27,5,1,0,0,4,1,party wiped
90,12434,1,Normal,34,4,4,4,0,27,27,0,0,20,0,1,1,6,12,3,15,3,3,0,0,112,0,30,0,1,1,5,1,floor1_town
90,12434,2,Normal,34,2,2,2,0,27,27,0,0,10,0,1,1,4,3,3,11,0,0,0,0,56,0,14,0,1,1,5,1,
90,12434,3,Normal,26,3,3,2,0,27,0,0,0,0,0,1,1,4,0,0,8,0,0,0,0,71,27,14,1,0,0,5,1,party wiped
91,12435,1,Normal,26,4,4,4,0,27,27,0,0,20,0,1,1,5,12,4,15,3,3,0,0,112,0,32,0,1,1,5,1,floor1_town
91,12435,2,Normal,27,3,3,2,0,27,0,0,0,10,0,1,1,2,3,3,15,0,0,0,0,74,27,16,1,0,0,5,1,party wiped
92,12436,1,Normal,34,2,2,2,0,27,27,0,0,10,0,1,1,0,4,1,15,3,3,0,0,56,0,9,0,1,1,3,1,floor1_town
92,12436,2,Normal,37,4,4,4,0,27,27,0,0,20,0,1,1,9,3,3,7,0,0,0,0,112,0,31,0,1,1,3,1,
92,12436,3,Normal,18,1,1,0,0,27,0,0,0,0,0,1,1,0,0,0,9,0,0,0,0,9,27,2,1,0,0,3,1,party wiped
93,12437,1,Normal,27,2,2,2,0,27,27,0,0,10,0,1,1,3,3,3,15,3,3,0,0,56,0,13,0,1,1,3,1,floor1_town
93,12437,2,Normal,25,3,3,3,0,27,15,0,0,15,0,1,1,2,3,3,13,0,0,0,0,84,12,18,0,1,1,3,1,
93,12437,3,Normal,36,3,3,3,0,15,27,0,0,5,0,1,1,3,0,0,12,0,0,0,0,72,-12,12,0,1,1,3,1,
93,12437,4,Normal,2,1,1,0,0,27,0,0,0,0,0,1,1,0,0,0,14,0,0,0,0,23,27,2,1,0,0,3,1,party wiped
94,12438,1,Normal,35,3,3,3,0,27,27,0,0,15,0,1,1,4,5,0,15,3,3,0,0,84,0,15,0,1,1,4,1,floor1_town
94,12438,2,Normal,39,5,5,5,0,27,15,0,0,25,0,1,1,16,3,3,0,0,0,0,0,140,12,48,0,1,1,4,1,
94,12438,3,Normal,26,2,2,2,0,15,19,0,0,0,0,1,1,1,0,0,1,0,0,0,0,44,-4,4,0,1,1,4,1,
94,12438,4,Normal,14,2,2,1,0,19,0,0,0,5,0,1,1,3,0,0,0,0,0,0,0,37,19,10,1,0,0,4,1,party wiped
95,12439,1,Normal,27,3,3,3,0,27,27,0,0,15,0,1,1,2,7,2,15,3,3,0,0,84,0,19,0,1,1,4,1,floor1_town
95,12439,2,Normal,31,4,4,3,0,27,0,0,0,15,0,1,1,2,3,3,14,0,0,0,0,98,27,18,1,0,0,4,1,party wiped
96,12440,1,Normal,36,4,4,4,0,27,27,0,0,20,0,1,1,3,8,0,15,3,3,0,0,112,0,17,0,1,1,5,1,floor1_town
96,12440,2,Normal,25,2,2,2,0,27,13,0,0,10,0,1,1,4,3,3,13,0,0,0,0,56,14,16,0,1,1,5,1,
96,12440,3,Normal,10,2,2,1,0,13,0,0,0,5,0,1,1,1,0,0,13,0,0,0,0,28,13,5,1,0,0,5,1,party wiped
97,12441,1,Normal,28,4,4,4,0,27,27,0,0,20,0,1,1,13,10,4,15,3,3,0,0,112,0,34,0,1,1,5,1,floor1_town
97,12441,2,Normal,38,4,4,4,0,27,27,0,0,20,0,1,1,4,3,3,12,0,0,0,0,112,0,20,0,1,1,5,1,
97,12441,3,Normal,38,3,3,3,0,27,11,0,0,5,0,1,1,2,0,0,10,0,0,0,0,72,16,11,0,1,1,5,1,
97,12441,4,Normal,5,1,1,0,0,11,0,0,0,0,0,1,1,0,0,0,12,0,0,0,0,0,11,1,1,0,0,5,1,party wiped
98,12442,1,Normal,36,2,2,2,0,27,27,0,0,10,0,1,1,1,6,3,15,3,3,0,0,56,12,13,0,1,1,3,1,floor1_town
98,12442,2,Normal,16,3,3,2,0,27,0,0,0,10,0,1,1,3,3,3,13,0,0,0,0,79,27,16,1,0,0,3,1,party wiped
99,12443,1,Normal,29,5,5,5,0,27,27,0,0,25,0,1,1,4,10,3,15,3,3,0,0,140,12,30,0,1,1,6,1,floor1_town
99,12443,2,Normal,27,2,2,1,0,27,0,0,0,5,0,1,1,1,3,3,15,0,0,0,0,46,27,10,1,0,0,6,1,party wiped
100,12444,1,Normal,37,3,3,3,0,27,27,0,0,15,0,1,1,5,7,3,15,3,3,0,0,84,12,24,0,1,1,4,1,floor1_town
100,12444,2,Normal,33,2,2,2,0,27,27,0,0,10,0,1,1,2,3,3,15,0,0,0,0,56,0,14,0,1,1,4,1,
100,12444,3,Normal,9,1,1,0,0,27,0,0,0,0,0,1,1,0,0,0,15,0,0,0,0,14,27,2,1,0,0,4,1,party wiped
101,12445,1,Normal,29,4,4,4,0,27,27,0,0,20,0,1,1,1,9,6,15,3,3,0,0,112,0,26,0,1,1,5,1,floor1_town
101,12445,2,Normal,40,3,3,2,0,27,0,0,0,10,0,1,1,4,3,3,11,0,0,0,0,74,27,19,1,0,0,5,1,party wiped
102,12446,1,Normal,38,4,4,4,0,27,27,0,0,20,0,1,1,2,5,1,15,3,3,0,0,112,0,17,0,1,1,5,1,floor1_town
102,12446,2,Normal,37,5,5,5,0,27,15,0,0,25,0,1,1,4,3,3,12,0,0,0,0,140,12,22,0,1,1,5,1,
102,12446,3,Normal,32,1,1,1,0,15,27,0,0,5,0,1,1,1,0,0,11,0,0,0,0,28,-12,4,0,1,1,5,1,
102,12446,4,Normal,20,3,3,2,0,27,0,0,0,10,0,1,1,4,0,0,7,0,0,0,0,74,27,14,1,0,0,5,1,party wiped
103,12447,1,Normal,30,3,3,3,0,27,27,0,0,15,0,1,1,3,7,1,15,3,3,0,0,84,0,16,0,1,1,4,1,floor1_town
103,12447,2,Normal,38,3,3,3,0,27,27,0,0,15,0,1,1,4,3,2,12,0,1,0,0,84,0,14,0,1,1,4,1,
103,12447,3,Normal,32,4,4,4,0,27,15,0,0,15,0,1,1,9,0,1,5,0,0,0,0,106,12,28,0,1,1,4,1,
103,12447,4,Normal,6,1,1,0,0,15,0,0,0,0,0,1,1,0,0,0,6,0,0,0,0,14,15,1,1,0,0,4,1,party wiped
104,12448,1,Normal,39,5,5,5,0,27,27,0,0,25,0,1,1,7,12,4,15,3,3,0,0,140,0,34,0,1,1,6,1,floor1_town
104,12448,2,Normal,35,2,2,2,0,27,27,0,0,10,0,1,1,1,3,2,15,0,1,0,0,56,0,10,0,1,1,6,1,
104,12448,3,Normal,29,1,1,1,0,27,15,0,0,5,0,1,1,3,0,1,14,0,0,0,0,28,12,12,0,1,1,6,1,
104,12448,4,Normal,1,1,1,0,0,15,0,0,0,0,0,1,1,0,0,0,16,0,0,0,0,14,15,1,1,0,0,6,1,party wiped
105,12449,1,Normal,31,4,4,4,0,27,27,0,0,20,0,1,1,6,4,0,15,3,3,0,0,112,0,15,0,1,1,5,1,floor1_town
105,12449,2,Normal,38,4,4,4,0,27,27,0,0,20,0,1,1,5,3,3,10,0,0,0,0,112,0,24,0,1,1,5,1,
105,12449,3,Normal,11,2,2,1,0,27,0,0,0,5,0,1,1,2,0,0,10,0,0,0,0,49,27,7,1,0,0,5,1,party wiped
106,12450,1,Normal,39,4,4,4,0,27,27,0,0,20,0,1,1,9,6,0,15,3,3,0,0,112,0,23,0,1,1,5,1,floor1_town
106,12450,2,Normal,35,4,4,4,0,27,15,0,0,20,0,1,1,5,3,3,11,0,0,0,0,112,12,22,0,1,1,5,1,
106,12450,3,Normal,18,2,2,1,0,15,0,0,0,5,0,1,1,4,0,0,9,0,0,0,0,37,15,8,1,0,0,5,1,party wiped
107,12451,1,Normal,32,3,3,3,0,27,27,0,0,15,0,1,1,2,7,3,15,3,3,0,0,84,0,19,0,1,1,4,1,floor1_town
107,12451,2,Normal,26,2,2,2,0,27,27,0,0,10,0,1,1,2,3,3,15,0,0,0,0,56,0,11,0,1,1,4,1,
107,12451,3,Normal,32,4,4,3,0,27,0,0,0,5,0,1,1,3,0,0,13,0,0,0,0,81,27,14,1,0,0,4,1,party wiped
108,12452,1,Normal,40,5,5,5,0,27,27,0,0,25,0,1,1,6,11,2,15,3,3,0,0,140,0,30,0,1,1,6,1,floor1_town
108,12452,2,Normal,13,3,3,2,0,27,0,0,0,10,0,1,1,3,3,3,13,0,0,0,0,74,27,13,1,0,0,6,1,party wiped
109,12453,1,Normal,32,2,2,2,0,27,27,0,0,10,0,1,1,1,6,3,15,3,3,0,0,56,12,15,0,1,1,3,1,floor1_town
109,12453,2,Normal,37,3,3,3,0,27,27,0,0,15,0,1,1,1,3,0,15,0,3,0,0,84,0,10,0,1,1,3,1,
109,12453,3,Normal,18,2,2,1,0,27,0,0,0,0,0,1,1,2,0,3,13,0,0,0,0,49,27,12,1,0,0,3,1,party wiped
110,12454,1,Normal,25,4,4,4,0,27,27,0,0,20,0,1,1,4,9,1,15,3,3,0,0,112,0,21,0,1,1,5,1,floor1_town
110,12454,2,Normal,14,3,3,2,0,27,0,0,0,10,0,1,1,3,3,3,13,0,0,0,0,70,27,17,1,0,0,5,1,party wiped
111,12455,1,Normal,33,3,3,3,0,27,27,0,0,15,0,1,1,5,7,1,15,3,3,0,0,84,0,18,0,1,1,4,1,floor1_town
111,12455,2,Normal,28,4,4,4,0,27,27,0,0,20,0,1,1,5,3,3,11,0,0,0,0,112,0,24,0,1,1,4,1,
111,12455,3,Normal,10,2,2,1,0,27,0,0,0,5,0,1,1,2,0,0,11,0,0,0,0,46,27,8,1,0,0,4,1,party wiped
112,12456,1,Normal,25,4,4,4,0,27,27,0,0,20,0,1,1,1,8,0,15,3,3,0,0,112,0,17,0,1,1,5,1,floor1_town
112,12456,2,Normal,40,3,3,3,0,27,27,0,0,15,0,1,1,3,3,2,14,0,1,0,0,84,0,13,0,1,1,5,1,
112,12456,3,Normal,2,1,1,0,0,27,0,0,0,0,0,1,1,0,0,1,14,0,0,0,0,18,27,3,1,0,0,5,1,party wiped
113,12457,1,Normal,34,6,6,6,0,27,27,0,0,30,0,1,1,6,13,3,15,3,3,0,0,168,0,39,0,1,1,7,1,floor1_town
113,12457,2,Normal,37,5,5,5,0,27,27,0,0,25,0,1,1,4,3,3,12,0,0,0,0,140,0,22,0,1,1,7,1,
113,12457,3,Normal,7,1,1,0,0,27,0,0,0,0,0,1,1,0,0,0,12,0,0,0,0,14,27,2,1,0,0,7,1,party wiped
114,12458,1,Normal,26,2,2,2,0,27,27,0,0,10,0,1,1,0,5,1,15,3,3,0,0,56,0,9,0,1,1,3,1,floor1_town
114,12458,2,Normal,35,4,4,4,0,27,27,0,0,20,0,1,1,4,3,3,13,0,0,0,0,112,0,16,0,1,1,3,1,
114,12458,3,Normal,11,2,2,1,0,27,0,0,0,0,0,1,1,3,0,0,10,0,0,0,0,40,27,8,1,0,0,3,1,party wiped
115,12459,1,Normal,34,4,4,4,0,27,27,0,0,20,0,1,1,3,8,5,15,3,3,0,0,112,0,26,0,1,1,5,1,floor1_town
115,12459,2,Normal,34,3,3,2,0,27,0,0,0,10,0,1,1,1,3,3,14,0,0,0,0,56,27,16,1,0,0,5,1,party wiped
116,12460,1,Normal,27,3,3,3,0,27,27,0,0,15,0,1,1,1,8,2,15,3,3,0,0,84,0,20,0,1,1,4,1,floor1_town
116,12460,2,Normal,33,4,4,3,0,27,0,0,0,15,0,1,1,8,3,3,8,0,0,0,0,111,27,27,1,0,0,4,1,party wiped
117,12461,1,Normal,35,4,4,4,0,27,27,0,0,20,0,1,1,5,11,3,15,3,3,0,0,112,0,24,0,1,1,5,1,floor1_town
117,12461,2,Normal,26,2,2,2,0,27,27,0,0,10,0,1,1,2,3,3,15,0,0,0,0,56,0,12,0,1,1,5,1,
117,12461,3,Normal,28,5,5,5,0,27,11,0,0,5,0,1,1,5,0,0,12,0,0,0,0,116,16,20,0,1,1,5,1,
117,12461,4,Normal,19,2,2,1,0,11,0,0,0,5,0,1,1,0,0,0,14,0,0,0,0,37,11,4,1,0,0,5,1,party wiped
118,12462,1,Normal,28,4,4,4,0,27,27,0,0,20,0,1,1,6,10,3,15,3,3,0,0,112,0,26,0,1,1,5,1,floor1_town
118,12462,2,Normal,24,4,4,3,0,27,0,0,0,15,0,1,1,2,3,3,14,0,0,0,0,84,27,19,1,0,0,5,1,party wiped
119,12463,1,Normal,2,1,1,0,0,27,0,0,0,0,0,1,1,0,3,3,15,0,0,0,0,27,27,11,1,0,0,1,1,floor1_town; party wiped
120,12464,1,Normal,28,3,3,3,0,27,27,0,0,15,0,1,1,3,9,1,15,3,3,0,0,84,0,21,0,1,1,4,1,floor1_town
120,12464,2,Normal,14,3,3,2,0,27,0,0,0,10,0,1,1,3,3,3,14,0,0,0,0,74,27,18,1,0,0,4,1,party wiped
121,12465,1,Normal,37,2,2,2,0,27,27,0,0,10,0,1,1,2,6,2,15,3,3,0,0,56,0,13,0,1,1,3,1,floor1_town
121,12465,2,Normal,27,3,3,2,0,27,0,0,0,10,0,1,1,2,3,3,14,0,0,0,0,65,27,12,1,0,0,3,1,party wiped
122,12466,1,Normal,29,3,3,3,0,27,27,0,0,15,0,1,1,1,8,2,15,3,3,0,0,84,0,16,0,1,1,4,1,floor1_town
122,12466,2,Normal,38,4,4,4,0,27,27,0,0,20,0,1,1,5,3,3,11,0,0,0,0,112,0,20,0,1,1,4,1,
122,12466,3,Normal,24,3,3,2,0,27,0,0,0,10,0,1,1,4,0,0,8,0,0,0,0,70,27,15,1,0,0,4,1,party wiped
123,12467,1,Normal,37,4,4,4,0,27,27,0,0,20,0,1,1,7,9,3,15,3,3,0,0,112,0,30,0,1,1,5,1,floor1_town
123,12467,2,Normal,2,1,1,0,0,27,0,0,0,0,0,1,1,1,3,3,14,0,0,0,0,23,27,11,1,0,0,5,1,party wiped
124,12468,1,Normal,30,3,3,3,0,27,27,0,0,15,0,1,1,5,9,5,15,3,3,0,0,84,0,27,0,1,1,4,1,floor1_town
124,12468,2,Normal,25,2,2,2,0,27,27,0,0,10,0,1,1,5,3,3,12,0,0,0,0,56,0,17,0,1,1,4,1,
124,12468,3,Normal,32,4,4,4,0,27,27,0,0,10,0,1,1,8,0,0,5,0,0,0,0,100,0,21,0,1,1,4,1,
124,12468,4,Normal,17,2,2,1,0,27,0,0,0,5,0,1,1,2,0,0,5,0,0,0,0,28,27,5,1,0,0,4,1,party wiped
125,12469,1,Normal,38,2,2,2,0,27,27,0,0,10,0,1,1,1,5,0,15,3,3,0,0,56,0,12,0,1,1,3,1,floor1_town
125,12469,2,Normal,27,2,2,2,0,27,27,0,0,10,0,1,1,1,2,0,15,1,3,0,0,56,0,7,0,1,1,3,1,
125,12469,3,Normal,28,5,5,5,0,27,19,0,0,15,0,1,1,5,1,3,12,0,0,0,0,128,8,26,0,1,1,3,1,
125,12469,4,Normal,1,1,1,0,0,19,0,0,0,0,0,1,1,3,0,0,11,0,0,0,0,27,19,7,1,0,0,3,1,party wiped
126,12470,1,Normal,30,2,2,2,0,27,27,0,0,10,0,1,1,2,2,0,15,3,3,0,0,56,0,9,0,1,1,3,1,floor1_town
126,12470,2,Normal,28,3,3,2,0,27,0,0,0,10,0,1,1,1,3,3,14,0,0,0,0,56,27,13,1,0,0,3,1,party wiped
127,12471,1,Normal,39,5,5,5,0,27,27,0,0,25,0,1,1,3,12,1,15,3,3,0,0,140,0,29,0,1,1,6,1,floor1_town
127,12471,2,Normal,37,2,2,2,0,27,27,0,0,10,0,1,1,3,3,3,14,0,0,0,0,56,0,12,0,1,1,6,1,
127,12471,3,Normal,2,1,1,0,0,27,0,0,0,0,0,1,1,0,0,0,14,0,0,0,0,9,27,3,1,0,0,6,1,party wiped
128,12472,1,Normal,31,2,2,2,0,27,27,0,0,10,0,1,1,0,5,0,15,3,3,0,0,56,0,9,0,1,1,3,1,floor1_town
128,12472,2,Normal,9,2,2,1,0,27,0,0,0,5,0,1,1,3,3,3,13,0,0,0,0,42,27,13,1,0,0,3,1,party wiped
129,12473,1,Normal,39,3,3,3,0,27,27,0,0,15,0,1,1,2,6,0,15,3,3,0,0,84,0,13,0,1,1,4,1,floor1_town
129,12473,2,Normal,28,4,4,3,0,27,0,0,0,15,0,1,1,10,3,3,7,0,0,0,0,102,27,23,1,0,0,4,1,party wiped
130,12474,1,Normal,32,5,5,5,0,27,27,0,0,25,0,1,1,3,9,3,15,3,3,0,0,140,0,21,0,1,1,6,1,floor1_town
130,12474,2,Normal,28,3,3,3,0,27,27,0,0,15,0,1,1,3,3,3,12,0,0,0,0,84,0,15,0,1,1,6,1,
130,12474,3,Normal,7,1,1,0,0,27,0,0,0,0,0,1,1,2,0,0,11,0,0,0,0,23,27,6,1,0,0,6,1,party wiped
131,12475,1,Normal,40,7,7,7,0,27,27,0,0,35,0,1,1,6,18,6,15,3,3,0,0,196,0,43,0,1,1,8,1,floor1_town
131,12475,2,Normal,38,2,2,2,0,27,27,0,0,10,0,1,1,2,3,1,15,0,2,0,0,56,0,10,0,1,1,8,1,
131,12475,3,Normal,21,3,3,2,0,27,0,0,0,5,0,1,1,5,0,2,10,0,0,0,0,68,27,14,1,0,0,8,1,party wiped
132,12476,1,Normal,33,3,3,3,0,27,27,0,0,15,0,1,1,2,6,0,15,3,3,0,0,84,0,15,0,1,1,4,1,floor1_town
132,12476,2,Normal,9,2,2,1,0,27,0,0,0,5,0,1,1,1,3,3,15,0,0,0,0,51,27,15,1,0,0,4,1,party wiped
133,12477,1,Normal,25,4,4,4,0,27,27,0,0,20,0,1,1,4,12,3,15,3,3,0,0,112,0,24,0,1,1,5,1,floor1_town
133,12477,2,Normal,25,3,3,3,0,27,27,0,0,15,0,1,1,3,3,2,13,0,1,0,0,84,0,14,0,1,1,5,1,
133,12477,3,Normal,33,5,5,5,0,27,27,0,0,10,0,1,1,6,0,1,8,0,0,0,0,122,0,22,0,1,1,5,1,
133,12477,4,Normal,34,3,3,3,0,27,27,0,0,15,0,1,1,6,0,0,2,0,0,0,0,84,0,18,0,1,1,5,1,
133,12477,5,Normal,5,1,1,0,0,27,0,0,0,0,0,1,1,1,0,0,1,0,0,0,0,14,27,4,1,0,0,5,1,party wiped
134,12478,1,Normal,33,3,3,3,0,27,27,0,0,15,0,1,1,3,5,0,15,3,3,0,0,84,0,12,0,1,1,4,1,floor1_town
134,12478,2,Normal,19,3,3,2,0,27,0,0,0,10,0,1,1,6,3,3,10,0,0,0,0,74,27,25,1,0,0,4,1,party wiped
135,12479,1,Normal,26,2,2,2,0,27,27,0,0,10,0,1,1,1,5,1,15,3,3,0,0,56,0,10,0,1,1,3,1,floor1_town
135,12479,2,Normal,34,3,3,3,0,27,27,0,0,15,0,1,1,2,3,1,15,0,2,0,0,84,0,10,0,1,1,3,1,
135,12479,3,Normal,30,4,4,4,0,27,27,0,0,0,0,1,1,1,0,2,14,0,0,0,0,88,0,13,0,1,1,3,1,
135,12479,4,Normal,27,2,2,2,0,27,27,0,0,10,0,1,1,3,0,0,11,0,0,0,0,56,0,9,0,1,1,3,1,
135,12479,5,Normal,1,1,1,0,0,27,0,0,0,0,0,1,1,0,0,0,12,0,0,0,0,9,27,2,1,0,0,3,1,party wiped
136,12480,1,Normal,34,5,5,5,0,27,27,0,0,25,0,1,1,5,10,1,15,3,3,0,0,140,0,29,0,1,1,6,1,floor1_town
136,12480,2,Normal,37,6,6,6,0,27,27,0,0,30,0,1,1,9,3,3,8,0,0,0,0,168,0,40,0,1,1,6,1,
136,12480,3,Normal,31,3,3,3,0,27,27,0,0,10,0,1,1,4,0,0,5,0,0,0,0,78,0,10,0,1,1,6,1,
136,12480,4,Normal,12,2,2,1,0,27,0,0,0,5,0,1,1,2,0,0,3,0,0,0,0,46,27,9,1,0,0,6,1,party wiped
137,12481,1,Normal,26,3,3,3,0,27,27,0,0,15,0,1,1,2,8,0,15,3,3,0,0,84,0,14,0,1,1,4,1,floor1_town
137,12481,2,Normal,25,0,0,0,0,27,27,0,0,0,0,1,1,0,0,0,16,3,3,0,0,0,0,0,0,1,1,4,0,
137,12481,3,Normal,34,6,6,6,0,27,27,0,0,10,0,1,1,3,3,3,13,0,0,0,0,144,0,21,0,1,1,4,1,
137,12481,4,Normal,4,1,1,0,0,27,0,0,0,0,0,1,1,1,0,0,14,0,0,0,0,23,27,4,1,0,0,4,1,party wiped
138,12482,1,Normal,35,3,3,3,0,27,27,0,0,15,0,1,1,2,8,4,15,3,3,0,0,84,0,20,0,1,1,4,1,floor1_town
138,12482,2,Normal,27,4,4,3,0,27,0,0,0,15,0,1,1,2,3,3,13,0,0,0,0,102,27,15,1,0,0,4,1,party wiped
139,12483,1,Normal,27,4,4,4,0,27,27,0,0,20,0,1,1,6,8,2,15,3,3,0,0,112,0,24,0,1,1,5,1,floor1_town
139,12483,2,Normal,16,4,4,3,0,27,0,0,0,15,0,1,1,7,3,3,10,0,0,0,0,111,27,23,1,0,0,5,1,party wiped
140,12484,1,Normal,35,4,4,4,0,27,27,0,0,20,0,1,1,4,9,2,15,3,3,0,0,112,0,22,0,1,1,5,1,floor1_town
140,12484,2,Normal,24,3,3,2,0,27,0,0,0,10,0,1,1,1,3,3,16,0,0,0,0,65,27,15,1,0,0,5,1,party wiped
141,12485,1,Normal,28,3,3,3,0,27,27,0,0,15,0,1,1,6,9,1,15,3,3,0,0,84,0,24,0,1,1,4,1,floor1_town
141,12485,2,Normal,30,5,5,5,0,27,15,0,0,25,0,1,1,9,3,3,7,0,0,0,0,140,12,29,0,1,1,4,1,
141,12485,3,Normal,2,1,1,0,0,15,0,0,0,0,0,1,1,2,0,0,5,0,0,0,0,18,15,5,1,0,0,4,1,party wiped
142,12486,1,Normal,36,4,4,4,0,27,27,0,0,20,0,1,1,6,10,0,15,3,3,0,0,112,0,23,0,1,1,5,1,floor1_town
142,12486,2,Normal,24,4,4,3,0,27,0,0,0,15,0,1,1,4,3,3,11,0,0,0,0,93,27,21,1,0,0,5,1,party wiped
143,12487,1,Normal,29,4,4,4,0,27,27,0,0,20,0,1,1,7,9,3,15,3,3,0,0,112,0,33,0,1,1,5,1,floor1_town
143,12487,2,Normal,34,5,5,4,0,27,0,0,0,20,0,1,1,8,3,3,9,0,0,0,0,132,27,28,1,0,0,5,1,party wiped
144,12488,1,Normal,37,4,4,4,0,27,27,0,0,20,0,1,1,3,7,0,15,3,3,0,0,112,0,18,0,1,1,5,1,floor1_town
144,12488,2,Normal,40,4,4,4,0,27,15,0,0,20,0,1,1,3,3,3,12,0,0,0,0,112,12,19,0,1,1,5,1,
144,12488,3,Normal,5,1,1,0,0,15,0,0,0,0,0,1,1,4,0,0,8,0,0,0,0,27,15,9,1,0,0,5,1,party wiped
145,12489,1,Normal,29,5,5,5,0,27,27,0,0,25,0,1,1,5,11,3,15,3,3,0,0,140,0,29,0,1,1,6,1,floor1_town
145,12489,2,Normal,20,4,4,3,0,27,0,0,0,15,0,1,1,1,3,3,15,0,0,0,0,84,27,18,1,0,0,6,1,party wiped
146,12490,1,Normal,22,3,3,2,0,27,0,0,0,10,0,1,1,0,6,3,15,0,0,0,0,83,27,16,1,0,0,3,1,floor1_town; party wiped
147,12491,1,Normal,30,2,2,2,0,27,27,0,0,10,0,1,1,4,4,0,15,3,3,0,0,56,0,10,0,1,1,3,1,floor1_town
147,12491,2,Normal,38,5,5,5,0,27,27,0,0,25,0,1,1,6,3,3,11,0,0,0,0,140,0,21,0,1,1,3,1,
147,12491,3,Normal,27,2,2,2,0,27,19,0,0,0,0,1,1,0,0,0,11,0,0,0,0,44,8,4,0,1,1,3,1,
147,12491,4,Normal,10,1,1,0,0,19,0,0,0,0,0,1,1,2,0,0,11,0,0,0,0,18,19,5,1,0,0,3,1,party wiped
148,12492,1,Normal,38,4,4,4,0,27,27,0,0,20,0,1,1,5,9,0,15,3,3,0,0,112,0,22,0,1,1,5,1,floor1_town
148,12492,2,Normal,32,3,3,3,0,27,27,0,0,15,0,1,1,5,3,3,12,0,0,0,0,84,0,20,0,1,1,5,1,
148,12492,3,Normal,28,2,2,2,0,27,15,0,0,5,0,1,1,1,0,0,11,0,0,0,0,50,12,6,0,1,1,5,1,
148,12492,4,Normal,2,1,1,0,0,15,0,0,0,0,0,1,1,0,0,0,12,0,0,0,0,0,15,1,1,0,0,5,1,party wiped
149,12493,1,Normal,31,4,4,4,0,27,27,0,0,20,0,1,1,2,9,2,15,3,3,0,0,112,0,20,0,1,1,5,1,floor1_town
149,12493,2,Normal,30,3,3,3,0,27,27,0,0,15,0,1,1,3,3,3,12,0,0,0,0,84,0,17,0,1,1,5,1,
149,12493,3,Normal,26,3,3,2,0,27,0,0,0,5,0,1,1,3,0,0,11,0,0,0,0,50,27,11,1,0,0,5,1,party wiped
150,12494,1,Normal,39,6,6,6,0,27,27,0,0,30,0,1,1,4,12,1,15,3,3,0,0,168,0,30,0,1,1,7,1,floor1_town
150,12494,2,Normal,25,3,3,3,0,27,27,0,0,15,0,1,1,3,3,2,14,0,1,0,0,84,0,14,0,1,1,7,1,
150,12494,3,Normal,27,2,2,1,0,27,0,0,0,0,0,1,1,0,0,1,14,0,0,0,0,22,27,5,1,0,0,7,1,party wiped
151,12495,1,Normal,31,5,5,5,0,27,27,0,0,25,0,1,1,6,8,5,15,3,3,0,0,140,12,30,0,1,1,6,1,floor1_town
151,12495,2,Normal,34,3,3,3,0,27,27,0,0,15,0,1,1,3,3,0,14,0,3,0,0,84,0,13,0,1,1,6,1,
151,12495,3,Normal,19,3,3,2,0,27,0,0,0,10,0,1,1,3,0,3,11,0,0,0,0,70,27,17,1,0,0,6,1,party wiped
152,12496,1,Normal,40,5,5,5,0,27,27,0,0,25,0,1,1,6,9,1,15,3,3,0,0,140,0,27,0,1,1,6,1,floor1_town
152,12496,2,Normal,33,3,3,3,0,27,27,0,0,15,0,1,1,4,3,3,12,0,0,0,0,84,0,15,0,1,1,6,1,
152,12496,3,Normal,18,2,2,1,0,27,0,0,0,5,0,1,1,2,0,0,12,0,0,0,0,28,27,7,1,0,0,6,1,party wiped
153,12497,1,Normal,32,2,2,2,0,27,27,0,0,10,0,1,1,2,2,0,15,3,3,0,0,56,0,11,0,1,1,3,1,floor1_town
153,12497,2,Normal,14,2,2,1,0,27,0,0,0,5,0,1,1,1,3,3,16,0,0,0,0,55,27,12,1,0,0,3,1,party wiped
154,12498,1,Normal,40,4,4,4,0,27,27,0,0,20,0,1,1,4,9,2,15,3,3,0,0,112,0,21,0,1,1,5,1,floor1_town
154,12498,2,Normal,35,4,4,4,0,27,15,0,0,20,0,1,1,8,3,3,8,0,0,0,0,112,12,24,0,1,1,5,1,
154,12498,3,Normal,16,3,3,2,0,15,0,0,0,0,0,1,1,2,0,0,8,0,0,0,0,67,15,9,1,0,0,5,1,party wiped
155,12499,1,Normal,33,2,2,2,0,27,27,0,0,10,0,1,1,3,5,1,15,3,3,0,0,56,0,14,0,1,1,3,1,floor1_town
155,12499,2,Normal,28,3,3,3,0,27,27,0,0,15,0,1,1,8,3,3,8,0,0,0,0,84,0,20,0,1,1,3,1,
155,12499,3,Normal,22,2,2,1,0,27,0,0,0,5,0,1,1,1,0,0,9,0,0,0,0,42,27,7,1,0,0,3,1,party wiped
156,12500,1,Normal,25,3,3,3,0,27,27,0,0,15,0,1,1,3,3,0,15,3,3,0,0,84,0,15,0,1,1,4,1,floor1_town
156,12500,2,Normal,15,3,3,2,0,27,0,0,0,10,0,1,1,3,3,3,12,0,0,0,0,65,27,17,1,0,0,4,1,party wiped
157,12501,1,Normal,34,4,4,4,0,27,27,0,0,20,0,1,1,4,8,2,15,3,3,0,0,112,0,26,0,1,1,5,1,floor1_town
157,12501,2,Normal,25,2,2,1,0,27,0,0,0,5,0,1,1,3,3,3,14,0,0,0,0,53,27,15,1,0,0,5,1,party wiped
158,12502,1,Normal,26,2,2,2,0,27,27,0,0,10,0,1,1,2,6,1,15,3,3,0,0,56,0,13,0,1,1,3,1,floor1_town
158,12502,2,Normal,39,3,3,3,0,27,27,0,0,15,0,1,1,1,3,3,16,0,0,0,0,84,0,16,0,1,1,3,1,
158,12502,3,Normal,23,2,2,1,0,27,0,0,0,0,0,1,1,1,0,0,17,0,0,0,0,36,27,7,1,0,0,3,1,party wiped
159,12503,1,Normal,34,4,4,4,0,27,27,0,0,20,0,1,1,4,7,3,15,3,3,0,0,112,0,31,0,1,1,5,1,floor1_town
159,12503,2,Normal,27,3,3,2,0,27,0,0,0,10,0,1,1,3,3,3,12,0,0,0,0,83,27,17,1,0,0,5,1,party wiped
160,12504,1,Normal,27,4,4,4,0,27,27,0,0,20,0,1,1,4,7,0,15,3,3,0,0,112,0,16,0,1,1,5,1,floor1_town
160,12504,2,Normal,15,3,3,2,0,27,0,0,0,10,0,1,1,2,3,3,14,0,0,0,0,81,27,20,1,0,0,5,1,party wiped
161,12505,1,Normal,35,4,4,4,0,27,27,0,0,20,0,1,1,2,8,1,15,3,3,0,0,112,0,20,0,1,1,5,1,floor1_town
161,12505,2,Normal,20,3,3,2,0,27,0,0,0,10,0,1,1,1,3,3,15,0,0,0,0,56,27,14,1,0,0,5,1,party wiped
162,12506,1,Normal,27,2,2,2,0,27,27,0,0,10,0,1,1,4,3,0,15,3,3,0,0,56,0,14,0,1,1,3,1,floor1_town
162,12506,2,Normal,31,3,3,3,0,27,15,0,0,15,0,1,1,4,3,3,13,0,0,0,0,84,12,21,0,1,1,3,1,
162,12506,3,Normal,27,2,2,1,0,15,0,0,0,0,0,1,1,1,0,0,12,0,0,0,0,31,15,5,1,0,0,3,1,party wiped
163,12507,1,Normal,36,2,2,2,0,27,27,0,0,10,0,1,1,2,3,0,15,3,3,0,0,56,0,9,0,1,1,3,1,floor1_town
163,12507,2,Normal,16,3,3,2,0,27,0,0,0,10,0,1,1,3,3,3,12,0,0,0,0,81,27,16,1,0,0,3,1,party wiped
164,12508,1,Normal,28,3,3,3,0,27,27,0,0,15,0,1,1,2,8,1,15,3,3,0,0,84,0,18,0,1,1,4,1,floor1_town
164,12508,2,Normal,33,5,5,5,0,27,15,0,0,25,0,1,1,4,3,3,13,0,0,0,0,140,12,20,0,1,1,4,1,
164,12508,3,Normal,5,1,1,0,0,15,0,0,0,0,0,1,1,0,0,0,15,0,0,0,0,14,15,1,1,0,0,4,1,party wiped
165,12509,1,Normal,36,5,5,5,0,27,27,0,0,25,0,1,1,4,6,0,15,3,3,0,0,140,0,23,0,1,1,6,1,floor1_town
165,12509,2,Normal,31,3,3,3,0,27,27,0,0,15,0,1,1,5,3,2,12,0,1,0,0,84,0,15,0,1,1,6,1,
165,12509,3,Normal,33,4,4,4,0,27,15,0,0,15,0,1,1,9,0,1,3,0,0,0,0,106,12,21,0,1,1,6,1,
165,12509,4,Normal,12,2,2,1,0,15,0,0,0,5,0,1,1,3,0,0,0,0,0,0,0,51,15,7,1,0,0,6,1,party wiped
166,12510,1,Normal,29,3,3,3,0,27,27,0,0,15,0,1,1,1,7,2,15,3,3,0,0,84,0,13,0,1,1,4,1,floor1_town
166,12510,2,Normal,26,3,3,2,0,27,0,0,0,10,0,1,1,4,3,3,13,0,0,0,0,65,27,20,1,0,0,4,1,party wiped
167,12511,1,Normal,37,3,3,3,0,27,27,0,0,15,0,1,1,2,9,4,15,3,3,0,0,84,0,20,0,1,1,4,1,floor1_town
167,12511,2,Normal,17,4,4,3,0,27,0,0,0,15,0,1,1,1,3,3,14,0,0,0,0,102,27,21,1,0,0,4,1,party wiped
168,12512,1,Normal,29,4,4,4,0,27,27,0,0,20,0,1,1,5,9,1,15,3,3,0,0,112,0,23,0,1,1,5,1,floor1_town
168,12512,2,Normal,35,3,3,3,0,27,27,0,0,15,0,1,1,3,3,3,14,0,0,0,0,84,0,18,0,1,1,5,1,
168,12512,3,Normal,29,2,2,2,0,27,15,0,0,5,0,1,1,3,0,0,13,0,0,0,0,50,12,9,0,1,1,5,1,
168,12512,4,Normal,16,2,2,1,0,15,0,0,0,5,0,1,1,1,0,0,13,0,0,0,0,42,15,5,1,0,0,5,1,party wiped
169,12513,1,Normal,38,4,4,4,0,27,27,0,0,20,0,1,1,2,11,1,15,3,3,0,0,112,0,20,0,1,1,5,1,floor1_town
169,12513,2,Normal,37,5,5,5,0,27,27,0,0,25,0,1,1,10,3,3,6,0,0,0,0,140,0,27,0,1,1,5,1,
169,12513,3,Normal,39,6,6,6,0,27,19,0,0,5,0,1,1,5,0,0,3,0,0,0,0,138,8,22,0,1,1,5,1,
169,12513,4,Normal,14,2,2,1,0,19,0,0,0,5,0,1,1,3,0,0,0,0,0,0,0,46,19,8,1,0,0,5,1,party wiped
170,12514,1,Normal,30,4,4,4,0,27,27,0,0,20,0,1,1,5,7,2,15,3,3,0,0,112,0,21,0,1,1,5,1,floor1_town
170,12514,2,Normal,23,5,5,4,0,27,0,0,0,20,0,1,1,7,3,3,9,0,0,0,0,135,27,26,1,0,0,5,1,party wiped
171,12515,1,Normal,39,4,4,4,0,27,27,0,0,20,0,1,1,4,8,3,15,3,3,0,0,112,12,24,0,1,1,5,1,floor1_town
171,12515,2,Normal,36,4,4,4,0,27,27,0,0,20,0,1,1,2,3,3,13,0,0,0,0,112,0,16,0,1,1,5,1,
171,12515,3,Normal,2,1,1,0,0,27,0,0,0,0,0,1,1,0,0,0,15,0,0,0,0,0,27,2,1,0,0,5,1,party wiped
172,12516,1,Normal,31,4,4,4,0,27,27,0,0,20,0,1,1,2,10,3,15,3,3,0,0,112,0,25,0,1,1,5,1,floor1_town
172,12516,2,Normal,25,4,4,3,0,27,0,0,0,15,0,1,1,5,3,3,11,0,0,0,0,107,27,21,1,0,0,5,1,party wiped
173,12517,1,Normal,39,7,7,7,0,27,27,0,0,35,0,1,1,4,18,2,15,3,3,0,0,196,0,34,0,1,1,8,1,floor1_town
173,12517,2,Normal,16,3,3,2,0,27,0,0,0,10,0,1,1,2,3,3,14,0,0,0,0,65,27,14,1,0,0,8,1,party wiped
174,12518,1,Normal,32,3,3,3,0,27,27,0,0,15,0,1,1,2,3,0,15,3,3,0,0,84,0,14,0,1,1,4,1,floor1_town
174,12518,2,Normal,27,4,4,4,0,27,27,0,0,20,0,1,1,4,3,3,13,0,0,0,0,112,0,17,0,1,1,4,1,
174,12518,3,Normal,1,1,1,0,0,27,0,0,0,0,0,1,1,0,0,0,13,0,0,0,0,9,27,2,1,0,0,4,1,party wiped
175,12519,1,Normal,40,4,4,4,0,27,27,0,0,20,0,1,1,4,10,0,15,3,3,0,0,112,0,20,0,1,1,5,1,floor1_town
175,12519,2,Normal,33,4,4,4,0,27,27,0,0,20,0,1,1,9,3,3,6,0,0,0,0,112,0,30,0,1,1,5,1,
175,12519,3,Normal,36,2,2,2,0,27,27,0,0,5,0,1,1,2,0,0,5,0,0,0,0,50,0,7,0,1,1,5,1,
175,12519,4,Normal,25,1,1,1,0,27,27,0,0,5,0,1,1,1,0,0,4,0,0,0,0,28,0,4,0,1,1,5,1,
175,12519,5,Normal,27,3,3,2,0,27,0,0,0,10,0,1,1,4,0,0,1,0,0,0,0,70,27,11,1,0,0,5,1,party wiped
176,12520,1,Normal,32,4,4,4,0,27,27,0,0,20,0,1,1,4,6,1,15,3,3,0,0,112,0,20,0,1,1,5,1,floor1_town
176,12520,2,Normal,24,3,3,2,0,27,0,0,0,10,0,1,1,4,3,3,12,0,0,0,0,79,27,23,1,0,0,5,1,party wiped
177,12521,1,Normal,25,4,4,4,0,27,27,0,0,20,0,1,1,4,7,0,15,3,3,0,0,112,0,21,0,1,1,5,1,floor1_town
177,12521,2,Normal,28,3,3,2,0,27,0,0,0,10,0,1,1,0,3,3,17,0,0,0,0,65,27,14,1,0,0,5,1,party wiped
178,12522,1,Normal,33,3,3,3,0,27,27,0,0,15,0,1,1,3,6,0,15,3,3,0,0,84,0,16,0,1,1,4,1,floor1_town
178,12522,2,Normal,40,4,4,4,0,27,27,0,0,20,0,1,1,3,3,2,14,0,1,0,0,112,0,15,0,1,1,4,1,
178,12522,3,Normal,1,1,1,0,0,27,0,0,0,0,0,1,1,3,0,1,13,0,0,0,0,23,27,10,1,0,0,4,1,party wiped
179,12523,1,Normal,25,3,3,3,0,27,27,0,0,15,0,1,1,5,8,1,15,3,3,0,0,84,0,19,0,1,1,4,1,floor1_town
179,12523,2,Normal,38,4,4,4,0,27,15,0,0,20,0,1,1,2,3,3,14,0,0,0,0,112,12,20,0,1,1,4,1,
179,12523,3,Normal,37,4,4,4,0,15,13,0,0,5,0,1,1,3,0,0,13,0,0,0,0,94,2,14,0,1,1,4,1,
179,12523,4,Normal,17,3,3,2,0,13,0,0,0,10,0,1,1,3,0,0,12,0,0,0,0,70,13,10,1,0,0,4,1,party wiped
180,12524,1,Normal,34,2,2,2,0,27,27,0,0,10,0,1,1,2,4,2,15,3,3,0,0,56,0,10,0,1,1,3,1,floor1_town
180,12524,2,Normal,28,4,4,4,0,27,15,0,0,20,0,1,1,4,3,3,12,0,0,0,0,112,12,20,0,1,1,3,1,
180,12524,3,Normal,7,1,1,0,0,15,0,0,0,0,0,1,1,0,0,0,13,0,0,0,0,9,15,1,1,0,0,3,1,party wiped
181,12525,1,Normal,26,3,3,3,0,27,27,0,0,15,0,1,1,5,5,3,15,3,3,0,0,84,9,17,0,1,1,4,1,floor1_town
181,12525,2,Normal,39,2,2,2,0,27,27,0,0,10,0,1,1,1,3,3,16,0,0,0,0,56,0,15,0,1,1,4,1,
181,12525,3,Normal,2,1,1,0,0,27,0,0,0,0,0,1,1,0,0,0,17,0,0,0,0,9,27,2,1,0,0,4,1,party wiped
182,12526,1,Normal,35,2,2,2,0,27,27,0,0,10,0,1,1,1,6,1,15,3,3,0,0,56,0,13,0,1,1,3,1,floor1_town
182,12526,2,Normal,35,4,4,4,0,27,27,0,0,20,0,1,1,2,3,3,13,0,0,0,0,112,0,16,0,1,1,3,1,
182,12526,3,Normal,1,1,1,0,0,27,0,0,0,0,0,1,1,2,0,0,11,0,0,0,0,27,27,5,1,0,0,3,1,party wiped
183,12527,1,Normal,27,3,3,3,0,27,27,0,0,15,0,1,1,5,7,2,15,3,3,0,0,84,0,20,0,1,1,4,1,floor1_town
183,12527,2,Normal,26,3,3,2,0,27,0,0,0,10,0,1,1,1,3,3,14,0,0,0,0,83,27,15,1,0,0,4,1,party wiped
184,12528,1,Normal,35,3,3,3,0,27,27,0,0,15,0,1,1,3,4,0,15,3,3,0,0,84,0,12,0,1,1,4,1,floor1_town
184,12528,2,Normal,35,6,6,6,0,27,27,0,0,30,0,1,1,7,3,3,8,0,0,0,0,168,0,25,0,1,1,4,1,
184,12528,3,Normal,17,2,2,1,0,27,0,0,0,0,0,1,1,2,0,0,7,0,0,0,0,49,27,8,1,0,0,4,1,party wiped
185,12529,1,Normal,28,3,3,3,0,27,27,0,0,15,0,1,1,2,6,0,15,3,3,0,0,84,0,18,0,1,1,4,1,floor1_town
185,12529,2,Normal,40,2,2,2,0,27,27,0,0,10,0,1,1,1,2,0,15,1,3,0,0,56,0,6,0,1,1,4,1,
185,12529,3,Normal,28,4,4,4,0,27,19,0,0,0,0,1,1,1,1,3,15,0,0,0,0,88,8,13,0,1,1,4,1,
185,12529,4,Normal,23,4,4,3,0,19,0,0,0,15,0,1,1,7,0,0,8,0,0,0,0,84,19,23,1,0,0,4,1,party wiped
186,12530,1,Normal,36,3,3,3,0,27,27,0,0,15,0,1,1,3,3,0,15,3,3,0,0,84,0,15,0,1,1,4,1,floor1_town
186,12530,2,Normal,29,2,2,2,0,27,27,0,0,10,0,1,1,2,2,0,14,1,3,0,0,56,0,6,0,1,1,4,1,
186,12530,3,Normal,36,4,4,4,0,27,27,0,0,15,0,1,1,7,1,3,7,0,0,0,0,106,0,24,0,1,1,4,1,
186,12530,4,Normal,22,3,3,2,0,27,0,0,0,10,0,1,1,7,0,0,0,0,0,0,0,65,27,18,1,0,0,4,1,party wiped
187,12531,1,Normal,28,3,3,3,0,27,27,0,0,15,0,1,1,4,7,4,15,3,3,0,0,84,12,26,0,1,1,4,1,floor1_town
187,12531,2,Normal,25,1,1,1,0,27,27,0,0,5,0,1,1,2,2,0,13,1,3,0,0,28,0,5,0,1,1,4,1,
187,12531,3,Normal,37,6,6,5,0,27,0,0,0,10,0,1,1,4,1,3,11,0,0,0,0,122,27,21,1,0,0,4,1,party wiped
188,12532,1,Normal,37,4,4,4,0,27,27,0,0,20,0,1,1,2,10,0,15,3,3,0,0,112,0,17,0,1,1,5,1,floor1_town
188,12532,2,Normal,28,3,3,2,0,27,0,0,0,10,0,1,1,0,3,3,16,0,0,0,0,70,27,10,1,0,0,5,1,party wiped
189,12533,1,Normal,29,1,1,1,0,27,27,0,0,5,0,1,1,2,3,3,15,3,3,0,0,28,0,10,0,1,1,2,1,floor1_town
189,12533,2,Normal,35,2,2,2,0,27,27,0,0,10,0,1,1,3,3,2,12,0,1,0,0,56,0,10,0,1,1,2,1,
189,12533,3,Normal,10,2,2,1,0,27,0,0,0,5,0,1,1,3,0,1,11,0,0,0,0,55,27,11,1,0,0,2,1,party wiped
190,12534,1,Normal,37,4,4,4,0,27,27,0,0,20,0,1,1,2,8,3,15,3,3,0,0,112,12,23,0,1,1,5,1,floor1_town
190,12534,2,Normal,31,5,5,5,0,27,27,0,0,25,0,1,1,5,3,3,11,0,0,0,0,140,0,25,0,1,1,5,1,
190,12534,3,Normal,17,3,3,2,0,27,0,0,0,5,0,1,1,2,0,0,9,0,0,0,0,59,27,10,1,0,0,5,1,party wiped
191,12535,1,Normal,30,3,3,3,0,27,27,0,0,15,0,1,1,1,6,1,15,3,3,0,0,84,0,13,0,1,1,4,1,floor1_town
191,12535,2,Normal,38,4,4,4,0,27,15,0,0,20,0,1,1,1,3,3,14,0,0,0,0,112,12,19,0,1,1,4,1,
191,12535,3,Normal,25,3,3,2,0,15,0,0,0,5,0,1,1,2,0,0,13,0,0,0,0,59,15,9,1,0,0,4,1,party wiped
192,12536,1,Normal,38,4,4,4,0,27,27,0,0,20,0,1,1,5,11,1,15,3,3,0,0,112,0,25,0,1,1,5,1,floor1_town
192,12536,2,Normal,38,5,5,4,0,27,0,0,0,20,0,1,1,6,3,3,11,0,0,0,0,128,27,27,1,0,0,5,1,party wiped
193,12537,1,Normal,30,4,4,4,0,27,27,0,0,20,0,1,1,2,12,5,15,3,3,0,0,112,0,29,0,1,1,5,1,floor1_town
193,12537,2,Normal,28,2,2,2,0,27,27,0,0,10,0,1,1,0,3,0,16,0,3,0,0,56,0,8,0,1,1,5,1,
193,12537,3,Normal,30,3,3,3,0,27,27,0,0,5,0,1,1,3,0,3,15,0,0,0,0,72,0,17,0,1,1,5,1,
193,12537,4,Normal,33,4,4,3,0,27,0,0,0,15,0,1,1,6,0,0,11,0,0,0,0,107,27,19,1,0,0,5,1,party wiped
194,12538,1,Normal,39,5,5,5,0,27,27,0,0,25,0,1,1,3,11,2,15,3,3,0,0,140,0,27,0,1,1,6,1,floor1_town
194,12538,2,Normal,31,3,3,2,0,27,0,0,0,10,0,1,1,5,3,3,12,0,0,0,0,65,27,18,1,0,0,6,1,party wiped
195,12539,1,Normal,31,3,3,3,0,27,27,0,0,15,0,1,1,4,7,0,15,3,3,0,0,84,0,21,0,1,1,4,1,floor1_town
195,12539,2,Normal,32,5,5,5,0,27,18,0,0,25,0,1,1,5,3,3,10,0,0,0,0,140,9,23,0,1,1,4,1,
195,12539,3,Normal,35,4,4,4,0,18,15,0,0,10,0,1,1,4,0,0,7,0,0,0,0,100,3,14,0,1,1,4,1,
195,12539,4,Normal,6,1,1,0,0,15,0,0,0,0,0,1,1,0,0,0,9,0,0,0,0,9,15,1,1,0,0,4,1,party wiped
196,12540,1,Normal,40,3,3,3,0,27,27,0,0,15,0,1,1,2,8,5,15,3,3,0,0,84,0,22,0,1,1,4,1,floor1_town
196,12540,2,Normal,28,3,3,3,0,27,27,0,0,15,0,1,1,8,3,3,7,0,0,0,0,84,0,21,0,1,1,4,1,
196,12540,3,Normal,20,2,2,1,0,27,0,0,0,5,0,1,1,1,0,0,6,0,0,0,0,55,27,10,1,0,0,4,1,party wiped
197,12541,1,Normal,32,2,2,2,0,27,27,0,0,10,0,1,1,2,3,0,15,3,3,0,0,56,0,13,0,1,1,3,1,floor1_town
197,12541,2,Normal,30,4,4,4,0,27,27,0,0,20,0,1,1,4,3,1,12,0,2,0,0,112,0,15,0,1,1,3,1,
197,12541,3,Normal,40,2,2,2,0,27,19,0,0,5,0,1,1,3,0,2,11,0,0,0,0,50,8,12,0,1,1,3,1,
197,12541,4,Normal,33,4,4,4,0,19,15,0,0,20,0,1,1,7,0,0,5,0,0,0,0,112,4,21,0,1,1,3,1,
197,12541,5,Normal,28,3,3,2,0,15,0,0,0,10,0,1,1,5,0,0,0,0,0,0,0,83,15,16,1,0,0,3,1,party wiped
198,12542,1,Normal,40,3,3,3,0,27,27,0,0,15,0,1,1,3,5,0,15,3,3,0,0,84,0,17,0,1,1,4,1,floor1_town
198,12542,2,Normal,24,4,4,3,0,27,0,0,0,15,0,1,1,2,3,3,14,0,0,0,0,107,27,18,1,0,0,4,1,party wiped
199,12543,1,Normal,33,4,4,4,0,27,27,0,0,20,0,1,1,4,10,1,15,3,3,0,0,112,0,24,0,1,1,5,1,floor1_town
199,12543,2,Normal,20,4,4,3,0,27,0,0,0,15,0,1,1,8,3,3,9,0,0,0,0,98,27,23,1,0,0,5,1,party wiped
200,12544,1,Normal,25,4,4,4,0,27,27,0,0,20,0,1,1,5,7,0,15,3,3,0,0,112,0,23,0,1,1,5,1,floor1_town
200,12544,2,Normal,25,4,4,3,0,27,0,0,0,15,0,1,1,7,3,3,9,0,0,0,0,93,27,23,1,0,0,5,1,party wiped
201,12545,1,Normal,33,5,5,5,0,27,27,0,0,25,0,1,1,4,6,2,15,3,3,0,0,140,0,20,0,1,1,6,1,floor1_town
201,12545,2,Normal,18,2,2,1,0,27,0,0,0,5,0,1,1,2,3,3,13,0,0,0,0,28,27,11,1,0,0,6,1,party wiped
202,12546,1,Normal,26,3,3,3,0,27,27,0,0,15,0,1,1,9,6,0,15,3,3,0,0,84,0,18,0,1,1,4,1,floor1_town
202,12546,2,Normal,32,3,3,3,0,27,27,0,0,15,0,1,1,3,3,3,12,0,0,0,0,84,0,14,0,1,1,4,1,
202,12546,3,Normal,39,6,6,6,0,27,19,0,0,15,0,1,1,6,0,0,7,0,0,0,0,150,8,21,0,1,1,4,1,
202,12546,4,Normal,14,2,2,1,0,19,0,0,0,5,0,1,1,4,0,0,4,0,0,0,0,51,19,10,1,0,0,4,1,party wiped
203,12547,1,Normal,34,4,4,4,0,27,27,0,0,20,0,1,1,6,6,1,15,3,3,0,0,112,0,25,0,1,1,5,1,floor1_town
203,12547,2,Normal,27,1,1,1,0,27,27,0,0,5,0,1,1,1,1,0,14,2,3,0,0,28,0,4,0,1,1,5,1,
203,12547,3,Normal,34,5,5,5,0,27,19,0,0,10,0,1,1,3,2,3,13,0,0,0,0,122,8,21,0,1,1,5,1,
203,12547,4,Normal,11,1,1,0,0,19,0,0,0,0,0,1,1,1,0,0,14,0,0,0,0,18,19,4,1,0,0,5,1,party wiped
204,12548,1,Normal,26,3,3,3,0,27,27,0,0,15,0,1,1,7,9,7,15,3,3,0,0,84,12,32,0,1,1,4,1,floor1_town
204,12548,2,Normal,25,3,3,3,0,27,27,0,0,15,0,1,1,6,3,3,11,0,0,0,0,84,0,20,0,1,1,4,1,
204,12548,3,Normal,28,3,3,3,0,27,15,0,0,15,0,1,1,4,0,0,7,0,0,0,0,84,12,12,0,1,1,4,1,
204,12548,4,Normal,34,3,3,2,0,15,0,0,0,10,0,1,1,4,0,0,4,0,0,0,0,83,15,12,1,0,0,4,1,party wiped
205,12549,1,Normal,35,3,3,3,0,27,27,0,0,15,0,1,1,4,6,1,15,3,3,0,0,84,0,18,0,1,1,4,1,floor1_town
205,12549,2,Normal,23,4,4,3,0,27,0,0,0,15,0,1,1,5,3,3,11,0,0,0,0,111,27,19,1,0,0,4,1,party wiped
206,12550,1,Normal,27,3,3,3,0,27,27,0,0,15,0,1,1,5,6,0,15,3,3,0,0,84,0,17,0,1,1,4,1,floor1_town
206,12550,2,Normal,38,4,4,4,0,27,27,0,0,20,0,1,1,6,3,3,9,0,0,0,0,112,0,27,0,1,1,4,1,
206,12550,3,Normal,1,1,1,0,0,27,0,0,0,0,0,1,1,0,0,0,9,0,0,0,0,9,27,3,1,0,0,4,1,party wiped
207,12551,1,Normal,35,3,3,3,0,27,27,0,0,15,0,1,1,1,6,0,15,3,3,0,0,84,0,10,0,1,1,4,1,floor1_town
207,12551,2,Normal,33,2,2,2,0,27,27,0,0,10,0,1,1,1,3,2,14,0,1,0,0,56,0,10,0,1,1,4,1,
207,12551,3,Normal,39,4,4,4,0,27,19,0,0,0,0,1,1,3,0,1,12,0,0,0,0,88,8,15,0,1,1,4,1,
207,12551,4,Normal,30,4,4,4,0,19,27,0,0,20,0,1,1,8,0,0,6,0,0,0,0,112,-8,20,0,1,1,4,1,
207,12551,5,Normal,21,3,3,2,0,27,0,0,0,10,0,1,1,1,0,0,5,0,0,0,0,65,27,9,1,0,0,4,1,party wiped
208,12552,1,Normal,28,3,3,3,0,27,27,0,0,15,0,1,1,2,9,4,15,3,3,0,0,84,0,21,0,1,1,4,1,floor1_town
208,12552,2,Normal,31,3,3,3,0,27,27,0,0,15,0,1,1,3,3,3,14,0,0,0,0,84,0,15,0,1,1,4,1,
208,12552,3,Normal,6,1,1,0,0,27,0,0,0,0,0,1,1,0,0,0,16,0,0,0,0,0,27,3,1,0,0,4,1,party wiped
209,12553,1,Normal,36,4,4,4,0,27,27,0,0,20,0,1,1,3,11,2,15,3,3,0,0,112,0,21,0,1,1,5,1,floor1_town
209,12553,2,Normal,27,2,2,2,0,27,27,0,0,10,0,1,1,1,3,1,16,0,2,0,0,56,0,9,0,1,1,5,1,
209,12553,3,Normal,30,2,2,2,0,27,19,0,0,0,0,1,1,2,0,2,15,0,0,0,0,44,8,11,0,1,1,5,1,
209,12553,4,Normal,9,1,1,0,0,19,0,0,0,0,0,1,1,3,0,0,13,0,0,0,0,18,19,5,1,0,0,5,1,party wiped
210,12554,1,Normal,29,3,3,3,0,27,27,0,0,15,0,1,1,2,6,1,15,3,3,0,0,84,0,14,0,1,1,4,1,floor1_town
210,12554,2,Normal,20,4,4,3,0,27,0,0,0,15,0,1,1,4,3,3,11,0,0,0,0,98,27,19,1,0,0,4,1,party wiped
211,12555,1,Normal,37,3,3,3,0,27,27,0,0,15,0,1,1,4,7,3,15,3,3,0,0,84,12,23,0,1,1,4,1,floor1_town
211,12555,2,Normal,32,2,2,2,0,27,15,0,0,10,0,1,1,3,3,3,14,0,0,0,0,56,12,12,0,1,1,4,1,
211,12555,3,Normal,32,2,2,2,0,15,11,0,0,5,0,1,1,4,0,0,11,0,0,0,0,50,4,11,0,1,1,4,1,
211,12555,4,Normal,38,3,3,3,0,11,27,0,0,15,0,1,1,4,0,0,7,0,0,0,0,84,-16,11,0,1,1,4,1,
211,12555,5,Normal,10,1,1,0,0,27,0,0,0,0,0,1,1,0,0,0,7,0,0,0,0,0,27,2,1,0,0,4,1,party wiped
212,12556,1,Normal,29,4,4,4,0,27,27,0,0,20,0,1,1,6,8,1,15,3,3,0,0,112,0,22,0,1,1,5,1,floor1_town
212,12556,2,Normal,34,3,3,3,0,27,27,0,0,15,0,1,1,5,3,3,12,0,0,0,0,84,0,20,0,1,1,5,1,
212,12556,3,Normal,6,2,2,1,0,27,0,0,0,0,0,1,1,1,0,0,11,0,0,0,0,45,27,7,1,0,0,5,1,party wiped
213,12557,1,Normal,38,5,5,5,0,27,27,0,0,25,0,1,1,4,11,3,15,3,3,0,0,140,0,29,0,1,1,6,1,floor1_town
213,12557,2,Normal,28,2,2,2,0,27,27,0,0,10,0,1,1,1,3,2,15,0,1,0,0,56,0,13,0,1,1,6,1,
213,12557,3,Normal,6,1,1,0,0,27,0,0,0,0,0,1,1,2,0,1,13,0,0,0,0,18,27,6,1,0,0,6,1,party wiped
214,12558,1,Normal,30,3,3,3,0,27,27,0,0,15,0,1,1,3,8,2,15,3,3,0,0,84,0,17,0,1,1,4,1,floor1_town
214,12558,2,Normal,20,3,3,2,0,27,0,0,0,10,0,1,1,4,3,3,13,0,0,0,0,70,27,15,1,0,0,4,1,party wiped
215,12559,1,Normal,38,6,6,6,0,27,27,0,0,30,0,1,1,7,15,3,15,3,3,0,0,168,0,36,0,1,1,7,1,floor1_town
215,12559,2,Normal,31,3,3,3,0,27,27,0,0,15,0,1,1,5,3,3,11,0,0,0,0,84,0,23,0,1,1,7,1,
215,12559,3,Normal,9,2,2,1,0,27,0,0,0,0,0,1,1,1,0,0,11,0,0,0,0,43,27,6,1,0,0,7,1,party wiped
216,12560,1,Normal,31,4,4,4,0,27,27,0,0,20,0,1,1,5,8,0,15,3,3,0,0,112,0,22,0,1,1,5,1,floor1_town
216,12560,2,Normal,40,3,3,3,0,27,27,0,0,15,0,1,1,2,3,3,14,0,0,0,0,84,0,13,0,1,1,5,1,
216,12560,3,Normal,1,1,1,0,0,27,0,0,0,0,0,1,1,1,0,0,14,0,0,0,0,23,27,3,1,0,0,5,1,party wiped
217,12561,1,Normal,39,3,3,3,0,27,27,0,0,15,0,1,1,1,8,2,15,3,3,0,0,84,0,14,0,1,1,4,1,floor1_town
217,12561,2,Normal,26,1,1,1,0,27,27,0,0,5,0,1,1,0,3,0,16,0,3,0,0,28,0,5,0,1,1,4,1,
217,12561,3,Normal,30,3,3,3,0,27,11,0,0,5,0,1,1,2,0,3,14,0,0,0,0,72,16,17,0,1,1,4,1,
217,12561,4,Normal,5,1,1,0,0,11,0,0,0,0,0,1,1,0,0,0,14,0,0,0,0,0,11,1,1,0,0,4,1,party wiped
218,12562,1,Normal,31,3,3,3,0,27,27,0,0,15,0,1,1,6,5,0,15,3,3,0,0,84,0,18,0,1,1,4,1,floor1_town
218,12562,2,Normal,31,4,4,4,0,27,27,0,0,20,0,1,1,3,3,3,12,0,0,0,0,112,0,23,0,1,1,4,1,
218,12562,3,Normal,32,3,3,3,0,27,15,0,0,5,0,1,1,3,0,0,11,0,0,0,0,72,12,14,0,1,1,4,1,
218,12562,4,Normal,9,1,1,0,0,15,0,0,0,0,0,1,1,2,0,0,9,0,0,0,0,27,15,5,1,0,0,4,1,party wiped
219,12563,1,Normal,40,4,4,4,0,27,27,0,0,20,0,1,1,2,8,1,15,3,3,0,0,112,0,19,0,1,1,5,1,floor1_town
219,12563,2,Normal,29,3,3,3,0,27,27,0,0,15,0,1,1,3,3,3,13,0,0,0,0,84,0,15,0,1,1,5,1,
219,12563,3,Normal,3,1,1,0,0,27,0,0,0,0,0,1,1,1,0,0,12,0,0,0,0,16,27,6,1,0,0,5,1,party wiped
220,12564,1,Normal,32,2,2,2,0,27,27,0,0,10,0,1,1,1,6,3,15,3,3,0,0,56,0,13,0,1,1,3,1,floor1_town
220,12564,2,Normal,22,3,3,2,0,27,0,0,0,10,0,1,1,3,3,3,12,0,0,0,0,70,27,16,1,0,0,3,1,party wiped
221,12565,1,Normal,25,2,2,2,0,27,27,0,0,10,0,1,1,3,4,0,15,3,3,0,0,56,0,10,0,1,1,3,1,floor1_town
221,12565,2,Normal,29,5,5,4,0,27,0,0,0,20,0,1,1,5,3,3,10,0,0,0,0,139,27,27,1,0,0,3,1,party wiped
222,12566,1,Normal,33,4,4,4,0,27,27,0,0,20,0,1,1,1,11,2,15,3,3,0,0,112,0,22,0,1,1,5,1,floor1_town
222,12566,2,Normal,29,3,3,3,0,27,15,0,0,15,0,1,1,8,3,3,9,0,0,0,0,84,12,25,0,1,1,5,1,
222,12566,3,Normal,28,3,3,2,0,15,0,0,0,5,0,1,1,2,0,0,8,0,0,0,0,64,15,12,1,0,0,5,1,party wiped
223,12567,1,Normal,25,3,3,3,0,27,27,0,0,15,0,1,1,3,6,0,15,3,3,0,0,84,0,14,0,1,1,4,1,floor1_town
223,12567,2,Normal,23,4,4,3,0,27,0,0,0,15,0,1,1,1,3,3,15,0,0,0,0,98,27,12,1,0,0,4,1,party wiped
224,12568,1,Normal,34,2,2,2,0,27,27,0,0,10,0,1,1,1,2,0,15,3,3,0,0,56,0,9,0,1,1,3,1,floor1_town
224,12568,2,Normal,34,4,4,4,0,27,27,0,0,20,0,1,1,8,3,3,9,0,0,0,0,112,0,21,0,1,1,3,1,
224,12568,3,Normal,26,3,3,3,0,27,14,0,0,0,0,1,1,2,0,0,7,0,0,0,0,66,13,10,0,1,1,3,1,
224,12568,4,Normal,8,2,2,1,0,14,0,0,0,5,0,1,1,3,0,0,6,0,0,0,0,37,14,8,1,0,0,3,1,party wiped
225,12569,1,Normal,26,1,1,1,0,27,27,0,0,5,0,1,1,1,0,0,15,3,3,0,0,28,0,4,0,1,1,2,1,floor1_town
225,12569,2,Normal,26,1,1,1,0,27,27,0,0,5,0,1,1,1,2,0,16,1,3,0,0,28,0,7,0,1,1,2,1,
225,12569,3,Normal,38,6,6,5,0,27,0,0,0,0,0,1,1,0,1,3,17,0,0,0,0,119,27,17,1,0,0,2,1,party wiped
226,12570,1,Normal,34,7,7,7,0,27,27,0,0,35,0,1,1,6,11,0,15,3,3,0,0,196,0,31,0,1,1,8,1,floor1_town
226,12570,2,Normal,33,2,2,2,0,27,27,0,0,10,0,1,1,5,3,3,11,0,0,0,0,56,0,18,0,1,1,8,1,
226,12570,3,Normal,25,3,3,2,0,27,0,0,0,10,0,1,1,5,0,0,8,0,0,0,0,74,27,16,1,0,0,8,1,party wiped
227,12571,1,Normal,27,2,2,2,0,27,27,0,0,10,0,1,1,3,4,0,15,3,3,0,0,56,0,11,0,1,1,3,1,floor1_town
227,12571,2,Normal,20,3,3,2,0,27,0,0,0,10,0,1,1,2,3,3,15,0,0,0,0,56,27,12,1,0,0,3,1,party wiped
228,12572,1,Normal,35,2,2,2,0,27,27,0,0,10,0,1,1,0,2,0,15,3,3,0,0,56,0,8,0,1,1,3,1,floor1_town
228,12572,2,Normal,39,4,4,4,0,27,15,0,0,20,0,1,1,4,3,3,11,0,0,0,0,112,12,22,0,1,1,3,1,
228,12572,3,Normal,28,4,4,3,0,15,0,0,0,15,0,1,1,7,0,0,4,0,0,0,0,93,15,22,1,0,0,3,1,party wiped
229,12573,1,Normal,27,3,3,3,0,27,27,0,0,15,0,1,1,4,5,1,15,3,3,0,0,84,0,15,0,1,1,4,1,floor1_town
229,12573,2,Normal,38,2,2,2,0,27,27,0,0,10,0,1,1,1,3,3,15,0,0,0,0,56,0,9,0,1,1,4,1,
229,12573,3,Normal,3,1,1,0,0,27,0,0,0,0,0,1,1,0,0,0,16,0,0,0,0,14,27,3,1,0,0,4,1,party wiped
230,12574,1,Normal,36,3,3,3,0,27,27,0,0,15,0,1,1,4,6,1,15,3,3,0,0,84,0,15,0,1,1,4,1,floor1_town
230,12574,2,Normal,30,5,5,5,0,27,27,0,0,25,0,1,1,5,3,3,11,0,0,0,0,140,0,23,0,1,1,4,1,
230,12574,3,Normal,11,1,1,0,0,27,0,0,0,0,0,1,1,2,0,0,10,0,0,0,0,18,27,6,1,0,0,4,1,party wiped
231,12575,1,Normal,28,2,2,2,0,27,27,0,0,10,0,1,1,1,4,0,15,3,3,0,0,56,0,7,0,1,1,3,1,floor1_town
231,12575,2,Normal,17,3,3,2,0,27,0,0,0,10,0,1,1,3,3,3,14,0,0,0,0,65,27,18,1,0,0,3,1,party wiped
232,12576,1,Normal,36,4,4,4,0,27,27,0,0,20,0,1,1,4,9,2,15,3,3,0,0,112,0,22,0,1,1,5,1,floor1_town
232,12576,2,Normal,32,2,2,2,0,27,27,0,0,10,0,1,1,4,3,2,13,0,1,0,0,56,0,11,0,1,1,5,1,
232,12576,3,Normal,24,3,3,2,0,27,0,0,0,10,0,1,1,4,0,1,11,0,0,0,0,70,27,17,1,0,0,5,1,party wiped
233,12577,1,Normal,29,5,5,5,0,27,27,0,0,25,0,1,1,1,12,1,15,3,3,0,0,140,0,26,0,1,1,6,1,floor1_town
233,12577,2,Normal,27,2,2,2,0,27,27,0,0,10,0,1,1,0,3,3,17,0,0,0,0,56,0,9,0,1,1,6,1,
233,12577,3,Normal,3,1,1,0,0,27,0,0,0,0,0,1,1,0,0,0,17,0,0,0,0,14,27,3,1,0,0,6,1,party wiped
234,12578,1,Normal,37,5,5,5,0,27,27,0,0,25,0,1,1,5,10,1,15,3,3,0,0,140,0,25,0,1,1,6,1,floor1_town
234,12578,2,Normal,28,3,3,3,0,27,27,0,0,15,0,1,1,2,3,2,15,0,1,0,0,84,0,12,0,1,1,6,1,
234,12578,3,Normal,29,4,4,4,0,27,19,0,0,5,0,1,1,5,0,1,11,0,0,0,0,94,8,20,0,1,1,6,1,
234,12578,4,Normal,17,3,3,2,0,19,0,0,0,10,0,1,1,5,0,0,8,0,0,0,0,70,19,13,1,0,0,6,1,party wiped
235,12579,1,Normal,30,6,6,6,0,27,27,0,0,30,0,1,1,10,11,2,15,3,3,0,0,168,0,34,0,1,1,7,1,floor1_town
235,12579,2,Normal,31,2,2,2,0,27,27,0,0,10,0,1,1,1,3,3,14,0,0,0,0,56,0,12,0,1,1,7,1,
235,12579,3,Normal,30,3,3,2,0,27,0,0,0,5,0,1,1,3,0,0,12,0,0,0,0,68,27,10,1,0,0,7,1,party wiped
236,12580,1,Normal,38,7,7,7,0,27,27,0,0,35,0,1,1,9,18,5,15,3,3,0,0,196,0,50,0,1,1,8,1,floor1_town
236,12580,2,Normal,27,2,2,2,0,27,27,0,0,10,0,1,1,0,2,0,16,1,3,0,0,56,0,5,0,1,1,8,1,
236,12580,3,Normal,36,2,2,1,0,27,0,0,0,5,0,1,1,0,1,3,18,0,0,0,0,28,27,7,1,0,0,8,1,party wiped
237,12581,1,Normal,30,4,4,4,0,27,27,0,0,20,0,1,1,6,7,4,15,3,3,0,0,112,0,28,0,1,1,5,1,floor1_town
237,12581,2,Normal,30,1,1,1,0,27,27,0,0,5,0,1,1,1,2,0,16,1,3,0,0,28,0,4,0,1,1,5,1,
237,12581,3,Normal,10,2,2,1,0,27,0,0,0,5,0,1,1,2,1,3,16,0,0,0,0,37,27,11,1,0,0,5,1,party wiped
238,12582,1,Normal,39,3,3,3,0,27,27,0,0,15,0,1,1,5,5,0,15,3,3,0,0,84,0,16,0,1,1,4,1,floor1_town
238,12582,2,Normal,38,4,4,4,0,27,27,0,0,20,0,1,1,2,3,3,13,0,0,0,0,112,0,17,0,1,1,4,1,
238,12582,3,Normal,12,2,2,1,0,27,0,0,0,0,0,1,1,1,0,0,14,0,0,0,0,40,27,6,1,0,0,4,1,party wiped
239,12583,1,Normal,31,3,3,3,0,27,27,0,0,15,0,1,1,4,5,0,15,3,3,0,0,84,0,13,0,1,1,4,1,floor1_town
239,12583,2,Normal,24,4,4,3,0,27,0,0,0,15,0,1,1,2,3,3,13,0,0,0,0,107,27,14,1,0,0,4,1,party wiped
240,12584,1,Normal,39,4,4,4,0,27,27,0,0,20,0,1,1,1,8,3,15,3,3,0,0,112,0,17,0,1,1,5,1,floor1_town
240,12584,2,Normal,35,4,4,4,0,27,27,0,0,20,0,1,1,5,3,2,12,0,1,0,0,112,0,18,0,1,1,5,1,
240,12584,3,Normal,27,3,3,3,0,27,27,0,0,5,0,1,1,2,0,1,11,0,0,0,0,72,0,11,0,1,1,5,1,
240,12584,4,Normal,35,5,5,5,0,27,27,0,0,25,0,1,1,9,0,0,2,0,0,0,0,140,0,28,0,1,1,5,1,
240,12584,5,Normal,31,1,1,1,0,27,27,0,0,5,0,1,1,3,0,0,0,0,0,0,0,28,0,5,0,1,1,5,1,
240,12584,6,Normal,2,1,1,0,0,27,0,0,0,0,0,1,1,0,0,0,0,0,0,0,0,18,27,4,1,0,0,5,1,party wiped
241,12585,1,Normal,32,4,4,4,0,27,27,0,0,20,0,1,1,2,7,1,15,3,3,0,0,112,0,19,0,1,1,5,1,floor1_town
241,12585,2,Normal,30,3,3,3,0,27,27,0,0,15,0,1,1,3,2,0,12,1,3,0,0,84,0,13,0,1,1,5,1,
241,12585,3,Normal,31,2,2,2,0,27,27,0,0,5,0,1,1,0,1,3,12,0,0,0,0,50,0,11,0,1,1,5,1,
241,12585,4,Normal,9,1,1,0,0,27,0,0,0,0,0,1,1,0,0,0,12,0,0,0,0,9,27,2,1,0,0,5,1,party wiped
242,12586,1,Normal,40,6,6,6,0,27,27,0,0,30,0,1,1,8,13,3,15,3,3,0,0,168,0,32,0,1,1,7,1,floor1_town
242,12586,2,Normal,29,3,3,3,0,27,27,0,0,15,0,1,1,0,3,3,17,0,0,0,0,84,0,13,0,1,1,7,1,
242,12586,3,Normal,27,1,1,1,0,27,14,0,0,0,0,1,1,2,0,0,15,0,0,0,0,22,13,7,0,1,1,7,1,
242,12586,4,Normal,27,2,2,2,0,14,27,0,0,10,0,1,1,5,0,0,10,0,0,0,0,56,-13,13,0,1,1,7,1,
242,12586,5,Normal,22,2,2,1,0,27,0,0,0,5,0,1,1,6,0,0,6,0,0,0,0,46,27,15,1,0,0,7,1,party wiped
243,12587,1,Normal,32,4,4,4,0,27,27,0,0,20,0,1,1,2,8,1,15,3,3,0,0,112,0,20,0,1,1,5,1,floor1_town
243,12587,2,Normal,34,4,4,3,0,27,0,0,0,15,0,1,1,8,3,3,8,0,0,0,0,111,27,22,1,0,0,5,1,party wiped
244,12588,1,Normal,25,4,4,4,0,27,27,0,0,20,0,1,1,0,6,0,15,3,3,0,0,112,0,15,0,1,1,5,1,floor1_town
244,12588,2,Normal,16,3,3,2,0,27,0,0,0,10,0,1,1,4,3,3,12,0,0,0,0,79,27,16,1,0,0,5,1,party wiped
245,12589,1,Normal,33,1,1,1,0,27,27,0,0,5,0,1,1,0,3,0,15,3,3,0,0,28,0,4,0,1,1,2,1,floor1_town
245,12589,2,Normal,18,4,4,3,0,27,0,0,0,15,0,1,1,2,3,3,15,0,0,0,0,93,27,17,1,0,0,2,1,party wiped
246,12590,1,Normal,25,3,3,3,0,27,27,0,0,15,0,1,1,2,6,3,15,3,3,0,0,84,0,18,0,1,1,4,1,floor1_town
246,12590,2,Normal,31,5,5,4,0,27,0,0,0,20,0,1,1,1,3,3,16,0,0,0,0,126,27,21,1,0,0,4,1,party wiped
247,12591,1,Normal,34,3,3,3,0,27,27,0,0,15,0,1,1,3,6,2,15,3,3,0,0,84,0,19,0,1,1,4,1,floor1_town
247,12591,2,Normal,26,2,2,2,0,27,27,0,0,10,0,1,1,0,3,2,16,0,1,0,0,56,0,12,0,1,1,4,1,
247,12591,3,Normal,11,2,2,1,0,27,0,0,0,0,0,1,1,1,0,1,15,0,0,0,0,31,27,6,1,0,0,4,1,party wiped
248,12592,1,Normal,26,3,3,3,0,27,27,0,0,15,0,1,1,2,9,4,15,3,3,0,0,84,12,24,0,1,1,4,1,floor1_town
248,12592,2,Normal,30,0,0,0,0,27,27,0,0,0,0,1,1,0,0,0,16,3,3,0,0,0,0,0,0,1,1,4,0,
248,12592,3,Normal,35,5,5,5,0,27,19,0,0,20,0,1,1,6,3,3,11,0,0,0,0,134,8,21,0,1,1,4,1,
248,12592,4,Normal,25,4,4,3,0,19,0,0,0,15,0,1,1,4,0,0,9,0,0,0,0,93,19,13,1,0,0,4,1,party wiped
249,12593,1,Normal,35,4,4,4,0,27,27,0,0,20,0,1,1,4,6,0,15,3,3,0,0,112,0,18,0,1,1,5,1,floor1_town
249,12593,2,Normal,28,1,1,1,0,27,27,0,0,5,0,1,1,1,3,1,16,0,2,0,0,28,0,7,0,1,1,5,1,
249,12593,3,Normal,31,3,3,3,0,27,19,0,0,5,0,1,1,3,0,2,13,0,0,0,0,72,8,14,0,1,1,5,1,
249,12593,4,Normal,9,1,1,0,0,19,0,0,0,0,0,1,1,2,0,0,13,0,0,0,0,14,19,5,1,0,0,5,1,party wiped
250,12594,1,Normal,27,2,2,2,0,27,27,0,0,10,0,1,1,2,6,0,15,3,3,0,0,56,0,10,0,1,1,3,1,floor1_town
250,12594,2,Normal,32,3,3,2,0,27,0,0,0,10,0,1,1,3,3,3,12,0,0,0,0,81,27,20,1,0,0,3,1,party wiped
251,12595,1,Normal,35,2,2,2,0,27,27,0,0,10,0,1,1,1,5,0,15,3,3,0,0,56,0,8,0,1,1,3,1,floor1_town
251,12595,2,Normal,32,4,4,3,0,27,0,0,0,15,0,1,1,3,3,3,13,0,0,0,0,107,27,16,1,0,0,3,1,party wiped
252,12596,1,Normal,28,3,3,3,0,27,27,0,0,15,0,1,1,4,2,0,15,3,3,0,0,84,0,11,0,1,1,4,1,floor1_town
252,12596,2,Normal,29,3,3,3,0,27,27,0,0,15,0,1,1,3,3,2,14,0,1,0,0,84,0,14,0,1,1,4,1,
252,12596,3,Normal,6,1,1,0,0,27,0,0,0,0,0,1,1,0,0,1,15,0,0,0,0,18,27,3,1,0,0,4,1,party wiped
253,12597,1,Normal,36,5,5,5,0,27,27,0,0,25,0,1,1,3,11,1,15,3,3,0,0,140,0,25,0,1,1,6,1,floor1_town
253,12597,2,Normal,36,2,2,2,0,27,27,0,0,10,0,1,1,3,3,2,13,0,1,0,0,56,0,12,0,1,1,6,1,
253,12597,3,Normal,27,5,5,4,0,27,0,0,0,5,0,1,1,4,0,1,10,0,0,0,0,108,27,18,1,0,0,6,1,party wiped
254,12598,1,Normal,28,5,5,5,0,27,27,0,0,25,0,1,1,4,9,3,15,3,3,0,0,140,0,23,0,1,1,6,1,floor1_town
254,12598,2,Normal,28,4,4,4,0,27,27,0,0,20,0,1,1,8,3,3,8,0,0,0,0,112,0,23,0,1,1,6,1,
254,12598,3,Normal,9,2,2,1,0,27,0,0,0,5,0,1,1,4,0,0,6,0,0,0,0,51,27,12,1,0,0,6,1,party wiped
255,12599,1,Normal,37,5,5,5,0,27,27,0,0,25,0,1,1,6,10,0,15,3,3,0,0,140,0,27,0,1,1,6,1,floor1_town
255,12599,2,Normal,30,4,4,3,0,27,0,0,0,15,0,1,1,2,3,3,14,0,0,0,0,102,27,19,1,0,0,6,1,party wiped
256,12600,1,Normal,29,4,4,4,0,27,27,0,0,20,0,1,1,6,11,7,15,3,3,0,0,112,0,35,0,1,1,5,1,floor1_town
256,12600,2,Normal,28,3,3,3,0,27,27,0,0,15,0,1,1,5,3,3,11,0,0,0,0,84,0,18,0,1,1,5,1,
256,12600,3,Normal,4,1,1,0,0,27,0,0,0,0,0,1,1,0,0,0,11,0,0,0,0,0,27,2,1,0,0,5,1,party wiped
257,12601,1,Normal,37,4,4,4,0,27,27,0,0,20,0,1,1,3,9,0,15,3,3,0,0,112,0,19,0,1,1,5,1,floor1_town
257,12601,2,Normal,26,3,3,3,0,27,27,0,0,15,0,1,1,3,3,3,14,0,0,0,0,84,0,18,0,1,1,5,1,
257,12601,3,Normal,24,4,4,3,0,27,0,0,0,5,0,1,1,3,0,0,13,0,0,0,0,72,27,12,1,0,0,5,1,party wiped
258,12602,1,Normal,4,1,1,0,0,27,0,0,0,0,0,1,1,2,3,3,13,0,0,0,0,27,27,18,1,0,0,1,1,floor1_town; party wiped
259,12603,1,Normal,38,5,5,5,0,27,27,0,0,25,0,1,1,7,10,4,15,3,3,0,0,140,0,35,0,1,1,6,1,floor1_town
259,12603,2,Normal,40,3,3,3,0,27,27,0,0,15,0,1,1,3,3,3,14,0,0,0,0,84,0,14,0,1,1,6,1,
259,12603,3,Normal,10,2,2,1,0,27,0,0,0,0,0,1,1,2,0,0,12,0,0,0,0,22,27,7,1,0,0,6,1,party wiped
260,12604,1,Normal,30,2,2,2,0,27,27,0,0,10,0,1,1,1,2,0,15,3,3,0,0,56,0,6,0,1,1,3,1,floor1_town
260,12604,2,Normal,35,2,2,2,0,27,27,0,0,10,0,1,1,2,3,1,14,0,2,0,0,56,0,10,0,1,1,3,1,
260,12604,3,Normal,14,2,2,1,0,27,0,0,0,5,0,1,1,1,0,2,14,0,0,0,0,48,27,7,1,0,0,3,1,party wiped
261,12605,1,Normal,39,4,4,4,0,27,27,0,0,20,0,1,1,7,11,5,15,3,3,0,0,112,0,30,0,1,1,5,1,floor1_town
261,12605,2,Normal,29,2,2,2,0,27,27,0,0,10,0,1,1,2,1,0,14,2,3,0,0,56,0,7,0,1,1,5,1,
261,12605,3,Normal,39,6,6,6,0,27,27,0,0,15,0,1,1,7,2,3,9,0,0,0,0,150,0,22,0,1,1,5,1,
261,12605,4,Normal,34,3,3,3,0,27,27,0,0,15,0,1,1,3,0,0,6,0,0,0,0,84,0,11,0,1,1,5,1,
261,12605,5,Normal,3,1,1,0,0,27,0,0,0,0,0,1,1,1,0,0,6,0,0,0,0,0,27,4,1,0,0,5,1,party wiped
262,12606,1,Normal,31,3,3,3,0,27,27,0,0,15,0,1,1,3,5,2,15,3,3,0,0,84,0,16,0,1,1,4,1,floor1_town
262,12606,2,Normal,26,2,2,2,0,27,15,0,0,10,0,1,1,2,3,3,15,0,0,0,0,56,12,15,0,1,1,4,1,
262,12606,3,Normal,32,4,4,4,0,15,27,0,0,5,0,1,1,6,0,0,10,0,0,0,0,94,-12,16,0,1,1,4,1,
262,12606,4,Normal,26,2,2,2,0,27,27,0,0,10,0,1,1,4,0,0,6,0,0,0,0,56,0,8,0,1,1,4,1,
262,12606,5,Normal,36,4,4,4,0,27,15,0,0,20,0,1,1,5,0,0,1,0,0,0,0,112,12,17,0,1,1,4,1,
262,12606,6,Normal,18,2,2,1,0,15,0,0,0,5,0,1,1,1,0,0,0,0,0,0,0,28,15,5,1,0,0,4,1,party wiped
263,12607,1,Normal,40,6,6,6,0,27,27,0,0,30,0,1,1,7,10,0,15,3,3,0,0,168,0,29,0,1,1,7,1,floor1_town
263,12607,2,Normal,36,4,4,3,0,27,0,0,0,15,0,1,1,3,3,3,13,0,0,0,0,102,27,18,1,0,0,7,1,party wiped
264,12608,1,Normal,32,5,5,5,0,27,27,0,0,25,0,1,1,9,9,0,15,3,3,0,0,140,0,29,0,1,1,6,1,floor1_town
264,12608,2,Normal,9,2,2,1,0,27,0,0,0,5,0,1,1,4,3,3,12,0,0,0,0,46,27,16,1,0,0,6,1,party wiped
265,12609,1,Normal,40,6,6,6,0,27,27,0,0,30,0,1,1,5,12,2,15,3,3,0,0,168,0,35,0,1,1,7,1,floor1_town
265,12609,2,Normal,26,3,3,2,0,27,0,0,0,10,0,1,1,6,3,3,11,0,0,0,0,79,27,17,1,0,0,7,1,party wiped
266,12610,1,Normal,33,4,4,4,0,27,27,0,0,20,0,1,1,5,9,3,15,3,3,0,0,112,0,26,0,1,1,5,1,floor1_town
266,12610,2,Normal,40,2,2,2,0,27,27,0,0,10,0,1,1,1,3,3,14,0,0,0,0,56,0,10,0,1,1,5,1,
266,12610,3,Normal,22,2,2,1,0,27,0,0,0,5,0,1,1,2,0,0,14,0,0,0,0,28,27,8,1,0,0,5,1,party wiped
267,12611,1,Normal,25,1,1,1,0,27,27,0,0,5,0,1,1,0,1,0,15,3,3,0,0,28,0,4,0,1,1,2,1,floor1_town
267,12611,2,Normal,30,4,4,4,0,27,27,0,0,20,0,1,1,6,3,3,9,0,0,0,0,112,0,22,0,1,1,2,1,
267,12611,3,Normal,28,2,2,2,0,27,27,0,0,5,0,1,1,4,0,0,5,0,0,0,0,50,0,10,0,1,1,2,1,
267,12611,4,Normal,2,1,1,0,0,27,0,0,0,0,0,1,1,1,0,0,4,0,0,0,0,18,27,3,1,0,0,2,1,party wiped
268,12612,1,Normal,33,2,2,2,0,27,27,0,0,10,0,1,1,1,2,0,15,3,3,0,0,56,0,6,0,1,1,3,1,floor1_town
268,12612,2,Normal,23,3,3,2,0,27,0,0,0,10,0,1,1,7,3,3,10,0,0,0,0,83,27,19,1,0,0,3,1,party wiped
269,12613,1,Normal,26,5,5,5,0,27,27,0,0,25,0,1,1,6,8,2,15,3,3,0,0,140,0,25,0,1,1,6,1,floor1_town
269,12613,2,Normal,13,2,2,1,0,27,0,0,0,5,0,1,1,1,3,3,14,0,0,0,0,55,27,16,1,0,0,6,1,party wiped
270,12614,1,Normal,34,5,5,5,0,27,27,0,0,25,0,1,1,10,13,3,15,3,3,0,0,140,0,35,0,1,1,6,1,floor1_town
270,12614,2,Normal,24,4,4,3,0,27,0,0,0,15,0,1,1,1,3,3,14,0,0,0,0,84,27,16,1,0,0,6,1,party wiped
271,12615,1,Normal,26,2,2,2,0,27,27,0,0,10,0,1,1,3,3,0,15,3,3,0,0,56,0,10,0,1,1,3,1,floor1_town
271,12615,2,Normal,29,2,2,2,0,27,27,0,0,10,0,1,1,0,3,1,15,0,2,0,0,56,0,9,0,1,1,3,1,
271,12615,3,Normal,33,3,3,3,0,27,11,0,0,10,0,1,1,3,0,2,13,0,0,0,0,78,16,14,0,1,1,3,1,
271,12615,4,Normal,3,1,1,0,0,11,0,0,0,0,0,1,1,0,0,0,14,0,0,0,0,9,11,2,1,0,0,3,1,party wiped
272,12616,1,Normal,35,5,5,5,0,27,27,0,0,25,0,1,1,5,10,3,15,3,3,0,0,140,12,30,0,1,1,6,1,floor1_town
272,12616,2,Normal,27,3,3,2,0,27,0,0,0,10,0,1,1,3,3,3,12,0,0,0,0,56,27,15,1,0,0,6,1,party wiped
273,12617,1,Normal,27,3,3,3,0,27,27,0,0,15,0,1,1,2,5,0,15,3,3,0,0,84,0,11,0,1,1,4,1,floor1_town
273,12617,2,Normal,25,4,4,3,0,27,0,0,0,15,0,1,1,1,3,3,14,0,0,0,0,93,27,14,1,0,0,4,1,party wiped
274,12618,1,Normal,36,7,7,7,0,27,27,0,0,35,0,1,1,6,11,0,15,3,3,0,0,196,0,25,0,1,1,8,1,floor1_town
274,12618,2,Normal,24,3,3,2,0,27,0,0,0,10,0,1,1,1,3,3,16,0,0,0,0,56,27,12,1,0,0,8,1,party wiped
275,12619,1,Normal,28,2,2,2,0,27,27,0,0,10,0,1,1,3,6,0,15,3,3,0,0,56,0,13,0,1,1,3,1,floor1_town
275,12619,2,Normal,27,1,1,1,0,27,27,0,0,5,0,1,1,2,3,0,14,0,3,0,0,28,0,6,0,1,1,3,1,
275,12619,3,Normal,22,2,2,1,0,27,0,0,0,0,0,1,1,2,0,3,12,0,0,0,0,40,27,11,1,0,0,3,1,party wiped
276,12620,1,Normal,36,3,3,3,0,27,27,0,0,15,0,1,1,4,4,2,15,3,3,0,0,84,0,16,0,1,1,4,1,floor1_town
276,12620,2,Normal,29,2,2,2,0,27,27,0,0,10,0,1,1,2,3,2,14,0,1,0,0,56,0,12,0,1,1,4,1,
276,12620,3,Normal,15,3,3,2,0,27,0,0,0,0,0,1,1,3,0,1,13,0,0,0,0,53,27,14,1,0,0,4,1,party wiped
277,12621,1,Normal,29,3,3,3,0,27,27,0,0,15,0,1,1,0,7,1,15,3,3,0,0,84,0,14,0,1,1,4,1,floor1_town
277,12621,2,Normal,18,3,3,2,0,27,0,0,0,10,0,1,1,5,3,3,12,0,0,0,0,65,27,18,1,0,0,4,1,party wiped
278,12622,1,Normal,37,5,5,5,0,27,27,0,0,25,0,1,1,5,10,2,15,3,3,0,0,140,0,32,0,1,1,6,1,floor1_town
278,12622,2,Normal,30,3,3,3,0,27,18,0,0,15,0,1,1,1,3,3,15,0,0,0,0,84,9,13,0,1,1,6,1,
278,12622,3,Normal,2,1,1,0,0,18,0,0,0,0,0,1,1,0,0,0,16,0,0,0,0,0,18,1,1,0,0,6,1,party wiped
279,12623,1,Normal,29,5,5,5,0,27,27,0,0,25,0,1,1,1,11,2,15,3,3,0,0,140,0,26,0,1,1,6,1,floor1_town
279,12623,2,Normal,19,4,4,3,0,27,0,0,0,15,0,1,1,4,3,3,12,0,0,0,0,111,27,19,1,0,0,6,1,party wiped
280,12624,1,Normal,38,3,3,3,0,27,27,0,0,15,0,1,1,2,9,3,15,3,3,0,0,84,0,22,0,1,1,4,1,floor1_town
280,12624,2,Normal,29,2,2,2,0,27,27,0,0,10,0,1,1,0,3,0,15,0,3,0,0,56,0,6,0,1,1,4,1,
280,12624,3,Normal,24,3,3,2,0,27,0,0,0,10,0,1,1,1,0,3,16,0,0,0,0,70,27,13,1,0,0,4,1,party wiped
281,12625,1,Normal,30,3,3,3,0,27,27,0,0,15,0,1,1,4,6,0,15,3,3,0,0,84,0,18,0,1,1,4,1,floor1_town
281,12625,2,Normal,27,2,2,2,0,27,15,0,0,10,0,1,1,4,3,3,12,0,0,0,0,56,12,14,0,1,1,4,1,
281,12625,3,Normal,35,3,3,3,0,15,27,0,0,0,0,1,1,3,0,0,11,0,0,0,0,66,-12,13,0,1,1,4,1,
281,12625,4,Normal,12,2,2,1,0,27,0,0,0,5,0,1,1,4,0,0,7,0,0,0,0,46,27,10,1,0,0,4,1,party wiped
282,12626,1,Normal,38,4,4,4,0,27,27,0,0,20,0,1,1,3,9,4,15,3,3,0,0,112,0,24,0,1,1,5,1,floor1_town
282,12626,2,Normal,28,2,2,2,0,27,27,0,0,10,0,1,1,3,3,3,13,0,0,0,0,56,0,14,0,1,1,5,1,
282,12626,3,Normal,1,1,1,0,0,27,0,0,0,0,0,1,1,2,0,0,11,0,0,0,0,23,27,6,1,0,0,5,1,party wiped
283,12627,1,Normal,31,2,2,2,0,27,27,0,0,10,0,1,1,2,3,0,15,3,3,0,0,56,0,8,0,1,1,3,1,floor1_town
283,12627,2,Normal,29,2,2,2,0,27,27,0,0,10,0,1,1,3,3,3,14,0,0,0,0,56,0,12,0,1,1,3,1,
283,12627,3,Normal,30,3,3,2,0,27,0,0,0,10,0,1,1,6,0,0,10,0,0,0,0,70,27,13,1,0,0,3,1,party wiped
284,12628,1,Normal,39,5,5,5,0,27,27,0,0,25,0,1,1,1,12,2,15,3,3,0,0,140,0,24,0,1,1,6,1,floor1_town
284,12628,2,Normal,28,2,2,2,0,27,15,0,0,10,0,1,1,0,3,3,17,0,0,0,0,56,12,10,0,1,1,6,1,
284,12628,3,Normal,25,1,1,1,0,15,15,0,0,0,0,1,1,0,0,0,19,0,0,0,0,22,0,2,0,1,1,6,1,
284,12628,4,Normal,17,3,3,2,0,15,0,0,0,10,0,1,1,1,0,0,18,0,0,0,0,65,15,7,1,0,0,6,1,party wiped
285,12629,1,Normal,31,5,5,5,0,27,27,0,0,25,0,1,1,1,9,0,15,3,3,0,0,140,0,21,0,1,1,6,1,floor1_town
285,12629,2,Normal,35,1,1,1,0,27,27,0,0,5,0,1,1,0,2,0,16,1,3,0,0,28,0,3,0,1,1,6,1,
285,12629,3,Normal,38,4,4,4,0,27,27,0,0,15,0,1,1,5,1,3,12,0,0,0,0,106,0,17,0,1,1,6,1,
285,12629,4,Normal,25,3,3,3,0,27,18,0,0,15,0,1,1,4,0,0,10,0,0,0,0,84,9,17,0,1,1,6,1,
285,12629,5,Normal,26,1,1,1,0,18,27,0,0,5,0,1,1,3,0,0,7,0,0,0,0,28,-9,7,0,1,1,6,1,
285,12629,6,Normal,13,2,2,1,0,27,0,0,0,5,0,1,1,1,0,0,6,0,0,0,0,51,27,6,1,0,0,6,1,party wiped
286,12630,1,Normal,40,4,4,4,0,27,27,0,0,20,0,1,1,4,7,0,15,3,3,0,0,112,0,15,0,1,1,5,1,floor1_town
286,12630,2,Normal,23,3,3,2,0,27,0,0,0,10,0,1,1,5,3,3,11,0,0,0,0,65,27,21,1,0,0,5,1,party wiped
287,12631,1,Normal,32,5,5,5,0,27,27,0,0,25,0,1,1,3,14,4,15,3,3,0,0,140,0,29,0,1,1,6,1,floor1_town
287,12631,2,Normal,36,5,5,5,0,27,15,0,0,25,0,1,1,11,3,3,5,0,0,0,0,140,12,36,0,1,1,6,1,
287,12631,3,Normal,38,2,2,2,0,15,15,0,0,5,0,1,1,3,0,0,2,0,0,0,0,50,0,8,0,1,1,6,1,
287,12631,4,Normal,6,2,2,1,0,15,0,0,0,5,0,1,1,2,0,0,1,0,0,0,0,37,15,7,1,0,0,6,1,party wiped
288,12632,1,Normal,25,4,4,4,0,27,27,0,0,20,0,1,1,4,5,0,15,3,3,0,0,112,0,16,0,1,1,5,1,floor1_town
288,12632,2,Normal,19,3,3,2,0,27,0,0,0,10,0,1,1,1,3,3,16,0,0,0,0,79,27,14,1,0,0,5,1,party wiped
289,12633,1,Normal,33,4,4,4,0,27,27,0,0,20,0,1,1,6,11,3,15,3,3,0,0,112,0,26,0,1,1,5,1,floor1_town
289,12633,2,Normal,31,4,4,4,0,27,15,0,0,20,0,1,1,4,3,3,12,0,0,0,0,112,12,22,0,1,1,5,1,
289,12633,3,Normal,32,3,3,2,0,15,0,0,0,5,0,1,1,4,0,0,8,0,0,0,0,64,15,14,1,0,0,5,1,party wiped
290,12634,1,Normal,25,2,2,2,0,27,27,0,0,10,0,1,1,4,2,0,15,3,3,0,0,56,0,9,0,1,1,3,1,floor1_town
290,12634,2,Normal,33,4,4,4,0,27,27,0,0,20,0,1,1,8,3,3,8,0,0,0,0,112,0,28,0,1,1,3,1,
290,12634,3,Normal,23,3,3,2,0,27,0,0,0,10,0,1,1,6,0,0,4,0,0,0,0,77,27,14,1,0,0,3,1,party wiped
291,12635,1,Normal,34,3,3,3,0,27,27,0,0,15,0,1,1,6,4,0,15,3,3,0,0,84,0,15,0,1,1,4,1,floor1_town
291,12635,2,Normal,36,2,2,2,0,27,27,0,0,10,0,1,1,1,2,0,15,1,3,0,0,56,0,6,0,1,1,4,1,
291,12635,3,Normal,35,5,5,5,0,27,19,0,0,10,0,1,1,1,1,3,15,0,0,0,0,122,8,14,0,1,1,4,1,
291,12635,4,Normal,3,1,1,0,0,19,0,0,0,0,0,1,1,4,0,0,12,0,0,0,0,27,19,9,1,0,0,4,1,party wiped
292,12636,1,Normal,26,2,2,2,0,27,27,0,0,10,0,1,1,1,6,0,15,3,3,0,0,56,0,10,0,1,1,3,1,floor1_town
292,12636,2,Normal,25,2,2,2,0,27,27,0,0,10,0,1,1,5,3,3,10,0,0,0,0,56,0,15,0,1,1,3,1,
292,12636,3,Normal,39,2,2,2,0,27,19,0,0,5,0,1,1,1,0,0,11,0,0,0,0,50,8,8,0,1,1,3,1,
292,12636,4,Normal,25,2,2,2,0,19,27,0,0,10,0,1,1,3,0,0,10,0,0,0,0,56,-8,7,0,1,1,3,1,
292,12636,5,Normal,4,1,1,0,0,27,0,0,0,0,0,1,1,0,0,0,11,0,0,0,0,0,27,2,1,0,0,3,1,party wiped
293,12637,1,Normal,34,2,2,2,0,27,27,0,0,10,0,1,1,2,4,0,15,3,3,0,0,56,0,9,0,1,1,3,1,floor1_town
293,12637,2,Normal,33,6,6,6,0,27,15,0,0,30,0,1,1,5,3,3,10,0,0,0,0,168,12,28,0,1,1,3,1,
293,12637,3,Normal,31,3,3,3,0,15,14,0,0,10,0,1,1,7,0,0,5,0,0,0,0,78,1,17,0,1,1,3,1,
293,12637,4,Normal,27,2,2,1,0,14,0,0,0,5,0,1,1,5,0,0,1,0,0,0,0,55,14,12,1,0,0,3,1,party wiped
294,12638,1,Normal,27,3,3,3,0,27,27,0,0,15,0,1,1,3,5,0,15,3,3,0,0,84,0,15,0,1,1,4,1,floor1_town
294,12638,2,Normal,27,5,5,4,0,27,0,0,0,20,0,1,1,3,3,3,12,0,0,0,0,139,27,22,1,0,0,4,1,party wiped
295,12639,1,Normal,35,4,4,4,0,27,27,0,0,20,0,1,1,1,9,2,15,3,3,0,0,112,0,20,0,1,1,5,1,floor1_town
295,12639,2,Normal,33,5,5,5,0,27,27,0,0,25,0,1,1,8,3,3,7,0,0,0,0,140,0,26,0,1,1,5,1,
295,12639,3,Normal,33,3,3,3,0,27,27,0,0,10,0,1,1,8,0,0,1,0,0,0,0,78,0,20,0,1,1,5,1,
295,12639,4,Normal,1,1,1,0,0,27,0,0,0,0,0,1,1,2,0,0,0,0,0,0,0,9,27,6,1,0,0,5,1,party wiped
296,12640,1,Normal,27,4,4,4,0,27,27,0,0,20,0,1,1,9,8,1,15,3,3,0,0,112,0,25,0,1,1,5,1,floor1_town
296,12640,2,Normal,19,3,3,2,0,27,0,0,0,10,0,1,1,4,3,3,13,0,0,0,0,74,27,16,1,0,0,5,1,party wiped
297,12641,1,Normal,36,1,1,1,0,27,27,0,0,5,0,1,1,2,3,0,15,3,3,0,0,28,0,7,0,1,1,2,1,floor1_town
297,12641,2,Normal,36,3,3,3,0,27,27,0,0,15,0,1,1,2,3,3,13,0,0,0,0,84,0,11,0,1,1,2,1,
297,12641,3,Normal,14,3,3,2,0,27,0,0,0,5,0,1,1,3,0,0,11,0,0,0,0,50,27,10,1,0,0,2,1,party wiped
298,12642,1,Normal,28,1,1,1,0,27,27,0,0,5,0,1,1,0,3,2,15,3,3,0,0,28,0,7,0,1,1,2,1,floor1_town
298,12642,2,Normal,30,3,3,3,0,27,27,0,0,15,0,1,1,3,3,3,13,0,0,0,0,84,0,15,0,1,1,2,1,
298,12642,3,Normal,33,4,4,4,0,27,19,0,0,5,0,1,1,7,0,0,7,0,0,0,0,94,8,29,0,1,1,2,1,
298,12642,4,Normal,31,3,3,3,0,19,15,0,0,15,0,1,1,5,0,0,3,0,0,0,0,84,4,18,0,1,1,2,1,
298,12642,5,Normal,2,1,1,0,0,15,0,0,0,0,0,1,1,0,0,0,3,0,0,0,0,0,15,1,1,0,0,2,1,party wiped
299,12643,1,Normal,36,5,5,5,0,27,27,0,0,25,0,1,1,4,10,1,15,3,3,0,0,140,0,27,0,1,1,6,1,floor1_town
299,12643,2,Normal,25,2,2,1,0,27,0,0,0,5,0,1,1,5,3,3,11,0,0,0,0,37,27,15,1,0,0,6,1,party wiped
300,12644,1,Normal,29,3,3,3,0,27,27,0,0,15,0,1,1,2,8,1,15,3,3,0,0,84,0,17,0,1,1,4,1,floor1_town
300,12644,2,Normal,40,5,5,5,0,27,15,0,0,25,0,1,1,7,3,3,10,0,0,0,0,140,12,26,0,1,1,4,1,
300,12644,3,Normal,17,2,2,1,0,15,0,0,0,5,0,1,1,1,0,0,9,0,0,0,0,51,15,5,1,0,0,4,1,party wiped
301,12645,1,Normal,37,3,3,3,0,27,27,0,0,15,0,1,1,3,6,2,15,3,3,0,0,84,0,18,0,1,1,4,1,floor1_town
301,12645,2,Normal,29,4,4,4,0,27,15,0,0,20,0,1,1,6,3,3,10,0,0,0,0,112,12,24,0,1,1,4,1,
301,12645,3,Normal,27,3,3,3,0,15,15,0,0,15,0,1,1,4,0,0,6,0,0,0,0,84,0,11,0,1,1,4,1,
301,12645,4,Normal,7,1,1,0,0,15,0,0,0,0,0,1,1,2,0,0,6,0,0,0,0,23,15,4,1,0,0,4,1,party wiped
302,12646,1,Normal,30,4,4,4,0,27,27,0,0,20,0,1,1,3,8,2,15,3,3,0,0,112,0,19,0,1,1,5,1,floor1_town
302,12646,2,Normal,39,4,4,4,0,27,15,0,0,20,0,1,1,2,3,3,15,0,0,0,0,112,12,20,0,1,1,5,1,
302,12646,3,Normal,4,1,1,0,0,15,0,0,0,0,0,1,1,1,0,0,16,0,0,0,0,9,15,3,1,0,0,5,1,party wiped
303,12647,1,Normal,22,3,3,2,0,27,0,0,0,10,0,1,1,3,7,3,15,0,0,0,0,79,27,17,1,0,0,3,1,floor1_town; party wiped
304,12648,1,Normal,30,3,3,3,0,27,27,0,0,15,0,1,1,3,2,0,15,3,3,0,0,84,0,15,0,1,1,4,1,floor1_town
304,12648,2,Normal,34,4,4,4,0,27,15,0,0,20,0,1,1,5,3,3,12,0,0,0,0,112,12,22,0,1,1,4,1,
304,12648,3,Normal,14,2,2,1,0,15,0,0,0,5,0,1,1,3,0,0,10,0,0,0,0,51,15,7,1,0,0,4,1,party wiped
305,12649,1,Normal,39,4,4,4,0,27,27,0,0,20,0,1,1,2,8,2,15,3,3,0,0,112,0,19,0,1,1,5,1,floor1_town
305,12649,2,Normal,27,3,3,3,0,27,15,0,0,15,0,1,1,2,3,3,15,0,0,0,0,84,12,19,0,1,1,5,1,
305,12649,3,Normal,36,2,2,2,0,15,27,0,0,5,0,1,1,4,0,0,11,0,0,0,0,50,-12,13,0,1,1,5,1,
305,12649,4,Normal,7,1,1,0,0,27,0,0,0,0,0,1,1,0,0,0,11,0,0,0,0,9,27,2,1,0,0,5,1,party wiped
306,12650,1,Normal,31,3,3,3,0,27,27,0,0,15,0,1,1,5,5,1,15,3,3,0,0,84,0,20,0,1,1,4,1,floor1_town
306,12650,2,Normal,15,3,3,2,0,27,0,0,0,10,0,1,1,2,3,3,13,0,0,0,0,56,27,13,1,0,0,4,1,party wiped
307,12651,1,Normal,39,3,3,3,0,27,27,0,0,15,0,1,1,1,7,2,15,3,3,0,0,84,0,14,0,1,1,4,1,floor1_town
307,12651,2,Normal,27,5,5,4,0,27,0,0,0,20,0,1,1,3,3,3,13,0,0,0,0,121,27,16,1,0,0,4,1,party wiped
308,12652,1,Normal,32,2,2,2,0,27,27,0,0,10,0,1,1,1,1,0,15,3,3,0,0,56,0,5,0,1,1,3,1,floor1_town
308,12652,2,Normal,30,1,1,1,0,27,27,0,0,5,0,1,1,0,2,0,17,1,3,0,0,28,0,4,0,1,1,3,1,
308,12652,3,Normal,27,4,4,4,0,27,27,0,0,5,0,1,1,2,1,3,17,0,0,0,0,94,0,15,0,1,1,3,1,
308,12652,4,Normal,28,4,4,4,0,27,27,0,0,20,0,1,1,7,0,0,11,0,0,0,0,112,0,19,0,1,1,3,1,
308,12652,5,Normal,26,1,1,0,0,27,0,0,0,0,0,1,1,0,0,0,13,0,0,0,0,23,27,2,1,0,0,3,1,party wiped
309,12653,1,Normal,40,5,5,5,0,27,27,0,0,25,0,1,1,1,8,0,15,3,3,0,0,140,0,18,0,1,1,6,1,floor1_town
309,12653,2,Normal,26,4,4,4,0,27,15,0,0,20,0,1,1,3,3,3,12,0,0,0,0,112,12,20,0,1,1,6,1,
309,12653,3,Normal,26,2,2,1,0,15,0,0,0,0,0,1,1,2,0,0,10,0,0,0,0,33,15,9,1,0,0,6,1,party wiped
310,12654,1,Normal,32,4,4,4,0,27,27,0,0,20,0,1,1,4,10,0,15,3,3,0,0,112,0,22,0,1,1,5,1,floor1_town
310,12654,2,Normal,37,6,6,6,0,27,27,0,0,30,0,1,1,8,3,3,8,0,0,0,0,168,0,28,0,1,1,5,1,
310,12654,3,Normal,29,3,3,3,0,27,14,0,0,5,0,1,1,6,0,0,4,0,0,0,0,72,13,19,0,1,1,5,1,
310,12654,4,Normal,36,3,3,2,1,14,3,0,0,10,0,1,1,5,0,0,0,0,0,0,0,56,11,14,0,1,1,5,1,flee×1
310,12654,5,Normal,4,1,1,0,0,3,0,0,0,0,0,1,1,2,0,0,0,0,0,0,0,18,27,3,1,0,0,5,1,party wiped
311,12655,1,Normal,25,4,4,4,0,27,27,0,0,20,0,1,1,3,7,0,15,3,3,0,0,112,0,18,0,1,1,5,1,floor1_town
311,12655,2,Normal,26,3,3,3,0,27,27,0,0,15,0,1,1,1,3,3,15,0,0,0,0,84,0,17,0,1,1,5,1,
311,12655,3,Normal,26,4,4,4,0,27,27,0,0,10,0,1,1,6,0,0,11,0,0,0,0,100,0,20,0,1,1,5,1,
311,12655,4,Normal,4,1,1,0,0,27,0,0,0,0,0,1,1,0,0,0,13,0,0,0,0,9,27,2,1,0,0,5,1,party wiped
312,12656,1,Normal,33,5,5,5,0,27,27,0,0,25,0,1,1,4,12,2,15,3,3,0,0,140,0,26,0,1,1,6,1,floor1_town
312,12656,2,Normal,32,3,3,2,0,27,0,0,0,10,0,1,1,6,3,3,10,0,0,0,0,74,27,23,1,0,0,6,1,party wiped
313,12657,1,Normal,24,3,3,2,0,27,0,0,0,10,0,1,1,4,7,3,14,0,0,0,0,83,27,22,1,0,0,3,1,floor1_town; party wiped
314,12658,1,Normal,34,2,2,2,0,27,27,0,0,10,0,1,1,2,4,0,15,3,3,0,0,56,0,9,0,1,1,3,1,floor1_town
314,12658,2,Normal,40,4,4,4,0,27,27,0,0,20,0,1,1,3,3,3,12,0,0,0,0,112,0,20,0,1,1,3,1,
314,12658,3,Normal,15,1,1,0,0,27,0,0,0,0,0,1,1,0,0,0,14,0,0,0,0,14,27,4,1,0,0,3,1,party wiped
315,12659,1,Normal,26,3,3,3,0,27,27,0,0,15,0,1,1,5,5,1,15,3,3,0,0,84,0,17,0,1,1,4,1,floor1_town
315,12659,2,Normal,32,2,2,2,0,27,27,0,0,10,0,1,1,1,3,1,15,0,2,0,0,56,0,10,0,1,1,4,1,
315,12659,3,Normal,39,2,2,2,0,27,27,0,0,10,0,1,1,3,0,2,13,0,0,0,0,56,0,11,0,1,1,4,1,
315,12659,4,Normal,27,3,3,3,0,27,27,0,0,15,0,1,1,14,0,0,1,0,0,0,0,84,0,28,0,1,1,4,1,
315,12659,5,Normal,8,1,1,0,0,27,0,0,0,0,0,1,1,0,0,0,1,0,0,0,0,23,27,3,1,0,0,4,1,party wiped
316,12660,1,Normal,35,5,5,5,0,27,27,0,0,25,0,1,1,3,11,3,15,3,3,0,0,140,0,30,0,1,1,6,1,floor1_town
316,12660,2,Normal,17,2,2,1,0,27,0,0,0,5,0,1,1,0,3,3,15,0,0,0,0,37,27,9,1,0,0,6,1,party wiped
317,12661,1,Normal,27,3,3,3,0,27,27,0,0,15,0,1,1,3,5,2,15,3,3,0,0,84,0,15,0,1,1,4,1,floor1_town
317,12661,2,Normal,28,4,4,3,0,27,0,0,0,15,0,1,1,4,3,3,12,0,0,0,0,107,27,24,1,0,0,4,1,party wiped
318,12662,1,Normal,35,5,5,5,0,27,27,0,0,25,0,1,1,2,14,3,15,3,3,0,0,140,12,32,0,1,1,6,1,floor1_town
318,12662,2,Normal,29,2,2,2,0,27,27,0,0,10,0,1,1,3,3,0,14,0,3,0,0,56,0,9,0,1,1,6,1,
318,12662,3,Normal,33,5,5,5,0,27,27,0,0,10,0,1,1,3,0,3,11,0,0,0,0,122,0,18,0,1,1,6,1,
318,12662,4,Normal,14,2,2,1,0,27,0,0,0,5,0,1,1,6,0,0,6,0,0,0,0,55,27,13,1,0,0,6,1,party wiped
319,12663,1,Normal,28,3,3,3,0,27,27,0,0,15,0,1,1,1,7,0,15,3,3,0,0,84,0,14,0,1,1,4,1,floor1_town
319,12663,2,Normal,16,2,2,1,0,27,0,0,0,5,0,1,1,2,3,3,15,0,0,0,0,53,27,12,1,0,0,4,1,party wiped
320,12664,1,Normal,36,6,6,6,0,27,27,0,0,30,0,1,1,9,9,3,15,3,3,0,0,168,0,33,0,1,1,7,1,floor1_town
320,12664,2,Normal,33,2,2,2,0,27,27,0,0,10,0,1,1,8,3,3,7,0,0,0,0,56,0,19,0,1,1,7,1,
320,12664,3,Normal,37,4,4,4,0,27,15,0,0,15,0,1,1,6,0,0,2,0,0,0,0,106,12,17,0,1,1,7,1,
320,12664,4,Normal,5,1,1,0,0,15,0,0,0,0,0,1,1,0,0,0,2,0,0,0,0,0,15,1,1,0,0,7,1,party wiped
321,12665,1,Normal,28,4,4,4,0,27,27,0,0,20,0,1,1,2,6,2,15,3,3,0,0,112,0,21,0,1,1,5,1,floor1_town
321,12665,2,Normal,27,4,4,3,0,27,0,0,0,15,0,1,1,2,3,3,14,0,0,0,0,93,27,14,1,0,0,5,1,party wiped
322,12666,1,Normal,37,5,5,5,0,27,27,0,0,25,0,1,1,13,10,1,15,3,3,0,0,140,0,36,0,1,1,6,1,floor1_town
322,12666,2,Normal,33,5,5,5,0,27,27,0,0,25,0,1,1,5,3,3,12,0,0,0,0,140,0,20,0,1,1,6,1,
322,12666,3,Normal,35,5,5,4,0,27,0,0,0,10,0,1,1,8,0,0,6,0,0,0,0,100,27,24,1,0,0,6,1,party wiped
323,12667,1,Normal,29,4,4,4,0,27,27,0,0,20,0,1,1,5,10,3,15,3,3,0,0,112,0,29,0,1,1,5,1,floor1_town
323,12667,2,Normal,39,5,5,5,0,27,15,0,0,25,0,1,1,5,3,3,11,0,0,0,0,140,12,26,0,1,1,5,1,
323,12667,3,Normal,17,2,2,1,0,15,0,0,0,0,0,1,1,1,0,0,10,0,0,0,0,22,15,5,1,0,0,5,1,party wiped
324,12668,1,Normal,37,2,2,2,0,27,27,0,0,10,0,1,1,0,4,0,15,3,3,0,0,56,0,8,0,1,1,3,1,floor1_town
324,12668,2,Normal,40,4,4,4,0,27,15,0,0,20,0,1,1,6,3,3,10,0,0,0,0,112,12,23,0,1,1,3,1,
324,12668,3,Normal,4,1,1,0,0,15,0,0,0,0,0,1,1,1,0,0,11,0,0,0,0,27,15,4,1,0,0,3,1,party wiped
325,12669,1,Normal,30,4,4,4,0,27,27,0,0,20,0,1,1,6,11,8,15,3,3,0,0,112,0,29,0,1,1,5,1,floor1_town
325,12669,2,Normal,36,3,3,3,0,27,27,0,0,15,0,1,1,1,3,1,16,0,2,0,0,84,0,12,0,1,1,5,1,
325,12669,3,Normal,7,2,2,1,0,27,0,0,0,0,0,1,1,0,0,2,17,0,0,0,0,40,27,7,1,0,0,5,1,party wiped
326,12670,1,Normal,38,2,2,2,0,27,27,0,0,10,0,1,1,1,6,2,15,3,3,0,0,56,0,16,0,1,1,3,1,floor1_town
326,12670,2,Normal,17,3,3,2,0,27,0,0,0,10,0,1,1,1,3,3,16,0,0,0,0,72,27,13,1,0,0,3,1,party wiped
327,12671,1,Normal,31,2,2,2,0,27,27,0,0,10,0,1,1,3,4,3,15,3,3,0,0,56,0,13,0,1,1,3,1,floor1_town
327,12671,2,Normal,32,1,1,1,0,27,27,0,0,5,0,1,1,1,3,0,15,0,3,0,0,28,0,5,0,1,1,3,1,
327,12671,3,Normal,15,4,4,3,0,27,0,0,0,0,0,1,1,0,0,3,17,0,0,0,0,91,27,17,1,0,0,3,1,party wiped
328,12672,1,Normal,39,3,3,3,0,27,27,0,0,15,0,1,1,3,8,0,15,3,3,0,0,84,0,16,0,1,1,4,1,floor1_town
328,12672,2,Normal,25,2,2,2,0,27,27,0,0,10,0,1,1,0,3,0,16,0,3,0,0,56,0,5,0,1,1,4,1,
328,12672,3,Normal,36,2,2,2,0,27,22,0,0,5,0,1,1,2,0,2,16,0,1,0,0,50,5,9,0,1,1,4,1,
328,12672,4,Normal,20,3,3,2,0,22,0,0,0,10,0,1,1,6,0,1,12,0,0,0,0,83,22,16,1,0,0,4,1,party wiped
329,12673,1,Normal,31,5,5,5,0,27,27,0,0,25,0,1,1,2,13,3,15,3,3,0,0,140,0,28,0,1,1,6,1,floor1_town
329,12673,2,Normal,38,5,5,5,0,27,15,0,0,25,0,1,1,5,3,3,12,0,0,0,0,140,12,23,0,1,1,6,1,
329,12673,3,Normal,36,3,3,3,0,15,15,0,0,10,0,1,1,5,0,0,7,0,0,0,0,78,0,17,0,1,1,6,1,
329,12673,4,Normal,22,1,1,0,0,15,0,0,0,0,0,1,1,1,0,0,8,0,0,0,0,18,15,4,1,0,0,6,1,party wiped
330,12674,1,Normal,40,3,3,3,0,27,27,0,0,15,0,1,1,3,7,1,15,3,3,0,0,84,0,17,0,1,1,4,1,floor1_town
330,12674,2,Normal,16,3,3,2,0,27,0,0,0,10,0,1,1,1,3,3,15,0,0,0,0,56,27,13,1,0,0,4,1,party wiped
331,12675,1,Normal,32,5,5,5,0,27,27,0,0,25,0,1,1,3,8,3,15,3,3,0,0,140,0,22,0,1,1,6,1,floor1_town
331,12675,2,Normal,37,6,6,6,0,27,15,0,0,30,0,1,1,8,3,3,9,0,0,0,0,168,12,26,0,1,1,6,1,
331,12675,3,Normal,39,3,3,3,0,15,19,0,0,5,0,1,1,4,0,0,7,0,0,0,0,72,-4,13,0,1,1,6,1,
331,12675,4,Normal,1,1,1,0,0,19,0,0,0,0,0,1,1,1,0,0,6,0,0,0,0,27,19,3,1,0,0,6,1,party wiped
332,12676,1,Normal,40,4,4,4,0,27,27,0,0,20,0,1,1,4,9,3,15,3,3,0,0,112,0,21,0,1,1,5,1,floor1_town
332,12676,2,Normal,20,4,4,3,0,27,0,0,0,15,0,1,1,3,3,3,13,0,0,0,0,98,27,17,1,0,0,5,1,party wiped
333,12677,1,Normal,33,4,4,4,0,27,27,0,0,20,0,1,1,5,7,1,15,3,3,0,0,112,0,18,0,1,1,5,1,floor1_town
333,12677,2,Normal,38,5,5,5,0,27,15,0,0,25,0,1,1,9,3,3,8,0,0,0,0,140,12,29,0,1,1,5,1,
333,12677,3,Normal,3,1,1,0,0,15,0,0,0,0,0,1,1,0,0,0,9,0,0,0,0,14,15,1,1,0,0,5,1,party wiped
334,12678,1,Normal,25,4,4,4,0,27,27,0,0,20,0,1,1,0,11,1,15,3,3,0,0,112,0,20,0,1,1,5,1,floor1_town
334,12678,2,Normal,29,2,2,2,0,27,27,0,0,10,0,1,1,1,3,3,15,0,0,0,0,56,0,11,0,1,1,5,1,
334,12678,3,Normal,32,5,5,5,0,27,19,0,0,5,0,1,1,7,0,0,8,0,0,0,0,116,8,27,0,1,1,5,1,
334,12678,4,Normal,6,1,1,0,0,19,0,0,0,0,0,1,1,1,0,0,7,0,0,0,0,23,19,3,1,0,0,5,1,party wiped
335,12679,1,Normal,33,2,2,2,0,27,27,0,0,10,0,1,1,2,4,2,15,3,3,0,0,56,0,15,0,1,1,3,1,floor1_town
335,12679,2,Normal,32,5,5,5,0,27,15,0,0,25,0,1,1,10,3,3,7,0,0,0,0,140,12,32,0,1,1,3,1,
335,12679,3,Normal,35,3,3,3,0,15,11,0,0,10,0,1,1,3,0,0,5,0,0,0,0,78,4,11,0,1,1,3,1,
335,12679,4,Normal,5,1,1,0,0,11,0,0,0,0,0,1,1,0,0,0,5,0,0,0,0,0,11,1,1,0,0,3,1,party wiped
336,12680,1,Normal,26,4,4,4,0,27,27,0,0,20,0,1,1,5,10,3,15,3,3,0,0,112,0,28,0,1,1,5,1,floor1_town
336,12680,2,Normal,37,2,2,2,0,27,27,0,0,10,0,1,1,5,2,0,11,1,3,0,0,56,0,12,0,1,1,5,1,
336,12680,3,Normal,20,3,3,2,0,27,0,0,0,0,0,1,1,0,1,3,12,0,0,0,0,58,27,16,1,0,0,5,1,party wiped
337,12681,1,Normal,34,2,2,2,0,27,27,0,0,10,0,1,1,3,5,1,15,3,3,0,0,56,0,13,0,1,1,3,1,floor1_town
337,12681,2,Normal,17,3,3,2,0,27,0,0,0,10,0,1,1,2,3,3,15,0,0,0,0,65,27,14,1,0,0,3,1,party wiped
338,12682,1,Normal,26,2,2,2,0,27,27,0,0,10,0,1,1,0,5,0,15,3,3,0,0,56,0,8,0,1,1,3,1,floor1_town
338,12682,2,Normal,12,3,3,2,0,27,0,0,0,10,0,1,1,3,3,3,12,0,0,0,0,70,27,14,1,0,0,3,1,party wiped
339,12683,1,Normal,35,5,5,5,0,27,27,0,0,25,0,1,1,2,11,0,15,3,3,0,0,140,0,23,0,1,1,6,1,floor1_town
339,12683,2,Normal,26,4,4,4,0,27,15,0,0,20,0,1,1,5,3,3,11,0,0,0,0,112,12,25,0,1,1,6,1,
339,12683,3,Normal,33,3,3,3,0,15,27,0,0,10,0,1,1,3,0,0,9,0,0,0,0,78,-12,10,0,1,1,6,1,
339,12683,4,Normal,2,1,1,0,0,27,0,0,0,0,0,1,1,0,0,0,10,0,0,0,0,9,27,2,1,0,0,6,1,party wiped
340,12684,1,Normal,27,2,2,2,0,27,27,0,0,10,0,1,1,1,6,0,15,3,3,0,0,56,0,11,0,1,1,3,1,floor1_town
340,12684,2,Normal,27,0,0,0,0,27,27,0,0,0,0,1,1,0,0,0,16,3,3,0,0,0,0,0,0,1,1,3,0,
340,12684,3,Normal,37,5,5,5,0,27,27,0,0,10,0,1,1,4,3,3,12,0,0,0,0,122,0,21,0,1,1,3,1,
340,12684,4,Normal,36,1,1,1,0,27,15,0,0,5,0,1,1,1,0,0,12,0,0,0,0,28,12,4,0,1,1,3,1,
340,12684,5,Normal,38,4,4,4,0,15,15,0,0,20,0,1,1,6,0,0,7,0,0,0,0,112,0,18,0,1,1,3,1,
340,12684,6,Normal,36,4,4,3,0,15,0,0,0,15,0,1,1,7,0,0,0,0,0,0,0,84,15,22,1,0,0,3,1,party wiped
341,12685,1,Normal,36,4,4,4,0,27,27,0,0,20,0,1,1,4,3,0,15,3,3,0,0,112,0,16,0,1,1,5,1,floor1_town
341,12685,2,Normal,25,2,2,2,0,27,15,0,0,10,0,1,1,1,3,3,15,0,0,0,0,56,12,14,0,1,1,5,1,
341,12685,3,Normal,21,3,3,2,0,15,0,0,0,5,0,1,1,4,0,0,11,0,0,0,0,68,15,12,1,0,0,5,1,party wiped
342,12686,1,Normal,28,5,5,5,0,27,27,0,0,25,0,1,1,3,14,3,15,3,3,0,0,140,0,34,0,1,1,6,1,floor1_town
342,12686,2,Normal,32,4,4,4,0,27,27,0,0,20,0,1,1,3,3,2,13,0,1,0,0,112,0,15,0,1,1,6,1,
342,12686,3,Normal,23,4,4,3,0,27,0,0,0,0,0,1,1,2,0,1,12,0,0,0,0,89,27,10,1,0,0,6,1,party wiped
343,12687,1,Normal,36,4,4,4,0,27,27,0,0,20,0,1,1,1,12,3,15,3,3,0,0,112,0,21,0,1,1,5,1,floor1_town
343,12687,2,Normal,23,2,2,1,0,27,0,0,0,5,0,1,1,1,3,3,16,0,0,0,0,46,27,11,1,0,0,5,1,party wiped
344,12688,1,Normal,29,3,3,3,0,27,27,0,0,15,0,1,1,2,2,0,15,3,3,0,0,84,0,10,0,1,1,4,1,floor1_town
344,12688,2,Normal,38,2,2,2,0,27,27,0,0,10,0,1,1,2,3,0,15,0,3,0,0,56,0,7,0,1,1,4,1,
344,12688,3,Normal,34,3,3,3,0,27,15,0,0,10,0,1,1,1,0,3,15,0,0,0,0,78,12,12,0,1,1,4,1,
344,12688,4,Normal,24,2,2,1,0,15,0,0,0,5,0,1,1,2,0,0,13,0,0,0,0,51,15,6,1,0,0,4,1,party wiped
345,12689,1,Normal,37,6,6,6,0,27,27,0,0,30,0,1,1,10,12,2,15,3,3,0,0,168,0,34,0,1,1,7,1,floor1_town
345,12689,2,Normal,27,1,1,1,0,27,27,0,0,5,0,1,1,0,3,0,17,0,3,0,0,28,0,5,0,1,1,7,1,
345,12689,3,Normal,37,3,3,3,0,27,19,0,0,10,0,1,1,3,0,3,16,0,0,0,0,78,8,13,0,1,1,7,1,
345,12689,4,Normal,30,3,3,3,0,19,15,0,0,15,0,1,1,4,0,0,13,0,0,0,0,84,4,13,0,1,1,7,1,
345,12689,5,Normal,25,2,2,2,0,15,15,0,0,10,0,1,1,3,0,0,11,0,0,0,0,56,0,13,0,1,1,7,1,
345,12689,6,Normal,1,1,1,0,0,15,0,0,0,0,0,1,1,1,0,0,10,0,0,0,0,18,15,3,1,0,0,7,1,party wiped
346,12690,1,Normal,29,3,3,3,0,27,27,0,0,15,0,1,1,1,6,0,15,3,3,0,0,84,0,11,0,1,1,4,1,floor1_town
346,12690,2,Normal,40,4,4,4,0,27,27,0,0,20,0,1,1,2,3,3,14,0,0,0,0,112,0,13,0,1,1,4,1,
346,12690,3,Normal,22,2,2,1,0,27,0,0,0,5,0,1,1,2,0,0,14,0,0,0,0,28,27,8,1,0,0,4,1,party wiped
347,12691,1,Normal,38,5,5,5,0,27,27,0,0,25,0,1,1,6,6,0,15,3,3,0,0,140,0,23,0,1,1,6,1,floor1_town
347,12691,2,Normal,35,3,3,3,0,27,27,0,0,15,0,1,1,2,3,1,15,0,2,0,0,84,0,13,0,1,1,6,1,
347,12691,3,Normal,16,3,3,2,0,27,0,0,0,5,0,1,1,0,0,2,15,0,0,0,0,50,27,8,1,0,0,6,1,party wiped
348,12692,1,Normal,30,3,3,3,0,27,27,0,0,15,0,1,1,6,6,1,15,3,3,0,0,84,0,25,0,1,1,4,1,floor1_town
348,12692,2,Normal,36,4,4,4,0,27,27,0,0,20,0,1,1,4,3,3,11,0,0,0,0,112,0,20,0,1,1,4,1,
348,12692,3,Normal,25,2,2,1,0,27,0,0,0,0,0,1,1,0,0,0,13,0,0,0,0,22,27,4,1,0,0,4,1,party wiped
349,12693,1,Normal,38,3,3,3,0,27,27,0,0,15,0,1,1,6,7,0,15,3,3,0,0,84,0,18,0,1,1,4,1,floor1_town
349,12693,2,Normal,32,3,3,3,0,27,27,0,0,15,0,1,1,2,3,0,13,0,3,0,0,84,0,8,0,1,1,4,1,
349,12693,3,Normal,28,4,4,3,0,27,0,0,0,10,0,1,1,4,0,3,11,0,0,0,0,78,27,16,1,0,0,4,1,party wiped
350,12694,1,Normal,31,4,4,4,0,27,27,0,0,20,0,1,1,3,10,2,15,3,3,0,0,112,0,25,0,1,1,5,1,floor1_town
350,12694,2,Normal,21,3,3,2,0,27,0,0,0,10,0,1,1,4,3,3,11,0,0,0,0,74,27,20,1,0,0,5,1,party wiped
351,12695,1,Normal,39,5,5,5,0,27,27,0,0,25,0,1,1,3,11,3,15,3,3,0,0,140,0,26,0,1,1,6,1,floor1_town
351,12695,2,Normal,26,2,2,2,0,27,15,0,0,10,0,1,1,4,3,3,12,0,0,0,0,56,12,15,0,1,1,6,1,
351,12695,3,Normal,34,4,4,4,0,15,14,0,0,0,0,1,1,3,0,0,9,0,0,0,0,88,1,14,0,1,1,6,1,
351,12695,4,Normal,1,1,1,0,0,14,0,0,0,0,0,1,1,0,0,0,9,0,0,0,0,14,14,1,1,0,0,6,1,party wiped
352,12696,1,Normal,32,5,5,5,0,27,27,0,0,25,0,1,1,3,11,3,15,3,3,0,0,140,0,28,0,1,1,6,1,floor1_town
352,12696,2,Normal,36,4,4,4,0,27,27,0,0,20,0,1,1,5,3,3,12,0,0,0,0,112,0,19,0,1,1,6,1,
352,12696,3,Normal,29,2,2,2,0,27,27,0,0,5,0,1,1,3,0,0,11,0,0,0,0,50,0,12,0,1,1,6,1,
352,12696,4,Normal,8,1,1,0,0,27,0,0,0,0,0,1,1,2,0,0,10,0,0,0,0,23,27,4,1,0,0,6,1,party wiped
353,12697,1,Normal,40,6,6,6,0,27,27,0,0,30,0,1,1,7,11,4,15,3,3,0,0,168,0,30,0,1,1,7,1,floor1_town
353,12697,2,Normal,35,1,1,1,0,27,27,0,0,5,0,1,1,0,3,0,16,0,3,0,0,28,0,5,0,1,1,7,1,
353,12697,3,Normal,31,4,4,4,0,27,27,0,0,10,0,1,1,3,0,3,13,0,0,0,0,100,0,17,0,1,1,7,1,
353,12697,4,Normal,28,4,4,3,0,27,0,0,0,15,0,1,1,10,0,0,5,0,0,0,0,102,27,25,1,0,0,7,1,party wiped
354,12698,1,Normal,32,3,3,3,0,27,27,0,0,15,0,1,1,5,9,1,15,3,3,0,0,84,0,27,0,1,1,4,1,floor1_town
354,12698,2,Normal,36,2,2,2,0,27,27,0,0,10,0,1,1,2,3,3,14,0,0,0,0,56,0,12,0,1,1,4,1,
354,12698,3,Normal,19,2,2,1,0,27,0,0,0,5,0,1,1,2,0,0,13,0,0,0,0,51,27,6,1,0,0,4,1,party wiped
355,12699,1,Normal,25,1,1,1,0,27,27,0,0,5,0,1,1,2,1,0,15,3,3,0,0,28,0,6,0,1,1,2,1,floor1_town
355,12699,2,Normal,26,2,2,2,0,27,27,0,0,10,0,1,1,4,3,3,12,0,0,0,0,56,0,13,0,1,1,2,1,
355,12699,3,Normal,30,3,3,3,0,27,19,0,0,5,0,1,1,2,0,0,10,0,0,0,0,72,8,8,0,1,1,2,1,
355,12699,4,Normal,38,4,4,4,0,19,15,0,0,20,0,1,1,9,0,0,1,0,0,0,0,112,4,26,0,1,1,2,1,
355,12699,5,Normal,2,1,1,0,0,15,0,0,0,0,0,1,1,2,0,0,1,0,0,0,0,18,15,4,1,0,0,2,1,party wiped
356,12700,1,Normal,33,5,5,5,0,27,27,0,0,25,0,1,1,7,13,6,15,3,3,0,0,140,0,34,0,1,1,6,1,floor1_town
356,12700,2,Normal,24,5,5,4,0,27,0,0,0,20,0,1,1,2,3,3,14,0,0,0,0,112,27,18,1,0,0,6,1,party wiped
357,12701,1,Normal,25,2,2,2,0,27,27,0,0,10,0,1,1,0,5,0,15,3,3,0,0,56,0,9,0,1,1,3,1,floor1_town
357,12701,2,Normal,31,2,2,2,0,27,27,0,0,10,0,1,1,4,3,0,13,0,3,0,0,56,0,10,0,1,1,3,1,
357,12701,3,Normal,29,4,4,4,0,27,27,0,0,10,0,1,1,4,0,3,9,0,0,0,0,100,0,17,0,1,1,3,1,
357,12701,4,Normal,32,2,2,2,0,27,27,0,0,10,0,1,1,3,0,0,8,0,0,0,0,56,0,9,0,1,1,3,1,
357,12701,5,Normal,40,4,4,4,0,27,15,0,0,20,0,1,1,7,0,0,1,0,0,0,0,112,12,19,0,1,1,3,1,
357,12701,6,Normal,1,1,1,0,0,15,0,0,0,0,0,1,1,1,0,0,0,0,0,0,0,27,15,3,1,0,0,3,1,party wiped
358,12702,1,Normal,34,3,3,3,0,27,27,0,0,15,0,1,1,4,6,2,15,3,3,0,0,84,0,19,0,1,1,4,1,floor1_town
358,12702,2,Normal,30,6,6,6,0,27,15,0,0,30,0,1,1,9,3,3,6,0,0,0,0,168,12,29,0,1,1,4,1,
358,12702,3,Normal,29,2,2,2,0,15,11,0,0,0,0,1,1,1,0,0,6,0,0,0,0,44,4,5,0,1,1,4,1,
358,12702,4,Normal,6,1,1,0,0,11,0,0,0,0,0,1,1,0,0,0,7,0,0,0,0,0,11,1,1,0,0,4,1,party wiped
359,12703,1,Normal,26,5,5,5,0,27,27,0,0,25,0,1,1,6,11,4,15,3,3,0,0,140,0,32,0,1,1,6,1,floor1_town
359,12703,2,Normal,21,5,5,4,0,27,0,0,0,20,0,1,1,5,3,3,10,0,0,0,0,130,27,24,1,0,0,6,1,party wiped
360,12704,1,Normal,34,4,4,4,0,27,27,0,0,20,0,1,1,2,6,3,15,3,3,0,0,112,12,18,0,1,1,5,1,floor1_town
360,12704,2,Normal,10,2,2,1,0,27,0,0,0,5,0,1,1,3,3,3,13,0,0,0,0,55,27,15,1,0,0,5,1,party wiped
361,12705,1,Normal,27,2,2,2,0,27,27,0,0,10,0,1,1,1,3,2,15,3,3,0,0,56,0,9,0,1,1,3,1,floor1_town
361,12705,2,Normal,40,3,3,3,0,27,27,0,0,15,0,1,1,1,3,3,14,0,0,0,0,84,0,12,0,1,1,3,1,
361,12705,3,Normal,31,3,3,2,0,27,0,0,0,0,0,1,1,2,0,0,12,0,0,0,0,53,27,11,1,0,0,3,1,party wiped
362,12706,1,Normal,35,3,3,3,0,27,27,0,0,15,0,1,1,4,8,4,15,3,3,0,0,84,0,21,0,1,1,4,1,floor1_town
362,12706,2,Normal,36,3,3,3,0,27,15,0,0,15,0,1,1,2,3,3,15,0,0,0,0,84,12,12,0,1,1,4,1,
362,12706,3,Normal,31,1,1,1,0,15,27,0,0,0,0,1,1,2,0,0,15,0,0,0,0,22,-12,5,0,1,1,4,1,
362,12706,4,Normal,26,4,4,3,0,27,0,0,0,15,0,1,1,5,0,0,10,0,0,0,0,93,27,16,1,0,0,4,1,party wiped
363,12707,1,Normal,8,2,2,1,0,27,0,0,0,5,0,1,1,2,5,3,13,0,0,0,0,55,27,14,1,0,0,2,1,floor1_town; party wiped
364,12708,1,Normal,36,3,3,3,0,27,27,0,0,15,0,1,1,4,7,5,15,3,3,0,0,84,0,20,0,1,1,4,1,floor1_town
364,12708,2,Normal,28,4,4,4,0,27,27,0,0,20,0,1,1,5,3,3,10,0,0,0,0,112,0,24,0,1,1,4,1,
364,12708,3,Normal,21,3,3,2,0,27,0,0,0,10,0,1,1,5,0,0,5,0,0,0,0,70,27,16,1,0,0,4,1,party wiped
365,12709,1,Normal,28,3,3,3,0,27,27,0,0,15,0,1,1,3,7,2,15,3,3,0,0,84,0,16,0,1,1,4,1,floor1_town
365,12709,2,Normal,25,2,2,2,0,27,27,0,0,10,0,1,1,3,3,3,13,0,0,0,0,56,0,15,0,1,1,4,1,
365,12709,3,Normal,38,6,6,6,0,27,14,0,0,10,0,1,1,4,0,0,9,0,0,0,0,144,13,21,0,1,1,4,1,
365,12709,4,Normal,33,4,4,4,0,14,15,0,0,20,0,1,1,7,0,0,2,0,0,0,0,112,-1,24,0,1,1,4,1,
365,12709,5,Normal,28,5,5,2,2,15,0,0,0,10,0,1,1,4,0,0,0,0,0,0,0,70,15,10,1,0,0,4,1,party wiped; flee×2
366,12710,1,Normal,37,5,5,5,0,27,27,0,0,25,0,1,1,4,10,2,15,3,3,0,0,140,0,24,0,1,1,6,1,floor1_town
366,12710,2,Normal,36,2,2,2,0,27,27,0,0,10,0,1,1,2,3,2,15,0,1,0,0,56,0,13,0,1,1,6,1,
366,12710,3,Normal,27,2,2,2,0,27,27,0,0,5,0,1,1,1,0,1,16,0,0,0,0,50,0,7,0,1,1,6,1,
366,12710,4,Normal,33,3,3,3,0,27,15,0,0,15,0,1,1,2,0,0,16,0,0,0,0,84,12,11,0,1,1,6,1,
366,12710,5,Normal,6,1,1,0,0,15,0,0,0,0,0,1,1,1,0,0,15,0,0,0,0,18,15,3,1,0,0,6,1,party wiped
367,12711,1,Normal,29,4,4,4,0,27,27,0,0,20,0,1,1,5,9,1,15,3,3,0,0,112,0,26,0,1,1,5,1,floor1_town
367,12711,2,Normal,20,4,4,3,0,27,0,0,0,15,0,1,1,4,3,3,11,0,0,0,0,111,27,20,1,0,0,5,1,party wiped
368,12712,1,Normal,37,3,3,3,0,27,27,0,0,15,0,1,1,1,6,0,15,3,3,0,0,84,0,10,0,1,1,4,1,floor1_town
368,12712,2,Normal,36,4,4,4,0,27,27,0,0,20,0,1,1,7,3,3,9,0,0,0,0,112,0,26,0,1,1,4,1,
368,12712,3,Normal,32,4,4,4,0,27,19,0,0,0,0,1,1,5,0,0,5,0,0,0,0,88,8,18,0,1,1,4,1,
368,12712,4,Normal,16,3,3,2,0,19,0,0,0,10,0,1,1,6,0,0,0,0,0,0,0,74,19,16,1,0,0,4,1,party wiped
369,12713,1,Normal,30,3,3,3,0,27,27,0,0,15,0,1,1,2,6,0,15,3,3,0,0,84,0,11,0,1,1,4,1,floor1_town
369,12713,2,Normal,35,5,5,4,0,27,0,0,0,20,0,1,1,1,3,3,16,0,0,0,0,112,27,19,1,0,0,4,1,party wiped
370,12714,1,Normal,38,3,3,3,0,27,27,0,0,15,0,1,1,6,5,0,15,3,3,0,0,84,0,16,0,1,1,4,1,floor1_town
370,12714,2,Normal,36,4,4,4,0,27,15,0,0,20,0,1,1,3,3,3,14,0,0,0,0,112,12,21,0,1,1,4,1,
370,12714,3,Normal,1,1,1,0,0,15,0,0,0,0,0,1,1,0,0,0,14,0,0,0,0,0,15,1,1,0,0,4,1,party wiped
371,12715,1,Normal,30,4,4,4,0,27,27,0,0,20,0,1,1,0,11,2,15,3,3,0,0,112,0,23,0,1,1,5,1,floor1_town
371,12715,2,Normal,29,3,3,3,0,27,27,0,0,15,0,1,1,2,3,3,14,0,0,0,0,84,0,13,0,1,1,5,1,
371,12715,3,Normal,12,2,2,1,0,27,0,0,0,5,0,1,1,3,0,0,13,0,0,0,0,46,27,9,1,0,0,5,1,party wiped
372,12716,1,Normal,39,6,6,6,0,27,27,0,0,30,0,1,1,6,15,2,15,3,3,0,0,168,0,36,0,1,1,7,1,floor1_town
372,12716,2,Normal,28,0,0,0,0,27,27,0,0,0,0,1,1,0,0,0,17,3,3,0,0,0,0,0,0,1,1,7,0,
372,12716,3,Normal,27,2,2,2,0,27,27,0,0,10,0,1,1,2,3,0,17,0,3,0,0,56,0,9,0,1,1,7,1,
372,12716,4,Normal,33,4,4,3,0,27,0,0,0,15,0,1,1,1,0,3,16,0,0,0,0,84,27,10,1,0,0,7,1,party wiped
373,12717,1,Normal,31,3,3,3,0,27,27,0,0,15,0,1,1,6,8,0,15,3,3,0,0,84,0,21,0,1,1,4,1,floor1_town
373,12717,2,Normal,32,2,2,2,0,27,27,0,0,10,0,1,1,0,3,2,16,0,1,0,0,56,0,9,0,1,1,4,1,
373,12717,3,Normal,8,2,2,1,0,27,0,0,0,5,0,1,1,2,0,1,14,0,0,0,0,46,27,9,1,0,0,4,1,party wiped
374,12718,1,Normal,39,5,5,5,0,27,27,0,0,25,0,1,1,4,7,0,15,3,3,0,0,140,0,25,0,1,1,6,1,floor1_town
374,12718,2,Normal,15,3,3,2,0,27,0,0,0,10,0,1,1,5,3,3,11,0,0,0,0,65,27,18,1,0,0,6,1,party wiped
375,12719,1,Normal,32,1,1,1,0,27,27,0,0,5,0,1,1,2,1,0,15,3,3,0,0,28,0,4,0,1,1,2,1,floor1_town
375,12719,2,Normal,28,3,3,3,0,27,27,0,0,15,0,1,1,4,3,3,13,0,0,0,0,84,0,17,0,1,1,2,1,
375,12719,3,Normal,28,3,3,2,0,27,0,0,0,10,0,1,1,6,0,0,8,0,0,0,0,65,27,17,1,0,0,2,1,party wiped
376,12720,1,Normal,40,4,4,4,0,27,27,0,0,20,0,1,1,0,10,4,15,3,3,0,0,112,0,18,0,1,1,5,1,floor1_town
376,12720,2,Normal,31,2,2,2,0,27,27,0,0,10,0,1,1,3,3,3,14,0,0,0,0,56,0,12,0,1,1,5,1,
376,12720,3,Normal,7,1,1,0,0,27,0,0,0,0,0,1,1,0,0,0,15,0,0,0,0,23,27,2,1,0,0,5,1,party wiped
377,12721,1,Normal,32,4,4,4,0,27,27,0,0,20,0,1,1,4,11,4,15,3,3,0,0,112,0,24,0,1,1,5,1,floor1_town
377,12721,2,Normal,31,3,3,2,0,27,0,0,0,10,0,1,1,7,3,3,8,0,0,0,0,83,27,24,1,0,0,5,1,party wiped
378,12722,1,Normal,25,3,3,3,0,27,27,0,0,15,0,1,1,2,5,0,15,3,3,0,0,84,0,12,0,1,1,4,1,floor1_town
378,12722,2,Normal,31,2,2,2,0,27,27,0,0,10,0,1,1,2,3,1,13,0,2,0,0,56,0,10,0,1,1,4,1,
378,12722,3,Normal,29,3,3,3,0,27,19,0,0,10,0,1,1,2,0,2,11,0,0,0,0,78,8,12,0,1,1,4,1,
378,12722,4,Normal,30,3,3,3,0,19,27,0,0,15,0,1,1,4,0,0,7,0,0,0,0,84,-8,11,0,1,1,4,1,
378,12722,5,Normal,24,2,2,1,0,27,0,0,0,5,0,1,1,2,0,0,6,0,0,0,0,46,27,6,1,0,0,4,1,party wiped
379,12723,1,Normal,33,1,1,1,0,27,27,0,0,5,0,1,1,2,3,1,15,3,3,0,0,28,0,12,0,1,1,2,1,floor1_town
379,12723,2,Normal,14,3,3,2,0,27,0,0,0,10,0,1,1,4,3,3,13,0,0,0,0,65,27,18,1,0,0,2,1,party wiped
380,12724,1,Normal,26,5,5,5,0,27,27,0,0,25,0,1,1,4,14,7,15,3,3,0,0,140,0,38,0,1,1,6,1,floor1_town
380,12724,2,Normal,37,6,6,6,0,27,27,0,0,30,0,1,1,10,3,3,5,0,0,0,0,168,0,32,0,1,1,6,1,
380,12724,3,Normal,29,3,3,3,0,27,27,0,0,10,0,1,1,3,0,0,4,0,0,0,0,78,0,11,0,1,1,6,1,
380,12724,4,Normal,9,3,3,2,0,27,0,0,0,10,0,1,1,3,0,0,2,0,0,0,0,65,27,14,1,0,0,6,1,party wiped
381,12725,1,Normal,34,2,2,2,0,27,27,0,0,10,0,1,1,1,4,0,15,3,3,0,0,56,0,10,0,1,1,3,1,floor1_town
381,12725,2,Normal,15,3,3,2,0,27,0,0,0,10,0,1,1,1,3,3,15,0,0,0,0,74,27,18,1,0,0,3,1,party wiped
382,12726,1,Normal,26,2,2,2,0,27,27,0,0,10,0,1,1,1,5,1,15,3,3,0,0,56,0,9,0,1,1,3,1,floor1_town
382,12726,2,Normal,37,4,4,4,0,27,15,0,0,20,0,1,1,3,3,3,13,0,0,0,0,112,12,18,0,1,1,3,1,
382,12726,3,Normal,23,3,3,2,0,15,0,0,0,0,0,1,1,4,0,0,9,0,0,0,0,64,15,14,1,0,0,3,1,party wiped
383,12727,1,Normal,35,5,5,5,0,27,27,0,0,25,0,1,1,2,14,4,15,3,3,0,0,140,12,31,0,1,1,6,1,floor1_town
383,12727,2,Normal,30,3,3,3,0,27,18,0,0,15,0,1,1,8,3,3,7,0,0,0,0,84,9,23,0,1,1,6,1,
383,12727,3,Normal,27,3,3,3,0,18,27,0,0,5,0,1,1,3,0,0,4,0,0,0,0,72,-9,12,0,1,1,6,1,
383,12727,4,Normal,16,2,2,1,0,27,0,0,0,5,0,1,1,3,0,0,3,0,0,0,0,28,27,7,1,0,0,6,1,party wiped
384,12728,1,Normal,27,2,2,2,0,27,27,0,0,10,0,1,1,1,4,0,15,3,3,0,0,56,0,7,0,1,1,3,1,floor1_town
384,12728,2,Normal,25,2,2,2,0,27,27,0,0,10,0,1,1,2,3,2,15,0,1,0,0,56,0,10,0,1,1,3,1,
384,12728,3,Normal,32,4,4,4,0,27,19,0,0,10,0,1,1,6,0,1,9,0,0,0,0,100,8,18,0,1,1,3,1,
384,12728,4,Normal,1,1,1,0,0,19,0,0,0,0,0,1,1,1,0,0,9,0,0,0,0,7,19,4,1,0,0,3,1,party wiped
385,12729,1,Normal,35,4,4,4,0,27,27,0,0,20,0,1,1,3,10,2,15,3,3,0,0,112,0,19,0,1,1,5,1,floor1_town
385,12729,2,Normal,27,4,4,3,0,27,0,0,0,15,0,1,1,3,3,3,12,0,0,0,0,93,27,18,1,0,0,5,1,party wiped
386,12730,1,Normal,28,2,2,2,0,27,27,0,0,10,0,1,1,4,6,0,15,3,3,0,0,56,0,14,0,1,1,3,1,floor1_town
386,12730,2,Normal,18,2,2,1,0,27,0,0,0,5,0,1,1,1,3,3,14,0,0,0,0,28,27,15,1,0,0,3,1,party wiped
387,12731,1,Normal,36,6,6,6,0,27,27,0,0,30,0,1,1,4,12,3,15,3,3,0,0,168,0,31,0,1,1,7,1,floor1_town
387,12731,2,Normal,8,2,2,1,0,27,0,0,0,5,0,1,1,5,3,3,10,0,0,0,0,55,27,15,1,0,0,7,1,party wiped
388,12732,1,Normal,28,3,3,3,0,27,27,0,0,15,0,1,1,4,4,2,15,3,3,0,0,84,0,16,0,1,1,4,1,floor1_town
388,12732,2,Normal,25,2,2,2,0,27,27,0,0,10,0,1,1,3,3,3,14,0,0,0,0,56,0,16,0,1,1,4,1,
388,12732,3,Normal,11,1,1,0,0,27,0,0,0,0,0,1,1,0,0,0,14,0,0,0,0,23,27,2,1,0,0,4,1,party wiped
389,12733,1,Normal,37,4,4,4,0,27,27,0,0,20,0,1,1,6,11,5,15,3,3,0,0,112,0,29,0,1,1,5,1,floor1_town
389,12733,2,Normal,27,4,4,4,0,27,13,0,0,20,0,1,1,5,3,3,10,0,0,0,0,112,14,21,0,1,1,5,1,
389,12733,3,Normal,35,4,4,3,0,13,0,0,0,5,0,1,1,5,0,0,5,0,0,0,0,72,13,19,1,0,0,5,1,party wiped
390,12734,1,Normal,29,2,2,2,0,27,27,0,0,10,0,1,1,3,4,0,15,3,3,0,0,56,0,11,0,1,1,3,1,floor1_town
390,12734,2,Normal,11,2,2,1,0,27,0,0,0,5,0,1,1,1,3,3,15,0,0,0,0,46,27,12,1,0,0,3,1,party wiped
391,12735,1,Normal,38,4,4,4,0,27,27,0,0,20,0,1,1,6,12,5,15,3,3,0,0,112,0,32,0,1,1,5,1,floor1_town
391,12735,2,Normal,24,3,3,2,0,27,0,0,0,10,0,1,1,2,3,3,15,0,0,0,0,74,27,13,1,0,0,5,1,party wiped
392,12736,1,Normal,30,3,3,3,0,27,27,0,0,15,0,1,1,4,3,0,15,3,3,0,0,84,0,13,0,1,1,4,1,floor1_town
392,12736,2,Normal,32,4,4,4,0,27,27,0,0,20,0,1,1,5,3,3,10,0,0,0,0,112,0,21,0,1,1,4,1,
392,12736,3,Normal,22,3,3,2,0,27,0,0,0,0,0,1,1,2,0,0,9,0,0,0,0,62,27,8,1,0,0,4,1,party wiped
393,12737,1,Normal,38,2,2,2,0,27,27,0,0,10,0,1,1,2,3,0,15,3,3,0,0,56,0,9,0,1,1,3,1,floor1_town
393,12737,2,Normal,33,1,1,1,0,27,27,0,0,5,0,1,1,1,1,0,16,2,3,0,0,28,0,4,0,1,1,3,1,
393,12737,3,Normal,34,3,3,3,0,27,27,0,0,15,0,1,1,3,2,3,13,0,0,0,0,84,0,13,0,1,1,3,1,
393,12737,4,Normal,4,1,1,0,0,27,0,0,0,0,0,1,1,0,0,0,13,0,0,0,0,0,27,2,1,0,0,3,1,party wiped
394,12738,1,Normal,31,2,2,2,0,27,27,0,0,10,0,1,1,1,5,1,15,3,3,0,0,56,0,12,0,1,1,3,1,floor1_town
394,12738,2,Normal,18,3,3,2,0,27,0,0,0,10,0,1,1,1,3,3,14,0,0,0,0,65,27,13,1,0,0,3,1,party wiped
395,12739,1,Normal,39,5,5,5,0,27,27,0,0,25,0,1,1,6,12,3,15,3,3,0,0,140,0,31,0,1,1,6,1,floor1_town
395,12739,2,Normal,32,2,2,2,0,27,27,0,0,10,0,1,1,1,3,0,15,0,3,0,0,56,0,8,0,1,1,6,1,
395,12739,3,Normal,39,3,3,3,0,27,27,0,0,10,0,1,1,2,0,3,15,0,0,0,0,78,0,13,0,1,1,6,1,
395,12739,4,Normal,37,3,3,3,0,27,27,0,0,15,0,1,1,7,0,0,8,0,0,0,0,84,0,17,0,1,1,6,1,
395,12739,5,Normal,22,2,2,1,0,27,0,0,0,5,0,1,1,2,0,0,8,0,0,0,0,37,27,8,1,0,0,6,1,party wiped
396,12740,1,Normal,11,2,2,1,0,27,0,0,0,5,0,1,1,3,5,3,12,0,0,0,0,42,27,16,1,0,0,2,1,floor1_town; party wiped
397,12741,1,Normal,40,3,3,3,0,27,27,0,0,15,0,1,1,3,5,0,15,3,3,0,0,84,0,12,0,1,1,4,1,floor1_town
397,12741,2,Normal,39,4,4,4,0,27,27,0,0,20,0,1,1,7,3,3,10,0,0,0,0,112,0,23,0,1,1,4,1,
397,12741,3,Normal,14,3,3,2,0,27,0,0,0,5,0,1,1,1,0,0,10,0,0,0,0,64,27,7,1,0,0,4,1,party wiped
398,12742,1,Normal,32,2,2,2,0,27,27,0,0,10,0,1,1,0,5,1,15,3,3,0,0,56,0,12,0,1,1,3,1,floor1_town
398,12742,2,Normal,25,2,2,2,0,27,15,0,0,10,0,1,1,3,3,3,14,0,0,0,0,56,12,16,0,1,1,3,1,
398,12742,3,Normal,13,2,2,1,0,15,0,0,0,0,0,1,1,1,0,0,15,0,0,0,0,38,15,7,1,0,0,3,1,party wiped
399,12743,1,Normal,40,1,1,1,0,27,27,0,0,5,0,1,1,0,2,0,15,3,3,0,0,28,0,4,0,1,1,2,1,floor1_town
399,12743,2,Normal,29,5,5,4,0,27,0,0,0,20,0,1,1,4,3,3,13,0,0,0,0,112,27,25,1,0,0,2,1,party wiped
400,12744,1,Normal,33,4,4,4,0,27,27,0,0,20,0,1,1,4,6,0,15,3,3,0,0,112,0,22,0,1,1,5,1,floor1_town
400,12744,2,Normal,20,4,4,3,0,27,0,0,0,15,0,1,1,3,3,3,13,0,0,0,0,84,27,17,1,0,0,5,1,party wiped
401,12745,1,Normal,25,2,2,2,0,27,27,0,0,10,0,1,1,0,5,0,15,3,3,0,0,56,0,11,0,1,1,3,1,floor1_town
401,12745,2,Normal,40,2,2,2,0,27,27,0,0,10,0,1,1,5,3,2,12,0,1,0,0,56,0,15,0,1,1,3,1,
401,12745,3,Normal,26,2,2,1,0,27,0,0,0,0,0,1,1,2,0,1,12,0,0,0,0,36,27,7,1,0,0,3,1,party wiped
402,12746,1,Normal,33,2,2,2,0,27,27,0,0,10,0,1,1,1,4,1,15,3,3,0,0,56,0,9,0,1,1,3,1,floor1_town
402,12746,2,Normal,31,1,1,1,0,27,27,0,0,5,0,1,1,3,2,0,14,1,3,0,0,28,0,6,0,1,1,3,1,
402,12746,3,Normal,36,2,2,2,0,27,27,0,0,5,0,1,1,7,1,3,8,0,0,0,0,50,0,20,0,1,1,3,1,
402,12746,4,Normal,21,3,3,2,0,27,0,0,0,10,0,1,1,2,0,0,8,0,0,0,0,79,27,9,1,0,0,3,1,party wiped
403,12747,1,Normal,26,2,2,2,0,27,27,0,0,10,0,1,1,3,4,0,15,3,3,0,0,56,0,10,0,1,1,3,1,floor1_town
403,12747,2,Normal,29,3,3,3,0,27,27,0,0,15,0,1,1,7,3,3,9,0,0,0,0,84,0,22,0,1,1,3,1,
403,12747,3,Normal,21,3,3,2,0,27,0,0,0,0,0,1,1,2,0,0,9,0,0,0,0,58,27,9,1,0,0,3,1,party wiped
404,12748,1,Normal,34,6,6,6,0,27,27,0,0,30,0,1,1,7,17,2,15,3,3,0,0,168,0,36,0,1,1,7,1,floor1_town
404,12748,2,Normal,29,2,2,2,0,27,27,0,0,10,0,1,1,3,3,3,13,0,0,0,0,56,0,14,0,1,1,7,1,
404,12748,3,Normal,11,2,2,1,0,27,0,0,0,0,0,1,1,0,0,0,14,0,0,0,0,22,27,4,1,0,0,7,1,party wiped
405,12749,1,Normal,27,4,4,4,0,27,27,0,0,20,0,1,1,8,7,3,15,3,3,0,0,112,0,24,0,1,1,5,1,floor1_town
405,12749,2,Normal,26,4,4,3,0,27,0,0,0,15,0,1,1,1,3,3,14,0,0,0,0,93,27,14,1,0,0,5,1,party wiped
406,12750,1,Normal,35,2,2,2,0,27,27,0,0,10,0,1,1,0,5,1,15,3,3,0,0,56,0,8,0,1,1,3,1,floor1_town
406,12750,2,Normal,34,2,2,2,0,27,27,0,0,10,0,1,1,4,2,0,11,1,3,0,0,56,0,9,0,1,1,3,1,
406,12750,3,Normal,27,2,2,2,0,27,27,0,0,5,0,1,1,2,1,0,10,0,3,0,0,50,0,7,0,1,1,3,1,
406,12750,4,Normal,23,3,3,2,0,27,0,0,0,10,0,1,1,6,0,3,4,0,0,0,0,79,27,21,1,0,0,3,1,party wiped
407,12751,1,Normal,27,1,1,1,0,27,27,0,0,5,0,1,1,0,2,0,15,3,3,0,0,28,0,4,0,1,1,2,1,floor1_town
407,12751,2,Normal,31,4,4,4,0,27,15,0,0,20,0,1,1,6,3,3,9,0,0,0,0,112,12,21,0,1,1,2,1,
407,12751,3,Normal,4,1,1,0,0,15,0,0,0,0,0,1,1,0,0,0,10,0,0,0,0,9,15,1,1,0,0,2,1,party wiped
408,12752,1,Normal,36,4,4,4,0,27,27,0,0,20,0,1,1,2,8,0,15,3,3,0,0,112,0,18,0,1,1,5,1,floor1_town
408,12752,2,Normal,38,2,2,2,0,27,27,0,0,10,0,1,1,1,3,2,14,0,1,0,0,56,0,10,0,1,1,5,1,
408,12752,3,Normal,26,0,0,0,0,27,27,0,0,0,0,1,1,0,0,0,14,0,1,0,0,0,0,0,0,1,1,5,0,
408,12752,4,Normal,15,1,1,0,0,27,0,0,0,0,0,1,1,1,0,1,14,0,0,0,0,9,27,4,1,0,0,5,1,party wiped
409,12753,1,Normal,28,3,3,3,0,27,27,0,0,15,0,1,1,6,8,3,15,3,3,0,0,84,12,27,0,1,1,4,1,floor1_town
409,12753,2,Normal,23,3,3,2,0,27,0,0,0,10,0,1,1,3,3,3,14,0,0,0,0,65,27,19,1,0,0,4,1,party wiped
410,12754,1,Normal,36,3,3,3,0,27,27,0,0,15,0,1,1,4,4,2,15,3,3,0,0,84,0,17,0,1,1,4,1,floor1_town
410,12754,2,Normal,25,2,2,2,0,27,27,0,0,10,0,1,1,2,3,0,15,0,3,0,0,56,0,10,0,1,1,4,1,
410,12754,3,Normal,5,2,2,1,0,27,0,0,0,5,0,1,1,4,0,3,13,0,0,0,0,46,27,16,1,0,0,4,1,party wiped
411,12755,1,Normal,29,5,5,5,0,27,27,0,0,25,0,1,1,3,11,2,15,3,3,0,0,140,0,26,0,1,1,6,1,floor1_town
411,12755,2,Normal,13,3,3,2,0,27,0,0,0,10,0,1,1,1,3,3,16,0,0,0,0,72,27,15,1,0,0,6,1,party wiped
412,12756,1,Normal,37,5,5,5,0,27,27,0,0,25,0,1,1,4,11,5,15,3,3,0,0,140,0,27,0,1,1,6,1,floor1_town
412,12756,2,Normal,37,2,2,2,0,27,27,0,0,10,0,1,1,2,3,3,14,0,0,0,0,56,0,15,0,1,1,6,1,
412,12756,3,Normal,29,6,6,5,0,27,0,0,0,15,0,1,1,7,0,0,9,0,0,0,0,128,27,24,1,0,0,6,1,party wiped
413,12757,1,Normal,29,4,4,4,0,27,27,0,0,20,0,1,1,8,6,2,15,3,3,0,0,112,0,21,0,1,1,5,1,floor1_town
413,12757,2,Normal,30,4,4,4,0,27,27,0,0,20,0,1,1,3,3,3,14,0,0,0,0,112,0,19,0,1,1,5,1,
413,12757,3,Normal,25,3,3,3,0,27,27,0,0,0,0,1,1,1,0,0,14,0,0,0,0,66,0,7,0,1,1,5,1,
413,12757,4,Normal,30,3,3,2,0,27,0,0,0,10,0,1,1,7,0,0,9,0,0,0,0,79,27,18,1,0,0,5,1,party wiped
414,12758,1,Normal,38,6,6,6,0,27,27,0,0,30,0,1,1,5,12,0,15,3,3,0,0,168,0,30,0,1,1,7,1,floor1_town
414,12758,2,Normal,31,4,4,4,0,27,27,0,0,20,0,1,1,8,3,3,7,0,0,0,0,112,0,25,0,1,1,7,1,
414,12758,3,Normal,11,2,2,1,0,27,0,0,0,0,0,1,1,0,0,0,7,0,0,0,0,47,27,5,1,0,0,7,1,party wiped
415,12759,1,Normal,30,2,2,2,0,27,27,0,0,10,0,1,1,3,5,0,15,3,3,0,0,56,0,13,0,1,1,3,1,floor1_town
415,12759,2,Normal,31,3,3,3,0,27,27,0,0,15,0,1,1,3,3,2,14,0,1,0,0,84,0,18,0,1,1,3,1,
415,12759,3,Normal,27,4,4,4,0,27,15,0,0,10,0,1,1,6,0,1,8,0,0,0,0,100,12,21,0,1,1,3,1,
415,12759,4,Normal,25,3,3,2,0,15,0,0,0,10,0,1,1,6,0,0,3,0,0,0,0,74,15,19,1,0,0,3,1,party wiped
416,12760,1,Normal,38,3,3,3,0,27,27,0,0,15,0,1,1,5,7,3,15,3,3,0,0,84,0,23,0,1,1,4,1,floor1_town
416,12760,2,Normal,21,3,3,2,0,27,0,0,0,10,0,1,1,0,3,3,15,0,0,0,0,65,27,13,1,0,0,4,1,party wiped
417,12761,1,Normal,31,3,3,3,0,27,27,0,0,15,0,1,1,4,6,2,15,3,3,0,0,84,0,16,0,1,1,4,1,floor1_town
417,12761,2,Normal,33,5,5,5,0,27,15,0,0,25,0,1,1,6,3,3,10,0,0,0,0,140,12,29,0,1,1,4,1,
417,12761,3,Normal,2,1,1,0,0,15,0,0,0,0,0,1,1,0,0,0,12,0,0,0,0,0,15,1,1,0,0,4,1,party wiped
418,12762,1,Normal,39,5,5,5,0,27,27,0,0,25,0,1,1,4,12,4,15,3,3,0,0,140,12,28,0,1,1,6,1,floor1_town
418,12762,2,Normal,30,2,2,2,0,27,15,0,0,10,0,1,1,4,3,3,13,0,0,0,0,56,12,17,0,1,1,6,1,
418,12762,3,Normal,12,2,2,1,0,15,0,0,0,5,0,1,1,2,0,0,13,0,0,0,0,37,15,6,1,0,0,6,1,party wiped
419,12763,1,Normal,32,5,5,5,0,27,27,0,0,25,0,1,1,4,12,3,15,3,3,0,0,140,12,31,0,1,1,6,1,floor1_town
419,12763,2,Normal,30,4,4,4,0,27,27,0,0,20,0,1,1,5,3,3,11,0,0,0,0,112,0,24,0,1,1,6,1,
419,12763,3,Normal,32,3,3,3,0,27,15,0,0,5,0,1,1,4,0,0,9,0,0,0,0,72,12,18,0,1,1,6,1,
419,12763,4,Normal,8,1,1,0,0,15,0,0,0,0,0,1,1,0,0,0,9,0,0,0,0,7,15,2,1,0,0,6,1,party wiped
420,12764,1,Normal,40,5,5,5,0,27,27,0,0,25,0,1,1,8,13,1,15,3,3,0,0,140,0,29,0,1,1,6,1,floor1_town
420,12764,2,Normal,12,2,2,1,0,27,0,0,0,5,0,1,1,2,3,3,14,0,0,0,0,28,27,13,1,0,0,6,1,party wiped
421,12765,1,Normal,32,3,3,3,0,27,27,0,0,15,0,1,1,4,5,1,15,3,3,0,0,84,0,15,0,1,1,4,1,floor1_town
421,12765,2,Normal,40,2,2,2,0,27,27,0,0,10,0,1,1,2,2,0,14,1,3,0,0,56,0,8,0,1,1,4,1,
421,12765,3,Normal,2,1,1,0,0,27,0,0,0,0,0,1,1,0,1,3,16,0,0,0,0,25,27,8,1,0,0,4,1,party wiped
422,12766,1,Normal,25,2,2,2,0,27,27,0,0,10,0,1,1,2,6,1,15,3,3,0,0,56,0,12,0,1,1,3,1,floor1_town
422,12766,2,Normal,31,4,4,4,0,27,27,0,0,20,0,1,1,9,1,0,6,2,3,0,0,112,0,17,0,1,1,3,1,
422,12766,3,Normal,28,3,3,3,0,27,14,0,0,5,0,1,1,6,2,3,0,0,0,0,0,72,13,20,0,1,1,3,1,
422,12766,4,Normal,9,1,1,0,0,14,0,0,0,0,0,1,1,0,0,0,0,0,0,0,0,9,14,1,1,0,0,3,1,party wiped
423,12767,1,Normal,33,4,4,4,0,27,27,0,0,20,0,1,1,4,5,0,15,3,3,0,0,112,0,14,0,1,1,5,1,floor1_town
423,12767,2,Normal,31,2,2,2,0,27,27,0,0,10,0,1,1,0,3,2,16,0,1,0,0,56,0,13,0,1,1,5,1,
423,12767,3,Normal,26,3,3,3,0,27,27,0,0,10,0,1,1,2,0,1,14,0,0,0,0,78,0,9,0,1,1,5,1,
423,12767,4,Normal,35,1,1,1,0,27,15,0,0,5,0,1,1,1,0,0,13,0,0,0,0,28,12,4,0,1,1,5,1,
423,12767,5,Normal,5,1,1,0,0,15,0,0,0,0,0,1,1,3,0,0,10,0,0,0,0,9,15,7,1,0,0,5,1,party wiped
424,12768,1,Normal,25,1,1,1,0,27,27,0,0,5,0,1,1,1,3,1,15,3,3,0,0,28,0,7,0,1,1,2,1,floor1_town
424,12768,2,Normal,12,3,3,2,0,27,0,0,0,10,0,1,1,2,3,3,15,0,0,0,0,79,27,16,1,0,0,2,1,party wiped
425,12769,1,Normal,34,4,4,4,0,27,27,0,0,20,0,1,1,6,7,0,15,3,3,0,0,112,0,19,0,1,1,5,1,floor1_town
425,12769,2,Normal,27,2,2,2,0,27,15,0,0,10,0,1,1,4,3,3,12,0,0,0,0,56,12,18,0,1,1,5,1,
425,12769,3,Normal,2,1,1,0,0,15,0,0,0,0,0,1,1,0,0,0,12,0,0,0,0,9,15,1,1,0,0,5,1,party wiped
426,12770,1,Normal,26,3,3,3,0,27,27,0,0,15,0,1,1,3,7,0,15,3,3,0,0,84,0,15,0,1,1,4,1,floor1_town
426,12770,2,Normal,28,3,3,3,0,27,13,0,0,15,0,1,1,4,3,3,11,0,0,0,0,84,14,19,0,1,1,4,1,
426,12770,3,Normal,27,1,1,1,0,13,19,0,0,0,0,1,1,1,0,0,11,0,0,0,0,22,-6,3,0,1,1,4,1,
426,12770,4,Normal,28,2,2,1,0,19,0,0,0,5,0,1,1,1,0,0,11,0,0,0,0,28,19,6,1,0,0,4,1,party wiped
427,12771,1,Normal,34,6,6,6,0,27,27,0,0,30,0,1,1,3,14,6,15,3,3,0,0,168,12,37,0,1,1,7,1,floor1_town
427,12771,2,Normal,24,4,4,3,0,27,0,0,0,15,0,1,1,2,3,3,13,0,0,0,0,107,27,20,1,0,0,7,1,party wiped
428,12772,1,Normal,27,3,3,3,0,27,27,0,0,15,0,1,1,2,7,1,15,3,3,0,0,84,0,13,0,1,1,4,1,floor1_town
428,12772,2,Normal,21,3,3,2,0,27,0,0,0,10,0,1,1,5,3,3,10,0,0,0,0,74,27,20,1,0,0,4,1,party wiped
429,12773,1,Normal,35,3,3,3,0,27,27,0,0,15,0,1,1,5,6,3,15,3,3,0,0,84,0,24,0,1,1,4,1,floor1_town
429,12773,2,Normal,31,2,2,2,0,27,27,0,0,10,0,1,1,2,3,0,15,0,3,0,0,56,0,8,0,1,1,4,1,
429,12773,3,Normal,35,3,3,3,0,27,27,0,0,0,0,1,1,1,0,3,14,0,0,0,0,66,0,12,0,1,1,4,1,
429,12773,4,Normal,39,3,3,3,0,27,15,0,0,15,0,1,1,2,0,0,12,0,0,0,0,84,12,9,0,1,1,4,1,
429,12773,5,Normal,33,3,3,3,0,15,18,0,0,15,0,1,1,5,0,0,9,0,0,0,0,84,-3,14,0,1,1,4,1,
429,12773,6,Normal,2,1,1,0,0,18,0,0,0,0,0,1,1,0,0,0,9,0,0,0,0,0,18,1,1,0,0,4,1,party wiped
430,12774,1,Normal,27,2,2,2,0,27,27,0,0,10,0,1,1,2,6,0,15,3,3,0,0,56,0,12,0,1,1,3,1,floor1_town
430,12774,2,Normal,39,2,2,2,0,27,27,0,0,10,0,1,1,1,3,1,16,0,2,0,0,56,0,11,0,1,1,3,1,
430,12774,3,Normal,10,2,2,1,0,27,0,0,0,5,0,1,1,1,0,2,15,0,0,0,0,46,27,8,1,0,0,3,1,party wiped
431,12775,1,Normal,33,6,6,5,0,27,0,0,0,25,0,1,1,6,14,6,14,0,0,0,0,167,27,37,1,0,0,6,1,floor1_town; party wiped
432,12776,1,Normal,28,3,3,3,0,27,27,0,0,15,0,1,1,4,7,0,15,3,3,0,0,84,0,17,0,1,1,4,1,floor1_town
432,12776,2,Normal,35,3,3,3,0,27,27,0,0,15,0,1,1,4,3,3,11,0,0,0,0,84,0,18,0,1,1,4,1,
432,12776,3,Normal,30,1,1,1,0,27,27,0,0,5,0,1,1,1,0,0,11,0,0,0,0,28,0,4,0,1,1,4,1,
432,12776,4,Normal,4,1,1,0,0,27,0,0,0,0,0,1,1,0,0,0,13,0,0,0,0,23,27,2,1,0,0,4,1,party wiped
433,12777,1,Normal,37,2,2,2,0,27,27,0,0,10,0,1,1,0,4,0,15,3,3,0,0,56,0,9,0,1,1,3,1,floor1_town
433,12777,2,Normal,28,5,5,4,0,27,0,0,0,20,0,1,1,4,3,3,12,0,0,0,0,130,27,16,1,0,0,3,1,party wiped
434,12778,1,Normal,29,3,3,3,0,27,27,0,0,15,0,1,1,4,6,1,15,3,3,0,0,84,0,20,0,1,1,4,1,floor1_town
434,12778,2,Normal,25,4,4,3,0,27,0,0,0,15,0,1,1,0,3,3,16,0,0,0,0,84,27,13,1,0,0,4,1,party wiped
435,12779,1,Normal,37,3,3,3,0,27,27,0,0,15,0,1,1,3,7,3,15,3,3,0,0,84,0,20,0,1,1,4,1,floor1_town
435,12779,2,Normal,29,4,4,3,0,27,0,0,0,15,0,1,1,3,3,3,13,0,0,0,0,84,27,22,1,0,0,4,1,party wiped
436,12780,1,Normal,30,5,5,5,0,27,27,0,0,25,0,1,1,8,9,3,15,3,3,0,0,140,0,31,0,1,1,6,1,floor1_town
436,12780,2,Normal,25,3,3,3,0,27,27,0,0,15,0,1,1,2,3,1,14,0,2,0,0,84,0,14,0,1,1,6,1,
436,12780,3,Normal,18,3,3,2,0,27,0,0,0,5,0,1,1,1,0,2,13,0,0,0,0,59,27,9,1,0,0,6,1,party wiped
437,12781,1,Normal,38,3,3,3,0,27,27,0,0,15,0,1,1,3,8,2,15,3,3,0,0,84,0,24,0,1,1,4,1,floor1_town
437,12781,2,Normal,35,3,3,3,0,27,27,0,0,15,0,1,1,3,3,3,14,0,0,0,0,84,0,15,0,1,1,4,1,
437,12781,3,Normal,32,3,3,3,0,27,27,0,0,5,0,1,1,3,0,0,12,0,0,0,0,72,0,11,0,1,1,4,1,
437,12781,4,Normal,25,2,2,2,0,27,27,0,0,10,0,1,1,5,0,0,8,0,0,0,0,56,0,13,0,1,1,4,1,
437,12781,5,Normal,2,1,1,0,0,27,0,0,0,0,0,1,1,0,0,0,8,0,0,0,0,0,27,2,1,0,0,4,1,party wiped
438,12782,1,Normal,30,3,3,3,0,27,27,0,0,15,0,1,1,3,5,0,15,3,3,0,0,84,0,13,0,1,1,4,1,floor1_town
438,12782,2,Normal,31,3,3,3,0,27,15,0,0,15,0,1,1,4,3,3,13,0,0,0,0,84,12,17,0,1,1,4,1,
438,12782,3,Normal,2,1,1,0,0,15,0,0,0,0,0,1,1,0,0,0,14,0,0,0,0,9,15,1,1,0,0,4,1,party wiped
439,12783,1,Normal,39,1,1,1,0,27,27,0,0,5,0,1,1,3,2,0,15,3,3,0,0,28,0,7,0,1,1,2,1,floor1_town
439,12783,2,Normal,29,4,4,4,0,27,15,0,0,20,0,1,1,4,3,3,12,0,0,0,0,112,12,20,0,1,1,2,1,
439,12783,3,Normal,35,4,4,4,0,15,27,0,0,10,0,1,1,9,0,0,4,0,0,0,0,100,-12,22,0,1,1,2,1,
439,12783,4,Normal,15,2,2,1,0,27,0,0,0,5,0,1,1,0,0,0,6,0,0,0,0,37,27,9,1,0,0,2,1,party wiped
440,12784,1,Normal,31,6,6,6,0,27,27,0,0,30,0,1,1,5,7,2,15,3,3,0,0,168,0,24,0,1,1,7,1,floor1_town
440,12784,2,Normal,26,3,3,2,0,27,0,0,0,10,0,1,1,10,3,3,6,0,0,0,0,70,27,23,1,0,0,7,1,party wiped
441,12785,1,Normal,39,3,3,3,0,27,27,0,0,15,0,1,1,7,5,0,15,3,3,0,0,84,0,16,0,1,1,4,1,floor1_town
441,12785,2,Normal,27,5,5,4,0,27,0,0,0,20,0,1,1,6,3,3,11,0,0,0,0,112,27,25,1,0,0,4,1,party wiped
442,12786,1,Normal,32,5,5,5,0,27,27,0,0,25,0,1,1,4,13,4,15,3,3,0,0,140,12,33,0,1,1,6,1,floor1_town
442,12786,2,Normal,26,5,5,4,0,27,0,0,0,20,0,1,1,6,3,3,10,0,0,0,0,133,27,26,1,0,0,6,1,party wiped
443,12787,1,Normal,40,4,4,4,0,27,27,0,0,20,0,1,1,5,8,0,15,3,3,0,0,112,0,19,0,1,1,5,1,floor1_town
443,12787,2,Normal,35,3,3,3,0,27,27,0,0,15,0,1,1,3,3,2,14,0,1,0,0,84,0,11,0,1,1,5,1,
443,12787,3,Normal,27,2,2,2,0,27,15,0,0,5,0,1,1,2,0,1,12,0,0,0,0,50,12,8,0,1,1,5,1,
443,12787,4,Normal,14,2,2,1,0,15,0,0,0,5,0,1,1,2,0,0,10,0,0,0,0,51,15,8,1,0,0,5,1,party wiped
444,12788,1,Normal,33,3,3,3,0,27,27,0,0,15,0,1,1,6,7,3,15,3,3,0,0,84,0,22,0,1,1,4,1,floor1_town
444,12788,2,Normal,26,4,4,4,0,27,27,0,0,20,0,1,1,2,3,3,15,0,0,0,0,112,0,14,0,1,1,4,1,
444,12788,3,Normal,15,2,2,1,0,27,0,0,0,0,0,1,1,1,0,0,15,0,0,0,0,31,27,7,1,0,0,4,1,party wiped
445,12789,1,Normal,25,3,3,3,0,27,27,0,0,15,0,1,1,2,4,0,15,3,3,0,0,84,0,10,0,1,1,4,1,floor1_town
445,12789,2,Normal,25,2,2,2,0,27,27,0,0,10,0,1,1,0,3,2,15,0,1,0,0,56,0,10,0,1,1,4,1,
445,12789,3,Normal,18,3,3,2,0,27,0,0,0,10,0,1,1,3,0,1,12,0,0,0,0,74,27,10,1,0,0,4,1,party wiped
446,12790,1,Normal,33,4,4,4,0,27,27,0,0,20,0,1,1,8,9,2,15,3,3,0,0,112,0,27,0,1,1,5,1,floor1_town
446,12790,2,Normal,32,3,3,3,0,27,27,0,0,15,0,1,1,4,3,3,13,0,0,0,0,84,0,17,0,1,1,5,1,
446,12790,3,Normal,16,2,2,1,0,27,0,0,0,0,0,1,1,0,0,0,15,0,0,0,0,22,27,5,1,0,0,5,1,party wiped
447,12791,1,Normal,26,2,2,2,0,27,27,0,0,10,0,1,1,0,4,1,15,3,3,0,0,56,0,8,0,1,1,3,1,floor1_town
447,12791,2,Normal,29,3,3,3,0,27,27,0,0,15,0,1,1,10,3,3,5,0,0,0,0,84,0,24,0,1,1,3,1,
447,12791,3,Normal,14,2,2,1,0,27,0,0,0,0,0,1,1,2,0,0,4,0,0,0,0,36,27,8,1,0,0,3,1,party wiped
448,12792,1,Normal,34,2,2,2,0,27,27,0,0,10,0,1,1,3,6,1,15,3,3,0,0,56,0,12,0,1,1,3,1,floor1_town
448,12792,2,Normal,39,5,5,5,0,27,15,0,0,25,0,1,1,6,3,3,10,0,0,0,0,140,12,28,0,1,1,3,1,
448,12792,3,Normal,31,3,3,3,0,15,11,0,0,5,0,1,1,2,0,0,10,0,0,0,0,72,4,11,0,1,1,3,1,
448,12792,4,Normal,5,1,1,0,0,11,0,0,0,0,0,1,1,0,0,0,10,0,0,0,0,9,11,1,1,0,0,3,1,party wiped
449,12793,1,Normal,26,2,2,2,0,27,27,0,0,10,0,1,1,2,6,0,15,3,3,0,0,56,0,11,0,1,1,3,1,floor1_town
449,12793,2,Normal,26,1,1,1,0,27,27,0,0,5,0,1,1,0,3,2,16,0,1,0,0,28,0,7,0,1,1,3,1,
449,12793,3,Normal,26,3,3,3,0,27,27,0,0,10,0,1,1,2,0,1,15,0,0,0,0,78,0,9,0,1,1,3,1,
449,12793,4,Normal,9,2,2,1,0,27,0,0,0,5,0,1,1,2,0,0,14,0,0,0,0,37,27,8,1,0,0,3,1,party wiped
450,12794,1,Normal,35,3,3,3,0,27,27,0,0,15,0,1,1,6,6,2,15,3,3,0,0,84,0,18,0,1,1,4,1,floor1_town
450,12794,2,Normal,35,2,2,2,0,27,27,0,0,10,0,1,1,4,3,0,11,0,3,0,0,56,0,15,0,1,1,4,1,
450,12794,3,Normal,10,2,2,1,0,27,0,0,0,0,0,1,1,0,0,3,11,0,0,0,0,36,27,10,1,0,0,4,1,party wiped
451,12795,1,Normal,27,2,2,2,0,27,27,0,0,10,0,1,1,3,2,0,15,3,3,0,0,56,0,7,0,1,1,3,1,floor1_town
451,12795,2,Normal,37,2,2,2,0,27,27,0,0,10,0,1,1,3,3,1,13,0,2,0,0,56,0,11,0,1,1,3,1,
451,12795,3,Normal,30,2,2,2,0,27,27,0,0,10,0,1,1,1,0,2,13,0,0,0,0,56,0,10,0,1,1,3,1,
451,12795,4,Normal,11,2,2,1,0,27,0,0,0,5,0,1,1,3,0,0,12,0,0,0,0,37,27,9,1,0,0,3,1,party wiped
452,12796,1,Normal,35,6,6,6,0,27,27,0,0,30,0,1,1,1,12,2,15,3,3,0,0,168,0,30,0,1,1,7,1,floor1_town
452,12796,2,Normal,33,5,5,5,0,27,27,0,0,25,0,1,1,3,3,3,12,0,0,0,0,140,0,19,0,1,1,7,1,
452,12796,3,Normal,33,1,1,1,0,27,21,0,0,0,0,1,1,2,0,0,10,0,0,0,0,22,6,9,0,1,1,7,1,
452,12796,4,Normal,8,2,2,1,0,21,0,0,0,5,0,1,1,1,0,0,11,0,0,0,0,51,21,5,1,0,0,7,1,party wiped
453,12797,1,Normal,28,2,2,2,0,27,27,0,0,10,0,1,1,2,5,0,15,3,3,0,0,56,0,10,0,1,1,3,1,floor1_town
453,12797,2,Normal,18,3,3,2,0,27,0,0,0,10,0,1,1,2,3,3,14,0,0,0,0,79,27,13,1,0,0,3,1,party wiped
454,12798,1,Normal,36,3,3,3,0,27,27,0,0,15,0,1,1,1,7,1,15,3,3,0,0,84,0,16,0,1,1,4,1,floor1_town
454,12798,2,Normal,18,2,2,1,0,27,0,0,0,5,0,1,1,0,3,3,15,0,0,0,0,51,27,9,1,0,0,4,1,party wiped
455,12799,1,Normal,28,5,5,5,0,27,27,0,0,25,0,1,1,6,7,1,15,3,3,0,0,140,0,29,0,1,1,6,1,floor1_town
455,12799,2,Normal,38,2,2,2,0,27,27,0,0,10,0,1,1,3,3,0,12,0,3,0,0,56,0,12,0,1,1,6,1,
455,12799,3,Normal,30,1,1,1,0,27,14,0,0,0,0,1,1,1,0,3,11,0,0,0,0,22,13,10,0,1,1,6,1,
455,12799,4,Normal,32,6,6,5,0,14,0,0,0,25,0,1,1,13,0,0,0,0,0,0,0,163,14,39,1,0,0,6,1,party wiped
456,12800,1,Normal,37,4,4,4,0,27,27,0,0,20,0,1,1,2,9,0,15,3,3,0,0,112,0,18,0,1,1,5,1,floor1_town
456,12800,2,Normal,28,2,2,2,0,27,27,0,0,10,0,1,1,2,3,3,15,0,0,0,0,56,0,11,0,1,1,5,1,
456,12800,3,Normal,2,1,1,0,0,27,0,0,0,0,0,1,1,0,0,0,16,0,0,0,0,0,27,2,1,0,0,5,1,party wiped
457,12801,1,Normal,29,1,1,1,0,27,27,0,0,5,0,1,1,3,1,0,15,3,3,0,0,28,0,5,0,1,1,2,1,floor1_town
457,12801,2,Normal,24,3,3,2,0,27,0,0,0,10,0,1,1,0,3,3,15,0,0,0,0,56,27,14,1,0,0,2,1,party wiped
458,12802,1,Normal,38,4,4,4,0,27,27,0,0,20,0,1,1,3,7,0,15,3,3,0,0,112,0,20,0,1,1,5,1,floor1_town
458,12802,2,Normal,37,3,3,3,0,27,27,0,0,15,0,1,1,6,3,3,10,0,0,0,0,84,0,19,0,1,1,5,1,
458,12802,3,Normal,40,3,3,3,0,27,19,0,0,10,0,1,1,5,0,0,6,0,0,0,0,78,8,19,0,1,1,5,1,
458,12802,4,Normal,6,1,1,0,0,19,0,0,0,0,0,1,1,2,0,0,6,0,0,0,0,18,19,5,1,0,0,5,1,party wiped
459,12803,1,Normal,30,2,2,2,0,27,27,0,0,10,0,1,1,1,5,1,15,3,3,0,0,56,0,10,0,1,1,3,1,floor1_town
459,12803,2,Normal,32,4,4,4,0,27,27,0,0,20,0,1,1,4,3,2,13,0,1,0,0,112,0,16,0,1,1,3,1,
459,12803,3,Normal,38,3,3,3,0,27,14,0,0,0,0,1,1,3,0,1,12,0,0,0,0,66,13,16,0,1,1,3,1,
459,12803,4,Normal,1,1,1,0,0,14,0,0,0,0,0,1,1,0,0,0,12,0,0,0,0,0,14,1,1,0,0,3,1,party wiped
460,12804,1,Normal,38,6,6,6,0,27,27,0,0,30,0,1,1,6,9,0,15,3,3,0,0,168,0,26,0,1,1,7,1,floor1_town
460,12804,2,Normal,34,4,4,4,0,27,27,0,0,20,0,1,1,1,3,3,14,0,0,0,0,112,0,19,0,1,1,7,1,
460,12804,3,Normal,38,3,3,3,0,27,27,0,0,10,0,1,1,6,0,0,10,0,0,0,0,78,0,14,0,1,1,7,1,
460,12804,4,Normal,17,3,3,2,0,27,0,0,0,10,0,1,1,6,0,0,6,0,0,0,0,79,27,16,1,0,0,7,1,party wiped
461,12805,1,Normal,31,2,2,2,0,27,27,0,0,10,0,1,1,0,5,0,15,3,3,0,0,56,0,11,0,1,1,3,1,floor1_town
461,12805,2,Normal,11,2,2,1,0,27,0,0,0,5,0,1,1,1,3,3,16,0,0,0,0,55,27,12,1,0,0,3,1,party wiped
462,12806,1,Normal,39,7,7,7,0,27,27,0,0,35,0,1,1,10,10,0,15,3,3,0,0,196,0,32,0,1,1,8,1,floor1_town
462,12806,2,Normal,37,4,4,4,0,27,15,0,0,20,0,1,1,9,3,3,7,0,0,0,0,112,12,30,0,1,1,8,1,
462,12806,3,Normal,3,1,1,0,0,15,0,0,0,0,0,1,1,0,0,0,7,0,0,0,0,14,15,1,1,0,0,8,1,party wiped
463,12807,1,Normal,31,2,2,2,0,27,27,0,0,10,0,1,1,2,3,0,15,3,3,0,0,56,0,8,0,1,1,3,1,floor1_town
463,12807,2,Normal,37,4,4,4,0,27,15,0,0,20,0,1,1,4,3,3,13,0,0,0,0,112,12,24,0,1,1,3,1,
463,12807,3,Normal,31,4,4,3,0,15,0,0,0,10,0,1,1,4,0,0,9,0,0,0,0,92,15,13,1,0,0,3,1,party wiped
464,12808,1,Normal,40,0,0,0,0,27,27,0,0,0,0,1,1,0,0,0,15,3,3,0,0,0,0,0,0,1,1,1,0,floor1_town
464,12808,2,Normal,28,5,5,5,0,27,15,0,0,25,0,1,1,5,3,3,12,0,0,0,0,140,12,26,0,1,1,1,1,
464,12808,3,Normal,2,1,1,0,0,15,0,0,0,0,0,1,1,2,0,0,12,0,0,0,0,18,15,5,1,0,0,1,1,party wiped
465,12809,1,Normal,32,4,4,4,0,27,27,0,0,20,0,1,1,3,5,0,15,3,3,0,0,112,0,20,0,1,1,5,1,floor1_town
465,12809,2,Normal,28,2,2,2,0,27,27,0,0,10,0,1,1,2,3,0,14,0,3,0,0,56,0,7,0,1,1,5,1,
465,12809,3,Normal,36,4,4,4,0,27,27,0,0,15,0,1,1,2,0,3,14,0,0,0,0,106,0,15,0,1,1,5,1,
465,12809,4,Normal,2,1,1,0,0,27,0,0,0,0,0,1,1,1,0,0,13,0,0,0,0,23,27,3,1,0,0,5,1,party wiped
466,12810,1,Normal,40,3,3,3,0,27,27,0,0,15,0,1,1,4,6,0,15,3,3,0,0,84,0,16,0,1,1,4,1,floor1_town
466,12810,2,Normal,20,3,3,2,0,27,0,0,0,10,0,1,1,3,3,3,14,0,0,0,0,56,27,15,1,0,0,4,1,party wiped
467,12811,1,Normal,33,4,4,4,0,27,27,0,0,20,0,1,1,1,10,2,15,3,3,0,0,112,0,23,0,1,1,5,1,floor1_town
467,12811,2,Normal,33,1,1,1,0,27,27,0,0,5,0,1,1,2,3,2,13,0,1,0,0,28,0,8,0,1,1,5,1,
467,12811,3,Normal,20,3,3,2,0,27,0,0,0,10,0,1,1,2,0,1,12,0,0,0,0,56,27,10,1,0,0,5,1,party wiped
468,12812,1,Normal,25,2,2,2,0,27,27,0,0,10,0,1,1,0,4,2,15,3,3,0,0,56,0,10,0,1,1,3,1,floor1_town
468,12812,2,Normal,38,2,2,2,0,27,27,0,0,10,0,1,1,4,3,3,11,0,0,0,0,56,0,14,0,1,1,3,1,
468,12812,3,Normal,6,1,1,0,0,27,0,0,0,0,0,1,1,1,0,0,10,0,0,0,0,23,27,5,1,0,0,3,1,party wiped
469,12813,1,Normal,33,4,4,4,0,27,27,0,0,20,0,1,1,6,10,0,15,3,3,0,0,112,0,24,0,1,1,5,1,floor1_town
469,12813,2,Normal,32,4,4,4,0,27,27,0,0,20,0,1,1,4,3,3,12,0,0,0,0,112,0,20,0,1,1,5,1,
469,12813,3,Normal,4,1,1,0,0,27,0,0,0,0,0,1,1,2,0,0,11,0,0,0,0,27,27,5,1,0,0,5,1,party wiped
470,12814,1,Normal,26,1,1,1,0,27,27,0,0,5,0,1,1,1,1,0,15,3,3,0,0,28,0,4,0,1,1,2,1,floor1_town
470,12814,2,Normal,26,2,2,2,0,27,27,0,0,10,0,1,1,2,3,3,14,0,0,0,0,56,0,12,0,1,1,2,1,
470,12814,3,Normal,28,2,2,2,0,27,13,0,0,5,0,1,1,3,0,0,11,0,0,0,0,50,14,11,0,1,1,2,1,
470,12814,4,Normal,35,4,4,4,0,13,15,0,0,20,0,1,1,9,0,0,2,0,0,0,0,112,-2,24,0,1,1,2,1,
470,12814,5,Normal,6,2,2,1,0,15,0,0,0,5,0,1,1,2,0,0,0,0,0,0,0,28,15,7,1,0,0,2,1,party wiped
471,12815,1,Normal,34,3,3,3,0,27,27,0,0,15,0,1,1,2,7,0,15,3,3,0,0,84,0,14,0,1,1,4,1,floor1_town
471,12815,2,Normal,40,5,5,5,0,27,27,0,0,25,0,1,1,9,3,3,6,0,0,0,0,140,0,29,0,1,1,4,1,
471,12815,3,Normal,19,2,2,1,0,27,0,0,0,0,0,1,1,1,0,0,6,0,0,0,0,31,27,7,1,0,0,4,1,party wiped
472,12816,1,Normal,27,2,2,2,0,27,27,0,0,10,0,1,1,1,6,1,15,3,3,0,0,56,0,12,0,1,1,3,1,floor1_town
472,12816,2,Normal,34,4,4,4,0,27,27,0,0,20,0,1,1,5,3,3,11,0,0,0,0,112,0,23,0,1,1,3,1,
472,12816,3,Normal,36,5,5,5,0,27,15,0,0,15,0,1,1,6,0,0,5,0,0,0,0,128,12,23,0,1,1,3,1,
472,12816,4,Normal,37,3,3,1,2,15,6,0,0,5,0,1,1,5,0,0,0,0,0,0,0,28,9,9,0,1,1,3,1,flee×2
472,12816,5,Normal,3,1,1,0,0,6,0,0,0,0,0,1,1,1,0,0,0,0,0,0,0,18,27,4,1,0,0,3,1,party wiped
473,12817,1,Normal,35,5,5,5,0,27,27,0,0,25,0,1,1,1,10,2,15,3,3,0,0,140,0,21,0,1,1,6,1,floor1_town
473,12817,2,Normal,32,3,3,3,0,27,27,0,0,15,0,1,1,2,3,1,15,0,2,0,0,84,0,12,0,1,1,6,1,
473,12817,3,Normal,28,3,3,2,0,27,0,0,0,5,0,1,1,1,0,2,15,0,0,0,0,59,27,9,1,0,0,6,1,party wiped
474,12818,1,Normal,27,1,1,1,0,27,27,0,0,5,0,1,1,1,3,0,15,3,3,0,0,28,0,5,0,1,1,2,1,floor1_town
474,12818,2,Normal,29,3,3,3,0,27,27,0,0,15,0,1,1,2,3,3,15,0,0,0,0,84,0,11,0,1,1,2,1,
474,12818,3,Normal,18,3,3,2,0,27,0,0,0,5,0,1,1,3,0,0,14,0,0,0,0,73,27,11,1,0,0,2,1,party wiped
475,12819,1,Normal,36,2,2,2,0,27,27,0,0,10,0,1,1,3,6,1,15,3,3,0,0,56,0,15,0,1,1,3,1,floor1_town
475,12819,2,Normal,11,2,2,1,0,27,0,0,0,5,0,1,1,0,3,3,16,0,0,0,0,28,27,10,1,0,0,3,1,party wiped
476,12820,1,Normal,28,4,4,4,0,27,27,0,0,20,0,1,1,7,6,0,15,3,3,0,0,112,0,19,0,1,1,5,1,floor1_town
476,12820,2,Normal,29,3,3,3,0,27,27,0,0,15,0,1,1,3,3,2,13,0,1,0,0,84,0,15,0,1,1,5,1,
476,12820,3,Normal,31,2,2,2,0,27,19,0,0,5,0,1,1,2,0,1,12,0,0,0,0,50,8,9,0,1,1,5,1,
476,12820,4,Normal,29,4,4,4,0,19,27,0,0,20,0,1,1,6,0,0,8,0,0,0,0,112,-8,21,0,1,1,5,1,
476,12820,5,Normal,35,5,5,5,0,27,27,0,0,25,0,1,1,8,0,0,1,0,0,0,0,140,0,25,0,1,1,5,1,
476,12820,6,Normal,1,1,1,0,0,27,0,0,0,0,0,1,1,1,0,0,0,0,0,0,0,9,27,5,1,0,0,5,1,party wiped
477,12821,1,Normal,36,4,4,4,0,27,27,0,0,20,0,1,1,4,8,2,15,3,3,0,0,112,0,26,0,1,1,5,1,floor1_town
477,12821,2,Normal,25,4,4,3,0,27,0,0,0,15,0,1,1,4,3,3,11,0,0,0,0,95,27,19,1,0,0,5,1,party wiped
478,12822,1,Normal,29,3,3,3,0,27,27,0,0,15,0,1,1,4,9,1,15,3,3,0,0,84,0,19,0,1,1,4,1,floor1_town
478,12822,2,Normal,38,2,2,2,0,27,27,0,0,10,0,1,1,0,3,2,15,0,1,0,0,56,0,11,0,1,1,4,1,
478,12822,3,Normal,28,2,2,2,0,27,11,0,0,0,0,1,1,0,0,1,17,0,0,0,0,44,16,6,0,1,1,4,1,
478,12822,4,Normal,19,1,1,0,0,11,0,0,0,0,0,1,1,0,0,0,19,0,0,0,0,25,11,3,1,0,0,4,1,party wiped
479,12823,1,Normal,37,4,4,4,0,27,27,0,0,20,0,1,1,4,7,0,15,3,3,0,0,112,0,18,0,1,1,5,1,floor1_town
479,12823,2,Normal,28,6,6,6,0,27,15,0,0,30,0,1,1,9,3,3,8,0,0,0,0,168,12,31,0,1,1,5,1,
479,12823,3,Normal,6,2,2,1,0,15,0,0,0,5,0,1,1,3,0,0,7,0,0,0,0,46,15,8,1,0,0,5,1,party wiped
480,12824,1,Normal,29,5,5,5,0,27,27,0,0,25,0,1,1,3,13,5,15,3,3,0,0,140,0,33,0,1,1,6,1,floor1_town
480,12824,2,Normal,31,4,4,4,0,27,15,0,0,20,0,1,1,10,3,3,5,0,0,0,0,112,12,27,0,1,1,6,1,
480,12824,3,Normal,3,1,1,0,0,15,0,0,0,0,0,1,1,2,0,0,4,0,0,0,0,14,15,6,1,0,0,6,1,party wiped
481,12825,1,Normal,38,4,4,4,0,27,27,0,0,20,0,1,1,5,8,1,15,3,3,0,0,112,0,23,0,1,1,5,1,floor1_town
481,12825,2,Normal,25,2,2,2,0,27,27,0,0,10,0,1,1,2,3,1,15,0,2,0,0,56,0,11,0,1,1,5,1,
481,12825,3,Normal,29,1,1,1,0,27,27,0,0,0,0,1,1,0,0,1,15,0,1,0,0,22,0,4,0,1,1,5,1,
481,12825,4,Normal,25,4,4,4,0,27,15,0,0,20,0,1,1,3,0,1,12,0,0,0,0,112,12,16,0,1,1,5,1,
481,12825,5,Normal,4,1,1,0,0,15,0,0,0,0,0,1,1,0,0,0,12,0,0,0,0,9,15,2,1,0,0,5,1,party wiped
482,12826,1,Normal,30,3,3,3,0,27,27,0,0,15,0,1,1,2,6,1,15,3,3,0,0,84,0,17,0,1,1,4,1,floor1_town
482,12826,2,Normal,36,4,4,4,0,27,18,0,0,20,0,1,1,4,3,3,12,0,0,0,0,112,9,19,0,1,1,4,1,
482,12826,3,Normal,24,4,4,3,0,18,0,0,0,10,0,1,1,11,0,0,1,0,0,0,0,105,18,31,1,0,0,4,1,party wiped
483,12827,1,Normal,39,3,3,3,0,27,27,0,0,15,0,1,1,4,5,0,15,3,3,0,0,84,0,14,0,1,1,4,1,floor1_town
483,12827,2,Normal,28,3,3,3,0,27,27,0,0,15,0,1,1,3,3,3,12,0,0,0,0,84,0,14,0,1,1,4,1,
483,12827,3,Normal,2,1,1,0,0,27,0,0,0,0,0,1,1,0,0,0,14,0,0,0,0,23,27,2,1,0,0,4,1,party wiped
484,12828,1,Normal,31,1,1,1,0,27,27,0,0,5,0,1,1,0,1,0,15,3,3,0,0,28,0,5,0,1,1,2,1,floor1_town
484,12828,2,Normal,31,3,3,3,0,27,15,0,0,15,0,1,1,2,3,3,15,0,0,0,0,84,12,16,0,1,1,2,1,
484,12828,3,Normal,38,4,4,4,0,15,19,0,0,0,0,1,1,2,0,0,13,0,0,0,0,88,-4,10,0,1,1,2,1,
484,12828,4,Normal,8,1,1,0,0,19,0,0,0,0,0,1,1,1,0,0,13,0,0,0,0,16,19,4,1,0,0,2,1,party wiped
485,12829,1,Normal,39,5,5,5,0,27,27,0,0,25,0,1,1,8,9,4,15,3,3,0,0,140,0,32,0,1,1,6,1,floor1_town
485,12829,2,Normal,32,3,3,3,0,27,27,0,0,15,0,1,1,2,3,3,13,0,0,0,0,84,0,18,0,1,1,6,1,
485,12829,3,Normal,10,2,2,1,0,27,0,0,0,0,0,1,1,1,0,0,13,0,0,0,0,31,27,5,1,0,0,6,1,party wiped
486,12830,1,Normal,32,4,4,4,0,27,27,0,0,20,0,1,1,4,8,0,15,3,3,0,0,112,0,21,0,1,1,5,1,floor1_town
486,12830,2,Normal,36,3,3,3,0,27,27,0,0,15,0,1,1,6,3,3,11,0,0,0,0,84,0,18,0,1,1,5,1,
486,12830,3,Normal,3,1,1,0,0,27,0,0,0,0,0,1,1,1,0,0,11,0,0,0,0,9,27,4,1,0,0,5,1,party wiped
487,12831,1,Normal,40,5,5,5,0,27,27,0,0,25,0,1,1,5,11,3,15,3,3,0,0,140,0,28,0,1,1,6,1,floor1_town
487,12831,2,Normal,23,4,4,3,0,27,0,0,0,15,0,1,1,5,3,3,12,0,0,0,0,102,27,19,1,0,0,6,1,party wiped
488,12832,1,Normal,32,6,6,6,0,27,27,0,0,30,0,1,1,7,12,0,15,3,3,0,0,168,0,32,0,1,1,7,1,floor1_town
488,12832,2,Normal,35,3,3,3,0,27,27,0,0,15,0,1,1,1,3,3,14,0,0,0,0,84,0,15,0,1,1,7,1,
488,12832,3,Normal,30,5,5,5,0,27,19,0,0,5,0,1,1,3,0,0,13,0,0,0,0,116,8,15,0,1,1,7,1,
488,12832,4,Normal,6,2,2,1,0,19,0,0,0,5,0,1,1,3,0,0,11,0,0,0,0,46,19,9,1,0,0,7,1,party wiped
489,12833,1,Normal,25,4,4,4,0,27,27,0,0,20,0,1,1,3,8,0,15,3,3,0,0,112,0,16,0,1,1,5,1,floor1_town
489,12833,2,Normal,26,4,4,3,0,27,0,0,0,15,0,1,1,4,3,3,11,0,0,0,0,107,27,26,1,0,0,5,1,party wiped
490,12834,1,Normal,33,4,4,4,0,27,27,0,0,20,0,1,1,5,9,2,15,3,3,0,0,112,0,22,0,1,1,5,1,floor1_town
490,12834,2,Normal,24,4,4,3,0,27,0,0,0,15,0,1,1,0,3,3,17,0,0,0,0,93,27,14,1,0,0,5,1,party wiped
491,12835,1,Normal,25,3,3,3,0,27,27,0,0,15,0,1,1,3,5,0,15,3,3,0,0,84,0,13,0,1,1,4,1,floor1_town
491,12835,2,Normal,37,3,3,3,0,27,27,0,0,15,0,1,1,3,3,3,13,0,0,0,0,84,0,15,0,1,1,4,1,
491,12835,3,Normal,23,3,3,2,0,27,0,0,0,0,0,1,1,2,0,0,12,0,0,0,0,44,27,13,1,0,0,4,1,party wiped
492,12836,1,Normal,34,2,2,2,0,27,27,0,0,10,0,1,1,2,5,0,15,3,3,0,0,56,0,10,0,1,1,3,1,floor1_town
492,12836,2,Normal,18,2,2,1,0,27,0,0,0,5,0,1,1,2,3,3,13,0,0,0,0,53,27,12,1,0,0,3,1,party wiped
493,12837,1,Normal,26,2,2,2,0,27,27,0,0,10,0,1,1,1,3,1,15,3,3,0,0,56,0,12,0,1,1,3,1,floor1_town
493,12837,2,Normal,28,4,4,3,0,27,0,0,0,15,0,1,1,7,3,3,8,0,0,0,0,107,27,22,1,0,0,3,1,party wiped
494,12838,1,Normal,34,5,5,5,0,27,27,0,0,25,0,1,1,4,10,0,15,3,3,0,0,140,0,24,0,1,1,6,1,floor1_town
494,12838,2,Normal,30,5,5,4,0,27,0,0,0,20,0,1,1,5,3,3,11,0,0,0,0,130,27,24,1,0,0,6,1,party wiped
495,12839,1,Normal,27,3,3,3,0,27,27,0,0,15,0,1,1,2,7,1,15,3,3,0,0,84,0,18,0,1,1,4,1,floor1_town
495,12839,2,Normal,28,3,3,3,0,27,13,0,0,15,0,1,1,2,3,3,14,0,0,0,0,84,14,15,0,1,1,4,1,
495,12839,3,Normal,25,3,3,2,0,13,0,0,0,0,0,1,1,3,0,0,13,0,0,0,0,44,13,11,1,0,0,4,1,party wiped
496,12840,1,Normal,35,2,2,2,0,27,27,0,0,10,0,1,1,2,3,0,15,3,3,0,0,56,0,8,0,1,1,3,1,floor1_town
496,12840,2,Normal,33,3,3,3,0,27,27,0,0,15,0,1,1,2,3,3,13,0,0,0,0,84,0,13,0,1,1,3,1,
496,12840,3,Normal,9,2,2,1,0,27,0,0,0,0,0,1,1,0,0,0,14,0,0,0,0,40,27,5,1,0,0,3,1,party wiped
497,12841,1,Normal,28,3,3,3,0,27,27,0,0,15,0,1,1,2,7,3,15,3,3,0,0,84,12,19,0,1,1,4,1,floor1_town
497,12841,2,Normal,39,4,4,4,0,27,27,0,0,20,0,1,1,9,3,3,6,0,0,0,0,112,0,25,0,1,1,4,1,
497,12841,3,Normal,8,1,1,0,0,27,0,0,0,0,0,1,1,0,0,0,6,0,0,0,0,14,27,4,1,0,0,4,1,party wiped
498,12842,1,Normal,36,3,3,3,0,27,27,0,0,15,0,1,1,3,7,1,15,3,3,0,0,84,0,16,0,1,1,4,1,floor1_town
498,12842,2,Normal,35,0,0,0,0,27,27,0,0,0,0,1,1,0,0,0,17,3,3,0,0,0,0,0,0,1,1,4,0,
498,12842,3,Normal,19,3,3,2,0,27,0,0,0,0,0,1,1,1,3,3,18,0,0,0,0,67,27,13,1,0,0,4,1,party wiped
499,12843,1,Normal,28,3,3,3,0,27,27,0,0,15,0,1,1,3,7,2,15,3,3,0,0,84,0,23,0,1,1,4,1,floor1_town
499,12843,2,Normal,29,3,3,2,0,27,0,0,0,10,0,1,1,5,3,3,12,0,0,0,0,83,27,21,1,0,0,4,1,party wiped
500,12844,1,Normal,37,4,4,4,0,27,27,0,0,20,0,1,1,4,10,2,15,3,3,0,0,112,0,23,0,1,1,5,1,floor1_town
500,12844,2,Normal,25,3,3,3,0,27,27,0,0,15,0,1,1,4,3,3,13,0,0,0,0,84,0,19,0,1,1,5,1,
500,12844,3,Normal,31,4,4,4,0,27,27,0,0,0,0,1,1,3,0,0,12,0,0,0,0,88,0,11,0,1,1,5,1,
500,12844,4,Normal,9,2,2,1,0,27,0,0,0,5,0,1,1,1,0,0,13,0,0,0,0,51,27,7,1,0,0,5,1,party wiped
501,12845,1,Normal,29,4,4,4,0,27,27,0,0,20,0,1,1,1,10,4,15,3,3,0,0,112,0,23,0,1,1,5,1,floor1_town
501,12845,2,Normal,39,3,3,3,0,27,27,0,0,15,0,1,1,5,3,2,10,0,1,0,0,84,0,20,0,1,1,5,1,
501,12845,3,Normal,31,3,3,3,0,27,27,0,0,5,0,1,1,3,0,1,7,0,0,0,0,72,0,11,0,1,1,5,1,
501,12845,4,Normal,1,1,1,0,0,27,0,0,0,0,0,1,1,0,0,0,9,0,0,0,0,23,27,2,1,0,0,5,1,party wiped
502,12846,1,Normal,37,5,5,5,0,27,27,0,0,25,0,1,1,1,14,5,15,3,3,0,0,140,0,35,0,1,1,6,1,floor1_town
502,12846,2,Normal,26,4,4,3,0,27,0,0,0,15,0,1,1,5,3,3,12,0,0,0,0,98,27,18,1,0,0,6,1,party wiped
503,12847,1,Normal,30,2,2,2,0,27,27,0,0,10,0,1,1,2,4,1,15,3,3,0,0,56,0,11,0,1,1,3,1,floor1_town
503,12847,2,Normal,22,3,3,2,0,27,0,0,0,10,0,1,1,4,3,3,12,0,0,0,0,79,27,16,1,0,0,3,1,party wiped
504,12848,1,Normal,38,5,5,5,0,27,27,0,0,25,0,1,1,5,11,1,15,3,3,0,0,140,0,28,0,1,1,6,1,floor1_town
504,12848,2,Normal,31,4,4,4,0,27,27,0,0,20,0,1,1,3,3,3,13,0,0,0,0,112,0,21,0,1,1,6,1,
504,12848,3,Normal,27,0,0,0,0,27,27,0,0,0,0,1,1,0,0,0,15,0,0,0,0,0,0,0,0,1,1,6,0,
504,12848,4,Normal,2,1,1,0,0,27,0,0,0,0,0,1,1,0,0,0,17,0,0,0,0,18,27,2,1,0,0,6,1,party wiped
505,12849,1,Normal,30,2,2,2,0,27,27,0,0,10,0,1,1,1,2,0,15,3,3,0,0,56,0,6,0,1,1,3,1,floor1_town
505,12849,2,Normal,29,1,1,1,0,27,27,0,0,5,0,1,1,0,3,1,17,0,2,0,0,28,0,5,0,1,1,3,1,
505,12849,3,Normal,14,2,2,1,0,27,0,0,0,5,0,1,1,2,0,2,16,0,0,0,0,42,27,11,1,0,0,3,1,party wiped
506,12850,1,Normal,39,4,4,4,0,27,27,0,0,20,0,1,1,2,12,2,15,3,3,0,0,112,0,22,0,1,1,5,1,floor1_town
506,12850,2,Normal,26,3,3,3,0,27,27,0,0,15,0,1,1,1,3,3,15,0,0,0,0,84,0,13,0,1,1,5,1,
506,12850,3,Normal,25,4,4,4,0,27,27,0,0,10,0,1,1,3,0,0,13,0,0,0,0,100,0,13,0,1,1,5,1,
506,12850,4,Normal,1,1,1,0,0,27,0,0,0,0,0,1,1,0,0,0,14,0,0,0,0,9,27,2,1,0,0,5,1,party wiped
507,12851,1,Normal,31,2,2,2,0,27,27,0,0,10,0,1,1,1,6,0,15,3,3,0,0,56,0,13,0,1,1,3,1,floor1_town
507,12851,2,Normal,31,3,3,2,0,27,0,0,0,10,0,1,1,5,3,3,10,0,0,0,0,74,27,21,1,0,0,3,1,party wiped
508,12852,1,Normal,39,2,2,2,0,27,27,0,0,10,0,1,1,2,5,1,15,3,3,0,0,56,0,13,0,1,1,3,1,floor1_town
508,12852,2,Normal,5,2,2,1,0,27,0,0,0,5,0,1,1,0,3,3,15,0,0,0,0,49,27,10,1,0,0,3,1,party wiped
509,12853,1,Normal,32,3,3,3,0,27,27,0,0,15,0,1,1,5,3,0,15,3,3,0,0,84,0,18,0,1,1,4,1,floor1_town
509,12853,2,Normal,33,4,4,4,0,27,27,0,0,20,0,1,1,3,3,3,13,0,0,0,0,112,0,21,0,1,1,4,1,
509,12853,3,Normal,15,2,2,1,0,27,0,0,0,0,0,1,1,1,0,0,14,0,0,0,0,43,27,6,1,0,0,4,1,party wiped
510,12854,1,Normal,40,3,3,3,0,27,27,0,0,15,0,1,1,3,7,2,15,3,3,0,0,84,0,17,0,1,1,4,1,floor1_town
510,12854,2,Normal,34,4,4,4,0,27,15,0,0,20,0,1,1,6,3,3,11,0,0,0,0,112,12,21,0,1,1,4,1,
510,12854,3,Normal,13,2,2,1,0,15,0,0,0,0,0,1,1,1,0,0,12,0,0,0,0,31,15,8,1,0,0,4,1,party wiped
511,12855,1,Normal,33,4,4,4,0,27,27,0,0,20,0,1,1,7,11,2,15,3,3,0,0,112,0,27,0,1,1,5,1,floor1_town
511,12855,2,Normal,39,2,2,2,0,27,27,0,0,10,0,1,1,0,3,1,17,0,2,0,0,56,0,6,0,1,1,5,1,
511,12855,3,Normal,31,4,4,4,0,27,15,0,0,15,0,1,1,6,0,2,11,0,0,0,0,106,12,17,0,1,1,5,1,
511,12855,4,Normal,16,2,2,1,0,15,0,0,0,5,0,1,1,1,0,0,11,0,0,0,0,42,15,6,1,0,0,5,1,party wiped
512,12856,1,Normal,25,2,2,2,0,27,27,0,0,10,0,1,1,3,4,2,15,3,3,0,0,56,0,14,0,1,1,3,1,floor1_town
512,12856,2,Normal,25,3,3,2,0,27,0,0,0,10,0,1,1,2,3,3,13,0,0,0,0,56,27,13,1,0,0,3,1,party wiped
513,12857,1,Normal,33,4,4,4,0,27,27,0,0,20,0,1,1,4,9,0,15,3,3,0,0,112,0,17,0,1,1,5,1,floor1_town
513,12857,2,Normal,26,3,3,3,0,27,27,0,0,15,0,1,1,3,3,1,12,0,2,0,0,84,0,11,0,1,1,5,1,
513,12857,3,Normal,38,2,2,2,0,27,19,0,0,0,0,1,1,1,0,2,13,0,0,0,0,44,8,10,0,1,1,5,1,
513,12857,4,Normal,31,2,2,1,0,19,0,0,0,5,0,1,1,5,0,0,9,0,0,0,0,42,19,11,1,0,0,5,1,party wiped
514,12858,1,Normal,26,2,2,2,0,27,27,0,0,10,0,1,1,0,5,2,15,3,3,0,0,56,0,11,0,1,1,3,1,floor1_town
514,12858,2,Normal,37,3,3,3,0,27,27,0,0,15,0,1,1,2,3,2,13,0,1,0,0,84,0,13,0,1,1,3,1,
514,12858,3,Normal,26,2,2,2,0,27,27,0,0,0,0,1,1,2,0,1,13,0,0,0,0,44,0,8,0,1,1,3,1,
514,12858,4,Normal,5,1,1,0,0,27,0,0,0,0,0,1,1,0,0,0,14,0,0,0,0,23,27,2,1,0,0,3,1,party wiped
515,12859,1,Normal,34,5,5,5,0,27,27,0,0,25,0,1,1,1,13,4,15,3,3,0,0,140,0,28,0,1,1,6,1,floor1_town
515,12859,2,Normal,27,1,1,1,0,27,27,0,0,5,0,1,1,0,3,2,17,0,1,0,0,28,0,7,0,1,1,6,1,
515,12859,3,Normal,26,4,4,4,0,27,27,0,0,0,0,1,1,4,0,1,13,0,0,0,0,88,0,18,0,1,1,6,1,
515,12859,4,Normal,2,1,1,0,0,27,0,0,0,0,0,1,1,0,0,0,13,0,0,0,0,18,27,3,1,0,0,6,1,party wiped
516,12860,1,Normal,26,2,2,2,0,27,27,0,0,10,0,1,1,1,4,0,15,3,3,0,0,56,0,9,0,1,1,3,1,floor1_town
516,12860,2,Normal,30,3,3,3,0,27,27,0,0,15,0,1,1,6,3,3,9,0,0,0,0,84,0,19,0,1,1,3,1,
516,12860,3,Normal,22,4,4,3,0,27,0,0,0,15,0,1,1,10,0,0,0,0,0,0,0,107,27,26,1,0,0,3,1,party wiped
517,12861,1,Normal,35,4,4,4,0,27,27,0,0,20,0,1,1,4,9,1,15,3,3,0,0,112,0,21,0,1,1,5,1,floor1_town
517,12861,2,Normal,32,4,4,4,0,27,27,0,0,20,0,1,1,4,3,3,13,0,0,0,0,112,0,17,0,1,1,5,1,
517,12861,3,Normal,27,4,4,4,0,27,15,0,0,10,0,1,1,5,0,0,9,0,0,0,0,100,12,19,0,1,1,5,1,
517,12861,4,Normal,28,3,3,2,0,15,0,0,0,10,0,1,1,3,0,0,7,0,0,0,0,77,15,10,1,0,0,5,1,party wiped
518,12862,1,Normal,27,4,4,4,0,27,27,0,0,20,0,1,1,1,7,0,15,3,3,0,0,112,0,17,0,1,1,5,1,floor1_town
518,12862,2,Normal,37,4,4,4,0,27,15,0,0,20,0,1,1,3,3,3,12,0,0,0,0,112,12,20,0,1,1,5,1,
518,12862,3,Normal,31,4,4,4,0,15,27,0,0,0,0,1,1,3,0,0,11,0,0,0,0,88,-12,11,0,1,1,5,1,
518,12862,4,Normal,25,3,3,2,0,27,0,0,0,10,0,1,1,5,0,0,8,0,0,0,0,70,27,14,1,0,0,5,1,party wiped
519,12863,1,Normal,35,3,3,3,0,27,27,0,0,15,0,1,1,7,5,0,15,3,3,0,0,84,0,17,0,1,1,4,1,floor1_town
519,12863,2,Normal,29,2,2,2,0,27,15,0,0,10,0,1,1,3,3,3,12,0,0,0,0,56,12,14,0,1,1,4,1,
519,12863,3,Normal,9,2,2,1,0,15,0,0,0,5,0,1,1,3,0,0,10,0,0,0,0,37,15,9,1,0,0,4,1,party wiped
520,12864,1,Normal,28,2,2,2,0,27,27,0,0,10,0,1,1,5,5,3,15,3,3,0,0,56,0,18,0,1,1,3,1,floor1_town
520,12864,2,Normal,25,1,1,1,0,27,27,0,0,5,0,1,1,1,1,0,15,2,3,0,0,28,0,4,0,1,1,3,1,
520,12864,3,Normal,30,2,2,2,0,27,19,0,0,0,0,1,1,1,2,0,15,0,3,0,0,44,8,11,0,1,1,3,1,
520,12864,4,Normal,34,2,2,2,0,19,15,0,0,10,0,1,1,5,0,3,12,0,0,0,0,56,4,16,0,1,1,3,1,
520,12864,5,Normal,1,1,1,0,0,15,0,0,0,0,0,1,1,0,0,0,14,0,0,0,0,9,15,1,1,0,0,3,1,party wiped
521,12865,1,Normal,36,2,2,2,0,27,27,0,0,10,0,1,1,0,5,3,15,3,3,0,0,56,0,15,0,1,1,3,1,floor1_town
521,12865,2,Normal,40,5,5,5,0,27,15,0,0,25,0,1,1,8,3,3,8,0,0,0,0,140,12,24,0,1,1,3,1,
521,12865,3,Normal,27,4,4,4,0,15,14,0,0,10,0,1,1,6,0,0,3,0,0,0,0,100,1,15,0,1,1,3,1,
521,12865,4,Normal,3,1,1,0,0,14,0,0,0,0,0,1,1,1,0,0,4,0,0,0,0,23,14,3,1,0,0,3,1,party wiped
522,12866,1,Normal,29,4,4,4,0,27,27,0,0,20,0,1,1,3,8,0,15,3,3,0,0,112,0,16,0,1,1,5,1,floor1_town
522,12866,2,Normal,34,5,5,4,0,27,0,0,0,20,0,1,1,4,3,3,11,0,0,0,0,121,27,24,1,0,0,5,1,party wiped
523,12867,1,Normal,3,1,1,0,0,27,0,0,0,0,0,1,1,0,3,3,15,0,0,0,0,25,27,11,1,0,0,1,1,floor1_town; party wiped
524,12868,1,Normal,29,3,3,3,0,27,27,0,0,15,0,1,1,1,7,0,15,3,3,0,0,84,0,17,0,1,1,4,1,floor1_town
524,12868,2,Normal,33,5,5,4,0,27,0,0,0,20,0,1,1,3,3,3,14,0,0,0,0,112,27,20,1,0,0,4,1,party wiped
525,12869,1,Normal,38,4,4,4,0,27,27,0,0,20,0,1,1,4,11,3,15,3,3,0,0,112,0,27,0,1,1,5,1,floor1_town
525,12869,2,Normal,19,3,3,2,0,27,0,0,0,10,0,1,1,2,3,3,15,0,0,0,0,83,27,22,1,0,0,5,1,party wiped
526,12870,1,Normal,30,3,3,3,0,27,27,0,0,15,0,1,1,0,7,0,15,3,3,0,0,84,0,11,0,1,1,4,1,floor1_town
526,12870,2,Normal,38,6,6,6,0,27,27,0,0,30,0,1,1,9,3,3,6,0,0,0,0,168,0,34,0,1,1,4,1,
526,12870,3,Normal,38,1,1,1,0,27,14,0,0,0,0,1,1,2,0,0,6,0,0,0,0,22,13,7,0,1,1,4,1,
526,12870,4,Normal,29,3,3,3,0,14,13,0,0,15,0,1,1,6,0,0,2,0,0,0,0,84,1,16,0,1,1,4,1,
526,12870,5,Normal,1,1,1,0,0,13,0,0,0,0,0,1,1,0,0,0,4,0,0,0,0,0,13,1,1,0,0,4,1,party wiped
527,12871,1,Normal,38,5,5,5,0,27,27,0,0,25,0,1,1,5,10,0,15,3,3,0,0,140,0,24,0,1,1,6,1,floor1_town
527,12871,2,Normal,35,4,4,4,0,27,27,0,0,20,0,1,1,7,3,3,8,0,0,0,0,112,0,23,0,1,1,6,1,
527,12871,3,Normal,16,2,2,1,0,27,0,0,0,0,0,1,1,0,0,0,8,0,0,0,0,31,27,4,1,0,0,6,1,party wiped
528,12872,1,Normal,31,3,3,3,0,27,27,0,0,15,0,1,1,4,7,1,15,3,3,0,0,84,0,19,0,1,1,4,1,floor1_town
528,12872,2,Normal,17,3,3,2,0,27,0,0,0,10,0,1,1,3,3,3,14,0,0,0,0,74,27,17,1,0,0,4,1,party wiped
529,12873,1,Normal,39,4,4,4,0,27,27,0,0,20,0,1,1,1,7,3,15,3,3,0,0,112,0,20,0,1,1,5,1,floor1_town
529,12873,2,Normal,35,3,3,3,0,27,27,0,0,15,0,1,1,4,3,1,12,0,2,0,0,84,0,14,0,1,1,5,1,
529,12873,3,Normal,38,4,4,4,0,27,27,0,0,5,0,1,1,3,0,2,10,0,0,0,0,94,0,15,0,1,1,5,1,
529,12873,4,Normal,33,4,4,4,0,27,27,0,0,20,0,1,1,6,0,0,6,0,0,0,0,112,0,17,0,1,1,5,1,
529,12873,5,Normal,30,3,3,2,0,27,0,0,0,10,0,1,1,4,0,0,3,0,0,0,0,74,27,14,1,0,0,5,1,party wiped
530,12874,1,Normal,31,1,1,1,0,27,27,0,0,5,0,1,1,1,1,0,15,3,3,0,0,28,0,4,0,1,1,2,1,floor1_town
530,12874,2,Normal,26,3,3,2,0,27,0,0,0,10,0,1,1,7,3,3,10,0,0,0,0,72,27,21,1,0,0,2,1,party wiped
531,12875,1,Normal,40,4,4,4,0,27,27,0,0,20,0,1,1,3,9,3,15,3,3,0,0,112,0,26,0,1,1,5,1,floor1_town
531,12875,2,Normal,32,4,4,4,0,27,15,0,0,20,0,1,1,6,3,3,11,0,0,0,0,112,12,24,0,1,1,5,1,
531,12875,3,Normal,33,4,4,4,0,15,27,0,0,10,0,1,1,8,0,0,3,0,0,0,0,100,-12,18,0,1,1,5,1,
531,12875,4,Normal,10,2,2,1,0,27,0,0,0,5,0,1,1,1,0,0,3,0,0,0,0,46,27,7,1,0,0,5,1,party wiped
532,12876,1,Normal,32,2,2,2,0,27,27,0,0,10,0,1,1,2,4,2,15,3,3,0,0,56,0,13,0,1,1,3,1,floor1_town
532,12876,2,Normal,28,1,1,1,0,27,27,0,0,5,0,1,1,1,3,1,16,0,2,0,0,28,0,7,0,1,1,3,1,
532,12876,3,Normal,38,3,3,3,0,27,15,0,0,10,0,1,1,2,0,2,14,0,0,0,0,78,12,14,0,1,1,3,1,
532,12876,4,Normal,2,1,1,0,0,15,0,0,0,0,0,1,1,1,0,0,13,0,0,0,0,0,15,3,1,0,0,3,1,party wiped
533,12877,1,Normal,40,5,5,5,0,27,27,0,0,25,0,1,1,5,7,2,15,3,3,0,0,140,0,23,0,1,1,6,1,floor1_town
533,12877,2,Normal,38,1,1,1,0,27,27,0,0,5,0,1,1,2,3,1,14,0,2,0,0,28,0,10,0,1,1,6,1,
533,12877,3,Normal,33,3,3,3,0,27,27,0,0,15,0,1,1,4,0,2,12,0,0,0,0,84,0,17,0,1,1,6,1,
533,12877,4,Normal,3,1,1,0,0,27,0,0,0,0,0,1,1,0,0,0,14,0,0,0,0,9,27,5,1,0,0,6,1,party wiped
534,12878,1,Normal,33,1,1,1,0,27,27,0,0,5,0,1,1,2,3,1,15,3,3,0,0,28,0,7,0,1,1,2,1,floor1_town
534,12878,2,Normal,29,4,4,4,0,27,15,0,0,20,0,1,1,2,3,3,13,0,0,0,0,112,12,15,0,1,1,2,1,
534,12878,3,Normal,39,3,3,3,0,15,27,0,0,0,0,1,1,3,0,0,12,0,0,0,0,66,-12,11,0,1,1,2,1,
534,12878,4,Normal,24,4,4,3,0,27,0,0,0,15,0,1,1,3,0,0,9,0,0,0,0,84,27,17,1,0,0,2,1,party wiped
535,12879,1,Normal,25,3,3,3,0,27,27,0,0,15,0,1,1,3,9,2,15,3,3,0,0,84,0,21,0,1,1,4,1,floor1_town
535,12879,2,Normal,10,2,2,1,0,27,0,0,0,5,0,1,1,0,3,3,17,0,0,0,0,37,27,11,1,0,0,4,1,party wiped
536,12880,1,Normal,34,2,2,2,0,27,27,0,0,10,0,1,1,1,5,0,15,3,3,0,0,56,0,10,0,1,1,3,1,floor1_town
536,12880,2,Normal,21,4,4,3,0,27,0,0,0,15,0,1,1,3,3,3,14,0,0,0,0,84,27,18,1,0,0,3,1,party wiped
537,12881,1,Normal,26,3,3,3,0,27,27,0,0,15,0,1,1,5,4,0,15,3,3,0,0,84,0,16,0,1,1,4,1,floor1_town
537,12881,2,Normal,25,3,3,3,0,27,27,0,0,15,0,1,1,4,3,3,11,0,0,0,0,84,0,17,0,1,1,4,1,
537,12881,3,Normal,27,1,1,1,0,27,27,0,0,5,0,1,1,1,0,0,12,0,0,0,0,28,0,5,0,1,1,4,1,
537,12881,4,Normal,8,1,1,0,0,27,0,0,0,0,0,1,1,3,0,0,9,0,0,0,0,18,27,6,1,0,0,4,1,party wiped
538,12882,1,Normal,34,4,4,4,0,27,27,0,0,20,0,1,1,3,9,1,15,3,3,0,0,112,0,23,0,1,1,5,1,floor1_town
538,12882,2,Normal,39,3,3,3,0,27,27,0,0,15,0,1,1,2,3,1,14,0,2,0,0,84,0,12,0,1,1,5,1,
538,12882,3,Normal,25,2,2,2,0,27,19,0,0,0,0,1,1,1,0,2,15,0,0,0,0,44,8,11,0,1,1,5,1,
538,12882,4,Normal,37,3,3,2,0,19,0,0,0,10,0,1,1,1,0,0,14,0,0,0,0,65,19,8,1,0,0,5,1,party wiped
539,12883,1,Normal,27,3,3,3,0,27,27,0,0,15,0,1,1,3,7,0,15,3,3,0,0,84,0,16,0,1,1,4,1,floor1_town
539,12883,2,Normal,32,0,0,0,0,27,27,0,0,0,0,1,1,0,0,0,16,3,3,0,0,0,0,0,0,1,1,4,0,
539,12883,3,Normal,37,4,4,4,0,27,27,0,0,15,0,1,1,4,3,2,14,0,1,0,0,106,0,17,0,1,1,4,1,
539,12883,4,Normal,26,2,2,2,0,27,27,0,0,10,0,1,1,3,0,1,13,0,0,0,0,56,0,10,0,1,1,4,1,
539,12883,5,Normal,8,1,1,0,0,27,0,0,0,0,0,1,1,2,0,0,12,0,0,0,0,23,27,7,1,0,0,4,1,party wiped
540,12884,1,Normal,35,5,5,5,0,27,27,0,0,25,0,1,1,2,12,3,15,3,3,0,0,140,0,26,0,1,1,6,1,floor1_town
540,12884,2,Normal,31,5,5,5,0,27,27,0,0,25,0,1,1,6,3,3,10,0,0,0,0,140,0,22,0,1,1,6,1,
540,12884,3,Normal,29,1,1,1,0,27,14,0,0,0,0,1,1,0,0,0,10,0,0,0,0,22,13,3,0,1,1,6,1,
540,12884,4,Normal,8,1,1,0,0,14,0,0,0,0,0,1,1,0,0,0,12,0,0,0,0,0,14,1,1,0,0,6,1,party wiped
541,12885,1,Normal,27,5,5,5,0,27,27,0,0,25,0,1,1,6,10,4,15,3,3,0,0,140,12,34,0,1,1,6,1,floor1_town
541,12885,2,Normal,25,1,1,1,0,27,27,0,0,5,0,1,1,0,3,1,16,0,2,0,0,28,0,6,0,1,1,6,1,
541,12885,3,Normal,34,4,4,3,0,27,0,0,0,10,0,1,1,2,0,2,15,0,0,0,0,94,27,14,1,0,0,6,1,party wiped
542,12886,1,Normal,36,4,4,4,0,27,27,0,0,20,0,1,1,3,10,4,15,3,3,0,0,112,0,26,0,1,1,5,1,floor1_town
542,12886,2,Normal,27,4,4,4,0,27,27,0,0,20,0,1,1,6,3,1,9,0,2,0,0,112,0,17,0,1,1,5,1,
542,12886,3,Normal,40,2,2,2,0,27,19,0,0,0,0,1,1,0,0,2,10,0,0,0,0,44,8,6,0,1,1,5,1,
542,12886,4,Normal,22,4,4,3,0,19,0,0,0,15,0,1,1,6,0,0,4,0,0,0,0,98,19,19,1,0,0,5,1,party wiped
543,12887,1,Normal,28,3,3,3,0,27,27,0,0,15,0,1,1,0,4,0,15,3,3,0,0,84,0,9,0,1,1,4,1,floor1_town
543,12887,2,Normal,28,4,4,4,0,27,27,0,0,20,0,1,1,6,3,3,10,0,0,0,0,112,0,22,0,1,1,4,1,
543,12887,3,Normal,5,1,1,0,0,27,0,0,0,0,0,1,1,1,0,0,10,0,0,0,0,9,27,3,1,0,0,4,1,party wiped
544,12888,1,Normal,36,5,5,5,0,27,27,0,0,25,0,1,1,9,11,2,15,3,3,0,0,140,0,31,0,1,1,6,1,floor1_town
544,12888,2,Normal,25,3,3,2,0,27,0,0,0,10,0,1,1,2,3,3,15,0,0,0,0,70,27,13,1,0,0,6,1,party wiped
545,12889,1,Normal,29,3,3,3,0,27,27,0,0,15,0,1,1,2,7,1,15,3,3,0,0,84,0,16,0,1,1,4,1,floor1_town
545,12889,2,Normal,37,3,3,3,0,27,27,0,0,15,0,1,1,2,3,2,15,0,1,0,0,84,0,17,0,1,1,4,1,
545,12889,3,Normal,2,1,1,0,0,27,0,0,0,0,0,1,1,1,0,1,15,0,0,0,0,9,27,5,1,0,0,4,1,party wiped
546,12890,1,Normal,37,2,2,2,0,27,27,0,0,10,0,1,1,2,4,0,15,3,3,0,0,56,0,12,0,1,1,3,1,floor1_town
546,12890,2,Normal,38,2,2,2,0,27,27,0,0,10,0,1,1,3,3,0,14,0,3,0,0,56,0,10,0,1,1,3,1,
546,12890,3,Normal,28,1,1,0,0,27,0,0,0,0,0,1,1,0,0,3,14,0,0,0,0,27,27,5,1,0,0,3,1,party wiped
547,12891,1,Normal,29,2,2,2,0,27,27,0,0,10,0,1,1,3,5,0,15,3,3,0,0,56,0,11,0,1,1,3,1,floor1_town
547,12891,2,Normal,35,4,4,4,0,27,27,0,0,20,0,1,1,3,3,3,13,0,0,0,0,112,0,19,0,1,1,3,1,
547,12891,3,Normal,12,2,2,1,0,27,0,0,0,0,0,1,1,1,0,0,14,0,0,0,0,31,27,6,1,0,0,3,1,party wiped
548,12892,1,Normal,38,5,5,5,0,27,27,0,0,25,0,1,1,3,8,1,15,3,3,0,0,140,0,19,0,1,1,6,1,floor1_town
548,12892,2,Normal,30,5,5,5,0,27,27,0,0,25,0,1,1,7,3,3,8,0,0,0,0,140,0,27,0,1,1,6,1,
548,12892,3,Normal,7,2,2,1,0,27,0,0,0,5,0,1,1,0,0,0,8,0,0,0,0,35,27,5,1,0,0,6,1,party wiped
549,12893,1,Normal,30,4,4,4,0,27,27,0,0,20,0,1,1,2,3,0,15,3,3,0,0,112,0,13,0,1,1,5,1,floor1_town
549,12893,2,Normal,31,1,1,1,0,27,27,0,0,5,0,1,1,1,3,1,14,0,2,0,0,28,0,6,0,1,1,5,1,
549,12893,3,Normal,34,3,3,3,0,27,27,0,0,5,0,1,1,1,0,2,15,0,0,0,0,72,0,11,0,1,1,5,1,
549,12893,4,Normal,20,2,2,1,0,27,0,0,0,5,0,1,1,2,0,0,15,0,0,0,0,37,27,7,1,0,0,5,1,party wiped
550,12894,1,Normal,39,5,5,5,0,27,27,0,0,25,0,1,1,1,13,4,15,3,3,0,0,140,12,26,0,1,1,6,1,floor1_town
550,12894,2,Normal,12,2,2,1,0,27,0,0,0,5,0,1,1,2,3,3,15,0,0,0,0,28,27,11,1,0,0,6,1,party wiped
551,12895,1,Normal,31,4,4,4,0,27,27,0,0,20,0,1,1,3,10,3,15,3,3,0,0,112,0,21,0,1,1,5,1,floor1_town
551,12895,2,Normal,36,3,3,3,0,27,15,0,0,15,0,1,1,5,3,3,12,0,0,0,0,84,12,21,0,1,1,5,1,
551,12895,3,Normal,4,1,1,0,0,15,0,0,0,0,0,1,1,1,0,0,13,0,0,0,0,14,15,5,1,0,0,5,1,party wiped
552,12896,1,Normal,39,3,3,3,0,27,27,0,0,15,0,1,1,0,8,0,15,3,3,0,0,84,0,14,0,1,1,4,1,floor1_town
552,12896,2,Normal,38,4,4,4,0,27,27,0,0,20,0,1,1,3,3,3,12,0,0,0,0,112,0,20,0,1,1,4,1,
552,12896,3,Normal,15,2,2,1,0,27,0,0,0,5,0,1,1,4,0,0,9,0,0,0,0,46,27,10,1,0,0,4,1,party wiped
553,12897,1,Normal,32,4,4,4,0,27,27,0,0,20,0,1,1,2,10,1,15,3,3,0,0,112,0,17,0,1,1,5,1,floor1_town
553,12897,2,Normal,25,4,4,4,0,27,27,0,0,20,0,1,1,2,3,3,14,0,0,0,0,112,0,16,0,1,1,5,1,
553,12897,3,Normal,16,1,1,0,0,27,0,0,0,0,0,1,1,0,0,0,15,0,0,0,0,9,27,2,1,0,0,5,1,party wiped
554,12898,1,Normal,40,3,3,3,0,27,27,0,0,15,0,1,1,2,7,0,15,3,3,0,0,84,0,14,0,1,1,4,1,floor1_town
554,12898,2,Normal,33,5,5,4,0,27,0,0,0,20,0,1,1,2,3,3,13,0,0,0,0,121,27,21,1,0,0,4,1,party wiped
555,12899,1,Normal,32,5,5,5,0,27,27,0,0,25,0,1,1,8,11,0,15,3,3,0,0,140,0,29,0,1,1,6,1,floor1_town
555,12899,2,Normal,27,3,3,3,0,27,27,0,0,15,0,1,1,2,3,3,13,0,0,0,0,84,0,14,0,1,1,6,1,
555,12899,3,Normal,7,2,2,1,0,27,0,0,0,5,0,1,1,2,0,0,12,0,0,0,0,55,27,10,1,0,0,6,1,party wiped
556,12900,1,Normal,25,3,3,3,0,27,27,0,0,15,0,1,1,3,7,3,15,3,3,0,0,84,0,20,0,1,1,4,1,floor1_town
556,12900,2,Normal,17,4,4,3,0,27,0,0,0,15,0,1,1,2,3,3,14,0,0,0,0,93,27,14,1,0,0,4,1,party wiped
557,12901,1,Normal,33,4,4,4,0,27,27,0,0,20,0,1,1,3,9,0,15,3,3,0,0,112,0,21,0,1,1,5,1,floor1_town
557,12901,2,Normal,8,1,1,0,0,27,0,0,0,0,0,1,1,0,3,3,15,0,0,0,0,18,27,8,1,0,0,5,1,party wiped
558,12902,1,Normal,25,4,4,4,0,27,27,0,0,20,0,1,1,5,9,4,15,3,3,0,0,112,0,30,0,1,1,5,1,floor1_town
558,12902,2,Normal,33,2,2,2,0,27,27,0,0,10,0,1,1,2,3,1,13,0,2,0,0,56,0,12,0,1,1,5,1,
558,12902,3,Normal,16,2,2,1,0,27,0,0,0,5,0,1,1,5,0,2,9,0,0,0,0,55,27,15,1,0,0,5,1,party wiped
559,12903,1,Normal,34,4,4,4,0,27,27,0,0,20,0,1,1,4,10,2,15,3,3,0,0,112,0,24,0,1,1,5,1,floor1_town
559,12903,2,Normal,34,2,2,2,0,27,27,0,0,10,0,1,1,5,3,2,10,0,1,0,0,56,0,12,0,1,1,5,1,
559,12903,3,Normal,7,1,1,0,0,27,0,0,0,0,0,1,1,0,0,1,12,0,0,0,0,0,27,5,1,0,0,5,1,party wiped
560,12904,1,Normal,26,1,1,1,0,27,27,0,0,5,0,1,1,1,3,0,15,3,3,0,0,28,0,6,0,1,1,2,1,floor1_town
560,12904,2,Normal,26,3,3,3,0,27,27,0,0,15,0,1,1,2,3,3,15,0,0,0,0,84,0,17,0,1,1,2,1,
560,12904,3,Normal,39,1,1,1,0,27,27,0,0,0,0,1,1,0,0,0,16,0,0,0,0,22,0,3,0,1,1,2,1,
560,12904,4,Normal,9,1,1,0,0,27,0,0,0,0,0,1,1,1,0,0,16,0,0,0,0,23,27,4,1,0,0,2,1,party wiped
561,12905,1,Normal,34,4,4,4,0,27,27,0,0,20,0,1,1,9,5,1,15,3,3,0,0,112,0,21,0,1,1,5,1,floor1_town
561,12905,2,Normal,28,2,2,2,0,27,27,0,0,10,0,1,1,5,3,3,10,0,0,0,0,56,0,16,0,1,1,5,1,
561,12905,3,Normal,5,2,2,1,0,27,0,0,0,0,0,1,1,0,0,0,10,0,0,0,0,36,27,3,1,0,0,5,1,party wiped
562,12906,1,Normal,27,4,4,4,0,27,27,0,0,20,0,1,1,5,9,0,15,3,3,0,0,112,0,19,0,1,1,5,1,floor1_town
562,12906,2,Normal,19,3,3,2,0,27,0,0,0,10,0,1,1,4,3,3,11,0,0,0,0,83,27,18,1,0,0,5,1,party wiped
563,12907,1,Normal,35,5,5,5,0,27,27,0,0,25,0,1,1,5,13,2,15,3,3,0,0,140,0,31,0,1,1,6,1,floor1_town
563,12907,2,Normal,31,4,4,4,0,27,27,0,0,20,0,1,1,3,3,3,14,0,0,0,0,112,0,20,0,1,1,6,1,
563,12907,3,Normal,3,1,1,0,0,27,0,0,0,0,0,1,1,0,0,0,14,0,0,0,0,9,27,3,1,0,0,6,1,party wiped
564,12908,1,Normal,28,4,4,4,0,27,27,0,0,20,0,1,1,3,6,0,15,3,3,0,0,112,0,17,0,1,1,5,1,floor1_town
564,12908,2,Normal,24,3,3,2,0,27,0,0,0,10,0,1,1,5,3,3,11,0,0,0,0,83,27,20,1,0,0,5,1,party wiped
565,12909,1,Normal,36,3,3,3,0,27,27,0,0,15,0,1,1,2,8,3,15,3,3,0,0,84,9,23,0,1,1,4,1,floor1_town
565,12909,2,Normal,6,2,2,1,0,27,0,0,0,5,0,1,1,1,3,3,14,0,0,0,0,46,27,13,1,0,0,4,1,party wiped
566,12910,1,Normal,28,2,2,2,0,27,27,0,0,10,0,1,1,1,5,0,15,3,3,0,0,56,0,13,0,1,1,3,1,floor1_town
566,12910,2,Normal,30,3,3,3,0,27,27,0,0,15,0,1,1,4,3,2,13,0,1,0,0,84,0,14,0,1,1,3,1,
566,12910,3,Normal,31,4,4,4,0,27,27,0,0,10,0,1,1,3,0,1,10,0,0,0,0,100,0,15,0,1,1,3,1,
566,12910,4,Normal,12,2,2,1,0,27,0,0,0,5,0,1,1,2,0,0,10,0,0,0,0,51,27,7,1,0,0,3,1,party wiped
567,12911,1,Normal,37,3,3,3,0,27,27,0,0,15,0,1,1,2,7,3,15,3,3,0,0,84,0,18,0,1,1,4,1,floor1_town
567,12911,2,Normal,35,2,2,2,0,27,15,0,0,10,0,1,1,4,3,3,12,0,0,0,0,56,12,15,0,1,1,4,1,
567,12911,3,Normal,5,1,1,0,0,15,0,0,0,0,0,1,1,1,0,0,12,0,0,0,0,14,15,6,1,0,0,4,1,party wiped
568,12912,1,Normal,29,4,4,4,0,27,27,0,0,20,0,1,1,4,8,1,15,3,3,0,0,112,0,20,0,1,1,5,1,floor1_town
568,12912,2,Normal,39,4,4,4,0,27,27,0,0,20,0,1,1,10,3,3,5,0,0,0,0,112,0,29,0,1,1,5,1,
568,12912,3,Normal,1,1,1,0,0,27,0,0,0,0,0,1,1,1,0,0,5,0,0,0,0,9,27,4,1,0,0,5,1,party wiped
569,12913,1,Normal,37,3,3,3,0,27,27,0,0,15,0,1,1,6,4,2,15,3,3,0,0,84,0,21,0,1,1,4,1,floor1_town
569,12913,2,Normal,38,4,4,4,0,27,15,0,0,20,0,1,1,1,3,3,15,0,0,0,0,112,12,15,0,1,1,4,1,
569,12913,3,Normal,13,3,3,2,0,15,0,0,0,5,0,1,1,2,0,0,14,0,0,0,0,59,15,7,1,0,0,4,1,party wiped
570,12914,1,Normal,30,4,4,4,0,27,27,0,0,20,0,1,1,5,6,0,15,3,3,0,0,112,0,22,0,1,1,5,1,floor1_town
570,12914,2,Normal,18,3,3,2,0,27,0,0,0,10,0,1,1,2,3,3,14,0,0,0,0,70,27,15,1,0,0,5,1,party wiped
571,12915,1,Normal,38,4,4,4,0,27,27,0,0,20,0,1,1,8,9,3,15,3,3,0,0,112,0,30,0,1,1,5,1,floor1_town
571,12915,2,Normal,38,2,2,2,0,27,27,0,0,10,0,1,1,0,3,0,15,0,3,0,0,56,0,7,0,1,1,5,1,
571,12915,3,Normal,40,4,4,4,0,27,19,0,0,10,0,1,1,2,0,3,15,0,0,0,0,100,8,15,0,1,1,5,1,
571,12915,4,Normal,37,4,4,4,0,19,27,0,0,20,0,1,1,9,0,0,7,0,0,0,0,112,-8,19,0,1,1,5,1,
571,12915,5,Normal,26,4,4,4,0,27,27,0,0,20,0,1,1,7,0,0,1,0,0,0,0,112,0,22,0,1,1,5,1,
571,12915,6,Normal,10,2,2,1,0,27,0,0,0,5,0,1,1,1,0,0,0,0,0,0,0,51,27,8,1,0,0,5,1,party wiped
572,12916,1,Normal,30,3,3,3,0,27,27,0,0,15,0,1,1,3,6,0,15,3,3,0,0,84,0,14,0,1,1,4,1,floor1_town
572,12916,2,Normal,9,2,2,1,0,27,0,0,0,5,0,1,1,1,3,3,16,0,0,0,0,51,27,12,1,0,0,4,1,party wiped
573,12917,1,Normal,39,6,6,6,0,27,27,0,0,30,0,1,1,7,12,0,15,3,3,0,0,168,0,33,0,1,1,7,1,floor1_town
573,12917,2,Normal,17,2,2,1,0,27,0,0,0,5,0,1,1,4,3,3,13,0,0,0,0,46,27,15,1,0,0,7,1,party wiped
574,12918,1,Normal,31,4,4,4,0,27,27,0,0,20,0,1,1,2,9,0,15,3,3,0,0,112,0,20,0,1,1,5,1,floor1_town
574,12918,2,Normal,32,4,4,4,0,27,15,0,0,20,0,1,1,4,3,3,11,0,0,0,0,112,12,19,0,1,1,5,1,
574,12918,3,Normal,25,1,1,1,0,15,19,0,0,0,0,1,1,1,0,0,10,0,0,0,0,22,-4,4,0,1,1,5,1,
574,12918,4,Normal,20,4,4,3,0,19,0,0,0,15,0,1,1,8,0,0,4,0,0,0,0,93,19,18,1,0,0,5,1,party wiped
575,12919,1,Normal,40,4,4,4,0,27,27,0,0,20,0,1,1,1,10,1,15,3,3,0,0,112,0,17,0,1,1,5,1,floor1_town
575,12919,2,Normal,27,3,3,3,0,27,27,0,0,15,0,1,1,5,3,3,11,0,0,0,0,84,0,20,0,1,1,5,1,
575,12919,3,Normal,27,3,3,3,0,27,27,0,0,5,0,1,1,3,0,0,10,0,0,0,0,72,0,13,0,1,1,5,1,
575,12919,4,Normal,25,4,4,4,0,27,15,0,0,20,0,1,1,4,0,0,6,0,0,0,0,112,12,20,0,1,1,5,1,
575,12919,5,Normal,32,3,3,3,0,15,15,0,0,15,0,1,1,7,0,0,1,0,0,0,0,84,0,20,0,1,1,5,1,
575,12919,6,Normal,13,2,2,1,0,15,0,0,0,5,0,1,1,1,0,0,0,0,0,0,0,37,15,4,1,0,0,5,1,party wiped
576,12920,1,Normal,32,3,3,3,0,27,27,0,0,15,0,1,1,4,6,3,15,3,3,0,0,84,0,18,0,1,1,4,1,floor1_town
576,12920,2,Normal,27,4,4,3,0,27,0,0,0,15,0,1,1,4,3,3,13,0,0,0,0,93,27,22,1,0,0,4,1,party wiped
577,12921,1,Normal,40,3,3,3,0,27,27,0,0,15,0,1,1,4,7,1,15,3,3,0,0,84,0,17,0,1,1,4,1,floor1_town
577,12921,2,Normal,19,4,4,3,0,27,0,0,0,15,0,1,1,5,3,3,12,0,0,0,0,107,27,20,1,0,0,4,1,party wiped
578,12922,1,Normal,33,3,3,3,0,27,27,0,0,15,0,1,1,4,8,0,15,3,3,0,0,84,0,18,0,1,1,4,1,floor1_town
578,12922,2,Normal,36,2,2,2,0,27,27,0,0,10,0,1,1,2,2,0,15,1,3,0,0,56,0,8,0,1,1,4,1,
578,12922,3,Normal,25,3,3,3,0,27,11,0,0,5,0,1,1,4,1,3,11,0,0,0,0,72,16,18,0,1,1,4,1,
578,12922,4,Normal,4,1,1,0,0,11,0,0,0,0,0,1,1,0,0,0,11,0,0,0,0,14,11,1,1,0,0,4,1,party wiped
579,12923,1,Normal,25,2,2,2,0,27,27,0,0,10,0,1,1,2,5,1,15,3,3,0,0,56,0,11,0,1,1,3,1,floor1_town
579,12923,2,Normal,25,4,4,4,0,27,27,0,0,20,0,1,1,3,3,3,12,0,0,0,0,112,0,16,0,1,1,3,1,
579,12923,3,Normal,31,4,4,4,0,27,27,0,0,10,0,1,1,5,0,0,7,0,0,0,0,100,0,19,0,1,1,3,1,
579,12923,4,Normal,37,5,5,4,0,27,0,0,0,20,0,1,1,7,0,0,0,0,0,0,0,137,27,23,1,0,0,3,1,party wiped
580,12924,1,Normal,33,3,3,3,0,27,27,0,0,15,0,1,1,3,5,0,15,3,3,0,0,84,0,12,0,1,1,4,1,floor1_town
580,12924,2,Normal,22,4,4,3,0,27,0,0,0,15,0,1,1,5,3,3,12,0,0,0,0,98,27,19,1,0,0,4,1,party wiped
581,12925,1,Normal,26,4,4,4,0,27,27,0,0,20,0,1,1,2,7,1,15,3,3,0,0,112,0,21,0,1,1,5,1,floor1_town
581,12925,2,Normal,25,3,3,3,0,27,27,0,0,15,0,1,1,4,2,0,13,1,3,0,0,84,0,11,0,1,1,5,1,
581,12925,3,Normal,20,3,3,2,0,27,0,0,0,5,0,1,1,2,1,3,12,0,0,0,0,71,27,12,1,0,0,5,1,party wiped
582,12926,1,Normal,34,4,4,4,0,27,27,0,0,20,0,1,1,5,9,2,15,3,3,0,0,112,0,23,0,1,1,5,1,floor1_town
582,12926,2,Normal,25,4,4,3,0,27,0,0,0,15,0,1,1,5,3,3,10,0,0,0,0,107,27,21,1,0,0,5,1,party wiped
583,12927,1,Normal,26,2,2,2,0,27,27,0,0,10,0,1,1,3,5,0,15,3,3,0,0,56,0,11,0,1,1,3,1,floor1_town
583,12927,2,Normal,30,3,3,3,0,27,15,0,0,15,0,1,1,2,3,3,15,0,0,0,0,84,12,16,0,1,1,3,1,
583,12927,3,Normal,3,1,1,0,0,15,0,0,0,0,0,1,1,1,0,0,16,0,0,0,0,14,15,3,1,0,0,3,1,party wiped
584,12928,1,Normal,35,5,5,5,0,27,27,0,0,25,0,1,1,5,11,2,15,3,3,0,0,140,0,28,0,1,1,6,1,floor1_town
584,12928,2,Normal,24,3,3,2,0,27,0,0,0,10,0,1,1,1,3,3,16,0,0,0,0,74,27,14,1,0,0,6,1,party wiped
585,12929,1,Normal,27,3,3,3,0,27,27,0,0,15,0,1,1,4,5,2,15,3,3,0,0,84,0,17,0,1,1,4,1,floor1_town
585,12929,2,Normal,40,4,4,4,0,27,27,0,0,20,0,1,1,5,3,3,12,0,0,0,0,112,0,22,0,1,1,4,1,
585,12929,3,Normal,14,2,2,1,0,27,0,0,0,5,0,1,1,2,0,0,11,0,0,0,0,42,27,5,1,0,0,4,1,party wiped
586,12930,1,Normal,35,4,4,4,0,27,27,0,0,20,0,1,1,6,7,0,15,3,3,0,0,112,0,23,0,1,1,5,1,floor1_town
586,12930,2,Normal,31,3,3,3,0,27,27,0,0,15,0,1,1,3,3,1,14,0,2,0,0,84,0,14,0,1,1,5,1,
586,12930,3,Normal,26,4,4,4,0,27,19,0,0,10,0,1,1,6,0,2,10,0,0,0,0,100,8,18,0,1,1,5,1,
586,12930,4,Normal,6,1,1,0,0,19,0,0,0,0,0,1,1,1,0,0,11,0,0,0,0,14,19,3,1,0,0,5,1,party wiped
587,12931,1,Normal,28,2,2,2,0,27,27,0,0,10,0,1,1,0,5,3,15,3,3,0,0,56,0,12,0,1,1,3,1,floor1_town
587,12931,2,Normal,16,2,2,1,0,27,0,0,0,5,0,1,1,2,3,3,15,0,0,0,0,51,27,12,1,0,0,3,1,party wiped
588,12932,1,Normal,36,3,3,3,0,27,27,0,0,15,0,1,1,2,9,4,15,3,3,0,0,84,0,20,0,1,1,4,1,floor1_town
588,12932,2,Normal,28,3,3,3,0,27,27,0,0,15,0,1,1,4,3,1,13,0,2,0,0,84,0,14,0,1,1,4,1,
588,12932,3,Normal,28,3,3,3,0,27,27,0,0,10,0,1,1,2,0,2,11,0,0,0,0,78,0,11,0,1,1,4,1,
588,12932,4,Normal,30,4,4,3,0,27,0,0,0,15,0,1,1,3,0,0,8,0,0,0,0,107,27,9,1,0,0,4,1,party wiped
589,12933,1,Normal,29,2,2,2,0,27,27,0,0,10,0,1,1,1,5,0,15,3,3,0,0,56,0,10,0,1,1,3,1,floor1_town
589,12933,2,Normal,33,2,2,2,0,27,27,0,0,10,0,1,1,1,3,3,14,0,0,0,0,56,0,10,0,1,1,3,1,
589,12933,3,Normal,24,3,3,2,0,27,0,0,0,5,0,1,1,4,0,0,11,0,0,0,0,59,27,14,1,0,0,3,1,party wiped
590,12934,1,Normal,37,6,6,6,0,27,27,0,0,30,0,1,1,4,12,2,15,3,3,0,0,168,0,31,0,1,1,7,1,floor1_town
590,12934,2,Normal,21,4,4,3,0,27,0,0,0,15,0,1,1,2,3,3,13,0,0,0,0,84,27,15,1,0,0,7,1,party wiped
591,12935,1,Normal,29,4,4,4,0,27,27,0,0,20,0,1,1,5,10,2,15,3,3,0,0,112,0,26,0,1,1,5,1,floor1_town
591,12935,2,Normal,35,2,2,1,0,27,0,0,0,5,0,1,1,1,3,3,16,0,0,0,0,37,27,12,1,0,0,5,1,party wiped
592,12936,1,Normal,38,1,1,1,0,27,27,0,0,5,0,1,1,1,1,0,15,3,3,0,0,28,0,4,0,1,1,2,1,floor1_town
592,12936,2,Normal,31,2,2,2,0,27,27,0,0,10,0,1,1,2,3,3,13,0,0,0,0,56,0,12,0,1,1,2,1,
592,12936,3,Normal,30,3,3,3,0,27,11,0,0,0,0,1,1,1,0,0,13,0,0,0,0,66,16,8,0,1,1,2,1,
592,12936,4,Normal,20,1,1,0,0,11,0,0,0,0,0,1,1,0,0,0,13,0,0,0,0,9,11,1,1,0,0,2,1,party wiped
593,12937,1,Normal,30,3,3,3,0,27,27,0,0,15,0,1,1,3,7,3,15,3,3,0,0,84,0,21,0,1,1,4,1,floor1_town
593,12937,2,Normal,33,3,3,3,0,27,27,0,0,15,0,1,1,2,3,3,15,0,0,0,0,84,0,19,0,1,1,4,1,
593,12937,3,Normal,32,3,3,3,0,27,21,0,0,5,0,1,1,4,0,0,12,0,0,0,0,72,6,11,0,1,1,4,1,
593,12937,4,Normal,6,2,2,1,0,21,0,0,0,5,0,1,1,3,0,0,9,0,0,0,0,37,21,8,1,0,0,4,1,party wiped
594,12938,1,Normal,38,2,2,2,0,27,27,0,0,10,0,1,1,1,4,0,15,3,3,0,0,56,0,10,0,1,1,3,1,floor1_town
594,12938,2,Normal,25,4,4,4,0,27,15,0,0,20,0,1,1,5,3,3,12,0,0,0,0,112,12,19,0,1,1,3,1,
594,12938,3,Normal,34,5,5,5,0,15,11,0,0,10,0,1,1,7,0,0,7,0,0,0,0,122,4,19,0,1,1,3,1,
594,12938,4,Normal,25,3,3,2,0,11,0,0,0,10,0,1,1,3,0,0,5,0,0,0,0,65,11,10,1,0,0,3,1,party wiped
595,12939,1,Normal,31,3,3,3,0,27,27,0,0,15,0,1,1,2,8,1,15,3,3,0,0,84,0,16,0,1,1,4,1,floor1_town
595,12939,2,Normal,31,1,1,1,0,27,27,0,0,5,0,1,1,2,2,0,15,1,3,0,0,28,0,6,0,1,1,4,1,
595,12939,3,Normal,30,4,4,4,0,27,27,0,0,20,0,1,1,6,1,3,11,0,0,0,0,112,0,16,0,1,1,4,1,
595,12939,4,Normal,4,1,1,0,0,27,0,0,0,0,0,1,1,1,0,0,11,0,0,0,0,23,27,4,1,0,0,4,1,party wiped
596,12940,1,Normal,39,4,4,4,0,27,27,0,0,20,0,1,1,3,9,1,15,3,3,0,0,112,0,18,0,1,1,5,1,floor1_town
596,12940,2,Normal,38,5,5,5,0,27,18,0,0,25,0,1,1,4,3,3,11,0,0,0,0,140,9,23,0,1,1,5,1,
596,12940,3,Normal,23,2,2,1,0,18,0,0,0,0,0,1,1,3,0,0,9,0,0,0,0,47,18,9,1,0,0,5,1,party wiped
597,12941,1,Normal,31,4,4,4,0,27,27,0,0,20,0,1,1,5,9,3,15,3,3,0,0,112,0,25,0,1,1,5,1,floor1_town
597,12941,2,Normal,37,4,4,4,0,27,27,0,0,20,0,1,1,13,3,3,3,0,0,0,0,112,0,33,0,1,1,5,1,
597,12941,3,Normal,25,0,0,0,0,27,27,0,0,0,0,1,1,0,0,0,3,0,0,0,0,0,0,0,0,1,1,5,0,
597,12941,4,Normal,10,2,2,1,0,27,0,0,0,5,0,1,1,3,0,0,0,0,0,0,0,51,27,9,1,0,0,5,1,party wiped
598,12942,1,Normal,40,4,4,4,0,27,27,0,0,20,0,1,1,4,11,9,15,3,3,0,0,112,24,39,0,1,1,5,1,floor1_town
598,12942,2,Normal,28,4,4,4,0,27,15,0,0,20,0,1,1,2,3,3,13,0,0,0,0,112,12,19,0,1,1,5,1,
598,12942,3,Normal,38,4,4,4,0,15,27,0,0,5,0,1,1,5,0,0,10,0,0,0,0,94,-12,17,0,1,1,5,1,
598,12942,4,Normal,12,2,2,1,0,27,0,0,0,5,0,1,1,1,0,0,9,0,0,0,0,51,27,9,1,0,0,5,1,party wiped
599,12943,1,Normal,32,4,4,4,0,27,27,0,0,20,0,1,1,6,6,1,15,3,3,0,0,112,0,22,0,1,1,5,1,floor1_town
599,12943,2,Normal,24,4,4,3,0,27,0,0,0,15,0,1,1,7,3,3,9,0,0,0,0,111,27,24,1,0,0,5,1,party wiped
600,12944,1,Normal,40,5,5,5,0,27,27,0,0,25,0,1,1,5,10,4,15,3,3,0,0,140,0,32,0,1,1,6,1,floor1_town
600,12944,2,Normal,16,3,3,2,0,27,0,0,0,10,0,1,1,0,3,3,16,0,0,0,0,65,27,12,1,0,0,6,1,party wiped
601,12945,1,Normal,33,4,4,4,0,27,27,0,0,20,0,1,1,1,7,0,15,3,3,0,0,112,0,16,0,1,1,5,1,floor1_town
601,12945,2,Normal,35,4,4,3,0,27,0,0,0,15,0,1,1,4,3,3,11,0,0,0,0,93,27,22,1,0,0,5,1,party wiped
602,12946,1,Normal,25,4,4,4,0,27,27,0,0,20,0,1,1,4,6,0,15,3,3,0,0,112,0,18,0,1,1,5,1,floor1_town
602,12946,2,Normal,32,4,4,4,0,27,15,0,0,20,0,1,1,5,3,3,11,0,0,0,0,112,12,21,0,1,1,5,1,
602,12946,3,Normal,25,3,3,3,0,15,15,0,0,5,0,1,1,2,0,0,9,0,0,0,0,72,0,10,0,1,1,5,1,
602,12946,4,Normal,13,1,1,0,0,15,0,0,0,0,0,1,1,1,0,0,9,0,0,0,0,0,15,3,1,0,0,5,1,party wiped
603,12947,1,Normal,34,5,5,5,0,27,27,0,0,25,0,1,1,4,12,5,15,3,3,0,0,140,0,29,0,1,1,6,1,floor1_town
603,12947,2,Normal,39,3,3,3,0,27,15,0,0,15,0,1,1,2,3,3,15,0,0,0,0,84,12,15,0,1,1,6,1,
603,12947,3,Normal,24,3,3,2,0,15,0,0,0,5,0,1,1,2,0,0,15,0,0,0,0,50,15,11,1,0,0,6,1,party wiped
604,12948,1,Normal,26,3,3,3,0,27,27,0,0,15,0,1,1,3,7,1,15,3,3,0,0,84,0,18,0,1,1,4,1,floor1_town
604,12948,2,Normal,26,4,4,4,0,27,27,0,0,20,0,1,1,6,3,3,11,0,0,0,0,112,0,23,0,1,1,4,1,
604,12948,3,Normal,19,4,4,3,0,27,0,0,0,10,0,1,1,5,0,0,6,0,0,0,0,103,27,21,1,0,0,4,1,party wiped
605,12949,1,Normal,34,3,3,3,0,27,27,0,0,15,0,1,1,7,7,0,15,3,3,0,0,84,0,22,0,1,1,4,1,floor1_town
605,12949,2,Normal,34,5,5,4,0,27,0,0,0,20,0,1,1,2,3,3,14,0,0,0,0,126,27,19,1,0,0,4,1,party wiped
606,12950,1,Normal,25,4,4,3,0,27,0,0,0,15,0,1,1,5,10,3,14,0,0,0,0,98,27,31,1,0,0,4,1,floor1_town; party wiped
607,12951,1,Normal,35,1,1,1,0,27,27,0,0,5,0,1,1,1,3,2,15,3,3,0,0,28,0,8,0,1,1,2,1,floor1_town
607,12951,2,Normal,34,3,3,3,0,27,27,0,0,15,0,1,1,6,3,2,9,0,1,0,0,84,0,16,0,1,1,2,1,
607,12951,3,Normal,27,3,3,2,0,27,0,0,0,5,0,1,1,2,0,1,8,0,0,0,0,73,27,8,1,0,0,2,1,party wiped
608,12952,1,Normal,27,4,4,4,0,27,27,0,0,20,0,1,1,6,10,1,15,3,3,0,0,112,0,28,0,1,1,5,1,floor1_town
608,12952,2,Normal,18,2,2,1,0,27,0,0,0,5,0,1,1,1,3,3,14,0,0,0,0,51,27,13,1,0,0,5,1,party wiped
609,12953,1,Normal,36,5,5,5,0,27,27,0,0,25,0,1,1,5,13,3,15,3,3,0,0,140,9,32,0,1,1,6,1,floor1_town
609,12953,2,Normal,26,1,1,1,0,27,27,0,0,5,0,1,1,0,3,1,16,0,2,0,0,28,0,9,0,1,1,6,1,
609,12953,3,Normal,18,2,2,1,0,27,0,0,0,0,0,1,1,1,0,2,15,0,0,0,0,36,27,8,1,0,0,6,1,party wiped
610,12954,1,Normal,28,1,1,1,0,27,27,0,0,5,0,1,1,1,3,0,15,3,3,0,0,28,0,5,0,1,1,2,1,floor1_town
610,12954,2,Normal,27,2,2,2,0,27,27,0,0,10,0,1,1,2,3,0,14,0,3,0,0,56,0,8,0,1,1,2,1,
610,12954,3,Normal,25,1,1,1,0,27,27,0,0,0,0,1,1,0,0,2,15,0,1,0,0,22,0,4,0,1,1,2,1,
610,12954,4,Normal,25,3,3,3,0,27,27,0,0,15,0,1,1,4,0,1,11,0,0,0,0,84,0,15,0,1,1,2,1,
610,12954,5,Normal,35,4,4,4,0,27,15,0,0,20,0,1,1,7,0,0,6,0,0,0,0,112,12,25,0,1,1,2,1,
610,12954,6,Normal,15,3,3,2,0,15,0,0,0,10,0,1,1,3,0,0,3,0,0,0,0,65,15,14,1,0,0,2,1,party wiped
611,12955,1,Normal,36,4,4,4,0,27,27,0,0,20,0,1,1,3,10,1,15,3,3,0,0,112,0,23,0,1,1,5,1,floor1_town
611,12955,2,Normal,30,3,3,3,0,27,15,0,0,15,0,1,1,1,3,3,14,0,0,0,0,84,12,14,0,1,1,5,1,
611,12955,3,Normal,16,2,2,1,0,15,0,0,0,0,0,1,1,1,0,0,15,0,0,0,0,31,15,5,1,0,0,5,1,party wiped
612,12956,1,Normal,29,3,3,3,0,27,27,0,0,15,0,1,1,2,5,2,15,3,3,0,0,84,0,14,0,1,1,4,1,floor1_town
612,12956,2,Normal,15,2,2,1,0,27,0,0,0,5,0,1,1,3,3,3,12,0,0,0,0,55,27,17,1,0,0,4,1,party wiped
613,12957,1,Normal,37,3,3,3,0,27,27,0,0,15,0,1,1,1,5,2,15,3,3,0,0,84,0,14,0,1,1,4,1,floor1_town
613,12957,2,Normal,25,4,4,4,0,27,27,0,0,20,0,1,1,6,3,3,11,0,0,0,0,112,0,20,0,1,1,4,1,
613,12957,3,Normal,31,3,3,3,0,27,27,0,0,0,0,1,1,2,0,0,11,0,0,0,0,66,0,9,0,1,1,4,1,
613,12957,4,Normal,1,1,1,0,0,27,0,0,0,0,0,1,1,1,0,0,10,0,0,0,0,14,27,4,1,0,0,4,1,party wiped
614,12958,1,Normal,30,3,3,3,0,27,27,0,0,15,0,1,1,4,7,6,15,3,3,0,0,84,21,26,0,1,1,4,1,floor1_town
614,12958,2,Normal,30,4,4,4,0,27,15,0,0,20,0,1,1,2,3,3,13,0,0,0,0,112,12,21,0,1,1,4,1,
614,12958,3,Normal,37,4,4,4,0,15,15,0,0,20,0,1,1,5,0,0,9,0,0,0,0,112,0,17,0,1,1,4,1,
614,12958,4,Normal,19,2,2,1,0,15,0,0,0,5,0,1,1,3,0,0,8,0,0,0,0,28,15,8,1,0,0,4,1,party wiped
615,12959,1,Normal,38,4,4,4,0,27,27,0,0,20,0,1,1,7,10,7,15,3,3,0,0,112,0,32,0,1,1,5,1,floor1_town
615,12959,2,Normal,28,5,5,5,0,27,27,0,0,25,0,1,1,5,3,3,11,0,0,0,0,140,0,21,0,1,1,5,1,
615,12959,3,Normal,10,3,3,2,0,27,0,0,0,0,0,1,1,1,0,0,12,0,0,0,0,58,27,8,1,0,0,5,1,party wiped
616,12960,1,Normal,30,2,2,2,0,27,27,0,0,10,0,1,1,0,5,0,15,3,3,0,0,56,0,9,0,1,1,3,1,floor1_town
616,12960,2,Normal,8,2,2,1,0,27,0,0,0,5,0,1,1,2,3,3,15,0,0,0,0,37,27,16,1,0,0,3,1,party wiped
617,12961,1,Normal,39,4,4,4,0,27,27,0,0,20,0,1,1,6,5,0,15,3,3,0,0,112,0,19,0,1,1,5,1,floor1_town
617,12961,2,Normal,29,3,3,3,0,27,27,0,0,15,0,1,1,1,3,3,14,0,0,0,0,84,0,14,0,1,1,5,1,
617,12961,3,Normal,1,1,1,0,0,27,0,0,0,0,0,1,1,0,0,0,14,0,0,0,0,0,27,2,1,0,0,5,1,party wiped
618,12962,1,Normal,31,5,5,5,0,27,27,0,0,25,0,1,1,4,9,3,15,3,3,0,0,140,0,26,0,1,1,6,1,floor1_town
618,12962,2,Normal,29,3,3,3,0,27,27,0,0,15,0,1,1,5,3,2,10,0,1,0,0,84,0,16,0,1,1,6,1,
618,12962,3,Normal,27,2,2,2,0,27,11,0,0,0,0,1,1,0,0,1,10,0,0,0,0,44,16,6,0,1,1,6,1,
618,12962,4,Normal,9,1,1,0,0,11,0,0,0,0,0,1,1,0,0,0,11,0,0,0,0,0,11,1,1,0,0,6,1,party wiped
619,12963,1,Normal,39,3,3,3,0,27,27,0,0,15,0,1,1,4,3,0,15,3,3,0,0,84,0,16,0,1,1,4,1,floor1_town
619,12963,2,Normal,29,4,4,3,0,27,0,0,0,15,0,1,1,4,3,3,11,0,0,0,0,102,27,20,1,0,0,4,1,party wiped
620,12964,1,Normal,32,0,0,0,0,27,27,0,0,0,0,1,1,0,0,0,15,3,3,0,0,0,0,0,0,1,1,1,0,floor1_town
620,12964,2,Normal,28,2,2,2,0,27,27,0,0,10,0,1,1,4,3,1,11,0,2,0,0,56,0,11,0,1,1,1,1,
620,12964,3,Normal,29,4,4,3,0,27,0,0,0,10,0,1,1,3,0,2,10,0,0,0,0,92,27,14,1,0,0,1,1,party wiped
621,12965,1,Normal,40,4,4,4,0,27,27,0,0,20,0,1,1,2,9,3,15,3,3,0,0,112,0,23,0,1,1,5,1,floor1_town
621,12965,2,Normal,31,2,2,2,0,27,27,0,0,10,0,1,1,2,3,3,13,0,0,0,0,56,0,12,0,1,1,5,1,
621,12965,3,Normal,31,4,4,4,0,27,27,0,0,20,0,1,1,6,0,0,9,0,0,0,0,112,0,16,0,1,1,5,1,
621,12965,4,Normal,15,2,2,1,0,27,0,0,0,5,0,1,1,0,0,0,10,0,0,0,0,49,27,5,1,0,0,5,1,party wiped
622,12966,1,Normal,32,3,3,3,0,27,27,0,0,15,0,1,1,0,6,0,15,3,3,0,0,84,0,11,0,1,1,4,1,floor1_town
622,12966,2,Normal,36,4,4,3,0,27,0,0,0,15,0,1,1,6,3,3,9,0,0,0,0,98,27,23,1,0,0,4,1,party wiped
623,12967,1,Normal,25,1,1,1,0,27,27,0,0,5,0,1,1,0,2,0,15,3,3,0,0,28,0,4,0,1,1,2,1,floor1_town
623,12967,2,Normal,31,4,4,3,0,27,0,0,0,15,0,1,1,3,3,3,14,0,0,0,0,100,27,17,1,0,0,2,1,party wiped
624,12968,1,Normal,33,6,6,6,0,27,27,0,0,30,0,1,1,5,15,0,15,3,3,0,0,168,0,32,0,1,1,7,1,floor1_town
624,12968,2,Normal,30,2,2,2,0,27,27,0,0,10,0,1,1,0,3,3,17,0,0,0,0,56,0,9,0,1,1,7,1,
624,12968,3,Normal,37,2,2,2,0,27,15,0,0,10,0,1,1,1,0,0,16,0,0,0,0,56,12,7,0,1,1,7,1,
624,12968,4,Normal,3,1,1,0,0,15,0,0,0,0,0,1,1,0,0,0,16,0,0,0,0,18,15,3,1,0,0,7,1,party wiped
625,12969,1,Normal,25,2,2,2,0,27,27,0,0,10,0,1,1,2,5,0,15,3,3,0,0,56,0,12,0,1,1,3,1,floor1_town
625,12969,2,Normal,34,3,3,3,0,27,15,0,0,15,0,1,1,3,3,3,13,0,0,0,0,84,12,16,0,1,1,3,1,
625,12969,3,Normal,7,1,1,0,0,15,0,0,0,0,0,1,1,1,0,0,12,0,0,0,0,0,15,4,1,0,0,3,1,party wiped
626,12970,1,Normal,34,5,5,5,0,27,27,0,0,25,0,1,1,5,8,1,15,3,3,0,0,140,0,25,0,1,1,6,1,floor1_town
626,12970,2,Normal,34,4,4,4,0,27,15,0,0,20,0,1,1,4,3,3,11,0,0,0,0,112,12,19,0,1,1,6,1,
626,12970,3,Normal,13,1,1,0,0,15,0,0,0,0,0,1,1,0,0,0,11,0,0,0,0,0,15,1,1,0,0,6,1,party wiped
627,12971,1,Normal,26,0,0,0,0,27,27,0,0,0,0,1,1,0,0,0,15,3,3,0,0,0,0,0,0,1,1,1,0,floor1_town
627,12971,2,Normal,29,3,3,2,0,27,0,0,0,10,0,1,1,0,3,3,15,0,0,0,0,56,27,12,1,0,0,1,1,party wiped
628,12972,1,Normal,35,6,6,6,0,27,27,0,0,30,0,1,1,7,12,5,15,3,3,0,0,168,0,36,0,1,1,7,1,floor1_town
628,12972,2,Normal,25,3,3,2,0,27,0,0,0,10,0,1,1,2,3,3,13,0,0,0,0,70,27,13,1,0,0,7,1,party wiped
629,12973,1,Normal,27,3,3,3,0,27,27,0,0,15,0,1,1,1,6,3,15,3,3,0,0,84,12,16,0,1,1,4,1,floor1_town
629,12973,2,Normal,27,3,3,3,0,27,27,0,0,15,0,1,1,5,3,3,12,0,0,0,0,84,0,21,0,1,1,4,1,
629,12973,3,Normal,1,1,1,0,0,27,0,0,0,0,0,1,1,0,0,0,14,0,0,0,0,9,27,2,1,0,0,4,1,party wiped
630,12974,1,Normal,35,3,3,3,0,27,27,0,0,15,0,1,1,2,4,0,15,3,3,0,0,84,0,13,0,1,1,4,1,floor1_town
630,12974,2,Normal,26,1,1,1,0,27,27,0,0,5,0,1,1,0,3,1,15,0,2,0,0,28,0,5,0,1,1,4,1,
630,12974,3,Normal,37,5,5,5,0,27,15,0,0,15,0,1,1,9,0,2,6,0,0,0,0,128,12,33,0,1,1,4,1,
630,12974,4,Normal,4,1,1,0,0,15,0,0,0,0,0,1,1,0,0,0,8,0,0,0,0,9,15,1,1,0,0,4,1,party wiped
631,12975,1,Normal,28,4,4,4,0,27,27,0,0,20,0,1,1,6,10,1,15,3,3,0,0,112,0,27,0,1,1,5,1,floor1_town
631,12975,2,Normal,26,3,3,3,0,27,27,0,0,15,0,1,1,2,3,1,15,0,2,0,0,84,0,13,0,1,1,5,1,
631,12975,3,Normal,29,2,2,2,0,27,15,0,0,5,0,1,1,2,0,2,15,0,0,0,0,50,12,9,0,1,1,5,1,
631,12975,4,Normal,30,1,1,1,0,15,15,0,0,5,0,1,1,2,0,0,14,0,0,0,0,28,0,6,0,1,1,5,1,
631,12975,5,Normal,33,3,3,3,0,15,27,0,0,15,0,1,1,4,0,0,10,0,0,0,0,84,-12,12,0,1,1,5,1,
631,12975,6,Normal,25,4,4,3,0,27,0,0,0,15,0,1,1,8,0,0,2,0,0,0,0,84,27,22,1,0,0,5,1,party wiped
632,12976,1,Normal,36,4,4,4,0,27,27,0,0,20,0,1,1,4,8,3,15,3,3,0,0,112,0,25,0,1,1,5,1,floor1_town
632,12976,2,Normal,24,3,3,2,0,27,0,0,0,10,0,1,1,2,3,3,14,0,0,0,0,79,27,12,1,0,0,5,1,party wiped
633,12977,1,Normal,28,2,2,2,0,27,27,0,0,10,0,1,1,2,1,0,15,3,3,0,0,56,0,6,0,1,1,3,1,floor1_town
633,12977,2,Normal,26,3,3,2,0,27,0,0,0,10,0,1,1,2,3,3,14,0,0,0,0,65,27,16,1,0,0,3,1,party wiped
634,12978,1,Normal,37,4,4,4,0,27,27,0,0,20,0,1,1,4,11,4,15,3,3,0,0,112,0,30,0,1,1,5,1,floor1_town
634,12978,2,Normal,31,5,5,4,0,27,0,0,0,20,0,1,1,8,3,3,9,0,0,0,0,112,27,26,1,0,0,5,1,party wiped
635,12979,1,Normal,29,4,4,4,0,27,27,0,0,20,0,1,1,2,8,3,15,3,3,0,0,112,12,21,0,1,1,5,1,floor1_town
635,12979,2,Normal,19,4,4,3,0,27,0,0,0,15,0,1,1,7,3,3,8,0,0,0,0,98,27,23,1,0,0,5,1,party wiped
636,12980,1,Normal,37,5,5,5,0,27,27,0,0,25,0,1,1,5,4,0,15,3,3,0,0,140,0,20,0,1,1,6,1,floor1_town
636,12980,2,Normal,39,5,5,5,0,27,27,0,0,25,0,1,1,5,3,3,11,0,0,0,0,140,0,28,0,1,1,6,1,
636,12980,3,Normal,9,1,1,0,0,27,0,0,0,0,0,1,1,0,0,0,11,0,0,0,0,23,27,3,1,0,0,6,1,party wiped
637,12981,1,Normal,30,4,4,4,0,27,27,0,0,20,0,1,1,4,10,3,15,3,3,0,0,112,0,27,0,1,1,5,1,floor1_town
637,12981,2,Normal,38,4,4,4,0,27,15,0,0,20,0,1,1,6,3,3,11,0,0,0,0,112,12,21,0,1,1,5,1,
637,12981,3,Normal,8,1,1,0,0,15,0,0,0,0,0,1,1,2,0,0,10,0,0,0,0,27,15,6,1,0,0,5,1,party wiped
638,12982,1,Normal,38,6,6,6,0,27,27,0,0,30,0,1,1,1,9,0,15,3,3,0,0,168,0,19,0,1,1,7,1,floor1_town
638,12982,2,Normal,32,5,5,5,0,27,15,0,0,25,0,1,1,9,3,3,7,0,0,0,0,140,12,31,0,1,1,7,1,
638,12982,3,Normal,35,4,4,4,0,15,27,0,0,5,0,1,1,6,0,0,3,0,0,0,0,94,-12,17,0,1,1,7,1,
638,12982,4,Normal,4,1,1,0,0,27,0,0,0,0,0,1,1,0,0,0,3,0,0,0,0,0,27,2,1,0,0,7,1,party wiped
639,12983,1,Normal,30,3,3,3,0,27,27,0,0,15,0,1,1,2,4,2,15,3,3,0,0,84,0,15,0,1,1,4,1,floor1_town
639,12983,2,Normal,26,2,2,2,0,27,27,0,0,10,0,1,1,1,3,2,14,0,1,0,0,56,0,11,0,1,1,4,1,
639,12983,3,Normal,9,2,2,1,0,27,0,0,0,0,0,1,1,1,0,1,15,0,0,0,0,22,27,7,1,0,0,4,1,party wiped
640,12984,1,Normal,39,2,2,2,0,27,27,0,0,10,0,1,1,3,2,0,15,3,3,0,0,56,0,8,0,1,1,3,1,floor1_town
640,12984,2,Normal,36,2,2,2,0,27,27,0,0,10,0,1,1,1,3,3,16,0,0,0,0,56,0,11,0,1,1,3,1,
640,12984,3,Normal,11,2,2,1,0,27,0,0,0,0,0,1,1,2,0,0,15,0,0,0,0,47,27,9,1,0,0,3,1,party wiped
641,12985,1,Normal,31,3,3,3,0,27,27,0,0,15,0,1,1,9,8,4,15,3,3,0,0,84,12,30,0,1,1,4,1,floor1_town
641,12985,2,Normal,33,5,5,4,0,27,0,0,0,20,0,1,1,5,3,3,12,0,0,0,0,121,27,26,1,0,0,4,1,party wiped
642,12986,1,Normal,40,2,2,2,0,27,27,0,0,10,0,1,1,1,3,0,15,3,3,0,0,56,0,8,0,1,1,3,1,floor1_town
642,12986,2,Normal,31,5,5,4,0,27,0,0,0,20,0,1,1,4,3,3,12,0,0,0,0,121,27,21,1,0,0,3,1,party wiped
643,12987,1,Normal,32,2,2,2,0,27,27,0,0,10,0,1,1,1,6,2,15,3,3,0,0,56,0,16,0,1,1,3,1,floor1_town
643,12987,2,Normal,26,3,3,3,0,27,27,0,0,15,0,1,1,4,3,3,12,0,0,0,0,84,0,16,0,1,1,3,1,
643,12987,3,Normal,12,1,1,0,0,27,0,0,0,0,0,1,1,1,0,0,12,0,0,0,0,21,27,5,1,0,0,3,1,party wiped
644,12988,1,Normal,40,4,4,4,0,27,27,0,0,20,0,1,1,7,9,1,15,3,3,0,0,112,0,25,0,1,1,5,1,floor1_town
644,12988,2,Normal,21,3,3,2,0,27,0,0,0,10,0,1,1,5,3,3,11,0,0,0,0,74,27,22,1,0,0,5,1,party wiped
645,12989,1,Normal,33,2,2,2,0,27,27,0,0,10,0,1,1,2,3,0,15,3,3,0,0,56,0,8,0,1,1,3,1,floor1_town
645,12989,2,Normal,31,4,4,4,0,27,27,0,0,20,0,1,1,6,3,3,9,0,0,0,0,112,0,21,0,1,1,3,1,
645,12989,3,Normal,14,2,2,1,0,27,0,0,0,0,0,1,1,2,0,0,9,0,0,0,0,49,27,6,1,0,0,3,1,party wiped
646,12990,1,Normal,25,4,4,4,0,27,27,0,0,20,0,1,1,6,11,1,15,3,3,0,0,112,0,23,0,1,1,5,1,floor1_town
646,12990,2,Normal,28,3,3,3,0,27,15,0,0,15,0,1,1,3,3,3,14,0,0,0,0,84,12,17,0,1,1,5,1,
646,12990,3,Normal,14,1,1,0,0,15,0,0,0,0,0,1,1,0,0,0,15,0,0,0,0,9,15,1,1,0,0,5,1,party wiped
647,12991,1,Normal,33,3,3,3,0,27,27,0,0,15,0,1,1,4,5,0,15,3,3,0,0,84,0,16,0,1,1,4,1,floor1_town
647,12991,2,Normal,26,3,3,3,0,27,15,0,0,15,0,1,1,4,3,3,13,0,0,0,0,84,12,17,0,1,1,4,1,
647,12991,3,Normal,3,1,1,0,0,15,0,0,0,0,0,1,1,2,0,0,12,0,0,0,0,18,15,6,1,0,0,4,1,party wiped
648,12992,1,Normal,26,1,1,1,0,27,27,0,0,5,0,1,1,0,1,0,15,3,3,0,0,28,0,3,0,1,1,2,1,floor1_town
648,12992,2,Normal,29,2,2,1,0,27,0,0,0,5,0,1,1,0,3,3,17,0,0,0,0,37,27,11,1,0,0,2,1,party wiped
649,12993,1,Normal,34,3,3,3,0,27,27,0,0,15,0,1,1,1,4,0,15,3,3,0,0,84,0,9,0,1,1,4,1,floor1_town
649,12993,2,Normal,13,3,3,2,0,27,0,0,0,10,0,1,1,1,3,3,15,0,0,0,0,65,27,11,1,0,0,4,1,party wiped
650,12994,1,Normal,26,3,3,3,0,27,27,0,0,15,0,1,1,3,5,0,15,3,3,0,0,84,0,14,0,1,1,4,1,floor1_town
650,12994,2,Normal,23,3,3,2,0,27,0,0,0,10,0,1,1,0,3,3,16,0,0,0,0,65,27,13,1,0,0,4,1,party wiped
651,12995,1,Normal,35,5,5,5,0,27,27,0,0,25,0,1,1,6,11,3,15,3,3,0,0,140,0,32,0,1,1,6,1,floor1_town
651,12995,2,Normal,36,3,3,3,0,27,27,0,0,15,0,1,1,2,3,3,13,0,0,0,0,84,0,13,0,1,1,6,1,
651,12995,3,Normal,8,1,1,0,0,27,0,0,0,0,0,1,1,0,0,0,15,0,0,0,0,9,27,2,1,0,0,6,1,party wiped
652,12996,1,Normal,27,2,2,2,0,27,27,0,0,10,0,1,1,1,6,2,15,3,3,0,0,56,0,14,0,1,1,3,1,floor1_town
652,12996,2,Normal,39,4,4,4,0,27,15,0,0,20,0,1,1,4,3,3,12,0,0,0,0,112,12,20,0,1,1,3,1,
652,12996,3,Normal,36,3,3,3,0,15,19,0,0,0,0,1,1,5,0,0,7,0,0,0,0,66,-4,14,0,1,1,3,1,
652,12996,4,Normal,2,1,1,0,0,19,0,0,0,0,0,1,1,2,0,0,7,0,0,0,0,0,19,4,1,0,0,3,1,party wiped
653,12997,1,Normal,36,3,3,3,0,27,27,0,0,15,0,1,1,1,4,0,15,3,3,0,0,84,0,14,0,1,1,4,1,floor1_town
653,12997,2,Normal,33,5,5,5,0,27,27,0,0,25,0,1,1,7,3,3,10,0,0,0,0,140,0,33,0,1,1,4,1,
653,12997,3,Normal,31,3,3,3,0,27,27,0,0,10,0,1,1,7,0,0,5,0,0,0,0,78,0,24,0,1,1,4,1,
653,12997,4,Normal,21,2,2,1,0,27,0,0,0,5,0,1,1,0,0,0,5,0,0,0,0,42,27,4,1,0,0,4,1,party wiped
654,12998,1,Normal,28,3,3,3,0,27,27,0,0,15,0,1,1,2,5,0,15,3,3,0,0,84,0,13,0,1,1,4,1,floor1_town
654,12998,2,Normal,38,3,3,2,0,27,0,0,0,10,0,1,1,3,3,3,12,0,0,0,0,81,27,16,1,0,0,4,1,party wiped
655,12999,1,Normal,36,3,3,3,0,27,27,0,0,15,0,1,1,5,7,3,15,3,3,0,0,84,0,24,0,1,1,4,1,floor1_town
655,12999,2,Normal,25,2,2,2,0,27,27,0,0,10,0,1,1,1,3,2,14,0,1,0,0,56,0,11,0,1,1,4,1,
655,12999,3,Normal,10,1,1,0,0,27,0,0,0,0,0,1,1,1,0,1,15,0,0,0,0,23,27,4,1,0,0,4,1,party wiped
656,13000,1,Normal,29,2,2,2,0,27,27,0,0,10,0,1,1,2,4,0,15,3,3,0,0,56,0,14,0,1,1,3,1,floor1_town
656,13000,2,Normal,31,2,2,2,0,27,27,0,0,10,0,1,1,1,3,3,14,0,0,0,0,56,0,10,0,1,1,3,1,
656,13000,3,Normal,10,1,1,0,0,27,0,0,0,0,0,1,1,0,0,0,15,0,0,0,0,0,27,3,1,0,0,3,1,party wiped
657,13001,1,Normal,37,5,5,5,0,27,27,0,0,25,0,1,1,3,9,0,15,3,3,0,0,140,0,22,0,1,1,6,1,floor1_town
657,13001,2,Normal,31,3,3,2,0,27,0,0,0,10,0,1,1,3,3,3,13,0,0,0,0,79,27,18,1,0,0,6,1,party wiped
658,13002,1,Normal,29,2,2,2,0,27,27,0,0,10,0,1,1,3,5,2,15,3,3,0,0,56,0,14,0,1,1,3,1,floor1_town
658,13002,2,Normal,22,4,4,3,0,27,0,0,0,15,0,1,1,6,3,3,10,0,0,0,0,84,27,22,1,0,0,3,1,party wiped
659,13003,1,Normal,38,3,3,3,0,27,27,0,0,15,0,1,1,6,6,3,15,3,3,0,0,84,0,20,0,1,1,4,1,floor1_town
659,13003,2,Normal,25,4,4,4,0,27,27,0,0,20,0,1,1,9,3,3,8,0,0,0,0,112,0,25,0,1,1,4,1,
659,13003,3,Normal,25,3,3,3,0,27,27,0,0,5,0,1,1,3,0,0,6,0,0,0,0,72,0,12,0,1,1,4,1,
659,13003,4,Normal,24,1,1,0,0,27,0,0,0,0,0,1,1,4,0,0,2,0,0,0,0,14,27,8,1,0,0,4,1,party wiped
660,13004,1,Normal,30,1,1,1,0,27,27,0,0,5,0,1,1,0,3,1,15,3,3,0,0,28,0,6,0,1,1,2,1,floor1_town
660,13004,2,Normal,38,5,5,5,0,27,15,0,0,25,0,1,1,3,3,3,13,0,0,0,0,140,12,28,0,1,1,2,1,
660,13004,3,Normal,2,1,1,0,0,15,0,0,0,0,0,1,1,0,0,0,13,0,0,0,0,0,15,1,1,0,0,2,1,party wiped
661,13005,1,Normal,38,5,5,5,0,27,27,0,0,25,0,1,1,4,13,1,15,3,3,0,0,140,0,28,0,1,1,6,1,floor1_town
661,13005,2,Normal,37,6,6,5,0,27,0,0,0,25,0,1,1,9,3,3,6,0,0,0,0,167,27,33,1,0,0,6,1,party wiped
662,13006,1,Normal,31,4,4,4,0,27,27,0,0,20,0,1,1,5,11,3,15,3,3,0,0,112,0,27,0,1,1,5,1,floor1_town
662,13006,2,Normal,29,1,1,1,0,27,27,0,0,5,0,1,1,1,1,0,16,2,3,0,0,28,0,4,0,1,1,5,1,
662,13006,3,Normal,29,4,4,4,0,27,27,0,0,15,0,1,1,5,2,2,13,0,1,0,0,106,0,15,0,1,1,5,1,
662,13006,4,Normal,11,3,3,2,0,27,0,0,0,10,0,1,1,1,0,1,12,0,0,0,0,79,27,10,1,0,0,5,1,party wiped
663,13007,1,Normal,39,4,4,4,0,27,27,0,0,20,0,1,1,5,10,3,15,3,3,0,0,112,0,24,0,1,1,5,1,floor1_town
663,13007,2,Normal,36,3,3,3,0,27,27,0,0,15,0,1,1,1,3,2,16,0,1,0,0,84,0,10,0,1,1,5,1,
663,13007,3,Normal,16,3,3,2,0,27,0,0,0,5,0,1,1,3,0,1,13,0,0,0,0,59,27,17,1,0,0,5,1,party wiped
664,13008,1,Normal,31,5,5,5,0,27,27,0,0,25,0,1,1,2,14,5,15,3,3,0,0,140,0,32,0,1,1,6,1,floor1_town
664,13008,2,Normal,36,3,3,3,0,27,27,0,0,15,0,1,1,3,3,3,12,0,0,0,0,84,0,14,0,1,1,6,1,
664,13008,3,Normal,13,2,2,1,0,27,0,0,0,0,0,1,1,4,0,0,9,0,0,0,0,36,27,14,1,0,0,6,1,party wiped
665,13009,1,Normal,40,1,1,1,0,27,27,0,0,5,0,1,1,0,3,0,15,3,3,0,0,28,0,4,0,1,1,2,1,floor1_town
665,13009,2,Normal,16,3,3,2,0,27,0,0,0,10,0,1,1,2,3,3,14,0,0,0,0,79,27,13,1,0,0,2,1,party wiped
666,13010,1,Normal,32,3,3,3,0,27,27,0,0,15,0,1,1,3,5,3,15,3,3,0,0,84,0,18,0,1,1,4,1,floor1_town
666,13010,2,Normal,32,5,5,5,0,27,18,0,0,25,0,1,1,10,3,3,7,0,0,0,0,140,9,32,0,1,1,4,1,
666,13010,3,Normal,5,2,2,1,0,18,0,0,0,0,0,1,1,2,0,0,6,0,0,0,0,31,18,7,1,0,0,4,1,party wiped
667,13011,1,Normal,25,3,3,3,0,27,27,0,0,15,0,1,1,5,5,0,15,3,3,0,0,84,0,16,0,1,1,4,1,floor1_town
667,13011,2,Normal,35,1,1,1,0,27,27,0,0,5,0,1,1,1,2,0,14,1,3,0,0,28,0,4,0,1,1,4,1,
667,13011,3,Normal,29,4,4,3,0,27,0,0,0,10,0,1,1,2,1,3,13,0,0,0,0,78,27,14,1,0,0,4,1,party wiped
668,13012,1,Normal,33,1,1,1,0,27,27,0,0,5,0,1,1,1,2,0,15,3,3,0,0,28,0,6,0,1,1,2,1,floor1_town
668,13012,2,Normal,3,1,1,0,0,27,0,0,0,0,0,1,1,1,3,3,14,0,0,0,0,18,27,11,1,0,0,2,1,party wiped
669,13013,1,Normal,25,1,1,1,0,27,27,0,0,5,0,1,1,0,3,2,15,3,3,0,0,28,0,6,0,1,1,2,1,floor1_town
669,13013,2,Normal,23,4,4,3,0,27,0,0,0,15,0,1,1,2,3,3,15,0,0,0,0,93,27,15,1,0,0,2,1,party wiped
670,13014,1,Normal,34,3,3,3,0,27,27,0,0,15,0,1,1,4,8,4,15,3,3,0,0,84,12,24,0,1,1,4,1,floor1_town
670,13014,2,Normal,25,4,4,3,0,27,0,0,0,15,0,1,1,1,3,3,16,0,0,0,0,84,27,13,1,0,0,4,1,party wiped
671,13015,1,Normal,26,4,4,4,0,27,27,0,0,20,0,1,1,2,8,2,15,3,3,0,0,112,0,18,0,1,1,5,1,floor1_town
671,13015,2,Normal,17,4,4,3,0,27,0,0,0,15,0,1,1,3,3,3,12,0,0,0,0,111,27,18,1,0,0,5,1,party wiped
672,13016,1,Normal,34,4,4,4,0,27,27,0,0,20,0,1,1,3,8,3,15,3,3,0,0,112,0,21,0,1,1,5,1,floor1_town
672,13016,2,Normal,30,3,3,3,0,27,27,0,0,15,0,1,1,3,3,3,12,0,0,0,0,84,0,17,0,1,1,5,1,
672,13016,3,Normal,11,2,2,1,0,27,0,0,0,5,0,1,1,3,0,0,9,0,0,0,0,37,27,12,1,0,0,5,1,party wiped
673,13017,1,Normal,27,2,2,2,0,27,27,0,0,10,0,1,1,1,5,1,15,3,3,0,0,56,0,11,0,1,1,3,1,floor1_town
673,13017,2,Normal,26,3,3,3,0,27,27,0,0,15,0,1,1,7,3,3,9,0,0,0,0,84,0,17,0,1,1,3,1,
673,13017,3,Normal,3,1,1,0,0,27,0,0,0,0,0,1,1,0,0,0,9,0,0,0,0,18,27,4,1,0,0,3,1,party wiped
674,13018,1,Normal,35,4,4,4,0,27,27,0,0,20,0,1,1,2,7,0,15,3,3,0,0,112,0,16,0,1,1,5,1,floor1_town
674,13018,2,Normal,40,2,2,2,0,27,27,0,0,10,0,1,1,4,1,0,12,2,3,0,0,56,0,7,0,1,1,5,1,
674,13018,3,Normal,27,2,2,2,0,27,27,0,0,0,0,1,1,0,2,0,14,0,3,0,0,44,0,7,0,1,1,5,1,
674,13018,4,Normal,37,4,4,4,0,27,15,0,0,20,0,1,1,3,0,3,13,0,0,0,0,112,12,19,0,1,1,5,1,
674,13018,5,Normal,2,1,1,0,0,15,0,0,0,0,0,1,1,0,0,0,14,0,0,0,0,0,15,1,1,0,0,5,1,party wiped
675,13019,1,Normal,27,3,3,3,0,27,27,0,0,15,0,1,1,3,5,0,15,3,3,0,0,84,0,14,0,1,1,4,1,floor1_town
675,13019,2,Normal,32,4,4,3,0,27,0,0,0,15,0,1,1,6,3,3,11,0,0,0,0,102,27,21,1,0,0,4,1,party wiped
676,13020,1,Normal,36,3,3,3,0,27,27,0,0,15,0,1,1,0,8,2,15,3,3,0,0,84,0,15,0,1,1,4,1,floor1_town
676,13020,2,Normal,38,2,2,2,0,27,27,0,0,10,0,1,1,1,3,0,15,0,3,0,0,56,0,9,0,1,1,4,1,
676,13020,3,Normal,26,5,5,4,0,27,0,0,0,20,0,1,1,3,0,3,14,0,0,0,0,133,27,21,1,0,0,4,1,party wiped
677,13021,1,Normal,25,3,3,2,0,27,0,0,0,10,0,1,1,3,9,4,14,0,0,0,0,79,27,22,1,0,0,3,1,floor1_town; party wiped
678,13022,1,Normal,36,4,4,4,0,27,27,0,0,20,0,1,1,4,10,2,15,3,3,0,0,112,0,25,0,1,1,5,1,floor1_town
678,13022,2,Normal,28,2,2,2,0,27,27,0,0,10,0,1,1,1,3,2,15,0,1,0,0,56,0,8,0,1,1,5,1,
678,13022,3,Normal,1,1,1,0,0,27,0,0,0,0,0,1,1,1,0,1,15,0,0,0,0,9,27,4,1,0,0,5,1,party wiped
679,13023,1,Normal,29,3,3,3,0,27,27,0,0,15,0,1,1,2,6,1,15,3,3,0,0,84,0,13,0,1,1,4,1,floor1_town
679,13023,2,Normal,31,2,2,2,0,27,27,0,0,10,0,1,1,1,1,0,15,2,3,0,0,56,0,5,0,1,1,4,1,
679,13023,3,Normal,31,3,3,3,0,27,15,0,0,10,0,1,1,2,2,3,13,0,0,0,0,78,12,15,0,1,1,4,1,
679,13023,4,Normal,14,1,1,0,0,15,0,0,0,0,0,1,1,0,0,0,13,0,0,0,0,0,15,1,1,0,0,4,1,party wiped
680,13024,1,Normal,37,3,3,3,0,27,27,0,0,15,0,1,1,2,6,0,15,3,3,0,0,84,0,14,0,1,1,4,1,floor1_town
680,13024,2,Normal,19,5,5,4,0,27,0,0,0,20,0,1,1,11,3,3,6,0,0,0,0,130,27,32,1,0,0,4,1,party wiped
681,13025,1,Normal,30,2,2,2,0,27,27,0,0,10,0,1,1,3,2,0,15,3,3,0,0,56,0,8,0,1,1,3,1,floor1_town
681,13025,2,Normal,34,5,5,4,0,27,0,0,0,20,0,1,1,3,3,3,13,0,0,0,0,112,27,17,1,0,0,3,1,party wiped
682,13026,1,Normal,38,3,3,3,0,27,27,0,0,15,0,1,1,0,3,0,15,3,3,0,0,84,0,11,0,1,1,4,1,floor1_town
682,13026,2,Normal,28,5,5,5,0,27,15,0,0,25,0,1,1,7,3,3,9,0,0,0,0,140,12,28,0,1,1,4,1,
682,13026,3,Normal,37,2,2,2,0,15,11,0,0,0,0,1,1,1,0,0,8,0,0,0,0,44,4,8,0,1,1,4,1,
682,13026,4,Normal,5,1,1,0,0,11,0,0,0,0,0,1,1,0,0,0,10,0,0,0,0,14,11,1,1,0,0,4,1,party wiped
683,13027,1,Normal,30,3,3,3,0,27,27,0,0,15,0,1,1,2,4,1,15,3,3,0,0,84,0,11,0,1,1,4,1,floor1_town
683,13027,2,Normal,36,5,5,4,0,27,0,0,0,20,0,1,1,10,3,3,5,0,0,0,0,121,27,27,1,0,0,4,1,party wiped
684,13028,1,Normal,39,5,5,5,0,27,27,0,0,25,0,1,1,4,11,0,15,3,3,0,0,140,0,25,0,1,1,6,1,floor1_town
684,13028,2,Normal,32,3,3,3,0,27,27,0,0,15,0,1,1,3,3,3,14,0,0,0,0,84,0,12,0,1,1,6,1,
684,13028,3,Normal,28,2,2,2,0,27,11,0,0,0,0,1,1,0,0,0,16,0,0,0,0,44,16,4,0,1,1,6,1,
684,13028,4,Normal,4,1,1,0,0,11,0,0,0,0,0,1,1,0,0,0,17,0,0,0,0,0,11,1,1,0,0,6,1,party wiped
685,13029,1,Normal,31,3,3,3,0,27,27,0,0,15,0,1,1,1,8,2,15,3,3,0,0,84,0,17,0,1,1,4,1,floor1_town
685,13029,2,Normal,29,2,2,2,0,27,15,0,0,10,0,1,1,3,3,3,13,0,0,0,0,56,12,17,0,1,1,4,1,
685,13029,3,Normal,3,1,1,0,0,15,0,0,0,0,0,1,1,1,0,0,14,0,0,0,0,14,15,5,1,0,0,4,1,party wiped
686,13030,1,Normal,39,4,4,4,0,27,27,0,0,20,0,1,1,1,8,2,15,3,3,0,0,112,0,19,0,1,1,5,1,floor1_town
686,13030,2,Normal,34,4,4,3,0,27,0,0,0,15,0,1,1,5,3,3,12,0,0,0,0,107,27,25,1,0,0,5,1,party wiped
687,13031,1,Normal,32,6,6,6,0,27,27,0,0,30,0,1,1,2,13,0,15,3,3,0,0,168,0,25,0,1,1,7,1,floor1_town
687,13031,2,Normal,17,3,3,2,0,27,0,0,0,10,0,1,1,4,3,3,13,0,0,0,0,74,27,16,1,0,0,7,1,party wiped
688,13032,1,Normal,40,2,2,2,0,27,27,0,0,10,0,1,1,5,3,1,15,3,3,0,0,56,0,13,0,1,1,3,1,floor1_town
688,13032,2,Normal,34,2,2,2,0,27,27,0,0,10,0,1,1,1,3,2,14,0,1,0,0,56,0,10,0,1,1,3,1,
688,13032,3,Normal,13,3,3,2,0,27,0,0,0,0,0,1,1,0,0,1,16,0,0,0,0,62,27,7,1,0,0,3,1,party wiped
689,13033,1,Normal,32,4,4,4,0,27,27,0,0,20,0,1,1,3,6,0,15,3,3,0,0,112,0,16,0,1,1,5,1,floor1_town
689,13033,2,Normal,32,5,5,5,0,27,15,0,0,25,0,1,1,2,3,3,14,0,0,0,0,140,12,19,0,1,1,5,1,
689,13033,3,Normal,15,1,1,0,0,15,0,0,0,0,0,1,1,0,0,0,14,0,0,0,0,14,15,1,1,0,0,5,1,party wiped
690,13034,1,Normal,25,1,1,1,0,27,27,0,0,5,0,1,1,1,2,0,15,3,3,0,0,28,0,6,0,1,1,2,1,floor1_town
690,13034,2,Normal,22,3,3,2,0,27,0,0,0,10,0,1,1,1,3,3,14,0,0,0,0,65,27,13,1,0,0,2,1,party wiped
691,13035,1,Normal,33,3,3,3,0,27,27,0,0,15,0,1,1,1,8,5,15,3,3,0,0,84,0,22,0,1,1,4,1,floor1_town
691,13035,2,Normal,22,2,2,1,0,27,0,0,0,5,0,1,1,3,3,3,13,0,0,0,0,51,27,16,1,0,0,4,1,party wiped
692,13036,1,Normal,26,2,2,2,0,27,27,0,0,10,0,1,1,2,4,1,15,3,3,0,0,56,0,10,0,1,1,3,1,floor1_town
692,13036,2,Normal,34,4,4,4,0,27,18,0,0,20,0,1,1,3,3,3,12,0,0,0,0,112,9,23,0,1,1,3,1,
692,13036,3,Normal,9,2,2,1,0,18,0,0,0,0,0,1,1,2,0,0,12,0,0,0,0,31,18,7,1,0,0,3,1,party wiped
693,13037,1,Normal,34,4,4,4,0,27,27,0,0,20,0,1,1,6,9,1,15,3,3,0,0,112,0,25,0,1,1,5,1,floor1_town
693,13037,2,Normal,15,2,2,1,0,27,0,0,0,5,0,1,1,1,3,3,14,0,0,0,0,42,27,11,1,0,0,5,1,party wiped
694,13038,1,Normal,26,1,1,1,0,27,27,0,0,5,0,1,1,3,3,1,15,3,3,0,0,28,0,9,0,1,1,2,1,floor1_town
694,13038,2,Normal,23,3,3,2,0,27,0,0,0,10,0,1,1,6,3,3,11,0,0,0,0,70,27,20,1,0,0,2,1,party wiped
695,13039,1,Normal,35,4,4,4,0,27,27,0,0,20,0,1,1,4,9,2,15,3,3,0,0,112,0,25,0,1,1,5,1,floor1_town
695,13039,2,Normal,38,3,3,3,0,27,27,0,0,15,0,1,1,7,3,2,8,0,1,0,0,84,0,20,0,1,1,5,1,
695,13039,3,Normal,30,2,2,2,0,27,27,0,0,5,0,1,1,2,0,1,6,0,0,0,0,50,0,9,0,1,1,5,1,
695,13039,4,Normal,2,1,1,0,0,27,0,0,0,0,0,1,1,1,0,0,5,0,0,0,0,23,27,4,1,0,0,5,1,party wiped
696,13040,1,Normal,27,1,1,1,0,27,27,0,0,5,0,1,1,2,3,2,15,3,3,0,0,28,0,9,0,1,1,2,1,floor1_town
696,13040,2,Normal,26,2,2,2,0,27,27,0,0,10,0,1,1,1,3,1,14,0,2,0,0,56,0,13,0,1,1,2,1,
696,13040,3,Normal,26,4,4,4,0,27,27,0,0,15,0,1,1,4,0,2,11,0,0,0,0,106,0,14,0,1,1,2,1,
696,13040,4,Normal,18,3,3,2,0,27,0,0,0,10,0,1,1,1,0,0,11,0,0,0,0,74,27,9,1,0,0,2,1,party wiped
697,13041,1,Normal,35,5,5,5,0,27,27,0,0,25,0,1,1,5,9,0,15,3,3,0,0,140,0,24,0,1,1,6,1,floor1_town
697,13041,2,Normal,23,3,3,2,0,27,0,0,0,10,0,1,1,1,3,3,16,0,0,0,0,56,27,14,1,0,0,6,1,party wiped
698,13042,1,Normal,28,3,3,3,0,27,27,0,0,15,0,1,1,1,7,0,15,3,3,0,0,84,0,14,0,1,1,4,1,floor1_town
698,13042,2,Normal,38,4,4,4,0,27,27,0,0,20,0,1,1,7,3,3,10,0,0,0,0,112,0,23,0,1,1,4,1,
698,13042,3,Normal,2,1,1,0,0,27,0,0,0,0,0,1,1,0,0,0,11,0,0,0,0,18,27,2,1,0,0,4,1,party wiped
699,13043,1,Normal,36,4,4,4,0,27,27,0,0,20,0,1,1,6,9,0,15,3,3,0,0,112,0,23,0,1,1,5,1,floor1_town
699,13043,2,Normal,25,1,1,1,0,27,27,0,0,5,0,1,1,1,3,0,15,0,3,0,0,28,0,6,0,1,1,5,1,
699,13043,3,Normal,33,2,2,2,0,27,27,0,0,0,0,1,1,0,0,3,15,0,0,0,0,44,0,8,0,1,1,5,1,
699,13043,4,Normal,5,1,1,0,0,27,0,0,0,0,0,1,1,0,0,0,15,0,0,0,0,23,27,3,1,0,0,5,1,party wiped
700,13044,1,Normal,28,2,2,2,0,27,27,0,0,10,0,1,1,2,5,0,15,3,3,0,0,56,0,13,0,1,1,3,1,floor1_town
700,13044,2,Normal,30,5,5,4,0,27,0,0,0,20,0,1,1,3,3,3,12,0,0,0,0,135,27,17,1,0,0,3,1,party wiped
701,13045,1,Normal,37,6,6,6,0,27,27,0,0,30,0,1,1,8,13,3,15,3,3,0,0,168,0,34,0,1,1,7,1,floor1_town
701,13045,2,Normal,14,2,2,1,0,27,0,0,0,5,0,1,1,1,3,3,14,0,0,0,0,51,27,14,1,0,0,7,1,party wiped
702,13046,1,Normal,29,4,4,4,0,27,27,0,0,20,0,1,1,4,10,1,15,3,3,0,0,112,0,21,0,1,1,5,1,floor1_town
702,13046,2,Normal,39,2,2,2,0,27,27,0,0,10,0,1,1,2,3,1,15,0,2,0,0,56,0,8,0,1,1,5,1,
702,13046,3,Normal,27,4,4,4,0,27,27,0,0,5,0,1,1,6,0,2,9,0,0,0,0,94,0,25,0,1,1,5,1,
702,13046,4,Normal,18,4,4,3,0,27,0,0,0,15,0,1,1,8,0,0,1,0,0,0,0,102,27,19,1,0,0,5,1,party wiped
703,13047,1,Normal,37,5,5,5,0,27,27,0,0,25,0,1,1,7,9,0,15,3,3,0,0,140,0,26,0,1,1,6,1,floor1_town
703,13047,2,Normal,25,1,1,1,0,27,27,0,0,5,0,1,1,1,3,2,14,0,1,0,0,28,0,9,0,1,1,6,1,
703,13047,3,Normal,9,1,1,0,0,27,0,0,0,0,0,1,1,3,0,1,11,0,0,0,0,23,27,8,1,0,0,6,1,party wiped
704,13048,1,Normal,30,2,2,2,0,27,27,0,0,10,0,1,1,1,4,0,15,3,3,0,0,56,0,9,0,1,1,3,1,floor1_town
704,13048,2,Normal,34,4,4,4,0,27,15,0,0,20,0,1,1,5,3,3,11,0,0,0,0,112,12,19,0,1,1,3,1,
704,13048,3,Normal,23,4,4,3,0,15,0,0,0,10,0,1,1,9,0,0,4,0,0,0,0,96,15,23,1,0,0,3,1,party wiped
705,13049,1,Normal,38,4,4,4,0,27,27,0,0,20,0,1,1,5,9,0,15,3,3,0,0,112,0,25,0,1,1,5,1,floor1_town
705,13049,2,Normal,28,3,3,3,0,27,15,0,0,15,0,1,1,0,3,3,16,0,0,0,0,84,12,10,0,1,1,5,1,
705,13049,3,Normal,27,1,1,1,0,15,27,0,0,0,0,1,1,1,0,0,15,0,0,0,0,22,-12,3,0,1,1,5,1,
705,13049,4,Normal,6,2,2,1,0,27,0,0,0,5,0,1,1,3,0,0,12,0,0,0,0,46,27,9,1,0,0,5,1,party wiped
706,13050,1,Normal,31,3,3,3,0,27,27,0,0,15,0,1,1,2,9,2,15,3,3,0,0,84,0,20,0,1,1,4,1,floor1_town
706,13050,2,Normal,40,3,3,3,0,27,27,0,0,15,0,1,1,0,3,2,17,0,1,0,0,84,0,16,0,1,1,4,1,
706,13050,3,Normal,29,4,4,4,0,27,27,0,0,5,0,1,1,5,0,1,14,0,0,0,0,94,0,17,0,1,1,4,1,
706,13050,4,Normal,21,4,4,3,0,27,0,0,0,15,0,1,1,5,0,0,10,0,0,0,0,111,27,14,1,0,0,4,1,party wiped
707,13051,1,Normal,39,3,3,3,0,27,27,0,0,15,0,1,1,2,7,0,15,3,3,0,0,84,0,15,0,1,1,4,1,floor1_town
707,13051,2,Normal,27,3,3,3,0,27,27,0,0,15,0,1,1,5,2,0,12,1,3,0,0,84,0,13,0,1,1,4,1,
707,13051,3,Normal,38,2,2,2,0,27,19,0,0,0,0,1,1,0,1,3,14,0,0,0,0,44,8,9,0,1,1,4,1,
707,13051,4,Normal,5,1,1,0,0,19,0,0,0,0,0,1,1,1,0,0,14,0,0,0,0,9,19,3,1,0,0,4,1,party wiped
708,13052,1,Normal,31,3,3,3,0,27,27,0,0,15,0,1,1,1,7,4,15,3,3,0,0,84,12,19,0,1,1,4,1,floor1_town
708,13052,2,Normal,26,4,4,4,0,27,27,0,0,20,0,1,1,4,3,3,12,0,0,0,0,112,0,18,0,1,1,4,1,
708,13052,3,Normal,2,1,1,0,0,27,0,0,0,0,0,1,1,1,0,0,12,0,0,0,0,18,27,4,1,0,0,4,1,party wiped
709,13053,1,Normal,40,4,4,4,0,27,27,0,0,20,0,1,1,3,8,5,15,3,3,0,0,112,0,23,0,1,1,5,1,floor1_town
709,13053,2,Normal,39,3,3,3,0,27,27,0,0,15,0,1,1,2,3,0,15,0,3,0,0,84,0,13,0,1,1,5,1,
709,13053,3,Normal,33,2,2,2,0,27,22,0,0,0,0,1,1,0,0,2,17,0,1,0,0,44,5,7,0,1,1,5,1,
709,13053,4,Normal,33,4,4,3,0,22,0,0,0,15,0,1,1,6,0,1,11,0,0,0,0,107,22,15,1,0,0,5,1,party wiped
710,13054,1,Normal,32,2,2,2,0,27,27,0,0,10,0,1,1,4,3,0,15,3,3,0,0,56,0,9,0,1,1,3,1,floor1_town
710,13054,2,Normal,33,1,1,1,0,27,27,0,0,5,0,1,1,0,1,0,15,2,3,0,0,28,0,2,0,1,1,3,1,
710,13054,3,Normal,32,5,5,4,0,27,0,0,0,5,0,1,1,2,2,3,13,0,0,0,0,103,27,22,1,0,0,3,1,party wiped
711,13055,1,Normal,40,3,3,3,0,27,27,0,0,15,0,1,1,3,4,0,15,3,3,0,0,84,0,13,0,1,1,4,1,floor1_town
711,13055,2,Normal,32,4,4,3,0,27,0,0,0,15,0,1,1,4,3,3,11,0,0,0,0,93,27,21,1,0,0,4,1,party wiped
712,13056,1,Normal,33,3,3,3,0,27,27,0,0,15,0,1,1,5,7,0,15,3,3,0,0,84,0,17,0,1,1,4,1,floor1_town
712,13056,2,Normal,27,3,3,3,0,27,27,0,0,15,0,1,1,1,3,3,16,0,0,0,0,84,0,11,0,1,1,4,1,
712,13056,3,Normal,13,3,3,2,0,27,0,0,0,10,0,1,1,4,0,0,12,0,0,0,0,56,27,10,1,0,0,4,1,party wiped
713,13057,1,Normal,25,3,3,3,0,27,27,0,0,15,0,1,1,1,8,0,15,3,3,0,0,84,0,13,0,1,1,4,1,floor1_town
713,13057,2,Normal,29,5,5,4,0,27,0,0,0,20,0,1,1,6,3,3,11,0,0,0,0,130,27,23,1,0,0,4,1,party wiped
714,13058,1,Normal,33,1,1,1,0,27,27,0,0,5,0,1,1,0,2,0,15,3,3,0,0,28,0,5,0,1,1,2,1,floor1_town
714,13058,2,Normal,32,3,3,3,0,27,15,0,0,15,0,1,1,2,3,3,13,0,0,0,0,84,12,16,0,1,1,2,1,
714,13058,3,Normal,33,6,6,5,0,15,0,0,0,15,0,1,1,8,0,0,6,0,0,0,0,128,15,23,1,0,0,2,1,party wiped
715,13059,1,Normal,26,4,4,4,0,27,27,0,0,20,0,1,1,7,7,1,15,3,3,0,0,112,0,24,0,1,1,5,1,floor1_town
715,13059,2,Normal,27,2,2,2,0,27,27,0,0,10,0,1,1,1,3,3,14,0,0,0,0,56,0,9,0,1,1,5,1,
715,13059,3,Normal,22,1,1,0,0,27,0,0,0,0,0,1,1,0,0,0,16,0,0,0,0,18,27,2,1,0,0,5,1,party wiped
716,13060,1,Normal,34,4,4,4,0,27,27,0,0,20,0,1,1,4,8,0,15,3,3,0,0,112,0,19,0,1,1,5,1,floor1_town
716,13060,2,Normal,25,3,3,3,0,27,27,0,0,15,0,1,1,3,3,1,13,0,2,0,0,84,0,14,0,1,1,5,1,
716,13060,3,Normal,39,2,2,2,0,27,27,0,0,5,0,1,1,3,0,0,11,0,2,0,0,50,0,7,0,1,1,5,1,
716,13060,4,Normal,37,3,3,3,0,27,27,0,0,15,0,1,1,6,0,2,7,0,0,0,0,84,0,15,0,1,1,5,1,
716,13060,5,Normal,34,2,2,2,0,27,27,0,0,10,0,1,1,4,0,0,5,0,0,0,0,56,0,12,0,1,1,5,1,
716,13060,6,Normal,39,1,1,1,0,27,15,0,0,5,0,1,1,2,0,0,3,0,0,0,0,28,12,11,0,1,1,5,1,
716,13060,7,Normal,10,1,1,0,0,15,0,0,0,0,0,1,1,0,0,0,3,0,0,0,0,0,15,1,1,0,0,5,1,party wiped
717,13061,1,Normal,26,5,5,5,0,27,27,0,0,25,0,1,1,2,9,3,15,3,3,0,0,140,0,28,0,1,1,6,1,floor1_town
717,13061,2,Normal,26,3,3,3,0,27,15,0,0,15,0,1,1,1,3,3,15,0,0,0,0,84,12,12,0,1,1,6,1,
717,13061,3,Normal,11,1,1,0,0,15,0,0,0,0,0,1,1,0,0,0,15,0,0,0,0,9,15,1,1,0,0,6,1,party wiped
718,13062,1,Normal,35,3,3,3,0,27,27,0,0,15,0,1,1,5,9,2,15,3,3,0,0,84,0,23,0,1,1,4,1,floor1_town
718,13062,2,Normal,35,4,4,4,0,27,15,0,0,20,0,1,1,3,3,3,12,0,0,0,0,112,12,15,0,1,1,4,1,
718,13062,3,Normal,13,2,2,1,0,15,0,0,0,0,0,1,1,1,0,0,13,0,0,0,0,40,15,4,1,0,0,4,1,party wiped
719,13063,1,Normal,27,4,4,4,0,27,27,0,0,20,0,1,1,4,7,3,15,3,3,0,0,112,0,18,0,1,1,5,1,floor1_town
719,13063,2,Normal,34,2,2,2,0,27,27,0,0,10,0,1,1,4,1,0,13,2,3,0,0,56,0,8,0,1,1,5,1,
719,13063,3,Normal,27,3,3,3,0,27,27,0,0,15,0,1,1,5,2,3,8,0,0,0,0,84,0,16,0,1,1,5,1,
719,13063,4,Normal,23,2,2,1,0,27,0,0,0,5,0,1,1,2,0,0,8,0,0,0,0,51,27,9,1,0,0,5,1,party wiped
720,13064,1,Normal,36,3,3,3,0,27,27,0,0,15,0,1,1,2,5,0,15,3,3,0,0,84,0,13,0,1,1,4,1,floor1_town
720,13064,2,Normal,29,3,3,2,0,27,0,0,0,10,0,1,1,4,3,3,13,0,0,0,0,79,27,18,1,0,0,4,1,party wiped
721,13065,1,Normal,28,5,5,5,0,27,27,0,0,25,0,1,1,7,9,0,15,3,3,0,0,140,0,23,0,1,1,6,1,floor1_town
721,13065,2,Normal,38,5,5,5,0,27,27,0,0,25,0,1,1,9,3,3,7,0,0,0,0,140,0,30,0,1,1,6,1,
721,13065,3,Normal,18,2,2,1,0,27,0,0,0,5,0,1,1,2,0,0,6,0,0,0,0,39,27,8,1,0,0,6,1,party wiped
722,13066,1,Normal,35,2,2,1,0,27,0,0,0,5,0,1,1,3,6,3,12,0,0,0,0,37,27,18,1,0,0,2,1,floor1_town; party wiped
723,13067,1,Normal,29,4,4,4,0,27,27,0,0,20,0,1,1,4,8,2,15,3,3,0,0,112,0,26,0,1,1,5,1,floor1_town
723,13067,2,Normal,8,2,2,1,0,27,0,0,0,5,0,1,1,0,3,3,15,0,0,0,0,55,27,13,1,0,0,5,1,party wiped
724,13068,1,Normal,37,2,2,2,0,27,27,0,0,10,0,1,1,1,4,0,15,3,3,0,0,56,0,8,0,1,1,3,1,floor1_town
724,13068,2,Normal,29,3,3,3,0,27,27,0,0,15,0,1,1,1,3,1,15,0,2,0,0,84,0,12,0,1,1,3,1,
724,13068,3,Normal,27,4,4,3,0,27,0,0,0,5,0,1,1,2,0,2,14,0,0,0,0,81,27,13,1,0,0,3,1,party wiped
725,13069,1,Normal,29,2,2,2,0,27,27,0,0,10,0,1,1,1,5,0,15,3,3,0,0,56,0,9,0,1,1,3,1,floor1_town
725,13069,2,Normal,27,5,5,4,0,27,0,0,0,20,0,1,1,5,3,3,12,0,0,0,0,121,27,22,1,0,0,3,1,party wiped
726,13070,1,Normal,38,4,4,4,0,27,27,0,0,20,0,1,1,1,11,1,15,3,3,0,0,112,0,19,0,1,1,5,1,floor1_town
726,13070,2,Normal,11,3,3,2,0,27,0,0,0,10,0,1,1,2,3,3,14,0,0,0,0,74,27,17,1,0,0,5,1,party wiped
727,13071,1,Normal,30,4,4,4,0,27,27,0,0,20,0,1,1,5,11,3,15,3,3,0,0,112,0,28,0,1,1,5,1,floor1_town
727,13071,2,Normal,30,3,3,3,0,27,27,0,0,15,0,1,1,1,3,3,15,0,0,0,0,84,0,11,0,1,1,5,1,
727,13071,3,Normal,3,1,1,0,0,27,0,0,0,0,0,1,1,0,0,0,16,0,0,0,0,23,27,3,1,0,0,5,1,party wiped
728,13072,1,Normal,38,4,4,4,0,27,27,0,0,20,0,1,1,3,9,0,15,3,3,0,0,112,0,21,0,1,1,5,1,floor1_town
728,13072,2,Normal,32,1,1,1,0,27,27,0,0,5,0,1,1,0,3,2,16,0,1,0,0,28,0,8,0,1,1,5,1,
728,13072,3,Normal,1,1,1,0,0,27,0,0,0,0,0,1,1,0,0,1,16,0,0,0,0,0,27,3,1,0,0,5,1,party wiped
729,13073,1,Normal,31,2,2,2,0,27,27,0,0,10,0,1,1,5,5,0,15,3,3,0,0,56,0,13,0,1,1,3,1,floor1_town
729,13073,2,Normal,32,3,3,3,0,27,27,0,0,15,0,1,1,2,3,1,14,0,2,0,0,84,0,14,0,1,1,3,1,
729,13073,3,Normal,33,2,2,2,0,27,15,0,0,10,0,1,1,3,0,2,12,0,0,0,0,56,12,10,0,1,1,3,1,
729,13073,4,Normal,21,4,4,3,0,15,0,0,0,15,0,1,1,12,0,0,1,0,0,0,0,102,15,30,1,0,0,3,1,party wiped
730,13074,1,Normal,39,3,3,3,0,27,27,0,0,15,0,1,1,4,2,0,15,3,3,0,0,84,0,11,0,1,1,4,1,floor1_town
730,13074,2,Normal,26,3,3,3,0,27,15,0,0,15,0,1,1,3,3,3,14,0,0,0,0,84,12,17,0,1,1,4,1,
730,13074,3,Normal,6,1,1,0,0,15,0,0,0,0,0,1,1,0,0,0,14,0,0,0,0,0,15,1,1,0,0,4,1,party wiped
731,13075,1,Normal,31,3,3,3,0,27,27,0,0,15,0,1,1,7,6,3,15,3,3,0,0,84,0,24,0,1,1,4,1,floor1_town
731,13075,2,Normal,34,3,3,3,0,27,27,0,0,15,0,1,1,3,3,1,13,0,2,0,0,84,0,14,0,1,1,4,1,
731,13075,3,Normal,40,5,5,5,0,27,27,0,0,5,0,1,1,11,0,2,3,0,0,0,0,116,0,35,0,1,1,4,1,
731,13075,4,Normal,15,1,1,0,0,27,0,0,0,0,0,1,1,0,0,0,5,0,0,0,0,27,27,3,1,0,0,4,1,party wiped
732,13076,1,Normal,40,3,3,3,0,27,27,0,0,15,0,1,1,7,6,1,15,3,3,0,0,84,0,18,0,1,1,4,1,floor1_town
732,13076,2,Normal,38,3,3,3,0,27,27,0,0,15,0,1,1,3,3,3,12,0,0,0,0,84,0,17,0,1,1,4,1,
732,13076,3,Normal,27,4,4,4,0,27,11,0,0,5,0,1,1,2,0,0,11,0,0,0,0,94,16,14,0,1,1,4,1,
732,13076,4,Normal,1,1,1,0,0,11,0,0,0,0,0,1,1,0,0,0,12,0,0,0,0,0,11,1,1,0,0,4,1,party wiped
733,13077,1,Normal,32,3,3,3,0,27,27,0,0,15,0,1,1,1,7,1,15,3,3,0,0,84,0,16,0,1,1,4,1,floor1_town
733,13077,2,Normal,40,2,2,2,0,27,15,0,0,10,0,1,1,2,3,3,13,0,0,0,0,56,12,14,0,1,1,4,1,
733,13077,3,Normal,3,1,1,0,0,15,0,0,0,0,0,1,1,2,0,0,11,0,0,0,0,14,15,4,1,0,0,4,1,party wiped
734,13078,1,Normal,25,3,3,3,0,27,27,0,0,15,0,1,1,4,8,2,15,3,3,0,0,84,0,17,0,1,1,4,1,floor1_town
734,13078,2,Normal,29,2,2,2,0,27,15,0,0,10,0,1,1,4,3,3,12,0,0,0,0,56,12,17,0,1,1,4,1,
734,13078,3,Normal,16,3,3,2,0,15,0,0,0,0,0,1,1,3,0,0,10,0,0,0,0,71,15,10,1,0,0,4,1,party wiped
735,13079,1,Normal,33,5,5,5,0,27,27,0,0,25,0,1,1,4,10,6,15,3,3,0,0,140,12,31,0,1,1,6,1,floor1_town
735,13079,2,Normal,29,3,3,3,0,27,27,0,0,15,0,1,1,2,3,1,14,0,2,0,0,84,0,10,0,1,1,6,1,
735,13079,3,Normal,14,3,3,2,0,27,0,0,0,5,0,1,1,3,0,2,12,0,0,0,0,68,27,13,1,0,0,6,1,party wiped
736,13080,1,Normal,25,2,2,2,0,27,27,0,0,10,0,1,1,1,5,0,15,3,3,0,0,56,0,11,0,1,1,3,1,floor1_town
736,13080,2,Normal,33,2,2,2,0,27,27,0,0,10,0,1,1,2,3,1,14,0,2,0,0,56,0,10,0,1,1,3,1,
736,13080,3,Normal,31,3,3,3,0,27,19,0,0,5,0,1,1,4,0,2,10,0,0,0,0,72,8,17,0,1,1,3,1,
736,13080,4,Normal,13,2,2,1,0,19,0,0,0,5,0,1,1,3,0,0,8,0,0,0,0,55,19,9,1,0,0,3,1,party wiped
737,13081,1,Normal,34,4,4,4,0,27,27,0,0,20,0,1,1,3,8,0,15,3,3,0,0,112,0,20,0,1,1,5,1,floor1_town
737,13081,2,Normal,31,2,2,2,0,27,27,0,0,10,0,1,1,4,3,3,11,0,0,0,0,56,0,16,0,1,1,5,1,
737,13081,3,Normal,19,3,3,2,0,27,0,0,0,5,0,1,1,1,0,0,10,0,0,0,0,61,27,8,1,0,0,5,1,party wiped
738,13082,1,Normal,26,2,2,2,0,27,27,0,0,10,0,1,1,0,4,0,15,3,3,0,0,56,0,11,0,1,1,3,1,floor1_town
738,13082,2,Normal,25,1,1,1,0,27,27,0,0,5,0,1,1,3,1,0,13,2,3,0,0,28,0,8,0,1,1,3,1,
738,13082,3,Normal,38,4,4,4,0,27,27,0,0,20,0,1,1,9,2,3,6,0,0,0,0,112,0,28,0,1,1,3,1,
738,13082,4,Normal,3,1,1,0,0,27,0,0,0,0,0,1,1,0,0,0,8,0,0,0,0,14,27,2,1,0,0,3,1,party wiped
739,13083,1,Normal,34,4,4,4,0,27,27,0,0,20,0,1,1,4,8,0,15,3,3,0,0,112,0,18,0,1,1,5,1,floor1_town
739,13083,2,Normal,33,6,6,5,0,27,0,0,0,25,0,1,1,5,3,3,10,0,0,0,0,149,27,25,1,0,0,5,1,party wiped
740,13084,1,Normal,27,2,2,2,0,27,27,0,0,10,0,1,1,1,4,2,15,3,3,0,0,56,0,9,0,1,1,3,1,floor1_town
740,13084,2,Normal,28,3,3,3,0,27,27,0,0,15,0,1,1,0,3,3,16,0,0,0,0,84,0,9,0,1,1,3,1,
740,13084,3,Normal,7,1,1,0,0,27,0,0,0,0,0,1,1,1,0,0,16,0,0,0,0,14,27,6,1,0,0,3,1,party wiped
741,13085,1,Normal,35,5,5,5,0,27,27,0,0,25,0,1,1,3,7,0,15,3,3,0,0,140,0,17,0,1,1,6,1,floor1_town
741,13085,2,Normal,30,3,3,3,0,27,27,0,0,15,0,1,1,6,3,3,10,0,0,0,0,84,0,21,0,1,1,6,1,
741,13085,3,Normal,7,1,1,0,0,27,0,0,0,0,0,1,1,0,0,0,12,0,0,0,0,0,27,3,1,0,0,6,1,party wiped
742,13086,1,Normal,27,4,4,4,0,27,27,0,0,20,0,1,1,5,9,2,15,3,3,0,0,112,0,23,0,1,1,5,1,floor1_town
742,13086,2,Normal,24,2,2,1,0,27,0,0,0,5,0,1,1,1,3,3,15,0,0,0,0,35,27,13,1,0,0,5,1,party wiped
743,13087,1,Normal,36,2,2,2,0,27,27,0,0,10,0,1,1,4,6,1,15,3,3,0,0,56,0,17,0,1,1,3,1,floor1_town
743,13087,2,Normal,26,4,4,3,0,27,0,0,0,15,0,1,1,5,3,3,10,0,0,0,0,111,27,20,1,0,0,3,1,party wiped
744,13088,1,Normal,28,4,4,4,0,27,27,0,0,20,0,1,1,3,6,0,15,3,3,0,0,112,0,17,0,1,1,5,1,floor1_town
744,13088,2,Normal,35,5,5,5,0,27,27,0,0,25,0,1,1,5,3,3,12,0,0,0,0,140,0,25,0,1,1,5,1,
744,13088,3,Normal,32,4,4,4,0,27,15,0,0,10,0,1,1,4,0,0,8,0,0,0,0,100,12,17,0,1,1,5,1,
744,13088,4,Normal,1,1,1,0,0,15,0,0,0,0,0,1,1,0,0,0,10,0,0,0,0,14,15,1,1,0,0,5,1,party wiped
745,13089,1,Normal,37,5,5,5,0,27,27,0,0,25,0,1,1,8,12,2,15,3,3,0,0,140,0,30,0,1,1,6,1,floor1_town
745,13089,2,Normal,18,4,4,3,0,27,0,0,0,15,0,1,1,2,3,3,14,0,0,0,0,102,27,19,1,0,0,6,1,party wiped
746,13090,1,Normal,29,2,2,2,0,27,27,0,0,10,0,1,1,0,4,0,15,3,3,0,0,56,0,9,0,1,1,3,1,floor1_town
746,13090,2,Normal,30,3,3,3,0,27,27,0,0,15,0,1,1,3,3,3,14,0,0,0,0,84,0,15,0,1,1,3,1,
746,13090,3,Normal,14,2,2,1,0,27,0,0,0,5,0,1,1,3,0,0,11,0,0,0,0,46,27,10,1,0,0,3,1,party wiped
747,13091,1,Normal,37,5,5,5,0,27,27,0,0,25,0,1,1,3,14,3,15,3,3,0,0,140,0,31,0,1,1,6,1,floor1_town
747,13091,2,Normal,31,2,2,2,0,27,27,0,0,10,0,1,1,1,2,0,16,1,3,0,0,56,0,6,0,1,1,6,1,
747,13091,3,Normal,38,2,2,2,0,27,19,0,0,5,0,1,1,1,1,0,17,0,3,0,0,50,8,5,0,1,1,6,1,
747,13091,4,Normal,18,2,2,1,0,19,0,0,0,5,0,1,1,1,0,3,17,0,0,0,0,37,19,8,1,0,0,6,1,party wiped
748,13092,1,Normal,30,3,3,3,0,27,27,0,0,15,0,1,1,3,4,0,15,3,3,0,0,84,0,15,0,1,1,4,1,floor1_town
748,13092,2,Normal,36,4,4,4,0,27,27,0,0,20,0,1,1,3,3,3,14,0,0,0,0,112,0,19,0,1,1,4,1,
748,13092,3,Normal,26,4,4,3,0,27,0,0,0,5,0,1,1,4,0,0,11,0,0,0,0,95,27,15,1,0,0,4,1,party wiped
749,13093,1,Normal,38,6,6,6,0,27,27,0,0,30,0,1,1,6,11,1,15,3,3,0,0,168,0,26,0,1,1,7,1,floor1_town
749,13093,2,Normal,14,2,2,1,0,27,0,0,0,5,0,1,1,3,3,3,12,0,0,0,0,53,27,16,1,0,0,7,1,party wiped
750,13094,1,Normal,30,4,4,4,0,27,27,0,0,20,0,1,1,3,8,1,15,3,3,0,0,112,0,20,0,1,1,5,1,floor1_town
750,13094,2,Normal,34,3,3,3,0,27,18,0,0,15,0,1,1,3,3,3,14,0,0,0,0,84,9,22,0,1,1,5,1,
750,13094,3,Normal,38,3,3,3,0,18,15,0,0,10,0,1,1,5,0,0,11,0,0,0,0,78,3,12,0,1,1,5,1,
750,13094,4,Normal,20,2,2,1,0,15,0,0,0,5,0,1,1,2,0,0,10,0,0,0,0,46,15,7,1,0,0,5,1,party wiped
751,13095,1,Normal,39,4,4,4,0,27,27,0,0,20,0,1,1,4,10,1,15,3,3,0,0,112,0,24,0,1,1,5,1,floor1_town
751,13095,2,Normal,39,4,4,4,0,27,15,0,0,20,0,1,1,2,3,3,15,0,0,0,0,112,12,18,0,1,1,5,1,
751,13095,3,Normal,34,3,3,3,0,15,27,0,0,15,0,1,1,7,0,0,8,0,0,0,0,84,-12,16,0,1,1,5,1,
751,13095,4,Normal,9,1,1,0,0,27,0,0,0,0,0,1,1,0,0,0,10,0,0,0,0,18,27,2,1,0,0,5,1,party wiped
752,13096,1,Normal,31,2,2,2,0,27,27,0,0,10,0,1,1,4,3,3,15,3,3,0,0,56,0,18,0,1,1,3,1,floor1_town
752,13096,2,Normal,37,2,2,2,0,27,27,0,0,10,0,1,1,3,3,0,12,0,3,0,0,56,0,8,0,1,1,3,1,
752,13096,3,Normal,34,5,5,5,0,27,27,0,0,5,0,1,1,6,0,3,8,0,0,0,0,116,0,26,0,1,1,3,1,
752,13096,4,Normal,6,1,1,0,0,27,0,0,0,0,0,1,1,2,0,0,8,0,0,0,0,18,27,4,1,0,0,3,1,party wiped
753,13097,1,Normal,39,6,6,6,0,27,27,0,0,30,0,1,1,9,11,2,15,3,3,0,0,168,0,36,0,1,1,7,1,floor1_town
753,13097,2,Normal,14,2,2,1,0,27,0,0,0,5,0,1,1,3,3,3,12,0,0,0,0,51,27,13,1,0,0,7,1,party wiped
754,13098,1,Normal,32,4,4,4,0,27,27,0,0,20,0,1,1,3,10,2,15,3,3,0,0,112,0,20,0,1,1,5,1,floor1_town
754,13098,2,Normal,38,3,3,3,0,27,27,0,0,15,0,1,1,3,3,1,12,0,2,0,0,84,0,12,0,1,1,5,1,
754,13098,3,Normal,27,2,2,2,0,27,27,0,0,0,0,1,1,1,0,2,13,0,0,0,0,44,0,8,0,1,1,5,1,
754,13098,4,Normal,1,1,1,0,0,27,0,0,0,0,0,1,1,2,0,0,11,0,0,0,0,18,27,6,1,0,0,5,1,party wiped
755,13099,1,Normal,40,2,2,2,0,27,27,0,0,10,0,1,1,1,4,0,15,3,3,0,0,56,0,9,0,1,1,3,1,floor1_town
755,13099,2,Normal,29,5,5,4,0,27,0,0,0,20,0,1,1,6,3,3,11,0,0,0,0,126,27,30,1,0,0,3,1,party wiped
756,13100,1,Normal,32,1,1,1,0,27,27,0,0,5,0,1,1,0,3,0,15,3,3,0,0,28,0,5,0,1,1,2,1,floor1_town
756,13100,2,Normal,35,2,2,2,0,27,27,0,0,10,0,1,1,1,3,0,16,0,3,0,0,56,0,7,0,1,1,2,1,
756,13100,3,Normal,38,4,4,3,0,27,0,0,0,10,0,1,1,6,0,3,10,0,0,0,0,92,27,23,1,0,0,2,1,party wiped
757,13101,1,Normal,25,5,5,5,0,27,27,0,0,25,0,1,1,1,10,2,15,3,3,0,0,140,0,23,0,1,1,6,1,floor1_town
757,13101,2,Normal,28,2,2,2,0,27,15,0,0,10,0,1,1,2,3,3,14,0,0,0,0,56,12,11,0,1,1,6,1,
757,13101,3,Normal,37,5,5,5,0,15,27,0,0,10,0,1,1,10,0,0,5,0,0,0,0,122,-12,22,0,1,1,6,1,
757,13101,4,Normal,5,1,1,0,0,27,0,0,0,0,0,1,1,0,0,0,6,0,0,0,0,9,27,2,1,0,0,6,1,party wiped
758,13102,1,Normal,33,3,3,3,0,27,27,0,0,15,0,1,1,1,8,3,15,3,3,0,0,84,0,20,0,1,1,4,1,floor1_town
758,13102,2,Normal,21,3,3,2,0,27,0,0,0,10,0,1,1,3,3,3,14,0,0,0,0,70,27,14,1,0,0,4,1,party wiped
759,13103,1,Normal,26,4,4,4,0,27,27,0,0,20,0,1,1,6,10,6,15,3,3,0,0,112,0,30,0,1,1,5,1,floor1_town
759,13103,2,Normal,23,4,4,3,0,27,0,0,0,15,0,1,1,2,3,3,14,0,0,0,0,102,27,19,1,0,0,5,1,party wiped
760,13104,1,Normal,34,2,2,2,0,27,27,0,0,10,0,1,1,3,4,0,15,3,3,0,0,56,0,10,0,1,1,3,1,floor1_town
760,13104,2,Normal,23,3,3,2,0,27,0,0,0,10,0,1,1,1,3,3,16,0,0,0,0,65,27,12,1,0,0,3,1,party wiped
761,13105,1,Normal,26,5,5,5,0,27,27,0,0,25,0,1,1,7,10,4,15,3,3,0,0,140,0,31,0,1,1,6,1,floor1_town
761,13105,2,Normal,35,4,4,4,0,27,15,0,0,20,0,1,1,4,3,3,13,0,0,0,0,112,12,20,0,1,1,6,1,
761,13105,3,Normal,7,2,2,1,0,15,0,0,0,0,0,1,1,2,0,0,12,0,0,0,0,40,15,7,1,0,0,6,1,party wiped
762,13106,1,Normal,35,4,4,4,0,27,27,0,0,20,0,1,1,4,8,1,15,3,3,0,0,112,0,20,0,1,1,5,1,floor1_town
762,13106,2,Normal,29,5,5,4,0,27,0,0,0,20,0,1,1,4,3,3,11,0,0,0,0,137,27,22,1,0,0,5,1,party wiped
763,13107,1,Normal,27,2,2,2,0,27,27,0,0,10,0,1,1,1,4,3,15,3,3,0,0,56,12,17,0,1,1,3,1,floor1_town
763,13107,2,Normal,39,7,7,7,0,27,27,0,0,35,0,1,1,11,3,3,6,0,0,0,0,196,0,32,0,1,1,3,1,
763,13107,3,Normal,1,1,1,0,0,27,0,0,0,0,0,1,1,0,0,0,8,0,0,0,0,21,27,3,1,0,0,3,1,party wiped
764,13108,1,Normal,35,3,3,3,0,27,27,0,0,15,0,1,1,4,6,2,15,3,3,0,0,84,0,19,0,1,1,4,1,floor1_town
764,13108,2,Normal,7,2,2,1,0,27,0,0,0,5,0,1,1,1,3,3,14,0,0,0,0,37,27,14,1,0,0,4,1,party wiped
765,13109,1,Normal,28,3,3,3,0,27,27,0,0,15,0,1,1,2,6,0,15,3,3,0,0,84,0,14,0,1,1,4,1,floor1_town
765,13109,2,Normal,12,2,2,1,0,27,0,0,0,5,0,1,1,2,3,3,15,0,0,0,0,51,27,11,1,0,0,4,1,party wiped
766,13110,1,Normal,36,3,3,3,0,27,27,0,0,15,0,1,1,3,5,0,15,3,3,0,0,84,0,13,0,1,1,4,1,floor1_town
766,13110,2,Normal,36,2,2,2,0,27,27,0,0,10,0,1,1,3,1,0,12,2,3,0,0,56,0,6,0,1,1,4,1,
766,13110,3,Normal,32,4,4,4,0,27,27,0,0,10,0,1,1,3,2,2,9,0,1,0,0,100,0,18,0,1,1,4,1,
766,13110,4,Normal,13,2,2,1,0,27,0,0,0,5,0,1,1,2,0,1,9,0,0,0,0,51,27,10,1,0,0,4,1,party wiped
767,13111,1,Normal,28,4,4,4,0,27,27,0,0,20,0,1,1,5,7,2,15,3,3,0,0,112,0,23,0,1,1,5,1,floor1_town
767,13111,2,Normal,27,3,3,2,0,27,0,0,0,10,0,1,1,5,3,3,12,0,0,0,0,56,27,19,1,0,0,5,1,party wiped
768,13112,1,Normal,37,3,3,3,0,27,27,0,0,15,0,1,1,3,8,3,15,3,3,0,0,84,12,20,0,1,1,4,1,floor1_town
768,13112,2,Normal,34,4,4,4,0,27,27,0,0,20,0,1,1,5,3,3,10,0,0,0,0,112,0,22,0,1,1,4,1,
768,13112,3,Normal,8,1,1,0,0,27,0,0,0,0,0,1,1,0,0,0,12,0,0,0,0,9,27,2,1,0,0,4,1,party wiped
769,13113,1,Normal,29,2,2,2,0,27,27,0,0,10,0,1,1,1,6,4,15,3,3,0,0,56,12,16,0,1,1,3,1,floor1_town
769,13113,2,Normal,34,3,3,3,0,27,15,0,0,15,0,1,1,3,3,3,13,0,0,0,0,84,12,18,0,1,1,3,1,
769,13113,3,Normal,38,6,6,5,0,15,0,0,0,5,0,1,1,7,0,0,7,0,0,0,0,116,15,24,1,0,0,3,1,party wiped
770,13114,1,Normal,37,2,2,2,0,27,27,0,0,10,0,1,1,3,4,0,15,3,3,0,0,56,0,15,0,1,1,3,1,floor1_town
770,13114,2,Normal,28,4,4,4,0,27,27,0,0,20,0,1,1,5,3,3,10,0,0,0,0,112,0,21,0,1,1,3,1,
770,13114,3,Normal,12,1,1,0,0,27,0,0,0,0,0,1,1,0,0,0,12,0,0,0,0,9,27,2,1,0,0,3,1,party wiped
771,13115,1,Normal,30,3,3,3,0,27,27,0,0,15,0,1,1,1,6,0,15,3,3,0,0,84,0,14,0,1,1,4,1,floor1_town
771,13115,2,Normal,30,3,3,3,0,27,27,0,0,15,0,1,1,2,3,3,14,0,0,0,0,84,0,14,0,1,1,4,1,
771,13115,3,Normal,7,1,1,0,0,27,0,0,0,0,0,1,1,1,0,0,14,0,0,0,0,27,27,4,1,0,0,4,1,party wiped
772,13116,1,Normal,38,2,2,2,0,27,27,0,0,10,0,1,1,3,3,0,15,3,3,0,0,56,0,8,0,1,1,3,1,floor1_town
772,13116,2,Normal,33,2,2,2,0,27,27,0,0,10,0,1,1,1,3,0,16,0,3,0,0,56,0,8,0,1,1,3,1,
772,13116,3,Normal,27,5,5,4,0,27,0,0,0,10,0,1,1,2,0,3,15,0,0,0,0,109,27,15,1,0,0,3,1,party wiped
773,13117,1,Normal,31,4,4,4,0,27,27,0,0,20,0,1,1,5,11,3,15,3,3,0,0,112,0,28,0,1,1,5,1,floor1_town
773,13117,2,Normal,33,4,4,4,0,27,27,0,0,20,0,1,1,3,3,3,13,0,0,0,0,112,0,18,0,1,1,5,1,
773,13117,3,Normal,27,4,4,4,0,27,27,0,0,0,0,1,1,5,0,0,8,0,0,0,0,88,0,18,0,1,1,5,1,
773,13117,4,Normal,15,3,3,2,0,27,0,0,0,10,0,1,1,2,0,0,7,0,0,0,0,70,27,12,1,0,0,5,1,party wiped
774,13118,1,Normal,39,3,3,3,0,27,27,0,0,15,0,1,1,3,6,1,15,3,3,0,0,84,0,18,0,1,1,4,1,floor1_town
774,13118,2,Normal,40,2,2,2,0,27,27,0,0,10,0,1,1,2,3,1,14,0,2,0,0,56,0,9,0,1,1,4,1,
774,13118,3,Normal,26,3,3,3,0,27,27,0,0,10,0,1,1,6,0,2,10,0,0,0,0,78,0,20,0,1,1,4,1,
774,13118,4,Normal,28,5,5,4,0,27,0,0,0,20,0,1,1,5,0,0,5,0,0,0,0,126,27,16,1,0,0,4,1,party wiped
775,13119,1,Normal,31,4,4,4,0,27,27,0,0,20,0,1,1,4,8,5,15,3,3,0,0,112,12,25,0,1,1,5,1,floor1_town
775,13119,2,Normal,29,2,2,2,0,27,27,0,0,10,0,1,1,2,3,2,13,0,1,0,0,56,0,11,0,1,1,5,1,
775,13119,3,Normal,11,2,2,1,0,27,0,0,0,5,0,1,1,0,0,1,13,0,0,0,0,42,27,5,1,0,0,5,1,party wiped
776,13120,1,Normal,40,6,6,6,0,27,27,0,0,30,0,1,1,7,14,5,15,3,3,0,0,168,0,41,0,1,1,7,1,floor1_town
776,13120,2,Normal,30,4,4,3,0,27,0,0,0,15,0,1,1,6,3,3,9,0,0,0,0,93,27,22,1,0,0,7,1,party wiped
777,13121,1,Normal,32,1,1,1,0,27,27,0,0,5,0,1,1,2,3,0,15,3,3,0,0,28,0,6,0,1,1,2,1,floor1_town
777,13121,2,Normal,35,0,0,0,0,27,27,0,0,0,0,1,1,0,0,0,16,3,3,0,0,0,0,0,0,1,1,2,0,
777,13121,3,Normal,37,2,2,2,0,27,22,0,0,5,0,1,1,0,3,3,16,0,0,0,0,50,5,12,0,1,1,2,1,
777,13121,4,Normal,17,2,2,1,0,22,0,0,0,5,0,1,1,2,0,0,16,0,0,0,0,37,22,7,1,0,0,2,1,party wiped
778,13122,1,Normal,40,4,4,4,0,27,27,0,0,20,0,1,1,5,10,5,15,3,3,0,0,112,0,27,0,1,1,5,1,floor1_town
778,13122,2,Normal,34,3,3,3,0,27,27,0,0,15,0,1,1,3,3,3,12,0,0,0,0,84,0,13,0,1,1,5,1,
778,13122,3,Normal,38,3,3,3,0,27,15,0,0,5,0,1,1,6,0,0,6,0,0,0,0,72,12,13,0,1,1,5,1,
778,13122,4,Normal,8,1,1,0,0,15,0,0,0,0,0,1,1,2,0,0,6,0,0,0,0,9,15,5,1,0,0,5,1,party wiped
779,13123,1,Normal,33,3,3,3,0,27,27,0,0,15,0,1,1,3,7,3,15,3,3,0,0,84,12,23,0,1,1,4,1,floor1_town
779,13123,2,Normal,21,4,4,3,0,27,0,0,0,15,0,1,1,1,3,3,15,0,0,0,0,102,27,16,1,0,0,4,1,party wiped
780,13124,1,Normal,25,4,4,4,0,27,27,0,0,20,0,1,1,3,11,3,15,3,3,0,0,112,0,23,0,1,1,5,1,floor1_town
780,13124,2,Normal,26,3,3,2,0,27,0,0,0,10,0,1,1,0,3,3,16,0,0,0,0,56,27,13,1,0,0,5,1,party wiped
781,13125,1,Normal,33,3,3,3,0,27,27,0,0,15,0,1,1,4,4,0,15,3,3,0,0,84,0,12,0,1,1,4,1,floor1_town
781,13125,2,Normal,27,3,3,3,0,27,27,0,0,15,0,1,1,3,3,3,14,0,0,0,0,84,0,18,0,1,1,4,1,
781,13125,3,Normal,17,3,3,2,0,27,0,0,0,5,0,1,1,1,0,0,14,0,0,0,0,59,27,7,1,0,0,4,1,party wiped
782,13126,1,Normal,26,4,4,4,0,27,27,0,0,20,0,1,1,2,7,1,15,3,3,0,0,112,0,16,0,1,1,5,1,floor1_town
782,13126,2,Normal,30,5,5,4,0,27,0,0,0,20,0,1,1,3,3,3,14,0,0,0,0,126,27,22,1,0,0,5,1,party wiped
783,13127,1,Normal,34,4,4,4,0,27,27,0,0,20,0,1,1,6,10,5,15,3,3,0,0,112,0,27,0,1,1,5,1,floor1_town
783,13127,2,Normal,24,3,3,2,0,27,0,0,0,10,0,1,1,1,3,3,14,0,0,0,0,79,27,14,1,0,0,5,1,party wiped
784,13128,1,Normal,27,4,4,4,0,27,27,0,0,20,0,1,1,2,8,2,15,3,3,0,0,112,0,18,0,1,1,5,1,floor1_town
784,13128,2,Normal,30,3,3,3,0,27,15,0,0,15,0,1,1,3,3,3,14,0,0,0,0,84,12,13,0,1,1,5,1,
784,13128,3,Normal,12,2,2,1,0,15,0,0,0,0,0,1,1,1,0,0,13,0,0,0,0,22,15,5,1,0,0,5,1,party wiped
785,13129,1,Normal,35,4,4,4,0,27,27,0,0,20,0,1,1,2,8,0,15,3,3,0,0,112,0,19,0,1,1,5,1,floor1_town
785,13129,2,Normal,30,3,3,3,0,27,15,0,0,15,0,1,1,3,3,3,13,0,0,0,0,84,12,17,0,1,1,5,1,
785,13129,3,Normal,26,2,2,2,0,15,27,0,0,0,0,1,1,1,0,0,13,0,0,0,0,44,-12,4,0,1,1,5,1,
785,13129,4,Normal,7,1,1,0,0,27,0,0,0,0,0,1,1,0,0,0,14,0,0,0,0,0,27,2,1,0,0,5,1,party wiped
786,13130,1,Normal,27,3,3,3,0,27,27,0,0,15,0,1,1,6,4,1,15,3,3,0,0,84,0,16,0,1,1,4,1,floor1_town
786,13130,2,Normal,26,3,3,3,0,27,27,0,0,15,0,1,1,2,3,3,13,0,0,0,0,84,0,17,0,1,1,4,1,
786,13130,3,Normal,31,5,5,5,0,27,11,0,0,10,0,1,1,2,0,0,13,0,0,0,0,122,16,15,0,1,1,4,1,
786,13130,4,Normal,1,1,1,0,0,11,0,0,0,0,0,1,1,0,0,0,14,0,0,0,0,9,11,1,1,0,0,4,1,party wiped
787,13131,1,Normal,36,3,3,3,0,27,27,0,0,15,0,1,1,5,6,0,15,3,3,0,0,84,0,17,0,1,1,4,1,floor1_town
787,13131,2,Normal,14,2,2,1,0,27,0,0,0,5,0,1,1,0,3,3,16,0,0,0,0,46,27,9,1,0,0,4,1,party wiped
788,13132,1,Normal,28,3,3,3,0,27,27,0,0,15,0,1,1,2,7,1,15,3,3,0,0,84,0,16,0,1,1,4,1,floor1_town
788,13132,2,Normal,33,2,2,2,0,27,27,0,0,10,0,1,1,3,3,2,12,0,1,0,0,56,0,13,0,1,1,4,1,
788,13132,3,Normal,33,3,3,3,0,27,27,0,0,5,0,1,1,4,0,1,10,0,0,0,0,72,0,12,0,1,1,4,1,
788,13132,4,Normal,7,2,2,1,0,27,0,0,0,5,0,1,1,5,0,0,6,0,0,0,0,55,27,14,1,0,0,4,1,party wiped
789,13133,1,Normal,36,3,3,3,0,27,27,0,0,15,0,1,1,3,3,0,15,3,3,0,0,84,0,13,0,1,1,4,1,floor1_town
789,13133,2,Normal,30,3,3,2,0,27,0,0,0,10,0,1,1,4,3,3,13,0,0,0,0,65,27,16,1,0,0,4,1,party wiped
790,13134,1,Normal,29,4,4,4,0,27,27,0,0,20,0,1,1,4,12,3,15,3,3,0,0,112,0,25,0,1,1,5,1,floor1_town
790,13134,2,Normal,40,5,5,5,0,27,15,0,0,25,0,1,1,6,3,3,9,0,0,0,0,140,12,25,0,1,1,5,1,
790,13134,3,Normal,27,3,3,3,0,15,27,0,0,5,0,1,1,3,0,0,6,0,0,0,0,72,-12,11,0,1,1,5,1,
790,13134,4,Normal,25,2,2,1,0,27,0,0,0,5,0,1,1,2,0,0,6,0,0,0,0,51,27,8,1,0,0,5,1,party wiped
791,13135,1,Normal,37,5,5,5,0,27,27,0,0,25,0,1,1,4,12,0,15,3,3,0,0,140,0,26,0,1,1,6,1,floor1_town
791,13135,2,Normal,17,3,3,2,0,27,0,0,0,10,0,1,1,3,3,3,14,0,0,0,0,65,27,17,1,0,0,6,1,party wiped
792,13136,1,Normal,29,3,3,3,0,27,27,0,0,15,0,1,1,2,7,0,15,3,3,0,0,84,0,14,0,1,1,4,1,floor1_town
792,13136,2,Normal,20,3,3,2,0,27,0,0,0,10,0,1,1,1,3,3,15,0,0,0,0,65,27,14,1,0,0,4,1,party wiped
793,13137,1,Normal,38,4,4,4,0,27,27,0,0,20,0,1,1,3,8,0,15,3,3,0,0,112,0,23,0,1,1,5,1,floor1_town
793,13137,2,Normal,40,4,4,4,0,27,27,0,0,20,0,1,1,3,3,3,12,0,0,0,0,112,0,22,0,1,1,5,1,
793,13137,3,Normal,3,1,1,0,0,27,0,0,0,0,0,1,1,0,0,0,12,0,0,0,0,0,27,3,1,0,0,5,1,party wiped
794,13138,1,Normal,30,5,5,5,0,27,27,0,0,25,0,1,1,2,10,0,15,3,3,0,0,140,0,20,0,1,1,6,1,floor1_town
794,13138,2,Normal,26,2,2,2,0,27,27,0,0,10,0,1,1,0,3,2,15,0,1,0,0,56,0,9,0,1,1,6,1,
794,13138,3,Normal,21,4,4,3,0,27,0,0,0,10,0,1,1,5,0,1,10,0,0,0,0,96,27,19,1,0,0,6,1,party wiped
795,13139,1,Normal,38,2,2,2,0,27,27,0,0,10,0,1,1,3,4,0,15,3,3,0,0,56,0,13,0,1,1,3,1,floor1_town
795,13139,2,Normal,26,2,2,2,0,27,27,0,0,10,0,1,1,2,3,3,14,0,0,0,0,56,0,13,0,1,1,3,1,
795,13139,3,Normal,12,2,2,1,0,27,0,0,0,0,0,1,1,2,0,0,14,0,0,0,0,49,27,10,1,0,0,3,1,party wiped
796,13140,1,Normal,31,1,1,1,0,27,27,0,0,5,0,1,1,1,3,1,15,3,3,0,0,28,0,6,0,1,1,2,1,floor1_town
796,13140,2,Normal,16,3,3,2,0,27,0,0,0,10,0,1,1,4,3,3,11,0,0,0,0,65,27,16,1,0,0,2,1,party wiped
797,13141,1,Normal,39,2,2,2,0,27,27,0,0,10,0,1,1,5,6,1,15,3,3,0,0,56,0,17,0,1,1,3,1,floor1_town
797,13141,2,Normal,30,3,3,3,0,27,27,0,0,15,0,1,1,2,3,3,14,0,0,0,0,84,0,14,0,1,1,3,1,
797,13141,3,Normal,26,2,2,1,0,27,0,0,0,0,0,1,1,0,0,0,15,0,0,0,0,22,27,4,1,0,0,3,1,party wiped
798,13142,1,Normal,32,2,2,2,0,27,27,0,0,10,0,1,1,1,4,0,15,3,3,0,0,56,0,11,0,1,1,3,1,floor1_town
798,13142,2,Normal,28,4,4,3,0,27,0,0,0,15,0,1,1,5,3,3,11,0,0,0,0,93,27,22,1,0,0,3,1,party wiped
799,13143,1,Normal,40,8,8,8,0,27,27,0,0,40,0,1,1,9,20,6,15,3,3,0,0,224,0,57,0,1,1,9,1,floor1_town
799,13143,2,Normal,32,5,5,5,0,27,15,0,0,25,0,1,1,5,3,3,12,0,0,0,0,140,12,20,0,1,1,9,1,
799,13143,3,Normal,26,2,2,2,0,15,18,0,0,10,0,1,1,4,0,0,9,0,0,0,0,56,-3,12,0,1,1,9,1,
799,13143,4,Normal,29,2,2,1,0,18,0,0,0,5,0,1,1,2,0,0,8,0,0,0,0,46,18,7,1,0,0,9,1,party wiped
800,13144,1,Normal,32,5,5,5,0,27,27,0,0,25,0,1,1,5,12,3,15,3,3,0,0,140,0,30,0,1,1,6,1,floor1_town
800,13144,2,Normal,35,5,5,5,0,27,27,0,0,25,0,1,1,10,3,3,5,0,0,0,0,140,0,31,0,1,1,6,1,
800,13144,3,Normal,34,3,3,3,0,27,27,0,0,5,0,1,1,5,0,0,0,0,0,0,0,72,0,13,0,1,1,6,1,
800,13144,4,Normal,8,1,1,0,0,27,0,0,0,0,0,1,1,0,0,0,0,0,0,0,0,18,27,2,1,0,0,6,1,party wiped
801,13145,1,Normal,25,1,1,1,0,27,27,0,0,5,0,1,1,0,1,0,15,3,3,0,0,28,0,4,0,1,1,2,1,floor1_town
801,13145,2,Normal,19,3,3,2,0,27,0,0,0,10,0,1,1,2,3,3,13,0,0,0,0,72,27,18,1,0,0,2,1,party wiped
802,13146,1,Normal,33,3,3,3,0,27,27,0,0,15,0,1,1,1,7,1,15,3,3,0,0,84,0,18,0,1,1,4,1,floor1_town
802,13146,2,Normal,30,4,4,4,0,27,27,0,0,20,0,1,1,6,3,3,10,0,0,0,0,112,0,19,0,1,1,4,1,
802,13146,3,Normal,25,1,1,1,0,27,27,0,0,5,0,1,1,3,0,0,8,0,0,0,0,28,0,9,0,1,1,4,1,
802,13146,4,Normal,33,3,3,3,0,27,27,0,0,15,0,1,1,6,0,0,3,0,0,0,0,84,0,16,0,1,1,4,1,
802,13146,5,Normal,34,4,4,1,2,27,0,0,0,5,0,1,1,4,0,0,0,0,0,0,0,42,27,11,1,0,0,4,1,party wiped; flee×2
803,13147,1,Normal,25,2,2,2,0,27,27,0,0,10,0,1,1,4,3,3,15,3,3,0,0,56,0,13,0,1,1,3,1,floor1_town
803,13147,2,Normal,30,3,3,3,0,27,27,0,0,15,0,1,1,7,3,3,9,0,0,0,0,84,0,20,0,1,1,3,1,
803,13147,3,Normal,38,3,3,3,0,27,27,0,0,10,0,1,1,7,0,0,4,0,0,0,0,78,0,16,0,1,1,3,1,
803,13147,4,Normal,26,3,3,3,0,27,27,0,0,15,0,1,1,4,0,0,1,0,0,0,0,84,0,12,0,1,1,3,1,
803,13147,5,Normal,25,3,3,3,0,27,27,0,0,15,0,1,1,2,0,0,0,0,0,0,0,84,0,9,0,1,1,3,1,
803,13147,6,Normal,18,3,3,0,2,27,0,0,0,0,0,1,1,0,0,0,0,0,0,0,0,0,27,4,1,0,0,3,1,party wiped; flee×2
804,13148,1,Normal,34,4,4,4,0,27,27,0,0,20,0,1,1,6,10,3,15,3,3,0,0,112,0,27,0,1,1,5,1,floor1_town
804,13148,2,Normal,27,2,2,2,0,27,27,0,0,10,0,1,1,2,3,2,15,0,1,0,0,56,0,9,0,1,1,5,1,
804,13148,3,Normal,28,2,2,1,0,27,0,0,0,0,0,1,1,3,0,1,14,0,0,0,0,49,27,10,1,0,0,5,1,party wiped
805,13149,1,Normal,26,1,1,1,0,27,27,0,0,5,0,1,1,2,3,1,15,3,3,0,0,28,0,8,0,1,1,2,1,floor1_town
805,13149,2,Normal,36,4,4,4,0,27,15,0,0,20,0,1,1,1,3,3,15,0,0,0,0,112,12,15,0,1,1,2,1,
805,13149,3,Normal,25,2,2,2,0,15,27,0,0,5,0,1,1,3,0,0,14,0,0,0,0,50,-12,7,0,1,1,2,1,
805,13149,4,Normal,2,1,1,0,0,27,0,0,0,0,0,1,1,0,0,0,14,0,0,0,0,25,27,4,1,0,0,2,1,party wiped
806,13150,1,Normal,34,4,4,4,0,27,27,0,0,20,0,1,1,6,8,2,15,3,3,0,0,112,0,24,0,1,1,5,1,floor1_town
806,13150,2,Normal,40,1,1,1,0,27,27,0,0,5,0,1,1,1,3,1,16,0,2,0,0,28,0,8,0,1,1,5,1,
806,13150,3,Normal,5,1,1,0,0,27,0,0,0,0,0,1,1,0,0,2,16,0,0,0,0,18,27,4,1,0,0,5,1,party wiped
807,13151,1,Normal,27,3,3,3,0,27,27,0,0,15,0,1,1,1,8,0,15,3,3,0,0,84,0,18,0,1,1,4,1,floor1_town
807,13151,2,Normal,38,2,2,2,0,27,27,0,0,10,0,1,1,1,3,1,15,0,2,0,0,56,0,8,0,1,1,4,1,
807,13151,3,Normal,32,4,4,4,0,27,13,0,0,0,0,1,1,0,0,2,15,0,0,0,0,88,14,11,0,1,1,4,1,
807,13151,4,Normal,15,3,3,2,0,13,0,0,0,10,0,1,1,7,0,0,10,0,0,0,0,70,13,19,1,0,0,4,1,party wiped
808,13152,1,Normal,35,3,3,3,0,27,27,0,0,15,0,1,1,4,5,0,15,3,3,0,0,84,0,15,0,1,1,4,1,floor1_town
808,13152,2,Normal,34,4,4,4,0,27,15,0,0,20,0,1,1,4,3,3,13,0,0,0,0,112,12,21,0,1,1,4,1,
808,13152,3,Normal,29,3,3,3,0,15,19,0,0,0,0,1,1,2,0,0,13,0,0,0,0,66,-4,8,0,1,1,4,1,
808,13152,4,Normal,7,2,2,1,0,19,0,0,0,5,0,1,1,2,0,0,13,0,0,0,0,46,19,7,1,0,0,4,1,party wiped
809,13153,1,Normal,27,1,1,1,0,27,27,0,0,5,0,1,1,1,2,0,15,3,3,0,0,28,0,7,0,1,1,2,1,floor1_town
809,13153,2,Normal,21,4,4,3,0,27,0,0,0,15,0,1,1,3,3,3,14,0,0,0,0,107,27,21,1,0,0,2,1,party wiped
810,13154,1,Normal,36,3,3,3,0,27,27,0,0,15,0,1,1,2,6,0,15,3,3,0,0,84,0,13,0,1,1,4,1,floor1_town
810,13154,2,Normal,32,3,3,2,0,27,0,0,0,10,0,1,1,2,3,3,15,0,0,0,0,83,27,15,1,0,0,4,1,party wiped
811,13155,1,Normal,28,3,3,3,0,27,27,0,0,15,0,1,1,5,1,0,15,3,3,0,0,84,0,14,0,1,1,4,1,floor1_town
811,13155,2,Normal,36,4,4,4,0,27,15,0,0,20,0,1,1,9,3,3,6,0,0,0,0,112,12,32,0,1,1,4,1,
811,13155,3,Normal,7,2,2,1,0,15,0,0,0,0,0,1,1,3,0,0,3,0,0,0,0,36,15,11,1,0,0,4,1,party wiped
812,13156,1,Normal,37,3,3,3,0,27,27,0,0,15,0,1,1,1,5,0,15,3,3,0,0,84,0,14,0,1,1,4,1,floor1_town
812,13156,2,Normal,20,4,4,3,0,27,0,0,0,15,0,1,1,6,3,3,11,0,0,0,0,93,27,21,1,0,0,4,1,party wiped
813,13157,1,Normal,29,1,1,1,0,27,27,0,0,5,0,1,1,4,2,0,15,3,3,0,0,28,0,9,0,1,1,2,1,floor1_town
813,13157,2,Normal,31,2,2,2,0,27,27,0,0,10,0,1,1,1,2,0,15,1,3,0,0,56,0,7,0,1,1,2,1,
813,13157,3,Normal,33,1,1,1,0,27,27,0,0,5,0,1,1,1,1,0,15,0,3,0,0,28,0,3,0,1,1,2,1,
813,13157,4,Normal,15,2,2,1,0,27,0,0,0,5,0,1,1,1,0,3,15,0,0,0,0,42,27,8,1,0,0,2,1,party wiped
814,13158,1,Normal,37,8,8,8,0,27,27,0,0,40,0,1,1,8,18,3,15,3,3,0,0,224,0,44,0,1,1,9,1,floor1_town
814,13158,2,Normal,39,4,4,4,0,27,27,0,0,20,0,1,1,8,3,3,9,0,0,0,0,112,0,28,0,1,1,9,1,
814,13158,3,Normal,30,1,1,1,0,27,27,0,0,0,0,1,1,1,0,0,8,0,0,0,0,22,0,3,0,1,1,9,1,
814,13158,4,Normal,10,1,1,0,0,27,0,0,0,0,0,1,1,1,0,0,9,0,0,0,0,14,27,3,1,0,0,9,1,party wiped
815,13159,1,Normal,30,1,1,1,0,27,27,0,0,5,0,1,1,0,3,3,15,3,3,0,0,28,0,8,0,1,1,2,1,floor1_town
815,13159,2,Normal,29,6,6,5,0,27,0,0,0,25,0,1,1,4,3,3,11,0,0,0,0,149,27,20,1,0,0,2,1,party wiped
816,13160,1,Normal,38,3,3,3,0,27,27,0,0,15,0,1,1,5,6,0,15,3,3,0,0,84,0,19,0,1,1,4,1,floor1_town
816,13160,2,Normal,37,2,2,2,0,27,27,0,0,10,0,1,1,1,3,1,16,0,2,0,0,56,0,11,0,1,1,4,1,
816,13160,3,Normal,30,5,5,5,0,27,11,0,0,10,0,1,1,6,0,2,10,0,0,0,0,122,16,21,0,1,1,4,1,
816,13160,4,Normal,1,1,1,0,0,11,0,0,0,0,0,1,1,0,0,0,12,0,0,0,0,9,11,1,1,0,0,4,1,party wiped
817,13161,1,Normal,30,2,2,2,0,27,27,0,0,10,0,1,1,3,3,0,15,3,3,0,0,56,0,8,0,1,1,3,1,floor1_town
817,13161,2,Normal,32,1,1,1,0,27,27,0,0,5,0,1,1,0,2,0,17,1,3,0,0,28,0,4,0,1,1,3,1,
817,13161,3,Normal,12,2,2,1,0,27,0,0,0,5,0,1,1,2,1,3,17,0,0,0,0,55,27,10,1,0,0,3,1,party wiped
818,13162,1,Normal,39,5,5,5,0,27,27,0,0,25,0,1,1,9,11,1,15,3,3,0,0,140,0,27,0,1,1,6,1,floor1_town
818,13162,2,Normal,25,1,1,1,0,27,27,0,0,5,0,1,1,0,1,0,15,2,3,0,0,28,0,3,0,1,1,6,1,
818,13162,3,Normal,12,2,2,1,0,27,0,0,0,0,0,1,1,0,2,3,16,0,0,0,0,31,27,8,1,0,0,6,1,party wiped
819,13163,1,Normal,31,4,4,4,0,27,27,0,0,20,0,1,1,4,7,2,15,3,3,0,0,112,0,24,0,1,1,5,1,floor1_town
819,13163,2,Normal,39,3,3,3,0,27,27,0,0,15,0,1,1,4,3,3,11,0,0,0,0,84,0,23,0,1,1,5,1,
819,13163,3,Normal,37,4,4,4,0,27,14,0,0,0,0,1,1,2,0,0,9,0,0,0,0,88,13,11,0,1,1,5,1,
819,13163,4,Normal,13,1,1,0,0,14,0,0,0,0,0,1,1,1,0,0,8,0,0,0,0,27,14,3,1,0,0,5,1,party wiped
820,13164,1,Normal,39,6,6,6,0,27,27,0,0,30,0,1,1,3,15,2,15,3,3,0,0,168,0,32,0,1,1,7,1,floor1_town
820,13164,2,Normal,37,5,5,4,0,27,0,0,0,20,0,1,1,3,3,3,12,0,0,0,0,121,27,22,1,0,0,7,1,party wiped
821,13165,1,Normal,32,3,3,3,0,27,27,0,0,15,0,1,1,4,4,0,15,3,3,0,0,84,0,18,0,1,1,4,1,floor1_town
821,13165,2,Normal,36,4,4,4,0,27,15,0,0,20,0,1,1,7,3,3,8,0,0,0,0,112,12,26,0,1,1,4,1,
821,13165,3,Normal,17,2,2,1,0,15,0,0,0,0,0,1,1,2,0,0,7,0,0,0,0,36,15,9,1,0,0,4,1,party wiped
822,13166,1,Normal,40,6,6,6,0,27,27,0,0,30,0,1,1,5,11,0,15,3,3,0,0,168,0,31,0,1,1,7,1,floor1_town
822,13166,2,Normal,25,2,2,2,0,27,15,0,0,10,0,1,1,1,3,3,14,0,0,0,0,56,12,10,0,1,1,7,1,
822,13166,3,Normal,5,1,1,0,0,15,0,0,0,0,0,1,1,0,0,0,14,0,0,0,0,0,15,1,1,0,0,7,1,party wiped
823,13167,1,Normal,33,4,4,4,0,27,27,0,0,20,0,1,1,4,9,1,15,3,3,0,0,112,0,20,0,1,1,5,1,floor1_town
823,13167,2,Normal,26,3,3,2,0,27,0,0,0,10,0,1,1,3,3,3,14,0,0,0,0,56,27,15,1,0,0,5,1,party wiped
824,13168,1,Normal,25,3,3,3,0,27,27,0,0,15,0,1,1,1,5,1,15,3,3,0,0,84,0,13,0,1,1,4,1,floor1_town
824,13168,2,Normal,37,4,4,4,0,27,27,0,0,20,0,1,1,9,3,3,6,0,0,0,0,112,0,28,0,1,1,4,1,
824,13168,3,Normal,17,4,4,3,0,27,0,0,0,10,0,1,1,4,0,0,2,0,0,0,0,87,27,18,1,0,0,4,1,party wiped
825,13169,1,Normal,33,2,2,2,0,27,27,0,0,10,0,1,1,2,3,0,15,3,3,0,0,56,0,9,0,1,1,3,1,floor1_town
825,13169,2,Normal,32,4,4,4,0,27,15,0,0,20,0,1,1,2,3,3,13,0,0,0,0,112,12,18,0,1,1,3,1,
825,13169,3,Normal,24,4,4,3,0,15,0,0,0,5,0,1,1,5,0,0,8,0,0,0,0,86,15,17,1,0,0,3,1,party wiped
826,13170,1,Normal,26,2,2,2,0,27,27,0,0,10,0,1,1,2,2,0,15,3,3,0,0,56,0,8,0,1,1,3,1,floor1_town
826,13170,2,Normal,28,1,1,1,0,27,27,0,0,5,0,1,1,1,3,0,14,0,3,0,0,28,0,6,0,1,1,3,1,
826,13170,3,Normal,11,2,2,1,0,27,0,0,0,5,0,1,1,0,0,3,16,0,0,0,0,46,27,6,1,0,0,3,1,party wiped
827,13171,1,Normal,34,4,4,4,0,27,27,0,0,20,0,1,1,4,10,4,15,3,3,0,0,112,0,28,0,1,1,5,1,floor1_town
827,13171,2,Normal,40,4,4,4,0,27,27,0,0,20,0,1,1,7,3,3,9,0,0,0,0,112,0,24,0,1,1,5,1,
827,13171,3,Normal,34,4,4,4,0,27,27,0,0,15,0,1,1,8,0,0,1,0,0,0,0,106,0,21,0,1,1,5,1,
827,13171,4,Normal,20,1,1,0,0,27,0,0,0,0,0,1,1,1,0,0,0,0,0,0,0,18,27,4,1,0,0,5,1,party wiped
828,13172,1,Normal,26,1,1,1,0,27,27,0,0,5,0,1,1,0,1,0,15,3,3,0,0,28,0,3,0,1,1,2,1,floor1_town
828,13172,2,Normal,23,4,4,3,0,27,0,0,0,15,0,1,1,6,3,3,10,0,0,0,0,107,27,19,1,0,0,2,1,party wiped
829,13173,1,Normal,35,4,4,4,0,27,27,0,0,20,0,1,1,6,8,1,15,3,3,0,0,112,0,21,0,1,1,5,1,floor1_town
829,13173,2,Normal,30,4,4,4,0,27,27,0,0,20,0,1,1,8,3,3,9,0,0,0,0,112,0,23,0,1,1,5,1,
829,13173,3,Normal,40,4,4,4,0,27,14,0,0,5,0,1,1,5,0,0,4,0,0,0,0,94,13,15,0,1,1,5,1,
829,13173,4,Normal,29,1,1,1,0,14,18,0,0,5,0,1,1,2,0,0,3,0,0,0,0,28,-4,6,0,1,1,5,1,
829,13173,5,Normal,7,2,2,1,0,18,0,0,0,5,0,1,1,3,0,0,1,0,0,0,0,37,18,11,1,0,0,5,1,party wiped
830,13174,1,Normal,27,5,5,5,0,27,27,0,0,25,0,1,1,6,10,0,15,3,3,0,0,140,0,24,0,1,1,6,1,floor1_town
830,13174,2,Normal,30,1,1,1,0,27,27,0,0,5,0,1,1,2,1,0,15,2,3,0,0,28,0,5,0,1,1,6,1,
830,13174,3,Normal,35,1,1,1,0,27,27,0,0,5,0,1,1,1,2,2,16,0,1,0,0,28,0,6,0,1,1,6,1,
830,13174,4,Normal,6,1,1,0,0,27,0,0,0,0,0,1,1,1,0,1,17,0,0,0,0,27,27,4,1,0,0,6,1,party wiped
831,13175,1,Normal,35,5,5,5,0,27,27,0,0,25,0,1,1,5,7,1,15,3,3,0,0,140,0,22,0,1,1,6,1,floor1_town
831,13175,2,Normal,15,3,3,2,0,27,0,0,0,10,0,1,1,3,3,3,14,0,0,0,0,79,27,16,1,0,0,6,1,party wiped
832,13176,1,Normal,28,3,3,3,0,27,27,0,0,15,0,1,1,1,5,2,15,3,3,0,0,84,0,12,0,1,1,4,1,floor1_town
832,13176,2,Normal,39,3,3,3,0,27,15,0,0,15,0,1,1,1,3,3,14,0,0,0,0,84,12,14,0,1,1,4,1,
832,13176,3,Normal,37,3,3,3,0,15,14,0,0,0,0,1,1,2,0,0,13,0,0,0,0,66,1,8,0,1,1,4,1,
832,13176,4,Normal,15,2,2,1,0,14,0,0,0,5,0,1,1,2,0,0,13,0,0,0,0,46,14,6,1,0,0,4,1,party wiped
833,13177,1,Normal,36,3,3,3,0,27,27,0,0,15,0,1,1,0,7,1,15,3,3,0,0,84,0,13,0,1,1,4,1,floor1_town
833,13177,2,Normal,37,3,3,3,0,27,15,0,0,15,0,1,1,7,3,3,10,0,0,0,0,84,12,25,0,1,1,4,1,
833,13177,3,Normal,26,3,3,3,0,15,27,0,0,10,0,1,1,6,0,0,6,0,0,0,0,78,-12,14,0,1,1,4,1,
833,13177,4,Normal,22,3,3,2,0,27,0,0,0,10,0,1,1,5,0,0,1,0,0,0,0,56,27,17,1,0,0,4,1,party wiped
834,13178,1,Normal,28,4,4,4,0,27,27,0,0,20,0,1,1,3,10,1,15,3,3,0,0,112,0,21,0,1,1,5,1,floor1_town
834,13178,2,Normal,28,3,3,3,0,27,27,0,0,15,0,1,1,3,3,3,14,0,0,0,0,84,0,17,0,1,1,5,1,
834,13178,3,Normal,25,1,1,1,0,27,27,0,0,0,0,1,1,1,0,0,14,0,0,0,0,22,0,3,0,1,1,5,1,
834,13178,4,Normal,21,2,2,1,0,27,0,0,0,5,0,1,1,2,0,0,13,0,0,0,0,55,27,9,1,0,0,5,1,party wiped
835,13179,1,Normal,37,2,2,2,0,27,27,0,0,10,0,1,1,1,4,0,15,3,3,0,0,56,0,8,0,1,1,3,1,floor1_town
835,13179,2,Normal,29,3,3,3,0,27,27,0,0,15,0,1,1,4,3,2,13,0,1,0,0,84,0,15,0,1,1,3,1,
835,13179,3,Normal,37,2,2,2,0,27,27,0,0,5,0,1,1,3,0,1,10,0,0,0,0,50,0,9,0,1,1,3,1,
835,13179,4,Normal,17,1,1,0,0,27,0,0,0,0,0,1,1,0,0,0,12,0,0,0,0,18,27,2,1,0,0,3,1,party wiped
836,13180,1,Normal,29,2,2,2,0,27,27,0,0,10,0,1,1,1,4,1,15,3,3,0,0,56,0,12,0,1,1,3,1,floor1_town
836,13180,2,Normal,37,1,1,1,0,27,27,0,0,5,0,1,1,2,3,0,14,0,3,0,0,28,0,9,0,1,1,3,1,
836,13180,3,Normal,30,5,5,5,0,27,15,0,0,20,0,1,1,4,0,3,11,0,0,0,0,134,12,24,0,1,1,3,1,
836,13180,4,Normal,15,3,3,2,0,15,0,0,0,10,0,1,1,3,0,0,8,0,0,0,0,65,15,12,1,0,0,3,1,party wiped
837,13181,1,Normal,38,3,3,3,0,27,27,0,0,15,0,1,1,1,6,0,15,3,3,0,0,84,0,13,0,1,1,4,1,floor1_town
837,13181,2,Normal,19,4,4,3,0,27,0,0,0,15,0,1,1,5,3,3,11,0,0,0,0,98,27,16,1,0,0,4,1,party wiped
838,13182,1,Normal,30,4,4,4,0,27,27,0,0,20,0,1,1,9,10,4,15,3,3,0,0,112,12,29,0,1,1,5,1,floor1_town
838,13182,2,Normal,38,4,4,4,0,27,27,0,0,20,0,1,1,3,3,3,14,0,0,0,0,112,0,16,0,1,1,5,1,
838,13182,3,Normal,1,1,1,0,0,27,0,0,0,0,0,1,1,1,0,0,13,0,0,0,0,18,27,4,1,0,0,5,1,party wiped
839,13183,1,Normal,38,4,4,4,0,27,27,0,0,20,0,1,1,8,7,1,15,3,3,0,0,112,0,23,0,1,1,5,1,floor1_town
839,13183,2,Normal,27,4,4,3,0,27,0,0,0,15,0,1,1,1,3,3,16,0,0,0,0,98,27,16,1,0,0,5,1,party wiped
840,13184,1,Normal,31,4,4,4,0,27,27,0,0,20,0,1,1,5,4,0,15,3,3,0,0,112,0,18,0,1,1,5,1,floor1_town
840,13184,2,Normal,18,3,3,2,0,27,0,0,0,10,0,1,1,7,3,3,8,0,0,0,0,65,27,25,1,0,0,5,1,party wiped
841,13185,1,Normal,39,3,3,3,0,27,27,0,0,15,0,1,1,3,7,1,15,3,3,0,0,84,0,17,0,1,1,4,1,floor1_town
841,13185,2,Normal,26,3,3,3,0,27,27,0,0,15,0,1,1,0,3,3,15,0,0,0,0,84,0,9,0,1,1,4,1,
841,13185,3,Normal,29,4,4,4,0,27,15,0,0,15,0,1,1,4,0,0,12,0,0,0,0,106,12,16,0,1,1,4,1,
841,13185,4,Normal,23,2,2,1,0,15,0,0,0,5,0,1,1,5,0,0,7,0,0,0,0,55,15,12,1,0,0,4,1,party wiped
842,13186,1,Normal,31,2,2,2,0,27,27,0,0,10,0,1,1,0,3,3,15,3,3,0,0,56,0,10,0,1,1,3,1,floor1_town
842,13186,2,Normal,26,2,2,2,0,27,27,0,0,10,0,1,1,1,3,0,16,0,3,0,0,56,0,8,0,1,1,3,1,
842,13186,3,Normal,32,3,3,3,0,27,14,0,0,5,0,1,1,4,0,3,14,0,0,0,0,72,13,16,0,1,1,3,1,
842,13186,4,Normal,8,1,1,0,0,14,0,0,0,0,0,1,1,0,0,0,16,0,0,0,0,16,14,2,1,0,0,3,1,party wiped
843,13187,1,Normal,40,5,5,5,0,27,27,0,0,25,0,1,1,7,12,2,15,3,3,0,0,140,0,28,0,1,1,6,1,floor1_town
843,13187,2,Normal,26,1,1,1,0,27,27,0,0,5,0,1,1,1,0,0,15,3,3,0,0,28,0,2,0,1,1,6,1,
843,13187,3,Normal,34,3,3,3,0,27,27,0,0,15,0,1,1,3,3,1,14,0,2,0,0,84,0,13,0,1,1,6,1,
843,13187,4,Normal,6,2,2,1,0,27,0,0,0,5,0,1,1,4,0,2,11,0,0,0,0,37,27,11,1,0,0,6,1,party wiped
844,13188,1,Normal,32,4,4,4,0,27,27,0,0,20,0,1,1,5,4,0,15,3,3,0,0,112,0,15,0,1,1,5,1,floor1_town
844,13188,2,Normal,27,4,4,3,0,27,0,0,0,15,0,1,1,4,3,3,11,0,0,0,0,98,27,19,1,0,0,5,1,party wiped
845,13189,1,Normal,40,4,4,4,0,27,27,0,0,20,0,1,1,1,7,0,15,3,3,0,0,112,0,18,0,1,1,5,1,floor1_town
845,13189,2,Normal,32,5,5,5,0,27,15,0,0,25,0,1,1,8,3,3,9,0,0,0,0,140,12,30,0,1,1,5,1,
845,13189,3,Normal,31,3,3,3,0,15,21,0,0,5,0,1,1,8,0,0,1,0,0,0,0,72,-6,20,0,1,1,5,1,
845,13189,4,Normal,25,2,2,1,0,21,0,0,0,5,0,1,1,2,0,0,0,0,0,0,0,55,21,8,1,0,0,5,1,party wiped
846,13190,1,Normal,33,4,4,4,0,27,27,0,0,20,0,1,1,2,6,0,15,3,3,0,0,112,0,16,0,1,1,5,1,floor1_town
846,13190,2,Normal,26,1,1,1,0,27,27,0,0,5,0,1,1,0,2,0,15,1,3,0,0,28,0,3,0,1,1,5,1,
846,13190,3,Normal,32,3,3,3,0,27,27,0,0,0,0,1,1,1,1,3,14,0,0,0,0,66,0,12,0,1,1,5,1,
846,13190,4,Normal,11,2,2,1,0,27,0,0,0,5,0,1,1,2,0,0,12,0,0,0,0,37,27,9,1,0,0,5,1,party wiped
847,13191,1,Normal,25,3,3,3,0,27,27,0,0,15,0,1,1,3,6,1,15,3,3,0,0,84,0,16,0,1,1,4,1,floor1_town
847,13191,2,Normal,37,6,6,5,0,27,0,0,0,25,0,1,1,9,3,3,8,0,0,0,0,147,27,34,1,0,0,4,1,party wiped
848,13192,1,Normal,33,6,6,6,0,27,27,0,0,30,0,1,1,4,12,1,15,3,3,0,0,168,0,30,0,1,1,7,1,floor1_town
848,13192,2,Normal,23,3,3,2,0,27,0,0,0,10,0,1,1,3,3,3,12,0,0,0,0,74,27,17,1,0,0,7,1,party wiped
849,13193,1,Normal,26,3,3,3,0,27,27,0,0,15,0,1,1,1,6,3,15,3,3,0,0,84,12,17,0,1,1,4,1,floor1_town
849,13193,2,Normal,39,2,2,2,0,27,27,0,0,10,0,1,1,0,3,3,16,0,0,0,0,56,0,9,0,1,1,4,1,
849,13193,3,Normal,8,1,1,0,0,27,0,0,0,0,0,1,1,0,0,0,17,0,0,0,0,23,27,4,1,0,0,4,1,party wiped
850,13194,1,Normal,34,4,4,4,0,27,27,0,0,20,0,1,1,2,9,1,15,3,3,0,0,112,0,18,0,1,1,5,1,floor1_town
850,13194,2,Normal,40,6,6,6,0,27,27,0,0,30,0,1,1,4,3,3,11,0,0,0,0,168,0,25,0,1,1,5,1,
850,13194,3,Normal,32,2,2,2,0,27,15,0,0,10,0,1,1,1,0,0,12,0,0,0,0,56,12,6,0,1,1,5,1,
850,13194,4,Normal,27,3,3,3,0,15,27,0,0,15,0,1,1,7,0,0,7,0,0,0,0,84,-12,19,0,1,1,5,1,
850,13194,5,Normal,34,2,2,1,0,27,0,0,0,5,0,1,1,3,0,0,4,0,0,0,0,53,27,10,1,0,0,5,1,party wiped
851,13195,1,Normal,27,5,5,5,0,27,27,0,0,25,0,1,1,3,7,0,15,3,3,0,0,140,0,19,0,1,1,6,1,floor1_town
851,13195,2,Normal,11,2,2,1,0,27,0,0,0,5,0,1,1,2,3,3,15,0,0,0,0,46,27,14,1,0,0,6,1,party wiped
852,13196,1,Normal,35,5,5,5,0,27,27,0,0,25,0,1,1,7,8,1,15,3,3,0,0,140,0,27,0,1,1,6,1,floor1_town
852,13196,2,Normal,29,1,1,1,0,27,27,0,0,5,0,1,1,1,1,0,15,2,3,0,0,28,0,7,0,1,1,6,1,
852,13196,3,Normal,6,2,2,1,0,27,0,0,0,5,0,1,1,2,2,3,14,0,0,0,0,46,27,11,1,0,0,6,1,party wiped
853,13197,1,Normal,27,3,3,3,0,27,27,0,0,15,0,1,1,0,5,0,15,3,3,0,0,84,0,10,0,1,1,4,1,floor1_town
853,13197,2,Normal,15,2,2,1,0,27,0,0,0,5,0,1,1,4,3,3,12,0,0,0,0,51,27,16,1,0,0,4,1,party wiped
854,13198,1,Normal,36,6,6,6,0,27,27,0,0,30,0,1,1,4,16,5,15,3,3,0,0,168,0,38,0,1,1,7,1,floor1_town
854,13198,2,Normal,20,4,4,3,0,27,0,0,0,15,0,1,1,3,3,3,12,0,0,0,0,102,27,16,1,0,0,7,1,party wiped
855,13199,1,Normal,28,1,1,1,0,27,27,0,0,5,0,1,1,1,3,3,15,3,3,0,0,28,0,8,0,1,1,2,1,floor1_town
855,13199,2,Normal,39,2,2,2,0,27,27,0,0,10,0,1,1,3,3,0,12,0,3,0,0,56,0,9,0,1,1,2,1,
855,13199,3,Normal,29,1,1,1,0,27,19,0,0,0,0,1,1,0,0,0,12,0,3,0,0,22,8,2,0,1,1,2,1,
855,13199,4,Normal,7,1,1,0,0,19,0,0,0,0,0,1,1,0,0,3,14,0,0,0,0,14,19,4,1,0,0,2,1,party wiped
856,13200,1,Normal,36,3,3,3,0,27,27,0,0,15,0,1,1,3,9,2,15,3,3,0,0,84,0,19,0,1,1,4,1,floor1_town
856,13200,2,Normal,30,1,1,1,0,27,27,0,0,5,0,1,1,0,3,0,16,0,3,0,0,28,0,5,0,1,1,4,1,
856,13200,3,Normal,37,3,3,3,0,27,27,0,0,15,0,1,1,3,0,2,13,0,1,0,0,84,0,12,0,1,1,4,1,
856,13200,4,Normal,12,1,1,0,0,27,0,0,0,0,0,1,1,1,0,1,12,0,0,0,0,18,27,4,1,0,0,4,1,party wiped
857,13201,1,Normal,29,5,5,5,0,27,27,0,0,25,0,1,1,4,11,3,15,3,3,0,0,140,0,27,0,1,1,6,1,floor1_town
857,13201,2,Normal,26,1,1,1,0,27,27,0,0,5,0,1,1,1,3,0,14,0,3,0,0,28,0,6,0,1,1,6,1,
857,13201,3,Normal,39,5,5,5,0,27,27,0,0,15,0,1,1,5,0,3,10,0,0,0,0,128,0,24,0,1,1,6,1,
857,13201,4,Normal,3,1,1,0,0,27,0,0,0,0,0,1,1,0,0,0,12,0,0,0,0,9,27,4,1,0,0,6,1,party wiped
858,13202,1,Normal,37,4,4,4,0,27,27,0,0,20,0,1,1,0,9,1,15,3,3,0,0,112,0,15,0,1,1,5,1,floor1_town
858,13202,2,Normal,36,2,2,2,0,27,27,0,0,10,0,1,1,1,1,0,16,2,3,0,0,56,0,8,0,1,1,5,1,
858,13202,3,Normal,27,4,4,4,0,27,14,0,0,5,0,1,1,4,2,3,13,0,0,0,0,94,13,19,0,1,1,5,1,
858,13202,4,Normal,3,1,1,0,0,14,0,0,0,0,0,1,1,1,0,0,13,0,0,0,0,20,14,4,1,0,0,5,1,party wiped
859,13203,1,Normal,29,5,5,5,0,27,27,0,0,25,0,1,1,1,12,1,15,3,3,0,0,140,0,24,0,1,1,6,1,floor1_town
859,13203,2,Normal,36,4,4,4,0,27,27,0,0,20,0,1,1,1,3,3,15,0,0,0,0,112,0,15,0,1,1,6,1,
859,13203,3,Normal,28,4,4,3,0,27,0,0,0,5,0,1,1,2,0,0,14,0,0,0,0,86,27,14,1,0,0,6,1,party wiped
860,13204,1,Normal,38,6,6,6,0,27,27,0,0,30,0,1,1,5,15,5,15,3,3,0,0,168,0,36,0,1,1,7,1,floor1_town
860,13204,2,Normal,40,2,2,2,0,27,27,0,0,10,0,1,1,4,3,3,11,0,0,0,0,56,0,13,0,1,1,7,1,
860,13204,3,Normal,28,3,3,2,0,27,0,0,0,0,0,1,1,4,0,0,8,0,0,0,0,58,27,17,1,0,0,7,1,party wiped
861,13205,1,Normal,22,5,5,4,0,27,0,0,0,20,0,1,1,5,13,4,14,0,0,0,0,137,27,30,1,0,0,5,1,floor1_town; party wiped
862,13206,1,Normal,38,5,5,5,0,27,27,0,0,25,0,1,1,9,9,4,15,3,3,0,0,140,12,31,0,1,1,6,1,floor1_town
862,13206,2,Normal,25,3,3,2,0,27,0,0,0,10,0,1,1,5,3,3,12,0,0,0,0,79,27,18,1,0,0,6,1,party wiped
863,13207,1,Normal,31,5,5,5,0,27,27,0,0,25,0,1,1,4,13,7,15,3,3,0,0,140,0,32,0,1,1,6,1,floor1_town
863,13207,2,Normal,36,3,3,3,0,27,27,0,0,15,0,1,1,4,3,3,12,0,0,0,0,84,0,19,0,1,1,6,1,
863,13207,3,Normal,18,3,3,2,0,27,0,0,0,0,0,1,1,1,0,0,13,0,0,0,0,44,27,9,1,0,0,6,1,party wiped
864,13208,1,Normal,37,7,7,6,0,27,0,0,0,30,0,1,1,4,16,8,14,0,0,0,0,193,27,45,1,0,0,7,1,floor1_town; party wiped
865,13209,1,Normal,32,2,2,2,0,27,27,0,0,10,0,1,1,6,3,2,15,3,3,0,0,56,0,15,0,1,1,3,1,floor1_town
865,13209,2,Normal,31,3,3,3,0,27,27,0,0,15,0,1,1,3,3,2,12,0,1,0,0,84,0,13,0,1,1,3,1,
865,13209,3,Normal,38,5,5,5,0,27,11,0,0,15,0,1,1,5,0,1,7,0,0,0,0,128,16,20,0,1,1,3,1,
865,13209,4,Normal,11,1,1,0,0,11,0,0,0,0,0,1,1,0,0,0,9,0,0,0,0,14,11,1,1,0,0,3,1,party wiped
866,13210,1,Normal,40,4,4,4,0,27,27,0,0,20,0,1,1,5,11,4,15,3,3,0,0,112,0,26,0,1,1,5,1,floor1_town
866,13210,2,Normal,28,5,5,5,0,27,27,0,0,25,0,1,1,5,3,3,10,0,0,0,0,140,0,23,0,1,1,5,1,
866,13210,3,Normal,33,2,2,2,0,27,27,0,0,0,0,1,1,3,0,0,7,0,0,0,0,44,0,9,0,1,1,5,1,
866,13210,4,Normal,23,1,1,0,0,27,0,0,0,0,0,1,1,6,0,0,1,0,0,0,0,27,27,15,1,0,0,5,1,party wiped
867,13211,1,Normal,32,6,6,6,0,27,27,0,0,30,0,1,1,3,12,1,15,3,3,0,0,168,0,27,0,1,1,7,1,floor1_town
867,13211,2,Normal,31,2,2,2,0,27,27,0,0,10,0,1,1,1,3,3,16,0,0,0,0,56,0,10,0,1,1,7,1,
867,13211,3,Normal,20,2,2,1,0,27,0,0,0,5,0,1,1,1,0,0,16,0,0,0,0,46,27,6,1,0,0,7,1,party wiped
868,13212,1,Normal,25,3,3,3,0,27,27,0,0,15,0,1,1,3,8,2,15,3,3,0,0,84,0,18,0,1,1,4,1,floor1_town
868,13212,2,Normal,30,5,5,4,0,27,0,0,0,20,0,1,1,8,3,3,8,0,0,0,0,139,27,22,1,0,0,4,1,party wiped
869,13213,1,Normal,33,4,4,4,0,27,27,0,0,20,0,1,1,4,9,3,15,3,3,0,0,112,0,22,0,1,1,5,1,floor1_town
869,13213,2,Normal,25,4,4,3,0,27,0,0,0,15,0,1,1,4,3,3,12,0,0,0,0,102,27,22,1,0,0,5,1,party wiped
870,13214,1,Normal,25,4,4,4,0,27,27,0,0,20,0,1,1,5,9,0,15,3,3,0,0,112,0,20,0,1,1,5,1,floor1_town
870,13214,2,Normal,17,4,4,3,0,27,0,0,0,15,0,1,1,6,3,3,10,0,0,0,0,102,27,23,1,0,0,5,1,party wiped
871,13215,1,Normal,34,2,2,2,0,27,27,0,0,10,0,1,1,3,6,1,15,3,3,0,0,56,0,18,0,1,1,3,1,floor1_town
871,13215,2,Normal,21,3,3,2,0,27,0,0,0,10,0,1,1,1,3,3,14,0,0,0,0,70,27,16,1,0,0,3,1,party wiped
872,13216,1,Normal,26,4,4,4,0,27,27,0,0,20,0,1,1,2,11,4,15,3,3,0,0,112,0,25,0,1,1,5,1,floor1_town
872,13216,2,Normal,37,4,4,4,0,27,15,0,0,20,0,1,1,6,3,3,11,0,0,0,0,112,12,20,0,1,1,5,1,
872,13216,3,Normal,28,2,2,2,0,15,19,0,0,0,0,1,1,3,0,0,10,0,0,0,0,44,-4,10,0,1,1,5,1,
872,13216,4,Normal,28,2,2,1,0,19,0,0,0,5,0,1,1,3,0,0,7,0,0,0,0,51,19,9,1,0,0,5,1,party wiped
873,13217,1,Normal,34,3,3,3,0,27,27,0,0,15,0,1,1,3,8,1,15,3,3,0,0,84,0,16,0,1,1,4,1,floor1_town
873,13217,2,Normal,37,5,5,4,0,27,0,0,0,20,0,1,1,1,3,3,15,0,0,0,0,121,27,17,1,0,0,4,1,party wiped
874,13218,1,Normal,27,3,3,3,0,27,27,0,0,15,0,1,1,4,8,3,15,3,3,0,0,84,0,22,0,1,1,4,1,floor1_town
874,13218,2,Normal,14,3,3,2,0,27,0,0,0,10,0,1,1,2,3,3,14,0,0,0,0,65,27,17,1,0,0,4,1,party wiped
875,13219,1,Normal,35,5,5,5,0,27,27,0,0,25,0,1,1,1,8,2,15,3,3,0,0,140,0,22,0,1,1,6,1,floor1_town
875,13219,2,Normal,2,1,1,0,0,27,0,0,0,0,0,1,1,0,3,3,16,0,0,0,0,27,27,10,1,0,0,6,1,party wiped
876,13220,1,Normal,28,2,2,2,0,27,27,0,0,10,0,1,1,3,4,0,15,3,3,0,0,56,0,11,0,1,1,3,1,floor1_town
876,13220,2,Normal,28,4,4,4,0,27,18,0,0,20,0,1,1,9,3,3,7,0,0,0,0,112,9,31,0,1,1,3,1,
876,13220,3,Normal,27,3,3,3,0,18,27,0,0,10,0,1,1,4,0,0,4,0,0,0,0,78,-9,14,0,1,1,3,1,
876,13220,4,Normal,24,4,4,3,0,27,0,0,0,15,0,1,1,5,0,0,0,0,0,0,0,111,27,20,1,0,0,3,1,party wiped
877,13221,1,Normal,36,4,4,4,0,27,27,0,0,20,0,1,1,1,10,0,15,3,3,0,0,112,0,18,0,1,1,5,1,floor1_town
877,13221,2,Normal,25,1,1,1,0,27,27,0,0,5,0,1,1,1,2,0,16,1,3,0,0,28,0,5,0,1,1,5,1,
877,13221,3,Normal,28,2,2,2,0,27,11,0,0,5,0,1,1,1,1,3,16,0,0,0,0,50,16,10,0,1,1,5,1,
877,13221,4,Normal,9,1,1,0,0,11,0,0,0,0,0,1,1,0,0,0,17,0,0,0,0,0,11,1,1,0,0,5,1,party wiped
878,13222,1,Normal,28,4,4,4,0,27,27,0,0,20,0,1,1,7,10,1,15,3,3,0,0,112,0,30,0,1,1,5,1,floor1_town
878,13222,2,Normal,29,1,1,1,0,27,27,0,0,5,0,1,1,2,1,0,13,2,3,0,0,28,0,5,0,1,1,5,1,
878,13222,3,Normal,25,3,3,3,0,27,27,0,0,15,0,1,1,4,2,3,11,0,0,0,0,84,0,19,0,1,1,5,1,
878,13222,4,Normal,34,2,2,2,0,27,27,0,0,10,0,1,1,3,0,0,9,0,0,0,0,56,0,7,0,1,1,5,1,
878,13222,5,Normal,22,2,2,1,0,27,0,0,0,5,0,1,1,4,0,0,6,0,0,0,0,53,27,10,1,0,0,5,1,party wiped
879,13223,1,Normal,37,2,2,2,0,27,27,0,0,10,0,1,1,1,6,0,15,3,3,0,0,56,0,10,0,1,1,3,1,floor1_town
879,13223,2,Normal,27,2,2,2,0,27,27,0,0,10,0,1,1,1,2,0,14,1,3,0,0,56,0,6,0,1,1,3,1,
879,13223,3,Normal,30,2,2,2,0,27,19,0,0,0,0,1,1,0,1,0,15,0,3,0,0,44,8,6,0,1,1,3,1,
879,13223,4,Normal,20,3,3,2,0,19,0,0,0,10,0,1,1,3,0,3,14,0,0,0,0,56,19,14,1,0,0,3,1,party wiped
880,13224,1,Normal,29,4,4,4,0,27,27,0,0,20,0,1,1,3,11,3,15,3,3,0,0,112,0,22,0,1,1,5,1,floor1_town
880,13224,2,Normal,35,3,3,2,0,27,0,0,0,10,0,1,1,2,3,3,13,0,0,0,0,65,27,15,1,0,0,5,1,party wiped
881,13225,1,Normal,37,4,4,4,0,27,27,0,0,20,0,1,1,4,11,6,15,3,3,0,0,112,12,29,0,1,1,5,1,floor1_town
881,13225,2,Normal,32,2,2,2,0,27,15,0,0,10,0,1,1,1,3,3,14,0,0,0,0,56,12,17,0,1,1,5,1,
881,13225,3,Normal,26,3,3,2,0,15,0,0,0,5,0,1,1,7,0,0,8,0,0,0,0,73,15,18,1,0,0,5,1,party wiped
882,13226,1,Normal,30,1,1,1,0,27,27,0,0,5,0,1,1,0,1,0,15,3,3,0,0,28,0,3,0,1,1,2,1,floor1_town
882,13226,2,Normal,14,3,3,2,0,27,0,0,0,10,0,1,1,3,3,3,13,0,0,0,0,65,27,16,1,0,0,2,1,party wiped
883,13227,1,Normal,38,6,6,6,0,27,27,0,0,30,0,1,1,3,12,0,15,3,3,0,0,168,0,28,0,1,1,7,1,floor1_town
883,13227,2,Normal,17,2,2,1,0,27,0,0,0,5,0,1,1,1,3,3,15,0,0,0,0,42,27,12,1,0,0,7,1,party wiped
884,13228,1,Normal,30,2,2,2,0,27,27,0,0,10,0,1,1,1,3,0,15,3,3,0,0,56,0,8,0,1,1,3,1,floor1_town
884,13228,2,Normal,32,1,1,1,0,27,27,0,0,5,0,1,1,0,3,0,17,0,3,0,0,28,0,4,0,1,1,3,1,
884,13228,3,Normal,27,2,2,2,0,27,13,0,0,5,0,1,1,0,0,3,18,0,0,0,0,50,14,7,0,1,1,3,1,
884,13228,4,Normal,33,1,1,1,0,13,18,0,0,5,0,1,1,2,0,0,16,0,0,0,0,28,-5,7,0,1,1,3,1,
884,13228,5,Normal,3,1,1,0,0,18,0,0,0,0,0,1,1,0,0,0,18,0,0,0,0,0,18,1,1,0,0,3,1,party wiped
885,13229,1,Normal,39,4,4,4,0,27,27,0,0,20,0,1,1,8,10,2,15,3,3,0,0,112,0,27,0,1,1,5,1,floor1_town
885,13229,2,Normal,21,3,3,2,0,27,0,0,0,10,0,1,1,8,3,3,9,0,0,0,0,83,27,23,1,0,0,5,1,party wiped
886,13230,1,Normal,31,2,2,2,0,27,27,0,0,10,0,1,1,2,5,3,15,3,3,0,0,56,0,14,0,1,1,3,1,floor1_town
886,13230,2,Normal,31,5,5,4,0,27,0,0,0,20,0,1,1,4,3,3,12,0,0,0,0,121,27,21,1,0,0,3,1,party wiped
887,13231,1,Normal,39,5,5,5,0,27,27,0,0,25,0,1,1,5,8,1,15,3,3,0,0,140,0,22,0,1,1,6,1,floor1_town
887,13231,2,Normal,28,2,2,2,0,27,27,0,0,10,0,1,1,2,3,0,15,0,3,0,0,56,0,7,0,1,1,6,1,
887,13231,3,Normal,32,4,4,3,0,27,0,0,0,10,0,1,1,5,0,3,10,0,0,0,0,96,27,17,1,0,0,6,1,party wiped
888,13232,1,Normal,32,4,4,4,0,27,27,0,0,20,0,1,1,5,7,0,15,3,3,0,0,112,0,18,0,1,1,5,1,floor1_town
888,13232,2,Normal,22,3,3,2,0,27,0,0,0,10,0,1,1,1,3,3,16,0,0,0,0,74,27,15,1,0,0,5,1,party wiped
889,13233,1,Normal,40,5,5,5,0,27,27,0,0,25,0,1,1,6,9,4,15,3,3,0,0,140,0,27,0,1,1,6,1,floor1_town
889,13233,2,Normal,29,2,2,2,0,27,27,0,0,10,0,1,1,4,3,3,12,0,0,0,0,56,0,12,0,1,1,6,1,
889,13233,3,Normal,35,3,3,3,0,27,11,0,0,5,0,1,1,4,0,0,9,0,0,0,0,72,16,15,0,1,1,6,1,
889,13233,4,Normal,4,1,1,0,0,11,0,0,0,0,0,1,1,0,0,0,11,0,0,0,0,14,11,2,1,0,0,6,1,party wiped
890,13234,1,Normal,33,3,3,3,0,27,27,0,0,15,0,1,1,1,8,2,15,3,3,0,0,84,0,16,0,1,1,4,1,floor1_town
890,13234,2,Normal,37,4,4,4,0,27,27,0,0,20,0,1,1,2,3,3,15,0,0,0,0,112,0,15,0,1,1,4,1,
890,13234,3,Normal,18,3,3,2,0,27,0,0,0,5,0,1,1,4,0,0,11,0,0,0,0,59,27,13,1,0,0,4,1,party wiped
891,13235,1,Normal,25,2,2,2,0,27,27,0,0,10,0,1,1,2,6,0,15,3,3,0,0,56,0,11,0,1,1,3,1,floor1_town
891,13235,2,Normal,20,3,3,2,0,27,0,0,0,10,0,1,1,5,3,3,11,0,0,0,0,83,27,18,1,0,0,3,1,party wiped
892,13236,1,Normal,33,4,4,4,0,27,27,0,0,20,0,1,1,3,6,1,15,3,3,0,0,112,0,18,0,1,1,5,1,floor1_town
892,13236,2,Normal,27,2,2,2,0,27,27,0,0,10,0,1,1,1,3,2,16,0,1,0,0,56,0,11,0,1,1,5,1,
892,13236,3,Normal,30,4,4,3,0,27,0,0,0,5,0,1,1,2,0,1,14,0,0,0,0,86,27,10,1,0,0,5,1,party wiped
893,13237,1,Normal,26,2,2,2,0,27,27,0,0,10,0,1,1,1,4,0,15,3,3,0,0,56,0,7,0,1,1,3,1,floor1_town
893,13237,2,Normal,40,2,2,2,0,27,15,0,0,10,0,1,1,1,3,3,14,0,0,0,0,56,12,12,0,1,1,3,1,
893,13237,3,Normal,16,3,3,2,0,15,0,0,0,0,0,1,1,2,0,0,14,0,0,0,0,58,15,8,1,0,0,3,1,party wiped
894,13238,1,Normal,34,4,4,4,0,27,27,0,0,20,0,1,1,6,8,2,15,3,3,0,0,112,0,23,0,1,1,5,1,floor1_town
894,13238,2,Normal,34,3,3,3,0,27,15,0,0,15,0,1,1,1,3,3,16,0,0,0,0,84,12,13,0,1,1,5,1,
894,13238,3,Normal,5,1,1,0,0,15,0,0,0,0,0,1,1,0,0,0,17,0,0,0,0,9,15,1,1,0,0,5,1,party wiped
895,13239,1,Normal,26,3,3,3,0,27,27,0,0,15,0,1,1,2,4,0,15,3,3,0,0,84,0,12,0,1,1,4,1,floor1_town
895,13239,2,Normal,35,5,5,4,0,27,0,0,0,20,0,1,1,10,3,3,5,0,0,0,0,121,27,28,1,0,0,4,1,party wiped
896,13240,1,Normal,35,3,3,3,0,27,27,0,0,15,0,1,1,1,6,0,15,3,3,0,0,84,0,13,0,1,1,4,1,floor1_town
896,13240,2,Normal,26,3,3,2,0,27,0,0,0,10,0,1,1,2,3,3,14,0,0,0,0,74,27,16,1,0,0,4,1,party wiped
897,13241,1,Normal,27,3,3,3,0,27,27,0,0,15,0,1,1,4,4,0,15,3,3,0,0,84,0,14,0,1,1,4,1,floor1_town
897,13241,2,Normal,25,2,2,2,0,27,27,0,0,10,0,1,1,1,3,2,16,0,1,0,0,56,0,12,0,1,1,4,1,
897,13241,3,Normal,30,2,2,1,0,27,0,0,0,5,0,1,1,1,0,1,16,0,0,0,0,37,27,5,1,0,0,4,1,party wiped
898,13242,1,Normal,35,3,3,3,0,27,27,0,0,15,0,1,1,2,9,6,15,3,3,0,0,84,0,26,0,1,1,4,1,floor1_town
898,13242,2,Normal,32,2,2,2,0,27,27,0,0,10,0,1,1,0,3,1,17,0,2,0,0,56,0,7,0,1,1,4,1,
898,13242,3,Normal,30,3,3,2,0,27,0,0,0,5,0,1,1,2,0,2,17,0,0,0,0,73,27,11,1,0,0,4,1,party wiped
899,13243,1,Normal,28,3,3,3,0,27,27,0,0,15,0,1,1,3,5,1,15,3,3,0,0,84,0,18,0,1,1,4,1,floor1_town
899,13243,2,Normal,10,2,2,1,0,27,0,0,0,5,0,1,1,1,3,3,15,0,0,0,0,51,27,12,1,0,0,4,1,party wiped
900,13244,1,Normal,36,6,6,6,0,27,27,0,0,30,0,1,1,4,15,6,15,3,3,0,0,168,0,34,0,1,1,7,1,floor1_town
900,13244,2,Normal,31,3,3,2,0,27,0,0,0,10,0,1,1,2,3,3,14,0,0,0,0,56,27,13,1,0,0,7,1,party wiped
901,13245,1,Normal,28,3,3,3,0,27,27,0,0,15,0,1,1,5,7,0,15,3,3,0,0,84,0,22,0,1,1,4,1,floor1_town
901,13245,2,Normal,39,4,4,4,0,27,18,0,0,20,0,1,1,5,3,3,12,0,0,0,0,112,9,24,0,1,1,4,1,
901,13245,3,Normal,25,0,0,0,0,18,18,0,0,0,0,1,1,0,0,0,13,0,0,0,0,0,0,0,0,1,1,4,0,
901,13245,4,Normal,2,1,1,0,0,18,0,0,0,0,0,1,1,0,0,0,13,0,0,0,0,0,18,1,1,0,0,4,1,party wiped
902,13246,1,Normal,37,4,4,4,0,27,27,0,0,20,0,1,1,5,8,3,15,3,3,0,0,112,12,25,0,1,1,5,1,floor1_town
902,13246,2,Normal,34,4,4,4,0,27,27,0,0,20,0,1,1,6,3,3,11,0,0,0,0,112,0,23,0,1,1,5,1,
902,13246,3,Normal,40,5,5,5,0,27,14,0,0,20,0,1,1,4,0,0,7,0,0,0,0,134,13,16,0,1,1,5,1,
902,13246,4,Normal,27,5,5,4,0,14,0,0,0,20,0,1,1,3,0,0,6,0,0,0,0,112,14,12,1,0,0,5,1,party wiped
903,13247,1,Normal,29,2,2,2,0,27,27,0,0,10,0,1,1,3,2,0,15,3,3,0,0,56,0,12,0,1,1,3,1,floor1_town
903,13247,2,Normal,30,2,2,2,0,27,15,0,0,10,0,1,1,2,3,3,15,0,0,0,0,56,12,12,0,1,1,3,1,
903,13247,3,Normal,9,2,2,1,0,15,0,0,0,5,0,1,1,2,0,0,15,0,0,0,0,46,15,9,1,0,0,3,1,party wiped
904,13248,1,Normal,38,6,6,6,0,27,27,0,0,30,0,1,1,4,13,4,15,3,3,0,0,168,0,31,0,1,1,7,1,floor1_town
904,13248,2,Normal,31,4,4,4,0,27,27,0,0,20,0,1,1,3,3,3,13,0,0,0,0,112,0,19,0,1,1,7,1,
904,13248,3,Normal,25,2,2,2,0,27,14,0,0,0,0,1,1,1,0,0,14,0,0,0,0,44,13,7,0,1,1,7,1,
904,13248,4,Normal,11,1,1,0,0,14,0,0,0,0,0,1,1,0,0,0,14,0,0,0,0,0,14,1,1,0,0,7,1,party wiped
905,13249,1,Normal,30,4,4,4,0,27,27,0,0,20,0,1,1,2,6,0,15,3,3,0,0,112,0,17,0,1,1,5,1,floor1_town
905,13249,2,Normal,35,3,3,3,0,27,27,0,0,15,0,1,1,2,3,3,13,0,0,0,0,84,0,15,0,1,1,5,1,
905,13249,3,Normal,21,2,2,1,0,27,0,0,0,0,0,1,1,0,0,0,13,0,0,0,0,36,27,5,1,0,0,5,1,party wiped
906,13250,1,Normal,38,1,1,1,0,27,27,0,0,5,0,1,1,1,2,0,15,3,3,0,0,28,0,4,0,1,1,2,1,floor1_town
906,13250,2,Normal,31,2,2,2,0,27,15,0,0,10,0,1,1,1,3,3,16,0,0,0,0,56,12,10,0,1,1,2,1,
906,13250,3,Normal,26,2,2,2,0,15,19,0,0,0,0,1,1,1,0,0,15,0,0,0,0,44,-4,4,0,1,1,2,1,
906,13250,4,Normal,35,1,1,1,0,19,27,0,0,5,0,1,1,1,0,0,15,0,0,0,0,28,-8,2,0,1,1,2,1,
906,13250,5,Normal,25,3,3,2,0,27,0,0,0,10,0,1,1,3,0,0,14,0,0,0,0,70,27,10,1,0,0,2,1,party wiped
907,13251,1,Normal,31,4,4,4,0,27,27,0,0,20,0,1,1,6,10,2,15,3,3,0,0,112,0,25,0,1,1,5,1,floor1_town
907,13251,2,Normal,28,3,3,2,0,27,0,0,0,10,0,1,1,2,3,3,14,0,0,0,0,81,27,15,1,0,0,5,1,party wiped
908,13252,1,Normal,39,5,5,5,0,27,27,0,0,25,0,1,1,3,11,4,15,3,3,0,0,140,0,30,0,1,1,6,1,floor1_town
908,13252,2,Normal,27,2,2,2,0,27,27,0,0,10,0,1,1,5,3,2,12,0,1,0,0,56,0,16,0,1,1,6,1,
908,13252,3,Normal,18,2,2,1,0,27,0,0,0,5,0,1,1,3,0,1,11,0,0,0,0,42,27,9,1,0,0,6,1,party wiped
909,13253,1,Normal,31,4,4,4,0,27,27,0,0,20,0,1,1,5,8,0,15,3,3,0,0,112,0,21,0,1,1,5,1,floor1_town
909,13253,2,Normal,27,3,3,3,0,27,27,0,0,15,0,1,1,2,3,3,15,0,0,0,0,84,0,15,0,1,1,5,1,
909,13253,3,Normal,36,4,4,3,0,27,0,0,0,0,0,1,1,1,0,0,14,0,0,0,0,66,27,10,1,0,0,5,1,party wiped
910,13254,1,Normal,40,5,5,5,0,27,27,0,0,25,0,1,1,7,13,5,15,3,3,0,0,140,0,37,0,1,1,6,1,floor1_town
910,13254,2,Normal,20,2,2,1,0,27,0,0,0,5,0,1,1,2,3,3,13,0,0,0,0,46,27,12,1,0,0,6,1,party wiped
911,13255,1,Normal,32,2,2,2,0,27,27,0,0,10,0,1,1,4,5,2,15,3,3,0,0,56,0,14,0,1,1,3,1,floor1_town
911,13255,2,Normal,18,3,3,2,0,27,0,0,0,10,0,1,1,2,3,3,14,0,0,0,0,56,27,13,1,0,0,3,1,party wiped
912,13256,1,Normal,40,5,5,5,0,27,27,0,0,25,0,1,1,5,7,0,15,3,3,0,0,140,0,20,0,1,1,6,1,floor1_town
912,13256,2,Normal,35,3,3,3,0,27,27,0,0,15,0,1,1,4,3,0,11,0,3,0,0,84,0,12,0,1,1,6,1,
912,13256,3,Normal,27,3,3,3,0,27,27,0,0,10,0,1,1,2,0,3,11,0,0,0,0,78,0,11,0,1,1,6,1,
912,13256,4,Normal,37,2,2,2,0,27,27,0,0,10,0,1,1,3,0,0,8,0,0,0,0,56,0,7,0,1,1,6,1,
912,13256,5,Normal,9,2,2,1,0,27,0,0,0,5,0,1,1,3,0,0,7,0,0,0,0,44,27,9,1,0,0,6,1,party wiped
913,13257,1,Normal,33,3,3,3,0,27,27,0,0,15,0,1,1,0,6,0,15,3,3,0,0,84,0,12,0,1,1,4,1,floor1_town
913,13257,2,Normal,14,3,3,2,0,27,0,0,0,10,0,1,1,2,3,3,15,0,0,0,0,74,27,13,1,0,0,4,1,party wiped
914,13258,1,Normal,25,3,3,3,0,27,27,0,0,15,0,1,1,3,6,1,15,3,3,0,0,84,0,17,0,1,1,4,1,floor1_town
914,13258,2,Normal,39,3,3,3,0,27,15,0,0,15,0,1,1,4,3,3,12,0,0,0,0,84,12,18,0,1,1,4,1,
914,13258,3,Normal,40,4,4,4,0,15,15,0,0,15,0,1,1,4,0,0,8,0,0,0,0,106,0,18,0,1,1,4,1,
914,13258,4,Normal,2,1,1,0,0,15,0,0,0,0,0,1,1,0,0,0,10,0,0,0,0,14,15,1,1,0,0,4,1,party wiped
915,13259,1,Normal,34,2,2,2,0,27,27,0,0,10,0,1,1,1,4,0,15,3,3,0,0,56,0,9,0,1,1,3,1,floor1_town
915,13259,2,Normal,40,4,4,4,0,27,27,0,0,20,0,1,1,4,3,3,12,0,0,0,0,112,0,17,0,1,1,3,1,
915,13259,3,Normal,34,3,3,2,0,27,0,0,0,5,0,1,1,4,0,0,8,0,0,0,0,68,27,14,1,0,0,3,1,party wiped
916,13260,1,Normal,26,4,4,4,0,27,27,0,0,20,0,1,1,4,10,0,15,3,3,0,0,112,0,25,0,1,1,5,1,floor1_town
916,13260,2,Normal,31,2,2,2,0,27,27,0,0,10,0,1,1,1,2,0,15,1,3,0,0,56,0,6,0,1,1,5,1,
916,13260,3,Normal,30,5,5,4,0,27,0,0,0,5,0,1,1,1,1,3,15,0,0,0,0,112,27,16,1,0,0,5,1,party wiped
917,13261,1,Normal,34,5,5,5,0,27,27,0,0,25,0,1,1,1,11,1,15,3,3,0,0,140,0,28,0,1,1,6,1,floor1_town
917,13261,2,Normal,29,4,4,4,0,27,27,0,0,20,0,1,1,9,3,3,7,0,0,0,0,112,0,23,0,1,1,6,1,
917,13261,3,Normal,8,2,2,1,0,27,0,0,0,0,0,1,1,0,0,0,7,0,0,0,0,22,27,5,1,0,0,6,1,party wiped
918,13262,1,Normal,27,3,3,3,0,27,27,0,0,15,0,1,1,6,7,2,15,3,3,0,0,84,0,22,0,1,1,4,1,floor1_town
918,13262,2,Normal,28,2,2,2,0,27,27,0,0,10,0,1,1,2,3,2,14,0,1,0,0,56,0,10,0,1,1,4,1,
918,13262,3,Normal,6,2,2,1,0,27,0,0,0,0,0,1,1,2,0,1,13,0,0,0,0,31,27,9,1,0,0,4,1,party wiped
919,13263,1,Normal,35,4,4,4,0,27,27,0,0,20,0,1,1,4,10,3,15,3,3,0,0,112,0,26,0,1,1,5,1,floor1_town
919,13263,2,Normal,25,3,3,3,0,27,27,0,0,15,0,1,1,2,3,2,13,0,1,0,0,84,0,12,0,1,1,5,1,
919,13263,3,Normal,31,4,4,3,0,27,0,0,0,10,0,1,1,4,0,1,9,0,0,0,0,78,27,16,1,0,0,5,1,party wiped
920,13264,1,Normal,27,4,4,4,0,27,27,0,0,20,0,1,1,4,8,0,15,3,3,0,0,112,0,21,0,1,1,5,1,floor1_town
920,13264,2,Normal,29,4,4,3,0,27,0,0,0,15,0,1,1,3,3,3,14,0,0,0,0,84,27,17,1,0,0,5,1,party wiped
921,13265,1,Normal,36,4,4,4,0,27,27,0,0,20,0,1,1,2,9,2,15,3,3,0,0,112,0,24,0,1,1,5,1,floor1_town
921,13265,2,Normal,40,4,4,4,0,27,27,0,0,20,0,1,1,5,3,3,11,0,0,0,0,112,0,22,0,1,1,5,1,
921,13265,3,Normal,35,4,4,4,0,27,27,0,0,10,0,1,1,7,0,0,6,0,0,0,0,100,0,19,0,1,1,5,1,
921,13265,4,Normal,15,3,3,2,0,27,0,0,0,10,0,1,1,7,0,0,1,0,0,0,0,65,27,16,1,0,0,5,1,party wiped
922,13266,1,Normal,28,4,4,4,0,27,27,0,0,20,0,1,1,1,9,3,15,3,3,0,0,112,0,21,0,1,1,5,1,floor1_town
922,13266,2,Normal,27,3,3,3,0,27,27,0,0,15,0,1,1,2,3,3,13,0,0,0,0,84,0,15,0,1,1,5,1,
922,13266,3,Normal,32,2,2,2,0,27,13,0,0,5,0,1,1,2,0,0,13,0,0,0,0,50,14,8,0,1,1,5,1,
922,13266,4,Normal,1,1,1,0,0,13,0,0,0,0,0,1,1,0,0,0,13,0,0,0,0,0,13,1,1,0,0,5,1,party wiped
923,13267,1,Normal,36,5,5,5,0,27,27,0,0,25,0,1,1,1,10,1,15,3,3,0,0,140,0,21,0,1,1,6,1,floor1_town
923,13267,2,Normal,37,4,4,4,0,27,27,0,0,20,0,1,1,3,3,3,12,0,0,0,0,112,0,18,0,1,1,6,1,
923,13267,3,Normal,18,3,3,2,0,27,0,0,0,5,0,1,1,3,0,0,11,0,0,0,0,50,27,13,1,0,0,6,1,party wiped
924,13268,1,Normal,29,2,2,2,0,27,27,0,0,10,0,1,1,4,3,0,15,3,3,0,0,56,0,11,0,1,1,3,1,floor1_town
924,13268,2,Normal,39,5,5,5,0,27,27,0,0,25,0,1,1,5,3,3,11,0,0,0,0,140,0,21,0,1,1,3,1,
924,13268,3,Normal,35,5,5,5,0,27,27,0,0,20,0,1,1,9,0,0,3,0,0,0,0,134,0,23,0,1,1,3,1,
924,13268,4,Normal,4,1,1,0,0,27,0,0,0,0,0,1,1,0,0,0,3,0,0,0,0,9,27,2,1,0,0,3,1,party wiped
925,13269,1,Normal,37,4,4,4,0,27,27,0,0,20,0,1,1,2,8,0,15,3,3,0,0,112,0,21,0,1,1,5,1,floor1_town
925,13269,2,Normal,29,3,3,3,0,27,27,0,0,15,0,1,1,1,3,3,15,0,0,0,0,84,0,14,0,1,1,5,1,
925,13269,3,Normal,39,5,5,5,0,27,11,0,0,5,0,1,1,4,0,0,12,0,0,0,0,116,16,16,0,1,1,5,1,
925,13269,4,Normal,9,1,1,0,0,11,0,0,0,0,0,1,1,0,0,0,13,0,0,0,0,0,11,2,1,0,0,5,1,party wiped
926,13270,1,Normal,29,4,4,4,0,27,27,0,0,20,0,1,1,6,9,4,15,3,3,0,0,112,0,26,0,1,1,5,1,floor1_town
926,13270,2,Normal,32,3,3,3,0,27,27,0,0,15,0,1,1,2,3,0,15,0,3,0,0,84,0,12,0,1,1,5,1,
926,13270,3,Normal,39,6,6,5,0,27,0,0,0,15,0,1,1,4,0,3,13,0,0,0,0,151,27,18,1,0,0,5,1,party wiped
927,13271,1,Normal,38,6,6,6,0,27,27,0,0,30,0,1,1,4,14,0,15,3,3,0,0,168,0,26,0,1,1,7,1,floor1_town
927,13271,2,Normal,32,3,3,3,0,27,27,0,0,15,0,1,1,4,3,1,12,0,2,0,0,84,0,14,0,1,1,7,1,
927,13271,3,Normal,36,3,3,3,0,27,27,0,0,10,0,1,1,2,0,2,10,0,0,0,0,78,0,11,0,1,1,7,1,
927,13271,4,Normal,20,3,3,2,0,27,0,0,0,10,0,1,1,6,0,0,5,0,0,0,0,74,27,18,1,0,0,7,1,party wiped
928,13272,1,Normal,30,3,3,3,0,27,27,0,0,15,0,1,1,4,7,2,15,3,3,0,0,84,0,18,0,1,1,4,1,floor1_town
928,13272,2,Normal,38,4,4,4,0,27,27,0,0,20,0,1,1,3,3,3,13,0,0,0,0,112,0,19,0,1,1,4,1,
928,13272,3,Normal,14,1,1,0,0,27,0,0,0,0,0,1,1,0,0,0,14,0,0,0,0,25,27,4,1,0,0,4,1,party wiped
929,13273,1,Normal,39,6,6,6,0,27,27,0,0,30,0,1,1,6,15,8,15,3,3,0,0,168,12,40,0,1,1,7,1,floor1_town
929,13273,2,Normal,38,4,4,4,0,27,27,0,0,20,0,1,1,2,3,1,15,0,2,0,0,112,0,14,0,1,1,7,1,
929,13273,3,Normal,39,5,5,5,0,27,15,0,0,15,0,1,1,6,0,2,11,0,0,0,0,128,12,19,0,1,1,7,1,
929,13273,4,Normal,29,1,1,1,0,15,27,0,0,5,0,1,1,3,0,0,8,0,0,0,0,28,-12,8,0,1,1,7,1,
929,13273,5,Normal,4,1,1,0,0,27,0,0,0,0,0,1,1,0,0,0,9,0,0,0,0,0,27,2,1,0,0,7,1,party wiped
930,13274,1,Normal,31,2,2,2,0,27,27,0,0,10,0,1,1,1,5,1,15,3,3,0,0,56,0,10,0,1,1,3,1,floor1_town
930,13274,2,Normal,29,2,2,2,0,27,27,0,0,10,0,1,1,1,3,1,14,0,2,0,0,56,0,7,0,1,1,3,1,
930,13274,3,Normal,32,6,6,6,0,27,27,0,0,15,0,1,1,9,0,2,5,0,0,0,0,150,0,30,0,1,1,3,1,
930,13274,4,Normal,16,4,4,3,0,27,0,0,0,15,0,1,1,7,0,0,0,0,0,0,0,98,27,20,1,0,0,3,1,party wiped
931,13275,1,Normal,39,2,2,2,0,27,27,0,0,10,0,1,1,1,4,2,15,3,3,0,0,56,0,12,0,1,1,3,1,floor1_town
931,13275,2,Normal,25,3,3,3,0,27,27,0,0,15,0,1,1,3,3,3,14,0,0,0,0,84,0,14,0,1,1,3,1,
931,13275,3,Normal,13,2,2,1,0,27,0,0,0,0,0,1,1,1,0,0,15,0,0,0,0,31,27,7,1,0,0,3,1,party wiped
932,13276,1,Normal,32,3,3,3,0,27,27,0,0,15,0,1,1,3,6,1,15,3,3,0,0,84,0,16,0,1,1,4,1,floor1_town
932,13276,2,Normal,39,3,3,3,0,27,27,0,0,15,0,1,1,4,3,2,12,0,1,0,0,84,0,14,0,1,1,4,1,
932,13276,3,Normal,3,1,1,0,0,27,0,0,0,0,0,1,1,0,0,1,12,0,0,0,0,18,27,3,1,0,0,4,1,party wiped
933,13277,1,Normal,40,3,3,3,0,27,27,0,0,15,0,1,1,3,6,0,15,3,3,0,0,84,0,17,0,1,1,4,1,floor1_town
933,13277,2,Normal,40,4,4,4,0,27,27,0,0,20,0,1,1,3,3,2,14,0,1,0,0,112,0,18,0,1,1,4,1,
933,13277,3,Normal,23,4,4,3,0,27,0,0,0,5,0,1,1,4,0,1,10,0,0,0,0,99,27,14,1,0,0,4,1,party wiped
934,13278,1,Normal,32,4,4,4,0,27,27,0,0,20,0,1,1,3,9,1,15,3,3,0,0,112,0,21,0,1,1,5,1,floor1_town
934,13278,2,Normal,28,3,3,3,0,27,27,0,0,15,0,1,1,3,3,1,12,0,2,0,0,84,0,11,0,1,1,5,1,
934,13278,3,Normal,30,2,2,2,0,27,27,0,0,0,0,1,1,0,0,1,13,0,1,0,0,44,0,4,0,1,1,5,1,
934,13278,4,Normal,3,1,1,0,0,27,0,0,0,0,0,1,1,0,0,1,14,0,0,0,0,14,27,4,1,0,0,5,1,party wiped
935,13279,1,Normal,25,3,3,3,0,27,27,0,0,15,0,1,1,3,5,0,15,3,3,0,0,84,0,13,0,1,1,4,1,floor1_town
935,13279,2,Normal,33,5,5,4,0,27,0,0,0,20,0,1,1,5,3,3,10,0,0,0,0,112,27,24,1,0,0,4,1,party wiped
936,13280,1,Normal,33,5,5,5,0,27,27,0,0,25,0,1,1,5,9,0,15,3,3,0,0,140,0,23,0,1,1,6,1,floor1_town
936,13280,2,Normal,32,3,3,3,0,27,27,0,0,15,0,1,1,4,3,2,11,0,1,0,0,84,0,15,0,1,1,6,1,
936,13280,3,Normal,32,4,4,3,0,27,0,0,0,0,0,1,1,1,0,1,10,0,0,0,0,89,27,10,1,0,0,6,1,party wiped
937,13281,1,Normal,25,5,5,5,0,27,27,0,0,25,0,1,1,4,10,1,15,3,3,0,0,140,0,24,0,1,1,6,1,floor1_town
937,13281,2,Normal,28,2,2,2,0,27,27,0,0,10,0,1,1,0,3,2,16,0,1,0,0,56,0,10,0,1,1,6,1,
937,13281,3,Normal,23,3,3,2,0,27,0,0,0,0,0,1,1,2,0,1,16,0,0,0,0,53,27,12,1,0,0,6,1,party wiped
938,13282,1,Normal,34,4,4,4,0,27,27,0,0,20,0,1,1,6,7,3,15,3,3,0,0,112,0,29,0,1,1,5,1,floor1_town
938,13282,2,Normal,28,3,3,3,0,27,27,0,0,15,0,1,1,4,3,3,11,0,0,0,0,84,0,18,0,1,1,5,1,
938,13282,3,Normal,32,3,3,3,0,27,19,0,0,0,0,1,1,1,0,0,11,0,0,0,0,66,8,6,0,1,1,5,1,
938,13282,4,Normal,33,4,4,3,0,19,0,0,0,15,0,1,1,4,0,0,9,0,0,0,0,111,19,14,1,0,0,5,1,party wiped
939,13283,1,Normal,26,3,3,3,0,27,27,0,0,15,0,1,1,0,9,3,15,3,3,0,0,84,0,17,0,1,1,4,1,floor1_town
939,13283,2,Normal,32,3,3,3,0,27,15,0,0,15,0,1,1,5,3,3,10,0,0,0,0,84,12,17,0,1,1,4,1,
939,13283,3,Normal,6,1,1,0,0,15,0,0,0,0,0,1,1,1,0,0,9,0,0,0,0,9,15,3,1,0,0,4,1,party wiped
940,13284,1,Normal,34,3,3,3,0,27,27,0,0,15,0,1,1,2,4,0,15,3,3,0,0,84,0,12,0,1,1,4,1,floor1_town
940,13284,2,Normal,36,3,3,3,0,27,15,0,0,15,0,1,1,4,3,3,13,0,0,0,0,84,12,17,0,1,1,4,1,
940,13284,3,Normal,34,3,3,3,0,15,11,0,0,0,0,1,1,1,0,0,14,0,0,0,0,66,4,7,0,1,1,4,1,
940,13284,4,Normal,19,3,3,2,0,11,0,0,0,10,0,1,1,4,0,0,11,0,0,0,0,56,11,15,1,0,0,4,1,party wiped
941,13285,1,Normal,27,3,3,3,0,27,27,0,0,15,0,1,1,4,4,0,15,3,3,0,0,84,0,12,0,1,1,4,1,floor1_town
941,13285,2,Normal,29,3,3,2,0,27,0,0,0,10,0,1,1,0,3,3,17,0,0,0,0,56,27,17,1,0,0,4,1,party wiped
942,13286,1,Normal,35,3,3,3,0,27,27,0,0,15,0,1,1,1,9,4,15,3,3,0,0,84,0,19,0,1,1,4,1,floor1_town
942,13286,2,Normal,28,3,3,3,0,27,27,0,0,15,0,1,1,4,3,3,13,0,0,0,0,84,0,16,0,1,1,4,1,
942,13286,3,Normal,30,3,3,3,0,27,19,0,0,10,0,1,1,5,0,0,8,0,0,0,0,78,8,12,0,1,1,4,1,
942,13286,4,Normal,5,2,2,1,0,19,0,0,0,5,0,1,1,2,0,0,8,0,0,0,0,37,19,6,1,0,0,4,1,party wiped
943,13287,1,Normal,28,2,2,2,0,27,27,0,0,10,0,1,1,1,4,3,15,3,3,0,0,56,0,12,0,1,1,3,1,floor1_town
943,13287,2,Normal,39,4,4,4,0,27,18,0,0,20,0,1,1,4,3,3,12,0,0,0,0,112,9,22,0,1,1,3,1,
943,13287,3,Normal,39,4,4,4,0,18,27,0,0,15,0,1,1,8,0,0,4,0,0,0,0,106,-9,20,0,1,1,3,1,
943,13287,4,Normal,27,4,4,3,0,27,0,0,0,15,0,1,1,5,0,0,0,0,0,0,0,102,27,19,1,0,0,3,1,party wiped
944,13288,1,Normal,36,2,2,2,0,27,27,0,0,10,0,1,1,0,6,0,15,3,3,0,0,56,0,9,0,1,1,3,1,floor1_town
944,13288,2,Normal,24,4,4,3,0,27,0,0,0,15,0,1,1,2,3,3,15,0,0,0,0,84,27,14,1,0,0,3,1,party wiped
945,13289,1,Normal,28,5,5,5,0,27,27,0,0,25,0,1,1,5,8,1,15,3,3,0,0,140,0,24,0,1,1,6,1,floor1_town
945,13289,2,Normal,25,3,3,2,0,27,0,0,0,10,0,1,1,2,3,3,14,0,0,0,0,65,27,17,1,0,0,6,1,party wiped
946,13290,1,Normal,37,5,5,5,0,27,27,0,0,25,0,1,1,2,10,2,15,3,3,0,0,140,0,24,0,1,1,6,1,floor1_town
946,13290,2,Normal,40,4,4,4,0,27,15,0,0,20,0,1,1,7,3,3,10,0,0,0,0,112,12,22,0,1,1,6,1,
946,13290,3,Normal,30,4,4,4,0,15,15,0,0,10,0,1,1,6,0,0,5,0,0,0,0,100,0,18,0,1,1,6,1,
946,13290,4,Normal,1,1,1,0,0,15,0,0,0,0,0,1,1,0,0,0,5,0,0,0,0,9,15,1,1,0,0,6,1,party wiped
947,13291,1,Normal,29,3,3,3,0,27,27,0,0,15,0,1,1,2,6,0,15,3,3,0,0,84,0,12,0,1,1,4,1,floor1_town
947,13291,2,Normal,36,5,5,5,0,27,15,0,0,25,0,1,1,6,3,3,11,0,0,0,0,140,12,23,0,1,1,4,1,
947,13291,3,Normal,28,4,4,3,0,15,0,0,0,10,0,1,1,4,0,0,8,0,0,0,0,87,15,16,1,0,0,4,1,party wiped
948,13292,1,Normal,37,3,3,3,0,27,27,0,0,15,0,1,1,1,3,0,15,3,3,0,0,84,0,11,0,1,1,4,1,floor1_town
948,13292,2,Normal,31,4,4,4,0,27,27,0,0,20,0,1,1,5,3,3,11,0,0,0,0,112,0,22,0,1,1,4,1,
948,13292,3,Normal,12,1,1,0,0,27,0,0,0,0,0,1,1,0,0,0,11,0,0,0,0,9,27,2,1,0,0,4,1,party wiped
949,13293,1,Normal,30,2,2,2,0,27,27,0,0,10,0,1,1,2,5,0,15,3,3,0,0,56,0,11,0,1,1,3,1,floor1_town
949,13293,2,Normal,27,1,1,1,0,27,27,0,0,5,0,1,1,2,1,0,14,2,3,0,0,28,0,4,0,1,1,3,1,
949,13293,3,Normal,33,4,4,4,0,27,15,0,0,10,0,1,1,3,2,3,13,0,0,0,0,100,12,16,0,1,1,3,1,
949,13293,4,Normal,33,2,2,2,0,15,27,0,0,10,0,1,1,5,0,0,10,0,0,0,0,56,-12,12,0,1,1,3,1,
949,13293,5,Normal,9,1,1,0,0,27,0,0,0,0,0,1,1,1,0,0,9,0,0,0,0,9,27,3,1,0,0,3,1,party wiped
950,13294,1,Normal,38,6,6,6,0,27,27,0,0,30,0,1,1,4,12,3,15,3,3,0,0,168,0,33,0,1,1,7,1,floor1_town
950,13294,2,Normal,20,2,2,1,0,27,0,0,0,5,0,1,1,2,3,3,13,0,0,0,0,55,27,16,1,0,0,7,1,party wiped
951,13295,1,Normal,30,4,4,4,0,27,27,0,0,20,0,1,1,2,11,5,15,3,3,0,0,112,0,24,0,1,1,5,1,floor1_town
951,13295,2,Normal,26,2,2,2,0,27,27,0,0,10,0,1,1,1,3,2,15,0,1,0,0,56,0,10,0,1,1,5,1,
951,13295,3,Normal,29,4,4,4,0,27,18,0,0,15,0,1,1,5,0,1,12,0,0,0,0,106,9,19,0,1,1,5,1,
951,13295,4,Normal,25,4,4,3,0,18,0,0,0,15,0,1,1,5,0,0,9,0,0,0,0,84,18,16,1,0,0,5,1,party wiped
952,13296,1,Normal,39,5,5,5,0,27,27,0,0,25,0,1,1,5,14,5,15,3,3,0,0,140,0,39,0,1,1,6,1,floor1_town
952,13296,2,Normal,40,5,5,5,0,27,27,0,0,25,0,1,1,3,3,3,13,0,0,0,0,140,0,23,0,1,1,6,1,
952,13296,3,Normal,31,3,3,2,0,27,0,0,0,0,0,1,1,2,0,0,13,0,0,0,0,44,27,8,1,0,0,6,1,party wiped
953,13297,1,Normal,31,3,3,3,0,27,27,0,0,15,0,1,1,1,8,0,15,3,3,0,0,84,0,14,0,1,1,4,1,floor1_town
953,13297,2,Normal,33,2,2,2,0,27,15,0,0,10,0,1,1,1,3,3,14,0,0,0,0,56,12,14,0,1,1,4,1,
953,13297,3,Normal,36,4,4,4,0,15,27,0,0,10,0,1,1,4,0,0,11,0,0,0,0,100,-12,10,0,1,1,4,1,
953,13297,4,Normal,6,1,1,0,0,27,0,0,0,0,0,1,1,0,0,0,12,0,0,0,0,23,27,2,1,0,0,4,1,party wiped
954,13298,1,Normal,40,3,3,3,0,27,27,0,0,15,0,1,1,1,6,1,15,3,3,0,0,84,0,15,0,1,1,4,1,floor1_town
954,13298,2,Normal,25,2,2,2,0,27,27,0,0,10,0,1,1,2,3,2,15,0,1,0,0,56,0,11,0,1,1,4,1,
954,13298,3,Normal,34,3,3,3,0,27,27,0,0,5,0,1,1,2,0,1,13,0,0,0,0,72,0,11,0,1,1,4,1,
954,13298,4,Normal,19,2,2,1,0,27,0,0,0,5,0,1,1,3,0,0,12,0,0,0,0,55,27,13,1,0,0,4,1,party wiped
955,13299,1,Normal,32,3,3,3,0,27,27,0,0,15,0,1,1,3,9,0,15,3,3,0,0,84,0,17,0,1,1,4,1,floor1_town
955,13299,2,Normal,37,3,3,3,0,27,27,0,0,15,0,1,1,6,3,3,9,0,0,0,0,84,0,24,0,1,1,4,1,
955,13299,3,Normal,37,1,1,1,0,27,14,0,0,0,0,1,1,2,0,0,9,0,0,0,0,22,13,7,0,1,1,4,1,
955,13299,4,Normal,1,1,1,0,0,14,0,0,0,0,0,1,1,1,0,0,10,0,0,0,0,23,14,3,1,0,0,4,1,party wiped
956,13300,1,Normal,40,5,5,5,0,27,27,0,0,25,0,1,1,5,12,1,15,3,3,0,0,140,0,28,0,1,1,6,1,floor1_town
956,13300,2,Normal,31,4,4,3,0,27,0,0,0,15,0,1,1,6,3,3,9,0,0,0,0,98,27,19,1,0,0,6,1,party wiped
957,13301,1,Normal,33,5,5,5,0,27,27,0,0,25,0,1,1,7,13,4,15,3,3,0,0,140,9,38,0,1,1,6,1,floor1_town
957,13301,2,Normal,35,4,4,3,0,27,0,0,0,15,0,1,1,3,3,3,13,0,0,0,0,84,27,19,1,0,0,6,1,party wiped
958,13302,1,Normal,25,1,1,1,0,27,27,0,0,5,0,1,1,0,3,0,15,3,3,0,0,28,0,4,0,1,1,2,1,floor1_town
958,13302,2,Normal,28,4,4,3,0,27,0,0,0,15,0,1,1,3,3,3,12,0,0,0,0,107,27,20,1,0,0,2,1,party wiped
959,13303,1,Normal,33,4,4,4,0,27,27,0,0,20,0,1,1,4,8,3,15,3,3,0,0,112,0,25,0,1,1,5,1,floor1_town
959,13303,2,Normal,27,4,4,4,0,27,27,0,0,20,0,1,1,6,3,3,10,0,0,0,0,112,0,22,0,1,1,5,1,
959,13303,3,Normal,31,4,4,4,0,27,27,0,0,5,0,1,1,4,0,0,7,0,0,0,0,94,0,16,0,1,1,5,1,
959,13303,4,Normal,22,2,2,1,0,27,0,0,0,5,0,1,1,2,0,0,7,0,0,0,0,44,27,10,1,0,0,5,1,party wiped
960,13304,1,Normal,26,3,3,3,0,27,27,0,0,15,0,1,1,5,5,2,15,3,3,0,0,84,0,19,0,1,1,4,1,floor1_town
960,13304,2,Normal,24,3,3,2,0,27,0,0,0,10,0,1,1,5,3,3,12,0,0,0,0,65,27,17,1,0,0,4,1,party wiped
961,13305,1,Normal,34,3,3,3,0,27,27,0,0,15,0,1,1,3,6,3,15,3,3,0,0,84,0,19,0,1,1,4,1,floor1_town
961,13305,2,Normal,35,4,4,4,0,27,27,0,0,20,0,1,1,3,3,2,12,0,1,0,0,112,0,15,0,1,1,4,1,
961,13305,3,Normal,26,4,4,4,0,27,27,0,0,15,0,1,1,6,0,1,8,0,0,0,0,106,0,21,0,1,1,4,1,
961,13305,4,Normal,38,5,5,4,0,27,0,0,0,20,0,1,1,6,0,0,2,0,0,0,0,112,27,19,1,0,0,4,1,party wiped
962,13306,1,Normal,26,2,2,2,0,27,27,0,0,10,0,1,1,5,5,2,15,3,3,0,0,56,0,16,0,1,1,3,1,floor1_town
962,13306,2,Normal,35,3,3,3,0,27,27,0,0,15,0,1,1,5,3,3,12,0,0,0,0,84,0,16,0,1,1,3,1,
962,13306,3,Normal,16,2,2,1,0,27,0,0,0,5,0,1,1,2,0,0,11,0,0,0,0,37,27,6,1,0,0,3,1,party wiped
963,13307,1,Normal,35,5,5,5,0,27,27,0,0,25,0,1,1,3,7,0,15,3,3,0,0,140,0,22,0,1,1,6,1,floor1_town
963,13307,2,Normal,29,2,2,2,0,27,27,0,0,10,0,1,1,0,3,0,17,0,3,0,0,56,0,6,0,1,1,6,1,
963,13307,3,Normal,35,3,3,3,0,27,11,0,0,0,0,1,1,2,0,3,16,0,0,0,0,66,16,21,0,1,1,6,1,
963,13307,4,Normal,3,1,1,0,0,11,0,0,0,0,0,1,1,0,0,0,16,0,0,0,0,9,11,1,1,0,0,6,1,party wiped
964,13308,1,Normal,27,2,2,2,0,27,27,0,0,10,0,1,1,2,6,1,15,3,3,0,0,56,0,12,0,1,1,3,1,floor1_town
964,13308,2,Normal,29,1,1,1,0,27,27,0,0,5,0,1,1,2,2,0,13,1,3,0,0,28,0,6,0,1,1,3,1,
964,13308,3,Normal,40,3,3,3,0,27,27,0,0,5,0,1,1,3,1,3,11,0,0,0,0,72,0,15,0,1,1,3,1,
964,13308,4,Normal,8,1,1,0,0,27,0,0,0,0,0,1,1,0,0,0,11,0,0,0,0,18,27,2,1,0,0,3,1,party wiped
965,13309,1,Normal,35,5,5,5,0,27,27,0,0,25,0,1,1,5,7,2,15,3,3,0,0,140,0,26,0,1,1,6,1,floor1_town
965,13309,2,Normal,27,3,3,3,0,27,15,0,0,15,0,1,1,1,3,3,14,0,0,0,0,84,12,13,0,1,1,6,1,
965,13309,3,Normal,27,2,2,2,0,15,15,0,0,10,0,1,1,4,0,0,11,0,0,0,0,56,0,8,0,1,1,6,1,
965,13309,4,Normal,32,2,2,2,0,15,27,0,0,10,0,1,1,3,0,0,10,0,0,0,0,56,-12,10,0,1,1,6,1,
965,13309,5,Normal,20,3,3,2,0,27,0,0,0,10,0,1,1,4,0,0,8,0,0,0,0,65,27,13,1,0,0,6,1,party wiped
966,13310,1,Normal,28,0,0,0,0,27,27,0,0,0,0,1,1,0,0,0,15,3,3,0,0,0,0,0,0,1,1,1,0,floor1_town
966,13310,2,Normal,12,2,2,1,0,27,0,0,0,5,0,1,1,1,3,3,15,0,0,0,0,37,27,12,1,0,0,1,1,party wiped
967,13311,1,Normal,36,5,5,5,0,27,27,0,0,25,0,1,1,8,9,4,15,3,3,0,0,140,0,33,0,1,1,6,1,floor1_town
967,13311,2,Normal,36,3,3,3,0,27,15,0,0,15,0,1,1,2,3,3,13,0,0,0,0,84,12,14,0,1,1,6,1,
967,13311,3,Normal,26,2,2,2,0,15,15,0,0,10,0,1,1,3,0,0,12,0,0,0,0,56,0,11,0,1,1,6,1,
967,13311,4,Normal,10,1,1,0,0,15,0,0,0,0,0,1,1,0,0,0,13,0,0,0,0,9,15,1,1,0,0,6,1,party wiped
968,13312,1,Normal,29,3,3,3,0,27,27,0,0,15,0,1,1,3,5,0,15,3,3,0,0,84,0,15,0,1,1,4,1,floor1_town
968,13312,2,Normal,14,3,3,2,0,27,0,0,0,10,0,1,1,1,3,3,14,0,0,0,0,74,27,12,1,0,0,4,1,party wiped
969,13313,1,Normal,37,3,3,3,0,27,27,0,0,15,0,1,1,5,5,2,15,3,3,0,0,84,0,17,0,1,1,4,1,floor1_town
969,13313,2,Normal,27,3,3,3,0,27,27,0,0,15,0,1,1,1,3,3,16,0,0,0,0,84,0,13,0,1,1,4,1,
969,13313,3,Normal,30,2,2,2,0,27,15,0,0,5,0,1,1,4,0,0,12,0,0,0,0,50,12,9,0,1,1,4,1,
969,13313,4,Normal,20,1,1,0,0,15,0,0,0,0,0,1,1,0,0,0,13,0,0,0,0,9,15,1,1,0,0,4,1,party wiped
970,13314,1,Normal,29,3,3,3,0,27,27,0,0,15,0,1,1,2,9,1,15,3,3,0,0,84,0,19,0,1,1,4,1,floor1_town
970,13314,2,Normal,31,3,3,2,0,27,0,0,0,10,0,1,1,0,3,3,17,0,0,0,0,65,27,13,1,0,0,4,1,party wiped
971,13315,1,Normal,38,6,6,6,0,27,27,0,0,30,0,1,1,5,10,2,15,3,3,0,0,168,0,26,0,1,1,7,1,floor1_town
971,13315,2,Normal,18,2,2,1,0,27,0,0,0,5,0,1,1,3,3,3,12,0,0,0,0,48,27,18,1,0,0,7,1,party wiped
972,13316,1,Normal,30,2,2,2,0,27,27,0,0,10,0,1,1,3,5,2,15,3,3,0,0,56,0,13,0,1,1,3,1,floor1_town
972,13316,2,Normal,24,5,5,4,0,27,0,0,0,20,0,1,1,12,3,3,4,0,0,0,0,139,27,33,1,0,0,3,1,party wiped
973,13317,1,Normal,38,3,3,3,0,27,27,0,0,15,0,1,1,0,7,3,15,3,3,0,0,84,0,17,0,1,1,4,1,floor1_town
973,13317,2,Normal,40,5,5,5,0,27,27,0,0,25,0,1,1,7,3,3,10,0,0,0,0,140,0,27,0,1,1,4,1,
973,13317,3,Normal,32,4,4,3,0,27,0,0,0,10,0,1,1,7,0,0,3,0,0,0,0,87,27,23,1,0,0,4,1,party wiped
974,13318,1,Normal,31,3,3,3,0,27,27,0,0,15,0,1,1,2,2,0,15,3,3,0,0,84,0,13,0,1,1,4,1,floor1_town
974,13318,2,Normal,15,3,3,2,0,27,0,0,0,10,0,1,1,1,3,3,16,0,0,0,0,56,27,14,1,0,0,4,1,party wiped
975,13319,1,Normal,39,4,4,4,0,27,27,0,0,20,0,1,1,2,10,0,15,3,3,0,0,112,0,19,0,1,1,5,1,floor1_town
975,13319,2,Normal,25,1,1,1,0,27,27,0,0,5,0,1,1,0,3,1,15,0,2,0,0,28,0,7,0,1,1,5,1,
975,13319,3,Normal,26,3,3,2,0,27,0,0,0,10,0,1,1,2,0,2,13,0,0,0,0,56,27,14,1,0,0,5,1,party wiped
976,13320,1,Normal,31,4,4,4,0,27,27,0,0,20,0,1,1,3,5,0,15,3,3,0,0,112,0,14,0,1,1,5,1,floor1_town
976,13320,2,Normal,31,4,4,3,0,27,0,0,0,15,0,1,1,5,3,3,10,0,0,0,0,93,27,20,1,0,0,5,1,party wiped
977,13321,1,Normal,40,5,5,5,0,27,27,0,0,25,0,1,1,9,13,2,15,3,3,0,0,140,0,37,0,1,1,6,1,floor1_town
977,13321,2,Normal,25,2,2,2,0,27,27,0,0,10,0,1,1,1,3,0,14,0,3,0,0,56,0,10,0,1,1,6,1,
977,13321,3,Normal,25,1,1,1,0,27,27,0,0,5,0,1,1,0,0,2,15,0,1,0,0,28,0,5,0,1,1,6,1,
977,13321,4,Normal,25,4,4,4,0,27,27,0,0,20,0,1,1,6,0,1,9,0,0,0,0,112,0,19,0,1,1,6,1,
977,13321,5,Normal,19,2,2,1,0,27,0,0,0,5,0,1,1,2,0,0,7,0,0,0,0,37,27,9,1,0,0,6,1,party wiped
978,13322,1,Normal,4,1,1,0,0,27,0,0,0,0,0,1,1,1,3,3,14,0,0,0,0,23,27,10,1,0,0,1,1,floor1_town; party wiped
979,13323,1,Normal,40,5,5,5,0,27,27,0,0,25,0,1,1,4,9,3,15,3,3,0,0,140,0,24,0,1,1,6,1,floor1_town
979,13323,2,Normal,35,2,2,2,0,27,27,0,0,10,0,1,1,2,3,0,15,0,3,0,0,56,0,7,0,1,1,6,1,
979,13323,3,Normal,25,1,1,1,0,27,27,0,0,5,0,1,1,2,0,0,14,0,3,0,0,28,0,7,0,1,1,6,1,
979,13323,4,Normal,31,2,2,2,0,27,27,0,0,10,0,1,1,0,0,3,15,0,0,0,0,56,0,6,0,1,1,6,1,
979,13323,5,Normal,8,2,2,1,0,27,0,0,0,5,0,1,1,4,0,0,11,0,0,0,0,46,27,10,1,0,0,6,1,party wiped
980,13324,1,Normal,33,3,3,3,0,27,27,0,0,15,0,1,1,2,6,0,15,3,3,0,0,84,0,12,0,1,1,4,1,floor1_town
980,13324,2,Normal,39,3,3,3,0,27,27,0,0,15,0,1,1,2,3,3,13,0,0,0,0,84,0,16,0,1,1,4,1,
980,13324,3,Normal,35,2,2,2,0,27,27,0,0,0,0,1,1,1,0,0,12,0,0,0,0,44,0,5,0,1,1,4,1,
980,13324,4,Normal,5,2,2,1,0,27,0,0,0,5,0,1,1,0,0,0,14,0,0,0,0,37,27,4,1,0,0,4,1,party wiped
981,13325,1,Normal,25,2,2,2,0,27,27,0,0,10,0,1,1,2,4,0,15,3,3,0,0,56,0,13,0,1,1,3,1,floor1_town
981,13325,2,Normal,37,3,3,3,0,27,15,0,0,15,0,1,1,3,3,3,12,0,0,0,0,84,12,19,0,1,1,3,1,
981,13325,3,Normal,23,4,4,3,0,15,0,0,0,5,0,1,1,2,0,0,11,0,0,0,0,72,15,11,1,0,0,3,1,party wiped
982,13326,1,Normal,34,2,2,2,0,27,27,0,0,10,0,1,1,2,5,0,15,3,3,0,0,56,0,9,0,1,1,3,1,floor1_town
982,13326,2,Normal,34,4,4,4,0,27,15,0,0,20,0,1,1,3,3,3,14,0,0,0,0,112,12,23,0,1,1,3,1,
982,13326,3,Normal,14,2,2,1,0,15,0,0,0,0,0,1,1,1,0,0,13,0,0,0,0,22,15,6,1,0,0,3,1,party wiped
983,13327,1,Normal,26,3,3,3,0,27,27,0,0,15,0,1,1,3,7,4,15,3,3,0,0,84,12,20,0,1,1,4,1,floor1_town
983,13327,2,Normal,11,3,3,2,0,27,0,0,0,10,0,1,1,4,3,3,13,0,0,0,0,74,27,21,1,0,0,4,1,party wiped
984,13328,1,Normal,34,2,2,2,0,27,27,0,0,10,0,1,1,1,6,2,15,3,3,0,0,56,0,12,0,1,1,3,1,floor1_town
984,13328,2,Normal,30,5,5,4,0,27,0,0,0,20,0,1,1,4,3,3,11,0,0,0,0,119,27,24,1,0,0,3,1,party wiped
985,13329,1,Normal,27,3,3,3,0,27,27,0,0,15,0,1,1,2,8,0,15,3,3,0,0,84,0,18,0,1,1,4,1,floor1_town
985,13329,2,Normal,25,5,5,4,0,27,0,0,0,20,0,1,1,5,3,3,11,0,0,0,0,121,27,26,1,0,0,4,1,party wiped
986,13330,1,Normal,35,4,4,4,0,27,27,0,0,20,0,1,1,1,7,3,15,3,3,0,0,112,12,19,0,1,1,5,1,floor1_town
986,13330,2,Normal,36,2,2,2,0,27,27,0,0,10,0,1,1,1,3,1,16,0,2,0,0,56,0,7,0,1,1,5,1,
986,13330,3,Normal,35,6,6,6,0,27,27,0,0,30,0,1,1,7,0,2,9,0,0,0,0,168,0,26,0,1,1,5,1,
986,13330,4,Normal,33,4,4,4,0,27,15,0,0,20,0,1,1,3,0,0,7,0,0,0,0,112,12,15,0,1,1,5,1,
986,13330,5,Normal,9,1,1,0,0,15,0,0,0,0,0,1,1,0,0,0,7,0,0,0,0,9,15,1,1,0,0,5,1,party wiped
987,13331,1,Normal,27,2,2,2,0,27,27,0,0,10,0,1,1,1,5,1,15,3,3,0,0,56,0,13,0,1,1,3,1,floor1_town
987,13331,2,Normal,28,3,3,3,0,27,18,0,0,15,0,1,1,5,3,3,12,0,0,0,0,84,9,18,0,1,1,3,1,
987,13331,3,Normal,32,3,3,3,0,18,15,0,0,5,0,1,1,3,0,0,9,0,0,0,0,72,3,9,0,1,1,3,1,
987,13331,4,Normal,3,1,1,0,0,15,0,0,0,0,0,1,1,0,0,0,10,0,0,0,0,9,15,1,1,0,0,3,1,party wiped
988,13332,1,Normal,36,4,4,4,0,27,27,0,0,20,0,1,1,4,10,1,15,3,3,0,0,112,0,23,0,1,1,5,1,floor1_town
988,13332,2,Normal,26,3,3,3,0,27,27,0,0,15,0,1,1,4,3,3,13,0,0,0,0,84,0,19,0,1,1,5,1,
988,13332,3,Normal,25,3,3,3,0,27,27,0,0,10,0,1,1,7,0,0,8,0,0,0,0,78,0,18,0,1,1,5,1,
988,13332,4,Normal,2,1,1,0,0,27,0,0,0,0,0,1,1,1,0,0,7,0,0,0,0,0,27,4,1,0,0,5,1,party wiped
989,13333,1,Normal,28,2,2,2,0,27,27,0,0,10,0,1,1,2,5,1,15,3,3,0,0,56,0,14,0,1,1,3,1,floor1_town
989,13333,2,Normal,38,5,5,4,0,27,0,0,0,20,0,1,1,3,3,3,14,0,0,0,0,126,27,20,1,0,0,3,1,party wiped
990,13334,1,Normal,36,4,4,4,0,27,27,0,0,20,0,1,1,9,7,0,15,3,3,0,0,112,0,25,0,1,1,5,1,floor1_town
990,13334,2,Normal,33,2,2,2,0,27,27,0,0,10,0,1,1,2,3,2,14,0,1,0,0,56,0,13,0,1,1,5,1,
990,13334,3,Normal,21,3,3,2,0,27,0,0,0,5,0,1,1,2,0,1,12,0,0,0,0,64,27,10,1,0,0,5,1,party wiped
991,13335,1,Normal,29,3,3,3,0,27,27,0,0,15,0,1,1,1,5,1,15,3,3,0,0,84,0,15,0,1,1,4,1,floor1_town
991,13335,2,Normal,33,4,4,4,0,27,27,0,0,20,0,1,1,4,3,3,11,0,0,0,0,112,0,17,0,1,1,4,1,
991,13335,3,Normal,28,4,4,4,0,27,11,0,0,5,0,1,1,6,0,0,7,0,0,0,0,94,16,21,0,1,1,4,1,
991,13335,4,Normal,16,1,1,0,0,11,0,0,0,0,0,1,1,0,0,0,9,0,0,0,0,0,11,1,1,0,0,4,1,party wiped
992,13336,1,Normal,37,4,4,4,0,27,27,0,0,20,0,1,1,3,7,0,15,3,3,0,0,112,0,17,0,1,1,5,1,floor1_town
992,13336,2,Normal,40,3,3,3,0,27,15,0,0,15,0,1,1,3,3,3,13,0,0,0,0,84,12,15,0,1,1,5,1,
992,13336,3,Normal,37,3,3,3,0,15,27,0,0,5,0,1,1,5,0,0,8,0,0,0,0,72,-12,13,0,1,1,5,1,
992,13336,4,Normal,19,2,2,1,0,27,0,0,0,5,0,1,1,1,0,0,9,0,0,0,0,28,27,5,1,0,0,5,1,party wiped
993,13337,1,Normal,30,3,3,3,0,27,27,0,0,15,0,1,1,5,6,3,15,3,3,0,0,84,0,20,0,1,1,4,1,floor1_town
993,13337,2,Normal,27,3,3,3,0,27,27,0,0,15,0,1,1,3,3,3,13,0,0,0,0,84,0,16,0,1,1,4,1,
993,13337,3,Normal,37,2,2,2,0,27,27,0,0,10,0,1,1,6,0,0,9,0,0,0,0,56,0,13,0,1,1,4,1,
993,13337,4,Normal,1,1,1,0,0,27,0,0,0,0,0,1,1,0,0,0,9,0,0,0,0,9,27,2,1,0,0,4,1,party wiped
994,13338,1,Normal,38,5,5,5,0,27,27,0,0,25,0,1,1,4,9,0,15,3,3,0,0,140,0,24,0,1,1,6,1,floor1_town
994,13338,2,Normal,27,0,0,0,0,27,27,0,0,0,0,1,1,0,0,0,17,3,3,0,0,0,0,0,0,1,1,6,0,
994,13338,3,Normal,27,3,3,2,0,27,0,0,0,5,0,1,1,6,3,3,12,0,0,0,0,68,27,25,1,0,0,6,1,party wiped
995,13339,1,Normal,30,3,3,3,0,27,27,0,0,15,0,1,1,2,7,0,15,3,3,0,0,84,0,14,0,1,1,4,1,floor1_town
995,13339,2,Normal,26,3,3,3,0,27,18,0,0,15,0,1,1,2,3,3,14,0,0,0,0,84,9,15,0,1,1,4,1,
995,13339,3,Normal,28,4,4,4,0,18,27,0,0,0,0,1,1,5,0,0,10,0,0,0,0,88,-9,16,0,1,1,4,1,
995,13339,4,Normal,27,2,2,2,0,27,15,0,0,10,0,1,1,3,0,0,9,0,0,0,0,56,12,11,0,1,1,4,1,
995,13339,5,Normal,11,3,3,2,0,15,0,0,0,10,0,1,1,6,0,0,4,0,0,0,0,79,15,14,1,0,0,4,1,party wiped
996,13340,1,Normal,39,4,4,4,0,27,27,0,0,20,0,1,1,4,6,0,15,3,3,0,0,112,0,17,0,1,1,5,1,floor1_town
996,13340,2,Normal,33,4,4,4,0,27,15,0,0,20,0,1,1,3,3,3,13,0,0,0,0,112,12,21,0,1,1,5,1,
996,13340,3,Normal,34,4,4,3,0,15,0,0,0,5,0,1,1,5,0,0,9,0,0,0,0,95,15,15,1,0,0,5,1,party wiped
997,13341,1,Normal,31,4,4,4,0,27,27,0,0,20,0,1,1,2,8,2,15,3,3,0,0,112,0,20,0,1,1,5,1,floor1_town
997,13341,2,Normal,38,3,3,3,0,27,15,0,0,15,0,1,1,2,3,3,14,0,0,0,0,84,12,15,0,1,1,5,1,
997,13341,3,Normal,8,2,2,1,0,15,0,0,0,5,0,1,1,2,0,0,12,0,0,0,0,46,15,10,1,0,0,5,1,party wiped
998,13342,1,Normal,39,4,4,4,0,27,27,0,0,20,0,1,1,0,8,3,15,3,3,0,0,112,0,17,0,1,1,5,1,floor1_town
998,13342,2,Normal,32,4,4,4,0,27,15,0,0,20,0,1,1,3,3,3,12,0,0,0,0,112,12,17,0,1,1,5,1,
998,13342,3,Normal,34,5,5,5,0,15,19,0,0,5,0,1,1,5,0,0,9,0,0,0,0,116,-4,27,0,1,1,5,1,
998,13342,4,Normal,40,3,3,3,0,19,15,0,0,15,0,1,1,7,0,0,4,0,0,0,0,84,4,17,0,1,1,5,1,
998,13342,5,Normal,30,3,3,2,0,15,0,0,0,10,0,1,1,6,0,0,0,0,0,0,0,79,15,16,1,0,0,5,1,party wiped
999,13343,1,Normal,32,4,4,4,0,27,27,0,0,20,0,1,1,2,9,1,15,3,3,0,0,112,0,17,0,1,1,5,1,floor1_town
999,13343,2,Normal,26,2,2,2,0,27,15,0,0,10,0,1,1,4,3,3,11,0,0,0,0,56,12,18,0,1,1,5,1,
999,13343,3,Normal,23,2,2,1,0,15,0,0,0,5,0,1,1,2,0,0,9,0,0,0,0,28,15,6,1,0,0,5,1,party wiped
1000,13344,1,Normal,40,5,5,5,0,27,27,0,0,25,0,1,1,7,10,0,15,3,3,0,0,140,0,28,0,1,1,6,1,floor1_town
1000,13344,2,Normal,34,4,4,3,0,27,0,0,0,15,0,1,1,0,3,3,15,0,0,0,0,91,27,19,1,0,0,6,1,party wiped
